Num_0dim,Max_0dim,Max_0dim_Minus_Second,Mean_0dim,betti_curve_0,persistence_entropy_0,Num_1dim,Max_1dim,Max_1dim_Minus_Second,Mean_1dim,betti_curve_1,persistence_entropy_1,diagrams,correctness
102,0.2131369560956955,0.009383916854858398,0.15460385469829335,73.58,4.604467675264566,0,0.0,0.0,0.0,0.0,0.0,"[array([[0.        , 0.09360617],
       [0.        , 0.09832335],
       [0.        , 0.09884338],
       [0.        , 0.09906363],
       [0.        , 0.10043865],
       [0.        , 0.10528746],
       [0.        , 0.10550635],
       [0.        , 0.10560107],
       [0.        , 0.10707014],
       [0.        , 0.10742414],
       [0.        , 0.10749517],
       [0.        , 0.11030404],
       [0.        , 0.11049966],
       [0.        , 0.11096176],
       [0.        , 0.11381237],
       [0.        , 0.11515439],
       [0.        , 0.11515816],
       [0.        , 0.11827139],
       [0.        , 0.11963121],
       [0.        , 0.12369256],
       [0.        , 0.12412774],
       [0.        , 0.12459837],
       [0.        , 0.12495349],
       [0.        , 0.12717749],
       [0.        , 0.12749763],
       [0.        , 0.12785247],
       [0.        , 0.12978062],
       [0.        , 0.12994631],
       [0.        , 0.13113311],
       [0.        , 0.13136989],
       [0.        , 0.13294777],
       [0.        , 0.13489085],
       [0.        , 0.13548534],
       [0.        , 0.13710782],
       [0.        , 0.13744454],
       [0.        , 0.13776006],
       [0.        , 0.14010008],
       [0.        , 0.14029439],
       [0.        , 0.1407133 ],
       [0.        , 0.14451441],
       [0.        , 0.14814167],
       [0.        , 0.15205911],
       [0.        , 0.1528547 ],
       [0.        , 0.15474086],
       [0.        , 0.1551968 ],
       [0.        , 0.15727654],
       [0.        , 0.1582884 ],
       [0.        , 0.15874812],
       [0.        , 0.15916331],
       [0.        , 0.15991558],
       [0.        , 0.1599509 ],
       [0.        , 0.16088161],
       [0.        , 0.16300662],
       [0.        , 0.16415286],
       [0.        , 0.16535684],
       [0.        , 0.1656647 ],
       [0.        , 0.16582988],
       [0.        , 0.16714506],
       [0.        , 0.16737585],
       [0.        , 0.16883281],
       [0.        , 0.16957071],
       [0.        , 0.16983996],
       [0.        , 0.17087284],
       [0.        , 0.17147404],
       [0.        , 0.17148349],
       [0.        , 0.17169099],
       [0.        , 0.1719844 ],
       [0.        , 0.17257597],
       [0.        , 0.1746843 ],
       [0.        , 0.17556645],
       [0.        , 0.17625231],
       [0.        , 0.17632504],
       [0.        , 0.1766742 ],
       [0.        , 0.17707466],
       [0.        , 0.17790416],
       [0.        , 0.17807277],
       [0.        , 0.17854553],
       [0.        , 0.18056288],
       [0.        , 0.18168902],
       [0.        , 0.18321298],
       [0.        , 0.18428685],
       [0.        , 0.18473232],
       [0.        , 0.18505411],
       [0.        , 0.18531919],
       [0.        , 0.18574104],
       [0.        , 0.18660073],
       [0.        , 0.18723069],
       [0.        , 0.18754527],
       [0.        , 0.18868688],
       [0.        , 0.19000661],
       [0.        , 0.19109949],
       [0.        , 0.19254713],
       [0.        , 0.19276842],
       [0.        , 0.1935171 ],
       [0.        , 0.19379549],
       [0.        , 0.19436648],
       [0.        , 0.19633573],
       [0.        , 0.19676802],
       [0.        , 0.19864543],
       [0.        , 0.20117655],
       [0.        , 0.20375304],
       [0.        , 0.21313696],
       [0.        ,        inf]]), array([], shape=(0, 2), dtype=float64)]",False
130,0.19770649075508118,0.0007269382476806641,0.15780231104447293,102.96,4.851612981998306,1,0.0035424232482910156,0.0035424232482910156,0.0035424232482910156,0.98,-0.0,"[array([[0.        , 0.09360617],
       [0.        , 0.09832335],
       [0.        , 0.09906363],
       [0.        , 0.10043865],
       [0.        , 0.10528746],
       [0.        , 0.10550635],
       [0.        , 0.10560107],
       [0.        , 0.10707014],
       [0.        , 0.10742414],
       [0.        , 0.10749517],
       [0.        , 0.10911847],
       [0.        , 0.10936148],
       [0.        , 0.11030404],
       [0.        , 0.11096176],
       [0.        , 0.11381237],
       [0.        , 0.11644582],
       [0.        , 0.11695814],
       [0.        , 0.11899885],
       [0.        , 0.11963121],
       [0.        , 0.12110982],
       [0.        , 0.12181061],
       [0.        , 0.12342139],
       [0.        , 0.12459837],
       [0.        , 0.12495349],
       [0.        , 0.12505792],
       [0.        , 0.12530892],
       [0.        , 0.12971132],
       [0.        , 0.12978062],
       [0.        , 0.13116656],
       [0.        , 0.13489085],
       [0.        , 0.13542277],
       [0.        , 0.13641551],
       [0.        , 0.13738295],
       [0.        , 0.13968487],
       [0.        , 0.14019492],
       [0.        , 0.14023618],
       [0.        , 0.14053106],
       [0.        , 0.14160265],
       [0.        , 0.14229178],
       [0.        , 0.14299229],
       [0.        , 0.14354934],
       [0.        , 0.14744817],
       [0.        , 0.14947902],
       [0.        , 0.1535272 ],
       [0.        , 0.15463181],
       [0.        , 0.1561415 ],
       [0.        , 0.15706147],
       [0.        , 0.15788783],
       [0.        , 0.15851125],
       [0.        , 0.15937117],
       [0.        , 0.1596628 ],
       [0.        , 0.16023575],
       [0.        , 0.16051416],
       [0.        , 0.16062337],
       [0.        , 0.16113697],
       [0.        , 0.16300662],
       [0.        , 0.16439956],
       [0.        , 0.16480264],
       [0.        , 0.16561741],
       [0.        , 0.16574056],
       [0.        , 0.16587099],
       [0.        , 0.16656803],
       [0.        , 0.16687484],
       [0.        , 0.16788711],
       [0.        , 0.16807453],
       [0.        , 0.16821618],
       [0.        , 0.16845967],
       [0.        , 0.16852736],
       [0.        , 0.16855586],
       [0.        , 0.16906965],
       [0.        , 0.16943532],
       [0.        , 0.16961738],
       [0.        , 0.1698126 ],
       [0.        , 0.17018333],
       [0.        , 0.17036907],
       [0.        , 0.17038804],
       [0.        , 0.17146039],
       [0.        , 0.17205316],
       [0.        , 0.17245153],
       [0.        , 0.1726194 ],
       [0.        , 0.17298861],
       [0.        , 0.17303352],
       [0.        , 0.17343602],
       [0.        , 0.17343682],
       [0.        , 0.17391917],
       [0.        , 0.17423031],
       [0.        , 0.17464054],
       [0.        , 0.17519139],
       [0.        , 0.17601864],
       [0.        , 0.17639689],
       [0.        , 0.17646983],
       [0.        , 0.17652078],
       [0.        , 0.17654744],
       [0.        , 0.1771701 ],
       [0.        , 0.17826165],
       [0.        , 0.1787502 ],
       [0.        , 0.17943585],
       [0.        , 0.17964613],
       [0.        , 0.17970419],
       [0.        , 0.17988297],
       [0.        , 0.18012418],
       [0.        , 0.18012469],
       [0.        , 0.18052639],
       [0.        , 0.18112268],
       [0.        , 0.18148348],
       [0.        , 0.18258236],
       [0.        , 0.18278807],
       [0.        , 0.18301429],
       [0.        , 0.18307796],
       [0.        , 0.18360253],
       [0.        , 0.18368934],
       [0.        , 0.18598868],
       [0.        , 0.18610111],
       [0.        , 0.18628478],
       [0.        , 0.18697929],
       [0.        , 0.18723069],
       [0.        , 0.18732212],
       [0.        , 0.18748957],
       [0.        , 0.18765415],
       [0.        , 0.187692  ],
       [0.        , 0.18777193],
       [0.        , 0.18813758],
       [0.        , 0.18819608],
       [0.        , 0.18852411],
       [0.        , 0.18932153],
       [0.        , 0.19056937],
       [0.        , 0.19091107],
       [0.        , 0.19180711],
       [0.        , 0.19697955],
       [0.        , 0.19770649],
       [0.        ,        inf]]), array([[0.1351454 , 0.13868782]])]",True
190,0.21207195520401,0.00820799171924591,0.15539153641776035,138.2,5.229139347502665,1,0.00026504695415496826,0.00026504695415496826,0.00026504695415496826,0.98,-0.0,"[array([[0.        , 0.09028479],
       [0.        , 0.09360617],
       [0.        , 0.09465762],
       [0.        , 0.09751464],
       [0.        , 0.0976526 ],
       [0.        , 0.09832335],
       [0.        , 0.09906363],
       [0.        , 0.10043865],
       [0.        , 0.10528746],
       [0.        , 0.10550635],
       [0.        , 0.10560107],
       [0.        , 0.10675944],
       [0.        , 0.10707014],
       [0.        , 0.10742414],
       [0.        , 0.10749517],
       [0.        , 0.10936148],
       [0.        , 0.10967911],
       [0.        , 0.11030404],
       [0.        , 0.11096176],
       [0.        , 0.11179125],
       [0.        , 0.11381237],
       [0.        , 0.1150218 ],
       [0.        , 0.11515439],
       [0.        , 0.11539797],
       [0.        , 0.11550342],
       [0.        , 0.11827139],
       [0.        , 0.1183588 ],
       [0.        , 0.11963121],
       [0.        , 0.12072835],
       [0.        , 0.12077031],
       [0.        , 0.12107187],
       [0.        , 0.12429306],
       [0.        , 0.12449698],
       [0.        , 0.12457321],
       [0.        , 0.12459837],
       [0.        , 0.12495349],
       [0.        , 0.12505792],
       [0.        , 0.12530892],
       [0.        , 0.12562174],
       [0.        , 0.12639005],
       [0.        , 0.12688191],
       [0.        , 0.12749763],
       [0.        , 0.12922901],
       [0.        , 0.12953225],
       [0.        , 0.12971132],
       [0.        , 0.12978062],
       [0.        , 0.13032322],
       [0.        , 0.13116656],
       [0.        , 0.13120177],
       [0.        , 0.13367438],
       [0.        , 0.13388634],
       [0.        , 0.13489085],
       [0.        , 0.1357865 ],
       [0.        , 0.13610429],
       [0.        , 0.13645159],
       [0.        , 0.1373536 ],
       [0.        , 0.13813584],
       [0.        , 0.13897806],
       [0.        , 0.13964829],
       [0.        , 0.13980357],
       [0.        , 0.1398132 ],
       [0.        , 0.14087923],
       [0.        , 0.14229178],
       [0.        , 0.14272793],
       [0.        , 0.14298554],
       [0.        , 0.14377624],
       [0.        , 0.14408451],
       [0.        , 0.1459244 ],
       [0.        , 0.14653924],
       [0.        , 0.14685223],
       [0.        , 0.14688501],
       [0.        , 0.14752704],
       [0.        , 0.14845026],
       [0.        , 0.14947902],
       [0.        , 0.15022378],
       [0.        , 0.15044302],
       [0.        , 0.15050244],
       [0.        , 0.15056148],
       [0.        , 0.15076526],
       [0.        , 0.15099099],
       [0.        , 0.15120672],
       [0.        , 0.15313894],
       [0.        , 0.15363316],
       [0.        , 0.15448652],
       [0.        , 0.15462369],
       [0.        , 0.15617242],
       [0.        , 0.15694359],
       [0.        , 0.15777206],
       [0.        , 0.15875226],
       [0.        , 0.15974152],
       [0.        , 0.16101369],
       [0.        , 0.16119941],
       [0.        , 0.16135432],
       [0.        , 0.16219714],
       [0.        , 0.16225983],
       [0.        , 0.16234091],
       [0.        , 0.1623584 ],
       [0.        , 0.1627229 ],
       [0.        , 0.16399184],
       [0.        , 0.16523309],
       [0.        , 0.16555089],
       [0.        , 0.16602196],
       [0.        , 0.16643852],
       [0.        , 0.16677859],
       [0.        , 0.16702969],
       [0.        , 0.16706103],
       [0.        , 0.16753447],
       [0.        , 0.16760164],
       [0.        , 0.16770536],
       [0.        , 0.1677938 ],
       [0.        , 0.16845967],
       [0.        , 0.16862908],
       [0.        , 0.16883281],
       [0.        , 0.16904503],
       [0.        , 0.1690668 ],
       [0.        , 0.16913593],
       [0.        , 0.16986987],
       [0.        , 0.1704731 ],
       [0.        , 0.17061369],
       [0.        , 0.17117697],
       [0.        , 0.17188156],
       [0.        , 0.17223527],
       [0.        , 0.1723523 ],
       [0.        , 0.17269754],
       [0.        , 0.17288828],
       [0.        , 0.17290638],
       [0.        , 0.17343682],
       [0.        , 0.17363378],
       [0.        , 0.17383356],
       [0.        , 0.1741066 ],
       [0.        , 0.17443246],
       [0.        , 0.17468522],
       [0.        , 0.17493668],
       [0.        , 0.17514545],
       [0.        , 0.17517124],
       [0.        , 0.17570652],
       [0.        , 0.17579475],
       [0.        , 0.17680639],
       [0.        , 0.17707466],
       [0.        , 0.17731155],
       [0.        , 0.17794418],
       [0.        , 0.1788152 ],
       [0.        , 0.17887442],
       [0.        , 0.17905486],
       [0.        , 0.17909743],
       [0.        , 0.17962821],
       [0.        , 0.17971975],
       [0.        , 0.17986999],
       [0.        , 0.17992364],
       [0.        , 0.18048817],
       [0.        , 0.18085945],
       [0.        , 0.18102501],
       [0.        , 0.18127273],
       [0.        , 0.18168902],
       [0.        , 0.18226841],
       [0.        , 0.18257737],
       [0.        , 0.18274949],
       [0.        , 0.18311495],
       [0.        , 0.18352361],
       [0.        , 0.18435851],
       [0.        , 0.18448927],
       [0.        , 0.18485957],
       [0.        , 0.18574104],
       [0.        , 0.18631934],
       [0.        , 0.18664727],
       [0.        , 0.18723069],
       [0.        , 0.18814571],
       [0.        , 0.18819608],
       [0.        , 0.18841378],
       [0.        , 0.18848243],
       [0.        , 0.18868688],
       [0.        , 0.18894222],
       [0.        , 0.18945861],
       [0.        , 0.19048858],
       [0.        , 0.19058572],
       [0.        , 0.19109747],
       [0.        , 0.19204611],
       [0.        , 0.19251102],
       [0.        , 0.1935171 ],
       [0.        , 0.19429629],
       [0.        , 0.19478893],
       [0.        , 0.19565627],
       [0.        , 0.19625527],
       [0.        , 0.19699812],
       [0.        , 0.19867724],
       [0.        , 0.19934197],
       [0.        , 0.20343859],
       [0.        , 0.20375304],
       [0.        , 0.20386396],
       [0.        , 0.21207196],
       [0.        ,        inf]]), array([[0.14848821, 0.14875326]])]",False
64,0.19777868688106537,0.00252532958984375,0.14689645066391677,47.18,4.139445911096829,1,0.0014566034078598022,0.0014566034078598022,0.0014566034078598022,0.98,-0.0,"[array([[0.        , 0.09360617],
       [0.        , 0.09832335],
       [0.        , 0.10043865],
       [0.        , 0.10550635],
       [0.        , 0.10560107],
       [0.        , 0.10707014],
       [0.        , 0.10742414],
       [0.        , 0.10936148],
       [0.        , 0.11030404],
       [0.        , 0.11096176],
       [0.        , 0.11381237],
       [0.        , 0.11646236],
       [0.        , 0.11963121],
       [0.        , 0.12014517],
       [0.        , 0.12223818],
       [0.        , 0.12249997],
       [0.        , 0.12459837],
       [0.        , 0.12495349],
       [0.        , 0.12530892],
       [0.        , 0.12554002],
       [0.        , 0.12880211],
       [0.        , 0.12938726],
       [0.        , 0.12978062],
       [0.        , 0.13068642],
       [0.        , 0.13402522],
       [0.        , 0.13487628],
       [0.        , 0.13489085],
       [0.        , 0.14019492],
       [0.        , 0.14023618],
       [0.        , 0.14093225],
       [0.        , 0.14097939],
       [0.        , 0.14118108],
       [0.        , 0.14425278],
       [0.        , 0.14947902],
       [0.        , 0.14977103],
       [0.        , 0.1547353 ],
       [0.        , 0.15562631],
       [0.        , 0.15706147],
       [0.        , 0.15823166],
       [0.        , 0.1591834 ],
       [0.        , 0.1596628 ],
       [0.        , 0.16113697],
       [0.        , 0.16494097],
       [0.        , 0.16907038],
       [0.        , 0.1717474 ],
       [0.        , 0.17181011],
       [0.        , 0.17245153],
       [0.        , 0.17280579],
       [0.        , 0.17411967],
       [0.        , 0.17701858],
       [0.        , 0.17737934],
       [0.        , 0.17769223],
       [0.        , 0.17970419],
       [0.        , 0.18012469],
       [0.        , 0.18064749],
       [0.        , 0.18301429],
       [0.        , 0.18307796],
       [0.        , 0.18345173],
       [0.        , 0.18472874],
       [0.        , 0.18813758],
       [0.        , 0.18819608],
       [0.        , 0.18932153],
       [0.        , 0.19525336],
       [0.        , 0.19777869],
       [0.        ,        inf]]), array([[0.17097785, 0.17243445]])]",True
51,0.18934744596481323,0.0011513680219650269,0.14009725419329663,37.44,3.9113648039804083,3,0.0023602843284606934,0.0005687177181243896,0.0013998101154963176,0.14,0.7380164840744389,"[array([[0.        , 0.08339889],
       [0.        , 0.09465762],
       [0.        , 0.09523675],
       [0.        , 0.09906363],
       [0.        , 0.10043865],
       [0.        , 0.10550635],
       [0.        , 0.10675944],
       [0.        , 0.10749517],
       [0.        , 0.11059209],
       [0.        , 0.11261448],
       [0.        , 0.11515816],
       [0.        , 0.11641855],
       [0.        , 0.11717072],
       [0.        , 0.11963121],
       [0.        , 0.12342139],
       [0.        , 0.12420486],
       [0.        , 0.12459837],
       [0.        , 0.12530892],
       [0.        , 0.12554002],
       [0.        , 0.12562174],
       [0.        , 0.12651806],
       [0.        , 0.12978062],
       [0.        , 0.13181661],
       [0.        , 0.13489085],
       [0.        , 0.1361789 ],
       [0.        , 0.14030835],
       [0.        , 0.14128561],
       [0.        , 0.14242272],
       [0.        , 0.14363831],
       [0.        , 0.14425278],
       [0.        , 0.14527535],
       [0.        , 0.14656067],
       [0.        , 0.14823838],
       [0.        , 0.14947902],
       [0.        , 0.15358634],
       [0.        , 0.15875015],
       [0.        , 0.1592557 ],
       [0.        , 0.16472669],
       [0.        , 0.16654751],
       [0.        , 0.16938564],
       [0.        , 0.17224278],
       [0.        , 0.17361367],
       [0.        , 0.17371877],
       [0.        , 0.17661296],
       [0.        , 0.17917058],
       [0.        , 0.17971161],
       [0.        , 0.18014053],
       [0.        , 0.18301429],
       [0.        , 0.18345602],
       [0.        , 0.18819608],
       [0.        , 0.18934745],
       [0.        ,        inf]]), array([[0.15408027, 0.15587184],
       [0.14260952, 0.14496981],
       [0.11988054, 0.11992812]])]",False
165,0.20830245316028595,0.004438489675521851,0.15327459253144987,120.58,5.085241836841255,1,0.0021904408931732178,0.0021904408931732178,0.0021904408931732178,0.98,-0.0,"[array([[0.        , 0.08339889],
       [0.        , 0.09028479],
       [0.        , 0.09360617],
       [0.        , 0.09465762],
       [0.        , 0.09523675],
       [0.        , 0.0976526 ],
       [0.        , 0.09832335],
       [0.        , 0.09906363],
       [0.        , 0.09909354],
       [0.        , 0.10043865],
       [0.        , 0.10149379],
       [0.        , 0.10502084],
       [0.        , 0.10550635],
       [0.        , 0.10560107],
       [0.        , 0.10707014],
       [0.        , 0.10749517],
       [0.        , 0.10936148],
       [0.        , 0.10987088],
       [0.        , 0.11030404],
       [0.        , 0.11042431],
       [0.        , 0.11049966],
       [0.        , 0.11096176],
       [0.        , 0.11179125],
       [0.        , 0.11203784],
       [0.        , 0.1135994 ],
       [0.        , 0.113704  ],
       [0.        , 0.1150218 ],
       [0.        , 0.11515439],
       [0.        , 0.11539797],
       [0.        , 0.11550342],
       [0.        , 0.11827139],
       [0.        , 0.11922177],
       [0.        , 0.11963121],
       [0.        , 0.12065811],
       [0.        , 0.12196708],
       [0.        , 0.12432688],
       [0.        , 0.12459837],
       [0.        , 0.12495349],
       [0.        , 0.12521386],
       [0.        , 0.12530892],
       [0.        , 0.12606899],
       [0.        , 0.12639005],
       [0.        , 0.12662505],
       [0.        , 0.12749763],
       [0.        , 0.12872158],
       [0.        , 0.12906386],
       [0.        , 0.12978062],
       [0.        , 0.13088767],
       [0.        , 0.13201807],
       [0.        , 0.13294122],
       [0.        , 0.13489085],
       [0.        , 0.1359193 ],
       [0.        , 0.13619392],
       [0.        , 0.13708889],
       [0.        , 0.13800381],
       [0.        , 0.13806018],
       [0.        , 0.14019492],
       [0.        , 0.14292976],
       [0.        , 0.14298554],
       [0.        , 0.14379145],
       [0.        , 0.14563482],
       [0.        , 0.14751644],
       [0.        , 0.14781834],
       [0.        , 0.14796224],
       [0.        , 0.14823838],
       [0.        , 0.14845026],
       [0.        , 0.14947902],
       [0.        , 0.14949623],
       [0.        , 0.15099099],
       [0.        , 0.15126131],
       [0.        , 0.15175493],
       [0.        , 0.15211424],
       [0.        , 0.15265121],
       [0.        , 0.15507682],
       [0.        , 0.15749855],
       [0.        , 0.15863371],
       [0.        , 0.15910302],
       [0.        , 0.15974152],
       [0.        , 0.15998858],
       [0.        , 0.1602848 ],
       [0.        , 0.16082723],
       [0.        , 0.16091622],
       [0.        , 0.16201238],
       [0.        , 0.16248745],
       [0.        , 0.16288048],
       [0.        , 0.16322027],
       [0.        , 0.16381021],
       [0.        , 0.16393058],
       [0.        , 0.16442262],
       [0.        , 0.16462937],
       [0.        , 0.16484758],
       [0.        , 0.16570358],
       [0.        , 0.1659731 ],
       [0.        , 0.16612799],
       [0.        , 0.16622861],
       [0.        , 0.16661495],
       [0.        , 0.16699606],
       [0.        , 0.16775495],
       [0.        , 0.16785429],
       [0.        , 0.16788711],
       [0.        , 0.16889322],
       [0.        , 0.16943532],
       [0.        , 0.1697575 ],
       [0.        , 0.170423  ],
       [0.        , 0.17062874],
       [0.        , 0.17072967],
       [0.        , 0.17080063],
       [0.        , 0.17094208],
       [0.        , 0.1711684 ],
       [0.        , 0.17134054],
       [0.        , 0.17146039],
       [0.        , 0.17185244],
       [0.        , 0.17320687],
       [0.        , 0.17347983],
       [0.        , 0.17363378],
       [0.        , 0.17373677],
       [0.        , 0.17379877],
       [0.        , 0.1747891 ],
       [0.        , 0.17519139],
       [0.        , 0.17662632],
       [0.        , 0.17663826],
       [0.        , 0.17826165],
       [0.        , 0.17849036],
       [0.        , 0.17977782],
       [0.        , 0.18073039],
       [0.        , 0.18127273],
       [0.        , 0.18135382],
       [0.        , 0.18153749],
       [0.        , 0.18162568],
       [0.        , 0.18186665],
       [0.        , 0.18196693],
       [0.        , 0.18257737],
       [0.        , 0.18304481],
       [0.        , 0.18306124],
       [0.        , 0.18324928],
       [0.        , 0.18361822],
       [0.        , 0.1842075 ],
       [0.        , 0.184434  ],
       [0.        , 0.18568791],
       [0.        , 0.18568875],
       [0.        , 0.18599851],
       [0.        , 0.18615898],
       [0.        , 0.18669465],
       [0.        , 0.18723069],
       [0.        , 0.1873972 ],
       [0.        , 0.18751796],
       [0.        , 0.18770297],
       [0.        , 0.18819477],
       [0.        , 0.18819608],
       [0.        , 0.18996367],
       [0.        , 0.19106907],
       [0.        , 0.19111396],
       [0.        , 0.1912351 ],
       [0.        , 0.19123927],
       [0.        , 0.19135258],
       [0.        , 0.19136006],
       [0.        , 0.19200495],
       [0.        , 0.1926948 ],
       [0.        , 0.19302468],
       [0.        , 0.19384652],
       [0.        , 0.19413826],
       [0.        , 0.19487323],
       [0.        , 0.20354734],
       [0.        , 0.20386396],
       [0.        , 0.20830245],
       [0.        ,        inf]]), array([[0.11864856, 0.120839  ]])]",True
91,0.2040708214044571,0.0002330988645553589,0.14860028806296025,65.82,4.490837794721935,2,0.004468649625778198,0.0020512640476226807,0.003443017601966858,0.76,0.6480980378052279,"[array([[0.        , 0.09360617],
       [0.        , 0.09832335],
       [0.        , 0.09884338],
       [0.        , 0.09906363],
       [0.        , 0.10043865],
       [0.        , 0.10528746],
       [0.        , 0.10550635],
       [0.        , 0.10675944],
       [0.        , 0.10707014],
       [0.        , 0.10749517],
       [0.        , 0.11030404],
       [0.        , 0.11049966],
       [0.        , 0.11096176],
       [0.        , 0.11179125],
       [0.        , 0.11355285],
       [0.        , 0.11432597],
       [0.        , 0.11515439],
       [0.        , 0.11515816],
       [0.        , 0.11695814],
       [0.        , 0.11827139],
       [0.        , 0.11963121],
       [0.        , 0.12016183],
       [0.        , 0.12065811],
       [0.        , 0.12072835],
       [0.        , 0.12249997],
       [0.        , 0.12432688],
       [0.        , 0.12459837],
       [0.        , 0.12495349],
       [0.        , 0.12785247],
       [0.        , 0.12971132],
       [0.        , 0.12978062],
       [0.        , 0.13043648],
       [0.        , 0.13280834],
       [0.        , 0.13355987],
       [0.        , 0.13583449],
       [0.        , 0.14023618],
       [0.        , 0.14049117],
       [0.        , 0.14341846],
       [0.        , 0.14394689],
       [0.        , 0.14425278],
       [0.        , 0.14563482],
       [0.        , 0.14628488],
       [0.        , 0.14814167],
       [0.        , 0.15008543],
       [0.        , 0.15099099],
       [0.        , 0.15329392],
       [0.        , 0.1551968 ],
       [0.        , 0.15577227],
       [0.        , 0.15906753],
       [0.        , 0.15960035],
       [0.        , 0.15970288],
       [0.        , 0.16026869],
       [0.        , 0.1602848 ],
       [0.        , 0.16074041],
       [0.        , 0.16396929],
       [0.        , 0.16514662],
       [0.        , 0.1654111 ],
       [0.        , 0.16551818],
       [0.        , 0.1672665 ],
       [0.        , 0.16790622],
       [0.        , 0.16855586],
       [0.        , 0.16859809],
       [0.        , 0.16885361],
       [0.        , 0.1705555 ],
       [0.        , 0.17116538],
       [0.        , 0.17185244],
       [0.        , 0.17200154],
       [0.        , 0.17349188],
       [0.        , 0.17368105],
       [0.        , 0.17385608],
       [0.        , 0.17391917],
       [0.        , 0.17567964],
       [0.        , 0.17611749],
       [0.        , 0.17624281],
       [0.        , 0.17772126],
       [0.        , 0.17861955],
       [0.        , 0.17911251],
       [0.        , 0.17923388],
       [0.        , 0.18042512],
       [0.        , 0.18042892],
       [0.        , 0.18321298],
       [0.        , 0.1846116 ],
       [0.        , 0.18486804],
       [0.        , 0.18583475],
       [0.        , 0.18865125],
       [0.        , 0.18999232],
       [0.        , 0.19048858],
       [0.        , 0.19149882],
       [0.        , 0.19590557],
       [0.        , 0.20383772],
       [0.        , 0.20407082],
       [0.        ,        inf]]), array([[0.1414299 , 0.14384729],
       [0.13489085, 0.1393595 ]])]",True
113,0.2073325365781784,0.002562969923019409,0.15184514402551988,82.3,4.705584745303586,3,0.0048650577664375305,0.00037705153226852417,0.0032535220185915628,0.38,0.8368954409240148,"[array([[0.        , 0.09360617],
       [0.        , 0.09505783],
       [0.        , 0.09523675],
       [0.        , 0.09832335],
       [0.        , 0.09884338],
       [0.        , 0.09906363],
       [0.        , 0.10043865],
       [0.        , 0.10149379],
       [0.        , 0.10550635],
       [0.        , 0.10560107],
       [0.        , 0.10665418],
       [0.        , 0.10707014],
       [0.        , 0.10742414],
       [0.        , 0.10749517],
       [0.        , 0.10936148],
       [0.        , 0.11030404],
       [0.        , 0.11096176],
       [0.        , 0.11179125],
       [0.        , 0.11355285],
       [0.        , 0.1135994 ],
       [0.        , 0.11381237],
       [0.        , 0.11510937],
       [0.        , 0.11515816],
       [0.        , 0.11550342],
       [0.        , 0.11849621],
       [0.        , 0.11963121],
       [0.        , 0.11986532],
       [0.        , 0.12309878],
       [0.        , 0.12432688],
       [0.        , 0.12459837],
       [0.        , 0.1254465 ],
       [0.        , 0.12627082],
       [0.        , 0.12696232],
       [0.        , 0.12702411],
       [0.        , 0.12955657],
       [0.        , 0.13341619],
       [0.        , 0.13367438],
       [0.        , 0.13806018],
       [0.        , 0.13868782],
       [0.        , 0.1407133 ],
       [0.        , 0.14090779],
       [0.        , 0.14203677],
       [0.        , 0.14263791],
       [0.        , 0.14341511],
       [0.        , 0.14451441],
       [0.        , 0.14648445],
       [0.        , 0.14744817],
       [0.        , 0.14814167],
       [0.        , 0.14943066],
       [0.        , 0.15065868],
       [0.        , 0.15070409],
       [0.        , 0.1523068 ],
       [0.        , 0.15291989],
       [0.        , 0.1551968 ],
       [0.        , 0.15611063],
       [0.        , 0.15662213],
       [0.        , 0.15806548],
       [0.        , 0.15834147],
       [0.        , 0.15985009],
       [0.        , 0.1602848 ],
       [0.        , 0.16214362],
       [0.        , 0.16383483],
       [0.        , 0.16442262],
       [0.        , 0.16516048],
       [0.        , 0.16561741],
       [0.        , 0.1656234 ],
       [0.        , 0.16634753],
       [0.        , 0.16771924],
       [0.        , 0.16799039],
       [0.        , 0.16807453],
       [0.        , 0.1685949 ],
       [0.        , 0.16898568],
       [0.        , 0.17038804],
       [0.        , 0.170423  ],
       [0.        , 0.17303352],
       [0.        , 0.17357539],
       [0.        , 0.17414646],
       [0.        , 0.17423031],
       [0.        , 0.17519139],
       [0.        , 0.17523061],
       [0.        , 0.17594486],
       [0.        , 0.17646983],
       [0.        , 0.17657103],
       [0.        , 0.17750688],
       [0.        , 0.17772126],
       [0.        , 0.17784719],
       [0.        , 0.17858706],
       [0.        , 0.17955042],
       [0.        , 0.18158248],
       [0.        , 0.18168902],
       [0.        , 0.18234135],
       [0.        , 0.18255715],
       [0.        , 0.18273236],
       [0.        , 0.18301429],
       [0.        , 0.18325239],
       [0.        , 0.18610111],
       [0.        , 0.18645638],
       [0.        , 0.18652242],
       [0.        , 0.18723069],
       [0.        , 0.18777193],
       [0.        , 0.18819608],
       [0.        , 0.18859822],
       [0.        , 0.18890098],
       [0.        , 0.18945551],
       [0.        , 0.18955156],
       [0.        , 0.18978155],
       [0.        , 0.19048858],
       [0.        , 0.1917139 ],
       [0.        , 0.19188692],
       [0.        , 0.20424546],
       [0.        , 0.20452149],
       [0.        , 0.20476957],
       [0.        , 0.20733254],
       [0.        ,        inf]]), array([[0.14343978, 0.14384729],
       [0.13440865, 0.13889666],
       [0.1193398 , 0.12420486]])]",False
102,0.1918071061372757,0.0012377351522445679,0.1524491245109661,80.36,4.607592448982144,1,0.0027823448181152344,0.0027823448181152344,0.0027823448181152344,0.98,-0.0,"[array([[0.        , 0.09028479],
       [0.        , 0.09360617],
       [0.        , 0.09832335],
       [0.        , 0.09884338],
       [0.        , 0.10043865],
       [0.        , 0.10550635],
       [0.        , 0.10560107],
       [0.        , 0.10707014],
       [0.        , 0.10749517],
       [0.        , 0.10879945],
       [0.        , 0.10911847],
       [0.        , 0.10936148],
       [0.        , 0.11030404],
       [0.        , 0.11096176],
       [0.        , 0.11179125],
       [0.        , 0.1154486 ],
       [0.        , 0.11963121],
       [0.        , 0.12065811],
       [0.        , 0.12279889],
       [0.        , 0.12342139],
       [0.        , 0.12429306],
       [0.        , 0.12479777],
       [0.        , 0.12495349],
       [0.        , 0.12505792],
       [0.        , 0.12530892],
       [0.        , 0.13116656],
       [0.        , 0.13229185],
       [0.        , 0.13392283],
       [0.        , 0.13487628],
       [0.        , 0.13489085],
       [0.        , 0.1387776 ],
       [0.        , 0.14030835],
       [0.        , 0.14032215],
       [0.        , 0.14235471],
       [0.        , 0.14354934],
       [0.        , 0.14363831],
       [0.        , 0.14379145],
       [0.        , 0.14531396],
       [0.        , 0.1465283 ],
       [0.        , 0.14744817],
       [0.        , 0.14814167],
       [0.        , 0.15017767],
       [0.        , 0.15032603],
       [0.        , 0.15234379],
       [0.        , 0.15285049],
       [0.        , 0.15463181],
       [0.        , 0.15490527],
       [0.        , 0.15540971],
       [0.        , 0.15623982],
       [0.        , 0.15659522],
       [0.        , 0.15788783],
       [0.        , 0.15799522],
       [0.        , 0.15894739],
       [0.        , 0.15974152],
       [0.        , 0.1602848 ],
       [0.        , 0.16383483],
       [0.        , 0.16516048],
       [0.        , 0.16561741],
       [0.        , 0.16652347],
       [0.        , 0.16663738],
       [0.        , 0.16771924],
       [0.        , 0.16799039],
       [0.        , 0.16807453],
       [0.        , 0.16821618],
       [0.        , 0.16855586],
       [0.        , 0.1685949 ],
       [0.        , 0.17018333],
       [0.        , 0.17036907],
       [0.        , 0.17038804],
       [0.        , 0.17282462],
       [0.        , 0.17296515],
       [0.        , 0.17303352],
       [0.        , 0.17398374],
       [0.        , 0.17423031],
       [0.        , 0.17464054],
       [0.        , 0.17594486],
       [0.        , 0.17639689],
       [0.        , 0.17646983],
       [0.        , 0.17654744],
       [0.        , 0.17753987],
       [0.        , 0.17778365],
       [0.        , 0.17941011],
       [0.        , 0.17964613],
       [0.        , 0.18012418],
       [0.        , 0.18158248],
       [0.        , 0.18204515],
       [0.        , 0.18258236],
       [0.        , 0.18278807],
       [0.        , 0.18292274],
       [0.        , 0.18301429],
       [0.        , 0.18325239],
       [0.        , 0.18368934],
       [0.        , 0.18493403],
       [0.        , 0.18610111],
       [0.        , 0.18622795],
       [0.        , 0.18628478],
       [0.        , 0.18765415],
       [0.        , 0.18777193],
       [0.        , 0.18819608],
       [0.        , 0.18944754],
       [0.        , 0.19056937],
       [0.        , 0.19180711],
       [0.        ,        inf]]), array([[0.12978062, 0.13256297]])]",False
121,0.20117655396461487,0.0046371519565582275,0.15664405714381824,93.46,4.779661179065333,1,0.00015453994274139404,0.00015453994274139404,0.00015453994274139404,0.98,-0.0,"[array([[0.        , 0.09360617],
       [0.        , 0.09832335],
       [0.        , 0.09906363],
       [0.        , 0.10043865],
       [0.        , 0.10550635],
       [0.        , 0.10560107],
       [0.        , 0.10707014],
       [0.        , 0.10742414],
       [0.        , 0.10749517],
       [0.        , 0.11030404],
       [0.        , 0.11096176],
       [0.        , 0.11179125],
       [0.        , 0.11381237],
       [0.        , 0.11432597],
       [0.        , 0.11515439],
       [0.        , 0.11827139],
       [0.        , 0.11963121],
       [0.        , 0.12249997],
       [0.        , 0.12459837],
       [0.        , 0.12495349],
       [0.        , 0.12502259],
       [0.        , 0.12562174],
       [0.        , 0.12699746],
       [0.        , 0.12717749],
       [0.        , 0.12785247],
       [0.        , 0.12978062],
       [0.        , 0.13489085],
       [0.        , 0.13503976],
       [0.        , 0.13548534],
       [0.        , 0.1368866 ],
       [0.        , 0.13768676],
       [0.        , 0.13776006],
       [0.        , 0.13815616],
       [0.        , 0.13964829],
       [0.        , 0.14029163],
       [0.        , 0.14042537],
       [0.        , 0.14262001],
       [0.        , 0.14341511],
       [0.        , 0.14379145],
       [0.        , 0.14487444],
       [0.        , 0.14688501],
       [0.        , 0.14923263],
       [0.        , 0.14947902],
       [0.        , 0.15044302],
       [0.        , 0.15086351],
       [0.        , 0.15120672],
       [0.        , 0.15135854],
       [0.        , 0.15411799],
       [0.        , 0.15445237],
       [0.        , 0.1547353 ],
       [0.        , 0.15474086],
       [0.        , 0.15545131],
       [0.        , 0.1561415 ],
       [0.        , 0.15621829],
       [0.        , 0.15793148],
       [0.        , 0.15823166],
       [0.        , 0.15865126],
       [0.        , 0.15916331],
       [0.        , 0.1591834 ],
       [0.        , 0.16168055],
       [0.        , 0.16225983],
       [0.        , 0.16262496],
       [0.        , 0.16288048],
       [0.        , 0.1650019 ],
       [0.        , 0.16531585],
       [0.        , 0.16595118],
       [0.        , 0.16616978],
       [0.        , 0.16629323],
       [0.        , 0.16702969],
       [0.        , 0.1673777 ],
       [0.        , 0.16805181],
       [0.        , 0.16883281],
       [0.        , 0.17021869],
       [0.        , 0.17084946],
       [0.        , 0.17087284],
       [0.        , 0.17089444],
       [0.        , 0.17139108],
       [0.        , 0.17205173],
       [0.        , 0.17242333],
       [0.        , 0.17266618],
       [0.        , 0.17269754],
       [0.        , 0.17279448],
       [0.        , 0.17355613],
       [0.        , 0.17408678],
       [0.        , 0.17415577],
       [0.        , 0.17422459],
       [0.        , 0.1746843 ],
       [0.        , 0.17525491],
       [0.        , 0.17753714],
       [0.        , 0.17846867],
       [0.        , 0.17854553],
       [0.        , 0.17962821],
       [0.        , 0.18043534],
       [0.        , 0.18056288],
       [0.        , 0.18064918],
       [0.        , 0.18112974],
       [0.        , 0.18231897],
       [0.        , 0.18321298],
       [0.        , 0.18417211],
       [0.        , 0.18435851],
       [0.        , 0.18485957],
       [0.        , 0.18574104],
       [0.        , 0.18599851],
       [0.        , 0.18631934],
       [0.        , 0.18660073],
       [0.        , 0.18723069],
       [0.        , 0.18817648],
       [0.        , 0.18867432],
       [0.        , 0.19000661],
       [0.        , 0.1912351 ],
       [0.        , 0.19204611],
       [0.        , 0.19254713],
       [0.        , 0.19262455],
       [0.        , 0.1935171 ],
       [0.        , 0.19370675],
       [0.        , 0.19436648],
       [0.        , 0.19478893],
       [0.        , 0.19565627],
       [0.        , 0.1960637 ],
       [0.        , 0.1965394 ],
       [0.        , 0.20117655],
       [0.        ,        inf]]), array([[0.14188319, 0.14203773]])]",False
55,0.19777868688106537,0.0014564543962478638,0.13713813762773167,37.86,3.982588504521722,1,0.0033764690160751343,0.0033764690160751343,0.0033764690160751343,0.98,-0.0,"[array([[0.        , 0.08339889],
       [0.        , 0.09465762],
       [0.        , 0.09523675],
       [0.        , 0.09906363],
       [0.        , 0.10016502],
       [0.        , 0.10043865],
       [0.        , 0.10550635],
       [0.        , 0.10560107],
       [0.        , 0.10742414],
       [0.        , 0.10749517],
       [0.        , 0.10879945],
       [0.        , 0.1091096 ],
       [0.        , 0.11030404],
       [0.        , 0.11128757],
       [0.        , 0.11200139],
       [0.        , 0.11261448],
       [0.        , 0.11306296],
       [0.        , 0.1135994 ],
       [0.        , 0.11432597],
       [0.        , 0.11641855],
       [0.        , 0.11963121],
       [0.        , 0.12249997],
       [0.        , 0.12459837],
       [0.        , 0.12495349],
       [0.        , 0.12505792],
       [0.        , 0.12631659],
       [0.        , 0.12647767],
       [0.        , 0.12749763],
       [0.        , 0.12785247],
       [0.        , 0.1293737 ],
       [0.        , 0.13489085],
       [0.        , 0.14021519],
       [0.        , 0.14379145],
       [0.        , 0.14947902],
       [0.        , 0.14977103],
       [0.        , 0.15031394],
       [0.        , 0.15265121],
       [0.        , 0.15562631],
       [0.        , 0.15823166],
       [0.        , 0.1588219 ],
       [0.        , 0.1591834 ],
       [0.        , 0.16082723],
       [0.        , 0.16490164],
       [0.        , 0.16494097],
       [0.        , 0.16763106],
       [0.        , 0.17245153],
       [0.        , 0.17325807],
       [0.        , 0.18123257],
       [0.        , 0.18321298],
       [0.        , 0.18345173],
       [0.        , 0.18697451],
       [0.        , 0.18932153],
       [0.        , 0.19254713],
       [0.        , 0.19632223],
       [0.        , 0.19777869],
       [0.        ,        inf]]), array([[0.12978062, 0.13315709]])]",False
92,0.21373605728149414,0.0011468380689620972,0.1497208874510682,64.12,4.50127686895987,1,0.0009140372276306152,0.0009140372276306152,0.0009140372276306152,0.98,-0.0,"[array([[0.        , 0.09360617],
       [0.        , 0.09751464],
       [0.        , 0.09832335],
       [0.        , 0.09906363],
       [0.        , 0.10043865],
       [0.        , 0.10502084],
       [0.        , 0.10550635],
       [0.        , 0.10560107],
       [0.        , 0.10707014],
       [0.        , 0.10742414],
       [0.        , 0.10749517],
       [0.        , 0.11030404],
       [0.        , 0.11096176],
       [0.        , 0.11381237],
       [0.        , 0.11432597],
       [0.        , 0.11515439],
       [0.        , 0.11663535],
       [0.        , 0.11762787],
       [0.        , 0.1183588 ],
       [0.        , 0.1190016 ],
       [0.        , 0.11963121],
       [0.        , 0.12249997],
       [0.        , 0.12292856],
       [0.        , 0.12434777],
       [0.        , 0.12459837],
       [0.        , 0.12479368],
       [0.        , 0.12749763],
       [0.        , 0.12772033],
       [0.        , 0.12785247],
       [0.        , 0.12978062],
       [0.        , 0.1304879 ],
       [0.        , 0.13211091],
       [0.        , 0.13489085],
       [0.        , 0.13548534],
       [0.        , 0.14021519],
       [0.        , 0.14023618],
       [0.        , 0.14292976],
       [0.        , 0.14341918],
       [0.        , 0.14379145],
       [0.        , 0.1465466 ],
       [0.        , 0.14808232],
       [0.        , 0.14862242],
       [0.        , 0.14947902],
       [0.        , 0.14973855],
       [0.        , 0.14982006],
       [0.        , 0.1511942 ],
       [0.        , 0.15328382],
       [0.        , 0.15508074],
       [0.        , 0.15572202],
       [0.        , 0.15594341],
       [0.        , 0.1561415 ],
       [0.        , 0.15817972],
       [0.        , 0.1588219 ],
       [0.        , 0.16187392],
       [0.        , 0.16235048],
       [0.        , 0.16242917],
       [0.        , 0.1627229 ],
       [0.        , 0.16296217],
       [0.        , 0.16595834],
       [0.        , 0.16627812],
       [0.        , 0.16628234],
       [0.        , 0.16821618],
       [0.        , 0.16855586],
       [0.        , 0.16922769],
       [0.        , 0.17234507],
       [0.        , 0.17245153],
       [0.        , 0.17283304],
       [0.        , 0.17335656],
       [0.        , 0.17394927],
       [0.        , 0.17646983],
       [0.        , 0.17670272],
       [0.        , 0.17746645],
       [0.        , 0.17784114],
       [0.        , 0.1779038 ],
       [0.        , 0.17800714],
       [0.        , 0.17854553],
       [0.        , 0.17961924],
       [0.        , 0.18224682],
       [0.        , 0.18242158],
       [0.        , 0.18243735],
       [0.        , 0.18321298],
       [0.        , 0.18472874],
       [0.        , 0.18577565],
       [0.        , 0.18710583],
       [0.        , 0.18881568],
       [0.        , 0.18932153],
       [0.        , 0.19046459],
       [0.        , 0.19254713],
       [0.        , 0.19725294],
       [0.        , 0.20219709],
       [0.        , 0.21258922],
       [0.        , 0.21373606],
       [0.        ,        inf]]), array([[0.12849204, 0.12940608]])]",True
65,0.2004445493221283,0.003161504864692688,0.14659975537886985,47.24,4.150748492749262,0,0.0,0.0,0.0,0.0,0.0,"[array([[0.        , 0.09360617],
       [0.        , 0.09751464],
       [0.        , 0.09906363],
       [0.        , 0.10016502],
       [0.        , 0.10043865],
       [0.        , 0.10550635],
       [0.        , 0.10707014],
       [0.        , 0.10749517],
       [0.        , 0.10936148],
       [0.        , 0.11030404],
       [0.        , 0.11096176],
       [0.        , 0.11310678],
       [0.        , 0.11515439],
       [0.        , 0.11515816],
       [0.        , 0.11550342],
       [0.        , 0.1183588 ],
       [0.        , 0.11864856],
       [0.        , 0.11963121],
       [0.        , 0.11975511],
       [0.        , 0.12110982],
       [0.        , 0.12140132],
       [0.        , 0.12342139],
       [0.        , 0.12420486],
       [0.        , 0.12459837],
       [0.        , 0.12495349],
       [0.        , 0.12530892],
       [0.        , 0.12554002],
       [0.        , 0.12562174],
       [0.        , 0.12978062],
       [0.        , 0.13489085],
       [0.        , 0.14093225],
       [0.        , 0.14379145],
       [0.        , 0.14947902],
       [0.        , 0.14977103],
       [0.        , 0.1551968 ],
       [0.        , 0.15749855],
       [0.        , 0.1588219 ],
       [0.        , 0.16514662],
       [0.        , 0.16515915],
       [0.        , 0.16523309],
       [0.        , 0.16855586],
       [0.        , 0.16987483],
       [0.        , 0.16989921],
       [0.        , 0.17067055],
       [0.        , 0.17169099],
       [0.        , 0.17227513],
       [0.        , 0.17330679],
       [0.        , 0.17363581],
       [0.        , 0.17556645],
       [0.        , 0.17710027],
       [0.        , 0.17770015],
       [0.        , 0.17854553],
       [0.        , 0.18072453],
       [0.        , 0.18195523],
       [0.        , 0.18224682],
       [0.        , 0.18301429],
       [0.        , 0.1832023 ],
       [0.        , 0.18682006],
       [0.        , 0.18723069],
       [0.        , 0.18819608],
       [0.        , 0.18828076],
       [0.        , 0.18983492],
       [0.        , 0.19226451],
       [0.        , 0.19728304],
       [0.        , 0.20044455],
       [0.        ,        inf]]), array([], shape=(0, 2), dtype=float64)]",True
131,0.21373605728149414,0.009665235877037048,0.1565767019873357,95.32,4.85453276895157,1,0.00040750205516815186,0.00040750205516815186,0.00040750205516815186,0.98,-0.0,"[array([[0.        , 0.09360617],
       [0.        , 0.0976526 ],
       [0.        , 0.09832335],
       [0.        , 0.09884338],
       [0.        , 0.09906363],
       [0.        , 0.10043865],
       [0.        , 0.10528746],
       [0.        , 0.10550635],
       [0.        , 0.10560107],
       [0.        , 0.10675944],
       [0.        , 0.10707014],
       [0.        , 0.10742414],
       [0.        , 0.10749517],
       [0.        , 0.10936148],
       [0.        , 0.11030404],
       [0.        , 0.11096176],
       [0.        , 0.11179125],
       [0.        , 0.1121757 ],
       [0.        , 0.11381237],
       [0.        , 0.11432597],
       [0.        , 0.11515439],
       [0.        , 0.11539797],
       [0.        , 0.11695814],
       [0.        , 0.11827139],
       [0.        , 0.11963121],
       [0.        , 0.12072835],
       [0.        , 0.12432688],
       [0.        , 0.12459837],
       [0.        , 0.12495349],
       [0.        , 0.12530892],
       [0.        , 0.12639005],
       [0.        , 0.12749763],
       [0.        , 0.12953225],
       [0.        , 0.12971132],
       [0.        , 0.12978062],
       [0.        , 0.13162033],
       [0.        , 0.13280834],
       [0.        , 0.13489085],
       [0.        , 0.13687487],
       [0.        , 0.13737932],
       [0.        , 0.1398132 ],
       [0.        , 0.14010008],
       [0.        , 0.14023618],
       [0.        , 0.14087923],
       [0.        , 0.14278334],
       [0.        , 0.14298554],
       [0.        , 0.14628488],
       [0.        , 0.14752704],
       [0.        , 0.14814167],
       [0.        , 0.15050244],
       [0.        , 0.15099099],
       [0.        , 0.15120672],
       [0.        , 0.15170379],
       [0.        , 0.15471007],
       [0.        , 0.15577227],
       [0.        , 0.15581933],
       [0.        , 0.15694359],
       [0.        , 0.15906753],
       [0.        , 0.15970288],
       [0.        , 0.16026869],
       [0.        , 0.1602848 ],
       [0.        , 0.16074041],
       [0.        , 0.16088529],
       [0.        , 0.16166587],
       [0.        , 0.16225983],
       [0.        , 0.16396929],
       [0.        , 0.16661495],
       [0.        , 0.16677859],
       [0.        , 0.16702969],
       [0.        , 0.16855586],
       [0.        , 0.16862908],
       [0.        , 0.16883281],
       [0.        , 0.17051671],
       [0.        , 0.17062874],
       [0.        , 0.17081331],
       [0.        , 0.17139108],
       [0.        , 0.17158352],
       [0.        , 0.17185244],
       [0.        , 0.17269754],
       [0.        , 0.1732696 ],
       [0.        , 0.17349188],
       [0.        , 0.17370029],
       [0.        , 0.17386469],
       [0.        , 0.1741499 ],
       [0.        , 0.17425385],
       [0.        , 0.17560706],
       [0.        , 0.17567964],
       [0.        , 0.17611749],
       [0.        , 0.17707853],
       [0.        , 0.17716561],
       [0.        , 0.177358  ],
       [0.        , 0.17841154],
       [0.        , 0.17888565],
       [0.        , 0.17911251],
       [0.        , 0.17962821],
       [0.        , 0.17964613],
       [0.        , 0.18027581],
       [0.        , 0.18053938],
       [0.        , 0.18181242],
       [0.        , 0.18226841],
       [0.        , 0.18257737],
       [0.        , 0.18435851],
       [0.        , 0.18485957],
       [0.        , 0.18486804],
       [0.        , 0.18574104],
       [0.        , 0.18631934],
       [0.        , 0.18711926],
       [0.        , 0.18723069],
       [0.        , 0.18792987],
       [0.        , 0.18819608],
       [0.        , 0.18848243],
       [0.        , 0.18885638],
       [0.        , 0.18978155],
       [0.        , 0.1902747 ],
       [0.        , 0.19157375],
       [0.        , 0.19182166],
       [0.        , 0.19185747],
       [0.        , 0.19204611],
       [0.        , 0.19205342],
       [0.        , 0.19478893],
       [0.        , 0.19565627],
       [0.        , 0.19625527],
       [0.        , 0.19664277],
       [0.        , 0.19762839],
       [0.        , 0.19775461],
       [0.        , 0.1990114 ],
       [0.        , 0.2025688 ],
       [0.        , 0.20262964],
       [0.        , 0.20375304],
       [0.        , 0.20407082],
       [0.        , 0.21373606],
       [0.        ,        inf]]), array([[0.14343978, 0.14384729]])]",True
127,0.21117281913757324,0.007897287607192993,0.15057622928788342,89.92,4.822308491275113,0,0.0,0.0,0.0,0.0,0.0,"[array([[0.        , 0.08339889],
       [0.        , 0.09028479],
       [0.        , 0.09360617],
       [0.        , 0.09523675],
       [0.        , 0.09832335],
       [0.        , 0.09884338],
       [0.        , 0.09906363],
       [0.        , 0.10043865],
       [0.        , 0.10550635],
       [0.        , 0.10560107],
       [0.        , 0.10675944],
       [0.        , 0.10707014],
       [0.        , 0.10749517],
       [0.        , 0.1091096 ],
       [0.        , 0.10936148],
       [0.        , 0.11030404],
       [0.        , 0.11049966],
       [0.        , 0.11096176],
       [0.        , 0.11128757],
       [0.        , 0.11163338],
       [0.        , 0.11179125],
       [0.        , 0.1135994 ],
       [0.        , 0.11432597],
       [0.        , 0.11440433],
       [0.        , 0.11515439],
       [0.        , 0.11529572],
       [0.        , 0.11695814],
       [0.        , 0.11963121],
       [0.        , 0.11963307],
       [0.        , 0.11986774],
       [0.        , 0.12046551],
       [0.        , 0.12065811],
       [0.        , 0.12110982],
       [0.        , 0.12140132],
       [0.        , 0.12342139],
       [0.        , 0.12459837],
       [0.        , 0.12495349],
       [0.        , 0.12505792],
       [0.        , 0.12530892],
       [0.        , 0.12786625],
       [0.        , 0.12793508],
       [0.        , 0.12971132],
       [0.        , 0.12978062],
       [0.        , 0.13489085],
       [0.        , 0.13964829],
       [0.        , 0.14093225],
       [0.        , 0.14217274],
       [0.        , 0.14223048],
       [0.        , 0.14225145],
       [0.        , 0.14257696],
       [0.        , 0.14282262],
       [0.        , 0.1441974 ],
       [0.        , 0.14507952],
       [0.        , 0.14688501],
       [0.        , 0.14814167],
       [0.        , 0.14982006],
       [0.        , 0.1501243 ],
       [0.        , 0.15102658],
       [0.        , 0.1531318 ],
       [0.        , 0.15367106],
       [0.        , 0.1551968 ],
       [0.        , 0.15694638],
       [0.        , 0.15834147],
       [0.        , 0.15883301],
       [0.        , 0.1594138 ],
       [0.        , 0.16081169],
       [0.        , 0.1621359 ],
       [0.        , 0.16300662],
       [0.        , 0.16383564],
       [0.        , 0.16480853],
       [0.        , 0.16514662],
       [0.        , 0.16523309],
       [0.        , 0.16561741],
       [0.        , 0.16569617],
       [0.        , 0.16574831],
       [0.        , 0.16626352],
       [0.        , 0.16667831],
       [0.        , 0.16758673],
       [0.        , 0.16821618],
       [0.        , 0.16855586],
       [0.        , 0.16872551],
       [0.        , 0.16905653],
       [0.        , 0.16935237],
       [0.        , 0.16958174],
       [0.        , 0.1697575 ],
       [0.        , 0.17032692],
       [0.        , 0.17147404],
       [0.        , 0.17169099],
       [0.        , 0.17194876],
       [0.        , 0.17226835],
       [0.        , 0.17227513],
       [0.        , 0.17257597],
       [0.        , 0.17279448],
       [0.        , 0.17284001],
       [0.        , 0.17390485],
       [0.        , 0.17512316],
       [0.        , 0.17518038],
       [0.        , 0.17519139],
       [0.        , 0.17556645],
       [0.        , 0.17603964],
       [0.        , 0.176376  ],
       [0.        , 0.17646983],
       [0.        , 0.17772126],
       [0.        , 0.17779242],
       [0.        , 0.17790416],
       [0.        , 0.17854553],
       [0.        , 0.17933482],
       [0.        , 0.18127273],
       [0.        , 0.18301429],
       [0.        , 0.18448927],
       [0.        , 0.18519187],
       [0.        , 0.18655579],
       [0.        , 0.18723069],
       [0.        , 0.18798214],
       [0.        , 0.18819608],
       [0.        , 0.18942581],
       [0.        , 0.18957372],
       [0.        , 0.19180711],
       [0.        , 0.19226451],
       [0.        , 0.19240412],
       [0.        , 0.19749734],
       [0.        , 0.19754191],
       [0.        , 0.19784626],
       [0.        , 0.19865224],
       [0.        , 0.20257907],
       [0.        , 0.20327553],
       [0.        , 0.21117282],
       [0.        ,        inf]]), array([], shape=(0, 2), dtype=float64)]",True
82,0.2040708214044571,0.006292134523391724,0.15088148869392348,60.28,4.388894815820722,1,0.00040750205516815186,0.00040750205516815186,0.00040750205516815186,0.98,-0.0,"[array([[0.        , 0.09360617],
       [0.        , 0.09906363],
       [0.        , 0.10043865],
       [0.        , 0.10550635],
       [0.        , 0.10707014],
       [0.        , 0.10742414],
       [0.        , 0.10749517],
       [0.        , 0.10936148],
       [0.        , 0.11030404],
       [0.        , 0.11049966],
       [0.        , 0.11096176],
       [0.        , 0.1121757 ],
       [0.        , 0.11515816],
       [0.        , 0.11695814],
       [0.        , 0.11827139],
       [0.        , 0.11963121],
       [0.        , 0.12072835],
       [0.        , 0.12246194],
       [0.        , 0.12420486],
       [0.        , 0.12432688],
       [0.        , 0.12459837],
       [0.        , 0.12495349],
       [0.        , 0.12530892],
       [0.        , 0.12562174],
       [0.        , 0.12971132],
       [0.        , 0.12978062],
       [0.        , 0.13280834],
       [0.        , 0.13489085],
       [0.        , 0.13701032],
       [0.        , 0.13964829],
       [0.        , 0.14628488],
       [0.        , 0.14688501],
       [0.        , 0.14814167],
       [0.        , 0.14977103],
       [0.        , 0.15044302],
       [0.        , 0.15099099],
       [0.        , 0.15329392],
       [0.        , 0.15411799],
       [0.        , 0.1551968 ],
       [0.        , 0.15577227],
       [0.        , 0.15906753],
       [0.        , 0.15960035],
       [0.        , 0.15970288],
       [0.        , 0.16015974],
       [0.        , 0.16026869],
       [0.        , 0.1602848 ],
       [0.        , 0.16074041],
       [0.        , 0.16141444],
       [0.        , 0.16262496],
       [0.        , 0.16394316],
       [0.        , 0.16396929],
       [0.        , 0.16622055],
       [0.        , 0.16758932],
       [0.        , 0.16771924],
       [0.        , 0.17021869],
       [0.        , 0.17185244],
       [0.        , 0.17189193],
       [0.        , 0.17266618],
       [0.        , 0.17269476],
       [0.        , 0.17349188],
       [0.        , 0.17380317],
       [0.        , 0.17408678],
       [0.        , 0.17415577],
       [0.        , 0.17517348],
       [0.        , 0.17567964],
       [0.        , 0.17611749],
       [0.        , 0.17704591],
       [0.        , 0.17911251],
       [0.        , 0.17969106],
       [0.        , 0.17989959],
       [0.        , 0.18043534],
       [0.        , 0.1807    ],
       [0.        , 0.18112974],
       [0.        , 0.18123257],
       [0.        , 0.18301429],
       [0.        , 0.18486804],
       [0.        , 0.18579783],
       [0.        , 0.18723069],
       [0.        , 0.18819608],
       [0.        , 0.1960637 ],
       [0.        , 0.19777869],
       [0.        , 0.20407082],
       [0.        ,        inf]]), array([[0.14343978, 0.14384729]])]",False
165,0.2096613049507141,0.006385773420333862,0.15675152793075098,122.58,5.087346825194169,0,0.0,0.0,0.0,0.0,0.0,"[array([[0.        , 0.09360617],
       [0.        , 0.09465762],
       [0.        , 0.09751464],
       [0.        , 0.0976526 ],
       [0.        , 0.09832335],
       [0.        , 0.09884338],
       [0.        , 0.09906363],
       [0.        , 0.10043865],
       [0.        , 0.10502084],
       [0.        , 0.10528746],
       [0.        , 0.10550635],
       [0.        , 0.10560107],
       [0.        , 0.10675944],
       [0.        , 0.10707014],
       [0.        , 0.10742414],
       [0.        , 0.10749517],
       [0.        , 0.10936148],
       [0.        , 0.11030404],
       [0.        , 0.11049966],
       [0.        , 0.11096176],
       [0.        , 0.11179125],
       [0.        , 0.11381237],
       [0.        , 0.11387531],
       [0.        , 0.11515439],
       [0.        , 0.11550342],
       [0.        , 0.11827139],
       [0.        , 0.1183588 ],
       [0.        , 0.11963121],
       [0.        , 0.12063984],
       [0.        , 0.12311234],
       [0.        , 0.12429306],
       [0.        , 0.12459837],
       [0.        , 0.12495349],
       [0.        , 0.12521386],
       [0.        , 0.12530892],
       [0.        , 0.12749763],
       [0.        , 0.1288262 ],
       [0.        , 0.12944314],
       [0.        , 0.12978062],
       [0.        , 0.13116656],
       [0.        , 0.13152754],
       [0.        , 0.13489085],
       [0.        , 0.1351454 ],
       [0.        , 0.13951378],
       [0.        , 0.13986042],
       [0.        , 0.14053106],
       [0.        , 0.1423419 ],
       [0.        , 0.14298554],
       [0.        , 0.14299229],
       [0.        , 0.14379145],
       [0.        , 0.14408451],
       [0.        , 0.14423384],
       [0.        , 0.14425278],
       [0.        , 0.14613606],
       [0.        , 0.14628488],
       [0.        , 0.14688501],
       [0.        , 0.1472141 ],
       [0.        , 0.14781834],
       [0.        , 0.14795712],
       [0.        , 0.14814167],
       [0.        , 0.15076526],
       [0.        , 0.15099099],
       [0.        , 0.15231015],
       [0.        , 0.15444197],
       [0.        , 0.15460798],
       [0.        , 0.15562631],
       [0.        , 0.15609497],
       [0.        , 0.15677325],
       [0.        , 0.15788783],
       [0.        , 0.15792456],
       [0.        , 0.1594138 ],
       [0.        , 0.15970288],
       [0.        , 0.15974152],
       [0.        , 0.16114537],
       [0.        , 0.16137703],
       [0.        , 0.16141444],
       [0.        , 0.16264668],
       [0.        , 0.16361871],
       [0.        , 0.16382602],
       [0.        , 0.16402957],
       [0.        , 0.16442262],
       [0.        , 0.16455689],
       [0.        , 0.1648739 ],
       [0.        , 0.16514662],
       [0.        , 0.16554916],
       [0.        , 0.16560689],
       [0.        , 0.16587099],
       [0.        , 0.16596338],
       [0.        , 0.16618702],
       [0.        , 0.16627812],
       [0.        , 0.16699606],
       [0.        , 0.16706103],
       [0.        , 0.16726226],
       [0.        , 0.16735192],
       [0.        , 0.16771924],
       [0.        , 0.16926283],
       [0.        , 0.170423  ],
       [0.        , 0.1704731 ],
       [0.        , 0.17117697],
       [0.        , 0.17158352],
       [0.        , 0.17171068],
       [0.        , 0.17200154],
       [0.        , 0.17241712],
       [0.        , 0.17261003],
       [0.        , 0.1727511 ],
       [0.        , 0.17379877],
       [0.        , 0.17393897],
       [0.        , 0.17408678],
       [0.        , 0.17414646],
       [0.        , 0.17555675],
       [0.        , 0.17562701],
       [0.        , 0.17577186],
       [0.        , 0.17609808],
       [0.        , 0.17642689],
       [0.        , 0.17670996],
       [0.        , 0.17673552],
       [0.        , 0.17679834],
       [0.        , 0.17697017],
       [0.        , 0.17793956],
       [0.        , 0.17794418],
       [0.        , 0.1780812 ],
       [0.        , 0.1792313 ],
       [0.        , 0.17933482],
       [0.        , 0.1796447 ],
       [0.        , 0.17983069],
       [0.        , 0.18017679],
       [0.        , 0.18053938],
       [0.        , 0.18058112],
       [0.        , 0.18064298],
       [0.        , 0.18067791],
       [0.        , 0.18088552],
       [0.        , 0.18092644],
       [0.        , 0.18257737],
       [0.        , 0.18300372],
       [0.        , 0.18319553],
       [0.        , 0.18325286],
       [0.        , 0.18331416],
       [0.        , 0.18344094],
       [0.        , 0.18449867],
       [0.        , 0.18544865],
       [0.        , 0.18697451],
       [0.        , 0.18724845],
       [0.        , 0.18747155],
       [0.        , 0.18792628],
       [0.        , 0.18819608],
       [0.        , 0.18853861],
       [0.        , 0.18918036],
       [0.        , 0.18934719],
       [0.        , 0.19015576],
       [0.        , 0.19064644],
       [0.        , 0.19171648],
       [0.        , 0.1935171 ],
       [0.        , 0.19372393],
       [0.        , 0.1941471 ],
       [0.        , 0.19493331],
       [0.        , 0.19562306],
       [0.        , 0.19659039],
       [0.        , 0.19697544],
       [0.        , 0.19876459],
       [0.        , 0.19922599],
       [0.        , 0.20014857],
       [0.        , 0.20029715],
       [0.        , 0.20307527],
       [0.        , 0.20327553],
       [0.        , 0.2096613 ],
       [0.        ,        inf]]), array([], shape=(0, 2), dtype=float64)]",False
202,0.21373605728149414,0.004074752330780029,0.16022685317709895,150.46,5.291755792986081,1,0.0050400495529174805,0.0050400495529174805,0.0050400495529174805,0.98,-0.0,"[array([[0.        , 0.09360617],
       [0.        , 0.0976526 ],
       [0.        , 0.09832335],
       [0.        , 0.09906363],
       [0.        , 0.10043865],
       [0.        , 0.10528746],
       [0.        , 0.10550635],
       [0.        , 0.10560107],
       [0.        , 0.10675944],
       [0.        , 0.10707014],
       [0.        , 0.10742414],
       [0.        , 0.10749517],
       [0.        , 0.10886176],
       [0.        , 0.10936148],
       [0.        , 0.11020229],
       [0.        , 0.11030404],
       [0.        , 0.11049966],
       [0.        , 0.11096176],
       [0.        , 0.11179125],
       [0.        , 0.11381237],
       [0.        , 0.11432597],
       [0.        , 0.1150218 ],
       [0.        , 0.11515439],
       [0.        , 0.11515816],
       [0.        , 0.11550342],
       [0.        , 0.11827139],
       [0.        , 0.11963121],
       [0.        , 0.12063984],
       [0.        , 0.12072835],
       [0.        , 0.12110982],
       [0.        , 0.12311234],
       [0.        , 0.12342139],
       [0.        , 0.12429306],
       [0.        , 0.12459837],
       [0.        , 0.12495349],
       [0.        , 0.12521386],
       [0.        , 0.12530892],
       [0.        , 0.12639005],
       [0.        , 0.12699461],
       [0.        , 0.12749763],
       [0.        , 0.12938726],
       [0.        , 0.12944314],
       [0.        , 0.12978062],
       [0.        , 0.13109675],
       [0.        , 0.13116656],
       [0.        , 0.13127898],
       [0.        , 0.13152754],
       [0.        , 0.13489085],
       [0.        , 0.13610429],
       [0.        , 0.13951378],
       [0.        , 0.14053106],
       [0.        , 0.14354934],
       [0.        , 0.14408451],
       [0.        , 0.14423384],
       [0.        , 0.14613606],
       [0.        , 0.14628488],
       [0.        , 0.14688501],
       [0.        , 0.1472141 ],
       [0.        , 0.14781834],
       [0.        , 0.14795712],
       [0.        , 0.14845026],
       [0.        , 0.14947902],
       [0.        , 0.15099099],
       [0.        , 0.15231015],
       [0.        , 0.15444197],
       [0.        , 0.15447767],
       [0.        , 0.15460798],
       [0.        , 0.1551968 ],
       [0.        , 0.15562631],
       [0.        , 0.15609497],
       [0.        , 0.15617242],
       [0.        , 0.15677325],
       [0.        , 0.15788783],
       [0.        , 0.15792456],
       [0.        , 0.15856382],
       [0.        , 0.15883301],
       [0.        , 0.15885577],
       [0.        , 0.1594138 ],
       [0.        , 0.15970288],
       [0.        , 0.15974152],
       [0.        , 0.15999304],
       [0.        , 0.16038208],
       [0.        , 0.16053706],
       [0.        , 0.16114537],
       [0.        , 0.16130482],
       [0.        , 0.16137703],
       [0.        , 0.16141444],
       [0.        , 0.16264668],
       [0.        , 0.16361871],
       [0.        , 0.16382602],
       [0.        , 0.16402957],
       [0.        , 0.16442262],
       [0.        , 0.16455689],
       [0.        , 0.1648739 ],
       [0.        , 0.16514662],
       [0.        , 0.16560689],
       [0.        , 0.16587099],
       [0.        , 0.16596338],
       [0.        , 0.16618702],
       [0.        , 0.16622055],
       [0.        , 0.1669281 ],
       [0.        , 0.16706103],
       [0.        , 0.16771924],
       [0.        , 0.1690668 ],
       [0.        , 0.16926283],
       [0.        , 0.16973044],
       [0.        , 0.16987954],
       [0.        , 0.17037103],
       [0.        , 0.1704731 ],
       [0.        , 0.17117697],
       [0.        , 0.17128998],
       [0.        , 0.17147404],
       [0.        , 0.17171068],
       [0.        , 0.17200154],
       [0.        , 0.17223527],
       [0.        , 0.1723523 ],
       [0.        , 0.17241712],
       [0.        , 0.17269476],
       [0.        , 0.17290145],
       [0.        , 0.17347001],
       [0.        , 0.17363678],
       [0.        , 0.17393897],
       [0.        , 0.17414646],
       [0.        , 0.17514545],
       [0.        , 0.17517166],
       [0.        , 0.17555675],
       [0.        , 0.17575663],
       [0.        , 0.17609808],
       [0.        , 0.17628631],
       [0.        , 0.17652078],
       [0.        , 0.17670996],
       [0.        , 0.17673552],
       [0.        , 0.17679834],
       [0.        , 0.17697017],
       [0.        , 0.17772126],
       [0.        , 0.17793956],
       [0.        , 0.17794418],
       [0.        , 0.1792313 ],
       [0.        , 0.17933482],
       [0.        , 0.17950247],
       [0.        , 0.17951776],
       [0.        , 0.1796447 ],
       [0.        , 0.17978343],
       [0.        , 0.17983069],
       [0.        , 0.17989624],
       [0.        , 0.18033952],
       [0.        , 0.18053938],
       [0.        , 0.18058112],
       [0.        , 0.18064298],
       [0.        , 0.18067791],
       [0.        , 0.18088552],
       [0.        , 0.18092644],
       [0.        , 0.18141989],
       [0.        , 0.18167239],
       [0.        , 0.18239807],
       [0.        , 0.18257737],
       [0.        , 0.18300372],
       [0.        , 0.18319553],
       [0.        , 0.18325286],
       [0.        , 0.18344094],
       [0.        , 0.18352361],
       [0.        , 0.18449867],
       [0.        , 0.1845738 ],
       [0.        , 0.18488243],
       [0.        , 0.18538789],
       [0.        , 0.18544865],
       [0.        , 0.18585996],
       [0.        , 0.18650614],
       [0.        , 0.18723069],
       [0.        , 0.18724845],
       [0.        , 0.18792628],
       [0.        , 0.18810406],
       [0.        , 0.18819608],
       [0.        , 0.18848243],
       [0.        , 0.18853861],
       [0.        , 0.18918036],
       [0.        , 0.18934719],
       [0.        , 0.19015576],
       [0.        , 0.19064644],
       [0.        , 0.19102584],
       [0.        , 0.19111091],
       [0.        , 0.19131538],
       [0.        , 0.19171648],
       [0.        , 0.1925313 ],
       [0.        , 0.19336918],
       [0.        , 0.19346464],
       [0.        , 0.1935171 ],
       [0.        , 0.19372393],
       [0.        , 0.1941471 ],
       [0.        , 0.19493331],
       [0.        , 0.19562306],
       [0.        , 0.19625527],
       [0.        , 0.19659039],
       [0.        , 0.19697544],
       [0.        , 0.19838686],
       [0.        , 0.19876459],
       [0.        , 0.19922599],
       [0.        , 0.20014857],
       [0.        , 0.20029715],
       [0.        , 0.20307527],
       [0.        , 0.2096613 ],
       [0.        , 0.21373606],
       [0.        ,        inf]]), array([[0.12488109, 0.12992114]])]",False
56,0.19790929555892944,0.0004119575023651123,0.14492738779102052,40.8,4.002718113026527,1,0.0011200308799743652,0.0011200308799743652,0.0011200308799743652,0.98,-0.0,"[array([[0.        , 0.09360617],
       [0.        , 0.09523675],
       [0.        , 0.09906363],
       [0.        , 0.10043865],
       [0.        , 0.10277458],
       [0.        , 0.10550635],
       [0.        , 0.10560107],
       [0.        , 0.10644238],
       [0.        , 0.10707014],
       [0.        , 0.10742414],
       [0.        , 0.10936148],
       [0.        , 0.11030404],
       [0.        , 0.11096176],
       [0.        , 0.1135994 ],
       [0.        , 0.11515816],
       [0.        , 0.11963121],
       [0.        , 0.12420486],
       [0.        , 0.12459837],
       [0.        , 0.12495349],
       [0.        , 0.12530892],
       [0.        , 0.12554002],
       [0.        , 0.12978062],
       [0.        , 0.13489085],
       [0.        , 0.1361789 ],
       [0.        , 0.14023618],
       [0.        , 0.14251722],
       [0.        , 0.14425278],
       [0.        , 0.14451441],
       [0.        , 0.14947902],
       [0.        , 0.15335615],
       [0.        , 0.15367106],
       [0.        , 0.1551968 ],
       [0.        , 0.15577227],
       [0.        , 0.1588219 ],
       [0.        , 0.15936223],
       [0.        , 0.16063954],
       [0.        , 0.16505082],
       [0.        , 0.16647844],
       [0.        , 0.16701578],
       [0.        , 0.16855586],
       [0.        , 0.17020082],
       [0.        , 0.17060025],
       [0.        , 0.17390485],
       [0.        , 0.17445526],
       [0.        , 0.17534114],
       [0.        , 0.17646983],
       [0.        , 0.17797257],
       [0.        , 0.17870498],
       [0.        , 0.17872199],
       [0.        , 0.18301429],
       [0.        , 0.18518992],
       [0.        , 0.1863714 ],
       [0.        , 0.18819608],
       [0.        , 0.18882729],
       [0.        , 0.19749734],
       [0.        , 0.1979093 ],
       [0.        ,        inf]]), array([[0.10665418, 0.10777421]])]",False
70,0.21258921921253204,0.008350208401679993,0.15017313393098966,49.18,4.228359176190551,3,0.0024173855781555176,0.0022628456354141235,0.0008836587270100912,1.06,0.35454634215904196,"[array([[0.        , 0.09360617],
       [0.        , 0.09906363],
       [0.        , 0.10043865],
       [0.        , 0.10550635],
       [0.        , 0.10560107],
       [0.        , 0.10675944],
       [0.        , 0.10742414],
       [0.        , 0.10749517],
       [0.        , 0.11030404],
       [0.        , 0.11096176],
       [0.        , 0.11128757],
       [0.        , 0.11515816],
       [0.        , 0.11963121],
       [0.        , 0.12246194],
       [0.        , 0.12249997],
       [0.        , 0.12342139],
       [0.        , 0.12432688],
       [0.        , 0.12459837],
       [0.        , 0.12495349],
       [0.        , 0.12724522],
       [0.        , 0.12749763],
       [0.        , 0.12785247],
       [0.        , 0.12978062],
       [0.        , 0.13405956],
       [0.        , 0.13489085],
       [0.        , 0.13768676],
       [0.        , 0.13815616],
       [0.        , 0.14004286],
       [0.        , 0.14021519],
       [0.        , 0.14309824],
       [0.        , 0.14379145],
       [0.        , 0.1451005 ],
       [0.        , 0.14814167],
       [0.        , 0.14952706],
       [0.        , 0.15135854],
       [0.        , 0.15202692],
       [0.        , 0.15397717],
       [0.        , 0.1551968 ],
       [0.        , 0.15817972],
       [0.        , 0.15823166],
       [0.        , 0.15998651],
       [0.        , 0.16015974],
       [0.        , 0.16561741],
       [0.        , 0.16575773],
       [0.        , 0.1673511 ],
       [0.        , 0.16755323],
       [0.        , 0.16805713],
       [0.        , 0.16807453],
       [0.        , 0.17051145],
       [0.        , 0.17064211],
       [0.        , 0.17071018],
       [0.        , 0.17245153],
       [0.        , 0.17415577],
       [0.        , 0.17620252],
       [0.        , 0.17646983],
       [0.        , 0.17674972],
       [0.        , 0.17856738],
       [0.        , 0.18098222],
       [0.        , 0.18232216],
       [0.        , 0.18321298],
       [0.        , 0.18664752],
       [0.        , 0.18777193],
       [0.        , 0.18831809],
       [0.        , 0.188411  ],
       [0.        , 0.18932153],
       [0.        , 0.19099197],
       [0.        , 0.19254713],
       [0.        , 0.2041903 ],
       [0.        , 0.20423901],
       [0.        , 0.21258922],
       [0.        ,        inf]]), array([[0.14208423, 0.14216328],
       [0.14188319, 0.14203773],
       [0.1414299 , 0.14384729]])]",False
149,0.2037530392408371,0.00556635856628418,0.15642628953760904,113.6,4.987645385667319,1,0.0018773376941680908,0.0018773376941680908,0.0018773376941680908,0.98,-0.0,"[array([[0.        , 0.09360617],
       [0.        , 0.09832335],
       [0.        , 0.09884338],
       [0.        , 0.09906363],
       [0.        , 0.10043865],
       [0.        , 0.10550635],
       [0.        , 0.10707014],
       [0.        , 0.10742414],
       [0.        , 0.10749517],
       [0.        , 0.10936148],
       [0.        , 0.11030404],
       [0.        , 0.11049966],
       [0.        , 0.11096176],
       [0.        , 0.11128757],
       [0.        , 0.11179125],
       [0.        , 0.11355491],
       [0.        , 0.11381237],
       [0.        , 0.11387531],
       [0.        , 0.11432597],
       [0.        , 0.11515439],
       [0.        , 0.1183588 ],
       [0.        , 0.11899885],
       [0.        , 0.11963121],
       [0.        , 0.12072835],
       [0.        , 0.12459837],
       [0.        , 0.12495349],
       [0.        , 0.12530892],
       [0.        , 0.1269758 ],
       [0.        , 0.12749763],
       [0.        , 0.12841634],
       [0.        , 0.1288262 ],
       [0.        , 0.12955946],
       [0.        , 0.12971132],
       [0.        , 0.12978062],
       [0.        , 0.13068642],
       [0.        , 0.13139969],
       [0.        , 0.13329279],
       [0.        , 0.13380964],
       [0.        , 0.13489085],
       [0.        , 0.13658053],
       [0.        , 0.13701032],
       [0.        , 0.13738295],
       [0.        , 0.13744454],
       [0.        , 0.13819388],
       [0.        , 0.14010008],
       [0.        , 0.14019492],
       [0.        , 0.14023618],
       [0.        , 0.14147198],
       [0.        , 0.14299229],
       [0.        , 0.14451441],
       [0.        , 0.14708032],
       [0.        , 0.14814167],
       [0.        , 0.14845026],
       [0.        , 0.14872845],
       [0.        , 0.15097499],
       [0.        , 0.1535272 ],
       [0.        , 0.15516536],
       [0.        , 0.15562631],
       [0.        , 0.1561415 ],
       [0.        , 0.15805763],
       [0.        , 0.1582884 ],
       [0.        , 0.15851125],
       [0.        , 0.15865126],
       [0.        , 0.1591834 ],
       [0.        , 0.15937117],
       [0.        , 0.1602848 ],
       [0.        , 0.16047266],
       [0.        , 0.16292712],
       [0.        , 0.16300662],
       [0.        , 0.16331154],
       [0.        , 0.16398622],
       [0.        , 0.16423719],
       [0.        , 0.16439956],
       [0.        , 0.16480264],
       [0.        , 0.16515915],
       [0.        , 0.16535684],
       [0.        , 0.1656647 ],
       [0.        , 0.16581993],
       [0.        , 0.16582988],
       [0.        , 0.16587099],
       [0.        , 0.16656803],
       [0.        , 0.16687484],
       [0.        , 0.16714506],
       [0.        , 0.16737585],
       [0.        , 0.16788711],
       [0.        , 0.16845967],
       [0.        , 0.16852736],
       [0.        , 0.16906965],
       [0.        , 0.16912337],
       [0.        , 0.16943532],
       [0.        , 0.16946483],
       [0.        , 0.16961738],
       [0.        , 0.16973044],
       [0.        , 0.1698126 ],
       [0.        , 0.17110848],
       [0.        , 0.17148349],
       [0.        , 0.17167817],
       [0.        , 0.17205316],
       [0.        , 0.17245153],
       [0.        , 0.17303352],
       [0.        , 0.17343602],
       [0.        , 0.17343682],
       [0.        , 0.17391917],
       [0.        , 0.17519139],
       [0.        , 0.17601864],
       [0.        , 0.17652078],
       [0.        , 0.1766742 ],
       [0.        , 0.17707466],
       [0.        , 0.1771701 ],
       [0.        , 0.17726983],
       [0.        , 0.17772126],
       [0.        , 0.17826165],
       [0.        , 0.17840362],
       [0.        , 0.1787502 ],
       [0.        , 0.17914008],
       [0.        , 0.17943585],
       [0.        , 0.17959465],
       [0.        , 0.17988297],
       [0.        , 0.18052639],
       [0.        , 0.18112268],
       [0.        , 0.18148348],
       [0.        , 0.18168902],
       [0.        , 0.18225831],
       [0.        , 0.18239807],
       [0.        , 0.18297994],
       [0.        , 0.18301429],
       [0.        , 0.18352361],
       [0.        , 0.18360253],
       [0.        , 0.18428685],
       [0.        , 0.18598868],
       [0.        , 0.18604618],
       [0.        , 0.18697929],
       [0.        , 0.18723069],
       [0.        , 0.18732212],
       [0.        , 0.187692  ],
       [0.        , 0.18819608],
       [0.        , 0.18932153],
       [0.        , 0.19011478],
       [0.        , 0.1908669 ],
       [0.        , 0.19091107],
       [0.        , 0.19210467],
       [0.        , 0.19276842],
       [0.        , 0.19379549],
       [0.        , 0.19625527],
       [0.        , 0.19633573],
       [0.        , 0.19697955],
       [0.        , 0.19770649],
       [0.        , 0.19818668],
       [0.        , 0.20375304],
       [0.        ,        inf]]), array([[0.16726226, 0.16913959]])]",True
182,0.21373605728149414,0.004074752330780029,0.15867201607305925,134.26,5.186587727041417,1,0.0050400495529174805,0.0050400495529174805,0.0050400495529174805,0.98,-0.0,"[array([[0.        , 0.09360617],
       [0.        , 0.0976526 ],
       [0.        , 0.09832335],
       [0.        , 0.09906363],
       [0.        , 0.10043865],
       [0.        , 0.10528746],
       [0.        , 0.10550635],
       [0.        , 0.10560107],
       [0.        , 0.10675944],
       [0.        , 0.10707014],
       [0.        , 0.10742414],
       [0.        , 0.10749517],
       [0.        , 0.10886176],
       [0.        , 0.10936148],
       [0.        , 0.11020229],
       [0.        , 0.11030404],
       [0.        , 0.11049966],
       [0.        , 0.11096176],
       [0.        , 0.11179125],
       [0.        , 0.11381237],
       [0.        , 0.11432597],
       [0.        , 0.1150218 ],
       [0.        , 0.11515439],
       [0.        , 0.11515816],
       [0.        , 0.11550342],
       [0.        , 0.11827139],
       [0.        , 0.11963121],
       [0.        , 0.12063984],
       [0.        , 0.12072835],
       [0.        , 0.12110982],
       [0.        , 0.12311234],
       [0.        , 0.12342139],
       [0.        , 0.12429306],
       [0.        , 0.12459837],
       [0.        , 0.12495349],
       [0.        , 0.12521386],
       [0.        , 0.12530892],
       [0.        , 0.12639005],
       [0.        , 0.12699461],
       [0.        , 0.12749763],
       [0.        , 0.12938726],
       [0.        , 0.12944314],
       [0.        , 0.12978062],
       [0.        , 0.13109675],
       [0.        , 0.13116656],
       [0.        , 0.13152754],
       [0.        , 0.13489085],
       [0.        , 0.13951378],
       [0.        , 0.14053106],
       [0.        , 0.14354934],
       [0.        , 0.14408451],
       [0.        , 0.14423384],
       [0.        , 0.14613606],
       [0.        , 0.14628488],
       [0.        , 0.14688501],
       [0.        , 0.1472141 ],
       [0.        , 0.14781834],
       [0.        , 0.14795712],
       [0.        , 0.14947902],
       [0.        , 0.15099099],
       [0.        , 0.15231015],
       [0.        , 0.15444197],
       [0.        , 0.15447767],
       [0.        , 0.15460798],
       [0.        , 0.1551968 ],
       [0.        , 0.15562631],
       [0.        , 0.15609497],
       [0.        , 0.15617242],
       [0.        , 0.15677325],
       [0.        , 0.15788783],
       [0.        , 0.15792456],
       [0.        , 0.15856382],
       [0.        , 0.15883301],
       [0.        , 0.15885577],
       [0.        , 0.1594138 ],
       [0.        , 0.15970288],
       [0.        , 0.15974152],
       [0.        , 0.15999304],
       [0.        , 0.16038208],
       [0.        , 0.16053706],
       [0.        , 0.16114537],
       [0.        , 0.16130482],
       [0.        , 0.16137703],
       [0.        , 0.16141444],
       [0.        , 0.16264668],
       [0.        , 0.16361871],
       [0.        , 0.16382602],
       [0.        , 0.16402957],
       [0.        , 0.16442262],
       [0.        , 0.16455689],
       [0.        , 0.1648739 ],
       [0.        , 0.16514662],
       [0.        , 0.16560689],
       [0.        , 0.16587099],
       [0.        , 0.16596338],
       [0.        , 0.16618702],
       [0.        , 0.1669281 ],
       [0.        , 0.16706103],
       [0.        , 0.16771924],
       [0.        , 0.1690668 ],
       [0.        , 0.16926283],
       [0.        , 0.16987954],
       [0.        , 0.1704731 ],
       [0.        , 0.1706246 ],
       [0.        , 0.17117697],
       [0.        , 0.17128998],
       [0.        , 0.17171068],
       [0.        , 0.17200154],
       [0.        , 0.17223527],
       [0.        , 0.1723523 ],
       [0.        , 0.17241712],
       [0.        , 0.17269476],
       [0.        , 0.17363678],
       [0.        , 0.17393897],
       [0.        , 0.17414646],
       [0.        , 0.17517166],
       [0.        , 0.17555675],
       [0.        , 0.17575663],
       [0.        , 0.17609808],
       [0.        , 0.17628631],
       [0.        , 0.17652078],
       [0.        , 0.17670996],
       [0.        , 0.17673552],
       [0.        , 0.17679834],
       [0.        , 0.17697017],
       [0.        , 0.17793956],
       [0.        , 0.17794418],
       [0.        , 0.1792313 ],
       [0.        , 0.17933482],
       [0.        , 0.17950247],
       [0.        , 0.1796447 ],
       [0.        , 0.17983069],
       [0.        , 0.17989624],
       [0.        , 0.18053938],
       [0.        , 0.18058112],
       [0.        , 0.18064298],
       [0.        , 0.18067791],
       [0.        , 0.18088552],
       [0.        , 0.18092644],
       [0.        , 0.18141989],
       [0.        , 0.18167239],
       [0.        , 0.18257737],
       [0.        , 0.18300372],
       [0.        , 0.18319553],
       [0.        , 0.18325286],
       [0.        , 0.18344094],
       [0.        , 0.18352361],
       [0.        , 0.18449867],
       [0.        , 0.1845738 ],
       [0.        , 0.18488243],
       [0.        , 0.18544865],
       [0.        , 0.18650614],
       [0.        , 0.18724845],
       [0.        , 0.18792628],
       [0.        , 0.18810406],
       [0.        , 0.18819608],
       [0.        , 0.18848243],
       [0.        , 0.18853861],
       [0.        , 0.18918036],
       [0.        , 0.18923129],
       [0.        , 0.18934719],
       [0.        , 0.19015576],
       [0.        , 0.19064644],
       [0.        , 0.19131538],
       [0.        , 0.19171648],
       [0.        , 0.1925313 ],
       [0.        , 0.19336918],
       [0.        , 0.1935171 ],
       [0.        , 0.19372393],
       [0.        , 0.1941471 ],
       [0.        , 0.19493331],
       [0.        , 0.19562306],
       [0.        , 0.19625527],
       [0.        , 0.19659039],
       [0.        , 0.19697544],
       [0.        , 0.19876459],
       [0.        , 0.19922599],
       [0.        , 0.20014857],
       [0.        , 0.20029715],
       [0.        , 0.20307527],
       [0.        , 0.2096613 ],
       [0.        , 0.21373606],
       [0.        ,        inf]]), array([[0.12488109, 0.12992114]])]",True
103,0.2091079205274582,0.002914637327194214,0.1548463192234919,75.8,4.616404752552802,1,0.00040750205516815186,0.00040750205516815186,0.00040750205516815186,0.98,-0.0,"[array([[0.        , 0.09360617],
       [0.        , 0.09832335],
       [0.        , 0.09906363],
       [0.        , 0.10043865],
       [0.        , 0.10550635],
       [0.        , 0.10560107],
       [0.        , 0.10707014],
       [0.        , 0.10742414],
       [0.        , 0.10749517],
       [0.        , 0.11030404],
       [0.        , 0.11049966],
       [0.        , 0.11096176],
       [0.        , 0.11381237],
       [0.        , 0.11515439],
       [0.        , 0.11515816],
       [0.        , 0.117922  ],
       [0.        , 0.11827139],
       [0.        , 0.11963121],
       [0.        , 0.12311234],
       [0.        , 0.12432688],
       [0.        , 0.12452517],
       [0.        , 0.12459837],
       [0.        , 0.12495349],
       [0.        , 0.12749763],
       [0.        , 0.12785247],
       [0.        , 0.12971132],
       [0.        , 0.12978062],
       [0.        , 0.13088767],
       [0.        , 0.13374078],
       [0.        , 0.1343447 ],
       [0.        , 0.13489085],
       [0.        , 0.1361789 ],
       [0.        , 0.13701032],
       [0.        , 0.13933371],
       [0.        , 0.14287342],
       [0.        , 0.14408451],
       [0.        , 0.14709076],
       [0.        , 0.14823838],
       [0.        , 0.14935799],
       [0.        , 0.14947902],
       [0.        , 0.14977103],
       [0.        , 0.15126131],
       [0.        , 0.15170379],
       [0.        , 0.15265632],
       [0.        , 0.15370847],
       [0.        , 0.15504925],
       [0.        , 0.15600853],
       [0.        , 0.15758187],
       [0.        , 0.15785688],
       [0.        , 0.15879396],
       [0.        , 0.15960035],
       [0.        , 0.160432  ],
       [0.        , 0.16300662],
       [0.        , 0.16541854],
       [0.        , 0.16622055],
       [0.        , 0.1666127 ],
       [0.        , 0.16703372],
       [0.        , 0.16729961],
       [0.        , 0.16758932],
       [0.        , 0.16898568],
       [0.        , 0.16913593],
       [0.        , 0.16957071],
       [0.        , 0.16965519],
       [0.        , 0.1698882 ],
       [0.        , 0.17103417],
       [0.        , 0.17257597],
       [0.        , 0.17269476],
       [0.        , 0.17279448],
       [0.        , 0.17459005],
       [0.        , 0.17514321],
       [0.        , 0.17553607],
       [0.        , 0.17556645],
       [0.        , 0.17577186],
       [0.        , 0.17704591],
       [0.        , 0.17712228],
       [0.        , 0.17739561],
       [0.        , 0.17744587],
       [0.        , 0.17750688],
       [0.        , 0.17758748],
       [0.        , 0.17794302],
       [0.        , 0.17858407],
       [0.        , 0.17955042],
       [0.        , 0.17969106],
       [0.        , 0.18026389],
       [0.        , 0.18042512],
       [0.        , 0.18064918],
       [0.        , 0.1807    ],
       [0.        , 0.18123257],
       [0.        , 0.18223007],
       [0.        , 0.18321298],
       [0.        , 0.18723069],
       [0.        , 0.18763527],
       [0.        , 0.19209252],
       [0.        , 0.19254713],
       [0.        , 0.19302991],
       [0.        , 0.19366373],
       [0.        , 0.19370675],
       [0.        , 0.19388232],
       [0.        , 0.19577177],
       [0.        , 0.19728398],
       [0.        , 0.19777869],
       [0.        , 0.20619328],
       [0.        , 0.20910792],
       [0.        ,        inf]]), array([[0.14343978, 0.14384729]])]",True
156,0.21076805889606476,1.2472271919250488e-05,0.15720987945604017,115.54,5.034171042099812,1,0.009049862623214722,0.009049862623214722,0.009049862623214722,0.98,-0.0,"[array([[0.        , 0.09360617],
       [0.        , 0.09832335],
       [0.        , 0.09906363],
       [0.        , 0.09909354],
       [0.        , 0.10043865],
       [0.        , 0.10550635],
       [0.        , 0.10560107],
       [0.        , 0.10707014],
       [0.        , 0.10742414],
       [0.        , 0.10749517],
       [0.        , 0.10936148],
       [0.        , 0.11030404],
       [0.        , 0.11096176],
       [0.        , 0.11381237],
       [0.        , 0.11432597],
       [0.        , 0.11440433],
       [0.        , 0.11529572],
       [0.        , 0.11695814],
       [0.        , 0.11899885],
       [0.        , 0.11922177],
       [0.        , 0.11963121],
       [0.        , 0.12130774],
       [0.        , 0.12196708],
       [0.        , 0.12249997],
       [0.        , 0.12342139],
       [0.        , 0.12459837],
       [0.        , 0.12495349],
       [0.        , 0.12530892],
       [0.        , 0.12766671],
       [0.        , 0.12971132],
       [0.        , 0.12978062],
       [0.        , 0.13020302],
       [0.        , 0.13329279],
       [0.        , 0.13489085],
       [0.        , 0.13658053],
       [0.        , 0.13701032],
       [0.        , 0.13738295],
       [0.        , 0.13797852],
       [0.        , 0.13864678],
       [0.        , 0.13891366],
       [0.        , 0.13920236],
       [0.        , 0.13964829],
       [0.        , 0.13968487],
       [0.        , 0.14023618],
       [0.        , 0.14053106],
       [0.        , 0.14093225],
       [0.        , 0.14142479],
       [0.        , 0.14154388],
       [0.        , 0.1416464 ],
       [0.        , 0.14229178],
       [0.        , 0.14298554],
       [0.        , 0.14299229],
       [0.        , 0.14386615],
       [0.        , 0.14487444],
       [0.        , 0.14513972],
       [0.        , 0.14686209],
       [0.        , 0.15076526],
       [0.        , 0.15106267],
       [0.        , 0.15112518],
       [0.        , 0.1535272 ],
       [0.        , 0.15440597],
       [0.        , 0.15444197],
       [0.        , 0.15562631],
       [0.        , 0.15609497],
       [0.        , 0.1561415 ],
       [0.        , 0.15706147],
       [0.        , 0.15851125],
       [0.        , 0.15937117],
       [0.        , 0.15948428],
       [0.        , 0.16028005],
       [0.        , 0.16062337],
       [0.        , 0.16288769],
       [0.        , 0.16300662],
       [0.        , 0.16414994],
       [0.        , 0.16416852],
       [0.        , 0.16433187],
       [0.        , 0.16439956],
       [0.        , 0.16480264],
       [0.        , 0.16554916],
       [0.        , 0.16587099],
       [0.        , 0.16656803],
       [0.        , 0.16687484],
       [0.        , 0.16699606],
       [0.        , 0.16709445],
       [0.        , 0.16729924],
       [0.        , 0.16730237],
       [0.        , 0.16788711],
       [0.        , 0.16843249],
       [0.        , 0.16844131],
       [0.        , 0.16845967],
       [0.        , 0.16852736],
       [0.        , 0.16906965],
       [0.        , 0.16943532],
       [0.        , 0.16961738],
       [0.        , 0.16973044],
       [0.        , 0.1698126 ],
       [0.        , 0.1706505 ],
       [0.        , 0.1708378 ],
       [0.        , 0.17116816],
       [0.        , 0.17130633],
       [0.        , 0.17205316],
       [0.        , 0.17249997],
       [0.        , 0.17257597],
       [0.        , 0.17292985],
       [0.        , 0.17343602],
       [0.        , 0.17343682],
       [0.        , 0.17377718],
       [0.        , 0.17391917],
       [0.        , 0.17468522],
       [0.        , 0.17513563],
       [0.        , 0.17519139],
       [0.        , 0.17601864],
       [0.        , 0.17630565],
       [0.        , 0.17652078],
       [0.        , 0.17656271],
       [0.        , 0.1771701 ],
       [0.        , 0.17753714],
       [0.        , 0.17826165],
       [0.        , 0.1787502 ],
       [0.        , 0.17880572],
       [0.        , 0.17920326],
       [0.        , 0.17943585],
       [0.        , 0.17988297],
       [0.        , 0.18033491],
       [0.        , 0.18052639],
       [0.        , 0.18058112],
       [0.        , 0.18112268],
       [0.        , 0.18148348],
       [0.        , 0.18153749],
       [0.        , 0.18178581],
       [0.        , 0.18186665],
       [0.        , 0.18301429],
       [0.        , 0.18360253],
       [0.        , 0.18363778],
       [0.        , 0.18598868],
       [0.        , 0.18697929],
       [0.        , 0.18723069],
       [0.        , 0.18732212],
       [0.        , 0.187692  ],
       [0.        , 0.18797153],
       [0.        , 0.18819608],
       [0.        , 0.18852411],
       [0.        , 0.18908854],
       [0.        , 0.18915944],
       [0.        , 0.18954748],
       [0.        , 0.1908669 ],
       [0.        , 0.19091107],
       [0.        , 0.19111091],
       [0.        , 0.19325803],
       [0.        , 0.19378611],
       [0.        , 0.19697955],
       [0.        , 0.19770649],
       [0.        , 0.20337063],
       [0.        , 0.20386396],
       [0.        , 0.21075559],
       [0.        , 0.21076806],
       [0.        ,        inf]]), array([[0.14947902, 0.15852888]])]",True
113,0.20452149212360382,0.0004506707191467285,0.14660021148424232,80.54,4.704497947028363,3,0.004005804657936096,0.0035983026027679443,0.0015825231870015462,0.5,0.54091881801234,"[array([[0.        , 0.09360617],
       [0.        , 0.09523675],
       [0.        , 0.09832335],
       [0.        , 0.09884338],
       [0.        , 0.09906363],
       [0.        , 0.10043865],
       [0.        , 0.10528746],
       [0.        , 0.10550635],
       [0.        , 0.10560107],
       [0.        , 0.10644238],
       [0.        , 0.10675944],
       [0.        , 0.10707014],
       [0.        , 0.10742414],
       [0.        , 0.10749517],
       [0.        , 0.10936148],
       [0.        , 0.11030404],
       [0.        , 0.11049966],
       [0.        , 0.11096176],
       [0.        , 0.11128757],
       [0.        , 0.11179125],
       [0.        , 0.1121757 ],
       [0.        , 0.11355285],
       [0.        , 0.1135994 ],
       [0.        , 0.11381237],
       [0.        , 0.11432597],
       [0.        , 0.1150218 ],
       [0.        , 0.11515439],
       [0.        , 0.11515816],
       [0.        , 0.11550342],
       [0.        , 0.11695814],
       [0.        , 0.11795647],
       [0.        , 0.11827139],
       [0.        , 0.11963121],
       [0.        , 0.11975511],
       [0.        , 0.12046551],
       [0.        , 0.12072835],
       [0.        , 0.12110982],
       [0.        , 0.12140132],
       [0.        , 0.12342139],
       [0.        , 0.12432688],
       [0.        , 0.12459837],
       [0.        , 0.12495349],
       [0.        , 0.12530892],
       [0.        , 0.12696232],
       [0.        , 0.12971132],
       [0.        , 0.12978062],
       [0.        , 0.13229185],
       [0.        , 0.13239314],
       [0.        , 0.13280834],
       [0.        , 0.13367438],
       [0.        , 0.14235471],
       [0.        , 0.14257696],
       [0.        , 0.14282262],
       [0.        , 0.14628488],
       [0.        , 0.14814167],
       [0.        , 0.15022378],
       [0.        , 0.15076526],
       [0.        , 0.15099099],
       [0.        , 0.1531318 ],
       [0.        , 0.15373945],
       [0.        , 0.1551968 ],
       [0.        , 0.15577227],
       [0.        , 0.15706147],
       [0.        , 0.15792456],
       [0.        , 0.15906753],
       [0.        , 0.15970288],
       [0.        , 0.16026869],
       [0.        , 0.1602848 ],
       [0.        , 0.16074041],
       [0.        , 0.16396929],
       [0.        , 0.16480853],
       [0.        , 0.16551818],
       [0.        , 0.16569617],
       [0.        , 0.16699593],
       [0.        , 0.16807453],
       [0.        , 0.16855586],
       [0.        , 0.16958174],
       [0.        , 0.16989921],
       [0.        , 0.1705555 ],
       [0.        , 0.17169099],
       [0.        , 0.17185244],
       [0.        , 0.17349188],
       [0.        , 0.17363581],
       [0.        , 0.17368105],
       [0.        , 0.17385608],
       [0.        , 0.17519139],
       [0.        , 0.17556645],
       [0.        , 0.17567964],
       [0.        , 0.17611749],
       [0.        , 0.17646983],
       [0.        , 0.17772126],
       [0.        , 0.17868009],
       [0.        , 0.17911251],
       [0.        , 0.18042512],
       [0.        , 0.18042892],
       [0.        , 0.18124752],
       [0.        , 0.18301429],
       [0.        , 0.18486804],
       [0.        , 0.18583475],
       [0.        , 0.18723069],
       [0.        , 0.18819608],
       [0.        , 0.18828076],
       [0.        , 0.18852109],
       [0.        , 0.18987989],
       [0.        , 0.19028851],
       [0.        , 0.19048858],
       [0.        , 0.19127753],
       [0.        , 0.19157745],
       [0.        , 0.19188692],
       [0.        , 0.19195129],
       [0.        , 0.19226451],
       [0.        , 0.20407082],
       [0.        , 0.20452149],
       [0.        ,        inf]]), array([[0.14351302, 0.14384729],
       [0.14343978, 0.14384729],
       [0.13489085, 0.13889666]])]",True
135,0.2131369560956955,0.010557889938354492,0.15819434313862413,99.4,4.889715256605907,2,0.002627432346343994,0.0022931694984436035,0.0014808475971221924,0.42,0.3524575214387263,"[array([[0.        , 0.09360617],
       [0.        , 0.09832335],
       [0.        , 0.09906363],
       [0.        , 0.10043865],
       [0.        , 0.10550635],
       [0.        , 0.10560107],
       [0.        , 0.10675944],
       [0.        , 0.10707014],
       [0.        , 0.10749517],
       [0.        , 0.10936148],
       [0.        , 0.11030404],
       [0.        , 0.11096176],
       [0.        , 0.11128757],
       [0.        , 0.11355491],
       [0.        , 0.11515439],
       [0.        , 0.11695814],
       [0.        , 0.11899885],
       [0.        , 0.11963121],
       [0.        , 0.11986774],
       [0.        , 0.12065811],
       [0.        , 0.12342139],
       [0.        , 0.12432688],
       [0.        , 0.12459837],
       [0.        , 0.12495349],
       [0.        , 0.12530892],
       [0.        , 0.12944314],
       [0.        , 0.12971132],
       [0.        , 0.12978062],
       [0.        , 0.13380259],
       [0.        , 0.13382825],
       [0.        , 0.13489085],
       [0.        , 0.13658053],
       [0.        , 0.13701032],
       [0.        , 0.13738295],
       [0.        , 0.13806018],
       [0.        , 0.13897333],
       [0.        , 0.14023618],
       [0.        , 0.14121814],
       [0.        , 0.14160265],
       [0.        , 0.14229178],
       [0.        , 0.14299229],
       [0.        , 0.14513972],
       [0.        , 0.14947902],
       [0.        , 0.14982006],
       [0.        , 0.1501243 ],
       [0.        , 0.1535272 ],
       [0.        , 0.15506949],
       [0.        , 0.1561415 ],
       [0.        , 0.15805763],
       [0.        , 0.15851125],
       [0.        , 0.15883301],
       [0.        , 0.1591834 ],
       [0.        , 0.15937117],
       [0.        , 0.1602848 ],
       [0.        , 0.16059737],
       [0.        , 0.16197702],
       [0.        , 0.16197859],
       [0.        , 0.16300662],
       [0.        , 0.16345395],
       [0.        , 0.16439956],
       [0.        , 0.16457632],
       [0.        , 0.16480264],
       [0.        , 0.16587099],
       [0.        , 0.16656803],
       [0.        , 0.16687484],
       [0.        , 0.16699593],
       [0.        , 0.16715761],
       [0.        , 0.16726226],
       [0.        , 0.16729961],
       [0.        , 0.16745424],
       [0.        , 0.16788711],
       [0.        , 0.16807453],
       [0.        , 0.16845967],
       [0.        , 0.16852736],
       [0.        , 0.16853108],
       [0.        , 0.16906965],
       [0.        , 0.16943532],
       [0.        , 0.16961738],
       [0.        , 0.16962318],
       [0.        , 0.1698126 ],
       [0.        , 0.17158352],
       [0.        , 0.17205316],
       [0.        , 0.17223527],
       [0.        , 0.17233349],
       [0.        , 0.17235938],
       [0.        , 0.1727183 ],
       [0.        , 0.17284001],
       [0.        , 0.17290638],
       [0.        , 0.17343602],
       [0.        , 0.17343682],
       [0.        , 0.17363378],
       [0.        , 0.17390485],
       [0.        , 0.1739147 ],
       [0.        , 0.17391917],
       [0.        , 0.17519139],
       [0.        , 0.17529938],
       [0.        , 0.17553587],
       [0.        , 0.17601864],
       [0.        , 0.17645831],
       [0.        , 0.17646983],
       [0.        , 0.17652078],
       [0.        , 0.1771701 ],
       [0.        , 0.17772126],
       [0.        , 0.17772889],
       [0.        , 0.17826165],
       [0.        , 0.1787502 ],
       [0.        , 0.17887206],
       [0.        , 0.17943585],
       [0.        , 0.17988297],
       [0.        , 0.18052639],
       [0.        , 0.1808667 ],
       [0.        , 0.18112268],
       [0.        , 0.18146169],
       [0.        , 0.18148348],
       [0.        , 0.18288396],
       [0.        , 0.18301429],
       [0.        , 0.18360253],
       [0.        , 0.18697929],
       [0.        , 0.18723069],
       [0.        , 0.18732212],
       [0.        , 0.187692  ],
       [0.        , 0.18797123],
       [0.        , 0.18798214],
       [0.        , 0.18819608],
       [0.        , 0.18908419],
       [0.        , 0.18966909],
       [0.        , 0.19091107],
       [0.        , 0.1919857 ],
       [0.        , 0.19489282],
       [0.        , 0.19697955],
       [0.        , 0.19770649],
       [0.        , 0.19784626],
       [0.        , 0.19864543],
       [0.        , 0.20257907],
       [0.        , 0.21313696],
       [0.        ,        inf]]), array([[0.14771369, 0.15034112],
       [0.14351302, 0.14384729]])]",True
119,0.19790469110012054,0.00019820034503936768,0.15598656349823253,93.14,4.76204435848868,1,0.0016774982213974,0.0016774982213974,0.0016774982213974,0.98,-0.0,"[array([[0.        , 0.09360617],
       [0.        , 0.0976526 ],
       [0.        , 0.09832335],
       [0.        , 0.09906363],
       [0.        , 0.10043865],
       [0.        , 0.10550635],
       [0.        , 0.10560107],
       [0.        , 0.10707014],
       [0.        , 0.10742414],
       [0.        , 0.10749517],
       [0.        , 0.10936148],
       [0.        , 0.11030404],
       [0.        , 0.11049966],
       [0.        , 0.11096176],
       [0.        , 0.11179125],
       [0.        , 0.11381237],
       [0.        , 0.11644582],
       [0.        , 0.11827139],
       [0.        , 0.11891481],
       [0.        , 0.11963121],
       [0.        , 0.12001807],
       [0.        , 0.12459837],
       [0.        , 0.12495349],
       [0.        , 0.12505792],
       [0.        , 0.12530892],
       [0.        , 0.12554002],
       [0.        , 0.12749763],
       [0.        , 0.12971132],
       [0.        , 0.12978062],
       [0.        , 0.13203877],
       [0.        , 0.13489085],
       [0.        , 0.13559386],
       [0.        , 0.1359193 ],
       [0.        , 0.13731146],
       [0.        , 0.13949561],
       [0.        , 0.14019492],
       [0.        , 0.14023618],
       [0.        , 0.14229178],
       [0.        , 0.14298554],
       [0.        , 0.14299229],
       [0.        , 0.14828476],
       [0.        , 0.14947902],
       [0.        , 0.1535272 ],
       [0.        , 0.1551968 ],
       [0.        , 0.1561415 ],
       [0.        , 0.15749855],
       [0.        , 0.15851125],
       [0.        , 0.15937117],
       [0.        , 0.1602848 ],
       [0.        , 0.16082723],
       [0.        , 0.16159019],
       [0.        , 0.16232932],
       [0.        , 0.16288048],
       [0.        , 0.16300662],
       [0.        , 0.16439956],
       [0.        , 0.16480264],
       [0.        , 0.16587099],
       [0.        , 0.16612799],
       [0.        , 0.16656803],
       [0.        , 0.16687484],
       [0.        , 0.16689292],
       [0.        , 0.167087  ],
       [0.        , 0.16785429],
       [0.        , 0.16788711],
       [0.        , 0.16808406],
       [0.        , 0.16845967],
       [0.        , 0.16846639],
       [0.        , 0.16852736],
       [0.        , 0.16906965],
       [0.        , 0.16943532],
       [0.        , 0.16961738],
       [0.        , 0.1698126 ],
       [0.        , 0.17094208],
       [0.        , 0.17099561],
       [0.        , 0.1711684 ],
       [0.        , 0.17185244],
       [0.        , 0.17194411],
       [0.        , 0.17205316],
       [0.        , 0.17223527],
       [0.        , 0.17245153],
       [0.        , 0.17343602],
       [0.        , 0.17343682],
       [0.        , 0.17379877],
       [0.        , 0.17391917],
       [0.        , 0.17519139],
       [0.        , 0.17601864],
       [0.        , 0.17652078],
       [0.        , 0.1771701 ],
       [0.        , 0.17826165],
       [0.        , 0.17841154],
       [0.        , 0.1787502 ],
       [0.        , 0.17898312],
       [0.        , 0.17924394],
       [0.        , 0.17933482],
       [0.        , 0.17943585],
       [0.        , 0.17988297],
       [0.        , 0.18112268],
       [0.        , 0.18117131],
       [0.        , 0.18148348],
       [0.        , 0.18195523],
       [0.        , 0.18257737],
       [0.        , 0.18324928],
       [0.        , 0.18360253],
       [0.        , 0.18487521],
       [0.        , 0.18598868],
       [0.        , 0.18678032],
       [0.        , 0.18697929],
       [0.        , 0.18723069],
       [0.        , 0.1872596 ],
       [0.        , 0.18732212],
       [0.        , 0.18743366],
       [0.        , 0.18819608],
       [0.        , 0.18932153],
       [0.        , 0.19052842],
       [0.        , 0.19091107],
       [0.        , 0.19302468],
       [0.        , 0.19697955],
       [0.        , 0.19770649],
       [0.        , 0.19790469],
       [0.        ,        inf]]), array([[0.13701032, 0.13868782]])]",False
131,0.20144771039485931,0.002795472741127014,0.15102245783760349,97.62,4.854573152527944,1,0.0034260302782058716,0.0034260302782058716,0.0034260302782058716,0.98,-0.0,"[array([[0.        , 0.08339889],
       [0.        , 0.09360617],
       [0.        , 0.09523675],
       [0.        , 0.09600542],
       [0.        , 0.0976526 ],
       [0.        , 0.09832335],
       [0.        , 0.09884338],
       [0.        , 0.09906363],
       [0.        , 0.10016502],
       [0.        , 0.10043865],
       [0.        , 0.10550635],
       [0.        , 0.10707014],
       [0.        , 0.10742414],
       [0.        , 0.10749517],
       [0.        , 0.10911847],
       [0.        , 0.10936148],
       [0.        , 0.11030404],
       [0.        , 0.11096176],
       [0.        , 0.11200139],
       [0.        , 0.11310678],
       [0.        , 0.11355285],
       [0.        , 0.1135994 ],
       [0.        , 0.11381237],
       [0.        , 0.11475164],
       [0.        , 0.11515439],
       [0.        , 0.11539797],
       [0.        , 0.11579727],
       [0.        , 0.11796841],
       [0.        , 0.11891481],
       [0.        , 0.11963121],
       [0.        , 0.11975511],
       [0.        , 0.12100541],
       [0.        , 0.12459837],
       [0.        , 0.12495349],
       [0.        , 0.12530892],
       [0.        , 0.12562174],
       [0.        , 0.12696232],
       [0.        , 0.12749763],
       [0.        , 0.12930465],
       [0.        , 0.12978062],
       [0.        , 0.13004932],
       [0.        , 0.13120177],
       [0.        , 0.13139969],
       [0.        , 0.1361789 ],
       [0.        , 0.13811679],
       [0.        , 0.14173736],
       [0.        , 0.14229815],
       [0.        , 0.14298554],
       [0.        , 0.14299349],
       [0.        , 0.14447464],
       [0.        , 0.14714186],
       [0.        , 0.14814167],
       [0.        , 0.14977103],
       [0.        , 0.15076526],
       [0.        , 0.15094306],
       [0.        , 0.15099099],
       [0.        , 0.1513107 ],
       [0.        , 0.15175581],
       [0.        , 0.15214543],
       [0.        , 0.15273552],
       [0.        , 0.15329392],
       [0.        , 0.15694359],
       [0.        , 0.15793334],
       [0.        , 0.15842032],
       [0.        , 0.15960035],
       [0.        , 0.1602848 ],
       [0.        , 0.16051416],
       [0.        , 0.16051939],
       [0.        , 0.16248745],
       [0.        , 0.16273001],
       [0.        , 0.16368407],
       [0.        , 0.16383483],
       [0.        , 0.16427548],
       [0.        , 0.16451338],
       [0.        , 0.16508074],
       [0.        , 0.16561741],
       [0.        , 0.1659731 ],
       [0.        , 0.16616978],
       [0.        , 0.16620614],
       [0.        , 0.16686663],
       [0.        , 0.16706103],
       [0.        , 0.16771924],
       [0.        , 0.16882606],
       [0.        , 0.16898568],
       [0.        , 0.16906965],
       [0.        , 0.16948386],
       [0.        , 0.16952291],
       [0.        , 0.17103417],
       [0.        , 0.17119499],
       [0.        , 0.17155828],
       [0.        , 0.17225133],
       [0.        , 0.17303352],
       [0.        , 0.17327538],
       [0.        , 0.17338857],
       [0.        , 0.17385608],
       [0.        , 0.1741066 ],
       [0.        , 0.17415886],
       [0.        , 0.17523061],
       [0.        , 0.17554204],
       [0.        , 0.17579475],
       [0.        , 0.17594486],
       [0.        , 0.17718804],
       [0.        , 0.17762703],
       [0.        , 0.17798418],
       [0.        , 0.17854553],
       [0.        , 0.17918904],
       [0.        , 0.17955042],
       [0.        , 0.17972544],
       [0.        , 0.18054678],
       [0.        , 0.1806415 ],
       [0.        , 0.18158248],
       [0.        , 0.18212315],
       [0.        , 0.18257737],
       [0.        , 0.18269497],
       [0.        , 0.18274118],
       [0.        , 0.18325239],
       [0.        , 0.18374085],
       [0.        , 0.18503748],
       [0.        , 0.18522102],
       [0.        , 0.18607043],
       [0.        , 0.18723069],
       [0.        , 0.1880307 ],
       [0.        , 0.18819608],
       [0.        , 0.18942475],
       [0.        , 0.19099838],
       [0.        , 0.1931555 ],
       [0.        , 0.19370675],
       [0.        , 0.19717875],
       [0.        , 0.19830468],
       [0.        , 0.19865224],
       [0.        , 0.20144771],
       [0.        ,        inf]]), array([[0.13489085, 0.13831688]])]",False
88,0.19808952510356903,0.0018769055604934692,0.14902033741501244,65.76,4.458181465834259,0,0.0,0.0,0.0,0.0,0.0,"[array([[0.        , 0.09360617],
       [0.        , 0.09832335],
       [0.        , 0.09884338],
       [0.        , 0.10043865],
       [0.        , 0.10550635],
       [0.        , 0.10560107],
       [0.        , 0.10707014],
       [0.        , 0.10742414],
       [0.        , 0.10749517],
       [0.        , 0.11030404],
       [0.        , 0.11090633],
       [0.        , 0.11096176],
       [0.        , 0.11128757],
       [0.        , 0.11179125],
       [0.        , 0.1135994 ],
       [0.        , 0.11381237],
       [0.        , 0.11432597],
       [0.        , 0.11515439],
       [0.        , 0.11515816],
       [0.        , 0.11795647],
       [0.        , 0.11963121],
       [0.        , 0.12046551],
       [0.        , 0.12110982],
       [0.        , 0.12342139],
       [0.        , 0.12412774],
       [0.        , 0.12459837],
       [0.        , 0.12495349],
       [0.        , 0.12785247],
       [0.        , 0.12978062],
       [0.        , 0.12994631],
       [0.        , 0.13109675],
       [0.        , 0.1343098 ],
       [0.        , 0.13489085],
       [0.        , 0.14529756],
       [0.        , 0.14550446],
       [0.        , 0.14736488],
       [0.        , 0.14744817],
       [0.        , 0.14814167],
       [0.        , 0.14973855],
       [0.        , 0.15093867],
       [0.        , 0.15135854],
       [0.        , 0.1531318 ],
       [0.        , 0.1551968 ],
       [0.        , 0.15556759],
       [0.        , 0.15806548],
       [0.        , 0.1599509 ],
       [0.        , 0.15998858],
       [0.        , 0.1602388 ],
       [0.        , 0.1602848 ],
       [0.        , 0.16213821],
       [0.        , 0.16289032],
       [0.        , 0.16300662],
       [0.        , 0.16383483],
       [0.        , 0.16443482],
       [0.        , 0.16480853],
       [0.        , 0.16516048],
       [0.        , 0.16561741],
       [0.        , 0.16612799],
       [0.        , 0.16771924],
       [0.        , 0.16798499],
       [0.        , 0.1681422 ],
       [0.        , 0.16828512],
       [0.        , 0.16958174],
       [0.        , 0.16991256],
       [0.        , 0.17038804],
       [0.        , 0.17169099],
       [0.        , 0.17210133],
       [0.        , 0.17303352],
       [0.        , 0.17357293],
       [0.        , 0.17364578],
       [0.        , 0.17390485],
       [0.        , 0.17476702],
       [0.        , 0.17556645],
       [0.        , 0.17594486],
       [0.        , 0.17769904],
       [0.        , 0.18158248],
       [0.        , 0.18321298],
       [0.        , 0.18325239],
       [0.        , 0.18344282],
       [0.        , 0.18371473],
       [0.        , 0.18723069],
       [0.        , 0.18726042],
       [0.        , 0.18848243],
       [0.        , 0.19056937],
       [0.        , 0.19226451],
       [0.        , 0.19254713],
       [0.        , 0.19621262],
       [0.        , 0.19808953],
       [0.        ,        inf]]), array([], shape=(0, 2), dtype=float64)]",False
56,0.20169445872306824,0.003785163164138794,0.14032375586352178,38.78,4.000861929506149,0,0.0,0.0,0.0,0.0,0.0,"[array([[0.        , 0.08339889],
       [0.        , 0.09360617],
       [0.        , 0.09465762],
       [0.        , 0.09523675],
       [0.        , 0.09906363],
       [0.        , 0.10016502],
       [0.        , 0.10043865],
       [0.        , 0.10550635],
       [0.        , 0.10560107],
       [0.        , 0.10707014],
       [0.        , 0.10749517],
       [0.        , 0.10936148],
       [0.        , 0.11030404],
       [0.        , 0.11096176],
       [0.        , 0.1135994 ],
       [0.        , 0.11515816],
       [0.        , 0.11963121],
       [0.        , 0.12342139],
       [0.        , 0.12420486],
       [0.        , 0.12459837],
       [0.        , 0.12495349],
       [0.        , 0.12530892],
       [0.        , 0.12554002],
       [0.        , 0.12562174],
       [0.        , 0.12978062],
       [0.        , 0.13249144],
       [0.        , 0.13489085],
       [0.        , 0.1361789 ],
       [0.        , 0.14023618],
       [0.        , 0.14128561],
       [0.        , 0.14425278],
       [0.        , 0.14451441],
       [0.        , 0.14527535],
       [0.        , 0.14876328],
       [0.        , 0.14947902],
       [0.        , 0.15367106],
       [0.        , 0.1551968 ],
       [0.        , 0.15577227],
       [0.        , 0.15936223],
       [0.        , 0.16647844],
       [0.        , 0.16701578],
       [0.        , 0.16855586],
       [0.        , 0.17020082],
       [0.        , 0.17060025],
       [0.        , 0.17390485],
       [0.        , 0.17445526],
       [0.        , 0.17534114],
       [0.        , 0.17646983],
       [0.        , 0.17797257],
       [0.        , 0.17870498],
       [0.        , 0.18301429],
       [0.        , 0.18518992],
       [0.        , 0.1863714 ],
       [0.        , 0.18819608],
       [0.        , 0.1979093 ],
       [0.        , 0.20169446],
       [0.        ,        inf]]), array([], shape=(0, 2), dtype=float64)]",True
87,0.19389723241329193,6.726384162902832e-05,0.15065473883316435,67.14,4.44662358918162,2,0.0035467520356178284,0.0032124891877174377,0.0019405074417591095,0.16,0.2934859593927685,"[array([[0.        , 0.09360617],
       [0.        , 0.09505783],
       [0.        , 0.09832335],
       [0.        , 0.09884338],
       [0.        , 0.09906363],
       [0.        , 0.10043865],
       [0.        , 0.10550635],
       [0.        , 0.10560107],
       [0.        , 0.10675944],
       [0.        , 0.10707014],
       [0.        , 0.10749517],
       [0.        , 0.10936148],
       [0.        , 0.11030404],
       [0.        , 0.11096176],
       [0.        , 0.1135994 ],
       [0.        , 0.11849621],
       [0.        , 0.1193398 ],
       [0.        , 0.11963121],
       [0.        , 0.12342139],
       [0.        , 0.12432688],
       [0.        , 0.12459837],
       [0.        , 0.12479368],
       [0.        , 0.12495349],
       [0.        , 0.12505792],
       [0.        , 0.1254465 ],
       [0.        , 0.12554002],
       [0.        , 0.12562174],
       [0.        , 0.13440865],
       [0.        , 0.1361789 ],
       [0.        , 0.13855748],
       [0.        , 0.13920236],
       [0.        , 0.14023618],
       [0.        , 0.14425278],
       [0.        , 0.14451441],
       [0.        , 0.15008543],
       [0.        , 0.15014958],
       [0.        , 0.15079165],
       [0.        , 0.15198994],
       [0.        , 0.15335615],
       [0.        , 0.15367106],
       [0.        , 0.15577227],
       [0.        , 0.15842032],
       [0.        , 0.15936223],
       [0.        , 0.15965292],
       [0.        , 0.15985009],
       [0.        , 0.16062337],
       [0.        , 0.16262496],
       [0.        , 0.1627229 ],
       [0.        , 0.16397686],
       [0.        , 0.16464393],
       [0.        , 0.16514662],
       [0.        , 0.1654111 ],
       [0.        , 0.16647844],
       [0.        , 0.16701578],
       [0.        , 0.16704108],
       [0.        , 0.16715761],
       [0.        , 0.16855586],
       [0.        , 0.16885361],
       [0.        , 0.17020082],
       [0.        , 0.17060025],
       [0.        , 0.17116538],
       [0.        , 0.17301698],
       [0.        , 0.17390485],
       [0.        , 0.17445526],
       [0.        , 0.17518038],
       [0.        , 0.17527495],
       [0.        , 0.17534114],
       [0.        , 0.17609808],
       [0.        , 0.17646983],
       [0.        , 0.176596  ],
       [0.        , 0.17797257],
       [0.        , 0.17870498],
       [0.        , 0.17923388],
       [0.        , 0.18049748],
       [0.        , 0.18100594],
       [0.        , 0.18127273],
       [0.        , 0.18301429],
       [0.        , 0.1846116 ],
       [0.        , 0.18518992],
       [0.        , 0.1863714 ],
       [0.        , 0.18723069],
       [0.        , 0.18728285],
       [0.        , 0.18777193],
       [0.        , 0.18819608],
       [0.        , 0.18865125],
       [0.        , 0.19382997],
       [0.        , 0.19389723],
       [0.        ,        inf]]), array([[0.14351302, 0.14384729],
       [0.12065811, 0.12420486]])]",True
91,0.2092372477054596,0.003984197974205017,0.15361943005860507,66.44,4.491451403226102,0,0.0,0.0,0.0,0.0,0.0,"[array([[0.        , 0.09360617],
       [0.        , 0.09832335],
       [0.        , 0.10043865],
       [0.        , 0.10355055],
       [0.        , 0.10550635],
       [0.        , 0.10560107],
       [0.        , 0.10707014],
       [0.        , 0.10742414],
       [0.        , 0.10749517],
       [0.        , 0.10936148],
       [0.        , 0.11030404],
       [0.        , 0.11090633],
       [0.        , 0.11096176],
       [0.        , 0.11381237],
       [0.        , 0.11515439],
       [0.        , 0.11695814],
       [0.        , 0.11963121],
       [0.        , 0.11986774],
       [0.        , 0.12342139],
       [0.        , 0.12429306],
       [0.        , 0.12459837],
       [0.        , 0.12495349],
       [0.        , 0.12530892],
       [0.        , 0.12786625],
       [0.        , 0.12880211],
       [0.        , 0.1288262 ],
       [0.        , 0.12922901],
       [0.        , 0.12971132],
       [0.        , 0.12978062],
       [0.        , 0.13489085],
       [0.        , 0.13619392],
       [0.        , 0.14425278],
       [0.        , 0.1459244 ],
       [0.        , 0.14845026],
       [0.        , 0.14947902],
       [0.        , 0.15245995],
       [0.        , 0.15273552],
       [0.        , 0.15391639],
       [0.        , 0.15448652],
       [0.        , 0.15543993],
       [0.        , 0.1558802 ],
       [0.        , 0.15865126],
       [0.        , 0.1594138 ],
       [0.        , 0.16086626],
       [0.        , 0.16141444],
       [0.        , 0.16156375],
       [0.        , 0.16300997],
       [0.        , 0.16358282],
       [0.        , 0.16460998],
       [0.        , 0.1653607 ],
       [0.        , 0.16574109],
       [0.        , 0.16618685],
       [0.        , 0.16625088],
       [0.        , 0.16628234],
       [0.        , 0.16650422],
       [0.        , 0.16703372],
       [0.        , 0.16726226],
       [0.        , 0.16953026],
       [0.        , 0.1704731 ],
       [0.        , 0.17089444],
       [0.        , 0.17116816],
       [0.        , 0.17117697],
       [0.        , 0.17158352],
       [0.        , 0.17493668],
       [0.        , 0.17494902],
       [0.        , 0.17518038],
       [0.        , 0.17526303],
       [0.        , 0.17570652],
       [0.        , 0.17582513],
       [0.        , 0.17604701],
       [0.        , 0.176183  ],
       [0.        , 0.17653356],
       [0.        , 0.1781705 ],
       [0.        , 0.17964613],
       [0.        , 0.18168902],
       [0.        , 0.18301429],
       [0.        , 0.18327549],
       [0.        , 0.18417211],
       [0.        , 0.18488124],
       [0.        , 0.18599851],
       [0.        , 0.18664727],
       [0.        , 0.18819608],
       [0.        , 0.19134331],
       [0.        , 0.19204611],
       [0.        , 0.19218378],
       [0.        , 0.19307318],
       [0.        , 0.19489282],
       [0.        , 0.19851021],
       [0.        , 0.20107912],
       [0.        , 0.20525305],
       [0.        , 0.20923725],
       [0.        ,        inf]]), array([], shape=(0, 2), dtype=float64)]",False
173,0.2096613049507141,0.004408255219459534,0.15820580475419932,129.62,5.1359245595828575,1,0.0050400495529174805,0.0050400495529174805,0.0050400495529174805,0.98,-0.0,"[array([[0.        , 0.09360617],
       [0.        , 0.0976526 ],
       [0.        , 0.09832335],
       [0.        , 0.09906363],
       [0.        , 0.10043865],
       [0.        , 0.10355055],
       [0.        , 0.10528746],
       [0.        , 0.10550635],
       [0.        , 0.10560107],
       [0.        , 0.10675944],
       [0.        , 0.10707014],
       [0.        , 0.10742414],
       [0.        , 0.10749517],
       [0.        , 0.10936148],
       [0.        , 0.11030404],
       [0.        , 0.11049966],
       [0.        , 0.11096176],
       [0.        , 0.11381237],
       [0.        , 0.1150218 ],
       [0.        , 0.11515439],
       [0.        , 0.11515816],
       [0.        , 0.11539797],
       [0.        , 0.11550342],
       [0.        , 0.11827139],
       [0.        , 0.1183588 ],
       [0.        , 0.11963121],
       [0.        , 0.12063984],
       [0.        , 0.12311234],
       [0.        , 0.12429306],
       [0.        , 0.12459837],
       [0.        , 0.12495349],
       [0.        , 0.12521386],
       [0.        , 0.12530892],
       [0.        , 0.12554002],
       [0.        , 0.12639005],
       [0.        , 0.12749763],
       [0.        , 0.12906386],
       [0.        , 0.12922901],
       [0.        , 0.12944314],
       [0.        , 0.12978062],
       [0.        , 0.13116656],
       [0.        , 0.13152754],
       [0.        , 0.13489085],
       [0.        , 0.13619392],
       [0.        , 0.13951378],
       [0.        , 0.14048792],
       [0.        , 0.14053106],
       [0.        , 0.14162295],
       [0.        , 0.14379145],
       [0.        , 0.14408451],
       [0.        , 0.14423384],
       [0.        , 0.14511485],
       [0.        , 0.1459244 ],
       [0.        , 0.14613606],
       [0.        , 0.14628488],
       [0.        , 0.14688501],
       [0.        , 0.1472141 ],
       [0.        , 0.14781834],
       [0.        , 0.14795712],
       [0.        , 0.14845026],
       [0.        , 0.14947902],
       [0.        , 0.15068944],
       [0.        , 0.1508691 ],
       [0.        , 0.15099099],
       [0.        , 0.15231015],
       [0.        , 0.15391639],
       [0.        , 0.15444197],
       [0.        , 0.1551968 ],
       [0.        , 0.15562631],
       [0.        , 0.15609497],
       [0.        , 0.15677325],
       [0.        , 0.15788783],
       [0.        , 0.15792456],
       [0.        , 0.1594138 ],
       [0.        , 0.15970288],
       [0.        , 0.15974152],
       [0.        , 0.16114537],
       [0.        , 0.16137703],
       [0.        , 0.16141444],
       [0.        , 0.16264668],
       [0.        , 0.16361871],
       [0.        , 0.16382602],
       [0.        , 0.16402957],
       [0.        , 0.16442262],
       [0.        , 0.16455689],
       [0.        , 0.16460998],
       [0.        , 0.1648739 ],
       [0.        , 0.16514662],
       [0.        , 0.1653607 ],
       [0.        , 0.16560689],
       [0.        , 0.16587099],
       [0.        , 0.16596338],
       [0.        , 0.16618685],
       [0.        , 0.16618702],
       [0.        , 0.16706103],
       [0.        , 0.16735192],
       [0.        , 0.16753447],
       [0.        , 0.16771924],
       [0.        , 0.16773254],
       [0.        , 0.16926283],
       [0.        , 0.1704731 ],
       [0.        , 0.17089444],
       [0.        , 0.17117697],
       [0.        , 0.17158352],
       [0.        , 0.17171068],
       [0.        , 0.17200154],
       [0.        , 0.17241712],
       [0.        , 0.17261003],
       [0.        , 0.17393897],
       [0.        , 0.17414646],
       [0.        , 0.17555675],
       [0.        , 0.17582513],
       [0.        , 0.17609808],
       [0.        , 0.17670996],
       [0.        , 0.17673552],
       [0.        , 0.17679834],
       [0.        , 0.17697017],
       [0.        , 0.17772126],
       [0.        , 0.17793956],
       [0.        , 0.1781705 ],
       [0.        , 0.1792313 ],
       [0.        , 0.17933482],
       [0.        , 0.1796447 ],
       [0.        , 0.17983069],
       [0.        , 0.18053938],
       [0.        , 0.18058112],
       [0.        , 0.18064298],
       [0.        , 0.18067791],
       [0.        , 0.18085945],
       [0.        , 0.18088552],
       [0.        , 0.18092644],
       [0.        , 0.18098222],
       [0.        , 0.18168902],
       [0.        , 0.18245757],
       [0.        , 0.18257737],
       [0.        , 0.18300372],
       [0.        , 0.18319553],
       [0.        , 0.18325286],
       [0.        , 0.18327549],
       [0.        , 0.18344094],
       [0.        , 0.18417211],
       [0.        , 0.18449867],
       [0.        , 0.18544865],
       [0.        , 0.18599851],
       [0.        , 0.18650614],
       [0.        , 0.18664727],
       [0.        , 0.18709606],
       [0.        , 0.18724845],
       [0.        , 0.18792628],
       [0.        , 0.18819608],
       [0.        , 0.18853861],
       [0.        , 0.18918036],
       [0.        , 0.18934719],
       [0.        , 0.19015576],
       [0.        , 0.19064644],
       [0.        , 0.19171648],
       [0.        , 0.19218378],
       [0.        , 0.19219153],
       [0.        , 0.1935171 ],
       [0.        , 0.19372393],
       [0.        , 0.1941471 ],
       [0.        , 0.19493331],
       [0.        , 0.19562306],
       [0.        , 0.19659039],
       [0.        , 0.19697544],
       [0.        , 0.19876459],
       [0.        , 0.19878897],
       [0.        , 0.19922599],
       [0.        , 0.20014857],
       [0.        , 0.20029715],
       [0.        , 0.20307527],
       [0.        , 0.20525305],
       [0.        , 0.2096613 ],
       [0.        ,        inf]]), array([[0.12488109, 0.12992114]])]",False
96,0.2092372477054596,0.004998236894607544,0.15422783551427224,70.28,4.5432689626853495,0,0.0,0.0,0.0,0.0,0.0,"[array([[0.        , 0.09360617],
       [0.        , 0.09832335],
       [0.        , 0.09906363],
       [0.        , 0.10043865],
       [0.        , 0.10304289],
       [0.        , 0.10550635],
       [0.        , 0.10560107],
       [0.        , 0.10675944],
       [0.        , 0.10707014],
       [0.        , 0.10742414],
       [0.        , 0.10749517],
       [0.        , 0.10936148],
       [0.        , 0.11030404],
       [0.        , 0.11096176],
       [0.        , 0.11381237],
       [0.        , 0.11432597],
       [0.        , 0.11515439],
       [0.        , 0.11515816],
       [0.        , 0.11963121],
       [0.        , 0.12072835],
       [0.        , 0.12196708],
       [0.        , 0.12309878],
       [0.        , 0.12429306],
       [0.        , 0.12459837],
       [0.        , 0.12464786],
       [0.        , 0.12495349],
       [0.        , 0.12530892],
       [0.        , 0.12749763],
       [0.        , 0.12953225],
       [0.        , 0.12971132],
       [0.        , 0.12978062],
       [0.        , 0.13203877],
       [0.        , 0.13489085],
       [0.        , 0.13806   ],
       [0.        , 0.14341918],
       [0.        , 0.14947902],
       [0.        , 0.15054971],
       [0.        , 0.15175581],
       [0.        , 0.15477008],
       [0.        , 0.1551968 ],
       [0.        , 0.1552166 ],
       [0.        , 0.15608835],
       [0.        , 0.1561415 ],
       [0.        , 0.15817972],
       [0.        , 0.15865126],
       [0.        , 0.16125774],
       [0.        , 0.16396929],
       [0.        , 0.16500007],
       [0.        , 0.16537693],
       [0.        , 0.16582592],
       [0.        , 0.16612799],
       [0.        , 0.16625088],
       [0.        , 0.16628234],
       [0.        , 0.16703372],
       [0.        , 0.16821618],
       [0.        , 0.16855586],
       [0.        , 0.16898568],
       [0.        , 0.16953026],
       [0.        , 0.1704731 ],
       [0.        , 0.17064211],
       [0.        , 0.17116816],
       [0.        , 0.17283304],
       [0.        , 0.17313625],
       [0.        , 0.17334762],
       [0.        , 0.17518038],
       [0.        , 0.1774053 ],
       [0.        , 0.17746645],
       [0.        , 0.17772126],
       [0.        , 0.17784114],
       [0.        , 0.1779038 ],
       [0.        , 0.17861955],
       [0.        , 0.17961924],
       [0.        , 0.18099657],
       [0.        , 0.18143559],
       [0.        , 0.18224682],
       [0.        , 0.18228991],
       [0.        , 0.18272117],
       [0.        , 0.18301429],
       [0.        , 0.18363039],
       [0.        , 0.18472874],
       [0.        , 0.184928  ],
       [0.        , 0.18666255],
       [0.        , 0.18702216],
       [0.        , 0.18710583],
       [0.        , 0.18819608],
       [0.        , 0.18956895],
       [0.        , 0.19134331],
       [0.        , 0.19184975],
       [0.        , 0.19204611],
       [0.        , 0.19327621],
       [0.        , 0.19346464],
       [0.        , 0.19398162],
       [0.        , 0.19489282],
       [0.        , 0.19762839],
       [0.        , 0.20423901],
       [0.        , 0.20923725],
       [0.        ,        inf]]), array([], shape=(0, 2), dtype=float64)]",False
65,0.1972830444574356,0.00473591685295105,0.14940480658641228,48.94,4.15409294983106,0,0.0,0.0,0.0,0.0,0.0,"[array([[0.        , 0.09360617],
       [0.        , 0.10043865],
       [0.        , 0.10550635],
       [0.        , 0.10560107],
       [0.        , 0.10707014],
       [0.        , 0.10742414],
       [0.        , 0.10749517],
       [0.        , 0.11030404],
       [0.        , 0.11096176],
       [0.        , 0.11189751],
       [0.        , 0.11515439],
       [0.        , 0.11515816],
       [0.        , 0.11550342],
       [0.        , 0.11864856],
       [0.        , 0.11963121],
       [0.        , 0.12110982],
       [0.        , 0.12249997],
       [0.        , 0.12412774],
       [0.        , 0.12429306],
       [0.        , 0.12459837],
       [0.        , 0.12495349],
       [0.        , 0.12724522],
       [0.        , 0.12785247],
       [0.        , 0.12978062],
       [0.        , 0.12994631],
       [0.        , 0.13489085],
       [0.        , 0.14021519],
       [0.        , 0.14256233],
       [0.        , 0.14331436],
       [0.        , 0.14379145],
       [0.        , 0.14947902],
       [0.        , 0.14977103],
       [0.        , 0.15490527],
       [0.        , 0.1551968 ],
       [0.        , 0.15749855],
       [0.        , 0.1588219 ],
       [0.        , 0.15974152],
       [0.        , 0.16515915],
       [0.        , 0.16855586],
       [0.        , 0.1705555 ],
       [0.        , 0.17067055],
       [0.        , 0.17169099],
       [0.        , 0.17245153],
       [0.        , 0.17330679],
       [0.        , 0.17330708],
       [0.        , 0.17363581],
       [0.        , 0.17385608],
       [0.        , 0.17398374],
       [0.        , 0.17710027],
       [0.        , 0.17770015],
       [0.        , 0.17772126],
       [0.        , 0.17778365],
       [0.        , 0.17854553],
       [0.        , 0.17941011],
       [0.        , 0.18204515],
       [0.        , 0.18224682],
       [0.        , 0.18239807],
       [0.        , 0.18321298],
       [0.        , 0.18583475],
       [0.        , 0.18828076],
       [0.        , 0.18932153],
       [0.        , 0.18944754],
       [0.        , 0.19226451],
       [0.        , 0.19254713],
       [0.        , 0.19728304],
       [0.        ,        inf]]), array([], shape=(0, 2), dtype=float64)]",True
110,0.21207195520401,0.0022871941328048706,0.15799901607361708,81.32,4.684781018731748,0,0.0,0.0,0.0,0.0,0.0,"[array([[0.        , 0.09360617],
       [0.        , 0.10043865],
       [0.        , 0.10528746],
       [0.        , 0.10550635],
       [0.        , 0.10560107],
       [0.        , 0.10707014],
       [0.        , 0.10749517],
       [0.        , 0.11030404],
       [0.        , 0.11090633],
       [0.        , 0.11096176],
       [0.        , 0.11515816],
       [0.        , 0.11963121],
       [0.        , 0.12246194],
       [0.        , 0.12249997],
       [0.        , 0.12429306],
       [0.        , 0.12452517],
       [0.        , 0.12459837],
       [0.        , 0.12495349],
       [0.        , 0.12724522],
       [0.        , 0.12785247],
       [0.        , 0.12880211],
       [0.        , 0.12978062],
       [0.        , 0.13139866],
       [0.        , 0.13448888],
       [0.        , 0.13489085],
       [0.        , 0.13628814],
       [0.        , 0.13776006],
       [0.        , 0.14021519],
       [0.        , 0.14172322],
       [0.        , 0.14433177],
       [0.        , 0.14513972],
       [0.        , 0.14529756],
       [0.        , 0.14531396],
       [0.        , 0.14563482],
       [0.        , 0.1459244 ],
       [0.        , 0.14644173],
       [0.        , 0.14686209],
       [0.        , 0.14814167],
       [0.        , 0.14816228],
       [0.        , 0.1501243 ],
       [0.        , 0.15070279],
       [0.        , 0.15082821],
       [0.        , 0.15093867],
       [0.        , 0.15099099],
       [0.        , 0.15273552],
       [0.        , 0.15448652],
       [0.        , 0.1551968 ],
       [0.        , 0.15543993],
       [0.        , 0.15562631],
       [0.        , 0.15701473],
       [0.        , 0.15795462],
       [0.        , 0.15865126],
       [0.        , 0.15998858],
       [0.        , 0.1612287 ],
       [0.        , 0.16141444],
       [0.        , 0.16156375],
       [0.        , 0.16289032],
       [0.        , 0.16300662],
       [0.        , 0.1630889 ],
       [0.        , 0.16310018],
       [0.        , 0.16360669],
       [0.        , 0.16484758],
       [0.        , 0.16628234],
       [0.        , 0.16651347],
       [0.        , 0.16735145],
       [0.        , 0.16794743],
       [0.        , 0.16943532],
       [0.        , 0.16957071],
       [0.        , 0.17003736],
       [0.        , 0.1704731 ],
       [0.        , 0.17225133],
       [0.        , 0.17227513],
       [0.        , 0.17257597],
       [0.        , 0.17303661],
       [0.        , 0.17328022],
       [0.        , 0.17373677],
       [0.        , 0.17408678],
       [0.        , 0.1753373 ],
       [0.        , 0.17603637],
       [0.        , 0.17632504],
       [0.        , 0.17662632],
       [0.        , 0.17794302],
       [0.        , 0.1787502 ],
       [0.        , 0.17932041],
       [0.        , 0.17964613],
       [0.        , 0.18168902],
       [0.        , 0.18187845],
       [0.        , 0.18247999],
       [0.        , 0.18268707],
       [0.        , 0.18299635],
       [0.        , 0.18321298],
       [0.        , 0.18476537],
       [0.        , 0.18574104],
       [0.        , 0.18664727],
       [0.        , 0.18730968],
       [0.        , 0.18826234],
       [0.        , 0.18848243],
       [0.        , 0.18974903],
       [0.        , 0.1919857 ],
       [0.        , 0.19254713],
       [0.        , 0.19577177],
       [0.        , 0.19616078],
       [0.        , 0.19851021],
       [0.        , 0.19960001],
       [0.        , 0.20066008],
       [0.        , 0.20107912],
       [0.        , 0.20124622],
       [0.        , 0.20331387],
       [0.        , 0.20978476],
       [0.        , 0.21207196],
       [0.        ,        inf]]), array([], shape=(0, 2), dtype=float64)]",True
120,0.2073325365781784,0.0011392533779144287,0.1588809123262763,91.34,4.7693095134995955,0,0.0,0.0,0.0,0.0,0.0,"[array([[0.        , 0.09360617],
       [0.        , 0.09906363],
       [0.        , 0.09909354],
       [0.        , 0.10043865],
       [0.        , 0.10149379],
       [0.        , 0.10304289],
       [0.        , 0.10550635],
       [0.        , 0.10707014],
       [0.        , 0.10936148],
       [0.        , 0.11020229],
       [0.        , 0.11030404],
       [0.        , 0.11049966],
       [0.        , 0.11096176],
       [0.        , 0.11550342],
       [0.        , 0.11827139],
       [0.        , 0.11963121],
       [0.        , 0.12130774],
       [0.        , 0.12309878],
       [0.        , 0.12342139],
       [0.        , 0.12420486],
       [0.        , 0.12459837],
       [0.        , 0.12479368],
       [0.        , 0.12530892],
       [0.        , 0.12606899],
       [0.        , 0.12702411],
       [0.        , 0.12749763],
       [0.        , 0.12797414],
       [0.        , 0.12955657],
       [0.        , 0.12978062],
       [0.        , 0.13329279],
       [0.        , 0.13489085],
       [0.        , 0.13658053],
       [0.        , 0.13868782],
       [0.        , 0.1407133 ],
       [0.        , 0.14172322],
       [0.        , 0.14379145],
       [0.        , 0.14555022],
       [0.        , 0.14679109],
       [0.        , 0.14790368],
       [0.        , 0.14814894],
       [0.        , 0.14928955],
       [0.        , 0.14947902],
       [0.        , 0.15070409],
       [0.        , 0.15126131],
       [0.        , 0.1523068 ],
       [0.        , 0.15250455],
       [0.        , 0.15444197],
       [0.        , 0.15538327],
       [0.        , 0.15806548],
       [0.        , 0.15865126],
       [0.        , 0.15937522],
       [0.        , 0.1602848 ],
       [0.        , 0.16173325],
       [0.        , 0.16214362],
       [0.        , 0.1627229 ],
       [0.        , 0.16300662],
       [0.        , 0.16396929],
       [0.        , 0.16442262],
       [0.        , 0.16561741],
       [0.        , 0.16600974],
       [0.        , 0.16634753],
       [0.        , 0.16703372],
       [0.        , 0.16753447],
       [0.        , 0.16799039],
       [0.        , 0.16847838],
       [0.        , 0.16883281],
       [0.        , 0.16898568],
       [0.        , 0.16943532],
       [0.        , 0.17038804],
       [0.        , 0.170423  ],
       [0.        , 0.17194411],
       [0.        , 0.17279448],
       [0.        , 0.17303352],
       [0.        , 0.17408678],
       [0.        , 0.17414646],
       [0.        , 0.17514321],
       [0.        , 0.17519139],
       [0.        , 0.17523061],
       [0.        , 0.17646983],
       [0.        , 0.17688815],
       [0.        , 0.17703944],
       [0.        , 0.17750688],
       [0.        , 0.17790416],
       [0.        , 0.17794302],
       [0.        , 0.17829064],
       [0.        , 0.17854553],
       [0.        , 0.17858706],
       [0.        , 0.17906579],
       [0.        , 0.17955042],
       [0.        , 0.18143559],
       [0.        , 0.18168902],
       [0.        , 0.18268962],
       [0.        , 0.18273236],
       [0.        , 0.18301429],
       [0.        , 0.18472295],
       [0.        , 0.18569154],
       [0.        , 0.18645638],
       [0.        , 0.18652242],
       [0.        , 0.18722321],
       [0.        , 0.18789241],
       [0.        , 0.18819608],
       [0.        , 0.1888335 ],
       [0.        , 0.18890098],
       [0.        , 0.18930556],
       [0.        , 0.19048858],
       [0.        , 0.19188692],
       [0.        , 0.19350785],
       [0.        , 0.19352096],
       [0.        , 0.19366373],
       [0.        , 0.1939597 ],
       [0.        , 0.19450054],
       [0.        , 0.19497792],
       [0.        , 0.19620536],
       [0.        , 0.20260331],
       [0.        , 0.20424546],
       [0.        , 0.20452149],
       [0.        , 0.20476957],
       [0.        , 0.20508265],
       [0.        , 0.20619328],
       [0.        , 0.20733254],
       [0.        ,        inf]]), array([], shape=(0, 2), dtype=float64)]",True
90,0.2041398584842682,0.010847330093383789,0.14910554910699528,65.28,4.482113426142399,3,0.004005804657936096,0.0015884190797805786,0.0025639782349268594,0.84,1.0007948688832973,"[array([[0.        , 0.09360617],
       [0.        , 0.09832335],
       [0.        , 0.10043865],
       [0.        , 0.10550635],
       [0.        , 0.10560107],
       [0.        , 0.10685844],
       [0.        , 0.10707014],
       [0.        , 0.10742414],
       [0.        , 0.10749517],
       [0.        , 0.10936148],
       [0.        , 0.11030404],
       [0.        , 0.11096176],
       [0.        , 0.11179125],
       [0.        , 0.11189751],
       [0.        , 0.11355285],
       [0.        , 0.11381237],
       [0.        , 0.11805908],
       [0.        , 0.11963121],
       [0.        , 0.11986774],
       [0.        , 0.12100541],
       [0.        , 0.12110982],
       [0.        , 0.12249997],
       [0.        , 0.12342139],
       [0.        , 0.12432688],
       [0.        , 0.12459837],
       [0.        , 0.12495349],
       [0.        , 0.12562174],
       [0.        , 0.12696232],
       [0.        , 0.12978062],
       [0.        , 0.13380259],
       [0.        , 0.13645159],
       [0.        , 0.13915548],
       [0.        , 0.13964829],
       [0.        , 0.13968487],
       [0.        , 0.14062227],
       [0.        , 0.14379145],
       [0.        , 0.14487444],
       [0.        , 0.14790368],
       [0.        , 0.14813484],
       [0.        , 0.14947902],
       [0.        , 0.15022378],
       [0.        , 0.15034112],
       [0.        , 0.15133984],
       [0.        , 0.15310016],
       [0.        , 0.15367106],
       [0.        , 0.15506949],
       [0.        , 0.15792456],
       [0.        , 0.15805763],
       [0.        , 0.15960035],
       [0.        , 0.15985009],
       [0.        , 0.16023575],
       [0.        , 0.16062337],
       [0.        , 0.16141444],
       [0.        , 0.16197702],
       [0.        , 0.16226815],
       [0.        , 0.16627812],
       [0.        , 0.16661495],
       [0.        , 0.1669281 ],
       [0.        , 0.16706103],
       [0.        , 0.16729961],
       [0.        , 0.16853108],
       [0.        , 0.16883281],
       [0.        , 0.16926283],
       [0.        , 0.17036855],
       [0.        , 0.17117697],
       [0.        , 0.17223004],
       [0.        , 0.17223527],
       [0.        , 0.17245565],
       [0.        , 0.17290638],
       [0.        , 0.17296463],
       [0.        , 0.17298861],
       [0.        , 0.17322667],
       [0.        , 0.17411906],
       [0.        , 0.17468831],
       [0.        , 0.17491284],
       [0.        , 0.17509706],
       [0.        , 0.17529938],
       [0.        , 0.17553587],
       [0.        , 0.17592005],
       [0.        , 0.17821062],
       [0.        , 0.17989959],
       [0.        , 0.18301429],
       [0.        , 0.18574104],
       [0.        , 0.18581802],
       [0.        , 0.18723069],
       [0.        , 0.18819608],
       [0.        , 0.18927616],
       [0.        , 0.19265857],
       [0.        , 0.19329253],
       [0.        , 0.20413986],
       [0.        ,        inf]]), array([[0.1414299 , 0.14384729],
       [0.14076899, 0.14203773],
       [0.13489085, 0.13889666]])]",True
145,0.2040708214044571,0.005766138434410095,0.15659849063075823,110.5,4.959815838393006,0,0.0,0.0,0.0,0.0,0.0,"[array([[0.        , 0.09360617],
       [0.        , 0.09600542],
       [0.        , 0.0976526 ],
       [0.        , 0.09832335],
       [0.        , 0.09884338],
       [0.        , 0.09906363],
       [0.        , 0.10043865],
       [0.        , 0.10528746],
       [0.        , 0.10550635],
       [0.        , 0.10707014],
       [0.        , 0.10749517],
       [0.        , 0.10936148],
       [0.        , 0.11030404],
       [0.        , 0.11049966],
       [0.        , 0.11096176],
       [0.        , 0.11179125],
       [0.        , 0.1121757 ],
       [0.        , 0.11515439],
       [0.        , 0.11515816],
       [0.        , 0.11827139],
       [0.        , 0.11891481],
       [0.        , 0.11963121],
       [0.        , 0.12001807],
       [0.        , 0.12065811],
       [0.        , 0.12072835],
       [0.        , 0.12432688],
       [0.        , 0.12459837],
       [0.        , 0.12495349],
       [0.        , 0.12530892],
       [0.        , 0.12971132],
       [0.        , 0.12978062],
       [0.        , 0.12986019],
       [0.        , 0.13054857],
       [0.        , 0.13128637],
       [0.        , 0.13139969],
       [0.        , 0.13234521],
       [0.        , 0.13280834],
       [0.        , 0.13489085],
       [0.        , 0.1351454 ],
       [0.        , 0.13559386],
       [0.        , 0.1359193 ],
       [0.        , 0.13949561],
       [0.        , 0.14023618],
       [0.        , 0.14298554],
       [0.        , 0.14299229],
       [0.        , 0.14522091],
       [0.        , 0.14628488],
       [0.        , 0.14814167],
       [0.        , 0.15099099],
       [0.        , 0.15329392],
       [0.        , 0.1535272 ],
       [0.        , 0.1551968 ],
       [0.        , 0.15577227],
       [0.        , 0.15675388],
       [0.        , 0.15749855],
       [0.        , 0.15851125],
       [0.        , 0.15906753],
       [0.        , 0.15937117],
       [0.        , 0.15970288],
       [0.        , 0.16026869],
       [0.        , 0.1602848 ],
       [0.        , 0.16051416],
       [0.        , 0.16051939],
       [0.        , 0.16103931],
       [0.        , 0.16248745],
       [0.        , 0.16288048],
       [0.        , 0.16300662],
       [0.        , 0.16396929],
       [0.        , 0.16427548],
       [0.        , 0.16439956],
       [0.        , 0.16451338],
       [0.        , 0.16480264],
       [0.        , 0.16587099],
       [0.        , 0.16612799],
       [0.        , 0.16620614],
       [0.        , 0.16656803],
       [0.        , 0.16687484],
       [0.        , 0.16706103],
       [0.        , 0.16785429],
       [0.        , 0.16788711],
       [0.        , 0.16845967],
       [0.        , 0.16852736],
       [0.        , 0.16898568],
       [0.        , 0.16906965],
       [0.        , 0.16943532],
       [0.        , 0.16948386],
       [0.        , 0.16961738],
       [0.        , 0.1698126 ],
       [0.        , 0.17094208],
       [0.        , 0.1711684 ],
       [0.        , 0.17119499],
       [0.        , 0.17155828],
       [0.        , 0.17185244],
       [0.        , 0.17205316],
       [0.        , 0.17225133],
       [0.        , 0.17303352],
       [0.        , 0.17327538],
       [0.        , 0.17338857],
       [0.        , 0.17343602],
       [0.        , 0.17343682],
       [0.        , 0.17349188],
       [0.        , 0.17379877],
       [0.        , 0.17391917],
       [0.        , 0.17415886],
       [0.        , 0.17519139],
       [0.        , 0.17523061],
       [0.        , 0.17567964],
       [0.        , 0.17601864],
       [0.        , 0.17611749],
       [0.        , 0.17652078],
       [0.        , 0.1771701 ],
       [0.        , 0.17826165],
       [0.        , 0.17841154],
       [0.        , 0.1787502 ],
       [0.        , 0.17911251],
       [0.        , 0.17943585],
       [0.        , 0.17988297],
       [0.        , 0.18112268],
       [0.        , 0.18148348],
       [0.        , 0.18257737],
       [0.        , 0.18269497],
       [0.        , 0.18274118],
       [0.        , 0.18324928],
       [0.        , 0.18360253],
       [0.        , 0.18486804],
       [0.        , 0.18487521],
       [0.        , 0.18522102],
       [0.        , 0.18598868],
       [0.        , 0.18607043],
       [0.        , 0.18697929],
       [0.        , 0.18723069],
       [0.        , 0.18732212],
       [0.        , 0.18819608],
       [0.        , 0.18942475],
       [0.        , 0.19091107],
       [0.        , 0.1926948 ],
       [0.        , 0.19302468],
       [0.        , 0.19370675],
       [0.        , 0.19587269],
       [0.        , 0.19669521],
       [0.        , 0.19697955],
       [0.        , 0.19717875],
       [0.        , 0.19770649],
       [0.        , 0.19830468],
       [0.        , 0.20407082],
       [0.        ,        inf]]), array([], shape=(0, 2), dtype=float64)]",True
82,0.2010965198278427,0.002451092004776001,0.15181849142763673,61.52,4.386114181528295,0,0.0,0.0,0.0,0.0,0.0,"[array([[0.        , 0.09360617],
       [0.        , 0.09832335],
       [0.        , 0.10043865],
       [0.        , 0.10528746],
       [0.        , 0.10550635],
       [0.        , 0.10560107],
       [0.        , 0.10675944],
       [0.        , 0.10707014],
       [0.        , 0.10742414],
       [0.        , 0.11029087],
       [0.        , 0.11049966],
       [0.        , 0.11111158],
       [0.        , 0.11381237],
       [0.        , 0.11396529],
       [0.        , 0.11511433],
       [0.        , 0.11515816],
       [0.        , 0.117922  ],
       [0.        , 0.11963121],
       [0.        , 0.12249997],
       [0.        , 0.12311234],
       [0.        , 0.12342139],
       [0.        , 0.12459837],
       [0.        , 0.12495349],
       [0.        , 0.12636013],
       [0.        , 0.12749763],
       [0.        , 0.12785247],
       [0.        , 0.12978062],
       [0.        , 0.13050817],
       [0.        , 0.13489085],
       [0.        , 0.13613005],
       [0.        , 0.1361789 ],
       [0.        , 0.1407133 ],
       [0.        , 0.14294413],
       [0.        , 0.14341918],
       [0.        , 0.14947902],
       [0.        , 0.15370847],
       [0.        , 0.15504925],
       [0.        , 0.15508547],
       [0.        , 0.1551968 ],
       [0.        , 0.15758266],
       [0.        , 0.15960035],
       [0.        , 0.160432  ],
       [0.        , 0.16079156],
       [0.        , 0.16383101],
       [0.        , 0.16515915],
       [0.        , 0.16581993],
       [0.        , 0.1666127 ],
       [0.        , 0.16701578],
       [0.        , 0.16715761],
       [0.        , 0.16799453],
       [0.        , 0.16898568],
       [0.        , 0.16913593],
       [0.        , 0.17006232],
       [0.        , 0.17103417],
       [0.        , 0.17146039],
       [0.        , 0.17269754],
       [0.        , 0.17273955],
       [0.        , 0.17390023],
       [0.        , 0.17646983],
       [0.        , 0.17712228],
       [0.        , 0.17744587],
       [0.        , 0.17750688],
       [0.        , 0.17772126],
       [0.        , 0.17805345],
       [0.        , 0.17858407],
       [0.        , 0.17912771],
       [0.        , 0.1792914 ],
       [0.        , 0.18064918],
       [0.        , 0.18223007],
       [0.        , 0.18321298],
       [0.        , 0.18531919],
       [0.        , 0.18590418],
       [0.        , 0.18759064],
       [0.        , 0.18934783],
       [0.        , 0.18955156],
       [0.        , 0.18965937],
       [0.        , 0.19254713],
       [0.        , 0.19478285],
       [0.        , 0.19705731],
       [0.        , 0.19728398],
       [0.        , 0.19864543],
       [0.        , 0.20109652],
       [0.        ,        inf]]), array([], shape=(0, 2), dtype=float64)]",True
251,0.21484218537807465,0.0027702301740646362,0.16215226502413768,188.2,5.511800414843982,2,0.004788532853126526,0.00031988322734832764,0.004628591239452362,0.74,0.6925500328728822,"[array([[0.        , 0.09360617],
       [0.        , 0.09832335],
       [0.        , 0.09906363],
       [0.        , 0.10043865],
       [0.        , 0.10528746],
       [0.        , 0.10550635],
       [0.        , 0.10560107],
       [0.        , 0.10675944],
       [0.        , 0.10707014],
       [0.        , 0.10742414],
       [0.        , 0.10749517],
       [0.        , 0.11030404],
       [0.        , 0.11049966],
       [0.        , 0.11096176],
       [0.        , 0.11111743],
       [0.        , 0.11355285],
       [0.        , 0.11381237],
       [0.        , 0.11432597],
       [0.        , 0.11515439],
       [0.        , 0.11515816],
       [0.        , 0.11550342],
       [0.        , 0.11827139],
       [0.        , 0.11963121],
       [0.        , 0.12063984],
       [0.        , 0.12107187],
       [0.        , 0.12157933],
       [0.        , 0.12311234],
       [0.        , 0.12429306],
       [0.        , 0.12459837],
       [0.        , 0.12495349],
       [0.        , 0.12505792],
       [0.        , 0.12636013],
       [0.        , 0.12639005],
       [0.        , 0.12749763],
       [0.        , 0.12785247],
       [0.        , 0.12883094],
       [0.        , 0.12919943],
       [0.        , 0.12944314],
       [0.        , 0.12978062],
       [0.        , 0.13054857],
       [0.        , 0.13116656],
       [0.        , 0.13152754],
       [0.        , 0.13234521],
       [0.        , 0.13280834],
       [0.        , 0.13355987],
       [0.        , 0.13656537],
       [0.        , 0.13690148],
       [0.        , 0.13737056],
       [0.        , 0.13775572],
       [0.        , 0.13815624],
       [0.        , 0.13895433],
       [0.        , 0.13951378],
       [0.        , 0.13971898],
       [0.        , 0.14023618],
       [0.        , 0.14053106],
       [0.        , 0.14298554],
       [0.        , 0.14302121],
       [0.        , 0.14408451],
       [0.        , 0.14423384],
       [0.        , 0.14425278],
       [0.        , 0.14428897],
       [0.        , 0.14625874],
       [0.        , 0.14628488],
       [0.        , 0.14688501],
       [0.        , 0.14693354],
       [0.        , 0.1472141 ],
       [0.        , 0.14781834],
       [0.        , 0.14795712],
       [0.        , 0.14808932],
       [0.        , 0.14845026],
       [0.        , 0.14934382],
       [0.        , 0.14947902],
       [0.        , 0.14988698],
       [0.        , 0.15070409],
       [0.        , 0.15099099],
       [0.        , 0.1525459 ],
       [0.        , 0.15300994],
       [0.        , 0.1535272 ],
       [0.        , 0.15424778],
       [0.        , 0.15444197],
       [0.        , 0.15452796],
       [0.        , 0.15460798],
       [0.        , 0.1551968 ],
       [0.        , 0.15581807],
       [0.        , 0.15609139],
       [0.        , 0.15609497],
       [0.        , 0.15677325],
       [0.        , 0.15788783],
       [0.        , 0.15792456],
       [0.        , 0.15883301],
       [0.        , 0.1594138 ],
       [0.        , 0.15970288],
       [0.        , 0.15974152],
       [0.        , 0.15996528],
       [0.        , 0.16002993],
       [0.        , 0.1602848 ],
       [0.        , 0.16088142],
       [0.        , 0.16114537],
       [0.        , 0.16137703],
       [0.        , 0.16141444],
       [0.        , 0.1623584 ],
       [0.        , 0.16264668],
       [0.        , 0.16288048],
       [0.        , 0.16300662],
       [0.        , 0.16361871],
       [0.        , 0.16382602],
       [0.        , 0.16383483],
       [0.        , 0.16402957],
       [0.        , 0.16417432],
       [0.        , 0.16442262],
       [0.        , 0.16455689],
       [0.        , 0.1648739 ],
       [0.        , 0.16514662],
       [0.        , 0.16560689],
       [0.        , 0.16561741],
       [0.        , 0.16580085],
       [0.        , 0.16587099],
       [0.        , 0.16596338],
       [0.        , 0.16606018],
       [0.        , 0.16615707],
       [0.        , 0.16618702],
       [0.        , 0.16628234],
       [0.        , 0.16642573],
       [0.        , 0.16678181],
       [0.        , 0.16681902],
       [0.        , 0.16701578],
       [0.        , 0.16706103],
       [0.        , 0.16735192],
       [0.        , 0.16771924],
       [0.        , 0.16774398],
       [0.        , 0.16785429],
       [0.        , 0.16790622],
       [0.        , 0.16821618],
       [0.        , 0.16858944],
       [0.        , 0.16883281],
       [0.        , 0.16906965],
       [0.        , 0.16917083],
       [0.        , 0.16926283],
       [0.        , 0.16953026],
       [0.        , 0.16976936],
       [0.        , 0.16990559],
       [0.        , 0.17031419],
       [0.        , 0.17040893],
       [0.        , 0.1704731 ],
       [0.        , 0.17072967],
       [0.        , 0.17117697],
       [0.        , 0.17154488],
       [0.        , 0.17171068],
       [0.        , 0.17200154],
       [0.        , 0.17205316],
       [0.        , 0.17214563],
       [0.        , 0.17241712],
       [0.        , 0.17257597],
       [0.        , 0.17261003],
       [0.        , 0.17269754],
       [0.        , 0.17270596],
       [0.        , 0.17369847],
       [0.        , 0.17386469],
       [0.        , 0.17393897],
       [0.        , 0.17405695],
       [0.        , 0.17414646],
       [0.        , 0.17476702],
       [0.        , 0.17493668],
       [0.        , 0.17519139],
       [0.        , 0.17555675],
       [0.        , 0.1760515 ],
       [0.        , 0.17609808],
       [0.        , 0.17620622],
       [0.        , 0.17660587],
       [0.        , 0.17670996],
       [0.        , 0.17673552],
       [0.        , 0.17679834],
       [0.        , 0.17697017],
       [0.        , 0.17734505],
       [0.        , 0.17793956],
       [0.        , 0.17794633],
       [0.        , 0.17805345],
       [0.        , 0.17811534],
       [0.        , 0.1792313 ],
       [0.        , 0.17926577],
       [0.        , 0.17933482],
       [0.        , 0.1796447 ],
       [0.        , 0.17978343],
       [0.        , 0.17983069],
       [0.        , 0.17989959],
       [0.        , 0.18053938],
       [0.        , 0.18058112],
       [0.        , 0.18064298],
       [0.        , 0.18067791],
       [0.        , 0.18082666],
       [0.        , 0.18088552],
       [0.        , 0.18092644],
       [0.        , 0.18116574],
       [0.        , 0.18148424],
       [0.        , 0.18241787],
       [0.        , 0.18257737],
       [0.        , 0.18300372],
       [0.        , 0.18319553],
       [0.        , 0.18325286],
       [0.        , 0.18344094],
       [0.        , 0.18372117],
       [0.        , 0.18376574],
       [0.        , 0.18422833],
       [0.        , 0.18449867],
       [0.        , 0.18471888],
       [0.        , 0.18544865],
       [0.        , 0.18555748],
       [0.        , 0.18574104],
       [0.        , 0.18650614],
       [0.        , 0.18710101],
       [0.        , 0.18724845],
       [0.        , 0.18792628],
       [0.        , 0.18853861],
       [0.        , 0.18916026],
       [0.        , 0.18918036],
       [0.        , 0.18932934],
       [0.        , 0.18934719],
       [0.        , 0.19015576],
       [0.        , 0.19064644],
       [0.        , 0.19107883],
       [0.        , 0.19171648],
       [0.        , 0.19176845],
       [0.        , 0.19198821],
       [0.        , 0.19212358],
       [0.        , 0.19214723],
       [0.        , 0.19235882],
       [0.        , 0.19236992],
       [0.        , 0.1935171 ],
       [0.        , 0.19372393],
       [0.        , 0.1941471 ],
       [0.        , 0.1943534 ],
       [0.        , 0.19459036],
       [0.        , 0.19493331],
       [0.        , 0.19562306],
       [0.        , 0.19659039],
       [0.        , 0.19697544],
       [0.        , 0.19699812],
       [0.        , 0.19714038],
       [0.        , 0.19867724],
       [0.        , 0.19869302],
       [0.        , 0.1990965 ],
       [0.        , 0.19922599],
       [0.        , 0.20014857],
       [0.        , 0.20029715],
       [0.        , 0.20045955],
       [0.        , 0.20307527],
       [0.        , 0.20535342],
       [0.        , 0.20596115],
       [0.        , 0.2096613 ],
       [0.        , 0.21207196],
       [0.        , 0.21484219],
       [0.        ,        inf]]), array([[0.14229178, 0.14708032],
       [0.13489085, 0.1393595 ]])]",True
103,0.21258921921253204,0.008350208401679993,0.15264992321868545,73.48,4.614513574870818,0,0.0,0.0,0.0,0.0,0.0,"[array([[0.        , 0.09360617],
       [0.        , 0.0976526 ],
       [0.        , 0.09832335],
       [0.        , 0.09884338],
       [0.        , 0.09906363],
       [0.        , 0.10043865],
       [0.        , 0.10528746],
       [0.        , 0.10550635],
       [0.        , 0.10560107],
       [0.        , 0.10675944],
       [0.        , 0.10707014],
       [0.        , 0.10742414],
       [0.        , 0.10749517],
       [0.        , 0.10936148],
       [0.        , 0.11030404],
       [0.        , 0.11049966],
       [0.        , 0.11096176],
       [0.        , 0.11381237],
       [0.        , 0.11432597],
       [0.        , 0.11638244],
       [0.        , 0.11963121],
       [0.        , 0.12110982],
       [0.        , 0.12459837],
       [0.        , 0.12495349],
       [0.        , 0.12530892],
       [0.        , 0.12554002],
       [0.        , 0.12772033],
       [0.        , 0.12938726],
       [0.        , 0.12978062],
       [0.        , 0.13010623],
       [0.        , 0.13280834],
       [0.        , 0.13489085],
       [0.        , 0.13514088],
       [0.        , 0.1373536 ],
       [0.        , 0.13800381],
       [0.        , 0.14090779],
       [0.        , 0.14272793],
       [0.        , 0.14605087],
       [0.        , 0.1477598 ],
       [0.        , 0.14790368],
       [0.        , 0.14814167],
       [0.        , 0.15022378],
       [0.        , 0.15170379],
       [0.        , 0.15253563],
       [0.        , 0.15363316],
       [0.        , 0.15444197],
       [0.        , 0.15761791],
       [0.        , 0.15817972],
       [0.        , 0.15940003],
       [0.        , 0.15956795],
       [0.        , 0.15998651],
       [0.        , 0.16015974],
       [0.        , 0.1602848 ],
       [0.        , 0.16057272],
       [0.        , 0.16141444],
       [0.        , 0.16337302],
       [0.        , 0.16446967],
       [0.        , 0.16461504],
       [0.        , 0.1656647 ],
       [0.        , 0.16575773],
       [0.        , 0.16625088],
       [0.        , 0.16639362],
       [0.        , 0.1673511 ],
       [0.        , 0.16760664],
       [0.        , 0.16763106],
       [0.        , 0.16794743],
       [0.        , 0.16805713],
       [0.        , 0.16981898],
       [0.        , 0.17034303],
       [0.        , 0.17064211],
       [0.        , 0.17116538],
       [0.        , 0.17386469],
       [0.        , 0.1741178 ],
       [0.        , 0.17415577],
       [0.        , 0.17551993],
       [0.        , 0.17604701],
       [0.        , 0.17762342],
       [0.        , 0.17769223],
       [0.        , 0.17772126],
       [0.        , 0.17856738],
       [0.        , 0.17861955],
       [0.        , 0.1786641 ],
       [0.        , 0.17989959],
       [0.        , 0.1815463 ],
       [0.        , 0.18190259],
       [0.        , 0.18247092],
       [0.        , 0.18257737],
       [0.        , 0.18284895],
       [0.        , 0.18309002],
       [0.        , 0.18408707],
       [0.        , 0.18485957],
       [0.        , 0.18536432],
       [0.        , 0.18663284],
       [0.        , 0.1874152 ],
       [0.        , 0.18819608],
       [0.        , 0.188411  ],
       [0.        , 0.18848243],
       [0.        , 0.18952881],
       [0.        , 0.19476803],
       [0.        , 0.20189489],
       [0.        , 0.2041903 ],
       [0.        , 0.20423901],
       [0.        , 0.21258922],
       [0.        ,        inf]]), array([], shape=(0, 2), dtype=float64)]",False
57,0.19446513056755066,0.0056313276290893555,0.14565278707366242,42.38,4.024179969243248,0,0.0,0.0,0.0,0.0,0.0,"[array([[0.        , 0.09360617],
       [0.        , 0.10043865],
       [0.        , 0.1026146 ],
       [0.        , 0.10550635],
       [0.        , 0.10644238],
       [0.        , 0.10707014],
       [0.        , 0.10936148],
       [0.        , 0.10967911],
       [0.        , 0.1118829 ],
       [0.        , 0.1135994 ],
       [0.        , 0.11515439],
       [0.        , 0.11536013],
       [0.        , 0.11891367],
       [0.        , 0.11963121],
       [0.        , 0.12046551],
       [0.        , 0.12432688],
       [0.        , 0.12459837],
       [0.        , 0.12530892],
       [0.        , 0.12562174],
       [0.        , 0.12953225],
       [0.        , 0.12955657],
       [0.        , 0.12978062],
       [0.        , 0.13489085],
       [0.        , 0.1361789 ],
       [0.        , 0.14064789],
       [0.        , 0.14172465],
       [0.        , 0.14341511],
       [0.        , 0.14402194],
       [0.        , 0.14709076],
       [0.        , 0.14947902],
       [0.        , 0.14960884],
       [0.        , 0.14977606],
       [0.        , 0.15107423],
       [0.        , 0.15444197],
       [0.        , 0.15516536],
       [0.        , 0.15905324],
       [0.        , 0.15960035],
       [0.        , 0.16082723],
       [0.        , 0.16141444],
       [0.        , 0.16574831],
       [0.        , 0.1666669 ],
       [0.        , 0.16984706],
       [0.        , 0.17296463],
       [0.        , 0.17343219],
       [0.        , 0.17379832],
       [0.        , 0.17405537],
       [0.        , 0.17646983],
       [0.        , 0.17888688],
       [0.        , 0.17989959],
       [0.        , 0.18188414],
       [0.        , 0.18301429],
       [0.        , 0.18448927],
       [0.        , 0.18546413],
       [0.        , 0.18723069],
       [0.        , 0.18819608],
       [0.        , 0.1888338 ],
       [0.        , 0.19446513],
       [0.        ,        inf]]), array([], shape=(0, 2), dtype=float64)]",False
104,0.2040708214044571,0.002991706132888794,0.15025744931055948,76.08,4.6244682461084246,1,0.00040750205516815186,0.00040750205516815186,0.00040750205516815186,0.98,-0.0,"[array([[0.        , 0.09028479],
       [0.        , 0.09360617],
       [0.        , 0.09523675],
       [0.        , 0.09906363],
       [0.        , 0.10043865],
       [0.        , 0.10528746],
       [0.        , 0.10550635],
       [0.        , 0.10560107],
       [0.        , 0.10707014],
       [0.        , 0.10742414],
       [0.        , 0.10749517],
       [0.        , 0.11030404],
       [0.        , 0.11049966],
       [0.        , 0.11096176],
       [0.        , 0.11163338],
       [0.        , 0.11240694],
       [0.        , 0.11351904],
       [0.        , 0.1135994 ],
       [0.        , 0.11432597],
       [0.        , 0.117922  ],
       [0.        , 0.11827139],
       [0.        , 0.1189743 ],
       [0.        , 0.11963121],
       [0.        , 0.12072835],
       [0.        , 0.12246194],
       [0.        , 0.12432688],
       [0.        , 0.12459837],
       [0.        , 0.12495349],
       [0.        , 0.12502259],
       [0.        , 0.12631659],
       [0.        , 0.12749763],
       [0.        , 0.12785247],
       [0.        , 0.12971132],
       [0.        , 0.12978062],
       [0.        , 0.13280834],
       [0.        , 0.13448888],
       [0.        , 0.13489085],
       [0.        , 0.14023618],
       [0.        , 0.14298554],
       [0.        , 0.14550446],
       [0.        , 0.1459244 ],
       [0.        , 0.14628488],
       [0.        , 0.14649305],
       [0.        , 0.14688501],
       [0.        , 0.14814167],
       [0.        , 0.14919484],
       [0.        , 0.15099099],
       [0.        , 0.15170379],
       [0.        , 0.15245995],
       [0.        , 0.15273552],
       [0.        , 0.15444197],
       [0.        , 0.15448652],
       [0.        , 0.15543993],
       [0.        , 0.15577227],
       [0.        , 0.15706147],
       [0.        , 0.15834847],
       [0.        , 0.15851125],
       [0.        , 0.15906753],
       [0.        , 0.15954594],
       [0.        , 0.15970288],
       [0.        , 0.16026869],
       [0.        , 0.1602848 ],
       [0.        , 0.16074041],
       [0.        , 0.16310018],
       [0.        , 0.16396929],
       [0.        , 0.16533019],
       [0.        , 0.16628234],
       [0.        , 0.16787837],
       [0.        , 0.16948976],
       [0.        , 0.17025144],
       [0.        , 0.17060603],
       [0.        , 0.17185244],
       [0.        , 0.17236567],
       [0.        , 0.17278661],
       [0.        , 0.17349188],
       [0.        , 0.17377718],
       [0.        , 0.1741066 ],
       [0.        , 0.17562653],
       [0.        , 0.17567964],
       [0.        , 0.17583159],
       [0.        , 0.17611749],
       [0.        , 0.17797257],
       [0.        , 0.17818619],
       [0.        , 0.17911251],
       [0.        , 0.17964613],
       [0.        , 0.18052807],
       [0.        , 0.18058112],
       [0.        , 0.18153749],
       [0.        , 0.18168902],
       [0.        , 0.1832023 ],
       [0.        , 0.18321298],
       [0.        , 0.18381052],
       [0.        , 0.18486804],
       [0.        , 0.18664727],
       [0.        , 0.18682006],
       [0.        , 0.18848243],
       [0.        , 0.18999232],
       [0.        , 0.19111091],
       [0.        , 0.19121058],
       [0.        , 0.19372581],
       [0.        , 0.19452086],
       [0.        , 0.19851021],
       [0.        , 0.20107912],
       [0.        , 0.20407082],
       [0.        ,        inf]]), array([[0.14343978, 0.14384729]])]",False
142,0.20778866112232208,0.003799721598625183,0.1522013368216199,103.4,4.936586173597253,1,0.0048650577664375305,0.0048650577664375305,0.0048650577664375305,0.98,-0.0,"[array([[0.        , 0.09360617],
       [0.        , 0.09505783],
       [0.        , 0.09523675],
       [0.        , 0.09832335],
       [0.        , 0.09906363],
       [0.        , 0.10043865],
       [0.        , 0.10550635],
       [0.        , 0.10665418],
       [0.        , 0.10675944],
       [0.        , 0.10707014],
       [0.        , 0.10742414],
       [0.        , 0.10749517],
       [0.        , 0.10936148],
       [0.        , 0.10979002],
       [0.        , 0.11030404],
       [0.        , 0.11096176],
       [0.        , 0.11128757],
       [0.        , 0.11163338],
       [0.        , 0.11306296],
       [0.        , 0.1135994 ],
       [0.        , 0.11381237],
       [0.        , 0.11515439],
       [0.        , 0.11550342],
       [0.        , 0.11827139],
       [0.        , 0.11849621],
       [0.        , 0.11864856],
       [0.        , 0.11922177],
       [0.        , 0.11963121],
       [0.        , 0.11975511],
       [0.        , 0.11986774],
       [0.        , 0.12140132],
       [0.        , 0.12181061],
       [0.        , 0.12249997],
       [0.        , 0.12429306],
       [0.        , 0.12459837],
       [0.        , 0.12495349],
       [0.        , 0.12505792],
       [0.        , 0.1254465 ],
       [0.        , 0.12562174],
       [0.        , 0.12766671],
       [0.        , 0.12786625],
       [0.        , 0.12872158],
       [0.        , 0.12955946],
       [0.        , 0.13072409],
       [0.        , 0.13116656],
       [0.        , 0.13440865],
       [0.        , 0.1361789 ],
       [0.        , 0.1373122 ],
       [0.        , 0.13964829],
       [0.        , 0.13971898],
       [0.        , 0.13975511],
       [0.        , 0.14023618],
       [0.        , 0.14263791],
       [0.        , 0.14282022],
       [0.        , 0.14379145],
       [0.        , 0.14943066],
       [0.        , 0.14947902],
       [0.        , 0.14949623],
       [0.        , 0.1497315 ],
       [0.        , 0.14977103],
       [0.        , 0.14994323],
       [0.        , 0.1501243 ],
       [0.        , 0.15022378],
       [0.        , 0.15099099],
       [0.        , 0.1516858 ],
       [0.        , 0.15463181],
       [0.        , 0.15638207],
       [0.        , 0.1569934 ],
       [0.        , 0.15823166],
       [0.        , 0.15863371],
       [0.        , 0.1588219 ],
       [0.        , 0.1591834 ],
       [0.        , 0.1595307 ],
       [0.        , 0.15985009],
       [0.        , 0.1602848 ],
       [0.        , 0.1613082 ],
       [0.        , 0.16141444],
       [0.        , 0.16166587],
       [0.        , 0.16185084],
       [0.        , 0.16197859],
       [0.        , 0.16515915],
       [0.        , 0.1653607 ],
       [0.        , 0.16596197],
       [0.        , 0.16600379],
       [0.        , 0.16616978],
       [0.        , 0.16628316],
       [0.        , 0.1673511 ],
       [0.        , 0.16763666],
       [0.        , 0.16788711],
       [0.        , 0.16870508],
       [0.        , 0.16872203],
       [0.        , 0.16920674],
       [0.        , 0.16948386],
       [0.        , 0.1697575 ],
       [0.        , 0.1706246 ],
       [0.        , 0.17139108],
       [0.        , 0.17163584],
       [0.        , 0.17169099],
       [0.        , 0.17245474],
       [0.        , 0.17284001],
       [0.        , 0.17415158],
       [0.        , 0.17441371],
       [0.        , 0.17482299],
       [0.        , 0.17504077],
       [0.        , 0.17523061],
       [0.        , 0.17527495],
       [0.        , 0.17556645],
       [0.        , 0.1761857 ],
       [0.        , 0.17652078],
       [0.        , 0.17685783],
       [0.        , 0.17751585],
       [0.        , 0.17769223],
       [0.        , 0.17770015],
       [0.        , 0.17828935],
       [0.        , 0.17867988],
       [0.        , 0.17978874],
       [0.        , 0.17989959],
       [0.        , 0.18064749],
       [0.        , 0.1812308 ],
       [0.        , 0.18209755],
       [0.        , 0.18295604],
       [0.        , 0.18301429],
       [0.        , 0.18311445],
       [0.        , 0.18387036],
       [0.        , 0.1841923 ],
       [0.        , 0.18594307],
       [0.        , 0.18723069],
       [0.        , 0.1878223 ],
       [0.        , 0.18798214],
       [0.        , 0.18819608],
       [0.        , 0.18955156],
       [0.        , 0.19000411],
       [0.        , 0.19052552],
       [0.        , 0.19056937],
       [0.        , 0.19358797],
       [0.        , 0.19777869],
       [0.        , 0.19784626],
       [0.        , 0.19825907],
       [0.        , 0.20195836],
       [0.        , 0.20394456],
       [0.        , 0.20398894],
       [0.        , 0.20778866],
       [0.        ,        inf]]), array([[0.1193398 , 0.12420486]])]",False
66,0.19777868688106537,0.0052315592765808105,0.14007945370041963,46.42,4.164986011137177,0,0.0,0.0,0.0,0.0,0.0,"[array([[0.        , 0.08339889],
       [0.        , 0.09465762],
       [0.        , 0.09523675],
       [0.        , 0.09906363],
       [0.        , 0.10016502],
       [0.        , 0.10043865],
       [0.        , 0.10277458],
       [0.        , 0.10528746],
       [0.        , 0.10550635],
       [0.        , 0.10560107],
       [0.        , 0.10742414],
       [0.        , 0.10749517],
       [0.        , 0.1091096 ],
       [0.        , 0.11030404],
       [0.        , 0.11128757],
       [0.        , 0.11179125],
       [0.        , 0.11261448],
       [0.        , 0.1135994 ],
       [0.        , 0.11432597],
       [0.        , 0.11641855],
       [0.        , 0.11963121],
       [0.        , 0.12046551],
       [0.        , 0.12246194],
       [0.        , 0.12249997],
       [0.        , 0.12412774],
       [0.        , 0.12459837],
       [0.        , 0.12479368],
       [0.        , 0.12495349],
       [0.        , 0.12505792],
       [0.        , 0.12631659],
       [0.        , 0.12647767],
       [0.        , 0.12749763],
       [0.        , 0.12785247],
       [0.        , 0.12978062],
       [0.        , 0.12994631],
       [0.        , 0.13489085],
       [0.        , 0.14021519],
       [0.        , 0.14379145],
       [0.        , 0.14814167],
       [0.        , 0.14977103],
       [0.        , 0.15031394],
       [0.        , 0.15562631],
       [0.        , 0.16082723],
       [0.        , 0.16171426],
       [0.        , 0.1623584 ],
       [0.        , 0.1627229 ],
       [0.        , 0.16490164],
       [0.        , 0.16763106],
       [0.        , 0.16794743],
       [0.        , 0.17169099],
       [0.        , 0.17245153],
       [0.        , 0.1760515 ],
       [0.        , 0.17646983],
       [0.        , 0.17754355],
       [0.        , 0.17776312],
       [0.        , 0.17797257],
       [0.        , 0.17854553],
       [0.        , 0.17949656],
       [0.        , 0.18123257],
       [0.        , 0.18163189],
       [0.        , 0.18321298],
       [0.        , 0.18723069],
       [0.        , 0.18932153],
       [0.        , 0.19048858],
       [0.        , 0.19254713],
       [0.        , 0.19777869],
       [0.        ,        inf]]), array([], shape=(0, 2), dtype=float64)]",False
123,0.2040708214044571,0.0063643306493759155,0.1547687762394184,92.58,4.794578896302824,3,0.004788532853126526,0.004381030797958374,0.0018434325853983562,1.12,0.48647345084574334,"[array([[0.        , 0.09360617],
       [0.        , 0.09832335],
       [0.        , 0.09884338],
       [0.        , 0.09906363],
       [0.        , 0.09909354],
       [0.        , 0.10043865],
       [0.        , 0.10550635],
       [0.        , 0.10560107],
       [0.        , 0.10707014],
       [0.        , 0.10742414],
       [0.        , 0.10749517],
       [0.        , 0.10936148],
       [0.        , 0.11030404],
       [0.        , 0.11096176],
       [0.        , 0.1121757 ],
       [0.        , 0.11381237],
       [0.        , 0.11432597],
       [0.        , 0.11440433],
       [0.        , 0.11827139],
       [0.        , 0.11899885],
       [0.        , 0.11963121],
       [0.        , 0.12072835],
       [0.        , 0.12196708],
       [0.        , 0.12342139],
       [0.        , 0.12432688],
       [0.        , 0.12459837],
       [0.        , 0.12495349],
       [0.        , 0.12530892],
       [0.        , 0.12699746],
       [0.        , 0.12971132],
       [0.        , 0.12978062],
       [0.        , 0.13054857],
       [0.        , 0.13128637],
       [0.        , 0.13280834],
       [0.        , 0.13489085],
       [0.        , 0.13658053],
       [0.        , 0.13701032],
       [0.        , 0.13738295],
       [0.        , 0.14023618],
       [0.        , 0.14160265],
       [0.        , 0.14299229],
       [0.        , 0.14341511],
       [0.        , 0.14628488],
       [0.        , 0.14814167],
       [0.        , 0.14919484],
       [0.        , 0.15099099],
       [0.        , 0.15329392],
       [0.        , 0.1535272 ],
       [0.        , 0.15577227],
       [0.        , 0.15701473],
       [0.        , 0.15793334],
       [0.        , 0.15851125],
       [0.        , 0.15884742],
       [0.        , 0.15906753],
       [0.        , 0.15937117],
       [0.        , 0.15940003],
       [0.        , 0.15970288],
       [0.        , 0.16017786],
       [0.        , 0.16026869],
       [0.        , 0.1602848 ],
       [0.        , 0.16300662],
       [0.        , 0.16396929],
       [0.        , 0.16439956],
       [0.        , 0.16480264],
       [0.        , 0.16587099],
       [0.        , 0.16616978],
       [0.        , 0.16656803],
       [0.        , 0.16687484],
       [0.        , 0.16699593],
       [0.        , 0.16788711],
       [0.        , 0.16845967],
       [0.        , 0.16852736],
       [0.        , 0.16899562],
       [0.        , 0.16906965],
       [0.        , 0.16943532],
       [0.        , 0.16961738],
       [0.        , 0.1698126 ],
       [0.        , 0.17185244],
       [0.        , 0.17205316],
       [0.        , 0.17343602],
       [0.        , 0.17343682],
       [0.        , 0.17349188],
       [0.        , 0.17377718],
       [0.        , 0.17391917],
       [0.        , 0.17404763],
       [0.        , 0.17419387],
       [0.        , 0.1746843 ],
       [0.        , 0.17519139],
       [0.        , 0.17567964],
       [0.        , 0.17601864],
       [0.        , 0.17611749],
       [0.        , 0.17652078],
       [0.        , 0.1771701 ],
       [0.        , 0.17772126],
       [0.        , 0.17826165],
       [0.        , 0.1786641 ],
       [0.        , 0.1787502 ],
       [0.        , 0.17911251],
       [0.        , 0.17943585],
       [0.        , 0.17988297],
       [0.        , 0.18052639],
       [0.        , 0.18058112],
       [0.        , 0.18112268],
       [0.        , 0.18148348],
       [0.        , 0.18153749],
       [0.        , 0.18239807],
       [0.        , 0.18301429],
       [0.        , 0.18360253],
       [0.        , 0.18388574],
       [0.        , 0.18486804],
       [0.        , 0.18598868],
       [0.        , 0.18697929],
       [0.        , 0.18723069],
       [0.        , 0.18732212],
       [0.        , 0.187692  ],
       [0.        , 0.18819608],
       [0.        , 0.19091107],
       [0.        , 0.19111091],
       [0.        , 0.19565627],
       [0.        , 0.19676802],
       [0.        , 0.19697955],
       [0.        , 0.19770649],
       [0.        , 0.20407082],
       [0.        ,        inf]]), array([[0.14351302, 0.14384729],
       [0.14343978, 0.14384729],
       [0.14229178, 0.14708032]])]",True
99,0.20529049634933472,0.001051485538482666,0.15305056979860923,73.3,4.575023640376372,0,0.0,0.0,0.0,0.0,0.0,"[array([[0.        , 0.0976526 ],
       [0.        , 0.09832335],
       [0.        , 0.09884338],
       [0.        , 0.09906363],
       [0.        , 0.10043865],
       [0.        , 0.10528746],
       [0.        , 0.10550635],
       [0.        , 0.10560107],
       [0.        , 0.10742414],
       [0.        , 0.10749517],
       [0.        , 0.10936148],
       [0.        , 0.11030404],
       [0.        , 0.11261448],
       [0.        , 0.11381237],
       [0.        , 0.11515439],
       [0.        , 0.11515816],
       [0.        , 0.11539797],
       [0.        , 0.11641855],
       [0.        , 0.11827139],
       [0.        , 0.11963121],
       [0.        , 0.12267849],
       [0.        , 0.12404154],
       [0.        , 0.12459837],
       [0.        , 0.12495349],
       [0.        , 0.12507029],
       [0.        , 0.12530892],
       [0.        , 0.12639005],
       [0.        , 0.12749763],
       [0.        , 0.12786625],
       [0.        , 0.12883094],
       [0.        , 0.12978062],
       [0.        , 0.13489085],
       [0.        , 0.13559386],
       [0.        , 0.13806018],
       [0.        , 0.13900445],
       [0.        , 0.14272793],
       [0.        , 0.14413862],
       [0.        , 0.14437835],
       [0.        , 0.14549844],
       [0.        , 0.14688501],
       [0.        , 0.14814167],
       [0.        , 0.1497315 ],
       [0.        , 0.14982006],
       [0.        , 0.1506501 ],
       [0.        , 0.15444197],
       [0.        , 0.1551968 ],
       [0.        , 0.15625608],
       [0.        , 0.15706147],
       [0.        , 0.15805763],
       [0.        , 0.15956795],
       [0.        , 0.16028005],
       [0.        , 0.16130482],
       [0.        , 0.16166587],
       [0.        , 0.16264668],
       [0.        , 0.16569617],
       [0.        , 0.16625088],
       [0.        , 0.16628234],
       [0.        , 0.16805181],
       [0.        , 0.16821618],
       [0.        , 0.16826418],
       [0.        , 0.16883281],
       [0.        , 0.16943532],
       [0.        , 0.17064211],
       [0.        , 0.170792  ],
       [0.        , 0.17249323],
       [0.        , 0.17269476],
       [0.        , 0.1727562 ],
       [0.        , 0.17302759],
       [0.        , 0.17320687],
       [0.        , 0.17386469],
       [0.        , 0.17404763],
       [0.        , 0.1748717 ],
       [0.        , 0.17519139],
       [0.        , 0.17526686],
       [0.        , 0.17753714],
       [0.        , 0.17772126],
       [0.        , 0.17868009],
       [0.        , 0.17929272],
       [0.        , 0.18064918],
       [0.        , 0.1815463 ],
       [0.        , 0.18257737],
       [0.        , 0.18259093],
       [0.        , 0.18485957],
       [0.        , 0.18536432],
       [0.        , 0.18574104],
       [0.        , 0.18666732],
       [0.        , 0.18723069],
       [0.        , 0.1874152 ],
       [0.        , 0.18768214],
       [0.        , 0.18819608],
       [0.        , 0.18848243],
       [0.        , 0.19099838],
       [0.        , 0.19551127],
       [0.        , 0.19596818],
       [0.        , 0.1979093 ],
       [0.        , 0.20189489],
       [0.        , 0.20329958],
       [0.        , 0.20423901],
       [0.        , 0.2052905 ],
       [0.        ,        inf]]), array([], shape=(0, 2), dtype=float64)]",False
85,0.20329958200454712,0.004647344350814819,0.1510295628624804,62.72,4.421841514277143,0,0.0,0.0,0.0,0.0,0.0,"[array([[0.        , 0.09360617],
       [0.        , 0.0976526 ],
       [0.        , 0.09832335],
       [0.        , 0.09884338],
       [0.        , 0.09906363],
       [0.        , 0.10043865],
       [0.        , 0.10550635],
       [0.        , 0.10675944],
       [0.        , 0.10707014],
       [0.        , 0.10742414],
       [0.        , 0.10749517],
       [0.        , 0.10936148],
       [0.        , 0.11030404],
       [0.        , 0.11096176],
       [0.        , 0.11128757],
       [0.        , 0.11381237],
       [0.        , 0.11796841],
       [0.        , 0.11963121],
       [0.        , 0.11975511],
       [0.        , 0.12072835],
       [0.        , 0.12267849],
       [0.        , 0.12459837],
       [0.        , 0.12495349],
       [0.        , 0.12530892],
       [0.        , 0.12639005],
       [0.        , 0.12786625],
       [0.        , 0.12978062],
       [0.        , 0.13304372],
       [0.        , 0.13489085],
       [0.        , 0.13551801],
       [0.        , 0.13806018],
       [0.        , 0.13900445],
       [0.        , 0.14019492],
       [0.        , 0.14203677],
       [0.        , 0.14814167],
       [0.        , 0.14872845],
       [0.        , 0.1497315 ],
       [0.        , 0.1506501 ],
       [0.        , 0.15487595],
       [0.        , 0.15625608],
       [0.        , 0.15678315],
       [0.        , 0.15805763],
       [0.        , 0.15817972],
       [0.        , 0.1591834 ],
       [0.        , 0.16014226],
       [0.        , 0.16264668],
       [0.        , 0.16394316],
       [0.        , 0.16616978],
       [0.        , 0.16628234],
       [0.        , 0.1700311 ],
       [0.        , 0.170792  ],
       [0.        , 0.17087503],
       [0.        , 0.17147404],
       [0.        , 0.1721745 ],
       [0.        , 0.17245153],
       [0.        , 0.17302759],
       [0.        , 0.17320687],
       [0.        , 0.17334762],
       [0.        , 0.1739857 ],
       [0.        , 0.17404763],
       [0.        , 0.17497979],
       [0.        , 0.17519139],
       [0.        , 0.17526686],
       [0.        , 0.17556645],
       [0.        , 0.17707215],
       [0.        , 0.17730591],
       [0.        , 0.17772126],
       [0.        , 0.17790416],
       [0.        , 0.17929272],
       [0.        , 0.17983219],
       [0.        , 0.18042892],
       [0.        , 0.18102501],
       [0.        , 0.18200321],
       [0.        , 0.18239807],
       [0.        , 0.18257737],
       [0.        , 0.18259093],
       [0.        , 0.18272576],
       [0.        , 0.18634857],
       [0.        , 0.18716879],
       [0.        , 0.18723069],
       [0.        , 0.18819608],
       [0.        , 0.18932153],
       [0.        , 0.1979093 ],
       [0.        , 0.19865224],
       [0.        , 0.20329958],
       [0.        ,        inf]]), array([], shape=(0, 2), dtype=float64)]",True
115,0.19754190742969513,0.0004857480525970459,0.15377949171740077,88.86,4.728489502737178,2,0.00040750205516815186,7.323920726776123e-05,0.00037088245153427124,1.78,0.6882647896394882,"[array([[0.        , 0.09360617],
       [0.        , 0.09832335],
       [0.        , 0.09906363],
       [0.        , 0.10043865],
       [0.        , 0.10550635],
       [0.        , 0.10560107],
       [0.        , 0.10675944],
       [0.        , 0.10707014],
       [0.        , 0.10742414],
       [0.        , 0.10749517],
       [0.        , 0.11030404],
       [0.        , 0.11096176],
       [0.        , 0.11357039],
       [0.        , 0.11381237],
       [0.        , 0.11515816],
       [0.        , 0.11822563],
       [0.        , 0.11827139],
       [0.        , 0.11963121],
       [0.        , 0.12342139],
       [0.        , 0.1235863 ],
       [0.        , 0.12429306],
       [0.        , 0.12432688],
       [0.        , 0.12459837],
       [0.        , 0.12495349],
       [0.        , 0.12785247],
       [0.        , 0.12971132],
       [0.        , 0.12978062],
       [0.        , 0.13033073],
       [0.        , 0.13116656],
       [0.        , 0.13489085],
       [0.        , 0.13645159],
       [0.        , 0.13806018],
       [0.        , 0.13815616],
       [0.        , 0.13861221],
       [0.        , 0.13980357],
       [0.        , 0.14004286],
       [0.        , 0.14023618],
       [0.        , 0.14025602],
       [0.        , 0.1407133 ],
       [0.        , 0.1418507 ],
       [0.        , 0.14298554],
       [0.        , 0.14340562],
       [0.        , 0.14341511],
       [0.        , 0.14487444],
       [0.        , 0.14673327],
       [0.        , 0.14947902],
       [0.        , 0.15019125],
       [0.        , 0.15060985],
       [0.        , 0.15099099],
       [0.        , 0.15133984],
       [0.        , 0.15239005],
       [0.        , 0.15265121],
       [0.        , 0.15293334],
       [0.        , 0.15328382],
       [0.        , 0.15374896],
       [0.        , 0.15506031],
       [0.        , 0.1551968 ],
       [0.        , 0.15754065],
       [0.        , 0.15806548],
       [0.        , 0.15960035],
       [0.        , 0.15989922],
       [0.        , 0.16082723],
       [0.        , 0.16166587],
       [0.        , 0.16224384],
       [0.        , 0.16446967],
       [0.        , 0.16472423],
       [0.        , 0.16602519],
       [0.        , 0.16618685],
       [0.        , 0.16625088],
       [0.        , 0.167087  ],
       [0.        , 0.16715761],
       [0.        , 0.16943532],
       [0.        , 0.16974004],
       [0.        , 0.17036907],
       [0.        , 0.1704731 ],
       [0.        , 0.1704946 ],
       [0.        , 0.17320687],
       [0.        , 0.17328022],
       [0.        , 0.17331   ],
       [0.        , 0.17369159],
       [0.        , 0.1745441 ],
       [0.        , 0.1753373 ],
       [0.        , 0.17575683],
       [0.        , 0.17612422],
       [0.        , 0.17612429],
       [0.        , 0.17617439],
       [0.        , 0.17726499],
       [0.        , 0.17744587],
       [0.        , 0.17772126],
       [0.        , 0.17818992],
       [0.        , 0.17933482],
       [0.        , 0.18040039],
       [0.        , 0.18118727],
       [0.        , 0.18164355],
       [0.        , 0.18288396],
       [0.        , 0.18321298],
       [0.        , 0.18335412],
       [0.        , 0.18368934],
       [0.        , 0.18416061],
       [0.        , 0.18446746],
       [0.        , 0.1849837 ],
       [0.        , 0.18531919],
       [0.        , 0.18571039],
       [0.        , 0.18574104],
       [0.        , 0.18723069],
       [0.        , 0.18751796],
       [0.        , 0.18811606],
       [0.        , 0.18828331],
       [0.        , 0.18841469],
       [0.        , 0.19200495],
       [0.        , 0.19209252],
       [0.        , 0.19254713],
       [0.        , 0.19371203],
       [0.        , 0.19705616],
       [0.        , 0.19754191],
       [0.        ,        inf]]), array([[0.14351302, 0.14384729],
       [0.14343978, 0.14384729]])]",False
75,0.1989280730485916,0.00027583539485931396,0.15055174012978872,56.32,4.300616865581569,0,0.0,0.0,0.0,0.0,0.0,"[array([[0.        , 0.09360617],
       [0.        , 0.09832335],
       [0.        , 0.10043865],
       [0.        , 0.10550635],
       [0.        , 0.10560107],
       [0.        , 0.10707014],
       [0.        , 0.10749517],
       [0.        , 0.10936148],
       [0.        , 0.11030404],
       [0.        , 0.11090633],
       [0.        , 0.11096176],
       [0.        , 0.11432597],
       [0.        , 0.11963121],
       [0.        , 0.11975511],
       [0.        , 0.12065811],
       [0.        , 0.12140132],
       [0.        , 0.12432688],
       [0.        , 0.12459837],
       [0.        , 0.12495349],
       [0.        , 0.12530892],
       [0.        , 0.12554002],
       [0.        , 0.12978062],
       [0.        , 0.13280834],
       [0.        , 0.13489085],
       [0.        , 0.13609703],
       [0.        , 0.13968487],
       [0.        , 0.14425278],
       [0.        , 0.14605087],
       [0.        , 0.14634326],
       [0.        , 0.14779978],
       [0.        , 0.14947902],
       [0.        , 0.15022378],
       [0.        , 0.15253563],
       [0.        , 0.15817972],
       [0.        , 0.1582884 ],
       [0.        , 0.15914997],
       [0.        , 0.15940003],
       [0.        , 0.15965292],
       [0.        , 0.16057272],
       [0.        , 0.16062337],
       [0.        , 0.16300662],
       [0.        , 0.16329934],
       [0.        , 0.16337302],
       [0.        , 0.16446967],
       [0.        , 0.16461504],
       [0.        , 0.1653607 ],
       [0.        , 0.16547038],
       [0.        , 0.1656647 ],
       [0.        , 0.16604805],
       [0.        , 0.16625088],
       [0.        , 0.16760664],
       [0.        , 0.16763106],
       [0.        , 0.16773254],
       [0.        , 0.16791391],
       [0.        , 0.1690615 ],
       [0.        , 0.16960041],
       [0.        , 0.17034303],
       [0.        , 0.17042261],
       [0.        , 0.17116538],
       [0.        , 0.17117697],
       [0.        , 0.17298861],
       [0.        , 0.17306176],
       [0.        , 0.17408486],
       [0.        , 0.17493668],
       [0.        , 0.17577186],
       [0.        , 0.17854553],
       [0.        , 0.17989959],
       [0.        , 0.18247092],
       [0.        , 0.18301429],
       [0.        , 0.18650614],
       [0.        , 0.1871261 ],
       [0.        , 0.18819608],
       [0.        , 0.19109747],
       [0.        , 0.19865224],
       [0.        , 0.19892807],
       [0.        ,        inf]]), array([], shape=(0, 2), dtype=float64)]",True
127,0.2085045427083969,0.003983050584793091,0.15612183329392607,94.5,4.8243757195943155,1,0.0048650577664375305,0.0048650577664375305,0.0048650577664375305,0.98,-0.0,"[array([[0.        , 0.09360617],
       [0.        , 0.09505783],
       [0.        , 0.09832335],
       [0.        , 0.09906363],
       [0.        , 0.10043865],
       [0.        , 0.10528746],
       [0.        , 0.10550635],
       [0.        , 0.10560107],
       [0.        , 0.10707014],
       [0.        , 0.10742414],
       [0.        , 0.10749517],
       [0.        , 0.10935955],
       [0.        , 0.10936148],
       [0.        , 0.11030404],
       [0.        , 0.11049966],
       [0.        , 0.11096176],
       [0.        , 0.11179125],
       [0.        , 0.11381237],
       [0.        , 0.1150218 ],
       [0.        , 0.11515439],
       [0.        , 0.11515816],
       [0.        , 0.11550342],
       [0.        , 0.11827139],
       [0.        , 0.11849621],
       [0.        , 0.11963121],
       [0.        , 0.12223818],
       [0.        , 0.12309878],
       [0.        , 0.12342139],
       [0.        , 0.12459837],
       [0.        , 0.12495349],
       [0.        , 0.1254465 ],
       [0.        , 0.12562174],
       [0.        , 0.12695982],
       [0.        , 0.12841634],
       [0.        , 0.13329279],
       [0.        , 0.13440865],
       [0.        , 0.13460439],
       [0.        , 0.13815616],
       [0.        , 0.13819388],
       [0.        , 0.14023618],
       [0.        , 0.14062227],
       [0.        , 0.14257696],
       [0.        , 0.14298554],
       [0.        , 0.14341511],
       [0.        , 0.14928955],
       [0.        , 0.14947902],
       [0.        , 0.15022378],
       [0.        , 0.15034112],
       [0.        , 0.15076526],
       [0.        , 0.15206578],
       [0.        , 0.15373945],
       [0.        , 0.1551968 ],
       [0.        , 0.1561415 ],
       [0.        , 0.15621829],
       [0.        , 0.15706147],
       [0.        , 0.15792456],
       [0.        , 0.15865126],
       [0.        , 0.1602848 ],
       [0.        , 0.16057272],
       [0.        , 0.1609333 ],
       [0.        , 0.1650019 ],
       [0.        , 0.16525854],
       [0.        , 0.16569617],
       [0.        , 0.16615707],
       [0.        , 0.16651347],
       [0.        , 0.16699593],
       [0.        , 0.16807453],
       [0.        , 0.16826418],
       [0.        , 0.16855586],
       [0.        , 0.16864073],
       [0.        , 0.16928393],
       [0.        , 0.16975422],
       [0.        , 0.17014983],
       [0.        , 0.17084946],
       [0.        , 0.17105183],
       [0.        , 0.17269476],
       [0.        , 0.17355613],
       [0.        , 0.17355993],
       [0.        , 0.17363581],
       [0.        , 0.17379877],
       [0.        , 0.1746843 ],
       [0.        , 0.17519139],
       [0.        , 0.17523061],
       [0.        , 0.17529686],
       [0.        , 0.17577186],
       [0.        , 0.17646983],
       [0.        , 0.17762391],
       [0.        , 0.17772126],
       [0.        , 0.17794302],
       [0.        , 0.17854553],
       [0.        , 0.17868009],
       [0.        , 0.17889749],
       [0.        , 0.17899412],
       [0.        , 0.18042512],
       [0.        , 0.18042892],
       [0.        , 0.18064918],
       [0.        , 0.18102501],
       [0.        , 0.18124752],
       [0.        , 0.18168902],
       [0.        , 0.18231897],
       [0.        , 0.18301429],
       [0.        , 0.18327549],
       [0.        , 0.18363857],
       [0.        , 0.18438068],
       [0.        , 0.18448927],
       [0.        , 0.18682829],
       [0.        , 0.18723069],
       [0.        , 0.18780968],
       [0.        , 0.18789241],
       [0.        , 0.18819608],
       [0.        , 0.18828076],
       [0.        , 0.18848243],
       [0.        , 0.18852109],
       [0.        , 0.18867432],
       [0.        , 0.18987989],
       [0.        , 0.19028851],
       [0.        , 0.19048858],
       [0.        , 0.19127753],
       [0.        , 0.19157745],
       [0.        , 0.19262455],
       [0.        , 0.1939597 ],
       [0.        , 0.1965394 ],
       [0.        , 0.1976518 ],
       [0.        , 0.19853689],
       [0.        , 0.20424546],
       [0.        , 0.20452149],
       [0.        , 0.20850454],
       [0.        ,        inf]]), array([[0.1193398 , 0.12420486]])]",False
120,0.2040708214044571,0.0026231110095977783,0.15128338697055976,88.44,4.766224850911639,2,0.0048650577664375305,0.004457555711269379,0.002636279910802841,0.2,0.27209356760476283,"[array([[0.        , 0.09360617],
       [0.        , 0.09505783],
       [0.        , 0.09523675],
       [0.        , 0.0976526 ],
       [0.        , 0.09832335],
       [0.        , 0.09884338],
       [0.        , 0.09906363],
       [0.        , 0.10043865],
       [0.        , 0.10149379],
       [0.        , 0.10550635],
       [0.        , 0.10665418],
       [0.        , 0.10707014],
       [0.        , 0.10742414],
       [0.        , 0.10749517],
       [0.        , 0.10911847],
       [0.        , 0.10936148],
       [0.        , 0.11030404],
       [0.        , 0.11096176],
       [0.        , 0.1121757 ],
       [0.        , 0.1135994 ],
       [0.        , 0.11381237],
       [0.        , 0.11510937],
       [0.        , 0.11515816],
       [0.        , 0.11550342],
       [0.        , 0.11695814],
       [0.        , 0.11827139],
       [0.        , 0.11849621],
       [0.        , 0.11963121],
       [0.        , 0.12072835],
       [0.        , 0.12432688],
       [0.        , 0.12459837],
       [0.        , 0.12495349],
       [0.        , 0.12505792],
       [0.        , 0.12543741],
       [0.        , 0.1254465 ],
       [0.        , 0.12554002],
       [0.        , 0.12971132],
       [0.        , 0.13116656],
       [0.        , 0.13280834],
       [0.        , 0.13367438],
       [0.        , 0.13440865],
       [0.        , 0.13806018],
       [0.        , 0.13986042],
       [0.        , 0.14019492],
       [0.        , 0.14087923],
       [0.        , 0.14203677],
       [0.        , 0.14354934],
       [0.        , 0.14451441],
       [0.        , 0.14451998],
       [0.        , 0.14628488],
       [0.        , 0.14648445],
       [0.        , 0.14814167],
       [0.        , 0.15070409],
       [0.        , 0.15099099],
       [0.        , 0.15463181],
       [0.        , 0.1551968 ],
       [0.        , 0.15577227],
       [0.        , 0.15611063],
       [0.        , 0.15788783],
       [0.        , 0.15834147],
       [0.        , 0.15906753],
       [0.        , 0.15970288],
       [0.        , 0.15985009],
       [0.        , 0.16026869],
       [0.        , 0.1602848 ],
       [0.        , 0.16051939],
       [0.        , 0.16074041],
       [0.        , 0.16117185],
       [0.        , 0.16341172],
       [0.        , 0.16396929],
       [0.        , 0.16821618],
       [0.        , 0.16855586],
       [0.        , 0.16926283],
       [0.        , 0.17036907],
       [0.        , 0.17185244],
       [0.        , 0.1723493 ],
       [0.        , 0.17245153],
       [0.        , 0.17303352],
       [0.        , 0.17334762],
       [0.        , 0.17349188],
       [0.        , 0.17357539],
       [0.        , 0.17423031],
       [0.        , 0.17464054],
       [0.        , 0.17494902],
       [0.        , 0.17567964],
       [0.        , 0.17611749],
       [0.        , 0.17639689],
       [0.        , 0.17646983],
       [0.        , 0.17654744],
       [0.        , 0.17657103],
       [0.        , 0.1778174 ],
       [0.        , 0.17784719],
       [0.        , 0.17861955],
       [0.        , 0.17911251],
       [0.        , 0.17964613],
       [0.        , 0.18012418],
       [0.        , 0.18027703],
       [0.        , 0.18234135],
       [0.        , 0.18235619],
       [0.        , 0.18257737],
       [0.        , 0.18258236],
       [0.        , 0.18278807],
       [0.        , 0.18368934],
       [0.        , 0.18486804],
       [0.        , 0.18525885],
       [0.        , 0.18628478],
       [0.        , 0.18723069],
       [0.        , 0.18765415],
       [0.        , 0.1878965 ],
       [0.        , 0.18819608],
       [0.        , 0.18908419],
       [0.        , 0.18918036],
       [0.        , 0.18932153],
       [0.        , 0.18945551],
       [0.        , 0.19056937],
       [0.        , 0.19180711],
       [0.        , 0.19324131],
       [0.        , 0.19721867],
       [0.        , 0.20144771],
       [0.        , 0.20407082],
       [0.        ,        inf]]), array([[0.14343978, 0.14384729],
       [0.1193398 , 0.12420486]])]",True
128,0.20452149212360382,0.0036987513303756714,0.15579589986009523,96.84,4.8318487166000645,2,0.005865424871444702,0.0055311620235443115,0.0030998438596725464,0.26,0.20988831137160135,"[array([[0.        , 0.09360617],
       [0.        , 0.09751464],
       [0.        , 0.09832335],
       [0.        , 0.09906363],
       [0.        , 0.10016502],
       [0.        , 0.10043865],
       [0.        , 0.10550635],
       [0.        , 0.10560107],
       [0.        , 0.10675944],
       [0.        , 0.10685844],
       [0.        , 0.10707014],
       [0.        , 0.10749517],
       [0.        , 0.11030404],
       [0.        , 0.11049966],
       [0.        , 0.11096176],
       [0.        , 0.11355491],
       [0.        , 0.11432597],
       [0.        , 0.1150218 ],
       [0.        , 0.11515439],
       [0.        , 0.11515816],
       [0.        , 0.11550342],
       [0.        , 0.1183588 ],
       [0.        , 0.11849621],
       [0.        , 0.1193398 ],
       [0.        , 0.11963121],
       [0.        , 0.12065811],
       [0.        , 0.12189589],
       [0.        , 0.12342139],
       [0.        , 0.12412774],
       [0.        , 0.12429306],
       [0.        , 0.12432688],
       [0.        , 0.12459837],
       [0.        , 0.12502259],
       [0.        , 0.1254465 ],
       [0.        , 0.12647767],
       [0.        , 0.129326  ],
       [0.        , 0.12944314],
       [0.        , 0.13082463],
       [0.        , 0.13440865],
       [0.        , 0.13450652],
       [0.        , 0.13775572],
       [0.        , 0.1418507 ],
       [0.        , 0.14256233],
       [0.        , 0.14258571],
       [0.        , 0.14341511],
       [0.        , 0.14379145],
       [0.        , 0.14513972],
       [0.        , 0.14771369],
       [0.        , 0.14947902],
       [0.        , 0.14982006],
       [0.        , 0.15506949],
       [0.        , 0.1551968 ],
       [0.        , 0.15675655],
       [0.        , 0.15706147],
       [0.        , 0.15805763],
       [0.        , 0.1599509 ],
       [0.        , 0.16059737],
       [0.        , 0.16141444],
       [0.        , 0.16197702],
       [0.        , 0.16315992],
       [0.        , 0.16345395],
       [0.        , 0.16345692],
       [0.        , 0.16397686],
       [0.        , 0.16399184],
       [0.        , 0.16582592],
       [0.        , 0.16612799],
       [0.        , 0.16640107],
       [0.        , 0.1669241 ],
       [0.        , 0.16729924],
       [0.        , 0.16729961],
       [0.        , 0.1673511 ],
       [0.        , 0.16807453],
       [0.        , 0.16853108],
       [0.        , 0.16962318],
       [0.        , 0.16993614],
       [0.        , 0.17223527],
       [0.        , 0.17235938],
       [0.        , 0.17269476],
       [0.        , 0.17269754],
       [0.        , 0.1727183 ],
       [0.        , 0.17290638],
       [0.        , 0.17375839],
       [0.        , 0.17416497],
       [0.        , 0.17529938],
       [0.        , 0.17553587],
       [0.        , 0.1766742 ],
       [0.        , 0.17707853],
       [0.        , 0.17784214],
       [0.        , 0.17805345],
       [0.        , 0.17854553],
       [0.        , 0.17886426],
       [0.        , 0.17887442],
       [0.        , 0.17913036],
       [0.        , 0.18012957],
       [0.        , 0.1808667 ],
       [0.        , 0.18143559],
       [0.        , 0.18221778],
       [0.        , 0.18259868],
       [0.        , 0.18284395],
       [0.        , 0.18319735],
       [0.        , 0.18321298],
       [0.        , 0.18368684],
       [0.        , 0.18485957],
       [0.        , 0.18499263],
       [0.        , 0.18539217],
       [0.        , 0.1855544 ],
       [0.        , 0.18577842],
       [0.        , 0.18649685],
       [0.        , 0.18723069],
       [0.        , 0.18797123],
       [0.        , 0.18848243],
       [0.        , 0.18908419],
       [0.        , 0.18966909],
       [0.        , 0.19180711],
       [0.        , 0.19195129],
       [0.        , 0.1919857 ],
       [0.        , 0.19226548],
       [0.        , 0.19254713],
       [0.        , 0.19274074],
       [0.        , 0.19322284],
       [0.        , 0.19398174],
       [0.        , 0.19597942],
       [0.        , 0.19665663],
       [0.        , 0.19705731],
       [0.        , 0.19777869],
       [0.        , 0.19830468],
       [0.        , 0.20082274],
       [0.        , 0.20452149],
       [0.        ,        inf]]), array([[0.14351302, 0.14384729],
       [0.12137979, 0.12724522]])]",False
94,0.19906017184257507,0.0012712031602859497,0.15295127826802274,71.74,4.523251258565455,0,0.0,0.0,0.0,0.0,0.0,"[array([[0.        , 0.09360617],
       [0.        , 0.0976526 ],
       [0.        , 0.09832335],
       [0.        , 0.09906363],
       [0.        , 0.09909354],
       [0.        , 0.10043865],
       [0.        , 0.10528746],
       [0.        , 0.10550635],
       [0.        , 0.10560107],
       [0.        , 0.10675944],
       [0.        , 0.10742414],
       [0.        , 0.10749517],
       [0.        , 0.10936148],
       [0.        , 0.11030404],
       [0.        , 0.11096176],
       [0.        , 0.11381237],
       [0.        , 0.11432597],
       [0.        , 0.11515816],
       [0.        , 0.11963121],
       [0.        , 0.12072835],
       [0.        , 0.12196708],
       [0.        , 0.12342139],
       [0.        , 0.12459837],
       [0.        , 0.12495349],
       [0.        , 0.12530892],
       [0.        , 0.12639005],
       [0.        , 0.12978062],
       [0.        , 0.13489085],
       [0.        , 0.1351454 ],
       [0.        , 0.14023618],
       [0.        , 0.14263791],
       [0.        , 0.14544286],
       [0.        , 0.14779978],
       [0.        , 0.14943066],
       [0.        , 0.14947902],
       [0.        , 0.14977103],
       [0.        , 0.15014958],
       [0.        , 0.15030405],
       [0.        , 0.15044302],
       [0.        , 0.15099099],
       [0.        , 0.15106267],
       [0.        , 0.15232606],
       [0.        , 0.1535272 ],
       [0.        , 0.1551968 ],
       [0.        , 0.15600999],
       [0.        , 0.15817972],
       [0.        , 0.15851125],
       [0.        , 0.1602848 ],
       [0.        , 0.1648739 ],
       [0.        , 0.16538762],
       [0.        , 0.16574831],
       [0.        , 0.16601208],
       [0.        , 0.16715761],
       [0.        , 0.1673511 ],
       [0.        , 0.16787837],
       [0.        , 0.16790622],
       [0.        , 0.16810994],
       [0.        , 0.16855586],
       [0.        , 0.16859555],
       [0.        , 0.16922769],
       [0.        , 0.16948435],
       [0.        , 0.16974004],
       [0.        , 0.1697575 ],
       [0.        , 0.17137167],
       [0.        , 0.17303352],
       [0.        , 0.17377718],
       [0.        , 0.17390485],
       [0.        , 0.1763909 ],
       [0.        , 0.17772126],
       [0.        , 0.17986292],
       [0.        , 0.17996137],
       [0.        , 0.18058112],
       [0.        , 0.18081321],
       [0.        , 0.18153749],
       [0.        , 0.18177085],
       [0.        , 0.18209755],
       [0.        , 0.18257737],
       [0.        , 0.18265532],
       [0.        , 0.18284829],
       [0.        , 0.18300372],
       [0.        , 0.18321231],
       [0.        , 0.18328311],
       [0.        , 0.18398882],
       [0.        , 0.18515947],
       [0.        , 0.18819608],
       [0.        , 0.18868688],
       [0.        , 0.18880728],
       [0.        , 0.18955156],
       [0.        , 0.19105831],
       [0.        , 0.19111091],
       [0.        , 0.19126821],
       [0.        , 0.19777869],
       [0.        , 0.19778897],
       [0.        , 0.19906017],
       [0.        ,        inf]]), array([], shape=(0, 2), dtype=float64)]",False
87,0.20132143795490265,0.002669200301170349,0.14544417751931596,62.56,4.445852768143975,1,0.00040750205516815186,0.00040750205516815186,0.00040750205516815186,0.98,-0.0,"[array([[0.        , 0.09360617],
       [0.        , 0.09523675],
       [0.        , 0.09906363],
       [0.        , 0.10043865],
       [0.        , 0.10550635],
       [0.        , 0.10560107],
       [0.        , 0.10707014],
       [0.        , 0.10742414],
       [0.        , 0.10749517],
       [0.        , 0.10936148],
       [0.        , 0.11030404],
       [0.        , 0.11096176],
       [0.        , 0.11163338],
       [0.        , 0.11200139],
       [0.        , 0.11240694],
       [0.        , 0.11306296],
       [0.        , 0.1135994 ],
       [0.        , 0.11515439],
       [0.        , 0.11550342],
       [0.        , 0.11827139],
       [0.        , 0.11864856],
       [0.        , 0.11963121],
       [0.        , 0.11975511],
       [0.        , 0.12110982],
       [0.        , 0.12140132],
       [0.        , 0.12420486],
       [0.        , 0.12432688],
       [0.        , 0.12459837],
       [0.        , 0.12495349],
       [0.        , 0.12530892],
       [0.        , 0.12554002],
       [0.        , 0.12562174],
       [0.        , 0.12596893],
       [0.        , 0.12978062],
       [0.        , 0.13229185],
       [0.        , 0.13489085],
       [0.        , 0.1361789 ],
       [0.        , 0.14023618],
       [0.        , 0.14093225],
       [0.        , 0.14223048],
       [0.        , 0.14225145],
       [0.        , 0.14235471],
       [0.        , 0.14379145],
       [0.        , 0.14425278],
       [0.        , 0.14451441],
       [0.        , 0.14748986],
       [0.        , 0.14947902],
       [0.        , 0.14977103],
       [0.        , 0.15335615],
       [0.        , 0.15367106],
       [0.        , 0.15463181],
       [0.        , 0.15487595],
       [0.        , 0.15678315],
       [0.        , 0.15749855],
       [0.        , 0.15823166],
       [0.        , 0.1588219 ],
       [0.        , 0.1591834 ],
       [0.        , 0.16394316],
       [0.        , 0.16515915],
       [0.        , 0.16540056],
       [0.        , 0.16616978],
       [0.        , 0.16647844],
       [0.        , 0.16855586],
       [0.        , 0.16989921],
       [0.        , 0.17067055],
       [0.        , 0.17169099],
       [0.        , 0.17330679],
       [0.        , 0.17363581],
       [0.        , 0.17390485],
       [0.        , 0.17556645],
       [0.        , 0.17710027],
       [0.        , 0.17769223],
       [0.        , 0.17770015],
       [0.        , 0.17797257],
       [0.        , 0.17854553],
       [0.        , 0.17987262],
       [0.        , 0.18224682],
       [0.        , 0.18301429],
       [0.        , 0.18448927],
       [0.        , 0.18518992],
       [0.        , 0.18716879],
       [0.        , 0.18819608],
       [0.        , 0.18828076],
       [0.        , 0.19226451],
       [0.        , 0.19728304],
       [0.        , 0.19865224],
       [0.        , 0.20132144],
       [0.        ,        inf]]), array([[0.14343978, 0.14384729]])]",True
88,0.20800843834877014,0.010162174701690674,0.14738611716099762,62.0,4.456136131653652,1,0.0048650577664375305,0.0048650577664375305,0.0048650577664375305,0.98,-0.0,"[array([[0.        , 0.09360617],
       [0.        , 0.09505783],
       [0.        , 0.09523675],
       [0.        , 0.09832335],
       [0.        , 0.09906363],
       [0.        , 0.10043865],
       [0.        , 0.10550635],
       [0.        , 0.10742414],
       [0.        , 0.10749517],
       [0.        , 0.10936148],
       [0.        , 0.11030404],
       [0.        , 0.11096176],
       [0.        , 0.11163338],
       [0.        , 0.11240694],
       [0.        , 0.11306296],
       [0.        , 0.1135994 ],
       [0.        , 0.11381237],
       [0.        , 0.11515439],
       [0.        , 0.11550342],
       [0.        , 0.11849621],
       [0.        , 0.11864856],
       [0.        , 0.11922177],
       [0.        , 0.11963121],
       [0.        , 0.11975511],
       [0.        , 0.12140132],
       [0.        , 0.12342139],
       [0.        , 0.12459837],
       [0.        , 0.1254465 ],
       [0.        , 0.12554002],
       [0.        , 0.12872158],
       [0.        , 0.13068642],
       [0.        , 0.13072409],
       [0.        , 0.13402522],
       [0.        , 0.13440865],
       [0.        , 0.13450652],
       [0.        , 0.13487628],
       [0.        , 0.13964829],
       [0.        , 0.13971898],
       [0.        , 0.14019492],
       [0.        , 0.14054658],
       [0.        , 0.14097939],
       [0.        , 0.14282022],
       [0.        , 0.14943066],
       [0.        , 0.14947902],
       [0.        , 0.14977103],
       [0.        , 0.1501243 ],
       [0.        , 0.15223934],
       [0.        , 0.1547353 ],
       [0.        , 0.15562631],
       [0.        , 0.1588219 ],
       [0.        , 0.1595307 ],
       [0.        , 0.1602848 ],
       [0.        , 0.16141444],
       [0.        , 0.16197859],
       [0.        , 0.16515915],
       [0.        , 0.16600379],
       [0.        , 0.16705896],
       [0.        , 0.16811721],
       [0.        , 0.16872203],
       [0.        , 0.16907038],
       [0.        , 0.1697575 ],
       [0.        , 0.17169099],
       [0.        , 0.17181011],
       [0.        , 0.17245153],
       [0.        , 0.17280579],
       [0.        , 0.17284001],
       [0.        , 0.17325687],
       [0.        , 0.17411967],
       [0.        , 0.17523061],
       [0.        , 0.17556645],
       [0.        , 0.17685783],
       [0.        , 0.17770015],
       [0.        , 0.17867988],
       [0.        , 0.17983095],
       [0.        , 0.17989959],
       [0.        , 0.18064749],
       [0.        , 0.18209755],
       [0.        , 0.18301429],
       [0.        , 0.18311445],
       [0.        , 0.18345173],
       [0.        , 0.18723069],
       [0.        , 0.18798214],
       [0.        , 0.18819608],
       [0.        , 0.18932153],
       [0.        , 0.19525336],
       [0.        , 0.19777869],
       [0.        , 0.19784626],
       [0.        , 0.20800844],
       [0.        ,        inf]]), array([[0.1193398 , 0.12420486]])]",True
78,0.19954507052898407,0.00089283287525177,0.15001862352857223,58.22,4.335422115488695,1,0.004005804657936096,0.004005804657936096,0.004005804657936096,0.98,-0.0,"[array([[0.        , 0.09360617],
       [0.        , 0.09832335],
       [0.        , 0.10043865],
       [0.        , 0.10550635],
       [0.        , 0.10707014],
       [0.        , 0.10742414],
       [0.        , 0.10749517],
       [0.        , 0.10936148],
       [0.        , 0.11030404],
       [0.        , 0.11090633],
       [0.        , 0.11096176],
       [0.        , 0.11189751],
       [0.        , 0.11355285],
       [0.        , 0.11381237],
       [0.        , 0.11432597],
       [0.        , 0.11515439],
       [0.        , 0.11515816],
       [0.        , 0.11550342],
       [0.        , 0.11864856],
       [0.        , 0.11963121],
       [0.        , 0.11975511],
       [0.        , 0.12110982],
       [0.        , 0.12140132],
       [0.        , 0.12459837],
       [0.        , 0.12495349],
       [0.        , 0.12530892],
       [0.        , 0.12562174],
       [0.        , 0.12696232],
       [0.        , 0.12978062],
       [0.        , 0.13367438],
       [0.        , 0.14093225],
       [0.        , 0.14225145],
       [0.        , 0.14379145],
       [0.        , 0.14748986],
       [0.        , 0.14947902],
       [0.        , 0.14977103],
       [0.        , 0.15487595],
       [0.        , 0.1551968 ],
       [0.        , 0.15678315],
       [0.        , 0.15749855],
       [0.        , 0.1588219 ],
       [0.        , 0.15960035],
       [0.        , 0.16141444],
       [0.        , 0.16394316],
       [0.        , 0.16515915],
       [0.        , 0.16540056],
       [0.        , 0.16551818],
       [0.        , 0.16763106],
       [0.        , 0.16855586],
       [0.        , 0.16989921],
       [0.        , 0.1705555 ],
       [0.        , 0.17067055],
       [0.        , 0.17169099],
       [0.        , 0.17330679],
       [0.        , 0.17363581],
       [0.        , 0.17368105],
       [0.        , 0.17385608],
       [0.        , 0.17556645],
       [0.        , 0.17646983],
       [0.        , 0.17710027],
       [0.        , 0.17770015],
       [0.        , 0.17854553],
       [0.        , 0.17989959],
       [0.        , 0.18042512],
       [0.        , 0.18042892],
       [0.        , 0.18224682],
       [0.        , 0.18301429],
       [0.        , 0.18583475],
       [0.        , 0.18679667],
       [0.        , 0.18716879],
       [0.        , 0.18819608],
       [0.        , 0.18828076],
       [0.        , 0.19048858],
       [0.        , 0.19188692],
       [0.        , 0.19226451],
       [0.        , 0.19728304],
       [0.        , 0.19865224],
       [0.        , 0.19954507],
       [0.        ,        inf]]), array([[0.13489085, 0.13889666]])]",False
188,0.21484218537807465,0.005180880427360535,0.1607754638299663,139.76,5.220075466600916,1,0.004468649625778198,0.004468649625778198,0.004468649625778198,0.98,-0.0,"[array([[0.        , 0.09360617],
       [0.        , 0.09832335],
       [0.        , 0.09906363],
       [0.        , 0.10043865],
       [0.        , 0.1032297 ],
       [0.        , 0.10528746],
       [0.        , 0.10550635],
       [0.        , 0.10560107],
       [0.        , 0.10675944],
       [0.        , 0.10707014],
       [0.        , 0.10742414],
       [0.        , 0.10749517],
       [0.        , 0.11030404],
       [0.        , 0.11049966],
       [0.        , 0.11096176],
       [0.        , 0.11111743],
       [0.        , 0.11355285],
       [0.        , 0.11381237],
       [0.        , 0.11432597],
       [0.        , 0.11515439],
       [0.        , 0.11550342],
       [0.        , 0.11827139],
       [0.        , 0.11963121],
       [0.        , 0.12063984],
       [0.        , 0.12157933],
       [0.        , 0.12311234],
       [0.        , 0.12342139],
       [0.        , 0.12429306],
       [0.        , 0.12459837],
       [0.        , 0.12495349],
       [0.        , 0.12636013],
       [0.        , 0.12639005],
       [0.        , 0.12749763],
       [0.        , 0.12785247],
       [0.        , 0.12919943],
       [0.        , 0.12944314],
       [0.        , 0.12978062],
       [0.        , 0.13116656],
       [0.        , 0.13152754],
       [0.        , 0.13234521],
       [0.        , 0.13280834],
       [0.        , 0.13355987],
       [0.        , 0.13656537],
       [0.        , 0.13775572],
       [0.        , 0.13815624],
       [0.        , 0.13951378],
       [0.        , 0.14053106],
       [0.        , 0.14302121],
       [0.        , 0.14408451],
       [0.        , 0.14423384],
       [0.        , 0.14428897],
       [0.        , 0.14625874],
       [0.        , 0.14628488],
       [0.        , 0.14688501],
       [0.        , 0.14693354],
       [0.        , 0.1472141 ],
       [0.        , 0.14781834],
       [0.        , 0.14795712],
       [0.        , 0.14808932],
       [0.        , 0.14947902],
       [0.        , 0.14988698],
       [0.        , 0.15099099],
       [0.        , 0.15265121],
       [0.        , 0.15300994],
       [0.        , 0.15444197],
       [0.        , 0.15452796],
       [0.        , 0.15460798],
       [0.        , 0.15581807],
       [0.        , 0.15609139],
       [0.        , 0.15609497],
       [0.        , 0.15677325],
       [0.        , 0.15788783],
       [0.        , 0.15792456],
       [0.        , 0.1594138 ],
       [0.        , 0.15970288],
       [0.        , 0.15974152],
       [0.        , 0.15996528],
       [0.        , 0.16114537],
       [0.        , 0.16137703],
       [0.        , 0.16141444],
       [0.        , 0.16264668],
       [0.        , 0.16361871],
       [0.        , 0.16382602],
       [0.        , 0.16402957],
       [0.        , 0.16442262],
       [0.        , 0.16455689],
       [0.        , 0.1648739 ],
       [0.        , 0.16514662],
       [0.        , 0.16560689],
       [0.        , 0.16587099],
       [0.        , 0.16596338],
       [0.        , 0.16615707],
       [0.        , 0.16618702],
       [0.        , 0.16628234],
       [0.        , 0.16706103],
       [0.        , 0.16735192],
       [0.        , 0.16771924],
       [0.        , 0.16785429],
       [0.        , 0.16821618],
       [0.        , 0.16883281],
       [0.        , 0.16917083],
       [0.        , 0.16926283],
       [0.        , 0.17031419],
       [0.        , 0.1704731 ],
       [0.        , 0.17071666],
       [0.        , 0.17072967],
       [0.        , 0.17117697],
       [0.        , 0.17171068],
       [0.        , 0.17200154],
       [0.        , 0.17241712],
       [0.        , 0.17261003],
       [0.        , 0.17393897],
       [0.        , 0.17414646],
       [0.        , 0.17476702],
       [0.        , 0.17493668],
       [0.        , 0.17555675],
       [0.        , 0.1760515 ],
       [0.        , 0.17609808],
       [0.        , 0.17620622],
       [0.        , 0.17660587],
       [0.        , 0.17670996],
       [0.        , 0.17673552],
       [0.        , 0.17679834],
       [0.        , 0.17695069],
       [0.        , 0.17697017],
       [0.        , 0.17793956],
       [0.        , 0.17805345],
       [0.        , 0.17833087],
       [0.        , 0.1792313 ],
       [0.        , 0.17926577],
       [0.        , 0.17933482],
       [0.        , 0.1796447 ],
       [0.        , 0.17983069],
       [0.        , 0.17989959],
       [0.        , 0.18053938],
       [0.        , 0.18058112],
       [0.        , 0.18064298],
       [0.        , 0.18067791],
       [0.        , 0.18082666],
       [0.        , 0.18088552],
       [0.        , 0.18092644],
       [0.        , 0.18257737],
       [0.        , 0.18300372],
       [0.        , 0.18319553],
       [0.        , 0.18325286],
       [0.        , 0.18344094],
       [0.        , 0.18372117],
       [0.        , 0.18376574],
       [0.        , 0.18449867],
       [0.        , 0.18471888],
       [0.        , 0.18544865],
       [0.        , 0.18555748],
       [0.        , 0.18574104],
       [0.        , 0.18650614],
       [0.        , 0.18710101],
       [0.        , 0.18724845],
       [0.        , 0.18792628],
       [0.        , 0.18853861],
       [0.        , 0.18918036],
       [0.        , 0.18932934],
       [0.        , 0.18934719],
       [0.        , 0.19015576],
       [0.        , 0.19064644],
       [0.        , 0.19171648],
       [0.        , 0.19212358],
       [0.        , 0.19214723],
       [0.        , 0.19235882],
       [0.        , 0.19236992],
       [0.        , 0.1935171 ],
       [0.        , 0.19372393],
       [0.        , 0.1941471 ],
       [0.        , 0.19459036],
       [0.        , 0.19493331],
       [0.        , 0.19562306],
       [0.        , 0.19659039],
       [0.        , 0.19697544],
       [0.        , 0.19699812],
       [0.        , 0.19747132],
       [0.        , 0.19867724],
       [0.        , 0.19922599],
       [0.        , 0.20014857],
       [0.        , 0.20029715],
       [0.        , 0.20045955],
       [0.        , 0.20307527],
       [0.        , 0.20535342],
       [0.        , 0.20596115],
       [0.        , 0.2096613 ],
       [0.        , 0.21484219],
       [0.        ,        inf]]), array([[0.13489085, 0.1393595 ]])]",True
122,0.20369745790958405,0.005990967154502869,0.15497484412349638,92.16,4.785246256760494,2,0.004005804657936096,0.0027370601892471313,0.0026372745633125305,0.72,0.5517025399245963,"[array([[0.        , 0.09360617],
       [0.        , 0.09832335],
       [0.        , 0.09906363],
       [0.        , 0.09909354],
       [0.        , 0.10043865],
       [0.        , 0.10550635],
       [0.        , 0.10675944],
       [0.        , 0.10685844],
       [0.        , 0.10707014],
       [0.        , 0.10742414],
       [0.        , 0.10749517],
       [0.        , 0.10936148],
       [0.        , 0.11020229],
       [0.        , 0.11030404],
       [0.        , 0.11049966],
       [0.        , 0.11096176],
       [0.        , 0.11355285],
       [0.        , 0.11381237],
       [0.        , 0.11432597],
       [0.        , 0.11515816],
       [0.        , 0.11550342],
       [0.        , 0.11695814],
       [0.        , 0.11805908],
       [0.        , 0.11899885],
       [0.        , 0.11963121],
       [0.        , 0.12100541],
       [0.        , 0.12249997],
       [0.        , 0.12342139],
       [0.        , 0.12495349],
       [0.        , 0.12696232],
       [0.        , 0.12971132],
       [0.        , 0.12978062],
       [0.        , 0.13329279],
       [0.        , 0.13367438],
       [0.        , 0.13658053],
       [0.        , 0.13701032],
       [0.        , 0.13738295],
       [0.        , 0.13915548],
       [0.        , 0.1398706 ],
       [0.        , 0.14023618],
       [0.        , 0.14062227],
       [0.        , 0.14160265],
       [0.        , 0.14299229],
       [0.        , 0.14574522],
       [0.        , 0.14708032],
       [0.        , 0.14813484],
       [0.        , 0.14947902],
       [0.        , 0.15106267],
       [0.        , 0.15310016],
       [0.        , 0.1535272 ],
       [0.        , 0.1551968 ],
       [0.        , 0.1561415 ],
       [0.        , 0.15776043],
       [0.        , 0.15851125],
       [0.        , 0.15937117],
       [0.        , 0.16226815],
       [0.        , 0.16300662],
       [0.        , 0.16439956],
       [0.        , 0.16480264],
       [0.        , 0.16551818],
       [0.        , 0.16587099],
       [0.        , 0.16656803],
       [0.        , 0.16687484],
       [0.        , 0.1669281 ],
       [0.        , 0.16788711],
       [0.        , 0.16845967],
       [0.        , 0.16852736],
       [0.        , 0.16855586],
       [0.        , 0.16906965],
       [0.        , 0.16943532],
       [0.        , 0.16961738],
       [0.        , 0.1698126 ],
       [0.        , 0.1705555 ],
       [0.        , 0.17150062],
       [0.        , 0.17205316],
       [0.        , 0.17343602],
       [0.        , 0.17343682],
       [0.        , 0.17368105],
       [0.        , 0.17377718],
       [0.        , 0.17385608],
       [0.        , 0.17391917],
       [0.        , 0.17411906],
       [0.        , 0.17509706],
       [0.        , 0.17514545],
       [0.        , 0.17519139],
       [0.        , 0.17601864],
       [0.        , 0.17652078],
       [0.        , 0.17700969],
       [0.        , 0.1771701 ],
       [0.        , 0.17826165],
       [0.        , 0.1787502 ],
       [0.        , 0.17943585],
       [0.        , 0.17988297],
       [0.        , 0.18006967],
       [0.        , 0.18042512],
       [0.        , 0.18042892],
       [0.        , 0.18052639],
       [0.        , 0.18058112],
       [0.        , 0.18112268],
       [0.        , 0.18148348],
       [0.        , 0.18153749],
       [0.        , 0.18301429],
       [0.        , 0.18328141],
       [0.        , 0.18360253],
       [0.        , 0.18583475],
       [0.        , 0.18596578],
       [0.        , 0.18598868],
       [0.        , 0.18697929],
       [0.        , 0.18723069],
       [0.        , 0.18732212],
       [0.        , 0.187692  ],
       [0.        , 0.18819608],
       [0.        , 0.18927616],
       [0.        , 0.18967843],
       [0.        , 0.19048858],
       [0.        , 0.19091107],
       [0.        , 0.19111091],
       [0.        , 0.19188692],
       [0.        , 0.19265857],
       [0.        , 0.19697955],
       [0.        , 0.19770649],
       [0.        , 0.20369746],
       [0.        ,        inf]]), array([[0.14076899, 0.14203773],
       [0.13489085, 0.13889666]])]",True
77,0.20513011515140533,0.012517109513282776,0.15156519587163803,56.44,4.32626816809822,0,0.0,0.0,0.0,0.0,0.0,"[array([[0.        , 0.09360617],
       [0.        , 0.09832335],
       [0.        , 0.09906363],
       [0.        , 0.10043865],
       [0.        , 0.10550635],
       [0.        , 0.10707014],
       [0.        , 0.10749517],
       [0.        , 0.11030404],
       [0.        , 0.11096176],
       [0.        , 0.11179125],
       [0.        , 0.11515439],
       [0.        , 0.11827139],
       [0.        , 0.11963121],
       [0.        , 0.12016183],
       [0.        , 0.12065811],
       [0.        , 0.12432688],
       [0.        , 0.12459837],
       [0.        , 0.12717749],
       [0.        , 0.12785247],
       [0.        , 0.12866725],
       [0.        , 0.1288262 ],
       [0.        , 0.12955657],
       [0.        , 0.12978062],
       [0.        , 0.13043648],
       [0.        , 0.13489085],
       [0.        , 0.13747981],
       [0.        , 0.14023618],
       [0.        , 0.14235437],
       [0.        , 0.14450444],
       [0.        , 0.1458388 ],
       [0.        , 0.1465466 ],
       [0.        , 0.14906217],
       [0.        , 0.14947902],
       [0.        , 0.15008543],
       [0.        , 0.15245995],
       [0.        , 0.15431182],
       [0.        , 0.15448652],
       [0.        , 0.15545353],
       [0.        , 0.1558798 ],
       [0.        , 0.15704027],
       [0.        , 0.15834847],
       [0.        , 0.15905324],
       [0.        , 0.1595307 ],
       [0.        , 0.16141444],
       [0.        , 0.16460998],
       [0.        , 0.16514662],
       [0.        , 0.16585204],
       [0.        , 0.16628234],
       [0.        , 0.16702969],
       [0.        , 0.16703372],
       [0.        , 0.16726226],
       [0.        , 0.16885361],
       [0.        , 0.16961738],
       [0.        , 0.17116538],
       [0.        , 0.17239882],
       [0.        , 0.17306176],
       [0.        , 0.17334762],
       [0.        , 0.17455077],
       [0.        , 0.17493668],
       [0.        , 0.17667212],
       [0.        , 0.17829108],
       [0.        , 0.17923388],
       [0.        , 0.17946769],
       [0.        , 0.17962821],
       [0.        , 0.18153749],
       [0.        , 0.18231459],
       [0.        , 0.18301547],
       [0.        , 0.18321298],
       [0.        , 0.1846116 ],
       [0.        , 0.18610454],
       [0.        , 0.18620168],
       [0.        , 0.18637186],
       [0.        , 0.18820533],
       [0.        , 0.18865125],
       [0.        , 0.18999232],
       [0.        , 0.19261301],
       [0.        , 0.20513012],
       [0.        ,        inf]]), array([], shape=(0, 2), dtype=float64)]",True
122,0.20452149212360382,0.000276029109954834,0.1537850797176361,91.1,4.783268687622501,3,0.007116466760635376,0.0035697147250175476,0.00429614136616389,0.64,0.9862720940800145,"[array([[0.        , 0.09360617],
       [0.        , 0.09505783],
       [0.        , 0.09832335],
       [0.        , 0.09906363],
       [0.        , 0.10043865],
       [0.        , 0.10528746],
       [0.        , 0.10550635],
       [0.        , 0.10560107],
       [0.        , 0.10707014],
       [0.        , 0.10749517],
       [0.        , 0.10879945],
       [0.        , 0.10911847],
       [0.        , 0.10935955],
       [0.        , 0.10936148],
       [0.        , 0.11030404],
       [0.        , 0.11049966],
       [0.        , 0.11096176],
       [0.        , 0.11179125],
       [0.        , 0.1150218 ],
       [0.        , 0.11515439],
       [0.        , 0.11515816],
       [0.        , 0.11550342],
       [0.        , 0.11827139],
       [0.        , 0.11849621],
       [0.        , 0.1193398 ],
       [0.        , 0.11963121],
       [0.        , 0.11975511],
       [0.        , 0.12140132],
       [0.        , 0.12223818],
       [0.        , 0.12249997],
       [0.        , 0.12279889],
       [0.        , 0.12309878],
       [0.        , 0.12342139],
       [0.        , 0.12459837],
       [0.        , 0.12495349],
       [0.        , 0.13239314],
       [0.        , 0.13329279],
       [0.        , 0.13440865],
       [0.        , 0.13537258],
       [0.        , 0.13980357],
       [0.        , 0.14019492],
       [0.        , 0.14023618],
       [0.        , 0.14098929],
       [0.        , 0.14257696],
       [0.        , 0.14298554],
       [0.        , 0.14434989],
       [0.        , 0.14472634],
       [0.        , 0.14737238],
       [0.        , 0.14928955],
       [0.        , 0.14947902],
       [0.        , 0.15022378],
       [0.        , 0.15034112],
       [0.        , 0.15076526],
       [0.        , 0.15175493],
       [0.        , 0.15206578],
       [0.        , 0.15373945],
       [0.        , 0.1551968 ],
       [0.        , 0.15580244],
       [0.        , 0.15702811],
       [0.        , 0.15706147],
       [0.        , 0.15865126],
       [0.        , 0.1602848 ],
       [0.        , 0.1609333 ],
       [0.        , 0.16330333],
       [0.        , 0.16525854],
       [0.        , 0.16569617],
       [0.        , 0.16651347],
       [0.        , 0.16699593],
       [0.        , 0.16807453],
       [0.        , 0.16855586],
       [0.        , 0.16864073],
       [0.        , 0.16880769],
       [0.        , 0.16928393],
       [0.        , 0.16975422],
       [0.        , 0.17105183],
       [0.        , 0.17169099],
       [0.        , 0.17245153],
       [0.        , 0.17269476],
       [0.        , 0.17355993],
       [0.        , 0.17363581],
       [0.        , 0.17379877],
       [0.        , 0.17391917],
       [0.        , 0.17519139],
       [0.        , 0.17646983],
       [0.        , 0.17687967],
       [0.        , 0.17762391],
       [0.        , 0.17772126],
       [0.        , 0.17794302],
       [0.        , 0.17854553],
       [0.        , 0.17868009],
       [0.        , 0.17917974],
       [0.        , 0.17918549],
       [0.        , 0.18042512],
       [0.        , 0.18042892],
       [0.        , 0.18124752],
       [0.        , 0.18154755],
       [0.        , 0.18167749],
       [0.        , 0.18301429],
       [0.        , 0.18327549],
       [0.        , 0.18448927],
       [0.        , 0.18453692],
       [0.        , 0.1852985 ],
       [0.        , 0.18780968],
       [0.        , 0.18789241],
       [0.        , 0.18806307],
       [0.        , 0.18819608],
       [0.        , 0.18828076],
       [0.        , 0.18852109],
       [0.        , 0.18987989],
       [0.        , 0.19028851],
       [0.        , 0.19048858],
       [0.        , 0.19127753],
       [0.        , 0.19157745],
       [0.        , 0.19188692],
       [0.        , 0.19195129],
       [0.        , 0.1939597 ],
       [0.        , 0.1976518 ],
       [0.        , 0.19853689],
       [0.        , 0.19865224],
       [0.        , 0.20074397],
       [0.        , 0.20424546],
       [0.        , 0.20452149],
       [0.        ,        inf]]), array([[0.13822629, 0.14045149],
       [0.1254465 , 0.13256297],
       [0.12065811, 0.12420486]])]",True
191,0.2096613049507141,0.003700152039527893,0.15740105775014268,142.44,5.235775242495528,1,0.004005804657936096,0.004005804657936096,0.004005804657936096,0.98,-0.0,"[array([[0.        , 0.09360617],
       [0.        , 0.0976526 ],
       [0.        , 0.09832335],
       [0.        , 0.09884338],
       [0.        , 0.09906363],
       [0.        , 0.10043865],
       [0.        , 0.10528746],
       [0.        , 0.10550635],
       [0.        , 0.10560107],
       [0.        , 0.10675944],
       [0.        , 0.10707014],
       [0.        , 0.10742414],
       [0.        , 0.10749517],
       [0.        , 0.10936148],
       [0.        , 0.11030404],
       [0.        , 0.11049966],
       [0.        , 0.11096176],
       [0.        , 0.11179125],
       [0.        , 0.11203784],
       [0.        , 0.11355285],
       [0.        , 0.11381237],
       [0.        , 0.11432597],
       [0.        , 0.11515439],
       [0.        , 0.11515816],
       [0.        , 0.11550342],
       [0.        , 0.11827139],
       [0.        , 0.11963121],
       [0.        , 0.12063984],
       [0.        , 0.12107187],
       [0.        , 0.12249997],
       [0.        , 0.12311234],
       [0.        , 0.12429306],
       [0.        , 0.12459837],
       [0.        , 0.12495349],
       [0.        , 0.12521386],
       [0.        , 0.12530892],
       [0.        , 0.12696232],
       [0.        , 0.12749763],
       [0.        , 0.12944314],
       [0.        , 0.12978062],
       [0.        , 0.13116656],
       [0.        , 0.13152754],
       [0.        , 0.13369347],
       [0.        , 0.13382825],
       [0.        , 0.1351454 ],
       [0.        , 0.1352493 ],
       [0.        , 0.1359193 ],
       [0.        , 0.13656537],
       [0.        , 0.13951378],
       [0.        , 0.13986042],
       [0.        , 0.14053106],
       [0.        , 0.1423419 ],
       [0.        , 0.14298554],
       [0.        , 0.14299229],
       [0.        , 0.14302121],
       [0.        , 0.14379145],
       [0.        , 0.14408451],
       [0.        , 0.14423384],
       [0.        , 0.14425278],
       [0.        , 0.14426939],
       [0.        , 0.14428897],
       [0.        , 0.14613606],
       [0.        , 0.14628488],
       [0.        , 0.14688501],
       [0.        , 0.14781834],
       [0.        , 0.14783299],
       [0.        , 0.14795712],
       [0.        , 0.14814167],
       [0.        , 0.15099099],
       [0.        , 0.15126131],
       [0.        , 0.15231015],
       [0.        , 0.15379421],
       [0.        , 0.15444197],
       [0.        , 0.15452796],
       [0.        , 0.15460798],
       [0.        , 0.1551968 ],
       [0.        , 0.15609497],
       [0.        , 0.15677325],
       [0.        , 0.15749855],
       [0.        , 0.15788783],
       [0.        , 0.15792456],
       [0.        , 0.1594138 ],
       [0.        , 0.15970288],
       [0.        , 0.15974152],
       [0.        , 0.16010712],
       [0.        , 0.1602848 ],
       [0.        , 0.160432  ],
       [0.        , 0.16114537],
       [0.        , 0.16137703],
       [0.        , 0.16141444],
       [0.        , 0.16234091],
       [0.        , 0.16264668],
       [0.        , 0.16288048],
       [0.        , 0.16300662],
       [0.        , 0.16361871],
       [0.        , 0.16382602],
       [0.        , 0.16402957],
       [0.        , 0.16442262],
       [0.        , 0.16455689],
       [0.        , 0.1648739 ],
       [0.        , 0.16514662],
       [0.        , 0.16554916],
       [0.        , 0.16560689],
       [0.        , 0.16587099],
       [0.        , 0.16596338],
       [0.        , 0.16598366],
       [0.        , 0.16612799],
       [0.        , 0.16618702],
       [0.        , 0.16628234],
       [0.        , 0.16699606],
       [0.        , 0.16706103],
       [0.        , 0.16735192],
       [0.        , 0.16771924],
       [0.        , 0.16773254],
       [0.        , 0.16785429],
       [0.        , 0.16926283],
       [0.        , 0.1704731 ],
       [0.        , 0.17072967],
       [0.        , 0.17094208],
       [0.        , 0.1711684 ],
       [0.        , 0.17117697],
       [0.        , 0.17171068],
       [0.        , 0.17185244],
       [0.        , 0.17200154],
       [0.        , 0.17210133],
       [0.        , 0.17241712],
       [0.        , 0.17261003],
       [0.        , 0.1727511 ],
       [0.        , 0.17379877],
       [0.        , 0.17393897],
       [0.        , 0.17414646],
       [0.        , 0.17468522],
       [0.        , 0.17555675],
       [0.        , 0.17562701],
       [0.        , 0.17577186],
       [0.        , 0.17609808],
       [0.        , 0.17642689],
       [0.        , 0.17670996],
       [0.        , 0.17673552],
       [0.        , 0.17679834],
       [0.        , 0.17697017],
       [0.        , 0.17793956],
       [0.        , 0.17805345],
       [0.        , 0.1792313 ],
       [0.        , 0.17933482],
       [0.        , 0.1796447 ],
       [0.        , 0.17983069],
       [0.        , 0.18053938],
       [0.        , 0.18058112],
       [0.        , 0.18064298],
       [0.        , 0.18067791],
       [0.        , 0.18088552],
       [0.        , 0.18092644],
       [0.        , 0.18257737],
       [0.        , 0.18300372],
       [0.        , 0.18319553],
       [0.        , 0.18324928],
       [0.        , 0.18325286],
       [0.        , 0.18344094],
       [0.        , 0.18376574],
       [0.        , 0.18449867],
       [0.        , 0.18544865],
       [0.        , 0.18682867],
       [0.        , 0.18724845],
       [0.        , 0.18747155],
       [0.        , 0.18792628],
       [0.        , 0.18819608],
       [0.        , 0.18853861],
       [0.        , 0.18918036],
       [0.        , 0.18934719],
       [0.        , 0.19015576],
       [0.        , 0.19064644],
       [0.        , 0.19171648],
       [0.        , 0.19212358],
       [0.        , 0.19302468],
       [0.        , 0.1935171 ],
       [0.        , 0.19372393],
       [0.        , 0.1941471 ],
       [0.        , 0.19493331],
       [0.        , 0.19562306],
       [0.        , 0.19659039],
       [0.        , 0.19697544],
       [0.        , 0.19699812],
       [0.        , 0.19867724],
       [0.        , 0.19876459],
       [0.        , 0.19922599],
       [0.        , 0.20014857],
       [0.        , 0.20029715],
       [0.        , 0.20307527],
       [0.        , 0.20596115],
       [0.        , 0.2096613 ],
       [0.        ,        inf]]), array([[0.13489085, 0.13889666]])]",True
102,0.2100600153207779,0.009220108389854431,0.15239103138446808,73.5,4.604875018351036,0,0.0,0.0,0.0,0.0,0.0,"[array([[0.        , 0.09028479],
       [0.        , 0.09360617],
       [0.        , 0.09832335],
       [0.        , 0.09906363],
       [0.        , 0.09909354],
       [0.        , 0.10043865],
       [0.        , 0.10550635],
       [0.        , 0.10560107],
       [0.        , 0.10707014],
       [0.        , 0.10742414],
       [0.        , 0.10749517],
       [0.        , 0.10936148],
       [0.        , 0.11030404],
       [0.        , 0.11096176],
       [0.        , 0.11179125],
       [0.        , 0.11381237],
       [0.        , 0.11387531],
       [0.        , 0.11432597],
       [0.        , 0.11827139],
       [0.        , 0.1183588 ],
       [0.        , 0.11963121],
       [0.        , 0.12342139],
       [0.        , 0.12459837],
       [0.        , 0.12495349],
       [0.        , 0.12530892],
       [0.        , 0.12562174],
       [0.        , 0.12749763],
       [0.        , 0.12766671],
       [0.        , 0.12978062],
       [0.        , 0.13382825],
       [0.        , 0.13438536],
       [0.        , 0.13460439],
       [0.        , 0.13489085],
       [0.        , 0.13815616],
       [0.        , 0.13820219],
       [0.        , 0.14019492],
       [0.        , 0.14062227],
       [0.        , 0.14065626],
       [0.        , 0.14217274],
       [0.        , 0.14341511],
       [0.        , 0.14402194],
       [0.        , 0.14408451],
       [0.        , 0.14487444],
       [0.        , 0.14947902],
       [0.        , 0.15079165],
       [0.        , 0.15273552],
       [0.        , 0.15457956],
       [0.        , 0.15516536],
       [0.        , 0.15621829],
       [0.        , 0.1580296 ],
       [0.        , 0.15805763],
       [0.        , 0.1602848 ],
       [0.        , 0.1623584 ],
       [0.        , 0.1650019 ],
       [0.        , 0.16547038],
       [0.        , 0.16628234],
       [0.        , 0.16715761],
       [0.        , 0.16879544],
       [0.        , 0.16882101],
       [0.        , 0.16883281],
       [0.        , 0.16912337],
       [0.        , 0.16943532],
       [0.        , 0.16973363],
       [0.        , 0.17006232],
       [0.        , 0.17025737],
       [0.        , 0.17084946],
       [0.        , 0.17147404],
       [0.        , 0.17167817],
       [0.        , 0.17180973],
       [0.        , 0.17245153],
       [0.        , 0.17303352],
       [0.        , 0.17355613],
       [0.        , 0.17357752],
       [0.        , 0.17363378],
       [0.        , 0.1746843 ],
       [0.        , 0.17556645],
       [0.        , 0.176183  ],
       [0.        , 0.17697559],
       [0.        , 0.17704885],
       [0.        , 0.17772126],
       [0.        , 0.17790416],
       [0.        , 0.17854553],
       [0.        , 0.17914008],
       [0.        , 0.17982717],
       [0.        , 0.18064918],
       [0.        , 0.18231897],
       [0.        , 0.18301429],
       [0.        , 0.18388574],
       [0.        , 0.18435851],
       [0.        , 0.18574104],
       [0.        , 0.18687756],
       [0.        , 0.18723069],
       [0.        , 0.18819608],
       [0.        , 0.18867432],
       [0.        , 0.18912646],
       [0.        , 0.18932153],
       [0.        , 0.19262455],
       [0.        , 0.19382012],
       [0.        , 0.1965394 ],
       [0.        , 0.20071438],
       [0.        , 0.20083991],
       [0.        , 0.21006002],
       [0.        ,        inf]]), array([], shape=(0, 2), dtype=float64)]",True
105,0.1937120258808136,0.0016195029020309448,0.14978945808751243,80.54,4.637338250846561,1,0.0024173855781555176,0.0024173855781555176,0.0024173855781555176,0.98,-0.0,"[array([[0.        , 0.09360617],
       [0.        , 0.09832335],
       [0.        , 0.09906363],
       [0.        , 0.10043865],
       [0.        , 0.10550635],
       [0.        , 0.10560107],
       [0.        , 0.10675944],
       [0.        , 0.10707014],
       [0.        , 0.10742414],
       [0.        , 0.10749517],
       [0.        , 0.10936148],
       [0.        , 0.11030404],
       [0.        , 0.11049966],
       [0.        , 0.11096176],
       [0.        , 0.11357039],
       [0.        , 0.11381237],
       [0.        , 0.11432597],
       [0.        , 0.11515816],
       [0.        , 0.11963121],
       [0.        , 0.12223818],
       [0.        , 0.12249997],
       [0.        , 0.12342139],
       [0.        , 0.12357596],
       [0.        , 0.12429306],
       [0.        , 0.12432688],
       [0.        , 0.12459837],
       [0.        , 0.12495349],
       [0.        , 0.12530892],
       [0.        , 0.12554002],
       [0.        , 0.12797414],
       [0.        , 0.12978062],
       [0.        , 0.13280834],
       [0.        , 0.13380259],
       [0.        , 0.13489085],
       [0.        , 0.13609703],
       [0.        , 0.13806018],
       [0.        , 0.14023618],
       [0.        , 0.14025602],
       [0.        , 0.14121814],
       [0.        , 0.14425278],
       [0.        , 0.14487444],
       [0.        , 0.14507952],
       [0.        , 0.14634326],
       [0.        , 0.14947902],
       [0.        , 0.15008543],
       [0.        , 0.15014958],
       [0.        , 0.15022378],
       [0.        , 0.15030405],
       [0.        , 0.15044302],
       [0.        , 0.15118161],
       [0.        , 0.15133984],
       [0.        , 0.15253563],
       [0.        , 0.15506949],
       [0.        , 0.1551968 ],
       [0.        , 0.15761791],
       [0.        , 0.15805763],
       [0.        , 0.15817972],
       [0.        , 0.15940003],
       [0.        , 0.15989922],
       [0.        , 0.16197702],
       [0.        , 0.16337302],
       [0.        , 0.16446967],
       [0.        , 0.16461504],
       [0.        , 0.16514662],
       [0.        , 0.1654111 ],
       [0.        , 0.1656647 ],
       [0.        , 0.16602519],
       [0.        , 0.16618685],
       [0.        , 0.16625088],
       [0.        , 0.16642573],
       [0.        , 0.16715761],
       [0.        , 0.16729961],
       [0.        , 0.16760664],
       [0.        , 0.16763106],
       [0.        , 0.16853108],
       [0.        , 0.16885361],
       [0.        , 0.17034303],
       [0.        , 0.1704731 ],
       [0.        , 0.17116538],
       [0.        , 0.17290638],
       [0.        , 0.17328022],
       [0.        , 0.17331   ],
       [0.        , 0.1745441 ],
       [0.        , 0.17462896],
       [0.        , 0.17529938],
       [0.        , 0.17553587],
       [0.        , 0.17739561],
       [0.        , 0.17744587],
       [0.        , 0.17772126],
       [0.        , 0.17818992],
       [0.        , 0.17923388],
       [0.        , 0.17989959],
       [0.        , 0.18118727],
       [0.        , 0.18164355],
       [0.        , 0.18247092],
       [0.        , 0.18301429],
       [0.        , 0.18446746],
       [0.        , 0.1846116 ],
       [0.        , 0.1854848 ],
       [0.        , 0.18574104],
       [0.        , 0.18811606],
       [0.        , 0.18819608],
       [0.        , 0.18865125],
       [0.        , 0.19209252],
       [0.        , 0.19371203],
       [0.        ,        inf]]), array([[0.1414299 , 0.14384729]])]",True
59,0.19301682710647583,0.00046969950199127197,0.1470843540914988,44.6,4.057060915381405,0,0.0,0.0,0.0,0.0,0.0,"[array([[0.        , 0.10043865],
       [0.        , 0.10528746],
       [0.        , 0.10550635],
       [0.        , 0.10560107],
       [0.        , 0.10742414],
       [0.        , 0.10749517],
       [0.        , 0.10899078],
       [0.        , 0.11030404],
       [0.        , 0.11090633],
       [0.        , 0.11179125],
       [0.        , 0.11189751],
       [0.        , 0.11261448],
       [0.        , 0.11515816],
       [0.        , 0.11688131],
       [0.        , 0.11963121],
       [0.        , 0.12249997],
       [0.        , 0.1235863 ],
       [0.        , 0.12412774],
       [0.        , 0.12459837],
       [0.        , 0.12495349],
       [0.        , 0.12562174],
       [0.        , 0.12724522],
       [0.        , 0.12785247],
       [0.        , 0.12978062],
       [0.        , 0.12994631],
       [0.        , 0.13489085],
       [0.        , 0.14032601],
       [0.        , 0.14121011],
       [0.        , 0.14294413],
       [0.        , 0.14499347],
       [0.        , 0.14947902],
       [0.        , 0.1551968 ],
       [0.        , 0.15562631],
       [0.        , 0.16215658],
       [0.        , 0.16232932],
       [0.        , 0.16364524],
       [0.        , 0.16457853],
       [0.        , 0.16523309],
       [0.        , 0.16627812],
       [0.        , 0.16794743],
       [0.        , 0.16855586],
       [0.        , 0.17169099],
       [0.        , 0.17278579],
       [0.        , 0.17390485],
       [0.        , 0.17518038],
       [0.        , 0.17556645],
       [0.        , 0.17646983],
       [0.        , 0.17772126],
       [0.        , 0.17854553],
       [0.        , 0.18311696],
       [0.        , 0.18321298],
       [0.        , 0.18431009],
       [0.        , 0.18705189],
       [0.        , 0.18723069],
       [0.        , 0.18855168],
       [0.        , 0.1893383 ],
       [0.        , 0.19220427],
       [0.        , 0.19254713],
       [0.        , 0.19301683],
       [0.        ,        inf]]), array([], shape=(0, 2), dtype=float64)]",True
138,0.20327553153038025,0.003657311201095581,0.15703334837504054,105.94,4.911149471702476,0,0.0,0.0,0.0,0.0,0.0,"[array([[0.        , 0.09028479],
       [0.        , 0.09360617],
       [0.        , 0.09832335],
       [0.        , 0.09909354],
       [0.        , 0.10043865],
       [0.        , 0.10550635],
       [0.        , 0.10560107],
       [0.        , 0.10707014],
       [0.        , 0.10749517],
       [0.        , 0.10911847],
       [0.        , 0.10936148],
       [0.        , 0.11030404],
       [0.        , 0.11090633],
       [0.        , 0.11096176],
       [0.        , 0.11529572],
       [0.        , 0.11899885],
       [0.        , 0.11963121],
       [0.        , 0.11963307],
       [0.        , 0.12065811],
       [0.        , 0.12140132],
       [0.        , 0.12249997],
       [0.        , 0.12342139],
       [0.        , 0.12459837],
       [0.        , 0.12495349],
       [0.        , 0.12505792],
       [0.        , 0.12530892],
       [0.        , 0.12562174],
       [0.        , 0.12766671],
       [0.        , 0.12793508],
       [0.        , 0.12880211],
       [0.        , 0.12978062],
       [0.        , 0.13109675],
       [0.        , 0.13116656],
       [0.        , 0.13489085],
       [0.        , 0.13542277],
       [0.        , 0.1357865 ],
       [0.        , 0.13964829],
       [0.        , 0.14042537],
       [0.        , 0.1407133 ],
       [0.        , 0.14354934],
       [0.        , 0.14379145],
       [0.        , 0.14487444],
       [0.        , 0.14513972],
       [0.        , 0.14744817],
       [0.        , 0.14779569],
       [0.        , 0.14790368],
       [0.        , 0.14796224],
       [0.        , 0.14947902],
       [0.        , 0.14949623],
       [0.        , 0.14950253],
       [0.        , 0.1501243 ],
       [0.        , 0.15367106],
       [0.        , 0.15371418],
       [0.        , 0.15463181],
       [0.        , 0.15757355],
       [0.        , 0.15788783],
       [0.        , 0.15834147],
       [0.        , 0.15974152],
       [0.        , 0.15998858],
       [0.        , 0.15999842],
       [0.        , 0.16022287],
       [0.        , 0.16057272],
       [0.        , 0.16235048],
       [0.        , 0.16289032],
       [0.        , 0.16300662],
       [0.        , 0.16502705],
       [0.        , 0.16514662],
       [0.        , 0.16595118],
       [0.        , 0.16612799],
       [0.        , 0.16629323],
       [0.        , 0.16652347],
       [0.        , 0.16671036],
       [0.        , 0.16729961],
       [0.        , 0.16771924],
       [0.        , 0.16795756],
       [0.        , 0.16798499],
       [0.        , 0.16800439],
       [0.        , 0.16821618],
       [0.        , 0.16855586],
       [0.        , 0.16883281],
       [0.        , 0.16926283],
       [0.        , 0.17018333],
       [0.        , 0.17036907],
       [0.        , 0.17038804],
       [0.        , 0.17084946],
       [0.        , 0.17124756],
       [0.        , 0.17147404],
       [0.        , 0.17169099],
       [0.        , 0.17225133],
       [0.        , 0.17257597],
       [0.        , 0.17284001],
       [0.        , 0.17303352],
       [0.        , 0.17313625],
       [0.        , 0.17357293],
       [0.        , 0.17364578],
       [0.        , 0.17390485],
       [0.        , 0.17423031],
       [0.        , 0.17464054],
       [0.        , 0.1746843 ],
       [0.        , 0.17472962],
       [0.        , 0.17519139],
       [0.        , 0.17556645],
       [0.        , 0.17639689],
       [0.        , 0.17646983],
       [0.        , 0.17790416],
       [0.        , 0.17854553],
       [0.        , 0.17869742],
       [0.        , 0.17964613],
       [0.        , 0.18012418],
       [0.        , 0.18064918],
       [0.        , 0.18116574],
       [0.        , 0.18258236],
       [0.        , 0.18278807],
       [0.        , 0.18301429],
       [0.        , 0.18368934],
       [0.        , 0.18392844],
       [0.        , 0.18448927],
       [0.        , 0.18531919],
       [0.        , 0.18574104],
       [0.        , 0.18628478],
       [0.        , 0.18723069],
       [0.        , 0.18726042],
       [0.        , 0.18742123],
       [0.        , 0.18765415],
       [0.        , 0.18798214],
       [0.        , 0.18818021],
       [0.        , 0.18819608],
       [0.        , 0.18834741],
       [0.        , 0.18935911],
       [0.        , 0.19005521],
       [0.        , 0.19056937],
       [0.        , 0.19180711],
       [0.        , 0.19676802],
       [0.        , 0.19754191],
       [0.        , 0.19784626],
       [0.        , 0.19808953],
       [0.        , 0.19961822],
       [0.        , 0.20327553],
       [0.        ,        inf]]), array([], shape=(0, 2), dtype=float64)]",False
80,0.2040708214044571,0.006292134523391724,0.15276981685310603,59.5,4.36501985141198,1,0.0003342628479003906,0.0003342628479003906,0.0003342628479003906,0.98,-0.0,"[array([[0.        , 0.09360617],
       [0.        , 0.09906363],
       [0.        , 0.10043865],
       [0.        , 0.10528746],
       [0.        , 0.10550635],
       [0.        , 0.10707014],
       [0.        , 0.10749517],
       [0.        , 0.11030404],
       [0.        , 0.11096176],
       [0.        , 0.11515816],
       [0.        , 0.11827139],
       [0.        , 0.11963121],
       [0.        , 0.12016183],
       [0.        , 0.12072835],
       [0.        , 0.12246194],
       [0.        , 0.12342139],
       [0.        , 0.12432688],
       [0.        , 0.12459837],
       [0.        , 0.12495349],
       [0.        , 0.12724522],
       [0.        , 0.12785247],
       [0.        , 0.12971132],
       [0.        , 0.12978062],
       [0.        , 0.13280834],
       [0.        , 0.13489085],
       [0.        , 0.14021519],
       [0.        , 0.14042537],
       [0.        , 0.14341511],
       [0.        , 0.14628488],
       [0.        , 0.14814167],
       [0.        , 0.14977103],
       [0.        , 0.15022378],
       [0.        , 0.15099099],
       [0.        , 0.15122713],
       [0.        , 0.15444197],
       [0.        , 0.15516536],
       [0.        , 0.1551968 ],
       [0.        , 0.15577227],
       [0.        , 0.15905324],
       [0.        , 0.15906753],
       [0.        , 0.15911454],
       [0.        , 0.1594138 ],
       [0.        , 0.15970288],
       [0.        , 0.16026869],
       [0.        , 0.1602848 ],
       [0.        , 0.16074041],
       [0.        , 0.16082723],
       [0.        , 0.16114126],
       [0.        , 0.16396929],
       [0.        , 0.16574831],
       [0.        , 0.16656779],
       [0.        , 0.16790622],
       [0.        , 0.16855586],
       [0.        , 0.16859555],
       [0.        , 0.17158352],
       [0.        , 0.17185244],
       [0.        , 0.17245153],
       [0.        , 0.17296463],
       [0.        , 0.17349188],
       [0.        , 0.17390485],
       [0.        , 0.17518038],
       [0.        , 0.17567964],
       [0.        , 0.17611749],
       [0.        , 0.17646983],
       [0.        , 0.17772126],
       [0.        , 0.17888688],
       [0.        , 0.17911251],
       [0.        , 0.18185349],
       [0.        , 0.18239807],
       [0.        , 0.18321298],
       [0.        , 0.18399608],
       [0.        , 0.18486804],
       [0.        , 0.18723069],
       [0.        , 0.18932153],
       [0.        , 0.18999232],
       [0.        , 0.19180711],
       [0.        , 0.19416147],
       [0.        , 0.19751306],
       [0.        , 0.19777869],
       [0.        , 0.20407082],
       [0.        ,        inf]]), array([[0.14351302, 0.14384729]])]",False
91,0.20065347850322723,0.0035527199506759644,0.14770958973811224,66.54,4.487991540102361,0,0.0,0.0,0.0,0.0,0.0,"[array([[0.        , 0.08339889],
       [0.        , 0.09028479],
       [0.        , 0.09360617],
       [0.        , 0.09465762],
       [0.        , 0.09523675],
       [0.        , 0.09832335],
       [0.        , 0.10043865],
       [0.        , 0.10502084],
       [0.        , 0.10528746],
       [0.        , 0.10550635],
       [0.        , 0.10560107],
       [0.        , 0.10707014],
       [0.        , 0.10742414],
       [0.        , 0.10749517],
       [0.        , 0.10911847],
       [0.        , 0.10936148],
       [0.        , 0.11030404],
       [0.        , 0.11096176],
       [0.        , 0.11189751],
       [0.        , 0.1135994 ],
       [0.        , 0.11381237],
       [0.        , 0.11387531],
       [0.        , 0.11432597],
       [0.        , 0.11515439],
       [0.        , 0.11963121],
       [0.        , 0.12459837],
       [0.        , 0.12495349],
       [0.        , 0.12505792],
       [0.        , 0.12530892],
       [0.        , 0.12554002],
       [0.        , 0.12978062],
       [0.        , 0.13116656],
       [0.        , 0.13402522],
       [0.        , 0.13489085],
       [0.        , 0.14354934],
       [0.        , 0.14379145],
       [0.        , 0.14425278],
       [0.        , 0.14451441],
       [0.        , 0.14717531],
       [0.        , 0.14744817],
       [0.        , 0.14876328],
       [0.        , 0.14947902],
       [0.        , 0.15126131],
       [0.        , 0.15190817],
       [0.        , 0.15367106],
       [0.        , 0.15463181],
       [0.        , 0.15704027],
       [0.        , 0.15788783],
       [0.        , 0.15851125],
       [0.        , 0.15965292],
       [0.        , 0.15999842],
       [0.        , 0.16171426],
       [0.        , 0.16300662],
       [0.        , 0.16427548],
       [0.        , 0.16485116],
       [0.        , 0.16699606],
       [0.        , 0.16703372],
       [0.        , 0.16715761],
       [0.        , 0.16821618],
       [0.        , 0.16855586],
       [0.        , 0.17018333],
       [0.        , 0.17036907],
       [0.        , 0.17038804],
       [0.        , 0.17072967],
       [0.        , 0.17158352],
       [0.        , 0.17257597],
       [0.        , 0.17303352],
       [0.        , 0.17390485],
       [0.        , 0.17423031],
       [0.        , 0.17464054],
       [0.        , 0.17491284],
       [0.        , 0.17639689],
       [0.        , 0.17654744],
       [0.        , 0.17768842],
       [0.        , 0.17794418],
       [0.        , 0.17797257],
       [0.        , 0.17964613],
       [0.        , 0.18012418],
       [0.        , 0.18065871],
       [0.        , 0.18164368],
       [0.        , 0.18258236],
       [0.        , 0.18278807],
       [0.        , 0.18301429],
       [0.        , 0.18368934],
       [0.        , 0.18628478],
       [0.        , 0.18765415],
       [0.        , 0.18819608],
       [0.        , 0.19056937],
       [0.        , 0.19180711],
       [0.        , 0.19710076],
       [0.        , 0.20065348],
       [0.        ,        inf]]), array([], shape=(0, 2), dtype=float64)]",False
95,0.21373605728149414,0.00949704647064209,0.15561694063638387,68.7,4.535022628396385,0,0.0,0.0,0.0,0.0,0.0,"[array([[0.        , 0.09360617],
       [0.        , 0.09832335],
       [0.        , 0.09884338],
       [0.        , 0.10043865],
       [0.        , 0.10550635],
       [0.        , 0.10707014],
       [0.        , 0.10742414],
       [0.        , 0.10749517],
       [0.        , 0.11030404],
       [0.        , 0.11096176],
       [0.        , 0.11189751],
       [0.        , 0.11381237],
       [0.        , 0.11515439],
       [0.        , 0.11963121],
       [0.        , 0.11963307],
       [0.        , 0.12412774],
       [0.        , 0.12413029],
       [0.        , 0.12459837],
       [0.        , 0.12495349],
       [0.        , 0.12562174],
       [0.        , 0.12772033],
       [0.        , 0.12785247],
       [0.        , 0.12880211],
       [0.        , 0.1293426 ],
       [0.        , 0.12978062],
       [0.        , 0.13211091],
       [0.        , 0.13405956],
       [0.        , 0.13489085],
       [0.        , 0.13776323],
       [0.        , 0.14004286],
       [0.        , 0.14023618],
       [0.        , 0.14184327],
       [0.        , 0.14235471],
       [0.        , 0.14379145],
       [0.        , 0.14529756],
       [0.        , 0.14570744],
       [0.        , 0.14758319],
       [0.        , 0.1477598 ],
       [0.        , 0.14814167],
       [0.        , 0.14823838],
       [0.        , 0.14845026],
       [0.        , 0.14952706],
       [0.        , 0.14977103],
       [0.        , 0.15135854],
       [0.        , 0.15170379],
       [0.        , 0.15817972],
       [0.        , 0.15893058],
       [0.        , 0.15998651],
       [0.        , 0.16125774],
       [0.        , 0.16363467],
       [0.        , 0.16396929],
       [0.        , 0.16500007],
       [0.        , 0.1673511 ],
       [0.        , 0.16898568],
       [0.        , 0.17051145],
       [0.        , 0.17064211],
       [0.        , 0.17071018],
       [0.        , 0.170792  ],
       [0.        , 0.17245153],
       [0.        , 0.17334762],
       [0.        , 0.17515111],
       [0.        , 0.17620252],
       [0.        , 0.17674972],
       [0.        , 0.17753987],
       [0.        , 0.17772126],
       [0.        , 0.17854553],
       [0.        , 0.17856738],
       [0.        , 0.18027581],
       [0.        , 0.18052639],
       [0.        , 0.18098222],
       [0.        , 0.18099657],
       [0.        , 0.18143559],
       [0.        , 0.18204515],
       [0.        , 0.18232216],
       [0.        , 0.18239807],
       [0.        , 0.18321298],
       [0.        , 0.18371671],
       [0.        , 0.184928  ],
       [0.        , 0.18664752],
       [0.        , 0.18666255],
       [0.        , 0.18702216],
       [0.        , 0.18723069],
       [0.        , 0.18792987],
       [0.        , 0.18831809],
       [0.        , 0.18932153],
       [0.        , 0.18956895],
       [0.        , 0.18978155],
       [0.        , 0.19014688],
       [0.        , 0.19254713],
       [0.        , 0.19346464],
       [0.        , 0.19398162],
       [0.        , 0.19762839],
       [0.        , 0.19865224],
       [0.        , 0.20423901],
       [0.        , 0.21373606],
       [0.        ,        inf]]), array([], shape=(0, 2), dtype=float64)]",True
115,0.19770649075508118,0.0007269382476806641,0.1551886300029962,89.56,4.728339871699256,0,0.0,0.0,0.0,0.0,0.0,"[array([[0.        , 0.09360617],
       [0.        , 0.09832335],
       [0.        , 0.09884338],
       [0.        , 0.09906363],
       [0.        , 0.10043865],
       [0.        , 0.10550635],
       [0.        , 0.10707014],
       [0.        , 0.10742414],
       [0.        , 0.10749517],
       [0.        , 0.10936148],
       [0.        , 0.10987088],
       [0.        , 0.11030404],
       [0.        , 0.11096176],
       [0.        , 0.11179125],
       [0.        , 0.11381237],
       [0.        , 0.11646236],
       [0.        , 0.11695814],
       [0.        , 0.11899885],
       [0.        , 0.11963121],
       [0.        , 0.12100541],
       [0.        , 0.12223818],
       [0.        , 0.12459837],
       [0.        , 0.12495349],
       [0.        , 0.12530892],
       [0.        , 0.12554002],
       [0.        , 0.12749763],
       [0.        , 0.12971132],
       [0.        , 0.12978062],
       [0.        , 0.13489085],
       [0.        , 0.13658053],
       [0.        , 0.13701032],
       [0.        , 0.13738295],
       [0.        , 0.14023618],
       [0.        , 0.14121814],
       [0.        , 0.14160265],
       [0.        , 0.14223048],
       [0.        , 0.1423419 ],
       [0.        , 0.14298554],
       [0.        , 0.14299229],
       [0.        , 0.14425278],
       [0.        , 0.14708032],
       [0.        , 0.14814167],
       [0.        , 0.15008543],
       [0.        , 0.15014958],
       [0.        , 0.15170379],
       [0.        , 0.15319361],
       [0.        , 0.1535272 ],
       [0.        , 0.15550064],
       [0.        , 0.1561415 ],
       [0.        , 0.15851125],
       [0.        , 0.15937117],
       [0.        , 0.16300662],
       [0.        , 0.16439956],
       [0.        , 0.16480264],
       [0.        , 0.16514662],
       [0.        , 0.16523309],
       [0.        , 0.1654111 ],
       [0.        , 0.16554916],
       [0.        , 0.16587099],
       [0.        , 0.16656803],
       [0.        , 0.16687484],
       [0.        , 0.16699606],
       [0.        , 0.16788711],
       [0.        , 0.1683345 ],
       [0.        , 0.16845967],
       [0.        , 0.16852736],
       [0.        , 0.16855586],
       [0.        , 0.16885361],
       [0.        , 0.16906965],
       [0.        , 0.16943532],
       [0.        , 0.16961738],
       [0.        , 0.1698126 ],
       [0.        , 0.17116538],
       [0.        , 0.17117697],
       [0.        , 0.17205316],
       [0.        , 0.17343602],
       [0.        , 0.17343682],
       [0.        , 0.17379877],
       [0.        , 0.17391917],
       [0.        , 0.17400509],
       [0.        , 0.17519139],
       [0.        , 0.17562701],
       [0.        , 0.17577186],
       [0.        , 0.17601864],
       [0.        , 0.17642689],
       [0.        , 0.17652078],
       [0.        , 0.1771701 ],
       [0.        , 0.17720206],
       [0.        , 0.17759869],
       [0.        , 0.17766933],
       [0.        , 0.17826165],
       [0.        , 0.1787502 ],
       [0.        , 0.17923388],
       [0.        , 0.17943585],
       [0.        , 0.17988297],
       [0.        , 0.18052639],
       [0.        , 0.18072453],
       [0.        , 0.18112268],
       [0.        , 0.18148348],
       [0.        , 0.18301429],
       [0.        , 0.18341236],
       [0.        , 0.18360253],
       [0.        , 0.1846116 ],
       [0.        , 0.18598868],
       [0.        , 0.18697929],
       [0.        , 0.18723069],
       [0.        , 0.18732212],
       [0.        , 0.187692  ],
       [0.        , 0.18819608],
       [0.        , 0.18865125],
       [0.        , 0.18983492],
       [0.        , 0.19091107],
       [0.        , 0.19484994],
       [0.        , 0.19697955],
       [0.        , 0.19770649],
       [0.        ,        inf]]), array([], shape=(0, 2), dtype=float64)]",False
76,0.2040708214044571,0.0026231110095977783,0.15185638997507722,56.22,4.313317090580837,1,0.00040750205516815186,0.00040750205516815186,0.00040750205516815186,0.98,-0.0,"[array([[0.        , 0.09360617],
       [0.        , 0.10043865],
       [0.        , 0.1015136 ],
       [0.        , 0.10550635],
       [0.        , 0.10707014],
       [0.        , 0.10742414],
       [0.        , 0.11029087],
       [0.        , 0.11111158],
       [0.        , 0.11396529],
       [0.        , 0.11515439],
       [0.        , 0.11515816],
       [0.        , 0.11827139],
       [0.        , 0.11963121],
       [0.        , 0.12016183],
       [0.        , 0.12072835],
       [0.        , 0.12146915],
       [0.        , 0.12246194],
       [0.        , 0.12432688],
       [0.        , 0.12495349],
       [0.        , 0.12724522],
       [0.        , 0.12785247],
       [0.        , 0.12971132],
       [0.        , 0.12978062],
       [0.        , 0.13136989],
       [0.        , 0.13280834],
       [0.        , 0.13489085],
       [0.        , 0.13548534],
       [0.        , 0.14034307],
       [0.        , 0.14628488],
       [0.        , 0.14814167],
       [0.        , 0.15008543],
       [0.        , 0.15099099],
       [0.        , 0.15107423],
       [0.        , 0.1551968 ],
       [0.        , 0.15577227],
       [0.        , 0.15842032],
       [0.        , 0.15906753],
       [0.        , 0.15960035],
       [0.        , 0.15970288],
       [0.        , 0.16026869],
       [0.        , 0.1602848 ],
       [0.        , 0.16074041],
       [0.        , 0.16088142],
       [0.        , 0.16300662],
       [0.        , 0.16396929],
       [0.        , 0.1646129 ],
       [0.        , 0.16481715],
       [0.        , 0.16596338],
       [0.        , 0.16636111],
       [0.        , 0.16790622],
       [0.        , 0.16906965],
       [0.        , 0.17103417],
       [0.        , 0.17185244],
       [0.        , 0.17230371],
       [0.        , 0.17262842],
       [0.        , 0.17349188],
       [0.        , 0.17445526],
       [0.        , 0.17554204],
       [0.        , 0.17567964],
       [0.        , 0.17611749],
       [0.        , 0.17624281],
       [0.        , 0.17659275],
       [0.        , 0.17678863],
       [0.        , 0.17851982],
       [0.        , 0.17911251],
       [0.        , 0.1806415 ],
       [0.        , 0.18202102],
       [0.        , 0.18321298],
       [0.        , 0.18374085],
       [0.        , 0.18486804],
       [0.        , 0.18918036],
       [0.        , 0.18999232],
       [0.        , 0.19149882],
       [0.        , 0.19509995],
       [0.        , 0.20144771],
       [0.        , 0.20407082],
       [0.        ,        inf]]), array([[0.14343978, 0.14384729]])]",False
78,0.21703962981700897,0.01734243333339691,0.14763754749527344,52.86,4.33240547833675,1,0.004005804657936096,0.004005804657936096,0.004005804657936096,0.98,-0.0,"[array([[0.        , 0.09360617],
       [0.        , 0.09523675],
       [0.        , 0.09832335],
       [0.        , 0.09906363],
       [0.        , 0.10043865],
       [0.        , 0.10070216],
       [0.        , 0.10528746],
       [0.        , 0.10550635],
       [0.        , 0.10560107],
       [0.        , 0.10675944],
       [0.        , 0.10707014],
       [0.        , 0.10749517],
       [0.        , 0.10936148],
       [0.        , 0.11030404],
       [0.        , 0.11049966],
       [0.        , 0.11096176],
       [0.        , 0.11355285],
       [0.        , 0.1135994 ],
       [0.        , 0.11432597],
       [0.        , 0.11827139],
       [0.        , 0.11963121],
       [0.        , 0.11986774],
       [0.        , 0.12065811],
       [0.        , 0.12342139],
       [0.        , 0.12459837],
       [0.        , 0.12495349],
       [0.        , 0.12522805],
       [0.        , 0.12530892],
       [0.        , 0.12554002],
       [0.        , 0.12696232],
       [0.        , 0.12978062],
       [0.        , 0.13367438],
       [0.        , 0.1361789 ],
       [0.        , 0.14023618],
       [0.        , 0.14379145],
       [0.        , 0.14425278],
       [0.        , 0.14451441],
       [0.        , 0.14628488],
       [0.        , 0.14947902],
       [0.        , 0.15099099],
       [0.        , 0.15335615],
       [0.        , 0.15367106],
       [0.        , 0.15457956],
       [0.        , 0.15939884],
       [0.        , 0.1602848 ],
       [0.        , 0.16523309],
       [0.        , 0.16551818],
       [0.        , 0.16647844],
       [0.        , 0.16760664],
       [0.        , 0.16855586],
       [0.        , 0.1705555 ],
       [0.        , 0.17278579],
       [0.        , 0.17294128],
       [0.        , 0.17314959],
       [0.        , 0.17331703],
       [0.        , 0.17368105],
       [0.        , 0.17385608],
       [0.        , 0.17390485],
       [0.        , 0.17518038],
       [0.        , 0.17646983],
       [0.        , 0.17797257],
       [0.        , 0.17854995],
       [0.        , 0.18042512],
       [0.        , 0.18042892],
       [0.        , 0.18204515],
       [0.        , 0.18301429],
       [0.        , 0.18431009],
       [0.        , 0.18518992],
       [0.        , 0.18583475],
       [0.        , 0.18723069],
       [0.        , 0.18819608],
       [0.        , 0.18855168],
       [0.        , 0.19048858],
       [0.        , 0.1908188 ],
       [0.        , 0.19188692],
       [0.        , 0.19220427],
       [0.        , 0.1996972 ],
       [0.        , 0.21703963],
       [0.        ,        inf]]), array([[0.13489085, 0.13889666]])]",False
89,0.21373605728149414,0.008483007550239563,0.15316360351744662,63.44,4.468930971149841,1,0.0024173855781555176,0.0024173855781555176,0.0024173855781555176,0.98,-0.0,"[array([[0.        , 0.09360617],
       [0.        , 0.09832335],
       [0.        , 0.10043865],
       [0.        , 0.10550635],
       [0.        , 0.10707014],
       [0.        , 0.10749517],
       [0.        , 0.10936148],
       [0.        , 0.11030404],
       [0.        , 0.11090633],
       [0.        , 0.11096176],
       [0.        , 0.11189751],
       [0.        , 0.1150218 ],
       [0.        , 0.11515816],
       [0.        , 0.11550342],
       [0.        , 0.11695814],
       [0.        , 0.11963121],
       [0.        , 0.11986774],
       [0.        , 0.12014517],
       [0.        , 0.12065811],
       [0.        , 0.12110982],
       [0.        , 0.12140132],
       [0.        , 0.12249997],
       [0.        , 0.12432688],
       [0.        , 0.12459837],
       [0.        , 0.12495349],
       [0.        , 0.12530892],
       [0.        , 0.12562174],
       [0.        , 0.12971132],
       [0.        , 0.12978062],
       [0.        , 0.13489085],
       [0.        , 0.13619392],
       [0.        , 0.13658053],
       [0.        , 0.1373536 ],
       [0.        , 0.14272793],
       [0.        , 0.14516115],
       [0.        , 0.14570744],
       [0.        , 0.14845026],
       [0.        , 0.14947902],
       [0.        , 0.15363316],
       [0.        , 0.15391639],
       [0.        , 0.1551968 ],
       [0.        , 0.1558802 ],
       [0.        , 0.15808502],
       [0.        , 0.16141444],
       [0.        , 0.1619222 ],
       [0.        , 0.16460998],
       [0.        , 0.1648739 ],
       [0.        , 0.16618685],
       [0.        , 0.16701578],
       [0.        , 0.16706103],
       [0.        , 0.16760164],
       [0.        , 0.1685605 ],
       [0.        , 0.17061369],
       [0.        , 0.17072321],
       [0.        , 0.17089444],
       [0.        , 0.17116816],
       [0.        , 0.17117697],
       [0.        , 0.17188156],
       [0.        , 0.17331703],
       [0.        , 0.17334762],
       [0.        , 0.17343682],
       [0.        , 0.17476247],
       [0.        , 0.17514545],
       [0.        , 0.17642689],
       [0.        , 0.17712829],
       [0.        , 0.17726983],
       [0.        , 0.17750089],
       [0.        , 0.17772126],
       [0.        , 0.1781705 ],
       [0.        , 0.17887442],
       [0.        , 0.17971975],
       [0.        , 0.18050772],
       [0.        , 0.18081321],
       [0.        , 0.18137603],
       [0.        , 0.18143559],
       [0.        , 0.18186525],
       [0.        , 0.18288396],
       [0.        , 0.18301429],
       [0.        , 0.18327549],
       [0.        , 0.18663129],
       [0.        , 0.18819608],
       [0.        , 0.18848243],
       [0.        , 0.19049115],
       [0.        , 0.19058572],
       [0.        , 0.19625527],
       [0.        , 0.19778897],
       [0.        , 0.19906017],
       [0.        , 0.20525305],
       [0.        , 0.21373606],
       [0.        ,        inf]]), array([[0.1414299 , 0.14384729]])]",True
149,0.21373605728149414,0.000599101185798645,0.157110867934339,108.78,4.987891190409298,4,0.004788532853126526,0.0030365586280822754,0.0018563047051429749,0.44,0.949852779509095,"[array([[0.        , 0.09028479],
       [0.        , 0.09360617],
       [0.        , 0.09832335],
       [0.        , 0.09906363],
       [0.        , 0.10043865],
       [0.        , 0.10528746],
       [0.        , 0.10550635],
       [0.        , 0.10560107],
       [0.        , 0.10675944],
       [0.        , 0.10707014],
       [0.        , 0.10749517],
       [0.        , 0.10936148],
       [0.        , 0.10967911],
       [0.        , 0.11030404],
       [0.        , 0.11049966],
       [0.        , 0.11096176],
       [0.        , 0.11432597],
       [0.        , 0.11515439],
       [0.        , 0.11827139],
       [0.        , 0.11963121],
       [0.        , 0.11963291],
       [0.        , 0.11975511],
       [0.        , 0.12065811],
       [0.        , 0.12140132],
       [0.        , 0.12429306],
       [0.        , 0.12459837],
       [0.        , 0.12495349],
       [0.        , 0.12530892],
       [0.        , 0.12554002],
       [0.        , 0.12562174],
       [0.        , 0.12608539],
       [0.        , 0.12978062],
       [0.        , 0.13054857],
       [0.        , 0.13280834],
       [0.        , 0.13489085],
       [0.        , 0.1351454 ],
       [0.        , 0.13609703],
       [0.        , 0.13806018],
       [0.        , 0.14042537],
       [0.        , 0.14203264],
       [0.        , 0.14298554],
       [0.        , 0.1437712 ],
       [0.        , 0.14379145],
       [0.        , 0.14507952],
       [0.        , 0.14605087],
       [0.        , 0.14634326],
       [0.        , 0.147936  ],
       [0.        , 0.14947902],
       [0.        , 0.14977103],
       [0.        , 0.14994323],
       [0.        , 0.15022378],
       [0.        , 0.15253563],
       [0.        , 0.15384704],
       [0.        , 0.1546343 ],
       [0.        , 0.1551968 ],
       [0.        , 0.15562631],
       [0.        , 0.15657292],
       [0.        , 0.15792456],
       [0.        , 0.15817972],
       [0.        , 0.15851125],
       [0.        , 0.15940003],
       [0.        , 0.1594138 ],
       [0.        , 0.1602848 ],
       [0.        , 0.16081169],
       [0.        , 0.16234091],
       [0.        , 0.16242917],
       [0.        , 0.16300662],
       [0.        , 0.16329934],
       [0.        , 0.16337302],
       [0.        , 0.16446967],
       [0.        , 0.16461504],
       [0.        , 0.1654111 ],
       [0.        , 0.16554032],
       [0.        , 0.1656647 ],
       [0.        , 0.16604805],
       [0.        , 0.16612799],
       [0.        , 0.16625088],
       [0.        , 0.16647844],
       [0.        , 0.16677859],
       [0.        , 0.16701578],
       [0.        , 0.16706103],
       [0.        , 0.16737401],
       [0.        , 0.16760664],
       [0.        , 0.16763106],
       [0.        , 0.16773254],
       [0.        , 0.16787837],
       [0.        , 0.16791391],
       [0.        , 0.16815835],
       [0.        , 0.16862774],
       [0.        , 0.16935237],
       [0.        , 0.16986261],
       [0.        , 0.17034303],
       [0.        , 0.17116538],
       [0.        , 0.17120583],
       [0.        , 0.1720397 ],
       [0.        , 0.17242333],
       [0.        , 0.17257597],
       [0.        , 0.17320687],
       [0.        , 0.17369847],
       [0.        , 0.17377889],
       [0.        , 0.17379877],
       [0.        , 0.17390485],
       [0.        , 0.17408486],
       [0.        , 0.17424841],
       [0.        , 0.17478974],
       [0.        , 0.17493668],
       [0.        , 0.17526686],
       [0.        , 0.1753405 ],
       [0.        , 0.17570652],
       [0.        , 0.17577186],
       [0.        , 0.17592005],
       [0.        , 0.17646983],
       [0.        , 0.17662023],
       [0.        , 0.17731155],
       [0.        , 0.17772889],
       [0.        , 0.17854553],
       [0.        , 0.17900956],
       [0.        , 0.17989959],
       [0.        , 0.17999636],
       [0.        , 0.18027581],
       [0.        , 0.18061277],
       [0.        , 0.18127273],
       [0.        , 0.18156229],
       [0.        , 0.18247092],
       [0.        , 0.18265416],
       [0.        , 0.18275809],
       [0.        , 0.18284895],
       [0.        , 0.18288396],
       [0.        , 0.18301429],
       [0.        , 0.1833092 ],
       [0.        , 0.18353188],
       [0.        , 0.18448927],
       [0.        , 0.18485652],
       [0.        , 0.18637186],
       [0.        , 0.18723069],
       [0.        , 0.18730049],
       [0.        , 0.18778422],
       [0.        , 0.18819608],
       [0.        , 0.18822086],
       [0.        , 0.18851905],
       [0.        , 0.18894222],
       [0.        , 0.19016528],
       [0.        , 0.19109747],
       [0.        , 0.19169599],
       [0.        , 0.19242312],
       [0.        , 0.19809309],
       [0.        , 0.19865224],
       [0.        , 0.21313696],
       [0.        , 0.21373606],
       [0.        ,        inf]]), array([[0.15771934, 0.15833901],
       [0.14848821, 0.14875326],
       [0.14372891, 0.14548089],
       [0.14229178, 0.14708032]])]",False
165,0.21373605728149414,0.004074752330780029,0.15862213996323674,121.66,5.0888110859827105,0,0.0,0.0,0.0,0.0,0.0,"[array([[0.        , 0.09360617],
       [0.        , 0.0976526 ],
       [0.        , 0.09832335],
       [0.        , 0.09906363],
       [0.        , 0.10043865],
       [0.        , 0.10528746],
       [0.        , 0.10550635],
       [0.        , 0.10560107],
       [0.        , 0.10675944],
       [0.        , 0.10707014],
       [0.        , 0.10742414],
       [0.        , 0.10749517],
       [0.        , 0.10936148],
       [0.        , 0.11030404],
       [0.        , 0.11049966],
       [0.        , 0.11096176],
       [0.        , 0.11381237],
       [0.        , 0.11515439],
       [0.        , 0.11539797],
       [0.        , 0.11550342],
       [0.        , 0.11827139],
       [0.        , 0.11963121],
       [0.        , 0.11975511],
       [0.        , 0.12063984],
       [0.        , 0.12072835],
       [0.        , 0.12311234],
       [0.        , 0.12429306],
       [0.        , 0.12459837],
       [0.        , 0.12495349],
       [0.        , 0.12521386],
       [0.        , 0.12530892],
       [0.        , 0.12639005],
       [0.        , 0.12699746],
       [0.        , 0.12749763],
       [0.        , 0.12944314],
       [0.        , 0.12971132],
       [0.        , 0.12978062],
       [0.        , 0.13116656],
       [0.        , 0.13152754],
       [0.        , 0.13162033],
       [0.        , 0.13489085],
       [0.        , 0.13951378],
       [0.        , 0.14053106],
       [0.        , 0.14408451],
       [0.        , 0.14423384],
       [0.        , 0.14425278],
       [0.        , 0.14433722],
       [0.        , 0.14511485],
       [0.        , 0.14613606],
       [0.        , 0.14628488],
       [0.        , 0.14688501],
       [0.        , 0.14709076],
       [0.        , 0.1472141 ],
       [0.        , 0.14750181],
       [0.        , 0.14781834],
       [0.        , 0.14795712],
       [0.        , 0.14947902],
       [0.        , 0.15054971],
       [0.        , 0.15099099],
       [0.        , 0.15231015],
       [0.        , 0.15444197],
       [0.        , 0.15562631],
       [0.        , 0.15609497],
       [0.        , 0.15617242],
       [0.        , 0.15677325],
       [0.        , 0.15788783],
       [0.        , 0.15792456],
       [0.        , 0.15874812],
       [0.        , 0.1594138 ],
       [0.        , 0.15960035],
       [0.        , 0.15970288],
       [0.        , 0.15974152],
       [0.        , 0.16038208],
       [0.        , 0.16053706],
       [0.        , 0.16114537],
       [0.        , 0.16137703],
       [0.        , 0.16141444],
       [0.        , 0.16264668],
       [0.        , 0.16361871],
       [0.        , 0.16382602],
       [0.        , 0.16402957],
       [0.        , 0.16442262],
       [0.        , 0.16455689],
       [0.        , 0.1648739 ],
       [0.        , 0.16514662],
       [0.        , 0.1654111 ],
       [0.        , 0.16545975],
       [0.        , 0.16560689],
       [0.        , 0.16587099],
       [0.        , 0.16596338],
       [0.        , 0.16618702],
       [0.        , 0.16706103],
       [0.        , 0.16770536],
       [0.        , 0.16771924],
       [0.        , 0.16883281],
       [0.        , 0.1690668 ],
       [0.        , 0.16926283],
       [0.        , 0.1704731 ],
       [0.        , 0.17117697],
       [0.        , 0.17171068],
       [0.        , 0.17200154],
       [0.        , 0.17223527],
       [0.        , 0.1723523 ],
       [0.        , 0.17241712],
       [0.        , 0.17393897],
       [0.        , 0.17414646],
       [0.        , 0.17504573],
       [0.        , 0.17533921],
       [0.        , 0.17555675],
       [0.        , 0.17609808],
       [0.        , 0.17663826],
       [0.        , 0.17670996],
       [0.        , 0.17673552],
       [0.        , 0.17679834],
       [0.        , 0.17697017],
       [0.        , 0.17772126],
       [0.        , 0.17793956],
       [0.        , 0.17794418],
       [0.        , 0.1792313 ],
       [0.        , 0.17933482],
       [0.        , 0.1796447 ],
       [0.        , 0.17983069],
       [0.        , 0.18053938],
       [0.        , 0.18058112],
       [0.        , 0.18064298],
       [0.        , 0.18067791],
       [0.        , 0.18088552],
       [0.        , 0.18092644],
       [0.        , 0.18257737],
       [0.        , 0.18300372],
       [0.        , 0.18319553],
       [0.        , 0.18325286],
       [0.        , 0.18344094],
       [0.        , 0.18352361],
       [0.        , 0.18449867],
       [0.        , 0.18544865],
       [0.        , 0.18574104],
       [0.        , 0.18650614],
       [0.        , 0.18724845],
       [0.        , 0.18792628],
       [0.        , 0.18819608],
       [0.        , 0.18853861],
       [0.        , 0.18918036],
       [0.        , 0.18934719],
       [0.        , 0.19015576],
       [0.        , 0.19064644],
       [0.        , 0.19171648],
       [0.        , 0.19325803],
       [0.        , 0.1935171 ],
       [0.        , 0.19372393],
       [0.        , 0.19378611],
       [0.        , 0.1941471 ],
       [0.        , 0.19493331],
       [0.        , 0.19562306],
       [0.        , 0.19625527],
       [0.        , 0.19659039],
       [0.        , 0.19697544],
       [0.        , 0.19876459],
       [0.        , 0.19922599],
       [0.        , 0.20014857],
       [0.        , 0.20029715],
       [0.        , 0.20307527],
       [0.        , 0.20525305],
       [0.        , 0.2096613 ],
       [0.        , 0.21373606],
       [0.        ,        inf]]), array([], shape=(0, 2), dtype=float64)]",False
99,0.2040708214044571,0.007275626063346863,0.1530051939565726,73.74,4.577233534389776,1,0.00040750205516815186,0.00040750205516815186,0.00040750205516815186,0.98,-0.0,"[array([[0.        , 0.09360617],
       [0.        , 0.0976526 ],
       [0.        , 0.09906363],
       [0.        , 0.10043865],
       [0.        , 0.10528746],
       [0.        , 0.10550635],
       [0.        , 0.10560107],
       [0.        , 0.10707014],
       [0.        , 0.10742414],
       [0.        , 0.10749517],
       [0.        , 0.10936148],
       [0.        , 0.11030404],
       [0.        , 0.11096176],
       [0.        , 0.1121757 ],
       [0.        , 0.11515816],
       [0.        , 0.11827139],
       [0.        , 0.11963121],
       [0.        , 0.12072835],
       [0.        , 0.12246194],
       [0.        , 0.12420486],
       [0.        , 0.12432688],
       [0.        , 0.12459837],
       [0.        , 0.12495349],
       [0.        , 0.12530892],
       [0.        , 0.12554002],
       [0.        , 0.12639005],
       [0.        , 0.12971132],
       [0.        , 0.12978062],
       [0.        , 0.13280834],
       [0.        , 0.13489085],
       [0.        , 0.14019492],
       [0.        , 0.14087923],
       [0.        , 0.14223048],
       [0.        , 0.14263791],
       [0.        , 0.14305289],
       [0.        , 0.14544286],
       [0.        , 0.14628488],
       [0.        , 0.14814167],
       [0.        , 0.14943066],
       [0.        , 0.15022378],
       [0.        , 0.15099099],
       [0.        , 0.15232606],
       [0.        , 0.15444197],
       [0.        , 0.15516536],
       [0.        , 0.1551968 ],
       [0.        , 0.15577227],
       [0.        , 0.15600999],
       [0.        , 0.15817972],
       [0.        , 0.15905324],
       [0.        , 0.15906753],
       [0.        , 0.15970288],
       [0.        , 0.16026869],
       [0.        , 0.1602848 ],
       [0.        , 0.16074041],
       [0.        , 0.16082723],
       [0.        , 0.16396929],
       [0.        , 0.165001  ],
       [0.        , 0.16574831],
       [0.        , 0.16656779],
       [0.        , 0.16790622],
       [0.        , 0.16810994],
       [0.        , 0.16855586],
       [0.        , 0.16859555],
       [0.        , 0.16885361],
       [0.        , 0.1697575 ],
       [0.        , 0.17158352],
       [0.        , 0.17185244],
       [0.        , 0.17245153],
       [0.        , 0.17296463],
       [0.        , 0.17349188],
       [0.        , 0.17390485],
       [0.        , 0.17518038],
       [0.        , 0.17541994],
       [0.        , 0.17567964],
       [0.        , 0.17611749],
       [0.        , 0.17646983],
       [0.        , 0.17772126],
       [0.        , 0.17888688],
       [0.        , 0.17911251],
       [0.        , 0.17986292],
       [0.        , 0.18177085],
       [0.        , 0.18209755],
       [0.        , 0.18239807],
       [0.        , 0.18257737],
       [0.        , 0.18284829],
       [0.        , 0.18321231],
       [0.        , 0.18328311],
       [0.        , 0.18398882],
       [0.        , 0.18486804],
       [0.        , 0.18723069],
       [0.        , 0.1877908 ],
       [0.        , 0.18819608],
       [0.        , 0.18932153],
       [0.        , 0.18955156],
       [0.        , 0.19105831],
       [0.        , 0.19126821],
       [0.        , 0.19416147],
       [0.        , 0.1967952 ],
       [0.        , 0.20407082],
       [0.        ,        inf]]), array([[0.14343978, 0.14384729]])]",False
84,0.2092372477054596,0.003984197974205017,0.15182305224949405,60.66,4.410267598073418,0,0.0,0.0,0.0,0.0,0.0,"[array([[0.        , 0.09360617],
       [0.        , 0.09832335],
       [0.        , 0.09906363],
       [0.        , 0.10043865],
       [0.        , 0.10355055],
       [0.        , 0.10550635],
       [0.        , 0.10707014],
       [0.        , 0.10742414],
       [0.        , 0.10749517],
       [0.        , 0.10936148],
       [0.        , 0.11030404],
       [0.        , 0.11049966],
       [0.        , 0.11096176],
       [0.        , 0.11179125],
       [0.        , 0.11381237],
       [0.        , 0.11695814],
       [0.        , 0.11963121],
       [0.        , 0.11975158],
       [0.        , 0.11986774],
       [0.        , 0.12429306],
       [0.        , 0.12459837],
       [0.        , 0.12479368],
       [0.        , 0.12495349],
       [0.        , 0.12530892],
       [0.        , 0.12749763],
       [0.        , 0.12971132],
       [0.        , 0.12978062],
       [0.        , 0.13489085],
       [0.        , 0.13619392],
       [0.        , 0.14023618],
       [0.        , 0.14235437],
       [0.        , 0.14425278],
       [0.        , 0.14823838],
       [0.        , 0.14845026],
       [0.        , 0.14906217],
       [0.        , 0.14947902],
       [0.        , 0.15008543],
       [0.        , 0.15014958],
       [0.        , 0.15391639],
       [0.        , 0.15448652],
       [0.        , 0.1558798 ],
       [0.        , 0.1558802 ],
       [0.        , 0.15704027],
       [0.        , 0.15865126],
       [0.        , 0.16141444],
       [0.        , 0.1619222 ],
       [0.        , 0.1627229 ],
       [0.        , 0.16460998],
       [0.        , 0.16514662],
       [0.        , 0.16618685],
       [0.        , 0.16625088],
       [0.        , 0.16702969],
       [0.        , 0.16703372],
       [0.        , 0.16885361],
       [0.        , 0.16953026],
       [0.        , 0.1704731 ],
       [0.        , 0.17089444],
       [0.        , 0.17116538],
       [0.        , 0.17116816],
       [0.        , 0.17117697],
       [0.        , 0.17239882],
       [0.        , 0.17334762],
       [0.        , 0.17369847],
       [0.        , 0.17518038],
       [0.        , 0.1781705 ],
       [0.        , 0.17829108],
       [0.        , 0.17923388],
       [0.        , 0.17962821],
       [0.        , 0.18085255],
       [0.        , 0.18301429],
       [0.        , 0.18327549],
       [0.        , 0.1846116 ],
       [0.        , 0.18620168],
       [0.        , 0.18819608],
       [0.        , 0.18820533],
       [0.        , 0.18848243],
       [0.        , 0.18865125],
       [0.        , 0.19134331],
       [0.        , 0.19204611],
       [0.        , 0.19261301],
       [0.        , 0.19489282],
       [0.        , 0.20513012],
       [0.        , 0.20525305],
       [0.        , 0.20923725],
       [0.        ,        inf]]), array([], shape=(0, 2), dtype=float64)]",False
80,0.21649111807346344,0.01783888041973114,0.15004816148430108,55.12,4.360576453553569,1,0.0009140372276306152,0.0009140372276306152,0.0009140372276306152,0.98,-0.0,"[array([[0.        , 0.09028479],
       [0.        , 0.09360617],
       [0.        , 0.10043865],
       [0.        , 0.10528746],
       [0.        , 0.10550635],
       [0.        , 0.10560107],
       [0.        , 0.10707014],
       [0.        , 0.10749517],
       [0.        , 0.11030404],
       [0.        , 0.11090633],
       [0.        , 0.11096176],
       [0.        , 0.11515439],
       [0.        , 0.11663535],
       [0.        , 0.11963121],
       [0.        , 0.12014517],
       [0.        , 0.12189589],
       [0.        , 0.12231628],
       [0.        , 0.12285352],
       [0.        , 0.12432688],
       [0.        , 0.12452517],
       [0.        , 0.12459837],
       [0.        , 0.12495349],
       [0.        , 0.12505792],
       [0.        , 0.12724522],
       [0.        , 0.12785247],
       [0.        , 0.12880211],
       [0.        , 0.12978062],
       [0.        , 0.12994631],
       [0.        , 0.13038656],
       [0.        , 0.13070546],
       [0.        , 0.13211091],
       [0.        , 0.13229185],
       [0.        , 0.13489085],
       [0.        , 0.13762504],
       [0.        , 0.13776006],
       [0.        , 0.14252508],
       [0.        , 0.14379145],
       [0.        , 0.14408451],
       [0.        , 0.14750181],
       [0.        , 0.14947902],
       [0.        , 0.14973855],
       [0.        , 0.14977103],
       [0.        , 0.14977606],
       [0.        , 0.15135854],
       [0.        , 0.15379421],
       [0.        , 0.15754065],
       [0.        , 0.1588219 ],
       [0.        , 0.16173325],
       [0.        , 0.16600974],
       [0.        , 0.16883281],
       [0.        , 0.16925085],
       [0.        , 0.17047179],
       [0.        , 0.17049788],
       [0.        , 0.17169099],
       [0.        , 0.17194411],
       [0.        , 0.17279448],
       [0.        , 0.17386656],
       [0.        , 0.17556645],
       [0.        , 0.17646983],
       [0.        , 0.17688815],
       [0.        , 0.17703944],
       [0.        , 0.17854553],
       [0.        , 0.17906579],
       [0.        , 0.18160844],
       [0.        , 0.18268962],
       [0.        , 0.18321298],
       [0.        , 0.18472295],
       [0.        , 0.18722321],
       [0.        , 0.18723069],
       [0.        , 0.1888335 ],
       [0.        , 0.18930556],
       [0.        , 0.19048858],
       [0.        , 0.19079031],
       [0.        , 0.19236349],
       [0.        , 0.19254713],
       [0.        , 0.19590557],
       [0.        , 0.19620536],
       [0.        , 0.19777869],
       [0.        , 0.19865224],
       [0.        , 0.21649112],
       [0.        ,        inf]]), array([[0.12849204, 0.12940608]])]",True
62,0.1986522376537323,0.0008735507726669312,0.14534499352016755,45.14,4.105099987191222,0,0.0,0.0,0.0,0.0,0.0,"[array([[0.        , 0.08339889],
       [0.        , 0.09465762],
       [0.        , 0.09523675],
       [0.        , 0.10043865],
       [0.        , 0.10550635],
       [0.        , 0.10560107],
       [0.        , 0.10749517],
       [0.        , 0.1091096 ],
       [0.        , 0.11030404],
       [0.        , 0.11090633],
       [0.        , 0.11261448],
       [0.        , 0.11355491],
       [0.        , 0.1135994 ],
       [0.        , 0.11515439],
       [0.        , 0.11963121],
       [0.        , 0.12014517],
       [0.        , 0.12046551],
       [0.        , 0.12209889],
       [0.        , 0.12412774],
       [0.        , 0.12432688],
       [0.        , 0.12459837],
       [0.        , 0.12631659],
       [0.        , 0.12785247],
       [0.        , 0.12978062],
       [0.        , 0.12994631],
       [0.        , 0.13380259],
       [0.        , 0.13450652],
       [0.        , 0.13489085],
       [0.        , 0.13701032],
       [0.        , 0.13968487],
       [0.        , 0.14515318],
       [0.        , 0.14947902],
       [0.        , 0.14977103],
       [0.        , 0.15031394],
       [0.        , 0.15076526],
       [0.        , 0.15506949],
       [0.        , 0.15805763],
       [0.        , 0.1588219 ],
       [0.        , 0.16197702],
       [0.        , 0.16394316],
       [0.        , 0.16622055],
       [0.        , 0.16729961],
       [0.        , 0.16758932],
       [0.        , 0.16853108],
       [0.        , 0.17269476],
       [0.        , 0.17290638],
       [0.        , 0.17298861],
       [0.        , 0.17514321],
       [0.        , 0.17529938],
       [0.        , 0.17553587],
       [0.        , 0.17704591],
       [0.        , 0.17734855],
       [0.        , 0.17854553],
       [0.        , 0.1807    ],
       [0.        , 0.18123257],
       [0.        , 0.18321298],
       [0.        , 0.18579783],
       [0.        , 0.18697451],
       [0.        , 0.18723069],
       [0.        , 0.19254713],
       [0.        , 0.19777869],
       [0.        , 0.19865224],
       [0.        ,        inf]]), array([], shape=(0, 2), dtype=float64)]",True
122,0.20513011515140533,0.0029432326555252075,0.14872785138546443,87.9,4.7806829160984226,2,0.0035467520356178284,0.00328170508146286,0.0019058994948863983,0.14,0.252430056864172,"[array([[0.        , 0.09028479],
       [0.        , 0.09360617],
       [0.        , 0.09505783],
       [0.        , 0.09523675],
       [0.        , 0.09832335],
       [0.        , 0.09906363],
       [0.        , 0.09909354],
       [0.        , 0.10043865],
       [0.        , 0.1015136 ],
       [0.        , 0.10528746],
       [0.        , 0.10550635],
       [0.        , 0.10560107],
       [0.        , 0.10665418],
       [0.        , 0.10675944],
       [0.        , 0.10707014],
       [0.        , 0.10886176],
       [0.        , 0.10911847],
       [0.        , 0.10936148],
       [0.        , 0.10967911],
       [0.        , 0.11020229],
       [0.        , 0.11030404],
       [0.        , 0.11049966],
       [0.        , 0.11096176],
       [0.        , 0.11128757],
       [0.        , 0.11179125],
       [0.        , 0.1135994 ],
       [0.        , 0.11432597],
       [0.        , 0.1150218 ],
       [0.        , 0.11550342],
       [0.        , 0.11827139],
       [0.        , 0.11849621],
       [0.        , 0.1193398 ],
       [0.        , 0.11963121],
       [0.        , 0.12110982],
       [0.        , 0.12309878],
       [0.        , 0.12340198],
       [0.        , 0.12342139],
       [0.        , 0.12416311],
       [0.        , 0.12429306],
       [0.        , 0.12459837],
       [0.        , 0.12495349],
       [0.        , 0.12514697],
       [0.        , 0.1254465 ],
       [0.        , 0.13116656],
       [0.        , 0.13139969],
       [0.        , 0.13304372],
       [0.        , 0.13306278],
       [0.        , 0.13440865],
       [0.        , 0.13508247],
       [0.        , 0.14251722],
       [0.        , 0.14354934],
       [0.        , 0.1436639 ],
       [0.        , 0.14379145],
       [0.        , 0.14408451],
       [0.        , 0.14687143],
       [0.        , 0.14947902],
       [0.        , 0.14982006],
       [0.        , 0.1511073 ],
       [0.        , 0.15319361],
       [0.        , 0.1547174 ],
       [0.        , 0.15526117],
       [0.        , 0.15588152],
       [0.        , 0.15741776],
       [0.        , 0.15856382],
       [0.        , 0.15879568],
       [0.        , 0.15885577],
       [0.        , 0.15972166],
       [0.        , 0.1602848 ],
       [0.        , 0.16130482],
       [0.        , 0.16288109],
       [0.        , 0.16300662],
       [0.        , 0.16434126],
       [0.        , 0.16484758],
       [0.        , 0.16515915],
       [0.        , 0.16523309],
       [0.        , 0.16628234],
       [0.        , 0.16651347],
       [0.        , 0.1669281 ],
       [0.        , 0.167657  ],
       [0.        , 0.16987954],
       [0.        , 0.17118898],
       [0.        , 0.17128998],
       [0.        , 0.17173366],
       [0.        , 0.17185244],
       [0.        , 0.17238212],
       [0.        , 0.17269476],
       [0.        , 0.17362235],
       [0.        , 0.17400509],
       [0.        , 0.17423031],
       [0.        , 0.17575663],
       [0.        , 0.17652078],
       [0.        , 0.17681327],
       [0.        , 0.17768472],
       [0.        , 0.17772126],
       [0.        , 0.17806512],
       [0.        , 0.17911251],
       [0.        , 0.17923269],
       [0.        , 0.1796447 ],
       [0.        , 0.18014486],
       [0.        , 0.18141989],
       [0.        , 0.18167239],
       [0.        , 0.18214093],
       [0.        , 0.18301429],
       [0.        , 0.18388574],
       [0.        , 0.1845738 ],
       [0.        , 0.18531032],
       [0.        , 0.18534744],
       [0.        , 0.18542197],
       [0.        , 0.18620168],
       [0.        , 0.18679667],
       [0.        , 0.18723069],
       [0.        , 0.18810406],
       [0.        , 0.18819608],
       [0.        , 0.1896349 ],
       [0.        , 0.19111396],
       [0.        , 0.19131538],
       [0.        , 0.19390951],
       [0.        , 0.19675641],
       [0.        , 0.19699812],
       [0.        , 0.19957799],
       [0.        , 0.20218688],
       [0.        , 0.20513012],
       [0.        ,        inf]]), array([[0.14848821, 0.14875326],
       [0.12065811, 0.12420486]])]",False
193,0.21258921921253204,0.002927914261817932,0.1587713557667065,143.16,5.2462425268249575,2,0.00015453994274139404,7.548928260803223e-05,0.00011679530143737793,0.82,0.639978830918513,"[array([[0.        , 0.09360617],
       [0.        , 0.0976526 ],
       [0.        , 0.09832335],
       [0.        , 0.09884338],
       [0.        , 0.09906363],
       [0.        , 0.10043865],
       [0.        , 0.10528746],
       [0.        , 0.10550635],
       [0.        , 0.10560107],
       [0.        , 0.10675944],
       [0.        , 0.10707014],
       [0.        , 0.10742414],
       [0.        , 0.10749517],
       [0.        , 0.10936148],
       [0.        , 0.11030404],
       [0.        , 0.11049966],
       [0.        , 0.11096176],
       [0.        , 0.11128757],
       [0.        , 0.11381237],
       [0.        , 0.11515439],
       [0.        , 0.11550342],
       [0.        , 0.11695814],
       [0.        , 0.11827139],
       [0.        , 0.11963121],
       [0.        , 0.12063984],
       [0.        , 0.12249997],
       [0.        , 0.12311234],
       [0.        , 0.12342139],
       [0.        , 0.12429306],
       [0.        , 0.12459837],
       [0.        , 0.12495349],
       [0.        , 0.12521386],
       [0.        , 0.12530892],
       [0.        , 0.12749763],
       [0.        , 0.12772033],
       [0.        , 0.12797414],
       [0.        , 0.12944314],
       [0.        , 0.12953225],
       [0.        , 0.12971132],
       [0.        , 0.12978062],
       [0.        , 0.13116656],
       [0.        , 0.13152754],
       [0.        , 0.13203877],
       [0.        , 0.13393795],
       [0.        , 0.13489085],
       [0.        , 0.13800381],
       [0.        , 0.13951378],
       [0.        , 0.13968487],
       [0.        , 0.1400893 ],
       [0.        , 0.14019492],
       [0.        , 0.14023618],
       [0.        , 0.14053106],
       [0.        , 0.14176595],
       [0.        , 0.14298554],
       [0.        , 0.14408451],
       [0.        , 0.14423384],
       [0.        , 0.14613606],
       [0.        , 0.14625874],
       [0.        , 0.14628488],
       [0.        , 0.14688501],
       [0.        , 0.1470629 ],
       [0.        , 0.1472141 ],
       [0.        , 0.14781834],
       [0.        , 0.14790368],
       [0.        , 0.14795712],
       [0.        , 0.14814167],
       [0.        , 0.14985494],
       [0.        , 0.15099099],
       [0.        , 0.15164565],
       [0.        , 0.15231015],
       [0.        , 0.15440597],
       [0.        , 0.15444197],
       [0.        , 0.15460798],
       [0.        , 0.15562631],
       [0.        , 0.15581933],
       [0.        , 0.15609497],
       [0.        , 0.15677325],
       [0.        , 0.15722938],
       [0.        , 0.15788783],
       [0.        , 0.15792456],
       [0.        , 0.15817972],
       [0.        , 0.1594138 ],
       [0.        , 0.15956795],
       [0.        , 0.15970288],
       [0.        , 0.15974152],
       [0.        , 0.1599509 ],
       [0.        , 0.16015974],
       [0.        , 0.16062337],
       [0.        , 0.16082723],
       [0.        , 0.16114537],
       [0.        , 0.16137703],
       [0.        , 0.16141444],
       [0.        , 0.16264668],
       [0.        , 0.16361871],
       [0.        , 0.16382602],
       [0.        , 0.16402957],
       [0.        , 0.16442262],
       [0.        , 0.16455689],
       [0.        , 0.1648739 ],
       [0.        , 0.16514662],
       [0.        , 0.16560689],
       [0.        , 0.16587099],
       [0.        , 0.16596338],
       [0.        , 0.16618702],
       [0.        , 0.16625088],
       [0.        , 0.16706103],
       [0.        , 0.167087  ],
       [0.        , 0.1673511 ],
       [0.        , 0.16735192],
       [0.        , 0.16755323],
       [0.        , 0.16771924],
       [0.        , 0.16805713],
       [0.        , 0.16925085],
       [0.        , 0.16926283],
       [0.        , 0.16943532],
       [0.        , 0.1695039 ],
       [0.        , 0.17047179],
       [0.        , 0.1704731 ],
       [0.        , 0.17064211],
       [0.        , 0.17117697],
       [0.        , 0.17171068],
       [0.        , 0.17200154],
       [0.        , 0.17241712],
       [0.        , 0.17245153],
       [0.        , 0.17261003],
       [0.        , 0.17386469],
       [0.        , 0.17393897],
       [0.        , 0.17414646],
       [0.        , 0.17415577],
       [0.        , 0.17555675],
       [0.        , 0.17609808],
       [0.        , 0.17643377],
       [0.        , 0.17670996],
       [0.        , 0.17673552],
       [0.        , 0.17679834],
       [0.        , 0.17697017],
       [0.        , 0.17703944],
       [0.        , 0.17767008],
       [0.        , 0.17793956],
       [0.        , 0.1792313 ],
       [0.        , 0.17933482],
       [0.        , 0.1796447 ],
       [0.        , 0.17983069],
       [0.        , 0.18053938],
       [0.        , 0.18058112],
       [0.        , 0.18064298],
       [0.        , 0.18067791],
       [0.        , 0.18088552],
       [0.        , 0.18092644],
       [0.        , 0.1815463 ],
       [0.        , 0.18257737],
       [0.        , 0.18300372],
       [0.        , 0.18319553],
       [0.        , 0.18325286],
       [0.        , 0.18344094],
       [0.        , 0.18449867],
       [0.        , 0.18485957],
       [0.        , 0.18536432],
       [0.        , 0.18544865],
       [0.        , 0.18650614],
       [0.        , 0.18724845],
       [0.        , 0.1874152 ],
       [0.        , 0.18792628],
       [0.        , 0.18819608],
       [0.        , 0.188411  ],
       [0.        , 0.18848243],
       [0.        , 0.18853861],
       [0.        , 0.18878509],
       [0.        , 0.18918036],
       [0.        , 0.18932153],
       [0.        , 0.18934719],
       [0.        , 0.19015576],
       [0.        , 0.19064644],
       [0.        , 0.19171648],
       [0.        , 0.19201411],
       [0.        , 0.1935171 ],
       [0.        , 0.19372393],
       [0.        , 0.1941471 ],
       [0.        , 0.19493331],
       [0.        , 0.19562306],
       [0.        , 0.19659039],
       [0.        , 0.19697544],
       [0.        , 0.19876459],
       [0.        , 0.19922599],
       [0.        , 0.20014857],
       [0.        , 0.20029715],
       [0.        , 0.20189489],
       [0.        , 0.20307527],
       [0.        , 0.2041903 ],
       [0.        , 0.20423901],
       [0.        , 0.20447209],
       [0.        , 0.2096613 ],
       [0.        , 0.21258922],
       [0.        ,        inf]]), array([[0.14208423, 0.14216328],
       [0.14188319, 0.14203773]])]",True
132,0.21258921921253204,0.008350208401679993,0.15108959743696632,93.2,4.861181304962149,4,0.0048650577664375305,0.00037705153226852417,0.0034203920513391495,0.3,1.1262569401971247,"[array([[0.        , 0.09360617],
       [0.        , 0.09505783],
       [0.        , 0.09523675],
       [0.        , 0.0976526 ],
       [0.        , 0.09832335],
       [0.        , 0.09884338],
       [0.        , 0.09906363],
       [0.        , 0.10043865],
       [0.        , 0.10550635],
       [0.        , 0.10675944],
       [0.        , 0.10707014],
       [0.        , 0.10742414],
       [0.        , 0.10749517],
       [0.        , 0.10936148],
       [0.        , 0.11030404],
       [0.        , 0.11049966],
       [0.        , 0.11096176],
       [0.        , 0.11128757],
       [0.        , 0.11163338],
       [0.        , 0.11240694],
       [0.        , 0.11306296],
       [0.        , 0.11355285],
       [0.        , 0.1135994 ],
       [0.        , 0.11381237],
       [0.        , 0.11432597],
       [0.        , 0.11515439],
       [0.        , 0.11550342],
       [0.        , 0.11572474],
       [0.        , 0.11638244],
       [0.        , 0.11796841],
       [0.        , 0.11849621],
       [0.        , 0.11864856],
       [0.        , 0.11922177],
       [0.        , 0.11963121],
       [0.        , 0.11975511],
       [0.        , 0.12110982],
       [0.        , 0.12342139],
       [0.        , 0.12459837],
       [0.        , 0.12479368],
       [0.        , 0.12495349],
       [0.        , 0.1254465 ],
       [0.        , 0.12696232],
       [0.        , 0.12872158],
       [0.        , 0.12938726],
       [0.        , 0.13072409],
       [0.        , 0.13211091],
       [0.        , 0.13367438],
       [0.        , 0.13964829],
       [0.        , 0.13971898],
       [0.        , 0.14019492],
       [0.        , 0.14259623],
       [0.        , 0.14286871],
       [0.        , 0.14298554],
       [0.        , 0.14379145],
       [0.        , 0.14790368],
       [0.        , 0.14814167],
       [0.        , 0.14943066],
       [0.        , 0.14977103],
       [0.        , 0.1501243 ],
       [0.        , 0.15106267],
       [0.        , 0.15545559],
       [0.        , 0.15817972],
       [0.        , 0.1588219 ],
       [0.        , 0.1591834 ],
       [0.        , 0.1595307 ],
       [0.        , 0.15964316],
       [0.        , 0.16015974],
       [0.        , 0.1602848 ],
       [0.        , 0.16057272],
       [0.        , 0.16141444],
       [0.        , 0.16197859],
       [0.        , 0.16242917],
       [0.        , 0.16385318],
       [0.        , 0.16515915],
       [0.        , 0.16575773],
       [0.        , 0.16600379],
       [0.        , 0.1673511 ],
       [0.        , 0.16755323],
       [0.        , 0.16794743],
       [0.        , 0.16805713],
       [0.        , 0.16855586],
       [0.        , 0.16872203],
       [0.        , 0.1697575 ],
       [0.        , 0.1705555 ],
       [0.        , 0.17064211],
       [0.        , 0.17158352],
       [0.        , 0.17169099],
       [0.        , 0.17245153],
       [0.        , 0.17284001],
       [0.        , 0.17296463],
       [0.        , 0.17368105],
       [0.        , 0.17385608],
       [0.        , 0.17386469],
       [0.        , 0.1741178 ],
       [0.        , 0.17415577],
       [0.        , 0.17523061],
       [0.        , 0.17556645],
       [0.        , 0.17604701],
       [0.        , 0.17646983],
       [0.        , 0.17685783],
       [0.        , 0.17762342],
       [0.        , 0.17770015],
       [0.        , 0.17772126],
       [0.        , 0.1786641 ],
       [0.        , 0.17867988],
       [0.        , 0.17989959],
       [0.        , 0.18042512],
       [0.        , 0.18042892],
       [0.        , 0.18064749],
       [0.        , 0.18190259],
       [0.        , 0.18209755],
       [0.        , 0.18257737],
       [0.        , 0.18284895],
       [0.        , 0.18309002],
       [0.        , 0.18311445],
       [0.        , 0.18408707],
       [0.        , 0.18583475],
       [0.        , 0.18663284],
       [0.        , 0.18723069],
       [0.        , 0.18798214],
       [0.        , 0.18819608],
       [0.        , 0.18832392],
       [0.        , 0.188411  ],
       [0.        , 0.18932153],
       [0.        , 0.19048858],
       [0.        , 0.19188692],
       [0.        , 0.19450538],
       [0.        , 0.19777869],
       [0.        , 0.19784626],
       [0.        , 0.2041903 ],
       [0.        , 0.20423901],
       [0.        , 0.21258922],
       [0.        ,        inf]]), array([[0.1627229 , 0.16697235],
       [0.14208423, 0.14216328],
       [0.13440865, 0.13889666],
       [0.1193398 , 0.12420486]])]",True
85,0.1952904760837555,0.0005224496126174927,0.14883594398989397,64.26,4.4207396565628505,0,0.0,0.0,0.0,0.0,0.0,"[array([[0.        , 0.09360617],
       [0.        , 0.09465762],
       [0.        , 0.09751464],
       [0.        , 0.0976526 ],
       [0.        , 0.09906363],
       [0.        , 0.10043865],
       [0.        , 0.10550635],
       [0.        , 0.10707014],
       [0.        , 0.10742414],
       [0.        , 0.10749517],
       [0.        , 0.10936148],
       [0.        , 0.11030404],
       [0.        , 0.11049966],
       [0.        , 0.11096176],
       [0.        , 0.11179125],
       [0.        , 0.11387531],
       [0.        , 0.11432597],
       [0.        , 0.11515439],
       [0.        , 0.11515816],
       [0.        , 0.11638244],
       [0.        , 0.11827139],
       [0.        , 0.1183588 ],
       [0.        , 0.11963121],
       [0.        , 0.12110982],
       [0.        , 0.12420486],
       [0.        , 0.12459837],
       [0.        , 0.12495349],
       [0.        , 0.12530892],
       [0.        , 0.12749763],
       [0.        , 0.12938726],
       [0.        , 0.12978062],
       [0.        , 0.13489085],
       [0.        , 0.1358607 ],
       [0.        , 0.14019492],
       [0.        , 0.14042537],
       [0.        , 0.1444506 ],
       [0.        , 0.14487444],
       [0.        , 0.14781834],
       [0.        , 0.14845026],
       [0.        , 0.14947902],
       [0.        , 0.15031394],
       [0.        , 0.15075935],
       [0.        , 0.15463181],
       [0.        , 0.15516536],
       [0.        , 0.1551968 ],
       [0.        , 0.15805763],
       [0.        , 0.15823166],
       [0.        , 0.1602848 ],
       [0.        , 0.16057272],
       [0.        , 0.16141444],
       [0.        , 0.16558287],
       [0.        , 0.16794743],
       [0.        , 0.16912337],
       [0.        , 0.16948386],
       [0.        , 0.17137167],
       [0.        , 0.17191623],
       [0.        , 0.17245153],
       [0.        , 0.17296463],
       [0.        , 0.17303352],
       [0.        , 0.1741178 ],
       [0.        , 0.17604701],
       [0.        , 0.1764507 ],
       [0.        , 0.17762342],
       [0.        , 0.17774561],
       [0.        , 0.1786641 ],
       [0.        , 0.17906274],
       [0.        , 0.17914008],
       [0.        , 0.18069342],
       [0.        , 0.18097159],
       [0.        , 0.18190259],
       [0.        , 0.18231364],
       [0.        , 0.18231897],
       [0.        , 0.18257737],
       [0.        , 0.18284895],
       [0.        , 0.18309002],
       [0.        , 0.1837797 ],
       [0.        , 0.18408707],
       [0.        , 0.18591842],
       [0.        , 0.18663284],
       [0.        , 0.18819608],
       [0.        , 0.18860149],
       [0.        , 0.18932153],
       [0.        , 0.19259752],
       [0.        , 0.19476803],
       [0.        , 0.19529048],
       [0.        ,        inf]]), array([], shape=(0, 2), dtype=float64)]",False
64,0.2029237449169159,0.004271507263183594,0.14599818596616387,45.72,4.13744578287139,0,0.0,0.0,0.0,0.0,0.0,"[array([[0.        , 0.09028479],
       [0.        , 0.09360617],
       [0.        , 0.09832335],
       [0.        , 0.10043865],
       [0.        , 0.10149379],
       [0.        , 0.10550635],
       [0.        , 0.10560107],
       [0.        , 0.10936148],
       [0.        , 0.1150218 ],
       [0.        , 0.11515439],
       [0.        , 0.11536013],
       [0.        , 0.11550342],
       [0.        , 0.11891367],
       [0.        , 0.11963121],
       [0.        , 0.11975511],
       [0.        , 0.12065811],
       [0.        , 0.12140132],
       [0.        , 0.1223833 ],
       [0.        , 0.12342139],
       [0.        , 0.12404154],
       [0.        , 0.12459837],
       [0.        , 0.12495349],
       [0.        , 0.12530892],
       [0.        , 0.12562174],
       [0.        , 0.12978062],
       [0.        , 0.13088767],
       [0.        , 0.1313933 ],
       [0.        , 0.13489085],
       [0.        , 0.14019492],
       [0.        , 0.14229178],
       [0.        , 0.14363831],
       [0.        , 0.14525642],
       [0.        , 0.14709076],
       [0.        , 0.14947902],
       [0.        , 0.15126131],
       [0.        , 0.15158321],
       [0.        , 0.15177417],
       [0.        , 0.15353377],
       [0.        , 0.15487595],
       [0.        , 0.15678315],
       [0.        , 0.15975218],
       [0.        , 0.16135073],
       [0.        , 0.16360669],
       [0.        , 0.16383483],
       [0.        , 0.16587453],
       [0.        , 0.16699593],
       [0.        , 0.16807453],
       [0.        , 0.16855586],
       [0.        , 0.17087503],
       [0.        , 0.17245153],
       [0.        , 0.17556645],
       [0.        , 0.17854553],
       [0.        , 0.18301429],
       [0.        , 0.18525885],
       [0.        , 0.18603475],
       [0.        , 0.18631278],
       [0.        , 0.1867514 ],
       [0.        , 0.18716879],
       [0.        , 0.18723069],
       [0.        , 0.18819608],
       [0.        , 0.18932153],
       [0.        , 0.19647618],
       [0.        , 0.19865224],
       [0.        , 0.20292374],
       [0.        ,        inf]]), array([], shape=(0, 2), dtype=float64)]",False
53,0.20169445872306824,0.003049030900001526,0.14029485141893602,36.74,3.945622135441316,0,0.0,0.0,0.0,0.0,0.0,"[array([[0.        , 0.08339889],
       [0.        , 0.09465762],
       [0.        , 0.09523675],
       [0.        , 0.09906363],
       [0.        , 0.10016502],
       [0.        , 0.10043865],
       [0.        , 0.10277458],
       [0.        , 0.10550635],
       [0.        , 0.10560107],
       [0.        , 0.10742414],
       [0.        , 0.10749517],
       [0.        , 0.10936148],
       [0.        , 0.11030404],
       [0.        , 0.11261448],
       [0.        , 0.1135994 ],
       [0.        , 0.11963121],
       [0.        , 0.12420486],
       [0.        , 0.12459837],
       [0.        , 0.12495349],
       [0.        , 0.12530892],
       [0.        , 0.12554002],
       [0.        , 0.1288262 ],
       [0.        , 0.12978062],
       [0.        , 0.13249144],
       [0.        , 0.13489085],
       [0.        , 0.1361789 ],
       [0.        , 0.14019492],
       [0.        , 0.14023618],
       [0.        , 0.1407133 ],
       [0.        , 0.14128561],
       [0.        , 0.14425278],
       [0.        , 0.14451441],
       [0.        , 0.14527535],
       [0.        , 0.14823838],
       [0.        , 0.14876328],
       [0.        , 0.14947902],
       [0.        , 0.15367106],
       [0.        , 0.16325299],
       [0.        , 0.16647844],
       [0.        , 0.16726226],
       [0.        , 0.16855586],
       [0.        , 0.17245153],
       [0.        , 0.17390485],
       [0.        , 0.17797257],
       [0.        , 0.17934626],
       [0.        , 0.18301429],
       [0.        , 0.18435101],
       [0.        , 0.18518992],
       [0.        , 0.18531919],
       [0.        , 0.18819608],
       [0.        , 0.18932153],
       [0.        , 0.19864543],
       [0.        , 0.20169446],
       [0.        ,        inf]]), array([], shape=(0, 2), dtype=float64)]",False
91,0.21373605728149414,0.003915265202522278,0.15136044529768136,64.04,4.490918120473471,0,0.0,0.0,0.0,0.0,0.0,"[array([[0.        , 0.09028479],
       [0.        , 0.09832335],
       [0.        , 0.09884338],
       [0.        , 0.09906363],
       [0.        , 0.10043865],
       [0.        , 0.10550635],
       [0.        , 0.10560107],
       [0.        , 0.10675944],
       [0.        , 0.10749517],
       [0.        , 0.10936148],
       [0.        , 0.11030404],
       [0.        , 0.11179125],
       [0.        , 0.11261448],
       [0.        , 0.1135994 ],
       [0.        , 0.11641855],
       [0.        , 0.11695814],
       [0.        , 0.11827139],
       [0.        , 0.11963121],
       [0.        , 0.12065811],
       [0.        , 0.12342139],
       [0.        , 0.12459837],
       [0.        , 0.12479368],
       [0.        , 0.12495349],
       [0.        , 0.12530892],
       [0.        , 0.12554002],
       [0.        , 0.12749763],
       [0.        , 0.12841634],
       [0.        , 0.12971132],
       [0.        , 0.12978062],
       [0.        , 0.13359427],
       [0.        , 0.13489085],
       [0.        , 0.13589859],
       [0.        , 0.1361789 ],
       [0.        , 0.13949914],
       [0.        , 0.14023618],
       [0.        , 0.14229815],
       [0.        , 0.14298554],
       [0.        , 0.14425278],
       [0.        , 0.14451441],
       [0.        , 0.14814167],
       [0.        , 0.15070409],
       [0.        , 0.15335615],
       [0.        , 0.15367106],
       [0.        , 0.15577227],
       [0.        , 0.1561415 ],
       [0.        , 0.15617242],
       [0.        , 0.16076331],
       [0.        , 0.16101593],
       [0.        , 0.16166587],
       [0.        , 0.16212258],
       [0.        , 0.16232932],
       [0.        , 0.1627229 ],
       [0.        , 0.16545975],
       [0.        , 0.16647844],
       [0.        , 0.16845967],
       [0.        , 0.16855586],
       [0.        , 0.1690668 ],
       [0.        , 0.16912337],
       [0.        , 0.16919312],
       [0.        , 0.1697575 ],
       [0.        , 0.16979216],
       [0.        , 0.17086652],
       [0.        , 0.17150918],
       [0.        , 0.17157292],
       [0.        , 0.17223527],
       [0.        , 0.1723523 ],
       [0.        , 0.17312232],
       [0.        , 0.17390485],
       [0.        , 0.1739857 ],
       [0.        , 0.17518038],
       [0.        , 0.17646983],
       [0.        , 0.17741922],
       [0.        , 0.17790416],
       [0.        , 0.17794418],
       [0.        , 0.17797257],
       [0.        , 0.17895314],
       [0.        , 0.18228938],
       [0.        , 0.18301429],
       [0.        , 0.18344282],
       [0.        , 0.18504637],
       [0.        , 0.18518992],
       [0.        , 0.18762566],
       [0.        , 0.18763527],
       [0.        , 0.18819608],
       [0.        , 0.18891247],
       [0.        , 0.19015862],
       [0.        , 0.19261831],
       [0.        , 0.19625527],
       [0.        , 0.19770649],
       [0.        , 0.20982079],
       [0.        , 0.21373606],
       [0.        ,        inf]]), array([], shape=(0, 2), dtype=float64)]",True
134,0.2100600153207779,0.005538523197174072,0.15342065069212843,97.22,4.876323184440477,1,0.005754940211772919,0.005754940211772919,0.005754940211772919,0.98,-0.0,"[array([[0.        , 0.08339889],
       [0.        , 0.09360617],
       [0.        , 0.09523675],
       [0.        , 0.09832335],
       [0.        , 0.09906363],
       [0.        , 0.10016502],
       [0.        , 0.10043865],
       [0.        , 0.10550635],
       [0.        , 0.10560107],
       [0.        , 0.10685844],
       [0.        , 0.10707014],
       [0.        , 0.10742414],
       [0.        , 0.10749517],
       [0.        , 0.1091096 ],
       [0.        , 0.11030404],
       [0.        , 0.11049966],
       [0.        , 0.11096176],
       [0.        , 0.11128757],
       [0.        , 0.11163338],
       [0.        , 0.11306296],
       [0.        , 0.1135994 ],
       [0.        , 0.11381237],
       [0.        , 0.11515439],
       [0.        , 0.11515816],
       [0.        , 0.11550342],
       [0.        , 0.117922  ],
       [0.        , 0.11849621],
       [0.        , 0.11864856],
       [0.        , 0.1193398 ],
       [0.        , 0.11963121],
       [0.        , 0.1200638 ],
       [0.        , 0.12274972],
       [0.        , 0.12412774],
       [0.        , 0.12429306],
       [0.        , 0.12459837],
       [0.        , 0.12495349],
       [0.        , 0.1254465 ],
       [0.        , 0.12647767],
       [0.        , 0.12872158],
       [0.        , 0.13072409],
       [0.        , 0.13438536],
       [0.        , 0.13440865],
       [0.        , 0.13528912],
       [0.        , 0.13708889],
       [0.        , 0.13775572],
       [0.        , 0.138586  ],
       [0.        , 0.13964829],
       [0.        , 0.13971898],
       [0.        , 0.14216754],
       [0.        , 0.14217274],
       [0.        , 0.14258571],
       [0.        , 0.14282022],
       [0.        , 0.14341511],
       [0.        , 0.14513972],
       [0.        , 0.14943066],
       [0.        , 0.14947902],
       [0.        , 0.14977103],
       [0.        , 0.15008543],
       [0.        , 0.1501243 ],
       [0.        , 0.15079165],
       [0.        , 0.1551968 ],
       [0.        , 0.1580296 ],
       [0.        , 0.1588219 ],
       [0.        , 0.1595307 ],
       [0.        , 0.1599509 ],
       [0.        , 0.1602848 ],
       [0.        , 0.16141444],
       [0.        , 0.16197859],
       [0.        , 0.16345395],
       [0.        , 0.16397686],
       [0.        , 0.16515915],
       [0.        , 0.16547038],
       [0.        , 0.16600379],
       [0.        , 0.16628234],
       [0.        , 0.16715761],
       [0.        , 0.1673511 ],
       [0.        , 0.16807453],
       [0.        , 0.16872203],
       [0.        , 0.16879544],
       [0.        , 0.16943532],
       [0.        , 0.1697575 ],
       [0.        , 0.16993614],
       [0.        , 0.17006232],
       [0.        , 0.17025737],
       [0.        , 0.17169099],
       [0.        , 0.17180973],
       [0.        , 0.17269476],
       [0.        , 0.17284001],
       [0.        , 0.17363378],
       [0.        , 0.17390485],
       [0.        , 0.17523061],
       [0.        , 0.17556645],
       [0.        , 0.176183  ],
       [0.        , 0.17646983],
       [0.        , 0.17658532],
       [0.        , 0.17685783],
       [0.        , 0.17697559],
       [0.        , 0.17704885],
       [0.        , 0.17770015],
       [0.        , 0.17790416],
       [0.        , 0.17854553],
       [0.        , 0.17867988],
       [0.        , 0.17954615],
       [0.        , 0.17982717],
       [0.        , 0.17989959],
       [0.        , 0.18064749],
       [0.        , 0.18257175],
       [0.        , 0.18268962],
       [0.        , 0.18288396],
       [0.        , 0.18311445],
       [0.        , 0.18321298],
       [0.        , 0.18368684],
       [0.        , 0.18435851],
       [0.        , 0.18438068],
       [0.        , 0.18539217],
       [0.        , 0.18649685],
       [0.        , 0.18723069],
       [0.        , 0.18798214],
       [0.        , 0.18912646],
       [0.        , 0.19048858],
       [0.        , 0.19180711],
       [0.        , 0.19226548],
       [0.        , 0.19254713],
       [0.        , 0.19274074],
       [0.        , 0.19398174],
       [0.        , 0.19590557],
       [0.        , 0.19777869],
       [0.        , 0.19784626],
       [0.        , 0.19830468],
       [0.        , 0.19865224],
       [0.        , 0.20082274],
       [0.        , 0.20083991],
       [0.        , 0.20452149],
       [0.        , 0.21006002],
       [0.        ,        inf]]), array([[0.12056165, 0.12631659]])]",False
189,0.2096613049507141,0.0006097853183746338,0.1604701129611207,143.62,5.225913000745482,2,0.0050400495529174805,0.004126012325286865,0.002977043390274048,1.14,0.4287568036319732,"[array([[0.        , 0.09360617],
       [0.        , 0.09600542],
       [0.        , 0.09832335],
       [0.        , 0.09906363],
       [0.        , 0.10043865],
       [0.        , 0.10528746],
       [0.        , 0.10550635],
       [0.        , 0.10675944],
       [0.        , 0.10707014],
       [0.        , 0.10742414],
       [0.        , 0.10749517],
       [0.        , 0.11030404],
       [0.        , 0.11049966],
       [0.        , 0.11096176],
       [0.        , 0.11111743],
       [0.        , 0.11128757],
       [0.        , 0.11381237],
       [0.        , 0.1150218 ],
       [0.        , 0.11515439],
       [0.        , 0.11550342],
       [0.        , 0.11796841],
       [0.        , 0.11827139],
       [0.        , 0.11963121],
       [0.        , 0.12063984],
       [0.        , 0.12249997],
       [0.        , 0.12311234],
       [0.        , 0.12429306],
       [0.        , 0.12459837],
       [0.        , 0.12495349],
       [0.        , 0.12562174],
       [0.        , 0.12564558],
       [0.        , 0.12699746],
       [0.        , 0.12749763],
       [0.        , 0.12785247],
       [0.        , 0.12883094],
       [0.        , 0.1293426 ],
       [0.        , 0.12944314],
       [0.        , 0.12978062],
       [0.        , 0.13069807],
       [0.        , 0.13116656],
       [0.        , 0.13152754],
       [0.        , 0.13489085],
       [0.        , 0.13762178],
       [0.        , 0.13775572],
       [0.        , 0.13951378],
       [0.        , 0.14053106],
       [0.        , 0.14096515],
       [0.        , 0.14151329],
       [0.        , 0.14408451],
       [0.        , 0.14423384],
       [0.        , 0.14481871],
       [0.        , 0.14628488],
       [0.        , 0.14688501],
       [0.        , 0.1472141 ],
       [0.        , 0.14777605],
       [0.        , 0.14781834],
       [0.        , 0.14943177],
       [0.        , 0.14947902],
       [0.        , 0.14988698],
       [0.        , 0.15099099],
       [0.        , 0.15270245],
       [0.        , 0.15300994],
       [0.        , 0.1531318 ],
       [0.        , 0.15444197],
       [0.        , 0.15460798],
       [0.        , 0.15562631],
       [0.        , 0.15609497],
       [0.        , 0.15675655],
       [0.        , 0.15677325],
       [0.        , 0.15706147],
       [0.        , 0.15788783],
       [0.        , 0.15792456],
       [0.        , 0.15916331],
       [0.        , 0.1594138 ],
       [0.        , 0.15947269],
       [0.        , 0.15970288],
       [0.        , 0.15974152],
       [0.        , 0.16114537],
       [0.        , 0.16137703],
       [0.        , 0.16141444],
       [0.        , 0.16260983],
       [0.        , 0.16264668],
       [0.        , 0.16361871],
       [0.        , 0.16382602],
       [0.        , 0.16399184],
       [0.        , 0.16402957],
       [0.        , 0.16442262],
       [0.        , 0.16455689],
       [0.        , 0.1648739 ],
       [0.        , 0.16514662],
       [0.        , 0.16560689],
       [0.        , 0.16582592],
       [0.        , 0.16587099],
       [0.        , 0.16596338],
       [0.        , 0.16612799],
       [0.        , 0.16616978],
       [0.        , 0.16618702],
       [0.        , 0.16668282],
       [0.        , 0.1669241 ],
       [0.        , 0.16706103],
       [0.        , 0.16729924],
       [0.        , 0.16735192],
       [0.        , 0.16771924],
       [0.        , 0.16779162],
       [0.        , 0.16926283],
       [0.        , 0.1704731 ],
       [0.        , 0.17117697],
       [0.        , 0.17171068],
       [0.        , 0.17200154],
       [0.        , 0.17235938],
       [0.        , 0.17241712],
       [0.        , 0.17255606],
       [0.        , 0.17261003],
       [0.        , 0.17269754],
       [0.        , 0.17375839],
       [0.        , 0.17393897],
       [0.        , 0.17414646],
       [0.        , 0.17416497],
       [0.        , 0.17555675],
       [0.        , 0.17609808],
       [0.        , 0.17662632],
       [0.        , 0.1766742 ],
       [0.        , 0.17670996],
       [0.        , 0.17673552],
       [0.        , 0.17679834],
       [0.        , 0.17697017],
       [0.        , 0.17697792],
       [0.        , 0.17745158],
       [0.        , 0.17793956],
       [0.        , 0.17805345],
       [0.        , 0.17854553],
       [0.        , 0.17886426],
       [0.        , 0.17887442],
       [0.        , 0.1792313 ],
       [0.        , 0.17933482],
       [0.        , 0.1796447 ],
       [0.        , 0.17983069],
       [0.        , 0.18053938],
       [0.        , 0.18058112],
       [0.        , 0.18064298],
       [0.        , 0.18067791],
       [0.        , 0.18088552],
       [0.        , 0.18092644],
       [0.        , 0.18143559],
       [0.        , 0.18164378],
       [0.        , 0.18174289],
       [0.        , 0.18257737],
       [0.        , 0.18259868],
       [0.        , 0.18300372],
       [0.        , 0.18319553],
       [0.        , 0.18325286],
       [0.        , 0.18344094],
       [0.        , 0.18449867],
       [0.        , 0.18485957],
       [0.        , 0.18544865],
       [0.        , 0.1855544 ],
       [0.        , 0.18650614],
       [0.        , 0.18723069],
       [0.        , 0.18724845],
       [0.        , 0.18792628],
       [0.        , 0.18848243],
       [0.        , 0.18853861],
       [0.        , 0.18918036],
       [0.        , 0.18934719],
       [0.        , 0.19015576],
       [0.        , 0.19064644],
       [0.        , 0.19171648],
       [0.        , 0.1919857 ],
       [0.        , 0.19214723],
       [0.        , 0.19226548],
       [0.        , 0.19335696],
       [0.        , 0.1935171 ],
       [0.        , 0.19372393],
       [0.        , 0.1941471 ],
       [0.        , 0.19493331],
       [0.        , 0.19562306],
       [0.        , 0.19575606],
       [0.        , 0.19659039],
       [0.        , 0.19665663],
       [0.        , 0.19697544],
       [0.        , 0.19922599],
       [0.        , 0.1995327 ],
       [0.        , 0.20014857],
       [0.        , 0.20029715],
       [0.        , 0.20045955],
       [0.        , 0.20257907],
       [0.        , 0.20307527],
       [0.        , 0.20905152],
       [0.        , 0.2096613 ],
       [0.        ,        inf]]), array([[0.12849204, 0.12940608],
       [0.12488109, 0.12992114]])]",True
130,0.20452149212360382,0.000276029109954834,0.15458305965249355,97.56,4.847335412117719,2,0.007116466760635376,0.0022514089941978455,0.005990762263536453,0.9,0.6753873233996629,"[array([[0.        , 0.09360617],
       [0.        , 0.09505783],
       [0.        , 0.09832335],
       [0.        , 0.09906363],
       [0.        , 0.10043865],
       [0.        , 0.10528746],
       [0.        , 0.10550635],
       [0.        , 0.10560107],
       [0.        , 0.10707014],
       [0.        , 0.10742414],
       [0.        , 0.10749517],
       [0.        , 0.10879945],
       [0.        , 0.10911847],
       [0.        , 0.10935955],
       [0.        , 0.10936148],
       [0.        , 0.11030404],
       [0.        , 0.11049966],
       [0.        , 0.11096176],
       [0.        , 0.11179125],
       [0.        , 0.11381237],
       [0.        , 0.1150218 ],
       [0.        , 0.11515439],
       [0.        , 0.11515816],
       [0.        , 0.11550342],
       [0.        , 0.11827139],
       [0.        , 0.11849621],
       [0.        , 0.11963121],
       [0.        , 0.12223818],
       [0.        , 0.12279889],
       [0.        , 0.12309878],
       [0.        , 0.12459837],
       [0.        , 0.12495349],
       [0.        , 0.12562174],
       [0.        , 0.13239314],
       [0.        , 0.13329279],
       [0.        , 0.13352448],
       [0.        , 0.13440865],
       [0.        , 0.13460439],
       [0.        , 0.13537258],
       [0.        , 0.13603631],
       [0.        , 0.13815616],
       [0.        , 0.13980357],
       [0.        , 0.14019492],
       [0.        , 0.14023618],
       [0.        , 0.14062227],
       [0.        , 0.14098929],
       [0.        , 0.14257696],
       [0.        , 0.14298554],
       [0.        , 0.14341511],
       [0.        , 0.14472634],
       [0.        , 0.14737238],
       [0.        , 0.14928955],
       [0.        , 0.14947902],
       [0.        , 0.15022378],
       [0.        , 0.15034112],
       [0.        , 0.15076526],
       [0.        , 0.15175493],
       [0.        , 0.15206578],
       [0.        , 0.15373945],
       [0.        , 0.1551968 ],
       [0.        , 0.15580244],
       [0.        , 0.15621829],
       [0.        , 0.15702811],
       [0.        , 0.15865126],
       [0.        , 0.1602848 ],
       [0.        , 0.1609333 ],
       [0.        , 0.16330333],
       [0.        , 0.1650019 ],
       [0.        , 0.16569617],
       [0.        , 0.16651347],
       [0.        , 0.16699593],
       [0.        , 0.16807453],
       [0.        , 0.16855586],
       [0.        , 0.16864073],
       [0.        , 0.16880769],
       [0.        , 0.16928393],
       [0.        , 0.16975422],
       [0.        , 0.17047179],
       [0.        , 0.17084946],
       [0.        , 0.17105183],
       [0.        , 0.17245153],
       [0.        , 0.17269476],
       [0.        , 0.17355613],
       [0.        , 0.17355993],
       [0.        , 0.17363581],
       [0.        , 0.17379877],
       [0.        , 0.17391917],
       [0.        , 0.1746843 ],
       [0.        , 0.17519139],
       [0.        , 0.17646983],
       [0.        , 0.17687967],
       [0.        , 0.17762391],
       [0.        , 0.17794302],
       [0.        , 0.17854553],
       [0.        , 0.17917974],
       [0.        , 0.17918549],
       [0.        , 0.18042512],
       [0.        , 0.18042892],
       [0.        , 0.18064918],
       [0.        , 0.18124752],
       [0.        , 0.18154755],
       [0.        , 0.18167749],
       [0.        , 0.18231897],
       [0.        , 0.18301429],
       [0.        , 0.18327549],
       [0.        , 0.18453692],
       [0.        , 0.1852985 ],
       [0.        , 0.18723069],
       [0.        , 0.18780968],
       [0.        , 0.18789241],
       [0.        , 0.18819608],
       [0.        , 0.18828076],
       [0.        , 0.18852109],
       [0.        , 0.18867432],
       [0.        , 0.18987989],
       [0.        , 0.19028851],
       [0.        , 0.19048858],
       [0.        , 0.19127753],
       [0.        , 0.19157745],
       [0.        , 0.19188692],
       [0.        , 0.19195129],
       [0.        , 0.19262455],
       [0.        , 0.1939597 ],
       [0.        , 0.19436648],
       [0.        , 0.1965394 ],
       [0.        , 0.1976518 ],
       [0.        , 0.19853689],
       [0.        , 0.20074397],
       [0.        , 0.20424546],
       [0.        , 0.20452149],
       [0.        ,        inf]]), array([[0.1254465 , 0.13256297],
       [0.1193398 , 0.12420486]])]",False
98,0.20619328320026398,0.0015292316675186157,0.15535672761651934,73.4,4.567375769013449,1,0.0018773376941680908,0.0018773376941680908,0.0018773376941680908,0.98,-0.0,"[array([[0.        , 0.09360617],
       [0.        , 0.09832335],
       [0.        , 0.09906363],
       [0.        , 0.10043865],
       [0.        , 0.10550635],
       [0.        , 0.10560107],
       [0.        , 0.10707014],
       [0.        , 0.10742414],
       [0.        , 0.11030404],
       [0.        , 0.11049966],
       [0.        , 0.11096176],
       [0.        , 0.11381237],
       [0.        , 0.11515439],
       [0.        , 0.117922  ],
       [0.        , 0.11827139],
       [0.        , 0.1189743 ],
       [0.        , 0.11963121],
       [0.        , 0.12311234],
       [0.        , 0.12459837],
       [0.        , 0.12495349],
       [0.        , 0.12749763],
       [0.        , 0.12785247],
       [0.        , 0.1288262 ],
       [0.        , 0.12971132],
       [0.        , 0.12978062],
       [0.        , 0.13088767],
       [0.        , 0.13489085],
       [0.        , 0.1361789 ],
       [0.        , 0.13701032],
       [0.        , 0.138586  ],
       [0.        , 0.14023618],
       [0.        , 0.14394689],
       [0.        , 0.14605087],
       [0.        , 0.14879718],
       [0.        , 0.14947902],
       [0.        , 0.14977103],
       [0.        , 0.15075935],
       [0.        , 0.15094049],
       [0.        , 0.15126131],
       [0.        , 0.15370847],
       [0.        , 0.15504925],
       [0.        , 0.15688626],
       [0.        , 0.15706147],
       [0.        , 0.15758187],
       [0.        , 0.15869491],
       [0.        , 0.1591834 ],
       [0.        , 0.15960035],
       [0.        , 0.15975218],
       [0.        , 0.160432  ],
       [0.        , 0.16088142],
       [0.        , 0.1622059 ],
       [0.        , 0.16423719],
       [0.        , 0.16541854],
       [0.        , 0.16622055],
       [0.        , 0.16629323],
       [0.        , 0.1666127 ],
       [0.        , 0.16703372],
       [0.        , 0.16758932],
       [0.        , 0.16805181],
       [0.        , 0.16821618],
       [0.        , 0.16898568],
       [0.        , 0.16913593],
       [0.        , 0.17103417],
       [0.        , 0.17144318],
       [0.        , 0.17269476],
       [0.        , 0.17279448],
       [0.        , 0.17461628],
       [0.        , 0.17514321],
       [0.        , 0.17632785],
       [0.        , 0.17704591],
       [0.        , 0.17712228],
       [0.        , 0.17744587],
       [0.        , 0.17750688],
       [0.        , 0.17758748],
       [0.        , 0.17772126],
       [0.        , 0.17794302],
       [0.        , 0.17858407],
       [0.        , 0.17868009],
       [0.        , 0.17955042],
       [0.        , 0.18026389],
       [0.        , 0.18064918],
       [0.        , 0.1807    ],
       [0.        , 0.18123257],
       [0.        , 0.18223007],
       [0.        , 0.18321298],
       [0.        , 0.18690762],
       [0.        , 0.18723069],
       [0.        , 0.18930556],
       [0.        , 0.18999232],
       [0.        , 0.19209252],
       [0.        , 0.19231297],
       [0.        , 0.19366373],
       [0.        , 0.19370675],
       [0.        , 0.19577177],
       [0.        , 0.19728398],
       [0.        , 0.19777869],
       [0.        , 0.20466405],
       [0.        , 0.20619328],
       [0.        ,        inf]]), array([[0.16726226, 0.16913959]])]",False
87,0.2071959674358368,0.003648623824119568,0.1521747164513873,63.48,4.448315805114491,1,0.0003342628479003906,0.0003342628479003906,0.0003342628479003906,0.98,-0.0,"[array([[0.        , 0.09360617],
       [0.        , 0.09906363],
       [0.        , 0.10043865],
       [0.        , 0.10550635],
       [0.        , 0.10560107],
       [0.        , 0.10675944],
       [0.        , 0.10707014],
       [0.        , 0.10749517],
       [0.        , 0.10911847],
       [0.        , 0.10936148],
       [0.        , 0.11030404],
       [0.        , 0.11096176],
       [0.        , 0.11963121],
       [0.        , 0.12072835],
       [0.        , 0.12342139],
       [0.        , 0.12420486],
       [0.        , 0.12429306],
       [0.        , 0.12432688],
       [0.        , 0.12459837],
       [0.        , 0.12495349],
       [0.        , 0.12530892],
       [0.        , 0.12561353],
       [0.        , 0.12562174],
       [0.        , 0.12978062],
       [0.        , 0.13239314],
       [0.        , 0.13280834],
       [0.        , 0.13380259],
       [0.        , 0.13380964],
       [0.        , 0.13489085],
       [0.        , 0.13542277],
       [0.        , 0.13815616],
       [0.        , 0.13900445],
       [0.        , 0.14298554],
       [0.        , 0.14487444],
       [0.        , 0.14563482],
       [0.        , 0.14862242],
       [0.        , 0.14947902],
       [0.        , 0.15122713],
       [0.        , 0.15506949],
       [0.        , 0.15608835],
       [0.        , 0.15805763],
       [0.        , 0.15816821],
       [0.        , 0.1591834 ],
       [0.        , 0.15940003],
       [0.        , 0.15960035],
       [0.        , 0.15996528],
       [0.        , 0.16141444],
       [0.        , 0.16197702],
       [0.        , 0.1627229 ],
       [0.        , 0.16383483],
       [0.        , 0.16459022],
       [0.        , 0.1648739 ],
       [0.        , 0.1656445 ],
       [0.        , 0.16668282],
       [0.        , 0.16677859],
       [0.        , 0.16715705],
       [0.        , 0.16729961],
       [0.        , 0.16801096],
       [0.        , 0.16853108],
       [0.        , 0.17040893],
       [0.        , 0.1704731 ],
       [0.        , 0.1708965 ],
       [0.        , 0.17290638],
       [0.        , 0.17312232],
       [0.        , 0.17370029],
       [0.        , 0.17529938],
       [0.        , 0.17553587],
       [0.        , 0.17646983],
       [0.        , 0.17772126],
       [0.        , 0.17861955],
       [0.        , 0.17948018],
       [0.        , 0.17989959],
       [0.        , 0.18025136],
       [0.        , 0.18153749],
       [0.        , 0.18241787],
       [0.        , 0.18255281],
       [0.        , 0.18265228],
       [0.        , 0.18301429],
       [0.        , 0.18314347],
       [0.        , 0.18354942],
       [0.        , 0.18780968],
       [0.        , 0.18819608],
       [0.        , 0.19166824],
       [0.        , 0.19459036],
       [0.        , 0.19660972],
       [0.        , 0.20354734],
       [0.        , 0.20719597],
       [0.        ,        inf]]), array([[0.14351302, 0.14384729]])]",False
128,0.2084832340478897,0.003928139805793762,0.15831393731059507,96.6,4.835151799163066,1,0.00040750205516815186,0.00040750205516815186,0.00040750205516815186,0.98,-0.0,"[array([[0.        , 0.09360617],
       [0.        , 0.09906363],
       [0.        , 0.10043865],
       [0.        , 0.10550635],
       [0.        , 0.10560107],
       [0.        , 0.10675944],
       [0.        , 0.10707014],
       [0.        , 0.10742414],
       [0.        , 0.10749517],
       [0.        , 0.11030404],
       [0.        , 0.11096176],
       [0.        , 0.11355491],
       [0.        , 0.11432597],
       [0.        , 0.1150218 ],
       [0.        , 0.11515439],
       [0.        , 0.11550342],
       [0.        , 0.117922  ],
       [0.        , 0.11822563],
       [0.        , 0.11963121],
       [0.        , 0.12377276],
       [0.        , 0.12432688],
       [0.        , 0.12459837],
       [0.        , 0.12502259],
       [0.        , 0.12564558],
       [0.        , 0.12724522],
       [0.        , 0.12785247],
       [0.        , 0.12944314],
       [0.        , 0.12978062],
       [0.        , 0.13211091],
       [0.        , 0.13243867],
       [0.        , 0.13280834],
       [0.        , 0.13396442],
       [0.        , 0.13450652],
       [0.        , 0.13489085],
       [0.        , 0.13548534],
       [0.        , 0.13587129],
       [0.        , 0.13968487],
       [0.        , 0.1418507 ],
       [0.        , 0.14256233],
       [0.        , 0.14298554],
       [0.        , 0.14379145],
       [0.        , 0.14513972],
       [0.        , 0.14771369],
       [0.        , 0.14947902],
       [0.        , 0.14982006],
       [0.        , 0.15122713],
       [0.        , 0.1518933 ],
       [0.        , 0.15440597],
       [0.        , 0.15675655],
       [0.        , 0.15706147],
       [0.        , 0.1570653 ],
       [0.        , 0.15727794],
       [0.        , 0.15816821],
       [0.        , 0.15851125],
       [0.        , 0.15940003],
       [0.        , 0.15996528],
       [0.        , 0.16057272],
       [0.        , 0.16059737],
       [0.        , 0.16141444],
       [0.        , 0.16345395],
       [0.        , 0.16383483],
       [0.        , 0.16399184],
       [0.        , 0.16459022],
       [0.        , 0.1648739 ],
       [0.        , 0.16582592],
       [0.        , 0.16612799],
       [0.        , 0.16640107],
       [0.        , 0.16677859],
       [0.        , 0.1669241 ],
       [0.        , 0.16729924],
       [0.        , 0.16799453],
       [0.        , 0.16801096],
       [0.        , 0.16962318],
       [0.        , 0.17040893],
       [0.        , 0.17223527],
       [0.        , 0.17235938],
       [0.        , 0.17269754],
       [0.        , 0.1727183 ],
       [0.        , 0.17375839],
       [0.        , 0.17377718],
       [0.        , 0.17416497],
       [0.        , 0.17563891],
       [0.        , 0.17606704],
       [0.        , 0.1766742 ],
       [0.        , 0.17756167],
       [0.        , 0.17805345],
       [0.        , 0.17854553],
       [0.        , 0.17883027],
       [0.        , 0.17886426],
       [0.        , 0.17887442],
       [0.        , 0.17948018],
       [0.        , 0.17961019],
       [0.        , 0.18012957],
       [0.        , 0.18058112],
       [0.        , 0.1808667 ],
       [0.        , 0.18112268],
       [0.        , 0.18143559],
       [0.        , 0.18153749],
       [0.        , 0.18221778],
       [0.        , 0.18241787],
       [0.        , 0.18255281],
       [0.        , 0.18259868],
       [0.        , 0.18319735],
       [0.        , 0.18321298],
       [0.        , 0.18354942],
       [0.        , 0.18485957],
       [0.        , 0.18549109],
       [0.        , 0.1855544 ],
       [0.        , 0.18631278],
       [0.        , 0.18780968],
       [0.        , 0.18797123],
       [0.        , 0.18848243],
       [0.        , 0.18908419],
       [0.        , 0.18957423],
       [0.        , 0.18966909],
       [0.        , 0.19111091],
       [0.        , 0.19166824],
       [0.        , 0.1919857 ],
       [0.        , 0.19209252],
       [0.        , 0.19254713],
       [0.        , 0.19459036],
       [0.        , 0.19638582],
       [0.        , 0.19665663],
       [0.        , 0.19697955],
       [0.        , 0.19705731],
       [0.        , 0.20311411],
       [0.        , 0.20455509],
       [0.        , 0.20848323],
       [0.        ,        inf]]), array([[0.14343978, 0.14384729]])]",False
80,0.1986522376537323,0.0008735507726669312,0.15024677896872163,60.16,4.363672079025552,1,0.0024173855781555176,0.0024173855781555176,0.0024173855781555176,0.98,-0.0,"[array([[0.        , 0.09360617],
       [0.        , 0.10043865],
       [0.        , 0.10550635],
       [0.        , 0.10560107],
       [0.        , 0.10707014],
       [0.        , 0.10742414],
       [0.        , 0.10749517],
       [0.        , 0.10936148],
       [0.        , 0.11030404],
       [0.        , 0.11090633],
       [0.        , 0.11096176],
       [0.        , 0.11179125],
       [0.        , 0.11440433],
       [0.        , 0.11515816],
       [0.        , 0.11963121],
       [0.        , 0.11975511],
       [0.        , 0.12014517],
       [0.        , 0.12140132],
       [0.        , 0.12249997],
       [0.        , 0.12420486],
       [0.        , 0.12432688],
       [0.        , 0.12459837],
       [0.        , 0.12495349],
       [0.        , 0.12530892],
       [0.        , 0.12880211],
       [0.        , 0.12978062],
       [0.        , 0.13380259],
       [0.        , 0.13489085],
       [0.        , 0.13701032],
       [0.        , 0.14019492],
       [0.        , 0.14093225],
       [0.        , 0.14217274],
       [0.        , 0.14223048],
       [0.        , 0.14487444],
       [0.        , 0.14748986],
       [0.        , 0.14947902],
       [0.        , 0.14977103],
       [0.        , 0.15463181],
       [0.        , 0.15487595],
       [0.        , 0.15506949],
       [0.        , 0.1551968 ],
       [0.        , 0.15624979],
       [0.        , 0.15678315],
       [0.        , 0.15805763],
       [0.        , 0.15823166],
       [0.        , 0.1588219 ],
       [0.        , 0.16197702],
       [0.        , 0.16394316],
       [0.        , 0.16622055],
       [0.        , 0.16626352],
       [0.        , 0.16729961],
       [0.        , 0.16758932],
       [0.        , 0.16773254],
       [0.        , 0.16853108],
       [0.        , 0.17245153],
       [0.        , 0.17269476],
       [0.        , 0.1727183 ],
       [0.        , 0.17290638],
       [0.        , 0.17512316],
       [0.        , 0.17529938],
       [0.        , 0.17553587],
       [0.        , 0.17556645],
       [0.        , 0.176376  ],
       [0.        , 0.17646983],
       [0.        , 0.17704591],
       [0.        , 0.17854553],
       [0.        , 0.17868009],
       [0.        , 0.1807    ],
       [0.        , 0.18123257],
       [0.        , 0.18301429],
       [0.        , 0.18579783],
       [0.        , 0.18635455],
       [0.        , 0.18716879],
       [0.        , 0.18723069],
       [0.        , 0.18819608],
       [0.        , 0.18840027],
       [0.        , 0.18932153],
       [0.        , 0.19072105],
       [0.        , 0.19777869],
       [0.        , 0.19865224],
       [0.        ,        inf]]), array([[0.1414299 , 0.14384729]])]",False
207,0.2096613049507141,0.004307880997657776,0.16061682667997149,157.38,5.3172538127975795,1,0.0024173855781555176,0.0024173855781555176,0.0024173855781555176,0.98,-0.0,"[array([[0.        , 0.09360617],
       [0.        , 0.0976526 ],
       [0.        , 0.09832335],
       [0.        , 0.09906363],
       [0.        , 0.10043865],
       [0.        , 0.10528746],
       [0.        , 0.10550635],
       [0.        , 0.10560107],
       [0.        , 0.10675944],
       [0.        , 0.10707014],
       [0.        , 0.10742414],
       [0.        , 0.10749517],
       [0.        , 0.10911847],
       [0.        , 0.10936148],
       [0.        , 0.11030404],
       [0.        , 0.11049966],
       [0.        , 0.11096176],
       [0.        , 0.11381237],
       [0.        , 0.11515439],
       [0.        , 0.11515816],
       [0.        , 0.11539797],
       [0.        , 0.11550342],
       [0.        , 0.11827139],
       [0.        , 0.11963121],
       [0.        , 0.12063984],
       [0.        , 0.12181061],
       [0.        , 0.12249997],
       [0.        , 0.12311234],
       [0.        , 0.12429306],
       [0.        , 0.12432688],
       [0.        , 0.12459837],
       [0.        , 0.12495349],
       [0.        , 0.12505792],
       [0.        , 0.12521386],
       [0.        , 0.12530892],
       [0.        , 0.12562174],
       [0.        , 0.12749763],
       [0.        , 0.12786625],
       [0.        , 0.12944314],
       [0.        , 0.12978062],
       [0.        , 0.13116656],
       [0.        , 0.13127898],
       [0.        , 0.13152754],
       [0.        , 0.13489085],
       [0.        , 0.1359193 ],
       [0.        , 0.1361789 ],
       [0.        , 0.13951378],
       [0.        , 0.14053106],
       [0.        , 0.14087923],
       [0.        , 0.14173736],
       [0.        , 0.14354934],
       [0.        , 0.14379145],
       [0.        , 0.14408451],
       [0.        , 0.14423384],
       [0.        , 0.14511485],
       [0.        , 0.14613606],
       [0.        , 0.14628488],
       [0.        , 0.14688501],
       [0.        , 0.14689629],
       [0.        , 0.1472141 ],
       [0.        , 0.14781834],
       [0.        , 0.14795712],
       [0.        , 0.14885671],
       [0.        , 0.14909115],
       [0.        , 0.14947902],
       [0.        , 0.14994323],
       [0.        , 0.15099099],
       [0.        , 0.15231015],
       [0.        , 0.15444197],
       [0.        , 0.15463181],
       [0.        , 0.1551968 ],
       [0.        , 0.15609497],
       [0.        , 0.15677325],
       [0.        , 0.15788783],
       [0.        , 0.15792456],
       [0.        , 0.15795512],
       [0.        , 0.15851125],
       [0.        , 0.15863371],
       [0.        , 0.1594138 ],
       [0.        , 0.15970288],
       [0.        , 0.15974152],
       [0.        , 0.15999304],
       [0.        , 0.1602848 ],
       [0.        , 0.16051939],
       [0.        , 0.16114537],
       [0.        , 0.16137703],
       [0.        , 0.16141444],
       [0.        , 0.16172005],
       [0.        , 0.16264668],
       [0.        , 0.16361871],
       [0.        , 0.16382602],
       [0.        , 0.16402957],
       [0.        , 0.16442262],
       [0.        , 0.16455689],
       [0.        , 0.1648739 ],
       [0.        , 0.16514662],
       [0.        , 0.1653607 ],
       [0.        , 0.16560689],
       [0.        , 0.16574056],
       [0.        , 0.16587099],
       [0.        , 0.16596338],
       [0.        , 0.16618702],
       [0.        , 0.16706103],
       [0.        , 0.16715761],
       [0.        , 0.16735192],
       [0.        , 0.16771924],
       [0.        , 0.16785429],
       [0.        , 0.16821618],
       [0.        , 0.16855586],
       [0.        , 0.16926283],
       [0.        , 0.16973044],
       [0.        , 0.17018333],
       [0.        , 0.17036907],
       [0.        , 0.1704731 ],
       [0.        , 0.1706246 ],
       [0.        , 0.17117697],
       [0.        , 0.17158352],
       [0.        , 0.17171068],
       [0.        , 0.17200154],
       [0.        , 0.17223918],
       [0.        , 0.17241712],
       [0.        , 0.17245474],
       [0.        , 0.17261003],
       [0.        , 0.1729984 ],
       [0.        , 0.17303352],
       [0.        , 0.17390485],
       [0.        , 0.17393897],
       [0.        , 0.17414646],
       [0.        , 0.17423031],
       [0.        , 0.17464054],
       [0.        , 0.17482299],
       [0.        , 0.17555675],
       [0.        , 0.17609808],
       [0.        , 0.17639689],
       [0.        , 0.17646983],
       [0.        , 0.17654744],
       [0.        , 0.17670996],
       [0.        , 0.17673552],
       [0.        , 0.17679834],
       [0.        , 0.17697017],
       [0.        , 0.17772126],
       [0.        , 0.17793956],
       [0.        , 0.17828935],
       [0.        , 0.17869742],
       [0.        , 0.1792313 ],
       [0.        , 0.17933482],
       [0.        , 0.17961173],
       [0.        , 0.1796447 ],
       [0.        , 0.17964613],
       [0.        , 0.17983069],
       [0.        , 0.17999636],
       [0.        , 0.18012418],
       [0.        , 0.18053938],
       [0.        , 0.18058112],
       [0.        , 0.18064298],
       [0.        , 0.18067791],
       [0.        , 0.18088552],
       [0.        , 0.18092644],
       [0.        , 0.18209755],
       [0.        , 0.18257737],
       [0.        , 0.18258236],
       [0.        , 0.18278807],
       [0.        , 0.18300372],
       [0.        , 0.18319553],
       [0.        , 0.18325286],
       [0.        , 0.18344094],
       [0.        , 0.18368934],
       [0.        , 0.183946  ],
       [0.        , 0.18449867],
       [0.        , 0.18539907],
       [0.        , 0.18544865],
       [0.        , 0.18628478],
       [0.        , 0.18650614],
       [0.        , 0.18723069],
       [0.        , 0.18724845],
       [0.        , 0.18765415],
       [0.        , 0.1878223 ],
       [0.        , 0.18792628],
       [0.        , 0.18819608],
       [0.        , 0.18853861],
       [0.        , 0.18918036],
       [0.        , 0.18934719],
       [0.        , 0.19015576],
       [0.        , 0.19052552],
       [0.        , 0.19056937],
       [0.        , 0.19064644],
       [0.        , 0.1908669 ],
       [0.        , 0.19171648],
       [0.        , 0.19180711],
       [0.        , 0.1933223 ],
       [0.        , 0.1935171 ],
       [0.        , 0.19372393],
       [0.        , 0.1941471 ],
       [0.        , 0.19493331],
       [0.        , 0.19562306],
       [0.        , 0.19659039],
       [0.        , 0.19697544],
       [0.        , 0.19825907],
       [0.        , 0.19876459],
       [0.        , 0.19922599],
       [0.        , 0.20014857],
       [0.        , 0.20029715],
       [0.        , 0.20195836],
       [0.        , 0.20307527],
       [0.        , 0.20398894],
       [0.        , 0.20535342],
       [0.        , 0.2096613 ],
       [0.        ,        inf]]), array([[0.1414299 , 0.14384729]])]",True
152,0.20452149212360382,0.0036987513303756714,0.1531543245931205,113.04,5.00190701552078,4,0.0068127065896987915,0.0025632530450820923,0.004256574437022209,0.32,1.316853354277346,"[array([[0.        , 0.08339889],
       [0.        , 0.09360617],
       [0.        , 0.09505783],
       [0.        , 0.09523675],
       [0.        , 0.0976526 ],
       [0.        , 0.09832335],
       [0.        , 0.09884338],
       [0.        , 0.09906363],
       [0.        , 0.10016502],
       [0.        , 0.10043865],
       [0.        , 0.1015136 ],
       [0.        , 0.10277458],
       [0.        , 0.10528746],
       [0.        , 0.10550635],
       [0.        , 0.10560107],
       [0.        , 0.10675944],
       [0.        , 0.10685844],
       [0.        , 0.10707014],
       [0.        , 0.10749517],
       [0.        , 0.10936148],
       [0.        , 0.11020229],
       [0.        , 0.11030404],
       [0.        , 0.11049966],
       [0.        , 0.11096176],
       [0.        , 0.11128757],
       [0.        , 0.1135994 ],
       [0.        , 0.11515439],
       [0.        , 0.11796841],
       [0.        , 0.11805908],
       [0.        , 0.11827139],
       [0.        , 0.11891481],
       [0.        , 0.11922177],
       [0.        , 0.1193398 ],
       [0.        , 0.11963121],
       [0.        , 0.11975511],
       [0.        , 0.12001807],
       [0.        , 0.12249997],
       [0.        , 0.12267849],
       [0.        , 0.12429306],
       [0.        , 0.12432688],
       [0.        , 0.12459837],
       [0.        , 0.12479368],
       [0.        , 0.12495349],
       [0.        , 0.1254465 ],
       [0.        , 0.12786625],
       [0.        , 0.12954275],
       [0.        , 0.12971132],
       [0.        , 0.13440865],
       [0.        , 0.1351454 ],
       [0.        , 0.13559386],
       [0.        , 0.13949561],
       [0.        , 0.13980357],
       [0.        , 0.14023618],
       [0.        , 0.14057919],
       [0.        , 0.14087923],
       [0.        , 0.14229178],
       [0.        , 0.14299229],
       [0.        , 0.14814167],
       [0.        , 0.1497315 ],
       [0.        , 0.15099099],
       [0.        , 0.15329392],
       [0.        , 0.1535272 ],
       [0.        , 0.15487595],
       [0.        , 0.15545559],
       [0.        , 0.15625608],
       [0.        , 0.15678315],
       [0.        , 0.15851125],
       [0.        , 0.1591834 ],
       [0.        , 0.1599509 ],
       [0.        , 0.1602848 ],
       [0.        , 0.16076331],
       [0.        , 0.1623584 ],
       [0.        , 0.16264668],
       [0.        , 0.16300662],
       [0.        , 0.16345692],
       [0.        , 0.16394316],
       [0.        , 0.16397686],
       [0.        , 0.16439956],
       [0.        , 0.16480264],
       [0.        , 0.16587099],
       [0.        , 0.16656803],
       [0.        , 0.16687484],
       [0.        , 0.16699593],
       [0.        , 0.16709445],
       [0.        , 0.16715761],
       [0.        , 0.1673511 ],
       [0.        , 0.16788711],
       [0.        , 0.16807453],
       [0.        , 0.16845967],
       [0.        , 0.16852736],
       [0.        , 0.16906965],
       [0.        , 0.16943532],
       [0.        , 0.16961738],
       [0.        , 0.1698126 ],
       [0.        , 0.16986987],
       [0.        , 0.16993614],
       [0.        , 0.170792  ],
       [0.        , 0.17087503],
       [0.        , 0.17163584],
       [0.        , 0.17205316],
       [0.        , 0.17237373],
       [0.        , 0.17269476],
       [0.        , 0.17320687],
       [0.        , 0.17343602],
       [0.        , 0.17343682],
       [0.        , 0.17391917],
       [0.        , 0.17404763],
       [0.        , 0.17519139],
       [0.        , 0.17526686],
       [0.        , 0.17556645],
       [0.        , 0.17601864],
       [0.        , 0.17612429],
       [0.        , 0.17652078],
       [0.        , 0.1771701 ],
       [0.        , 0.17772126],
       [0.        , 0.17826165],
       [0.        , 0.17841154],
       [0.        , 0.1787502 ],
       [0.        , 0.17943585],
       [0.        , 0.17988297],
       [0.        , 0.18112268],
       [0.        , 0.18148348],
       [0.        , 0.18257737],
       [0.        , 0.18335412],
       [0.        , 0.18360253],
       [0.        , 0.18368684],
       [0.        , 0.18420449],
       [0.        , 0.18487521],
       [0.        , 0.18598868],
       [0.        , 0.18649685],
       [0.        , 0.18697451],
       [0.        , 0.18697929],
       [0.        , 0.18716879],
       [0.        , 0.18723069],
       [0.        , 0.18732212],
       [0.        , 0.18819608],
       [0.        , 0.18840027],
       [0.        , 0.18995598],
       [0.        , 0.19091107],
       [0.        , 0.19180711],
       [0.        , 0.19195129],
       [0.        , 0.1926948 ],
       [0.        , 0.19274074],
       [0.        , 0.19398174],
       [0.        , 0.19697955],
       [0.        , 0.19770649],
       [0.        , 0.19777869],
       [0.        , 0.1979093 ],
       [0.        , 0.19830468],
       [0.        , 0.19865224],
       [0.        , 0.20082274],
       [0.        , 0.20452149],
       [0.        ,        inf]]), array([[0.1627229 , 0.16697235],
       [0.1414299 , 0.14384729],
       [0.12065811, 0.12420486],
       [0.11849621, 0.12530892]])]",False
78,0.20830245316028595,0.010266423225402832,0.1512357803682486,56.28,4.336943071802778,2,0.00040750205516815186,7.323920726776123e-05,0.00037088245153427124,1.78,0.6882647896394882,"[array([[0.        , 0.09906363],
       [0.        , 0.09909354],
       [0.        , 0.10043865],
       [0.        , 0.10550635],
       [0.        , 0.10560107],
       [0.        , 0.10675944],
       [0.        , 0.10742414],
       [0.        , 0.10749517],
       [0.        , 0.10936148],
       [0.        , 0.11030404],
       [0.        , 0.11179125],
       [0.        , 0.11261448],
       [0.        , 0.11387531],
       [0.        , 0.11432597],
       [0.        , 0.11515816],
       [0.        , 0.1183588 ],
       [0.        , 0.11963121],
       [0.        , 0.12342139],
       [0.        , 0.12420486],
       [0.        , 0.12432688],
       [0.        , 0.12459837],
       [0.        , 0.12495349],
       [0.        , 0.12530892],
       [0.        , 0.12554002],
       [0.        , 0.12749763],
       [0.        , 0.12841634],
       [0.        , 0.12978062],
       [0.        , 0.13380259],
       [0.        , 0.13489085],
       [0.        , 0.14019492],
       [0.        , 0.14487444],
       [0.        , 0.14823838],
       [0.        , 0.14947902],
       [0.        , 0.15106267],
       [0.        , 0.1516858 ],
       [0.        , 0.15506949],
       [0.        , 0.15516536],
       [0.        , 0.1551968 ],
       [0.        , 0.15805763],
       [0.        , 0.15851125],
       [0.        , 0.15960035],
       [0.        , 0.1602848 ],
       [0.        , 0.16141444],
       [0.        , 0.16197702],
       [0.        , 0.16701578],
       [0.        , 0.16715761],
       [0.        , 0.16729961],
       [0.        , 0.16853108],
       [0.        , 0.16912337],
       [0.        , 0.17002431],
       [0.        , 0.170792  ],
       [0.        , 0.17167817],
       [0.        , 0.17245153],
       [0.        , 0.17290638],
       [0.        , 0.17303352],
       [0.        , 0.17320687],
       [0.        , 0.17377718],
       [0.        , 0.1739147 ],
       [0.        , 0.17526686],
       [0.        , 0.17529938],
       [0.        , 0.17553587],
       [0.        , 0.17772126],
       [0.        , 0.17912771],
       [0.        , 0.17914008],
       [0.        , 0.18058112],
       [0.        , 0.18153749],
       [0.        , 0.18301429],
       [0.        , 0.18448927],
       [0.        , 0.1852632 ],
       [0.        , 0.18710583],
       [0.        , 0.18816754],
       [0.        , 0.18819608],
       [0.        , 0.18932153],
       [0.        , 0.18955156],
       [0.        , 0.19111091],
       [0.        , 0.19435327],
       [0.        , 0.19803603],
       [0.        , 0.20830245],
       [0.        ,        inf]]), array([[0.14351302, 0.14384729],
       [0.14343978, 0.14384729]])]",True
79,0.2041398584842682,0.005019336938858032,0.14891764436718785,57.22,4.347453267464273,1,0.0024173855781555176,0.0024173855781555176,0.0024173855781555176,0.98,-0.0,"[array([[0.        , 0.09312646],
       [0.        , 0.09360617],
       [0.        , 0.09832335],
       [0.        , 0.09884338],
       [0.        , 0.09906363],
       [0.        , 0.10043865],
       [0.        , 0.10550635],
       [0.        , 0.10560107],
       [0.        , 0.10675944],
       [0.        , 0.10707014],
       [0.        , 0.10749517],
       [0.        , 0.10936148],
       [0.        , 0.11030404],
       [0.        , 0.11049966],
       [0.        , 0.11096176],
       [0.        , 0.11515816],
       [0.        , 0.11963121],
       [0.        , 0.11986774],
       [0.        , 0.12065811],
       [0.        , 0.12110982],
       [0.        , 0.12249997],
       [0.        , 0.12342139],
       [0.        , 0.12432688],
       [0.        , 0.12459837],
       [0.        , 0.12530892],
       [0.        , 0.12554002],
       [0.        , 0.12562174],
       [0.        , 0.12955657],
       [0.        , 0.12978062],
       [0.        , 0.13450652],
       [0.        , 0.13489085],
       [0.        , 0.14379145],
       [0.        , 0.14625874],
       [0.        , 0.14771369],
       [0.        , 0.14814167],
       [0.        , 0.14845026],
       [0.        , 0.1497315 ],
       [0.        , 0.15133984],
       [0.        , 0.15370847],
       [0.        , 0.1551968 ],
       [0.        , 0.15572202],
       [0.        , 0.15625608],
       [0.        , 0.15744516],
       [0.        , 0.15960035],
       [0.        , 0.16141444],
       [0.        , 0.16264668],
       [0.        , 0.16497831],
       [0.        , 0.16602519],
       [0.        , 0.16883281],
       [0.        , 0.16926283],
       [0.        , 0.17020082],
       [0.        , 0.170792  ],
       [0.        , 0.1708034 ],
       [0.        , 0.17106885],
       [0.        , 0.17214151],
       [0.        , 0.17223527],
       [0.        , 0.17320687],
       [0.        , 0.17322667],
       [0.        , 0.17404763],
       [0.        , 0.17468522],
       [0.        , 0.17491284],
       [0.        , 0.17526686],
       [0.        , 0.17571364],
       [0.        , 0.17821062],
       [0.        , 0.17868051],
       [0.        , 0.17872199],
       [0.        , 0.17933077],
       [0.        , 0.17989959],
       [0.        , 0.18017679],
       [0.        , 0.18301429],
       [0.        , 0.18574104],
       [0.        , 0.18723069],
       [0.        , 0.18819608],
       [0.        , 0.18937284],
       [0.        , 0.19261044],
       [0.        , 0.19388306],
       [0.        , 0.1979093 ],
       [0.        , 0.19912052],
       [0.        , 0.20413986],
       [0.        ,        inf]]), array([[0.1414299 , 0.14384729]])]",True
90,0.21258921921253204,0.008350208401679993,0.15502472933795716,65.22,4.481139680277847,0,0.0,0.0,0.0,0.0,0.0,"[array([[0.        , 0.09832335],
       [0.        , 0.09884338],
       [0.        , 0.09906363],
       [0.        , 0.10043865],
       [0.        , 0.10550635],
       [0.        , 0.10675944],
       [0.        , 0.10742414],
       [0.        , 0.10749517],
       [0.        , 0.10936148],
       [0.        , 0.11030404],
       [0.        , 0.11128757],
       [0.        , 0.11261448],
       [0.        , 0.11381237],
       [0.        , 0.11515816],
       [0.        , 0.11827139],
       [0.        , 0.11963121],
       [0.        , 0.12072835],
       [0.        , 0.12459837],
       [0.        , 0.12495349],
       [0.        , 0.12530892],
       [0.        , 0.12562174],
       [0.        , 0.12786625],
       [0.        , 0.12953225],
       [0.        , 0.12978062],
       [0.        , 0.13460439],
       [0.        , 0.13489085],
       [0.        , 0.1368866 ],
       [0.        , 0.13815616],
       [0.        , 0.14019492],
       [0.        , 0.14235437],
       [0.        , 0.14341511],
       [0.        , 0.14379145],
       [0.        , 0.1470629 ],
       [0.        , 0.14790368],
       [0.        , 0.14814167],
       [0.        , 0.1497315 ],
       [0.        , 0.15175581],
       [0.        , 0.1551968 ],
       [0.        , 0.15621829],
       [0.        , 0.15625608],
       [0.        , 0.15778413],
       [0.        , 0.15817972],
       [0.        , 0.15940003],
       [0.        , 0.16015974],
       [0.        , 0.16264668],
       [0.        , 0.1650019 ],
       [0.        , 0.16561741],
       [0.        , 0.16575773],
       [0.        , 0.16604805],
       [0.        , 0.16652347],
       [0.        , 0.1673511 ],
       [0.        , 0.16755323],
       [0.        , 0.16805713],
       [0.        , 0.16882101],
       [0.        , 0.17064211],
       [0.        , 0.170792  ],
       [0.        , 0.17084946],
       [0.        , 0.17239882],
       [0.        , 0.17245153],
       [0.        , 0.17258488],
       [0.        , 0.17320687],
       [0.        , 0.17343219],
       [0.        , 0.17355613],
       [0.        , 0.17404763],
       [0.        , 0.17415577],
       [0.        , 0.1746843 ],
       [0.        , 0.17526686],
       [0.        , 0.17620252],
       [0.        , 0.17643377],
       [0.        , 0.17674649],
       [0.        , 0.17772126],
       [0.        , 0.17854553],
       [0.        , 0.18064918],
       [0.        , 0.18231897],
       [0.        , 0.18239807],
       [0.        , 0.18301429],
       [0.        , 0.18585996],
       [0.        , 0.18723069],
       [0.        , 0.18819608],
       [0.        , 0.188411  ],
       [0.        , 0.18867432],
       [0.        , 0.18932153],
       [0.        , 0.1901983 ],
       [0.        , 0.19262455],
       [0.        , 0.19599664],
       [0.        , 0.1965394 ],
       [0.        , 0.1979093 ],
       [0.        , 0.2041903 ],
       [0.        , 0.20423901],
       [0.        , 0.21258922],
       [0.        ,        inf]]), array([], shape=(0, 2), dtype=float64)]",True
165,0.2096613049507141,0.006586030125617981,0.15891720191998915,124.22,5.090685084826922,0,0.0,0.0,0.0,0.0,0.0,"[array([[0.        , 0.09360617],
       [0.        , 0.09832335],
       [0.        , 0.09906363],
       [0.        , 0.10043865],
       [0.        , 0.10528746],
       [0.        , 0.10550635],
       [0.        , 0.10675944],
       [0.        , 0.10707014],
       [0.        , 0.10742414],
       [0.        , 0.10749517],
       [0.        , 0.11030404],
       [0.        , 0.11049966],
       [0.        , 0.11096176],
       [0.        , 0.11111743],
       [0.        , 0.11381237],
       [0.        , 0.11515439],
       [0.        , 0.11550342],
       [0.        , 0.11827139],
       [0.        , 0.11963121],
       [0.        , 0.12063984],
       [0.        , 0.12073869],
       [0.        , 0.12311234],
       [0.        , 0.12342139],
       [0.        , 0.12429306],
       [0.        , 0.12459837],
       [0.        , 0.12495349],
       [0.        , 0.12554002],
       [0.        , 0.12636013],
       [0.        , 0.12749763],
       [0.        , 0.12785247],
       [0.        , 0.1288262 ],
       [0.        , 0.12906386],
       [0.        , 0.12944314],
       [0.        , 0.12978062],
       [0.        , 0.13043648],
       [0.        , 0.13116656],
       [0.        , 0.13152754],
       [0.        , 0.13489085],
       [0.        , 0.13691506],
       [0.        , 0.13951378],
       [0.        , 0.14023618],
       [0.        , 0.14053106],
       [0.        , 0.14087923],
       [0.        , 0.14408451],
       [0.        , 0.14423384],
       [0.        , 0.14425278],
       [0.        , 0.14628488],
       [0.        , 0.14688501],
       [0.        , 0.1472141 ],
       [0.        , 0.14781834],
       [0.        , 0.14885671],
       [0.        , 0.14947902],
       [0.        , 0.14988698],
       [0.        , 0.15008543],
       [0.        , 0.15022378],
       [0.        , 0.15099099],
       [0.        , 0.15270245],
       [0.        , 0.15300994],
       [0.        , 0.15444197],
       [0.        , 0.15447767],
       [0.        , 0.15460798],
       [0.        , 0.15516536],
       [0.        , 0.15562631],
       [0.        , 0.15609497],
       [0.        , 0.15677325],
       [0.        , 0.15788783],
       [0.        , 0.15792456],
       [0.        , 0.15905324],
       [0.        , 0.1594138 ],
       [0.        , 0.15970288],
       [0.        , 0.15974152],
       [0.        , 0.16082723],
       [0.        , 0.16114537],
       [0.        , 0.16137703],
       [0.        , 0.16141444],
       [0.        , 0.16264668],
       [0.        , 0.16361871],
       [0.        , 0.16382602],
       [0.        , 0.16402957],
       [0.        , 0.16442262],
       [0.        , 0.16455689],
       [0.        , 0.1648739 ],
       [0.        , 0.16514662],
       [0.        , 0.1654111 ],
       [0.        , 0.16560689],
       [0.        , 0.16574831],
       [0.        , 0.16587099],
       [0.        , 0.16596338],
       [0.        , 0.16618702],
       [0.        , 0.16677859],
       [0.        , 0.16702969],
       [0.        , 0.16706103],
       [0.        , 0.16726226],
       [0.        , 0.16735192],
       [0.        , 0.16753447],
       [0.        , 0.16771924],
       [0.        , 0.16885361],
       [0.        , 0.16904019],
       [0.        , 0.16926283],
       [0.        , 0.1704731 ],
       [0.        , 0.17116538],
       [0.        , 0.17117697],
       [0.        , 0.17171068],
       [0.        , 0.17200154],
       [0.        , 0.17241712],
       [0.        , 0.17261003],
       [0.        , 0.17296463],
       [0.        , 0.17357293],
       [0.        , 0.17393897],
       [0.        , 0.17414646],
       [0.        , 0.17555675],
       [0.        , 0.17609808],
       [0.        , 0.17670996],
       [0.        , 0.17673552],
       [0.        , 0.17679834],
       [0.        , 0.17697017],
       [0.        , 0.17793956],
       [0.        , 0.17888688],
       [0.        , 0.1792313 ],
       [0.        , 0.17923388],
       [0.        , 0.17933482],
       [0.        , 0.1796447 ],
       [0.        , 0.17983069],
       [0.        , 0.18053938],
       [0.        , 0.18058112],
       [0.        , 0.18064298],
       [0.        , 0.18067791],
       [0.        , 0.18085945],
       [0.        , 0.18088552],
       [0.        , 0.18092644],
       [0.        , 0.18098222],
       [0.        , 0.18245757],
       [0.        , 0.18257737],
       [0.        , 0.18300372],
       [0.        , 0.18319553],
       [0.        , 0.18325286],
       [0.        , 0.18344094],
       [0.        , 0.18449867],
       [0.        , 0.1846116 ],
       [0.        , 0.18544865],
       [0.        , 0.18650614],
       [0.        , 0.18723069],
       [0.        , 0.18724845],
       [0.        , 0.18792628],
       [0.        , 0.18853861],
       [0.        , 0.18865125],
       [0.        , 0.18918036],
       [0.        , 0.18934719],
       [0.        , 0.19015576],
       [0.        , 0.19064644],
       [0.        , 0.19171648],
       [0.        , 0.19214723],
       [0.        , 0.1935171 ],
       [0.        , 0.19372393],
       [0.        , 0.1941471 ],
       [0.        , 0.19493331],
       [0.        , 0.19562306],
       [0.        , 0.19659039],
       [0.        , 0.19697544],
       [0.        , 0.19922599],
       [0.        , 0.20014857],
       [0.        , 0.20029715],
       [0.        , 0.20045955],
       [0.        , 0.20307527],
       [0.        , 0.2096613 ],
       [0.        ,        inf]]), array([], shape=(0, 2), dtype=float64)]",True
149,0.2100600153207779,0.009220108389854431,0.1552801094199187,109.48,4.988699773510413,2,0.0018773376941680908,0.0015430748462677002,0.0011058002710342407,0.08,0.4246826503115556,"[array([[0.        , 0.09360617],
       [0.        , 0.09832335],
       [0.        , 0.09906363],
       [0.        , 0.09909354],
       [0.        , 0.10043865],
       [0.        , 0.10528746],
       [0.        , 0.10550635],
       [0.        , 0.10560107],
       [0.        , 0.10675944],
       [0.        , 0.10707014],
       [0.        , 0.10749517],
       [0.        , 0.10936148],
       [0.        , 0.11030404],
       [0.        , 0.11096176],
       [0.        , 0.11179125],
       [0.        , 0.11387531],
       [0.        , 0.11432597],
       [0.        , 0.11695814],
       [0.        , 0.11827139],
       [0.        , 0.1183588 ],
       [0.        , 0.11899885],
       [0.        , 0.11963121],
       [0.        , 0.11986532],
       [0.        , 0.12065811],
       [0.        , 0.12342139],
       [0.        , 0.12432688],
       [0.        , 0.12459837],
       [0.        , 0.12495349],
       [0.        , 0.12530892],
       [0.        , 0.12749763],
       [0.        , 0.1288262 ],
       [0.        , 0.12971132],
       [0.        , 0.12978062],
       [0.        , 0.13382825],
       [0.        , 0.13438536],
       [0.        , 0.13489085],
       [0.        , 0.1351454 ],
       [0.        , 0.13658053],
       [0.        , 0.13738295],
       [0.        , 0.13806   ],
       [0.        , 0.13820219],
       [0.        , 0.14019492],
       [0.        , 0.14023618],
       [0.        , 0.14160265],
       [0.        , 0.14217274],
       [0.        , 0.14229178],
       [0.        , 0.14299229],
       [0.        , 0.14341511],
       [0.        , 0.14408451],
       [0.        , 0.14451441],
       [0.        , 0.14628488],
       [0.        , 0.14947902],
       [0.        , 0.15008543],
       [0.        , 0.15022378],
       [0.        , 0.15079165],
       [0.        , 0.15099099],
       [0.        , 0.15166628],
       [0.        , 0.15251887],
       [0.        , 0.15329392],
       [0.        , 0.1535272 ],
       [0.        , 0.15444197],
       [0.        , 0.1580296 ],
       [0.        , 0.15805763],
       [0.        , 0.15851125],
       [0.        , 0.15905324],
       [0.        , 0.1591834 ],
       [0.        , 0.15937117],
       [0.        , 0.15960035],
       [0.        , 0.1602848 ],
       [0.        , 0.16082723],
       [0.        , 0.16119941],
       [0.        , 0.16300662],
       [0.        , 0.16361871],
       [0.        , 0.16423719],
       [0.        , 0.16439956],
       [0.        , 0.16480264],
       [0.        , 0.16547038],
       [0.        , 0.16574831],
       [0.        , 0.16587099],
       [0.        , 0.16591029],
       [0.        , 0.16628234],
       [0.        , 0.16629367],
       [0.        , 0.16656803],
       [0.        , 0.16687484],
       [0.        , 0.16706103],
       [0.        , 0.16715761],
       [0.        , 0.16787837],
       [0.        , 0.16788711],
       [0.        , 0.16845967],
       [0.        , 0.16852736],
       [0.        , 0.16879544],
       [0.        , 0.16906965],
       [0.        , 0.16912337],
       [0.        , 0.16943532],
       [0.        , 0.16961738],
       [0.        , 0.1698126 ],
       [0.        , 0.17006232],
       [0.        , 0.17025737],
       [0.        , 0.17036855],
       [0.        , 0.17113353],
       [0.        , 0.17167817],
       [0.        , 0.17180973],
       [0.        , 0.17205316],
       [0.        , 0.17245153],
       [0.        , 0.17257597],
       [0.        , 0.17296463],
       [0.        , 0.17303352],
       [0.        , 0.17343602],
       [0.        , 0.17343682],
       [0.        , 0.17363378],
       [0.        , 0.17391917],
       [0.        , 0.17519139],
       [0.        , 0.17576191],
       [0.        , 0.17601864],
       [0.        , 0.176183  ],
       [0.        , 0.17652078],
       [0.        , 0.17697559],
       [0.        , 0.17704885],
       [0.        , 0.1771701 ],
       [0.        , 0.17772126],
       [0.        , 0.17790416],
       [0.        , 0.17818992],
       [0.        , 0.17826165],
       [0.        , 0.1787502 ],
       [0.        , 0.17888688],
       [0.        , 0.17914008],
       [0.        , 0.17943585],
       [0.        , 0.17982717],
       [0.        , 0.17988297],
       [0.        , 0.18052639],
       [0.        , 0.18112268],
       [0.        , 0.18148348],
       [0.        , 0.18301429],
       [0.        , 0.18360253],
       [0.        , 0.18435851],
       [0.        , 0.18598868],
       [0.        , 0.18697929],
       [0.        , 0.18723069],
       [0.        , 0.18732212],
       [0.        , 0.187692  ],
       [0.        , 0.18819608],
       [0.        , 0.18912646],
       [0.        , 0.18932153],
       [0.        , 0.19091107],
       [0.        , 0.19324777],
       [0.        , 0.19697955],
       [0.        , 0.19770649],
       [0.        , 0.20083991],
       [0.        , 0.21006002],
       [0.        ,        inf]]), array([[0.16726226, 0.16913959],
       [0.14351302, 0.14384729]])]",True
73,0.1986454278230667,0.0007361322641372681,0.15149368958113946,55.28,4.271571984573457,0,0.0,0.0,0.0,0.0,0.0,"[array([[0.        , 0.09360617],
       [0.        , 0.09906363],
       [0.        , 0.10043865],
       [0.        , 0.10550635],
       [0.        , 0.10707014],
       [0.        , 0.10742414],
       [0.        , 0.10749517],
       [0.        , 0.10936148],
       [0.        , 0.11030404],
       [0.        , 0.11096176],
       [0.        , 0.11827139],
       [0.        , 0.11963121],
       [0.        , 0.11986774],
       [0.        , 0.12140132],
       [0.        , 0.12246194],
       [0.        , 0.12249997],
       [0.        , 0.12420486],
       [0.        , 0.12459837],
       [0.        , 0.12495349],
       [0.        , 0.12530892],
       [0.        , 0.12786625],
       [0.        , 0.12841634],
       [0.        , 0.12938726],
       [0.        , 0.12978062],
       [0.        , 0.13211091],
       [0.        , 0.13489085],
       [0.        , 0.13964829],
       [0.        , 0.1407133 ],
       [0.        , 0.14263791],
       [0.        , 0.14379145],
       [0.        , 0.14688501],
       [0.        , 0.14814167],
       [0.        , 0.1497315 ],
       [0.        , 0.15044302],
       [0.        , 0.15411799],
       [0.        , 0.15487595],
       [0.        , 0.1561415 ],
       [0.        , 0.15625608],
       [0.        , 0.15874812],
       [0.        , 0.1591834 ],
       [0.        , 0.16090366],
       [0.        , 0.16262496],
       [0.        , 0.16264668],
       [0.        , 0.16616978],
       [0.        , 0.16905653],
       [0.        , 0.17021869],
       [0.        , 0.170792  ],
       [0.        , 0.17172702],
       [0.        , 0.17189193],
       [0.        , 0.17266618],
       [0.        , 0.17320687],
       [0.        , 0.17404763],
       [0.        , 0.17408678],
       [0.        , 0.17415577],
       [0.        , 0.17526686],
       [0.        , 0.17556645],
       [0.        , 0.17625231],
       [0.        , 0.17846867],
       [0.        , 0.18043534],
       [0.        , 0.18102501],
       [0.        , 0.18112974],
       [0.        , 0.18168902],
       [0.        , 0.18301429],
       [0.        , 0.18473232],
       [0.        , 0.18531919],
       [0.        , 0.18723069],
       [0.        , 0.18819608],
       [0.        , 0.18867432],
       [0.        , 0.19048858],
       [0.        , 0.1960637 ],
       [0.        , 0.1965394 ],
       [0.        , 0.1979093 ],
       [0.        , 0.19864543],
       [0.        ,        inf]]), array([], shape=(0, 2), dtype=float64)]",True
121,0.20452149212360382,0.006675228476524353,0.14819892822218336,87.12,4.773352523770637,4,0.0048650577664375305,0.00037705153226852417,0.0029877517372369766,0.46,1.1598433967598067,"[array([[0.        , 0.09360617],
       [0.        , 0.09505783],
       [0.        , 0.09523675],
       [0.        , 0.09832335],
       [0.        , 0.10043865],
       [0.        , 0.10528746],
       [0.        , 0.10550635],
       [0.        , 0.10560107],
       [0.        , 0.10644238],
       [0.        , 0.10707014],
       [0.        , 0.10742414],
       [0.        , 0.10749517],
       [0.        , 0.10936148],
       [0.        , 0.11014257],
       [0.        , 0.11030404],
       [0.        , 0.11042431],
       [0.        , 0.11090633],
       [0.        , 0.11096176],
       [0.        , 0.11128757],
       [0.        , 0.11163338],
       [0.        , 0.11179125],
       [0.        , 0.11189751],
       [0.        , 0.11200139],
       [0.        , 0.11306296],
       [0.        , 0.11355285],
       [0.        , 0.1135994 ],
       [0.        , 0.11381237],
       [0.        , 0.11432597],
       [0.        , 0.1150218 ],
       [0.        , 0.11515439],
       [0.        , 0.11515816],
       [0.        , 0.11550342],
       [0.        , 0.11849621],
       [0.        , 0.11922177],
       [0.        , 0.11963121],
       [0.        , 0.11975511],
       [0.        , 0.12014517],
       [0.        , 0.12110982],
       [0.        , 0.12140132],
       [0.        , 0.12432688],
       [0.        , 0.12459837],
       [0.        , 0.12495349],
       [0.        , 0.1254465 ],
       [0.        , 0.12696232],
       [0.        , 0.12872158],
       [0.        , 0.13072409],
       [0.        , 0.13239314],
       [0.        , 0.13367438],
       [0.        , 0.13964829],
       [0.        , 0.13971898],
       [0.        , 0.14010008],
       [0.        , 0.14257696],
       [0.        , 0.14282022],
       [0.        , 0.14282262],
       [0.        , 0.14379145],
       [0.        , 0.14428897],
       [0.        , 0.14943066],
       [0.        , 0.14947902],
       [0.        , 0.14977103],
       [0.        , 0.1501243 ],
       [0.        , 0.15022378],
       [0.        , 0.15076526],
       [0.        , 0.1531318 ],
       [0.        , 0.15373945],
       [0.        , 0.1551968 ],
       [0.        , 0.1588219 ],
       [0.        , 0.1595307 ],
       [0.        , 0.1602848 ],
       [0.        , 0.16141444],
       [0.        , 0.16197859],
       [0.        , 0.16480853],
       [0.        , 0.16515915],
       [0.        , 0.16551818],
       [0.        , 0.16569617],
       [0.        , 0.16600379],
       [0.        , 0.16699593],
       [0.        , 0.16807453],
       [0.        , 0.16855586],
       [0.        , 0.16872203],
       [0.        , 0.16928393],
       [0.        , 0.16958174],
       [0.        , 0.1697575 ],
       [0.        , 0.1705555 ],
       [0.        , 0.17169099],
       [0.        , 0.17284001],
       [0.        , 0.17363581],
       [0.        , 0.17368105],
       [0.        , 0.17385608],
       [0.        , 0.17519139],
       [0.        , 0.17523061],
       [0.        , 0.17556645],
       [0.        , 0.17646983],
       [0.        , 0.17685783],
       [0.        , 0.17770015],
       [0.        , 0.17867988],
       [0.        , 0.17989959],
       [0.        , 0.18042512],
       [0.        , 0.18042892],
       [0.        , 0.18064749],
       [0.        , 0.18124752],
       [0.        , 0.18209755],
       [0.        , 0.18301429],
       [0.        , 0.18311445],
       [0.        , 0.18423259],
       [0.        , 0.18438068],
       [0.        , 0.18583475],
       [0.        , 0.18723069],
       [0.        , 0.18798214],
       [0.        , 0.18819608],
       [0.        , 0.18828076],
       [0.        , 0.18852109],
       [0.        , 0.18987989],
       [0.        , 0.19028851],
       [0.        , 0.19048858],
       [0.        , 0.19127753],
       [0.        , 0.19157745],
       [0.        , 0.19188692],
       [0.        , 0.19226451],
       [0.        , 0.19777869],
       [0.        , 0.19784626],
       [0.        , 0.20452149],
       [0.        ,        inf]]), array([[0.14343978, 0.14384729],
       [0.13440865, 0.13889666],
       [0.1193398 , 0.12420486],
       [0.11864856, 0.120839  ]])]",False
54,0.2056298702955246,0.013082742691040039,0.1507940093676249,39.36,3.9687622926246733,0,0.0,0.0,0.0,0.0,0.0,"[array([[0.        , 0.09832335],
       [0.        , 0.09906363],
       [0.        , 0.10043865],
       [0.        , 0.10550635],
       [0.        , 0.10560107],
       [0.        , 0.11030404],
       [0.        , 0.11261448],
       [0.        , 0.11432597],
       [0.        , 0.11515816],
       [0.        , 0.11641855],
       [0.        , 0.11963121],
       [0.        , 0.12065811],
       [0.        , 0.12249997],
       [0.        , 0.12342139],
       [0.        , 0.12459837],
       [0.        , 0.12495349],
       [0.        , 0.12785247],
       [0.        , 0.12978062],
       [0.        , 0.13489085],
       [0.        , 0.1355823 ],
       [0.        , 0.13566984],
       [0.        , 0.13613005],
       [0.        , 0.14023618],
       [0.        , 0.14032601],
       [0.        , 0.14507952],
       [0.        , 0.14947902],
       [0.        , 0.1551968 ],
       [0.        , 0.15706147],
       [0.        , 0.15960035],
       [0.        , 0.16383564],
       [0.        , 0.16561741],
       [0.        , 0.16807453],
       [0.        , 0.17120583],
       [0.        , 0.17176197],
       [0.        , 0.17224319],
       [0.        , 0.17390023],
       [0.        , 0.17390485],
       [0.        , 0.17404313],
       [0.        , 0.17518038],
       [0.        , 0.17631136],
       [0.        , 0.17646983],
       [0.        , 0.17739561],
       [0.        , 0.17772126],
       [0.        , 0.17868009],
       [0.        , 0.1792914 ],
       [0.        , 0.17957236],
       [0.        , 0.18321298],
       [0.        , 0.18777193],
       [0.        , 0.18852109],
       [0.        , 0.18924233],
       [0.        , 0.18934783],
       [0.        , 0.19099197],
       [0.        , 0.19254713],
       [0.        , 0.20562987],
       [0.        ,        inf]]), array([], shape=(0, 2), dtype=float64)]",False
75,0.21117281913757324,0.013326555490493774,0.14601364036401113,51.46,4.292136926430894,0,0.0,0.0,0.0,0.0,0.0,"[array([[0.        , 0.08339889],
       [0.        , 0.09028479],
       [0.        , 0.09360617],
       [0.        , 0.09523675],
       [0.        , 0.09832335],
       [0.        , 0.09906363],
       [0.        , 0.10043865],
       [0.        , 0.10550635],
       [0.        , 0.10560107],
       [0.        , 0.10675944],
       [0.        , 0.10707014],
       [0.        , 0.10749517],
       [0.        , 0.11030404],
       [0.        , 0.11096176],
       [0.        , 0.11128757],
       [0.        , 0.11179125],
       [0.        , 0.1135994 ],
       [0.        , 0.11432597],
       [0.        , 0.11515439],
       [0.        , 0.11827139],
       [0.        , 0.11963121],
       [0.        , 0.12065811],
       [0.        , 0.12342139],
       [0.        , 0.12412774],
       [0.        , 0.12459837],
       [0.        , 0.12495349],
       [0.        , 0.12562174],
       [0.        , 0.12785247],
       [0.        , 0.12978062],
       [0.        , 0.12994631],
       [0.        , 0.13229185],
       [0.        , 0.13280834],
       [0.        , 0.13489085],
       [0.        , 0.14014731],
       [0.        , 0.14050028],
       [0.        , 0.14299338],
       [0.        , 0.14408451],
       [0.        , 0.14531396],
       [0.        , 0.14781834],
       [0.        , 0.14947902],
       [0.        , 0.14956541],
       [0.        , 0.1501243 ],
       [0.        , 0.15367106],
       [0.        , 0.15974671],
       [0.        , 0.16579418],
       [0.        , 0.16854505],
       [0.        , 0.1685949 ],
       [0.        , 0.16908191],
       [0.        , 0.16957071],
       [0.        , 0.17019042],
       [0.        , 0.17025144],
       [0.        , 0.17169099],
       [0.        , 0.17207065],
       [0.        , 0.17284001],
       [0.        , 0.17307372],
       [0.        , 0.17395614],
       [0.        , 0.17556645],
       [0.        , 0.17617439],
       [0.        , 0.17646983],
       [0.        , 0.18012469],
       [0.        , 0.18148221],
       [0.        , 0.18194009],
       [0.        , 0.18284395],
       [0.        , 0.18288396],
       [0.        , 0.1830343 ],
       [0.        , 0.18321298],
       [0.        , 0.18374638],
       [0.        , 0.18723069],
       [0.        , 0.18798214],
       [0.        , 0.18826479],
       [0.        , 0.18852578],
       [0.        , 0.19180711],
       [0.        , 0.19254713],
       [0.        , 0.19784626],
       [0.        , 0.21117282],
       [0.        ,        inf]]), array([], shape=(0, 2), dtype=float64)]",False
68,0.19226451218128204,0.001975998282432556,0.1424129284260904,49.98,4.196529499955531,1,0.0024173855781555176,0.0024173855781555176,0.0024173855781555176,0.98,-0.0,"[array([[0.        , 0.08339889],
       [0.        , 0.09523675],
       [0.        , 0.09906363],
       [0.        , 0.10016502],
       [0.        , 0.10043865],
       [0.        , 0.10550635],
       [0.        , 0.10560107],
       [0.        , 0.10749517],
       [0.        , 0.1091096 ],
       [0.        , 0.10936148],
       [0.        , 0.11030404],
       [0.        , 0.11163338],
       [0.        , 0.11179125],
       [0.        , 0.11200139],
       [0.        , 0.11261448],
       [0.        , 0.11306296],
       [0.        , 0.1135994 ],
       [0.        , 0.11432597],
       [0.        , 0.11963121],
       [0.        , 0.11975511],
       [0.        , 0.12110982],
       [0.        , 0.12140132],
       [0.        , 0.12249997],
       [0.        , 0.12420486],
       [0.        , 0.12432688],
       [0.        , 0.12459837],
       [0.        , 0.12479368],
       [0.        , 0.12530892],
       [0.        , 0.12554002],
       [0.        , 0.12562174],
       [0.        , 0.12749763],
       [0.        , 0.12955657],
       [0.        , 0.12978062],
       [0.        , 0.13450652],
       [0.        , 0.13489085],
       [0.        , 0.14019492],
       [0.        , 0.14282262],
       [0.        , 0.14689629],
       [0.        , 0.14845026],
       [0.        , 0.14947902],
       [0.        , 0.1531318 ],
       [0.        , 0.15554924],
       [0.        , 0.1623584 ],
       [0.        , 0.1627229 ],
       [0.        , 0.16480853],
       [0.        , 0.16514662],
       [0.        , 0.16523309],
       [0.        , 0.16855586],
       [0.        , 0.16958174],
       [0.        , 0.16987483],
       [0.        , 0.17158352],
       [0.        , 0.17169099],
       [0.        , 0.17192362],
       [0.        , 0.17245153],
       [0.        , 0.17556645],
       [0.        , 0.17646983],
       [0.        , 0.17872199],
       [0.        , 0.18023409],
       [0.        , 0.18072453],
       [0.        , 0.18301429],
       [0.        , 0.1832023 ],
       [0.        , 0.18682006],
       [0.        , 0.18723069],
       [0.        , 0.18819608],
       [0.        , 0.18932153],
       [0.        , 0.18983492],
       [0.        , 0.19028851],
       [0.        , 0.19226451],
       [0.        ,        inf]]), array([[0.1414299 , 0.14384729]])]",False
66,0.193024680018425,0.0006579607725143433,0.14565623066190517,49.44,4.1688723349729795,0,0.0,0.0,0.0,0.0,0.0,"[array([[0.        , 0.09360617],
       [0.        , 0.09832335],
       [0.        , 0.10043865],
       [0.        , 0.10550635],
       [0.        , 0.10560107],
       [0.        , 0.10707014],
       [0.        , 0.10749517],
       [0.        , 0.11030404],
       [0.        , 0.11090633],
       [0.        , 0.11096176],
       [0.        , 0.11111743],
       [0.        , 0.11179125],
       [0.        , 0.1135994 ],
       [0.        , 0.11432597],
       [0.        , 0.11515816],
       [0.        , 0.11795647],
       [0.        , 0.11796841],
       [0.        , 0.11963121],
       [0.        , 0.12046551],
       [0.        , 0.12065811],
       [0.        , 0.12110982],
       [0.        , 0.12432688],
       [0.        , 0.12459837],
       [0.        , 0.12785247],
       [0.        , 0.12798513],
       [0.        , 0.12955657],
       [0.        , 0.12978062],
       [0.        , 0.13116656],
       [0.        , 0.13450652],
       [0.        , 0.13489085],
       [0.        , 0.1359193 ],
       [0.        , 0.14263627],
       [0.        , 0.14529756],
       [0.        , 0.14781834],
       [0.        , 0.14947902],
       [0.        , 0.1531318 ],
       [0.        , 0.1551968 ],
       [0.        , 0.15749855],
       [0.        , 0.1602848 ],
       [0.        , 0.16141444],
       [0.        , 0.16288048],
       [0.        , 0.16480853],
       [0.        , 0.16612799],
       [0.        , 0.16629323],
       [0.        , 0.16785429],
       [0.        , 0.16790622],
       [0.        , 0.16958174],
       [0.        , 0.17094208],
       [0.        , 0.1711684 ],
       [0.        , 0.17169099],
       [0.        , 0.17185244],
       [0.        , 0.1733709 ],
       [0.        , 0.17379877],
       [0.        , 0.17556645],
       [0.        , 0.17588335],
       [0.        , 0.18162568],
       [0.        , 0.18257737],
       [0.        , 0.18291011],
       [0.        , 0.18324928],
       [0.        , 0.18373054],
       [0.        , 0.18555748],
       [0.        , 0.18723069],
       [0.        , 0.19182992],
       [0.        , 0.19214723],
       [0.        , 0.19236672],
       [0.        , 0.19302468],
       [0.        ,        inf]]), array([], shape=(0, 2), dtype=float64)]",True
182,0.2096613049507141,0.006113961338996887,0.15861722896551037,136.76,5.187565966770011,1,0.0050400495529174805,0.0050400495529174805,0.0050400495529174805,0.98,-0.0,"[array([[0.        , 0.09360617],
       [0.        , 0.09832335],
       [0.        , 0.09906363],
       [0.        , 0.10043865],
       [0.        , 0.10528746],
       [0.        , 0.10550635],
       [0.        , 0.10560107],
       [0.        , 0.10675944],
       [0.        , 0.10707014],
       [0.        , 0.10742414],
       [0.        , 0.10749517],
       [0.        , 0.10886176],
       [0.        , 0.11030404],
       [0.        , 0.11049966],
       [0.        , 0.11096176],
       [0.        , 0.11111743],
       [0.        , 0.11179125],
       [0.        , 0.11381237],
       [0.        , 0.11432597],
       [0.        , 0.11459228],
       [0.        , 0.1150218 ],
       [0.        , 0.11515439],
       [0.        , 0.11550342],
       [0.        , 0.11827139],
       [0.        , 0.11963121],
       [0.        , 0.12063984],
       [0.        , 0.12091399],
       [0.        , 0.12110982],
       [0.        , 0.12311234],
       [0.        , 0.12342139],
       [0.        , 0.12429306],
       [0.        , 0.12459837],
       [0.        , 0.12479368],
       [0.        , 0.12495349],
       [0.        , 0.12636013],
       [0.        , 0.12749763],
       [0.        , 0.12785247],
       [0.        , 0.12944314],
       [0.        , 0.12978062],
       [0.        , 0.13043648],
       [0.        , 0.13069807],
       [0.        , 0.13109675],
       [0.        , 0.13116656],
       [0.        , 0.13152754],
       [0.        , 0.13489085],
       [0.        , 0.13559386],
       [0.        , 0.13951378],
       [0.        , 0.14023618],
       [0.        , 0.14053106],
       [0.        , 0.14408451],
       [0.        , 0.14423384],
       [0.        , 0.14425278],
       [0.        , 0.14563482],
       [0.        , 0.14628488],
       [0.        , 0.14673327],
       [0.        , 0.14688501],
       [0.        , 0.1472141 ],
       [0.        , 0.14781834],
       [0.        , 0.14795712],
       [0.        , 0.14947902],
       [0.        , 0.14988698],
       [0.        , 0.15008543],
       [0.        , 0.15099099],
       [0.        , 0.15300994],
       [0.        , 0.15444197],
       [0.        , 0.15447767],
       [0.        , 0.15460798],
       [0.        , 0.15562631],
       [0.        , 0.15609497],
       [0.        , 0.15677325],
       [0.        , 0.15741776],
       [0.        , 0.15788783],
       [0.        , 0.15792456],
       [0.        , 0.15885577],
       [0.        , 0.1594138 ],
       [0.        , 0.15970288],
       [0.        , 0.15974152],
       [0.        , 0.15996528],
       [0.        , 0.16114537],
       [0.        , 0.16130482],
       [0.        , 0.16137703],
       [0.        , 0.16141444],
       [0.        , 0.16178109],
       [0.        , 0.16264668],
       [0.        , 0.1627229 ],
       [0.        , 0.16361871],
       [0.        , 0.16382602],
       [0.        , 0.16402957],
       [0.        , 0.16442262],
       [0.        , 0.16455689],
       [0.        , 0.1648739 ],
       [0.        , 0.16514662],
       [0.        , 0.1654111 ],
       [0.        , 0.16545986],
       [0.        , 0.16560689],
       [0.        , 0.16587099],
       [0.        , 0.16596338],
       [0.        , 0.16618702],
       [0.        , 0.1669281 ],
       [0.        , 0.16706103],
       [0.        , 0.16715705],
       [0.        , 0.16771924],
       [0.        , 0.16885361],
       [0.        , 0.16926283],
       [0.        , 0.16987954],
       [0.        , 0.1704731 ],
       [0.        , 0.1708965 ],
       [0.        , 0.17116538],
       [0.        , 0.17117697],
       [0.        , 0.17128998],
       [0.        , 0.17171068],
       [0.        , 0.17200154],
       [0.        , 0.17241712],
       [0.        , 0.17261003],
       [0.        , 0.17269476],
       [0.        , 0.17370029],
       [0.        , 0.17393897],
       [0.        , 0.17414646],
       [0.        , 0.17517166],
       [0.        , 0.17555675],
       [0.        , 0.17575663],
       [0.        , 0.17609808],
       [0.        , 0.17628631],
       [0.        , 0.17652078],
       [0.        , 0.17670996],
       [0.        , 0.17673552],
       [0.        , 0.17679834],
       [0.        , 0.17697017],
       [0.        , 0.17793956],
       [0.        , 0.1792313 ],
       [0.        , 0.17923388],
       [0.        , 0.17933482],
       [0.        , 0.17948018],
       [0.        , 0.1796447 ],
       [0.        , 0.17983069],
       [0.        , 0.18053938],
       [0.        , 0.18058112],
       [0.        , 0.18064298],
       [0.        , 0.18067791],
       [0.        , 0.18088552],
       [0.        , 0.18092644],
       [0.        , 0.18141989],
       [0.        , 0.18167239],
       [0.        , 0.18257737],
       [0.        , 0.18300372],
       [0.        , 0.18319553],
       [0.        , 0.18325286],
       [0.        , 0.18344094],
       [0.        , 0.18449867],
       [0.        , 0.1845738 ],
       [0.        , 0.1846116 ],
       [0.        , 0.18488243],
       [0.        , 0.18544865],
       [0.        , 0.18650614],
       [0.        , 0.18724845],
       [0.        , 0.18792628],
       [0.        , 0.18810406],
       [0.        , 0.18853861],
       [0.        , 0.18865125],
       [0.        , 0.18918036],
       [0.        , 0.18934719],
       [0.        , 0.19015576],
       [0.        , 0.19064644],
       [0.        , 0.19131538],
       [0.        , 0.19171648],
       [0.        , 0.19214723],
       [0.        , 0.19336918],
       [0.        , 0.1935171 ],
       [0.        , 0.19372393],
       [0.        , 0.1941471 ],
       [0.        , 0.19493331],
       [0.        , 0.19562306],
       [0.        , 0.19659039],
       [0.        , 0.19660972],
       [0.        , 0.19697544],
       [0.        , 0.19922599],
       [0.        , 0.20014857],
       [0.        , 0.20029715],
       [0.        , 0.20045955],
       [0.        , 0.20307527],
       [0.        , 0.20354734],
       [0.        , 0.2096613 ],
       [0.        ,        inf]]), array([[0.12488109, 0.12992114]])]",True
106,0.21117281913757324,0.011570736765861511,0.15054257277329014,75.02,4.642557154785232,1,0.00493679940700531,0.00493679940700531,0.00493679940700531,0.98,-0.0,"[array([[0.        , 0.08339889],
       [0.        , 0.09360617],
       [0.        , 0.09523675],
       [0.        , 0.09832335],
       [0.        , 0.09906363],
       [0.        , 0.10043865],
       [0.        , 0.10550635],
       [0.        , 0.10560107],
       [0.        , 0.10742414],
       [0.        , 0.10749517],
       [0.        , 0.1091096 ],
       [0.        , 0.11030404],
       [0.        , 0.11096176],
       [0.        , 0.11128757],
       [0.        , 0.11163338],
       [0.        , 0.11306296],
       [0.        , 0.1135994 ],
       [0.        , 0.11381237],
       [0.        , 0.11432597],
       [0.        , 0.11515439],
       [0.        , 0.11550342],
       [0.        , 0.11849621],
       [0.        , 0.11864856],
       [0.        , 0.1193398 ],
       [0.        , 0.11963121],
       [0.        , 0.12342139],
       [0.        , 0.12412774],
       [0.        , 0.12459837],
       [0.        , 0.12495349],
       [0.        , 0.1254465 ],
       [0.        , 0.12562174],
       [0.        , 0.12647767],
       [0.        , 0.12872158],
       [0.        , 0.12994631],
       [0.        , 0.13072409],
       [0.        , 0.13440865],
       [0.        , 0.13729371],
       [0.        , 0.13964829],
       [0.        , 0.13971898],
       [0.        , 0.14014731],
       [0.        , 0.14023618],
       [0.        , 0.14263791],
       [0.        , 0.14282022],
       [0.        , 0.14290868],
       [0.        , 0.14425278],
       [0.        , 0.14943066],
       [0.        , 0.14947902],
       [0.        , 0.14977103],
       [0.        , 0.15008543],
       [0.        , 0.1501243 ],
       [0.        , 0.15014958],
       [0.        , 0.15367106],
       [0.        , 0.15636796],
       [0.        , 0.15799522],
       [0.        , 0.15823166],
       [0.        , 0.1588219 ],
       [0.        , 0.1591834 ],
       [0.        , 0.1595307 ],
       [0.        , 0.1602848 ],
       [0.        , 0.16141444],
       [0.        , 0.16514662],
       [0.        , 0.16515915],
       [0.        , 0.1654111 ],
       [0.        , 0.16579418],
       [0.        , 0.16600379],
       [0.        , 0.16616978],
       [0.        , 0.16854505],
       [0.        , 0.16855586],
       [0.        , 0.16872203],
       [0.        , 0.16885361],
       [0.        , 0.1697575 ],
       [0.        , 0.17102806],
       [0.        , 0.17116538],
       [0.        , 0.17169099],
       [0.        , 0.17221704],
       [0.        , 0.17274521],
       [0.        , 0.17284001],
       [0.        , 0.17523061],
       [0.        , 0.17556645],
       [0.        , 0.17646983],
       [0.        , 0.17685783],
       [0.        , 0.17770015],
       [0.        , 0.17867988],
       [0.        , 0.17923388],
       [0.        , 0.17989959],
       [0.        , 0.18064749],
       [0.        , 0.18194009],
       [0.        , 0.18257175],
       [0.        , 0.18288396],
       [0.        , 0.18291011],
       [0.        , 0.18311445],
       [0.        , 0.18321298],
       [0.        , 0.18448927],
       [0.        , 0.1846116 ],
       [0.        , 0.18506217],
       [0.        , 0.18663284],
       [0.        , 0.18723069],
       [0.        , 0.18789251],
       [0.        , 0.18798214],
       [0.        , 0.18865125],
       [0.        , 0.19254713],
       [0.        , 0.19567126],
       [0.        , 0.19777869],
       [0.        , 0.19784626],
       [0.        , 0.19960208],
       [0.        , 0.21117282],
       [0.        ,        inf]]), array([[0.12137979, 0.12631659]])]",True
194,0.2100600153207779,0.00039871037006378174,0.16093373855518311,147.54,5.252984099055929,0,0.0,0.0,0.0,0.0,0.0,"[array([[0.        , 0.09360617],
       [0.        , 0.09832335],
       [0.        , 0.09906363],
       [0.        , 0.10043865],
       [0.        , 0.10528746],
       [0.        , 0.10550635],
       [0.        , 0.10560107],
       [0.        , 0.10675944],
       [0.        , 0.10697581],
       [0.        , 0.10707014],
       [0.        , 0.10742414],
       [0.        , 0.10749517],
       [0.        , 0.11030404],
       [0.        , 0.11049966],
       [0.        , 0.11096176],
       [0.        , 0.11111743],
       [0.        , 0.11381237],
       [0.        , 0.11515439],
       [0.        , 0.11550342],
       [0.        , 0.11827139],
       [0.        , 0.11963121],
       [0.        , 0.12063984],
       [0.        , 0.1210195 ],
       [0.        , 0.12311234],
       [0.        , 0.12342139],
       [0.        , 0.12429306],
       [0.        , 0.12459837],
       [0.        , 0.12479368],
       [0.        , 0.12495349],
       [0.        , 0.12636013],
       [0.        , 0.12639005],
       [0.        , 0.12749763],
       [0.        , 0.12785247],
       [0.        , 0.12944314],
       [0.        , 0.12978062],
       [0.        , 0.1298611 ],
       [0.        , 0.13116656],
       [0.        , 0.13152754],
       [0.        , 0.13438536],
       [0.        , 0.13489085],
       [0.        , 0.13656537],
       [0.        , 0.13775572],
       [0.        , 0.13806018],
       [0.        , 0.13895433],
       [0.        , 0.13951378],
       [0.        , 0.14053106],
       [0.        , 0.14217274],
       [0.        , 0.14229178],
       [0.        , 0.14408451],
       [0.        , 0.14423384],
       [0.        , 0.14628488],
       [0.        , 0.14688501],
       [0.        , 0.1472141 ],
       [0.        , 0.14752741],
       [0.        , 0.14781834],
       [0.        , 0.14795712],
       [0.        , 0.14947902],
       [0.        , 0.15079165],
       [0.        , 0.15099099],
       [0.        , 0.15117626],
       [0.        , 0.15300994],
       [0.        , 0.1531318 ],
       [0.        , 0.15444197],
       [0.        , 0.15460798],
       [0.        , 0.15562631],
       [0.        , 0.15609497],
       [0.        , 0.15677325],
       [0.        , 0.15788783],
       [0.        , 0.15792456],
       [0.        , 0.1580296 ],
       [0.        , 0.15805763],
       [0.        , 0.15937117],
       [0.        , 0.1594138 ],
       [0.        , 0.15970288],
       [0.        , 0.15974152],
       [0.        , 0.15998651],
       [0.        , 0.16114537],
       [0.        , 0.1612287 ],
       [0.        , 0.16137703],
       [0.        , 0.16141444],
       [0.        , 0.16264668],
       [0.        , 0.1627229 ],
       [0.        , 0.1630889 ],
       [0.        , 0.16361871],
       [0.        , 0.16382602],
       [0.        , 0.16402957],
       [0.        , 0.16442262],
       [0.        , 0.16455689],
       [0.        , 0.1648739 ],
       [0.        , 0.16514662],
       [0.        , 0.16547038],
       [0.        , 0.16560689],
       [0.        , 0.16587099],
       [0.        , 0.16596338],
       [0.        , 0.16618702],
       [0.        , 0.16628234],
       [0.        , 0.1663437 ],
       [0.        , 0.16706103],
       [0.        , 0.16715761],
       [0.        , 0.16732688],
       [0.        , 0.16735192],
       [0.        , 0.16771924],
       [0.        , 0.16879544],
       [0.        , 0.16926283],
       [0.        , 0.16943532],
       [0.        , 0.16986316],
       [0.        , 0.17006232],
       [0.        , 0.17025737],
       [0.        , 0.1704731 ],
       [0.        , 0.17117697],
       [0.        , 0.17131168],
       [0.        , 0.17171068],
       [0.        , 0.17180973],
       [0.        , 0.17200154],
       [0.        , 0.17241712],
       [0.        , 0.17261003],
       [0.        , 0.17302759],
       [0.        , 0.17363378],
       [0.        , 0.17393897],
       [0.        , 0.17414646],
       [0.        , 0.17519139],
       [0.        , 0.17535952],
       [0.        , 0.17553607],
       [0.        , 0.17555675],
       [0.        , 0.17609808],
       [0.        , 0.176183  ],
       [0.        , 0.17666483],
       [0.        , 0.17670996],
       [0.        , 0.17673552],
       [0.        , 0.17679834],
       [0.        , 0.17697017],
       [0.        , 0.17697559],
       [0.        , 0.17703944],
       [0.        , 0.17704885],
       [0.        , 0.17717667],
       [0.        , 0.17790416],
       [0.        , 0.17793956],
       [0.        , 0.1792313 ],
       [0.        , 0.17929272],
       [0.        , 0.17933482],
       [0.        , 0.1796447 ],
       [0.        , 0.17982717],
       [0.        , 0.17983069],
       [0.        , 0.18053938],
       [0.        , 0.18058112],
       [0.        , 0.18064298],
       [0.        , 0.18067791],
       [0.        , 0.1807209 ],
       [0.        , 0.18088552],
       [0.        , 0.18092644],
       [0.        , 0.18255715],
       [0.        , 0.18257737],
       [0.        , 0.18259093],
       [0.        , 0.18300372],
       [0.        , 0.18319553],
       [0.        , 0.18325286],
       [0.        , 0.18344094],
       [0.        , 0.18381926],
       [0.        , 0.18392844],
       [0.        , 0.18435851],
       [0.        , 0.18449867],
       [0.        , 0.18540157],
       [0.        , 0.18544865],
       [0.        , 0.18650614],
       [0.        , 0.18685108],
       [0.        , 0.18724845],
       [0.        , 0.18792628],
       [0.        , 0.18792987],
       [0.        , 0.18797916],
       [0.        , 0.18853861],
       [0.        , 0.18912646],
       [0.        , 0.18918036],
       [0.        , 0.18934719],
       [0.        , 0.19015576],
       [0.        , 0.19064644],
       [0.        , 0.19171648],
       [0.        , 0.19214723],
       [0.        , 0.1935171 ],
       [0.        , 0.19372393],
       [0.        , 0.19391309],
       [0.        , 0.1941471 ],
       [0.        , 0.19493331],
       [0.        , 0.19562306],
       [0.        , 0.19659039],
       [0.        , 0.19697544],
       [0.        , 0.19922599],
       [0.        , 0.20014857],
       [0.        , 0.20029715],
       [0.        , 0.20045955],
       [0.        , 0.20083991],
       [0.        , 0.20307527],
       [0.        , 0.20329958],
       [0.        , 0.2096613 ],
       [0.        , 0.21006002],
       [0.        ,        inf]]), array([], shape=(0, 2), dtype=float64)]",True
118,0.21258921921253204,0.008350208401679993,0.15578178379495264,85.82,4.752873144485273,0,0.0,0.0,0.0,0.0,0.0,"[array([[0.        , 0.09360617],
       [0.        , 0.09832335],
       [0.        , 0.09884338],
       [0.        , 0.09906363],
       [0.        , 0.10043865],
       [0.        , 0.10550635],
       [0.        , 0.10560107],
       [0.        , 0.10675944],
       [0.        , 0.10707014],
       [0.        , 0.10742414],
       [0.        , 0.10749517],
       [0.        , 0.10936148],
       [0.        , 0.11030404],
       [0.        , 0.11096176],
       [0.        , 0.11128757],
       [0.        , 0.11381237],
       [0.        , 0.11695814],
       [0.        , 0.11827139],
       [0.        , 0.11899885],
       [0.        , 0.11963121],
       [0.        , 0.12110982],
       [0.        , 0.12459837],
       [0.        , 0.12495349],
       [0.        , 0.12530892],
       [0.        , 0.12562174],
       [0.        , 0.12699746],
       [0.        , 0.12953225],
       [0.        , 0.12971132],
       [0.        , 0.12978062],
       [0.        , 0.13489085],
       [0.        , 0.13658053],
       [0.        , 0.13701032],
       [0.        , 0.13738295],
       [0.        , 0.13815616],
       [0.        , 0.13961732],
       [0.        , 0.14019492],
       [0.        , 0.14023618],
       [0.        , 0.14160265],
       [0.        , 0.14229178],
       [0.        , 0.14299229],
       [0.        , 0.14425278],
       [0.        , 0.1470629 ],
       [0.        , 0.14790368],
       [0.        , 0.14814167],
       [0.        , 0.15099099],
       [0.        , 0.15305695],
       [0.        , 0.15329392],
       [0.        , 0.1535272 ],
       [0.        , 0.15675388],
       [0.        , 0.15817972],
       [0.        , 0.15851125],
       [0.        , 0.1591834 ],
       [0.        , 0.15937117],
       [0.        , 0.16015974],
       [0.        , 0.16300662],
       [0.        , 0.16439956],
       [0.        , 0.164627  ],
       [0.        , 0.16480264],
       [0.        , 0.16575773],
       [0.        , 0.16587099],
       [0.        , 0.16616978],
       [0.        , 0.16656803],
       [0.        , 0.16687484],
       [0.        , 0.1673511 ],
       [0.        , 0.16755323],
       [0.        , 0.16788711],
       [0.        , 0.16805713],
       [0.        , 0.16845967],
       [0.        , 0.16852736],
       [0.        , 0.16898568],
       [0.        , 0.16906965],
       [0.        , 0.16943532],
       [0.        , 0.16961738],
       [0.        , 0.1698126 ],
       [0.        , 0.17064211],
       [0.        , 0.17205316],
       [0.        , 0.17245153],
       [0.        , 0.17338973],
       [0.        , 0.17343602],
       [0.        , 0.17343682],
       [0.        , 0.17391917],
       [0.        , 0.17404313],
       [0.        , 0.17415577],
       [0.        , 0.17519139],
       [0.        , 0.17523061],
       [0.        , 0.17601864],
       [0.        , 0.17620252],
       [0.        , 0.1763909 ],
       [0.        , 0.17652078],
       [0.        , 0.1771701 ],
       [0.        , 0.17772126],
       [0.        , 0.17826165],
       [0.        , 0.1787502 ],
       [0.        , 0.17943585],
       [0.        , 0.17988297],
       [0.        , 0.18052639],
       [0.        , 0.18112268],
       [0.        , 0.18148348],
       [0.        , 0.18301429],
       [0.        , 0.18360253],
       [0.        , 0.18598868],
       [0.        , 0.18600097],
       [0.        , 0.18697929],
       [0.        , 0.18723069],
       [0.        , 0.18732212],
       [0.        , 0.187692  ],
       [0.        , 0.18819608],
       [0.        , 0.18819618],
       [0.        , 0.188411  ],
       [0.        , 0.18932153],
       [0.        , 0.19014636],
       [0.        , 0.19091107],
       [0.        , 0.19458534],
       [0.        , 0.19697955],
       [0.        , 0.19770649],
       [0.        , 0.2041903 ],
       [0.        , 0.20423901],
       [0.        , 0.21258922],
       [0.        ,        inf]]), array([], shape=(0, 2), dtype=float64)]",False
183,0.21258921921253204,0.002927914261817932,0.16020959432496398,137.0,5.193586601645622,2,0.0020476877689361572,0.0018931478261947632,0.0011011138558387756,1.04,0.25408975515787935,"[array([[0.        , 0.09360617],
       [0.        , 0.09832335],
       [0.        , 0.09884338],
       [0.        , 0.09906363],
       [0.        , 0.10043865],
       [0.        , 0.10528746],
       [0.        , 0.10550635],
       [0.        , 0.10675944],
       [0.        , 0.10707014],
       [0.        , 0.10742414],
       [0.        , 0.10749517],
       [0.        , 0.11030404],
       [0.        , 0.11049966],
       [0.        , 0.11096176],
       [0.        , 0.11111743],
       [0.        , 0.11128757],
       [0.        , 0.11381237],
       [0.        , 0.11515439],
       [0.        , 0.11550342],
       [0.        , 0.11827139],
       [0.        , 0.11963121],
       [0.        , 0.12063984],
       [0.        , 0.12249997],
       [0.        , 0.12311234],
       [0.        , 0.12429306],
       [0.        , 0.12459837],
       [0.        , 0.12479368],
       [0.        , 0.12495349],
       [0.        , 0.12505792],
       [0.        , 0.12636013],
       [0.        , 0.12749763],
       [0.        , 0.12785247],
       [0.        , 0.12944314],
       [0.        , 0.12978062],
       [0.        , 0.13116656],
       [0.        , 0.13152754],
       [0.        , 0.13294122],
       [0.        , 0.13489085],
       [0.        , 0.13768676],
       [0.        , 0.13800381],
       [0.        , 0.13855748],
       [0.        , 0.13920236],
       [0.        , 0.13951378],
       [0.        , 0.14021519],
       [0.        , 0.14023618],
       [0.        , 0.14053106],
       [0.        , 0.14127412],
       [0.        , 0.14156076],
       [0.        , 0.14298554],
       [0.        , 0.14379145],
       [0.        , 0.14408451],
       [0.        , 0.14423384],
       [0.        , 0.14429095],
       [0.        , 0.14628488],
       [0.        , 0.14688501],
       [0.        , 0.1472141 ],
       [0.        , 0.14781834],
       [0.        , 0.14916468],
       [0.        , 0.14985494],
       [0.        , 0.14988698],
       [0.        , 0.15099099],
       [0.        , 0.15198994],
       [0.        , 0.15202692],
       [0.        , 0.15270245],
       [0.        , 0.15284322],
       [0.        , 0.15300994],
       [0.        , 0.15444197],
       [0.        , 0.15460798],
       [0.        , 0.15562631],
       [0.        , 0.15609497],
       [0.        , 0.15677325],
       [0.        , 0.15788783],
       [0.        , 0.15792456],
       [0.        , 0.15817972],
       [0.        , 0.15842032],
       [0.        , 0.1594138 ],
       [0.        , 0.15970288],
       [0.        , 0.15974152],
       [0.        , 0.16015974],
       [0.        , 0.16114537],
       [0.        , 0.16137703],
       [0.        , 0.16141444],
       [0.        , 0.16264668],
       [0.        , 0.1627229 ],
       [0.        , 0.16361871],
       [0.        , 0.16382602],
       [0.        , 0.16402957],
       [0.        , 0.16442262],
       [0.        , 0.16455689],
       [0.        , 0.1648739 ],
       [0.        , 0.16514662],
       [0.        , 0.16560689],
       [0.        , 0.16587099],
       [0.        , 0.16596338],
       [0.        , 0.16618702],
       [0.        , 0.16704108],
       [0.        , 0.16706103],
       [0.        , 0.1673511 ],
       [0.        , 0.16735192],
       [0.        , 0.16755323],
       [0.        , 0.16771924],
       [0.        , 0.16791391],
       [0.        , 0.16805713],
       [0.        , 0.16926283],
       [0.        , 0.17019239],
       [0.        , 0.1704731 ],
       [0.        , 0.17064211],
       [0.        , 0.17117697],
       [0.        , 0.17171068],
       [0.        , 0.17200154],
       [0.        , 0.17241712],
       [0.        , 0.17245153],
       [0.        , 0.17261003],
       [0.        , 0.17301698],
       [0.        , 0.17386469],
       [0.        , 0.17389134],
       [0.        , 0.17393897],
       [0.        , 0.17414646],
       [0.        , 0.17415577],
       [0.        , 0.17527495],
       [0.        , 0.17555675],
       [0.        , 0.17609808],
       [0.        , 0.17670996],
       [0.        , 0.17673552],
       [0.        , 0.17679834],
       [0.        , 0.17697017],
       [0.        , 0.17793956],
       [0.        , 0.1792313 ],
       [0.        , 0.17933482],
       [0.        , 0.1796447 ],
       [0.        , 0.17983069],
       [0.        , 0.18027581],
       [0.        , 0.1802914 ],
       [0.        , 0.18049748],
       [0.        , 0.18053938],
       [0.        , 0.18058112],
       [0.        , 0.18064298],
       [0.        , 0.18067791],
       [0.        , 0.18088552],
       [0.        , 0.18092644],
       [0.        , 0.18257737],
       [0.        , 0.18300372],
       [0.        , 0.18319553],
       [0.        , 0.18325286],
       [0.        , 0.18344094],
       [0.        , 0.18449867],
       [0.        , 0.18544865],
       [0.        , 0.18547486],
       [0.        , 0.18650614],
       [0.        , 0.18724845],
       [0.        , 0.18792628],
       [0.        , 0.188411  ],
       [0.        , 0.18853861],
       [0.        , 0.18918036],
       [0.        , 0.18932153],
       [0.        , 0.18934719],
       [0.        , 0.19015576],
       [0.        , 0.19064644],
       [0.        , 0.19171648],
       [0.        , 0.19184975],
       [0.        , 0.19214723],
       [0.        , 0.19315489],
       [0.        , 0.19346464],
       [0.        , 0.1935171 ],
       [0.        , 0.19372393],
       [0.        , 0.19382997],
       [0.        , 0.19389723],
       [0.        , 0.1941471 ],
       [0.        , 0.19493331],
       [0.        , 0.19558626],
       [0.        , 0.19562306],
       [0.        , 0.19659039],
       [0.        , 0.19670017],
       [0.        , 0.19697544],
       [0.        , 0.19922599],
       [0.        , 0.20014857],
       [0.        , 0.20029715],
       [0.        , 0.20045955],
       [0.        , 0.20307527],
       [0.        , 0.2041903 ],
       [0.        , 0.20423901],
       [0.        , 0.2096613 ],
       [0.        , 0.21258922],
       [0.        ,        inf]]), array([[0.14188319, 0.14203773],
       [0.14154388, 0.14359157]])]",True
194,0.2148885726928711,0.005227267742156982,0.15947015429894948,143.12,5.252105544814054,2,0.00040750205516815186,7.323920726776123e-05,0.00037088245153427124,1.78,0.6882647896394882,"[array([[0.        , 0.09360617],
       [0.        , 0.09832335],
       [0.        , 0.09884338],
       [0.        , 0.09906363],
       [0.        , 0.10043865],
       [0.        , 0.10528746],
       [0.        , 0.10550635],
       [0.        , 0.10675944],
       [0.        , 0.10707014],
       [0.        , 0.10742414],
       [0.        , 0.10749517],
       [0.        , 0.11030404],
       [0.        , 0.11049966],
       [0.        , 0.11096176],
       [0.        , 0.11111743],
       [0.        , 0.11179125],
       [0.        , 0.11381237],
       [0.        , 0.11515439],
       [0.        , 0.11515816],
       [0.        , 0.11539797],
       [0.        , 0.11550342],
       [0.        , 0.11827139],
       [0.        , 0.11891481],
       [0.        , 0.11963121],
       [0.        , 0.12063984],
       [0.        , 0.12297012],
       [0.        , 0.12311234],
       [0.        , 0.12342139],
       [0.        , 0.12429306],
       [0.        , 0.12432688],
       [0.        , 0.12459837],
       [0.        , 0.12495349],
       [0.        , 0.12639005],
       [0.        , 0.12749763],
       [0.        , 0.12785247],
       [0.        , 0.12944314],
       [0.        , 0.12978062],
       [0.        , 0.13088767],
       [0.        , 0.13116656],
       [0.        , 0.13127898],
       [0.        , 0.13152754],
       [0.        , 0.13399781],
       [0.        , 0.13405374],
       [0.        , 0.13489085],
       [0.        , 0.1351454 ],
       [0.        , 0.13951378],
       [0.        , 0.13986042],
       [0.        , 0.14053106],
       [0.        , 0.1423419 ],
       [0.        , 0.14298554],
       [0.        , 0.14299229],
       [0.        , 0.14379145],
       [0.        , 0.14408451],
       [0.        , 0.14418115],
       [0.        , 0.14423384],
       [0.        , 0.14425278],
       [0.        , 0.14511485],
       [0.        , 0.14628488],
       [0.        , 0.14688501],
       [0.        , 0.14689629],
       [0.        , 0.1472141 ],
       [0.        , 0.14750181],
       [0.        , 0.14781834],
       [0.        , 0.14814167],
       [0.        , 0.14988698],
       [0.        , 0.15076526],
       [0.        , 0.15099099],
       [0.        , 0.15126131],
       [0.        , 0.15270245],
       [0.        , 0.15300994],
       [0.        , 0.15363316],
       [0.        , 0.15444197],
       [0.        , 0.15448652],
       [0.        , 0.1551968 ],
       [0.        , 0.15609497],
       [0.        , 0.15677325],
       [0.        , 0.15722938],
       [0.        , 0.15788783],
       [0.        , 0.15792456],
       [0.        , 0.15851125],
       [0.        , 0.1594138 ],
       [0.        , 0.15970288],
       [0.        , 0.15974152],
       [0.        , 0.1602848 ],
       [0.        , 0.16114537],
       [0.        , 0.16137703],
       [0.        , 0.16141444],
       [0.        , 0.16264668],
       [0.        , 0.16361871],
       [0.        , 0.16382602],
       [0.        , 0.16402957],
       [0.        , 0.16442262],
       [0.        , 0.16455689],
       [0.        , 0.1648739 ],
       [0.        , 0.16514662],
       [0.        , 0.16554916],
       [0.        , 0.16555089],
       [0.        , 0.16560689],
       [0.        , 0.16587099],
       [0.        , 0.16596338],
       [0.        , 0.16618702],
       [0.        , 0.16699606],
       [0.        , 0.16702969],
       [0.        , 0.16706103],
       [0.        , 0.16715761],
       [0.        , 0.16735192],
       [0.        , 0.16771924],
       [0.        , 0.16785429],
       [0.        , 0.16844131],
       [0.        , 0.16913593],
       [0.        , 0.16926283],
       [0.        , 0.1704731 ],
       [0.        , 0.17072967],
       [0.        , 0.17116816],
       [0.        , 0.17117697],
       [0.        , 0.17165674],
       [0.        , 0.17171068],
       [0.        , 0.17200154],
       [0.        , 0.17241712],
       [0.        , 0.17249997],
       [0.        , 0.17257597],
       [0.        , 0.17261003],
       [0.        , 0.1727511 ],
       [0.        , 0.17319575],
       [0.        , 0.17379877],
       [0.        , 0.17393897],
       [0.        , 0.17414646],
       [0.        , 0.17555675],
       [0.        , 0.17562701],
       [0.        , 0.17577186],
       [0.        , 0.17609808],
       [0.        , 0.17642689],
       [0.        , 0.17670996],
       [0.        , 0.17673552],
       [0.        , 0.17679834],
       [0.        , 0.17697017],
       [0.        , 0.17772126],
       [0.        , 0.17793956],
       [0.        , 0.17880572],
       [0.        , 0.1792313 ],
       [0.        , 0.17933482],
       [0.        , 0.1796447 ],
       [0.        , 0.17983069],
       [0.        , 0.17999636],
       [0.        , 0.18053938],
       [0.        , 0.18058112],
       [0.        , 0.18064298],
       [0.        , 0.18067791],
       [0.        , 0.18088552],
       [0.        , 0.18092644],
       [0.        , 0.18205087],
       [0.        , 0.18257737],
       [0.        , 0.18300372],
       [0.        , 0.18319553],
       [0.        , 0.18325286],
       [0.        , 0.18344094],
       [0.        , 0.18363778],
       [0.        , 0.183946  ],
       [0.        , 0.18449867],
       [0.        , 0.1845738 ],
       [0.        , 0.18539907],
       [0.        , 0.18544865],
       [0.        , 0.18687756],
       [0.        , 0.18724845],
       [0.        , 0.18747155],
       [0.        , 0.18792628],
       [0.        , 0.18814571],
       [0.        , 0.18853861],
       [0.        , 0.18915944],
       [0.        , 0.18918036],
       [0.        , 0.18934719],
       [0.        , 0.19015576],
       [0.        , 0.19064644],
       [0.        , 0.1908669 ],
       [0.        , 0.19171648],
       [0.        , 0.19214723],
       [0.        , 0.19325803],
       [0.        , 0.1935171 ],
       [0.        , 0.19372393],
       [0.        , 0.19378611],
       [0.        , 0.1941471 ],
       [0.        , 0.19493331],
       [0.        , 0.19562306],
       [0.        , 0.19659039],
       [0.        , 0.19697544],
       [0.        , 0.19922599],
       [0.        , 0.20014857],
       [0.        , 0.20029715],
       [0.        , 0.20045955],
       [0.        , 0.20307527],
       [0.        , 0.20386396],
       [0.        , 0.20535342],
       [0.        , 0.2096613 ],
       [0.        , 0.21488857],
       [0.        ,        inf]]), array([[0.14351302, 0.14384729],
       [0.14343978, 0.14384729]])]",True
60,0.19912052154541016,0.0065100789070129395,0.15020348864297073,44.98,4.073738506510027,0,0.0,0.0,0.0,0.0,0.0,"[array([[0.        , 0.09360617],
       [0.        , 0.09523675],
       [0.        , 0.10043865],
       [0.        , 0.10550635],
       [0.        , 0.10560107],
       [0.        , 0.10707014],
       [0.        , 0.10936148],
       [0.        , 0.11030404],
       [0.        , 0.11090633],
       [0.        , 0.11096176],
       [0.        , 0.1135994 ],
       [0.        , 0.11515439],
       [0.        , 0.11922177],
       [0.        , 0.11963121],
       [0.        , 0.12342139],
       [0.        , 0.12420486],
       [0.        , 0.12459837],
       [0.        , 0.12530892],
       [0.        , 0.12554002],
       [0.        , 0.12955657],
       [0.        , 0.12978062],
       [0.        , 0.13489085],
       [0.        , 0.13968487],
       [0.        , 0.14229815],
       [0.        , 0.14251722],
       [0.        , 0.14781834],
       [0.        , 0.14802657],
       [0.        , 0.14845026],
       [0.        , 0.14947902],
       [0.        , 0.15126131],
       [0.        , 0.15625608],
       [0.        , 0.16416852],
       [0.        , 0.16512774],
       [0.        , 0.16515495],
       [0.        , 0.16788711],
       [0.        , 0.16789477],
       [0.        , 0.17020082],
       [0.        , 0.17080063],
       [0.        , 0.17085977],
       [0.        , 0.17214151],
       [0.        , 0.17223527],
       [0.        , 0.17298861],
       [0.        , 0.17344588],
       [0.        , 0.17468522],
       [0.        , 0.1761857 ],
       [0.        , 0.17652078],
       [0.        , 0.17662632],
       [0.        , 0.17868051],
       [0.        , 0.17933077],
       [0.        , 0.17978874],
       [0.        , 0.18232216],
       [0.        , 0.18295604],
       [0.        , 0.18301429],
       [0.        , 0.18433362],
       [0.        , 0.18558678],
       [0.        , 0.1873329 ],
       [0.        , 0.18819608],
       [0.        , 0.19231996],
       [0.        , 0.19261044],
       [0.        , 0.19912052],
       [0.        ,        inf]]), array([], shape=(0, 2), dtype=float64)]",True
130,0.19770649075508118,0.0007269382476806641,0.1538004121528222,100.4,4.852119994189116,1,0.00040750205516815186,0.00040750205516815186,0.00040750205516815186,0.98,-0.0,"[array([[0.        , 0.09360617],
       [0.        , 0.09832335],
       [0.        , 0.09906363],
       [0.        , 0.10043865],
       [0.        , 0.10550635],
       [0.        , 0.10560107],
       [0.        , 0.10707014],
       [0.        , 0.10742414],
       [0.        , 0.10749517],
       [0.        , 0.10936148],
       [0.        , 0.11030404],
       [0.        , 0.11096176],
       [0.        , 0.11128757],
       [0.        , 0.11179125],
       [0.        , 0.11355491],
       [0.        , 0.11381237],
       [0.        , 0.11387531],
       [0.        , 0.11432597],
       [0.        , 0.11515439],
       [0.        , 0.11515816],
       [0.        , 0.11827139],
       [0.        , 0.1183588 ],
       [0.        , 0.11899885],
       [0.        , 0.11963121],
       [0.        , 0.12432688],
       [0.        , 0.12459837],
       [0.        , 0.12495349],
       [0.        , 0.12530892],
       [0.        , 0.12749763],
       [0.        , 0.12971132],
       [0.        , 0.12978062],
       [0.        , 0.13380259],
       [0.        , 0.13380964],
       [0.        , 0.13489085],
       [0.        , 0.13658053],
       [0.        , 0.13701032],
       [0.        , 0.13718624],
       [0.        , 0.13738295],
       [0.        , 0.14019492],
       [0.        , 0.14023618],
       [0.        , 0.14042537],
       [0.        , 0.14160265],
       [0.        , 0.14229178],
       [0.        , 0.14299229],
       [0.        , 0.14947902],
       [0.        , 0.15094049],
       [0.        , 0.15099099],
       [0.        , 0.1531318 ],
       [0.        , 0.15329392],
       [0.        , 0.1535272 ],
       [0.        , 0.15448652],
       [0.        , 0.15506949],
       [0.        , 0.15516536],
       [0.        , 0.1551968 ],
       [0.        , 0.15600853],
       [0.        , 0.15706147],
       [0.        , 0.15777206],
       [0.        , 0.15792456],
       [0.        , 0.15805763],
       [0.        , 0.15817972],
       [0.        , 0.15849808],
       [0.        , 0.15851125],
       [0.        , 0.158572  ],
       [0.        , 0.15937117],
       [0.        , 0.1602848 ],
       [0.        , 0.16120481],
       [0.        , 0.16197702],
       [0.        , 0.16300662],
       [0.        , 0.16439956],
       [0.        , 0.16480264],
       [0.        , 0.16555089],
       [0.        , 0.16587099],
       [0.        , 0.16656803],
       [0.        , 0.16687484],
       [0.        , 0.16729961],
       [0.        , 0.16788711],
       [0.        , 0.16790622],
       [0.        , 0.16845967],
       [0.        , 0.16852736],
       [0.        , 0.16853108],
       [0.        , 0.1688811 ],
       [0.        , 0.16904503],
       [0.        , 0.16906965],
       [0.        , 0.16912337],
       [0.        , 0.16913593],
       [0.        , 0.16943532],
       [0.        , 0.16961738],
       [0.        , 0.1698126 ],
       [0.        , 0.16986987],
       [0.        , 0.17167817],
       [0.        , 0.17173736],
       [0.        , 0.17205316],
       [0.        , 0.17237373],
       [0.        , 0.17245153],
       [0.        , 0.17290638],
       [0.        , 0.17303352],
       [0.        , 0.17343602],
       [0.        , 0.17343682],
       [0.        , 0.17391917],
       [0.        , 0.17443246],
       [0.        , 0.17519139],
       [0.        , 0.17553587],
       [0.        , 0.17601864],
       [0.        , 0.17652078],
       [0.        , 0.1771701 ],
       [0.        , 0.17772126],
       [0.        , 0.17826165],
       [0.        , 0.17868009],
       [0.        , 0.1787502 ],
       [0.        , 0.17914008],
       [0.        , 0.17924394],
       [0.        , 0.17943585],
       [0.        , 0.17988297],
       [0.        , 0.18029951],
       [0.        , 0.18052639],
       [0.        , 0.18112268],
       [0.        , 0.18148348],
       [0.        , 0.18301429],
       [0.        , 0.18360253],
       [0.        , 0.18432678],
       [0.        , 0.18598868],
       [0.        , 0.18697929],
       [0.        , 0.18723069],
       [0.        , 0.18732212],
       [0.        , 0.187692  ],
       [0.        , 0.18819608],
       [0.        , 0.18932153],
       [0.        , 0.19091107],
       [0.        , 0.19697955],
       [0.        , 0.19770649],
       [0.        ,        inf]]), array([[0.14343978, 0.14384729]])]",False
184,0.21484218537807465,0.005180880427360535,0.1606382116999315,136.64,5.199153529840646,0,0.0,0.0,0.0,0.0,0.0,"[array([[0.        , 0.09360617],
       [0.        , 0.0976526 ],
       [0.        , 0.09832335],
       [0.        , 0.09906363],
       [0.        , 0.10043865],
       [0.        , 0.10528746],
       [0.        , 0.10550635],
       [0.        , 0.10675944],
       [0.        , 0.10707014],
       [0.        , 0.10742414],
       [0.        , 0.10749517],
       [0.        , 0.10911847],
       [0.        , 0.10936148],
       [0.        , 0.11030404],
       [0.        , 0.11049966],
       [0.        , 0.11096176],
       [0.        , 0.11381237],
       [0.        , 0.11515439],
       [0.        , 0.11515816],
       [0.        , 0.11550342],
       [0.        , 0.11827139],
       [0.        , 0.11963121],
       [0.        , 0.11975158],
       [0.        , 0.12063984],
       [0.        , 0.12311234],
       [0.        , 0.12342139],
       [0.        , 0.12429306],
       [0.        , 0.12459837],
       [0.        , 0.12495349],
       [0.        , 0.12505792],
       [0.        , 0.12521386],
       [0.        , 0.12530892],
       [0.        , 0.12639005],
       [0.        , 0.12749763],
       [0.        , 0.12919943],
       [0.        , 0.12944314],
       [0.        , 0.12978062],
       [0.        , 0.13116656],
       [0.        , 0.13152754],
       [0.        , 0.13280834],
       [0.        , 0.13489085],
       [0.        , 0.13951378],
       [0.        , 0.14053106],
       [0.        , 0.14354934],
       [0.        , 0.14379145],
       [0.        , 0.14408451],
       [0.        , 0.14423384],
       [0.        , 0.14451998],
       [0.        , 0.14613606],
       [0.        , 0.14625874],
       [0.        , 0.14628488],
       [0.        , 0.14688501],
       [0.        , 0.1472141 ],
       [0.        , 0.14781834],
       [0.        , 0.14947902],
       [0.        , 0.15099099],
       [0.        , 0.15231015],
       [0.        , 0.15270245],
       [0.        , 0.15444197],
       [0.        , 0.15460798],
       [0.        , 0.15463181],
       [0.        , 0.15477915],
       [0.        , 0.1551968 ],
       [0.        , 0.15525328],
       [0.        , 0.15562631],
       [0.        , 0.15609497],
       [0.        , 0.15677325],
       [0.        , 0.15788783],
       [0.        , 0.15792456],
       [0.        , 0.1594138 ],
       [0.        , 0.15970288],
       [0.        , 0.15974152],
       [0.        , 0.15996528],
       [0.        , 0.16051939],
       [0.        , 0.16114537],
       [0.        , 0.16137703],
       [0.        , 0.16141444],
       [0.        , 0.16232932],
       [0.        , 0.16264668],
       [0.        , 0.16361871],
       [0.        , 0.16382602],
       [0.        , 0.16402957],
       [0.        , 0.16442262],
       [0.        , 0.16455689],
       [0.        , 0.1648739 ],
       [0.        , 0.16514662],
       [0.        , 0.16560689],
       [0.        , 0.16587099],
       [0.        , 0.16596338],
       [0.        , 0.16618702],
       [0.        , 0.16706103],
       [0.        , 0.16735192],
       [0.        , 0.16771924],
       [0.        , 0.16785429],
       [0.        , 0.16821618],
       [0.        , 0.16855586],
       [0.        , 0.16917083],
       [0.        , 0.16926283],
       [0.        , 0.17018333],
       [0.        , 0.17031419],
       [0.        , 0.17036907],
       [0.        , 0.1704731 ],
       [0.        , 0.17062874],
       [0.        , 0.17071666],
       [0.        , 0.17117697],
       [0.        , 0.17171068],
       [0.        , 0.17200154],
       [0.        , 0.17241712],
       [0.        , 0.17261003],
       [0.        , 0.17303352],
       [0.        , 0.17393897],
       [0.        , 0.17414646],
       [0.        , 0.17423031],
       [0.        , 0.17464054],
       [0.        , 0.17555675],
       [0.        , 0.1760515 ],
       [0.        , 0.17609808],
       [0.        , 0.17620622],
       [0.        , 0.17639689],
       [0.        , 0.17654744],
       [0.        , 0.17670996],
       [0.        , 0.17673552],
       [0.        , 0.17679834],
       [0.        , 0.17697017],
       [0.        , 0.17707853],
       [0.        , 0.17772126],
       [0.        , 0.17793956],
       [0.        , 0.1792313 ],
       [0.        , 0.17926577],
       [0.        , 0.17933482],
       [0.        , 0.1796447 ],
       [0.        , 0.17964613],
       [0.        , 0.17983069],
       [0.        , 0.18012418],
       [0.        , 0.18053938],
       [0.        , 0.18058112],
       [0.        , 0.18064298],
       [0.        , 0.18067791],
       [0.        , 0.18088552],
       [0.        , 0.18092644],
       [0.        , 0.18257737],
       [0.        , 0.18258236],
       [0.        , 0.18278807],
       [0.        , 0.18300372],
       [0.        , 0.18319553],
       [0.        , 0.18325286],
       [0.        , 0.18344094],
       [0.        , 0.18368934],
       [0.        , 0.18372117],
       [0.        , 0.18449867],
       [0.        , 0.18544865],
       [0.        , 0.18628478],
       [0.        , 0.18650614],
       [0.        , 0.18686467],
       [0.        , 0.18724845],
       [0.        , 0.18765415],
       [0.        , 0.18792628],
       [0.        , 0.18819608],
       [0.        , 0.18848243],
       [0.        , 0.18853861],
       [0.        , 0.18918036],
       [0.        , 0.18934719],
       [0.        , 0.19015576],
       [0.        , 0.19056937],
       [0.        , 0.19064644],
       [0.        , 0.19171648],
       [0.        , 0.19180711],
       [0.        , 0.19208652],
       [0.        , 0.1935171 ],
       [0.        , 0.19372393],
       [0.        , 0.1941471 ],
       [0.        , 0.19459036],
       [0.        , 0.19493331],
       [0.        , 0.19562306],
       [0.        , 0.19659039],
       [0.        , 0.19664277],
       [0.        , 0.19697544],
       [0.        , 0.19876459],
       [0.        , 0.19922599],
       [0.        , 0.20014857],
       [0.        , 0.20029715],
       [0.        , 0.20307527],
       [0.        , 0.2096613 ],
       [0.        , 0.21484219],
       [0.        ,        inf]]), array([], shape=(0, 2), dtype=float64)]",True
66,0.21373605728149414,0.00751650333404541,0.1524695260732463,46.86,4.1683424350622005,1,0.00040750205516815186,0.00040750205516815186,0.00040750205516815186,0.98,-0.0,"[array([[0.        , 0.09360617],
       [0.        , 0.10043865],
       [0.        , 0.10550635],
       [0.        , 0.10560107],
       [0.        , 0.10707014],
       [0.        , 0.10742414],
       [0.        , 0.10749517],
       [0.        , 0.10936148],
       [0.        , 0.11030404],
       [0.        , 0.11096176],
       [0.        , 0.11189751],
       [0.        , 0.11432597],
       [0.        , 0.11963121],
       [0.        , 0.12014517],
       [0.        , 0.12420486],
       [0.        , 0.12429306],
       [0.        , 0.12432688],
       [0.        , 0.12459837],
       [0.        , 0.12495349],
       [0.        , 0.12530892],
       [0.        , 0.12562174],
       [0.        , 0.12971132],
       [0.        , 0.12978062],
       [0.        , 0.13489085],
       [0.        , 0.14023618],
       [0.        , 0.14126021],
       [0.        , 0.14529756],
       [0.        , 0.14570744],
       [0.        , 0.14845026],
       [0.        , 0.14947902],
       [0.        , 0.15617242],
       [0.        , 0.15704027],
       [0.        , 0.15851125],
       [0.        , 0.1591834 ],
       [0.        , 0.1627229 ],
       [0.        , 0.16545975],
       [0.        , 0.16677859],
       [0.        , 0.16715761],
       [0.        , 0.16760164],
       [0.        , 0.1690668 ],
       [0.        , 0.17061369],
       [0.        , 0.17158352],
       [0.        , 0.17188156],
       [0.        , 0.17223527],
       [0.        , 0.1723523 ],
       [0.        , 0.17343682],
       [0.        , 0.17363678],
       [0.        , 0.17514545],
       [0.        , 0.17737651],
       [0.        , 0.17772126],
       [0.        , 0.17794418],
       [0.        , 0.17887442],
       [0.        , 0.17971975],
       [0.        , 0.18301429],
       [0.        , 0.18352361],
       [0.        , 0.18386763],
       [0.        , 0.18547444],
       [0.        , 0.18814571],
       [0.        , 0.18819608],
       [0.        , 0.18868688],
       [0.        , 0.19058572],
       [0.        , 0.1935171 ],
       [0.        , 0.19625527],
       [0.        , 0.19766064],
       [0.        , 0.20621955],
       [0.        , 0.21373606],
       [0.        ,        inf]]), array([[0.14343978, 0.14384729]])]",True
122,0.2040708214044571,0.0063643306493759155,0.15622149242973718,92.76,4.788679070092976,1,0.0024173855781555176,0.0024173855781555176,0.0024173855781555176,0.98,-0.0,"[array([[0.        , 0.09360617],
       [0.        , 0.09832335],
       [0.        , 0.09884338],
       [0.        , 0.09906363],
       [0.        , 0.10043865],
       [0.        , 0.10550635],
       [0.        , 0.10707014],
       [0.        , 0.10749517],
       [0.        , 0.10936148],
       [0.        , 0.11030404],
       [0.        , 0.11096176],
       [0.        , 0.1121757 ],
       [0.        , 0.11827139],
       [0.        , 0.11899885],
       [0.        , 0.11963121],
       [0.        , 0.12065811],
       [0.        , 0.12072835],
       [0.        , 0.12249997],
       [0.        , 0.12432688],
       [0.        , 0.12459837],
       [0.        , 0.12495349],
       [0.        , 0.12530892],
       [0.        , 0.12749763],
       [0.        , 0.12971132],
       [0.        , 0.12978062],
       [0.        , 0.13043648],
       [0.        , 0.13054857],
       [0.        , 0.13128637],
       [0.        , 0.1313933 ],
       [0.        , 0.13280834],
       [0.        , 0.13336942],
       [0.        , 0.13489085],
       [0.        , 0.13658053],
       [0.        , 0.13701032],
       [0.        , 0.13738295],
       [0.        , 0.13968487],
       [0.        , 0.14023618],
       [0.        , 0.14032601],
       [0.        , 0.14160265],
       [0.        , 0.14299229],
       [0.        , 0.14425278],
       [0.        , 0.14628488],
       [0.        , 0.14814167],
       [0.        , 0.15008543],
       [0.        , 0.15099099],
       [0.        , 0.15329392],
       [0.        , 0.1535272 ],
       [0.        , 0.15577227],
       [0.        , 0.15631464],
       [0.        , 0.15851125],
       [0.        , 0.15906753],
       [0.        , 0.15937117],
       [0.        , 0.15970288],
       [0.        , 0.16026869],
       [0.        , 0.1602848 ],
       [0.        , 0.16300662],
       [0.        , 0.16396929],
       [0.        , 0.16439956],
       [0.        , 0.16480264],
       [0.        , 0.16514662],
       [0.        , 0.1654111 ],
       [0.        , 0.1656445 ],
       [0.        , 0.16587099],
       [0.        , 0.16656803],
       [0.        , 0.16687484],
       [0.        , 0.16693194],
       [0.        , 0.16788711],
       [0.        , 0.16845967],
       [0.        , 0.16852736],
       [0.        , 0.16885361],
       [0.        , 0.16906965],
       [0.        , 0.16943532],
       [0.        , 0.16961738],
       [0.        , 0.1698126 ],
       [0.        , 0.17014983],
       [0.        , 0.17019239],
       [0.        , 0.17116538],
       [0.        , 0.17176197],
       [0.        , 0.17185244],
       [0.        , 0.17205316],
       [0.        , 0.17224319],
       [0.        , 0.17298861],
       [0.        , 0.17343602],
       [0.        , 0.17343682],
       [0.        , 0.17348525],
       [0.        , 0.17349188],
       [0.        , 0.17391917],
       [0.        , 0.17519139],
       [0.        , 0.17567964],
       [0.        , 0.17601864],
       [0.        , 0.17611749],
       [0.        , 0.17646983],
       [0.        , 0.17652078],
       [0.        , 0.1771701 ],
       [0.        , 0.17826165],
       [0.        , 0.1787502 ],
       [0.        , 0.17911251],
       [0.        , 0.17923388],
       [0.        , 0.17943585],
       [0.        , 0.17988297],
       [0.        , 0.18027581],
       [0.        , 0.18052639],
       [0.        , 0.18112268],
       [0.        , 0.18148348],
       [0.        , 0.18230294],
       [0.        , 0.18301429],
       [0.        , 0.18360253],
       [0.        , 0.1846116 ],
       [0.        , 0.18462716],
       [0.        , 0.18486804],
       [0.        , 0.18598868],
       [0.        , 0.18697929],
       [0.        , 0.18723069],
       [0.        , 0.18732212],
       [0.        , 0.187692  ],
       [0.        , 0.18819608],
       [0.        , 0.18865125],
       [0.        , 0.19091107],
       [0.        , 0.19601506],
       [0.        , 0.19697955],
       [0.        , 0.19770649],
       [0.        , 0.20407082],
       [0.        ,        inf]]), array([[0.1414299 , 0.14384729]])]",True
146,0.2088741511106491,0.004803329706192017,0.15393907683965277,106.86,4.965034316065191,3,0.004788532853126526,0.0007827281951904297,0.003067279855410258,0.76,0.8399911572497333,"[array([[0.        , 0.09360617],
       [0.        , 0.09600542],
       [0.        , 0.0976526 ],
       [0.        , 0.09832335],
       [0.        , 0.09884338],
       [0.        , 0.09906363],
       [0.        , 0.09909354],
       [0.        , 0.10043865],
       [0.        , 0.10528746],
       [0.        , 0.10550635],
       [0.        , 0.10560107],
       [0.        , 0.10707014],
       [0.        , 0.10742414],
       [0.        , 0.10749517],
       [0.        , 0.10936148],
       [0.        , 0.11030404],
       [0.        , 0.11049966],
       [0.        , 0.11096176],
       [0.        , 0.1121757 ],
       [0.        , 0.11355285],
       [0.        , 0.11381237],
       [0.        , 0.11515439],
       [0.        , 0.11796841],
       [0.        , 0.11827139],
       [0.        , 0.11891481],
       [0.        , 0.11963121],
       [0.        , 0.11975511],
       [0.        , 0.12001807],
       [0.        , 0.12072835],
       [0.        , 0.12267849],
       [0.        , 0.12432688],
       [0.        , 0.12459837],
       [0.        , 0.12495349],
       [0.        , 0.12530892],
       [0.        , 0.12562174],
       [0.        , 0.12696232],
       [0.        , 0.12699746],
       [0.        , 0.12951072],
       [0.        , 0.12971132],
       [0.        , 0.12978062],
       [0.        , 0.13054857],
       [0.        , 0.13128637],
       [0.        , 0.13280834],
       [0.        , 0.13294122],
       [0.        , 0.1351454 ],
       [0.        , 0.13559386],
       [0.        , 0.13815624],
       [0.        , 0.13949561],
       [0.        , 0.14023618],
       [0.        , 0.14299229],
       [0.        , 0.14451998],
       [0.        , 0.14507952],
       [0.        , 0.1460835 ],
       [0.        , 0.14628488],
       [0.        , 0.14790583],
       [0.        , 0.14814167],
       [0.        , 0.15099099],
       [0.        , 0.1513107 ],
       [0.        , 0.15329392],
       [0.        , 0.1535272 ],
       [0.        , 0.15577227],
       [0.        , 0.15625608],
       [0.        , 0.15851125],
       [0.        , 0.15869491],
       [0.        , 0.15906753],
       [0.        , 0.1591834 ],
       [0.        , 0.15970288],
       [0.        , 0.16023254],
       [0.        , 0.16026869],
       [0.        , 0.1602848 ],
       [0.        , 0.16300662],
       [0.        , 0.16396929],
       [0.        , 0.16427548],
       [0.        , 0.16439956],
       [0.        , 0.16480264],
       [0.        , 0.16587099],
       [0.        , 0.16616978],
       [0.        , 0.16656803],
       [0.        , 0.16687484],
       [0.        , 0.16729961],
       [0.        , 0.16788711],
       [0.        , 0.16845967],
       [0.        , 0.16852736],
       [0.        , 0.16885428],
       [0.        , 0.16906965],
       [0.        , 0.16943532],
       [0.        , 0.16961738],
       [0.        , 0.16962318],
       [0.        , 0.16965519],
       [0.        , 0.1698126 ],
       [0.        , 0.17092055],
       [0.        , 0.17147404],
       [0.        , 0.17176197],
       [0.        , 0.17185244],
       [0.        , 0.17205316],
       [0.        , 0.17217632],
       [0.        , 0.17312232],
       [0.        , 0.17343602],
       [0.        , 0.17343682],
       [0.        , 0.17349188],
       [0.        , 0.17350496],
       [0.        , 0.17391917],
       [0.        , 0.17455384],
       [0.        , 0.1750218 ],
       [0.        , 0.17519139],
       [0.        , 0.17567964],
       [0.        , 0.17601864],
       [0.        , 0.17611749],
       [0.        , 0.17652078],
       [0.        , 0.1771701 ],
       [0.        , 0.17750143],
       [0.        , 0.17772126],
       [0.        , 0.17790416],
       [0.        , 0.17826165],
       [0.        , 0.17841154],
       [0.        , 0.17854553],
       [0.        , 0.1787502 ],
       [0.        , 0.17911251],
       [0.        , 0.17924394],
       [0.        , 0.17943585],
       [0.        , 0.17988297],
       [0.        , 0.1804873 ],
       [0.        , 0.18102501],
       [0.        , 0.18112268],
       [0.        , 0.18148348],
       [0.        , 0.1820454 ],
       [0.        , 0.18239807],
       [0.        , 0.18257737],
       [0.        , 0.18258092],
       [0.        , 0.18360253],
       [0.        , 0.18486804],
       [0.        , 0.18487521],
       [0.        , 0.18598868],
       [0.        , 0.18697929],
       [0.        , 0.18723069],
       [0.        , 0.18732212],
       [0.        , 0.18819608],
       [0.        , 0.18978059],
       [0.        , 0.19048858],
       [0.        , 0.19091107],
       [0.        , 0.19119829],
       [0.        , 0.19697955],
       [0.        , 0.19770649],
       [0.        , 0.19865224],
       [0.        , 0.20407082],
       [0.        , 0.20887415],
       [0.        ,        inf]]), array([[0.14343978, 0.14384729],
       [0.14229178, 0.14708032],
       [0.13489085, 0.13889666]])]",False
131,0.19784626364707947,0.0021750032901763916,0.15149614294521682,99.78,4.854576816119033,1,0.0034260302782058716,0.0034260302782058716,0.0034260302782058716,0.98,-0.0,"[array([[0.        , 0.08339889],
       [0.        , 0.09028479],
       [0.        , 0.09360617],
       [0.        , 0.09465762],
       [0.        , 0.09523675],
       [0.        , 0.09832335],
       [0.        , 0.09906363],
       [0.        , 0.10043865],
       [0.        , 0.10304289],
       [0.        , 0.10502084],
       [0.        , 0.10550635],
       [0.        , 0.10560107],
       [0.        , 0.10675944],
       [0.        , 0.10707014],
       [0.        , 0.10742414],
       [0.        , 0.10749517],
       [0.        , 0.1091096 ],
       [0.        , 0.10936148],
       [0.        , 0.11030404],
       [0.        , 0.11049966],
       [0.        , 0.11096176],
       [0.        , 0.11355285],
       [0.        , 0.1135994 ],
       [0.        , 0.11381237],
       [0.        , 0.11432597],
       [0.        , 0.11515439],
       [0.        , 0.11529572],
       [0.        , 0.11628278],
       [0.        , 0.11963121],
       [0.        , 0.11963307],
       [0.        , 0.12140132],
       [0.        , 0.12196708],
       [0.        , 0.12459837],
       [0.        , 0.12495349],
       [0.        , 0.12505792],
       [0.        , 0.12530892],
       [0.        , 0.12554002],
       [0.        , 0.12696232],
       [0.        , 0.12978062],
       [0.        , 0.13280834],
       [0.        , 0.13367438],
       [0.        , 0.13609703],
       [0.        , 0.13776323],
       [0.        , 0.1406824 ],
       [0.        , 0.14290868],
       [0.        , 0.14341918],
       [0.        , 0.14379145],
       [0.        , 0.14451441],
       [0.        , 0.14570592],
       [0.        , 0.14605087],
       [0.        , 0.14634326],
       [0.        , 0.14947902],
       [0.        , 0.14977103],
       [0.        , 0.1501243 ],
       [0.        , 0.15022378],
       [0.        , 0.15161553],
       [0.        , 0.15554924],
       [0.        , 0.1561415 ],
       [0.        , 0.15623982],
       [0.        , 0.15761791],
       [0.        , 0.15799522],
       [0.        , 0.15817972],
       [0.        , 0.15851571],
       [0.        , 0.1588219 ],
       [0.        , 0.15940003],
       [0.        , 0.15985009],
       [0.        , 0.16141444],
       [0.        , 0.16187392],
       [0.        , 0.16337302],
       [0.        , 0.16446967],
       [0.        , 0.16461504],
       [0.        , 0.16537693],
       [0.        , 0.16551818],
       [0.        , 0.1656647 ],
       [0.        , 0.16625088],
       [0.        , 0.16628234],
       [0.        , 0.16760664],
       [0.        , 0.16763106],
       [0.        , 0.16855586],
       [0.        , 0.17034303],
       [0.        , 0.1705555 ],
       [0.        , 0.17088014],
       [0.        , 0.17116538],
       [0.        , 0.17169099],
       [0.        , 0.17194411],
       [0.        , 0.17205173],
       [0.        , 0.17221704],
       [0.        , 0.17239882],
       [0.        , 0.17245153],
       [0.        , 0.17258488],
       [0.        , 0.17274521],
       [0.        , 0.17283304],
       [0.        , 0.17284001],
       [0.        , 0.17298861],
       [0.        , 0.17368105],
       [0.        , 0.17385608],
       [0.        , 0.17491284],
       [0.        , 0.17556645],
       [0.        , 0.17746645],
       [0.        , 0.17779347],
       [0.        , 0.17784114],
       [0.        , 0.1779038 ],
       [0.        , 0.17794302],
       [0.        , 0.17961924],
       [0.        , 0.17989959],
       [0.        , 0.18027921],
       [0.        , 0.18042512],
       [0.        , 0.18042892],
       [0.        , 0.18102501],
       [0.        , 0.18224682],
       [0.        , 0.18247092],
       [0.        , 0.18288396],
       [0.        , 0.18291011],
       [0.        , 0.18301429],
       [0.        , 0.18345173],
       [0.        , 0.18363857],
       [0.        , 0.18448927],
       [0.        , 0.18472874],
       [0.        , 0.18577565],
       [0.        , 0.18583475],
       [0.        , 0.18590988],
       [0.        , 0.18663284],
       [0.        , 0.18710583],
       [0.        , 0.18723069],
       [0.        , 0.18789251],
       [0.        , 0.18798214],
       [0.        , 0.18819608],
       [0.        , 0.18932153],
       [0.        , 0.19048858],
       [0.        , 0.19567126],
       [0.        , 0.19784626],
       [0.        ,        inf]]), array([[0.13489085, 0.13831688]])]",True
100,0.19710615277290344,0.0014348924160003662,0.15448310889303685,77.78,4.585502147442214,1,0.0021634697914123535,0.0021634697914123535,0.0021634697914123535,0.98,-0.0,"[array([[0.        , 0.09360617],
       [0.        , 0.0976526 ],
       [0.        , 0.09832335],
       [0.        , 0.09884338],
       [0.        , 0.09906363],
       [0.        , 0.10043865],
       [0.        , 0.10550635],
       [0.        , 0.10560107],
       [0.        , 0.10707014],
       [0.        , 0.10742414],
       [0.        , 0.10749517],
       [0.        , 0.10911847],
       [0.        , 0.10936148],
       [0.        , 0.11030404],
       [0.        , 0.11096176],
       [0.        , 0.11381237],
       [0.        , 0.11515439],
       [0.        , 0.11515816],
       [0.        , 0.11638244],
       [0.        , 0.11963121],
       [0.        , 0.12110982],
       [0.        , 0.12459837],
       [0.        , 0.12495349],
       [0.        , 0.12505792],
       [0.        , 0.12530892],
       [0.        , 0.12627082],
       [0.        , 0.12938726],
       [0.        , 0.12978062],
       [0.        , 0.13116656],
       [0.        , 0.1330281 ],
       [0.        , 0.13489085],
       [0.        , 0.14290868],
       [0.        , 0.14354934],
       [0.        , 0.14379145],
       [0.        , 0.14451998],
       [0.        , 0.14679109],
       [0.        , 0.14814167],
       [0.        , 0.14907412],
       [0.        , 0.15463181],
       [0.        , 0.1551968 ],
       [0.        , 0.15623982],
       [0.        , 0.15788783],
       [0.        , 0.15799522],
       [0.        , 0.15906753],
       [0.        , 0.1602848 ],
       [0.        , 0.16051939],
       [0.        , 0.16057272],
       [0.        , 0.16141444],
       [0.        , 0.16213025],
       [0.        , 0.16383483],
       [0.        , 0.16561741],
       [0.        , 0.1659731 ],
       [0.        , 0.16771924],
       [0.        , 0.16794743],
       [0.        , 0.16821618],
       [0.        , 0.16855586],
       [0.        , 0.16948386],
       [0.        , 0.17018333],
       [0.        , 0.17036907],
       [0.        , 0.17154488],
       [0.        , 0.17221704],
       [0.        , 0.17274521],
       [0.        , 0.17296463],
       [0.        , 0.17303352],
       [0.        , 0.1741178 ],
       [0.        , 0.17423031],
       [0.        , 0.17464054],
       [0.        , 0.17594486],
       [0.        , 0.17604701],
       [0.        , 0.17639689],
       [0.        , 0.17654744],
       [0.        , 0.17762342],
       [0.        , 0.17772126],
       [0.        , 0.17861955],
       [0.        , 0.1786641 ],
       [0.        , 0.17964613],
       [0.        , 0.17995833],
       [0.        , 0.18012418],
       [0.        , 0.18158248],
       [0.        , 0.18190259],
       [0.        , 0.18257737],
       [0.        , 0.18278807],
       [0.        , 0.18291011],
       [0.        , 0.18309002],
       [0.        , 0.18325239],
       [0.        , 0.18368934],
       [0.        , 0.18408707],
       [0.        , 0.18569154],
       [0.        , 0.18628478],
       [0.        , 0.18663284],
       [0.        , 0.18682829],
       [0.        , 0.18765415],
       [0.        , 0.18789251],
       [0.        , 0.18819608],
       [0.        , 0.19056937],
       [0.        , 0.19146325],
       [0.        , 0.19180711],
       [0.        , 0.19476803],
       [0.        , 0.19567126],
       [0.        , 0.19710615],
       [0.        ,        inf]]), array([[0.16273001, 0.16489348]])]",False
164,0.2096613049507141,0.006385773420333862,0.1598331521197063,124.14,5.083856923783115,1,0.0024173855781555176,0.0024173855781555176,0.0024173855781555176,0.98,-0.0,"[array([[0.        , 0.09360617],
       [0.        , 0.09832335],
       [0.        , 0.09906363],
       [0.        , 0.10043865],
       [0.        , 0.10528746],
       [0.        , 0.10550635],
       [0.        , 0.10560107],
       [0.        , 0.10675944],
       [0.        , 0.10707014],
       [0.        , 0.10742414],
       [0.        , 0.10749517],
       [0.        , 0.11030404],
       [0.        , 0.11049966],
       [0.        , 0.11096176],
       [0.        , 0.11111743],
       [0.        , 0.11381237],
       [0.        , 0.11515439],
       [0.        , 0.11515816],
       [0.        , 0.11550342],
       [0.        , 0.11827139],
       [0.        , 0.11963121],
       [0.        , 0.12063984],
       [0.        , 0.12249997],
       [0.        , 0.12311234],
       [0.        , 0.12342139],
       [0.        , 0.12429306],
       [0.        , 0.12432688],
       [0.        , 0.12459837],
       [0.        , 0.12495349],
       [0.        , 0.12636013],
       [0.        , 0.12749763],
       [0.        , 0.12785247],
       [0.        , 0.12944314],
       [0.        , 0.12978062],
       [0.        , 0.13116656],
       [0.        , 0.13152754],
       [0.        , 0.13489085],
       [0.        , 0.13951378],
       [0.        , 0.14053106],
       [0.        , 0.14379145],
       [0.        , 0.14408451],
       [0.        , 0.14413233],
       [0.        , 0.14423384],
       [0.        , 0.14425278],
       [0.        , 0.14628488],
       [0.        , 0.14688501],
       [0.        , 0.14689629],
       [0.        , 0.1472141 ],
       [0.        , 0.14781834],
       [0.        , 0.14795712],
       [0.        , 0.14947902],
       [0.        , 0.14988698],
       [0.        , 0.15076526],
       [0.        , 0.15099099],
       [0.        , 0.15300994],
       [0.        , 0.15329392],
       [0.        , 0.15444197],
       [0.        , 0.15460798],
       [0.        , 0.1551968 ],
       [0.        , 0.15609497],
       [0.        , 0.15677325],
       [0.        , 0.15788783],
       [0.        , 0.15792456],
       [0.        , 0.1594138 ],
       [0.        , 0.15970288],
       [0.        , 0.15974152],
       [0.        , 0.16114537],
       [0.        , 0.16137703],
       [0.        , 0.16141444],
       [0.        , 0.16242917],
       [0.        , 0.16264668],
       [0.        , 0.16300662],
       [0.        , 0.16361871],
       [0.        , 0.16382602],
       [0.        , 0.16402957],
       [0.        , 0.16442262],
       [0.        , 0.16455689],
       [0.        , 0.16464029],
       [0.        , 0.1648739 ],
       [0.        , 0.16514662],
       [0.        , 0.16560689],
       [0.        , 0.16561741],
       [0.        , 0.16587099],
       [0.        , 0.16596338],
       [0.        , 0.16618702],
       [0.        , 0.16627812],
       [0.        , 0.16656779],
       [0.        , 0.16706103],
       [0.        , 0.16735192],
       [0.        , 0.16771924],
       [0.        , 0.1681422 ],
       [0.        , 0.16926283],
       [0.        , 0.16957071],
       [0.        , 0.1698126 ],
       [0.        , 0.1704731 ],
       [0.        , 0.17117697],
       [0.        , 0.17123023],
       [0.        , 0.17171068],
       [0.        , 0.17200154],
       [0.        , 0.17234507],
       [0.        , 0.17241712],
       [0.        , 0.17257597],
       [0.        , 0.17261003],
       [0.        , 0.17281218],
       [0.        , 0.17335656],
       [0.        , 0.17393897],
       [0.        , 0.17414646],
       [0.        , 0.17555675],
       [0.        , 0.17609808],
       [0.        , 0.17651992],
       [0.        , 0.17670996],
       [0.        , 0.17673552],
       [0.        , 0.17679834],
       [0.        , 0.17697017],
       [0.        , 0.17729548],
       [0.        , 0.17793956],
       [0.        , 0.1792313 ],
       [0.        , 0.17933482],
       [0.        , 0.1796447 ],
       [0.        , 0.17983069],
       [0.        , 0.18053938],
       [0.        , 0.18058112],
       [0.        , 0.18064298],
       [0.        , 0.18067791],
       [0.        , 0.18088552],
       [0.        , 0.18092644],
       [0.        , 0.18153356],
       [0.        , 0.18153749],
       [0.        , 0.18257737],
       [0.        , 0.18300372],
       [0.        , 0.18319553],
       [0.        , 0.18325286],
       [0.        , 0.18344094],
       [0.        , 0.18449867],
       [0.        , 0.18544865],
       [0.        , 0.18650614],
       [0.        , 0.18724845],
       [0.        , 0.18792628],
       [0.        , 0.18848243],
       [0.        , 0.18853861],
       [0.        , 0.18883437],
       [0.        , 0.18915741],
       [0.        , 0.18918036],
       [0.        , 0.18934719],
       [0.        , 0.19015576],
       [0.        , 0.19064644],
       [0.        , 0.19171648],
       [0.        , 0.19214723],
       [0.        , 0.1935171 ],
       [0.        , 0.19372393],
       [0.        , 0.1941471 ],
       [0.        , 0.19493331],
       [0.        , 0.19562306],
       [0.        , 0.19659039],
       [0.        , 0.1967952 ],
       [0.        , 0.19697544],
       [0.        , 0.19779167],
       [0.        , 0.19922599],
       [0.        , 0.20014857],
       [0.        , 0.20029715],
       [0.        , 0.20045955],
       [0.        , 0.20307527],
       [0.        , 0.20327553],
       [0.        , 0.2096613 ],
       [0.        ,        inf]]), array([[0.1414299 , 0.14384729]])]",True
182,0.21484218537807465,0.005180880427360535,0.16051866535793294,135.12,5.189269487736198,0,0.0,0.0,0.0,0.0,0.0,"[array([[0.        , 0.09360617],
       [0.        , 0.09832335],
       [0.        , 0.09906363],
       [0.        , 0.10043865],
       [0.        , 0.10528746],
       [0.        , 0.10550635],
       [0.        , 0.10675944],
       [0.        , 0.10707014],
       [0.        , 0.10742414],
       [0.        , 0.10749517],
       [0.        , 0.11030404],
       [0.        , 0.11049966],
       [0.        , 0.11096176],
       [0.        , 0.11111743],
       [0.        , 0.11381237],
       [0.        , 0.11515439],
       [0.        , 0.11515816],
       [0.        , 0.11550342],
       [0.        , 0.11827139],
       [0.        , 0.11963121],
       [0.        , 0.12063984],
       [0.        , 0.12157933],
       [0.        , 0.12311234],
       [0.        , 0.12429306],
       [0.        , 0.12459837],
       [0.        , 0.12495349],
       [0.        , 0.12636013],
       [0.        , 0.12749763],
       [0.        , 0.12785247],
       [0.        , 0.12798513],
       [0.        , 0.12919943],
       [0.        , 0.12944314],
       [0.        , 0.12978062],
       [0.        , 0.13116656],
       [0.        , 0.13152754],
       [0.        , 0.13162033],
       [0.        , 0.13280834],
       [0.        , 0.13489085],
       [0.        , 0.1361789 ],
       [0.        , 0.13951378],
       [0.        , 0.14021519],
       [0.        , 0.14053106],
       [0.        , 0.14126793],
       [0.        , 0.14408451],
       [0.        , 0.14423384],
       [0.        , 0.14451441],
       [0.        , 0.14625874],
       [0.        , 0.14628488],
       [0.        , 0.14688501],
       [0.        , 0.14709076],
       [0.        , 0.1472141 ],
       [0.        , 0.14781834],
       [0.        , 0.14875118],
       [0.        , 0.14947902],
       [0.        , 0.14988698],
       [0.        , 0.15099099],
       [0.        , 0.15268953],
       [0.        , 0.15270245],
       [0.        , 0.15300994],
       [0.        , 0.15370847],
       [0.        , 0.15444197],
       [0.        , 0.15460798],
       [0.        , 0.15504925],
       [0.        , 0.1551968 ],
       [0.        , 0.15562631],
       [0.        , 0.15609139],
       [0.        , 0.15609497],
       [0.        , 0.15677325],
       [0.        , 0.15788783],
       [0.        , 0.15792456],
       [0.        , 0.15874812],
       [0.        , 0.1594138 ],
       [0.        , 0.1595307 ],
       [0.        , 0.15960035],
       [0.        , 0.15970288],
       [0.        , 0.15974152],
       [0.        , 0.15996528],
       [0.        , 0.160432  ],
       [0.        , 0.16114537],
       [0.        , 0.16137703],
       [0.        , 0.16141444],
       [0.        , 0.16264668],
       [0.        , 0.16361871],
       [0.        , 0.16382602],
       [0.        , 0.16402957],
       [0.        , 0.16442262],
       [0.        , 0.16455689],
       [0.        , 0.1648739 ],
       [0.        , 0.16514662],
       [0.        , 0.16560689],
       [0.        , 0.16587099],
       [0.        , 0.16596338],
       [0.        , 0.16618702],
       [0.        , 0.1666127 ],
       [0.        , 0.16677859],
       [0.        , 0.16706103],
       [0.        , 0.16735192],
       [0.        , 0.16770536],
       [0.        , 0.16771924],
       [0.        , 0.16785429],
       [0.        , 0.16913593],
       [0.        , 0.16917083],
       [0.        , 0.16926283],
       [0.        , 0.17031419],
       [0.        , 0.17040893],
       [0.        , 0.1704731 ],
       [0.        , 0.17071666],
       [0.        , 0.17103417],
       [0.        , 0.17117697],
       [0.        , 0.17171068],
       [0.        , 0.17200154],
       [0.        , 0.17241712],
       [0.        , 0.17261003],
       [0.        , 0.17393897],
       [0.        , 0.17414646],
       [0.        , 0.17504573],
       [0.        , 0.17533921],
       [0.        , 0.17555675],
       [0.        , 0.1760515 ],
       [0.        , 0.17609808],
       [0.        , 0.17620622],
       [0.        , 0.17670996],
       [0.        , 0.17673552],
       [0.        , 0.17679834],
       [0.        , 0.17697017],
       [0.        , 0.17712228],
       [0.        , 0.17744587],
       [0.        , 0.17750688],
       [0.        , 0.17772126],
       [0.        , 0.17793956],
       [0.        , 0.17794418],
       [0.        , 0.17858407],
       [0.        , 0.1792313 ],
       [0.        , 0.17926577],
       [0.        , 0.17933482],
       [0.        , 0.1796447 ],
       [0.        , 0.17983069],
       [0.        , 0.18053938],
       [0.        , 0.18058112],
       [0.        , 0.18064298],
       [0.        , 0.18064918],
       [0.        , 0.18067791],
       [0.        , 0.18088552],
       [0.        , 0.18092644],
       [0.        , 0.18223007],
       [0.        , 0.18257737],
       [0.        , 0.18300372],
       [0.        , 0.18319553],
       [0.        , 0.18325286],
       [0.        , 0.18344094],
       [0.        , 0.18372117],
       [0.        , 0.18449867],
       [0.        , 0.18544865],
       [0.        , 0.18650614],
       [0.        , 0.18724845],
       [0.        , 0.18792628],
       [0.        , 0.1880659 ],
       [0.        , 0.18853861],
       [0.        , 0.18918036],
       [0.        , 0.18934719],
       [0.        , 0.19015576],
       [0.        , 0.19064644],
       [0.        , 0.19171648],
       [0.        , 0.19209252],
       [0.        , 0.19214723],
       [0.        , 0.1935171 ],
       [0.        , 0.19372393],
       [0.        , 0.1941471 ],
       [0.        , 0.19459036],
       [0.        , 0.19493331],
       [0.        , 0.19562306],
       [0.        , 0.19659039],
       [0.        , 0.19697544],
       [0.        , 0.19728398],
       [0.        , 0.19922599],
       [0.        , 0.20014857],
       [0.        , 0.20029715],
       [0.        , 0.20045955],
       [0.        , 0.20307527],
       [0.        , 0.20525305],
       [0.        , 0.2096613 ],
       [0.        , 0.21484219],
       [0.        ,        inf]]), array([], shape=(0, 2), dtype=float64)]",False
106,0.2073325365781784,0.002562969923019409,0.15824179583281842,80.32,4.643019406633395,0,0.0,0.0,0.0,0.0,0.0,"[array([[0.        , 0.09028479],
       [0.        , 0.09360617],
       [0.        , 0.09832335],
       [0.        , 0.09909354],
       [0.        , 0.10043865],
       [0.        , 0.10149379],
       [0.        , 0.10550635],
       [0.        , 0.10560107],
       [0.        , 0.10707014],
       [0.        , 0.10749517],
       [0.        , 0.10936148],
       [0.        , 0.11030404],
       [0.        , 0.11096176],
       [0.        , 0.11515439],
       [0.        , 0.11550342],
       [0.        , 0.11963121],
       [0.        , 0.11975511],
       [0.        , 0.12065811],
       [0.        , 0.12140132],
       [0.        , 0.12309878],
       [0.        , 0.12342139],
       [0.        , 0.12459837],
       [0.        , 0.12495349],
       [0.        , 0.12530892],
       [0.        , 0.12562174],
       [0.        , 0.12606899],
       [0.        , 0.12702411],
       [0.        , 0.12977515],
       [0.        , 0.12978062],
       [0.        , 0.13329279],
       [0.        , 0.13489085],
       [0.        , 0.14019492],
       [0.        , 0.1407133 ],
       [0.        , 0.14947902],
       [0.        , 0.14977103],
       [0.        , 0.1501243 ],
       [0.        , 0.15126131],
       [0.        , 0.15158321],
       [0.        , 0.1523068 ],
       [0.        , 0.15291989],
       [0.        , 0.15367106],
       [0.        , 0.15806548],
       [0.        , 0.1602848 ],
       [0.        , 0.16214362],
       [0.        , 0.16442262],
       [0.        , 0.164627  ],
       [0.        , 0.16514662],
       [0.        , 0.16561741],
       [0.        , 0.16616978],
       [0.        , 0.16634753],
       [0.        , 0.16699593],
       [0.        , 0.16703372],
       [0.        , 0.1673511 ],
       [0.        , 0.16799039],
       [0.        , 0.16800439],
       [0.        , 0.16807453],
       [0.        , 0.16847838],
       [0.        , 0.16898568],
       [0.        , 0.16943532],
       [0.        , 0.17038804],
       [0.        , 0.170423  ],
       [0.        , 0.17245153],
       [0.        , 0.17279448],
       [0.        , 0.17284001],
       [0.        , 0.17303352],
       [0.        , 0.17390485],
       [0.        , 0.17414646],
       [0.        , 0.17519139],
       [0.        , 0.17523061],
       [0.        , 0.17646983],
       [0.        , 0.17750688],
       [0.        , 0.17854553],
       [0.        , 0.17858706],
       [0.        , 0.1786641 ],
       [0.        , 0.17955042],
       [0.        , 0.17966586],
       [0.        , 0.18102501],
       [0.        , 0.18112268],
       [0.        , 0.18127273],
       [0.        , 0.18143559],
       [0.        , 0.18168902],
       [0.        , 0.18268962],
       [0.        , 0.18273236],
       [0.        , 0.18301429],
       [0.        , 0.18363857],
       [0.        , 0.18448927],
       [0.        , 0.18645638],
       [0.        , 0.18652242],
       [0.        , 0.18723069],
       [0.        , 0.18798214],
       [0.        , 0.18819608],
       [0.        , 0.18890098],
       [0.        , 0.18932153],
       [0.        , 0.19048858],
       [0.        , 0.19450054],
       [0.        , 0.19697955],
       [0.        , 0.19754191],
       [0.        , 0.19777869],
       [0.        , 0.19784626],
       [0.        , 0.19865224],
       [0.        , 0.20257907],
       [0.        , 0.20260331],
       [0.        , 0.20424546],
       [0.        , 0.20452149],
       [0.        , 0.20476957],
       [0.        , 0.20733254],
       [0.        ,        inf]]), array([], shape=(0, 2), dtype=float64)]",True
83,0.20513011515140533,0.012517109513282776,0.15041588498167244,60.42,4.400111782490487,0,0.0,0.0,0.0,0.0,0.0,"[array([[0.        , 0.09360617],
       [0.        , 0.09832335],
       [0.        , 0.09906363],
       [0.        , 0.10043865],
       [0.        , 0.10528746],
       [0.        , 0.10550635],
       [0.        , 0.10560107],
       [0.        , 0.10675944],
       [0.        , 0.10707014],
       [0.        , 0.10749517],
       [0.        , 0.11030404],
       [0.        , 0.11096176],
       [0.        , 0.11179125],
       [0.        , 0.11515439],
       [0.        , 0.11515816],
       [0.        , 0.11827139],
       [0.        , 0.11963121],
       [0.        , 0.12065811],
       [0.        , 0.12432688],
       [0.        , 0.12459837],
       [0.        , 0.12495349],
       [0.        , 0.12717749],
       [0.        , 0.12785247],
       [0.        , 0.12978062],
       [0.        , 0.13043648],
       [0.        , 0.13074952],
       [0.        , 0.13489085],
       [0.        , 0.1351454 ],
       [0.        , 0.13548534],
       [0.        , 0.13807863],
       [0.        , 0.14023618],
       [0.        , 0.14235437],
       [0.        , 0.14425278],
       [0.        , 0.1458388 ],
       [0.        , 0.14906217],
       [0.        , 0.14947902],
       [0.        , 0.15008543],
       [0.        , 0.15175581],
       [0.        , 0.15245995],
       [0.        , 0.15431182],
       [0.        , 0.15448652],
       [0.        , 0.1551968 ],
       [0.        , 0.15545353],
       [0.        , 0.1558798 ],
       [0.        , 0.15704027],
       [0.        , 0.15851125],
       [0.        , 0.160432  ],
       [0.        , 0.16156375],
       [0.        , 0.16514662],
       [0.        , 0.16585204],
       [0.        , 0.16628234],
       [0.        , 0.16702969],
       [0.        , 0.16703372],
       [0.        , 0.16715761],
       [0.        , 0.16885361],
       [0.        , 0.16898568],
       [0.        , 0.17087284],
       [0.        , 0.17116538],
       [0.        , 0.17239882],
       [0.        , 0.1727536 ],
       [0.        , 0.17306176],
       [0.        , 0.17334762],
       [0.        , 0.17493668],
       [0.        , 0.1753999 ],
       [0.        , 0.17667212],
       [0.        , 0.17772126],
       [0.        , 0.17829108],
       [0.        , 0.17923388],
       [0.        , 0.17946769],
       [0.        , 0.17962821],
       [0.        , 0.1806415 ],
       [0.        , 0.18153749],
       [0.        , 0.18231459],
       [0.        , 0.18321298],
       [0.        , 0.1846116 ],
       [0.        , 0.18620168],
       [0.        , 0.18645638],
       [0.        , 0.18814571],
       [0.        , 0.18820533],
       [0.        , 0.18865125],
       [0.        , 0.19254713],
       [0.        , 0.19261301],
       [0.        , 0.20513012],
       [0.        ,        inf]]), array([], shape=(0, 2), dtype=float64)]",False
84,0.21258921921253204,0.008518397808074951,0.14992236496791952,58.8,4.411015146381398,1,0.0024173855781555176,0.0024173855781555176,0.0024173855781555176,0.98,-0.0,"[array([[0.        , 0.09360617],
       [0.        , 0.09832335],
       [0.        , 0.09884338],
       [0.        , 0.09906363],
       [0.        , 0.10043865],
       [0.        , 0.10550635],
       [0.        , 0.10707014],
       [0.        , 0.10742414],
       [0.        , 0.10749517],
       [0.        , 0.11030404],
       [0.        , 0.11049966],
       [0.        , 0.11096176],
       [0.        , 0.11179125],
       [0.        , 0.11381237],
       [0.        , 0.11432597],
       [0.        , 0.11515816],
       [0.        , 0.11827139],
       [0.        , 0.11963121],
       [0.        , 0.12016183],
       [0.        , 0.12072835],
       [0.        , 0.12091399],
       [0.        , 0.12249997],
       [0.        , 0.12432688],
       [0.        , 0.12459837],
       [0.        , 0.12495349],
       [0.        , 0.12785247],
       [0.        , 0.12971132],
       [0.        , 0.12978062],
       [0.        , 0.13280834],
       [0.        , 0.13489085],
       [0.        , 0.13815616],
       [0.        , 0.13905828],
       [0.        , 0.14298554],
       [0.        , 0.14394689],
       [0.        , 0.14628488],
       [0.        , 0.14744817],
       [0.        , 0.14814167],
       [0.        , 0.15099099],
       [0.        , 0.1551968 ],
       [0.        , 0.15577227],
       [0.        , 0.15749855],
       [0.        , 0.15906753],
       [0.        , 0.15970288],
       [0.        , 0.16026869],
       [0.        , 0.1602848 ],
       [0.        , 0.16074041],
       [0.        , 0.16213025],
       [0.        , 0.16288048],
       [0.        , 0.16296217],
       [0.        , 0.16383483],
       [0.        , 0.16396929],
       [0.        , 0.16554916],
       [0.        , 0.16561741],
       [0.        , 0.16612799],
       [0.        , 0.16771924],
       [0.        , 0.16785429],
       [0.        , 0.16828512],
       [0.        , 0.16922769],
       [0.        , 0.17038804],
       [0.        , 0.17094208],
       [0.        , 0.1711684 ],
       [0.        , 0.17185244],
       [0.        , 0.17303352],
       [0.        , 0.17349188],
       [0.        , 0.17379877],
       [0.        , 0.17567964],
       [0.        , 0.17594486],
       [0.        , 0.17611749],
       [0.        , 0.17695069],
       [0.        , 0.17772126],
       [0.        , 0.17861955],
       [0.        , 0.17911251],
       [0.        , 0.18158248],
       [0.        , 0.18209796],
       [0.        , 0.18321298],
       [0.        , 0.18324928],
       [0.        , 0.18325239],
       [0.        , 0.18486804],
       [0.        , 0.18737945],
       [0.        , 0.18999232],
       [0.        , 0.19302468],
       [0.        , 0.19588217],
       [0.        , 0.20407082],
       [0.        , 0.21258922],
       [0.        ,        inf]]), array([[0.1414299 , 0.14384729]])]",True
140,0.2040708214044571,0.0007712393999099731,0.15515814992998328,105.72,4.923897979572738,1,0.00040750205516815186,0.00040750205516815186,0.00040750205516815186,0.98,-0.0,"[array([[0.        , 0.09360617],
       [0.        , 0.09600542],
       [0.        , 0.0976526 ],
       [0.        , 0.09832335],
       [0.        , 0.09884338],
       [0.        , 0.09906363],
       [0.        , 0.10043865],
       [0.        , 0.10550635],
       [0.        , 0.10675944],
       [0.        , 0.10707014],
       [0.        , 0.10742414],
       [0.        , 0.10749517],
       [0.        , 0.10936148],
       [0.        , 0.11030404],
       [0.        , 0.11049966],
       [0.        , 0.11096176],
       [0.        , 0.1121757 ],
       [0.        , 0.11381237],
       [0.        , 0.11432593],
       [0.        , 0.11579727],
       [0.        , 0.11827139],
       [0.        , 0.11891481],
       [0.        , 0.11963121],
       [0.        , 0.12001807],
       [0.        , 0.12072835],
       [0.        , 0.12432688],
       [0.        , 0.12459837],
       [0.        , 0.12495349],
       [0.        , 0.12530892],
       [0.        , 0.12562174],
       [0.        , 0.12627082],
       [0.        , 0.12639005],
       [0.        , 0.12749763],
       [0.        , 0.12951072],
       [0.        , 0.12971132],
       [0.        , 0.12978062],
       [0.        , 0.13054857],
       [0.        , 0.13128637],
       [0.        , 0.13280834],
       [0.        , 0.13489085],
       [0.        , 0.13559386],
       [0.        , 0.13701032],
       [0.        , 0.13806018],
       [0.        , 0.13900445],
       [0.        , 0.13949561],
       [0.        , 0.14023618],
       [0.        , 0.14299229],
       [0.        , 0.1460835 ],
       [0.        , 0.14628488],
       [0.        , 0.14814167],
       [0.        , 0.1506501 ],
       [0.        , 0.15070409],
       [0.        , 0.15099099],
       [0.        , 0.15132374],
       [0.        , 0.15329392],
       [0.        , 0.1535272 ],
       [0.        , 0.15577227],
       [0.        , 0.15805763],
       [0.        , 0.15851125],
       [0.        , 0.15906753],
       [0.        , 0.15937117],
       [0.        , 0.15970288],
       [0.        , 0.16023254],
       [0.        , 0.16026869],
       [0.        , 0.1602848 ],
       [0.        , 0.16232932],
       [0.        , 0.16300662],
       [0.        , 0.16396929],
       [0.        , 0.16439956],
       [0.        , 0.16480264],
       [0.        , 0.16587099],
       [0.        , 0.16628234],
       [0.        , 0.16656803],
       [0.        , 0.16687484],
       [0.        , 0.16788711],
       [0.        , 0.1683076 ],
       [0.        , 0.16845967],
       [0.        , 0.16852736],
       [0.        , 0.16885428],
       [0.        , 0.16906965],
       [0.        , 0.16943532],
       [0.        , 0.16961738],
       [0.        , 0.1697575 ],
       [0.        , 0.1698126 ],
       [0.        , 0.17092055],
       [0.        , 0.17169915],
       [0.        , 0.17176197],
       [0.        , 0.17185244],
       [0.        , 0.17205316],
       [0.        , 0.17217632],
       [0.        , 0.17225133],
       [0.        , 0.17302759],
       [0.        , 0.17343602],
       [0.        , 0.17343682],
       [0.        , 0.17349188],
       [0.        , 0.17350496],
       [0.        , 0.17391917],
       [0.        , 0.1750218 ],
       [0.        , 0.17519139],
       [0.        , 0.17567964],
       [0.        , 0.17601864],
       [0.        , 0.17611749],
       [0.        , 0.17652078],
       [0.        , 0.1771701 ],
       [0.        , 0.17807277],
       [0.        , 0.17826165],
       [0.        , 0.17841154],
       [0.        , 0.17845318],
       [0.        , 0.1787502 ],
       [0.        , 0.17886426],
       [0.        , 0.17911251],
       [0.        , 0.17929272],
       [0.        , 0.17943585],
       [0.        , 0.17988297],
       [0.        , 0.1804873 ],
       [0.        , 0.18100587],
       [0.        , 0.18112268],
       [0.        , 0.18148348],
       [0.        , 0.1820454 ],
       [0.        , 0.18257737],
       [0.        , 0.18259093],
       [0.        , 0.18360253],
       [0.        , 0.18380967],
       [0.        , 0.18486804],
       [0.        , 0.18487521],
       [0.        , 0.18598868],
       [0.        , 0.18697929],
       [0.        , 0.18723069],
       [0.        , 0.18732212],
       [0.        , 0.18762566],
       [0.        , 0.1880307 ],
       [0.        , 0.18819608],
       [0.        , 0.18974903],
       [0.        , 0.19091107],
       [0.        , 0.19119829],
       [0.        , 0.19697955],
       [0.        , 0.19770649],
       [0.        , 0.19960658],
       [0.        , 0.20329958],
       [0.        , 0.20407082],
       [0.        ,        inf]]), array([[0.14343978, 0.14384729]])]",False
65,0.19777868688106537,0.0004956424236297607,0.1402380923812206,45.76,4.149982199119163,2,0.0033764690160751343,0.0009590834379196167,0.002896927297115326,0.4,0.6793830604674367,"[array([[0.        , 0.08339889],
       [0.        , 0.09465762],
       [0.        , 0.09523675],
       [0.        , 0.09906363],
       [0.        , 0.10016502],
       [0.        , 0.10043865],
       [0.        , 0.10550635],
       [0.        , 0.10560107],
       [0.        , 0.10742414],
       [0.        , 0.10749517],
       [0.        , 0.10879945],
       [0.        , 0.1091096 ],
       [0.        , 0.11030404],
       [0.        , 0.11128757],
       [0.        , 0.11200139],
       [0.        , 0.11261448],
       [0.        , 0.11306296],
       [0.        , 0.1135994 ],
       [0.        , 0.11432597],
       [0.        , 0.11641855],
       [0.        , 0.11827139],
       [0.        , 0.11963121],
       [0.        , 0.12249997],
       [0.        , 0.12342139],
       [0.        , 0.12432688],
       [0.        , 0.12459837],
       [0.        , 0.12495349],
       [0.        , 0.12505792],
       [0.        , 0.12631659],
       [0.        , 0.12647767],
       [0.        , 0.12749763],
       [0.        , 0.12785247],
       [0.        , 0.1293737 ],
       [0.        , 0.13489085],
       [0.        , 0.14021519],
       [0.        , 0.14223048],
       [0.        , 0.14379145],
       [0.        , 0.14689629],
       [0.        , 0.14947902],
       [0.        , 0.14977103],
       [0.        , 0.15031394],
       [0.        , 0.15265121],
       [0.        , 0.15823166],
       [0.        , 0.1588219 ],
       [0.        , 0.1591834 ],
       [0.        , 0.1620388 ],
       [0.        , 0.16490164],
       [0.        , 0.16494097],
       [0.        , 0.16515915],
       [0.        , 0.16763106],
       [0.        , 0.17245153],
       [0.        , 0.17325807],
       [0.        , 0.17512316],
       [0.        , 0.17700864],
       [0.        , 0.17770015],
       [0.        , 0.17987262],
       [0.        , 0.18123257],
       [0.        , 0.18321298],
       [0.        , 0.18345173],
       [0.        , 0.18697451],
       [0.        , 0.18932153],
       [0.        , 0.19254713],
       [0.        , 0.19632223],
       [0.        , 0.19728304],
       [0.        , 0.19777869],
       [0.        ,        inf]]), array([[0.1414299 , 0.14384729],
       [0.12978062, 0.13315709]])]",False
125,0.19770649075508118,0.0007269382476806641,0.15671543288230896,98.36,4.81346437673676,2,0.0024173855781555176,0.0022628456354141235,0.0012859627604484558,1.04,0.22720753824648715,"[array([[0.        , 0.09360617],
       [0.        , 0.09832335],
       [0.        , 0.09906363],
       [0.        , 0.10043865],
       [0.        , 0.10550635],
       [0.        , 0.10560107],
       [0.        , 0.10707014],
       [0.        , 0.10749517],
       [0.        , 0.10936148],
       [0.        , 0.11030404],
       [0.        , 0.11049966],
       [0.        , 0.11096176],
       [0.        , 0.11179125],
       [0.        , 0.11515439],
       [0.        , 0.11899885],
       [0.        , 0.11963121],
       [0.        , 0.12065811],
       [0.        , 0.12249997],
       [0.        , 0.12309878],
       [0.        , 0.12432688],
       [0.        , 0.12459837],
       [0.        , 0.12495349],
       [0.        , 0.12530892],
       [0.        , 0.12953225],
       [0.        , 0.12971132],
       [0.        , 0.12978062],
       [0.        , 0.13380259],
       [0.        , 0.13489085],
       [0.        , 0.13658053],
       [0.        , 0.13701032],
       [0.        , 0.13738295],
       [0.        , 0.14023618],
       [0.        , 0.14042537],
       [0.        , 0.14053106],
       [0.        , 0.14160265],
       [0.        , 0.14229178],
       [0.        , 0.14298554],
       [0.        , 0.14299229],
       [0.        , 0.14341511],
       [0.        , 0.14487444],
       [0.        , 0.14513972],
       [0.        , 0.14790368],
       [0.        , 0.14823838],
       [0.        , 0.14947902],
       [0.        , 0.15283714],
       [0.        , 0.1535272 ],
       [0.        , 0.15405107],
       [0.        , 0.15506949],
       [0.        , 0.1561415 ],
       [0.        , 0.15788309],
       [0.        , 0.15805763],
       [0.        , 0.15806548],
       [0.        , 0.15810689],
       [0.        , 0.1584325 ],
       [0.        , 0.15851125],
       [0.        , 0.15865126],
       [0.        , 0.15937117],
       [0.        , 0.16197702],
       [0.        , 0.16225983],
       [0.        , 0.16300662],
       [0.        , 0.16330096],
       [0.        , 0.16439956],
       [0.        , 0.16448671],
       [0.        , 0.16480264],
       [0.        , 0.16587099],
       [0.        , 0.16656803],
       [0.        , 0.16687484],
       [0.        , 0.16702969],
       [0.        , 0.16729961],
       [0.        , 0.16788711],
       [0.        , 0.16845967],
       [0.        , 0.16852736],
       [0.        , 0.16853108],
       [0.        , 0.16883281],
       [0.        , 0.16906965],
       [0.        , 0.16943532],
       [0.        , 0.16961738],
       [0.        , 0.1698126 ],
       [0.        , 0.17036855],
       [0.        , 0.17102383],
       [0.        , 0.17105183],
       [0.        , 0.17139108],
       [0.        , 0.17205316],
       [0.        , 0.17269754],
       [0.        , 0.17290638],
       [0.        , 0.17343602],
       [0.        , 0.17343682],
       [0.        , 0.17364578],
       [0.        , 0.17391917],
       [0.        , 0.17478919],
       [0.        , 0.17519139],
       [0.        , 0.17529938],
       [0.        , 0.17553587],
       [0.        , 0.17601864],
       [0.        , 0.17652078],
       [0.        , 0.1771701 ],
       [0.        , 0.17826165],
       [0.        , 0.1787502 ],
       [0.        , 0.17943585],
       [0.        , 0.17962821],
       [0.        , 0.17988297],
       [0.        , 0.18052639],
       [0.        , 0.18112268],
       [0.        , 0.18148348],
       [0.        , 0.18301429],
       [0.        , 0.18346605],
       [0.        , 0.18360253],
       [0.        , 0.18435851],
       [0.        , 0.18485957],
       [0.        , 0.18574104],
       [0.        , 0.18598868],
       [0.        , 0.18631934],
       [0.        , 0.18697929],
       [0.        , 0.18723069],
       [0.        , 0.18732212],
       [0.        , 0.187692  ],
       [0.        , 0.1877276 ],
       [0.        , 0.18819608],
       [0.        , 0.18848243],
       [0.        , 0.19091107],
       [0.        , 0.19204611],
       [0.        , 0.19478893],
       [0.        , 0.19565627],
       [0.        , 0.19697955],
       [0.        , 0.19770649],
       [0.        ,        inf]]), array([[0.14188319, 0.14203773],
       [0.1414299 , 0.14384729]])]",True
78,0.21258921921253204,0.008350208401679993,0.15189501862877455,55.38,4.335681243195729,1,7.905066013336182e-05,7.905066013336182e-05,7.905066013336182e-05,0.98,-0.0,"[array([[0.        , 0.09906363],
       [0.        , 0.10043865],
       [0.        , 0.10528746],
       [0.        , 0.10550635],
       [0.        , 0.10560107],
       [0.        , 0.10675944],
       [0.        , 0.10742414],
       [0.        , 0.10749517],
       [0.        , 0.11030404],
       [0.        , 0.11128757],
       [0.        , 0.11261448],
       [0.        , 0.11515439],
       [0.        , 0.11572474],
       [0.        , 0.1183588 ],
       [0.        , 0.11849621],
       [0.        , 0.1193398 ],
       [0.        , 0.11963121],
       [0.        , 0.12137979],
       [0.        , 0.12246194],
       [0.        , 0.12342139],
       [0.        , 0.12412774],
       [0.        , 0.12459837],
       [0.        , 0.12479368],
       [0.        , 0.12495349],
       [0.        , 0.1254465 ],
       [0.        , 0.12994631],
       [0.        , 0.13033073],
       [0.        , 0.13211091],
       [0.        , 0.13440865],
       [0.        , 0.14021519],
       [0.        , 0.14286871],
       [0.        , 0.14309824],
       [0.        , 0.14341511],
       [0.        , 0.14379145],
       [0.        , 0.1451005 ],
       [0.        , 0.14814167],
       [0.        , 0.14977103],
       [0.        , 0.15135854],
       [0.        , 0.15397717],
       [0.        , 0.15444197],
       [0.        , 0.15817972],
       [0.        , 0.15998651],
       [0.        , 0.16015974],
       [0.        , 0.1627229 ],
       [0.        , 0.16574831],
       [0.        , 0.16575773],
       [0.        , 0.1673511 ],
       [0.        , 0.16755323],
       [0.        , 0.16805713],
       [0.        , 0.16807453],
       [0.        , 0.17064211],
       [0.        , 0.17147404],
       [0.        , 0.17245153],
       [0.        , 0.17269476],
       [0.        , 0.17415577],
       [0.        , 0.17556645],
       [0.        , 0.17620252],
       [0.        , 0.17829064],
       [0.        , 0.17854553],
       [0.        , 0.17856738],
       [0.        , 0.17960198],
       [0.        , 0.18163189],
       [0.        , 0.18268962],
       [0.        , 0.18321298],
       [0.        , 0.18363857],
       [0.        , 0.18709606],
       [0.        , 0.18723069],
       [0.        , 0.18820086],
       [0.        , 0.188411  ],
       [0.        , 0.18932153],
       [0.        , 0.19048858],
       [0.        , 0.19146325],
       [0.        , 0.19254713],
       [0.        , 0.19777869],
       [0.        , 0.19865224],
       [0.        , 0.2041903 ],
       [0.        , 0.20423901],
       [0.        , 0.21258922],
       [0.        ,        inf]]), array([[0.14208423, 0.14216328]])]",False
92,0.2040708214044571,0.0026231110095977783,0.15149321156027523,67.86,4.5012923281466914,1,0.00040750205516815186,0.00040750205516815186,0.00040750205516815186,0.98,-0.0,"[array([[0.        , 0.09360617],
       [0.        , 0.0976526 ],
       [0.        , 0.09906363],
       [0.        , 0.10043865],
       [0.        , 0.10528746],
       [0.        , 0.10550635],
       [0.        , 0.10707014],
       [0.        , 0.10742414],
       [0.        , 0.10749517],
       [0.        , 0.10936148],
       [0.        , 0.11030404],
       [0.        , 0.11049966],
       [0.        , 0.11096176],
       [0.        , 0.11179125],
       [0.        , 0.1121757 ],
       [0.        , 0.11515439],
       [0.        , 0.11515816],
       [0.        , 0.11638244],
       [0.        , 0.11827139],
       [0.        , 0.11963121],
       [0.        , 0.12072835],
       [0.        , 0.12110982],
       [0.        , 0.12246194],
       [0.        , 0.12416311],
       [0.        , 0.12420486],
       [0.        , 0.12432688],
       [0.        , 0.12459837],
       [0.        , 0.12495349],
       [0.        , 0.12530892],
       [0.        , 0.12971132],
       [0.        , 0.12978062],
       [0.        , 0.13025686],
       [0.        , 0.13120177],
       [0.        , 0.13280834],
       [0.        , 0.13489085],
       [0.        , 0.14628488],
       [0.        , 0.14722265],
       [0.        , 0.14814167],
       [0.        , 0.15099099],
       [0.        , 0.1551968 ],
       [0.        , 0.15577227],
       [0.        , 0.15592419],
       [0.        , 0.15842032],
       [0.        , 0.15906753],
       [0.        , 0.15960035],
       [0.        , 0.15970288],
       [0.        , 0.16026869],
       [0.        , 0.1602848 ],
       [0.        , 0.16057272],
       [0.        , 0.16074041],
       [0.        , 0.16141444],
       [0.        , 0.16396929],
       [0.        , 0.16427548],
       [0.        , 0.16462937],
       [0.        , 0.16773254],
       [0.        , 0.16794743],
       [0.        , 0.16906965],
       [0.        , 0.17103417],
       [0.        , 0.17185244],
       [0.        , 0.17230371],
       [0.        , 0.17296463],
       [0.        , 0.17349188],
       [0.        , 0.17385608],
       [0.        , 0.17390485],
       [0.        , 0.1741178 ],
       [0.        , 0.17554204],
       [0.        , 0.17567964],
       [0.        , 0.17604701],
       [0.        , 0.17611749],
       [0.        , 0.17762342],
       [0.        , 0.17769904],
       [0.        , 0.17772126],
       [0.        , 0.1786641 ],
       [0.        , 0.17911251],
       [0.        , 0.1806415 ],
       [0.        , 0.18190259],
       [0.        , 0.18257737],
       [0.        , 0.18284895],
       [0.        , 0.18309002],
       [0.        , 0.18371473],
       [0.        , 0.18374085],
       [0.        , 0.18408707],
       [0.        , 0.18486804],
       [0.        , 0.18624301],
       [0.        , 0.18663284],
       [0.        , 0.18819608],
       [0.        , 0.1905961 ],
       [0.        , 0.19303438],
       [0.        , 0.19476803],
       [0.        , 0.19621262],
       [0.        , 0.20144771],
       [0.        , 0.20407082],
       [0.        ,        inf]]), array([[0.14343978, 0.14384729]])]",False
79,0.20132143795490265,0.004038393497467041,0.1503087221821652,58.62,4.347041092314734,1,0.0021904408931732178,0.0021904408931732178,0.0021904408931732178,0.98,-0.0,"[array([[0.        , 0.09360617],
       [0.        , 0.0976526 ],
       [0.        , 0.10043865],
       [0.        , 0.1026146 ],
       [0.        , 0.10550635],
       [0.        , 0.10560107],
       [0.        , 0.10707014],
       [0.        , 0.10742414],
       [0.        , 0.10749517],
       [0.        , 0.10936148],
       [0.        , 0.11030404],
       [0.        , 0.11042431],
       [0.        , 0.11096176],
       [0.        , 0.1118829 ],
       [0.        , 0.11189751],
       [0.        , 0.1150218 ],
       [0.        , 0.11515439],
       [0.        , 0.11515816],
       [0.        , 0.11550342],
       [0.        , 0.11796841],
       [0.        , 0.11963121],
       [0.        , 0.11975511],
       [0.        , 0.12110982],
       [0.        , 0.12342139],
       [0.        , 0.12429306],
       [0.        , 0.12459837],
       [0.        , 0.12495349],
       [0.        , 0.12530892],
       [0.        , 0.12978062],
       [0.        , 0.13489085],
       [0.        , 0.14019492],
       [0.        , 0.14093225],
       [0.        , 0.14363831],
       [0.        , 0.14379145],
       [0.        , 0.14947902],
       [0.        , 0.14977103],
       [0.        , 0.15490527],
       [0.        , 0.1551968 ],
       [0.        , 0.15702407],
       [0.        , 0.15749855],
       [0.        , 0.1588219 ],
       [0.        , 0.15974152],
       [0.        , 0.1602848 ],
       [0.        , 0.16477947],
       [0.        , 0.16515915],
       [0.        , 0.16855586],
       [0.        , 0.16989921],
       [0.        , 0.1705555 ],
       [0.        , 0.17067055],
       [0.        , 0.17169099],
       [0.        , 0.17227432],
       [0.        , 0.17245153],
       [0.        , 0.17330679],
       [0.        , 0.17363581],
       [0.        , 0.17385608],
       [0.        , 0.17398374],
       [0.        , 0.17523061],
       [0.        , 0.17628977],
       [0.        , 0.17770015],
       [0.        , 0.17778365],
       [0.        , 0.17854553],
       [0.        , 0.17941011],
       [0.        , 0.18204515],
       [0.        , 0.18224682],
       [0.        , 0.18257737],
       [0.        , 0.18328312],
       [0.        , 0.18366008],
       [0.        , 0.18448927],
       [0.        , 0.18583475],
       [0.        , 0.18804413],
       [0.        , 0.18819608],
       [0.        , 0.18820086],
       [0.        , 0.18828076],
       [0.        , 0.18923129],
       [0.        , 0.18932153],
       [0.        , 0.19182992],
       [0.        , 0.1926948 ],
       [0.        , 0.19728304],
       [0.        , 0.20132144],
       [0.        ,        inf]]), array([[0.11864856, 0.120839  ]])]",False
95,0.21258921921253204,0.008350208401679993,0.1498611930953829,66.52,4.533858821215381,2,0.0007572099566459656,0.0006026700139045715,0.0004558749496936798,0.04,0.45508961035276807,"[array([[0.        , 0.09360617],
       [0.        , 0.09832335],
       [0.        , 0.09884338],
       [0.        , 0.09906363],
       [0.        , 0.10043865],
       [0.        , 0.1026146 ],
       [0.        , 0.10550635],
       [0.        , 0.10560107],
       [0.        , 0.10675944],
       [0.        , 0.10707014],
       [0.        , 0.10749517],
       [0.        , 0.10936148],
       [0.        , 0.11030404],
       [0.        , 0.11096176],
       [0.        , 0.11128757],
       [0.        , 0.1118829 ],
       [0.        , 0.11440433],
       [0.        , 0.11515439],
       [0.        , 0.11515816],
       [0.        , 0.11695814],
       [0.        , 0.11963121],
       [0.        , 0.12075616],
       [0.        , 0.12249997],
       [0.        , 0.12459837],
       [0.        , 0.12495349],
       [0.        , 0.12530892],
       [0.        , 0.12749763],
       [0.        , 0.12953225],
       [0.        , 0.12971132],
       [0.        , 0.12978062],
       [0.        , 0.13203877],
       [0.        , 0.13405956],
       [0.        , 0.1343447 ],
       [0.        , 0.13489085],
       [0.        , 0.13815616],
       [0.        , 0.14019492],
       [0.        , 0.14050646],
       [0.        , 0.14093225],
       [0.        , 0.14096068],
       [0.        , 0.1470629 ],
       [0.        , 0.14744817],
       [0.        , 0.14790368],
       [0.        , 0.14814167],
       [0.        , 0.1487619 ],
       [0.        , 0.14928855],
       [0.        , 0.15170379],
       [0.        , 0.1531318 ],
       [0.        , 0.15624979],
       [0.        , 0.15817972],
       [0.        , 0.15823166],
       [0.        , 0.15998651],
       [0.        , 0.16015974],
       [0.        , 0.1602848 ],
       [0.        , 0.16383483],
       [0.        , 0.16492893],
       [0.        , 0.16516048],
       [0.        , 0.16561741],
       [0.        , 0.16575773],
       [0.        , 0.16699593],
       [0.        , 0.1673511 ],
       [0.        , 0.16755323],
       [0.        , 0.16771924],
       [0.        , 0.16799039],
       [0.        , 0.16805713],
       [0.        , 0.16807453],
       [0.        , 0.16965519],
       [0.        , 0.17038804],
       [0.        , 0.17051145],
       [0.        , 0.17064211],
       [0.        , 0.17071018],
       [0.        , 0.17162934],
       [0.        , 0.17245153],
       [0.        , 0.17303352],
       [0.        , 0.17415577],
       [0.        , 0.17594486],
       [0.        , 0.17620252],
       [0.        , 0.17646983],
       [0.        , 0.17674972],
       [0.        , 0.17856738],
       [0.        , 0.18098222],
       [0.        , 0.18158248],
       [0.        , 0.18232216],
       [0.        , 0.18301429],
       [0.        , 0.18325239],
       [0.        , 0.18603797],
       [0.        , 0.18610111],
       [0.        , 0.18664752],
       [0.        , 0.18777193],
       [0.        , 0.18819608],
       [0.        , 0.18831809],
       [0.        , 0.188411  ],
       [0.        , 0.18932153],
       [0.        , 0.2041903 ],
       [0.        , 0.20423901],
       [0.        , 0.21258922],
       [0.        ,        inf]]), array([[0.14188319, 0.14203773],
       [0.11594309, 0.1167003 ]])]",True
83,0.21373605728149414,0.00949704647064209,0.15286785570612874,58.98,4.3974073339045034,1,0.0006132423877716064,0.0006132423877716064,0.0006132423877716064,0.98,-0.0,"[array([[0.        , 0.09360617],
       [0.        , 0.09523675],
       [0.        , 0.09906363],
       [0.        , 0.10043865],
       [0.        , 0.10528746],
       [0.        , 0.10550635],
       [0.        , 0.10560107],
       [0.        , 0.10707014],
       [0.        , 0.10742414],
       [0.        , 0.10749517],
       [0.        , 0.11030404],
       [0.        , 0.11049966],
       [0.        , 0.11096176],
       [0.        , 0.1135994 ],
       [0.        , 0.11515439],
       [0.        , 0.11762787],
       [0.        , 0.11963121],
       [0.        , 0.12070737],
       [0.        , 0.12072835],
       [0.        , 0.12292856],
       [0.        , 0.12459837],
       [0.        , 0.12495349],
       [0.        , 0.12631659],
       [0.        , 0.12772863],
       [0.        , 0.12785247],
       [0.        , 0.12978062],
       [0.        , 0.1304879 ],
       [0.        , 0.13489085],
       [0.        , 0.13548534],
       [0.        , 0.14292976],
       [0.        , 0.14781834],
       [0.        , 0.14947902],
       [0.        , 0.14969812],
       [0.        , 0.14973855],
       [0.        , 0.14982006],
       [0.        , 0.1511942 ],
       [0.        , 0.15444197],
       [0.        , 0.15508074],
       [0.        , 0.1551968 ],
       [0.        , 0.15572202],
       [0.        , 0.15604301],
       [0.        , 0.15865126],
       [0.        , 0.15956795],
       [0.        , 0.1596628 ],
       [0.        , 0.15974152],
       [0.        , 0.16166587],
       [0.        , 0.16235048],
       [0.        , 0.16383564],
       [0.        , 0.16416852],
       [0.        , 0.16515495],
       [0.        , 0.16625088],
       [0.        , 0.16821618],
       [0.        , 0.16943532],
       [0.        , 0.17064211],
       [0.        , 0.17080063],
       [0.        , 0.17334762],
       [0.        , 0.17394927],
       [0.        , 0.1748717 ],
       [0.        , 0.17620252],
       [0.        , 0.17754644],
       [0.        , 0.17772126],
       [0.        , 0.17854553],
       [0.        , 0.1790911 ],
       [0.        , 0.1815463 ],
       [0.        , 0.18232216],
       [0.        , 0.18239807],
       [0.        , 0.18242158],
       [0.        , 0.18243735],
       [0.        , 0.18321298],
       [0.        , 0.18485957],
       [0.        , 0.18536432],
       [0.        , 0.18631278],
       [0.        , 0.1873329 ],
       [0.        , 0.1874152 ],
       [0.        , 0.18848243],
       [0.        , 0.19046459],
       [0.        , 0.19204611],
       [0.        , 0.19254713],
       [0.        , 0.19725294],
       [0.        , 0.20189489],
       [0.        , 0.20219709],
       [0.        , 0.20423901],
       [0.        , 0.21373606],
       [0.        ,        inf]]), array([[0.12209889, 0.12271214]])]",True
83,0.2010791152715683,0.0030130743980407715,0.1538334591201989,63.06,4.399778318325349,1,0.0024173855781555176,0.0024173855781555176,0.0024173855781555176,0.98,-0.0,"[array([[0.        , 0.09360617],
       [0.        , 0.09832335],
       [0.        , 0.09906363],
       [0.        , 0.10043865],
       [0.        , 0.10550635],
       [0.        , 0.10560107],
       [0.        , 0.10707014],
       [0.        , 0.10749517],
       [0.        , 0.10936148],
       [0.        , 0.11030404],
       [0.        , 0.11096176],
       [0.        , 0.11179125],
       [0.        , 0.11203784],
       [0.        , 0.11440433],
       [0.        , 0.11515439],
       [0.        , 0.11963121],
       [0.        , 0.12065811],
       [0.        , 0.12249997],
       [0.        , 0.12432688],
       [0.        , 0.12459837],
       [0.        , 0.12495349],
       [0.        , 0.12530892],
       [0.        , 0.12951072],
       [0.        , 0.12978062],
       [0.        , 0.13489085],
       [0.        , 0.1361789 ],
       [0.        , 0.13968487],
       [0.        , 0.14298554],
       [0.        , 0.14341918],
       [0.        , 0.14947902],
       [0.        , 0.15245995],
       [0.        , 0.15379421],
       [0.        , 0.15448652],
       [0.        , 0.15526117],
       [0.        , 0.15572669],
       [0.        , 0.1558802 ],
       [0.        , 0.15706147],
       [0.        , 0.15921216],
       [0.        , 0.16010712],
       [0.        , 0.16062337],
       [0.        , 0.16156375],
       [0.        , 0.16232932],
       [0.        , 0.16329934],
       [0.        , 0.16460998],
       [0.        , 0.16534306],
       [0.        , 0.16604805],
       [0.        , 0.16628234],
       [0.        , 0.1669281 ],
       [0.        , 0.16703372],
       [0.        , 0.167087  ],
       [0.        , 0.16729756],
       [0.        , 0.16791391],
       [0.        , 0.16800952],
       [0.        , 0.16906965],
       [0.        , 0.17117697],
       [0.        , 0.17288828],
       [0.        , 0.17298861],
       [0.        , 0.17306176],
       [0.        , 0.17406826],
       [0.        , 0.17577186],
       [0.        , 0.17671356],
       [0.        , 0.17689104],
       [0.        , 0.17750143],
       [0.        , 0.17791899],
       [0.        , 0.1788152 ],
       [0.        , 0.17899711],
       [0.        , 0.17946769],
       [0.        , 0.18085945],
       [0.        , 0.18153749],
       [0.        , 0.18301429],
       [0.        , 0.18447453],
       [0.        , 0.18574885],
       [0.        , 0.18624301],
       [0.        , 0.18650614],
       [0.        , 0.18807884],
       [0.        , 0.18819608],
       [0.        , 0.18848243],
       [0.        , 0.19049115],
       [0.        , 0.19291215],
       [0.        , 0.1935171 ],
       [0.        , 0.19625527],
       [0.        , 0.19806604],
       [0.        , 0.20107912],
       [0.        ,        inf]]), array([[0.1414299 , 0.14384729]])]",True
93,0.19446513056755066,0.003976553678512573,0.14941322250712302,70.88,4.514652710797561,3,0.0013898462057113647,0.0006326362490653992,0.0007420356074968973,0.08,0.779441066275769,"[array([[0.        , 0.09360617],
       [0.        , 0.09832335],
       [0.        , 0.09884338],
       [0.        , 0.10043865],
       [0.        , 0.1026146 ],
       [0.        , 0.10528746],
       [0.        , 0.10550635],
       [0.        , 0.10644238],
       [0.        , 0.10707014],
       [0.        , 0.10749517],
       [0.        , 0.10936148],
       [0.        , 0.11030404],
       [0.        , 0.11090633],
       [0.        , 0.11096176],
       [0.        , 0.1118829 ],
       [0.        , 0.1135994 ],
       [0.        , 0.11515439],
       [0.        , 0.11963121],
       [0.        , 0.12014517],
       [0.        , 0.12046551],
       [0.        , 0.12249997],
       [0.        , 0.12342139],
       [0.        , 0.12459837],
       [0.        , 0.12495349],
       [0.        , 0.12530892],
       [0.        , 0.12562174],
       [0.        , 0.12953225],
       [0.        , 0.12978062],
       [0.        , 0.13489085],
       [0.        , 0.13597286],
       [0.        , 0.1361789 ],
       [0.        , 0.13915548],
       [0.        , 0.13968487],
       [0.        , 0.14019492],
       [0.        , 0.14108273],
       [0.        , 0.14172465],
       [0.        , 0.14341511],
       [0.        , 0.14379145],
       [0.        , 0.14402194],
       [0.        , 0.14790368],
       [0.        , 0.14814167],
       [0.        , 0.14928955],
       [0.        , 0.14960884],
       [0.        , 0.14977606],
       [0.        , 0.14992332],
       [0.        , 0.15022378],
       [0.        , 0.15166628],
       [0.        , 0.1531318 ],
       [0.        , 0.15444197],
       [0.        , 0.15905324],
       [0.        , 0.1595307 ],
       [0.        , 0.15960035],
       [0.        , 0.1602848 ],
       [0.        , 0.16062337],
       [0.        , 0.16082723],
       [0.        , 0.16141444],
       [0.        , 0.16396929],
       [0.        , 0.16561741],
       [0.        , 0.16574056],
       [0.        , 0.16574831],
       [0.        , 0.16651347],
       [0.        , 0.1666669 ],
       [0.        , 0.16810994],
       [0.        , 0.169553  ],
       [0.        , 0.16984706],
       [0.        , 0.17071018],
       [0.        , 0.17245153],
       [0.        , 0.17279448],
       [0.        , 0.17296463],
       [0.        , 0.17298861],
       [0.        , 0.17343219],
       [0.        , 0.17379832],
       [0.        , 0.17390485],
       [0.        , 0.17405537],
       [0.        , 0.17514321],
       [0.        , 0.17646983],
       [0.        , 0.17794302],
       [0.        , 0.17888688],
       [0.        , 0.17989959],
       [0.        , 0.18064749],
       [0.        , 0.18102501],
       [0.        , 0.18175159],
       [0.        , 0.18188414],
       [0.        , 0.18301429],
       [0.        , 0.18546413],
       [0.        , 0.18723069],
       [0.        , 0.18806307],
       [0.        , 0.18819608],
       [0.        , 0.18852411],
       [0.        , 0.1888338 ],
       [0.        , 0.18932153],
       [0.        , 0.19048858],
       [0.        , 0.19446513],
       [0.        ,        inf]]), array([[0.14208423, 0.14216328],
       [0.14064789, 0.14203773],
       [0.11594309, 0.1167003 ]])]",True
92,0.21373605728149414,0.011850029230117798,0.15124593966681024,64.68,4.499054970020639,0,0.0,0.0,0.0,0.0,0.0,"[array([[0.        , 0.08339889],
       [0.        , 0.09360617],
       [0.        , 0.09523675],
       [0.        , 0.09832335],
       [0.        , 0.09906363],
       [0.        , 0.10043865],
       [0.        , 0.10304289],
       [0.        , 0.10502084],
       [0.        , 0.10550635],
       [0.        , 0.10560107],
       [0.        , 0.10675944],
       [0.        , 0.10707014],
       [0.        , 0.10749517],
       [0.        , 0.10911847],
       [0.        , 0.10936148],
       [0.        , 0.11030404],
       [0.        , 0.11096176],
       [0.        , 0.1135994 ],
       [0.        , 0.11432597],
       [0.        , 0.11515816],
       [0.        , 0.11963121],
       [0.        , 0.12065811],
       [0.        , 0.12072835],
       [0.        , 0.12196708],
       [0.        , 0.12342139],
       [0.        , 0.12459837],
       [0.        , 0.12495349],
       [0.        , 0.12505792],
       [0.        , 0.12530892],
       [0.        , 0.12978062],
       [0.        , 0.13116656],
       [0.        , 0.13489085],
       [0.        , 0.14038487],
       [0.        , 0.14341918],
       [0.        , 0.14354934],
       [0.        , 0.14379145],
       [0.        , 0.14744817],
       [0.        , 0.14947902],
       [0.        , 0.15391639],
       [0.        , 0.15463181],
       [0.        , 0.1551968 ],
       [0.        , 0.1561415 ],
       [0.        , 0.15617242],
       [0.        , 0.1568592 ],
       [0.        , 0.15788783],
       [0.        , 0.15817972],
       [0.        , 0.15851125],
       [0.        , 0.16104373],
       [0.        , 0.16537693],
       [0.        , 0.16628234],
       [0.        , 0.16715761],
       [0.        , 0.16821618],
       [0.        , 0.16855586],
       [0.        , 0.1690668 ],
       [0.        , 0.17018333],
       [0.        , 0.17036907],
       [0.        , 0.17038804],
       [0.        , 0.17158352],
       [0.        , 0.17223527],
       [0.        , 0.1723523 ],
       [0.        , 0.17283304],
       [0.        , 0.17303352],
       [0.        , 0.17365256],
       [0.        , 0.17423031],
       [0.        , 0.17464054],
       [0.        , 0.17639689],
       [0.        , 0.17654744],
       [0.        , 0.17746645],
       [0.        , 0.17772126],
       [0.        , 0.17784114],
       [0.        , 0.1779038 ],
       [0.        , 0.17794418],
       [0.        , 0.17961924],
       [0.        , 0.17964613],
       [0.        , 0.18012418],
       [0.        , 0.18111576],
       [0.        , 0.18156081],
       [0.        , 0.18224682],
       [0.        , 0.18258236],
       [0.        , 0.18278807],
       [0.        , 0.18301429],
       [0.        , 0.18352361],
       [0.        , 0.18368934],
       [0.        , 0.18472874],
       [0.        , 0.18628478],
       [0.        , 0.18710583],
       [0.        , 0.18819608],
       [0.        , 0.19056937],
       [0.        , 0.19180711],
       [0.        , 0.19625527],
       [0.        , 0.20188603],
       [0.        , 0.21373606],
       [0.        ,        inf]]), array([], shape=(0, 2), dtype=float64)]",True
92,0.2116755098104477,0.010961130261421204,0.14763554517665636,63.76,4.499608597096873,1,0.0035467520356178284,0.0035467520356178284,0.0035467520356178284,0.98,-0.0,"[array([[0.        , 0.09360617],
       [0.        , 0.09505783],
       [0.        , 0.09523675],
       [0.        , 0.09832335],
       [0.        , 0.09906363],
       [0.        , 0.10043865],
       [0.        , 0.10149379],
       [0.        , 0.10550635],
       [0.        , 0.10560107],
       [0.        , 0.10665418],
       [0.        , 0.10707014],
       [0.        , 0.10749517],
       [0.        , 0.10936148],
       [0.        , 0.11030404],
       [0.        , 0.11096176],
       [0.        , 0.1135994 ],
       [0.        , 0.11510937],
       [0.        , 0.11515439],
       [0.        , 0.11550342],
       [0.        , 0.11849621],
       [0.        , 0.1193398 ],
       [0.        , 0.11963121],
       [0.        , 0.11975511],
       [0.        , 0.12140132],
       [0.        , 0.12342139],
       [0.        , 0.12459837],
       [0.        , 0.1254465 ],
       [0.        , 0.12562174],
       [0.        , 0.12749763],
       [0.        , 0.12766671],
       [0.        , 0.1288262 ],
       [0.        , 0.12938726],
       [0.        , 0.13201807],
       [0.        , 0.13367438],
       [0.        , 0.13440865],
       [0.        , 0.13450652],
       [0.        , 0.13558109],
       [0.        , 0.13645159],
       [0.        , 0.13806018],
       [0.        , 0.13868782],
       [0.        , 0.14203677],
       [0.        , 0.14341511],
       [0.        , 0.14341918],
       [0.        , 0.14451441],
       [0.        , 0.14648445],
       [0.        , 0.14661875],
       [0.        , 0.14947902],
       [0.        , 0.14977103],
       [0.        , 0.1501243 ],
       [0.        , 0.15044302],
       [0.        , 0.15126131],
       [0.        , 0.15339476],
       [0.        , 0.15363316],
       [0.        , 0.15448652],
       [0.        , 0.15496793],
       [0.        , 0.15611063],
       [0.        , 0.15662213],
       [0.        , 0.15834147],
       [0.        , 0.15985009],
       [0.        , 0.1602848 ],
       [0.        , 0.16628234],
       [0.        , 0.16703372],
       [0.        , 0.16726226],
       [0.        , 0.17038804],
       [0.        , 0.17195399],
       [0.        , 0.17303352],
       [0.        , 0.17357539],
       [0.        , 0.17494902],
       [0.        , 0.17646983],
       [0.        , 0.17657103],
       [0.        , 0.1775295 ],
       [0.        , 0.17784719],
       [0.        , 0.17854553],
       [0.        , 0.17855787],
       [0.        , 0.17962821],
       [0.        , 0.17964613],
       [0.        , 0.18234135],
       [0.        , 0.18301429],
       [0.        , 0.18306124],
       [0.        , 0.18353188],
       [0.        , 0.18723069],
       [0.        , 0.1875679 ],
       [0.        , 0.18819608],
       [0.        , 0.18916507],
       [0.        , 0.18945551],
       [0.        , 0.19324131],
       [0.        , 0.193528  ],
       [0.        , 0.19775461],
       [0.        , 0.19865224],
       [0.        , 0.19878897],
       [0.        , 0.20071438],
       [0.        , 0.21167551],
       [0.        ,        inf]]), array([[0.12065811, 0.12420486]])]",True
60,0.19900453090667725,0.007661223411560059,0.14631099912027518,43.76,4.071010225509986,2,0.00040750205516815186,7.323920726776123e-05,0.00037088245153427124,1.78,0.6882647896394882,"[array([[0.        , 0.08339889],
       [0.        , 0.09909354],
       [0.        , 0.10043865],
       [0.        , 0.10550635],
       [0.        , 0.10742414],
       [0.        , 0.1091096 ],
       [0.        , 0.10936148],
       [0.        , 0.11030404],
       [0.        , 0.11179125],
       [0.        , 0.11200139],
       [0.        , 0.11261448],
       [0.        , 0.11306296],
       [0.        , 0.1135994 ],
       [0.        , 0.11432597],
       [0.        , 0.11688131],
       [0.        , 0.11963121],
       [0.        , 0.12014517],
       [0.        , 0.12130774],
       [0.        , 0.12140132],
       [0.        , 0.12342139],
       [0.        , 0.12420486],
       [0.        , 0.12432688],
       [0.        , 0.12459837],
       [0.        , 0.12495349],
       [0.        , 0.12530892],
       [0.        , 0.12880211],
       [0.        , 0.12978062],
       [0.        , 0.13489085],
       [0.        , 0.14019492],
       [0.        , 0.14487444],
       [0.        , 0.14771719],
       [0.        , 0.14947902],
       [0.        , 0.15516536],
       [0.        , 0.15805763],
       [0.        , 0.1591834 ],
       [0.        , 0.1602848 ],
       [0.        , 0.16416852],
       [0.        , 0.16616978],
       [0.        , 0.16912337],
       [0.        , 0.17006232],
       [0.        , 0.170792  ],
       [0.        , 0.17167817],
       [0.        , 0.17245153],
       [0.        , 0.17303352],
       [0.        , 0.17556645],
       [0.        , 0.17803538],
       [0.        , 0.17914008],
       [0.        , 0.17986999],
       [0.        , 0.18232216],
       [0.        , 0.18243735],
       [0.        , 0.18301429],
       [0.        , 0.18448927],
       [0.        , 0.18599851],
       [0.        , 0.18723069],
       [0.        , 0.1873329 ],
       [0.        , 0.18819608],
       [0.        , 0.18932153],
       [0.        , 0.1912351 ],
       [0.        , 0.19134331],
       [0.        , 0.19900453],
       [0.        ,        inf]]), array([[0.14351302, 0.14384729],
       [0.14343978, 0.14384729]])]",False
94,0.19777868688106537,0.005891770124435425,0.1536526248017524,72.64,4.5239390675907165,1,0.004005804657936096,0.004005804657936096,0.004005804657936096,0.98,-0.0,"[array([[0.        , 0.09360617],
       [0.        , 0.09832335],
       [0.        , 0.09906363],
       [0.        , 0.10043865],
       [0.        , 0.10550635],
       [0.        , 0.10560107],
       [0.        , 0.10675944],
       [0.        , 0.10707014],
       [0.        , 0.10749517],
       [0.        , 0.10911847],
       [0.        , 0.10936148],
       [0.        , 0.11030404],
       [0.        , 0.11049966],
       [0.        , 0.11096176],
       [0.        , 0.11355285],
       [0.        , 0.11432597],
       [0.        , 0.11515816],
       [0.        , 0.11963121],
       [0.        , 0.12065811],
       [0.        , 0.12249997],
       [0.        , 0.12342139],
       [0.        , 0.12459837],
       [0.        , 0.12495349],
       [0.        , 0.12505792],
       [0.        , 0.12530892],
       [0.        , 0.12554002],
       [0.        , 0.12696232],
       [0.        , 0.12978062],
       [0.        , 0.13116656],
       [0.        , 0.13367438],
       [0.        , 0.14019492],
       [0.        , 0.14038487],
       [0.        , 0.14354934],
       [0.        , 0.14379145],
       [0.        , 0.14628488],
       [0.        , 0.14744817],
       [0.        , 0.14845026],
       [0.        , 0.14947902],
       [0.        , 0.14977103],
       [0.        , 0.15463181],
       [0.        , 0.1551968 ],
       [0.        , 0.15788783],
       [0.        , 0.15851125],
       [0.        , 0.15965292],
       [0.        , 0.1602848 ],
       [0.        , 0.1606251 ],
       [0.        , 0.16551818],
       [0.        , 0.16561741],
       [0.        , 0.16715761],
       [0.        , 0.16807453],
       [0.        , 0.16821618],
       [0.        , 0.16855586],
       [0.        , 0.1690668 ],
       [0.        , 0.17018333],
       [0.        , 0.17036907],
       [0.        , 0.17038804],
       [0.        , 0.1705555 ],
       [0.        , 0.17116538],
       [0.        , 0.17158352],
       [0.        , 0.17245153],
       [0.        , 0.17303352],
       [0.        , 0.17363378],
       [0.        , 0.17368105],
       [0.        , 0.17385608],
       [0.        , 0.17390485],
       [0.        , 0.17423031],
       [0.        , 0.17464054],
       [0.        , 0.17639689],
       [0.        , 0.17646983],
       [0.        , 0.17654744],
       [0.        , 0.17772126],
       [0.        , 0.17964613],
       [0.        , 0.17989959],
       [0.        , 0.18012418],
       [0.        , 0.18042512],
       [0.        , 0.18042892],
       [0.        , 0.18258236],
       [0.        , 0.18278807],
       [0.        , 0.18301429],
       [0.        , 0.18368934],
       [0.        , 0.18583475],
       [0.        , 0.18610111],
       [0.        , 0.18628478],
       [0.        , 0.18723069],
       [0.        , 0.18765415],
       [0.        , 0.18777193],
       [0.        , 0.18819608],
       [0.        , 0.18932153],
       [0.        , 0.19026046],
       [0.        , 0.19048858],
       [0.        , 0.19056937],
       [0.        , 0.19180711],
       [0.        , 0.19188692],
       [0.        , 0.19777869],
       [0.        ,        inf]]), array([[0.13489085, 0.13889666]])]",False
190,0.2096613049507141,0.006586030125617981,0.15953694299647683,143.56,5.2298618939774695,0,0.0,0.0,0.0,0.0,0.0,"[array([[0.        , 0.09360617],
       [0.        , 0.09523675],
       [0.        , 0.0976526 ],
       [0.        , 0.09832335],
       [0.        , 0.09906363],
       [0.        , 0.09909354],
       [0.        , 0.10043865],
       [0.        , 0.10528746],
       [0.        , 0.10550635],
       [0.        , 0.10560107],
       [0.        , 0.10665418],
       [0.        , 0.10675944],
       [0.        , 0.10707014],
       [0.        , 0.10742414],
       [0.        , 0.10749517],
       [0.        , 0.10911847],
       [0.        , 0.10936148],
       [0.        , 0.11030404],
       [0.        , 0.11049966],
       [0.        , 0.11096176],
       [0.        , 0.1135994 ],
       [0.        , 0.11381237],
       [0.        , 0.11515439],
       [0.        , 0.11515816],
       [0.        , 0.11550342],
       [0.        , 0.11827139],
       [0.        , 0.11963121],
       [0.        , 0.12063984],
       [0.        , 0.12309878],
       [0.        , 0.12311234],
       [0.        , 0.12429306],
       [0.        , 0.12459837],
       [0.        , 0.12495349],
       [0.        , 0.12505792],
       [0.        , 0.12514697],
       [0.        , 0.12521386],
       [0.        , 0.12530892],
       [0.        , 0.12749763],
       [0.        , 0.12944314],
       [0.        , 0.12978062],
       [0.        , 0.13116656],
       [0.        , 0.13152754],
       [0.        , 0.13229185],
       [0.        , 0.13304372],
       [0.        , 0.13489085],
       [0.        , 0.13951378],
       [0.        , 0.14053106],
       [0.        , 0.14225145],
       [0.        , 0.14354934],
       [0.        , 0.14379145],
       [0.        , 0.14408451],
       [0.        , 0.14423384],
       [0.        , 0.14451998],
       [0.        , 0.14613606],
       [0.        , 0.14628488],
       [0.        , 0.14688501],
       [0.        , 0.1472141 ],
       [0.        , 0.14781834],
       [0.        , 0.14795712],
       [0.        , 0.14947902],
       [0.        , 0.15099099],
       [0.        , 0.15231015],
       [0.        , 0.15319361],
       [0.        , 0.15444197],
       [0.        , 0.15460798],
       [0.        , 0.15463181],
       [0.        , 0.1547174 ],
       [0.        , 0.1551968 ],
       [0.        , 0.15562631],
       [0.        , 0.15609497],
       [0.        , 0.15677325],
       [0.        , 0.15788783],
       [0.        , 0.15792456],
       [0.        , 0.15879568],
       [0.        , 0.1594138 ],
       [0.        , 0.15970288],
       [0.        , 0.15974152],
       [0.        , 0.16051939],
       [0.        , 0.16114537],
       [0.        , 0.16137703],
       [0.        , 0.16141444],
       [0.        , 0.16264668],
       [0.        , 0.16361871],
       [0.        , 0.16382602],
       [0.        , 0.16402957],
       [0.        , 0.16442262],
       [0.        , 0.16455689],
       [0.        , 0.16484758],
       [0.        , 0.1648739 ],
       [0.        , 0.16514662],
       [0.        , 0.16523309],
       [0.        , 0.16560689],
       [0.        , 0.16587099],
       [0.        , 0.16596338],
       [0.        , 0.16618702],
       [0.        , 0.16651347],
       [0.        , 0.16706103],
       [0.        , 0.16735192],
       [0.        , 0.167657  ],
       [0.        , 0.16771924],
       [0.        , 0.16798736],
       [0.        , 0.16821618],
       [0.        , 0.16855586],
       [0.        , 0.16926283],
       [0.        , 0.17018333],
       [0.        , 0.17036907],
       [0.        , 0.1704731 ],
       [0.        , 0.17117697],
       [0.        , 0.17171068],
       [0.        , 0.17200154],
       [0.        , 0.17241712],
       [0.        , 0.17261003],
       [0.        , 0.17303352],
       [0.        , 0.17362235],
       [0.        , 0.17393897],
       [0.        , 0.17400509],
       [0.        , 0.17414646],
       [0.        , 0.17423031],
       [0.        , 0.17464054],
       [0.        , 0.17555675],
       [0.        , 0.17609808],
       [0.        , 0.17630802],
       [0.        , 0.17639689],
       [0.        , 0.17654744],
       [0.        , 0.17670996],
       [0.        , 0.17673552],
       [0.        , 0.17679834],
       [0.        , 0.17681327],
       [0.        , 0.17697017],
       [0.        , 0.17768472],
       [0.        , 0.17793956],
       [0.        , 0.1792313 ],
       [0.        , 0.17933482],
       [0.        , 0.1796447 ],
       [0.        , 0.17964613],
       [0.        , 0.17983069],
       [0.        , 0.18012418],
       [0.        , 0.18053938],
       [0.        , 0.18058112],
       [0.        , 0.18064298],
       [0.        , 0.18067791],
       [0.        , 0.18088552],
       [0.        , 0.18092644],
       [0.        , 0.18257737],
       [0.        , 0.18258236],
       [0.        , 0.18278807],
       [0.        , 0.18300372],
       [0.        , 0.18319553],
       [0.        , 0.18325286],
       [0.        , 0.18344094],
       [0.        , 0.18368934],
       [0.        , 0.18449867],
       [0.        , 0.18534744],
       [0.        , 0.18539217],
       [0.        , 0.18544865],
       [0.        , 0.18628478],
       [0.        , 0.18650614],
       [0.        , 0.18679667],
       [0.        , 0.18724845],
       [0.        , 0.18765415],
       [0.        , 0.18792628],
       [0.        , 0.18801913],
       [0.        , 0.18819608],
       [0.        , 0.18853861],
       [0.        , 0.18918036],
       [0.        , 0.18934719],
       [0.        , 0.1896349 ],
       [0.        , 0.19015576],
       [0.        , 0.19056937],
       [0.        , 0.19064644],
       [0.        , 0.19111396],
       [0.        , 0.19171648],
       [0.        , 0.19180711],
       [0.        , 0.19244267],
       [0.        , 0.1935171 ],
       [0.        , 0.19372393],
       [0.        , 0.19390951],
       [0.        , 0.1941471 ],
       [0.        , 0.19493331],
       [0.        , 0.19562306],
       [0.        , 0.19659039],
       [0.        , 0.19697544],
       [0.        , 0.19699812],
       [0.        , 0.19867724],
       [0.        , 0.19876459],
       [0.        , 0.19922599],
       [0.        , 0.20014857],
       [0.        , 0.20029715],
       [0.        , 0.20307527],
       [0.        , 0.2096613 ],
       [0.        ,        inf]]), array([], shape=(0, 2), dtype=float64)]",False
132,0.19957798719406128,0.0025798678398132324,0.15192800523205238,99.78,4.861375259433116,2,0.0027823448181152344,0.0016623139381408691,0.0019511878490447998,0.16,0.5994550690180837,"[array([[0.        , 0.09028479],
       [0.        , 0.09360617],
       [0.        , 0.09523675],
       [0.        , 0.09832335],
       [0.        , 0.09906363],
       [0.        , 0.09909354],
       [0.        , 0.10043865],
       [0.        , 0.10070216],
       [0.        , 0.10355055],
       [0.        , 0.10528746],
       [0.        , 0.10541929],
       [0.        , 0.10550635],
       [0.        , 0.10560107],
       [0.        , 0.10675944],
       [0.        , 0.10707014],
       [0.        , 0.10749517],
       [0.        , 0.10879945],
       [0.        , 0.10886176],
       [0.        , 0.10936148],
       [0.        , 0.11020229],
       [0.        , 0.11030404],
       [0.        , 0.11049966],
       [0.        , 0.11096176],
       [0.        , 0.11179125],
       [0.        , 0.1135994 ],
       [0.        , 0.11432597],
       [0.        , 0.1150218 ],
       [0.        , 0.11515439],
       [0.        , 0.11550342],
       [0.        , 0.11963121],
       [0.        , 0.11986774],
       [0.        , 0.12065811],
       [0.        , 0.12110982],
       [0.        , 0.12249997],
       [0.        , 0.12279889],
       [0.        , 0.12459837],
       [0.        , 0.12495349],
       [0.        , 0.12514697],
       [0.        , 0.12530892],
       [0.        , 0.12562174],
       [0.        , 0.12938726],
       [0.        , 0.12955946],
       [0.        , 0.13109675],
       [0.        , 0.13116656],
       [0.        , 0.13304372],
       [0.        , 0.13489085],
       [0.        , 0.14354934],
       [0.        , 0.14513972],
       [0.        , 0.1465283 ],
       [0.        , 0.14768238],
       [0.        , 0.14947902],
       [0.        , 0.1506501 ],
       [0.        , 0.15068944],
       [0.        , 0.15152691],
       [0.        , 0.15319361],
       [0.        , 0.1547174 ],
       [0.        , 0.15672836],
       [0.        , 0.15735841],
       [0.        , 0.15741776],
       [0.        , 0.15856382],
       [0.        , 0.15879568],
       [0.        , 0.15885577],
       [0.        , 0.15965292],
       [0.        , 0.15972166],
       [0.        , 0.15991673],
       [0.        , 0.16130482],
       [0.        , 0.16304336],
       [0.        , 0.16316706],
       [0.        , 0.16484758],
       [0.        , 0.16523309],
       [0.        , 0.16594581],
       [0.        , 0.16651347],
       [0.        , 0.16661495],
       [0.        , 0.1669281 ],
       [0.        , 0.16715731],
       [0.        , 0.167657  ],
       [0.        , 0.16824386],
       [0.        , 0.16905653],
       [0.        , 0.16921322],
       [0.        , 0.16987954],
       [0.        , 0.1698882 ],
       [0.        , 0.1712376 ],
       [0.        , 0.17128998],
       [0.        , 0.1713239 ],
       [0.        , 0.17134054],
       [0.        , 0.17204578],
       [0.        , 0.17258488],
       [0.        , 0.17269476],
       [0.        , 0.17351812],
       [0.        , 0.17362235],
       [0.        , 0.17380963],
       [0.        , 0.17389134],
       [0.        , 0.17400509],
       [0.        , 0.1741066 ],
       [0.        , 0.17470668],
       [0.        , 0.17517166],
       [0.        , 0.17575663],
       [0.        , 0.17579475],
       [0.        , 0.17628631],
       [0.        , 0.17652078],
       [0.        , 0.17653356],
       [0.        , 0.17681327],
       [0.        , 0.17768472],
       [0.        , 0.17946769],
       [0.        , 0.18000855],
       [0.        , 0.18067057],
       [0.        , 0.18141989],
       [0.        , 0.18167239],
       [0.        , 0.18205087],
       [0.        , 0.18206242],
       [0.        , 0.18236622],
       [0.        , 0.18240026],
       [0.        , 0.18301429],
       [0.        , 0.1845738 ],
       [0.        , 0.1852129 ],
       [0.        , 0.18534744],
       [0.        , 0.18549496],
       [0.        , 0.18568791],
       [0.        , 0.18671587],
       [0.        , 0.18679667],
       [0.        , 0.18801913],
       [0.        , 0.18810406],
       [0.        , 0.18819608],
       [0.        , 0.1896349 ],
       [0.        , 0.189942  ],
       [0.        , 0.19111396],
       [0.        , 0.19120124],
       [0.        , 0.19131538],
       [0.        , 0.19390951],
       [0.        , 0.19675641],
       [0.        , 0.19699812],
       [0.        , 0.19957799],
       [0.        ,        inf]]), array([[0.12978062, 0.13256297],
       [0.10665418, 0.10777421]])]",False
206,0.2096613049507141,0.005590483546257019,0.1589379610801206,155.18,5.311270157282718,2,0.0050400495529174805,0.004632547497749329,0.002723775804042816,0.3,0.2658933462079293,"[array([[0.        , 0.09360617],
       [0.        , 0.09832335],
       [0.        , 0.09884338],
       [0.        , 0.09906363],
       [0.        , 0.10043865],
       [0.        , 0.10149379],
       [0.        , 0.10528746],
       [0.        , 0.10550635],
       [0.        , 0.10560107],
       [0.        , 0.10675944],
       [0.        , 0.10697581],
       [0.        , 0.10707014],
       [0.        , 0.10742414],
       [0.        , 0.10749517],
       [0.        , 0.11030404],
       [0.        , 0.11049966],
       [0.        , 0.11096176],
       [0.        , 0.11111743],
       [0.        , 0.11310107],
       [0.        , 0.11381237],
       [0.        , 0.11432597],
       [0.        , 0.1150218 ],
       [0.        , 0.11515439],
       [0.        , 0.11550342],
       [0.        , 0.11695814],
       [0.        , 0.11827139],
       [0.        , 0.11891481],
       [0.        , 0.11963121],
       [0.        , 0.12031449],
       [0.        , 0.12063984],
       [0.        , 0.12072835],
       [0.        , 0.12297012],
       [0.        , 0.12311234],
       [0.        , 0.12429306],
       [0.        , 0.12432688],
       [0.        , 0.12459837],
       [0.        , 0.12495349],
       [0.        , 0.12639005],
       [0.        , 0.12749763],
       [0.        , 0.12785247],
       [0.        , 0.12906386],
       [0.        , 0.12944314],
       [0.        , 0.12971132],
       [0.        , 0.12978062],
       [0.        , 0.13020302],
       [0.        , 0.13116656],
       [0.        , 0.13127898],
       [0.        , 0.13152754],
       [0.        , 0.13280834],
       [0.        , 0.13448888],
       [0.        , 0.13489085],
       [0.        , 0.13656537],
       [0.        , 0.13775572],
       [0.        , 0.1386247 ],
       [0.        , 0.13951378],
       [0.        , 0.14053106],
       [0.        , 0.14298554],
       [0.        , 0.14386615],
       [0.        , 0.14408451],
       [0.        , 0.14423384],
       [0.        , 0.14628488],
       [0.        , 0.14688501],
       [0.        , 0.14689629],
       [0.        , 0.1472141 ],
       [0.        , 0.14752741],
       [0.        , 0.14781834],
       [0.        , 0.14795712],
       [0.        , 0.14814167],
       [0.        , 0.15055045],
       [0.        , 0.15076526],
       [0.        , 0.15099099],
       [0.        , 0.15138407],
       [0.        , 0.15379421],
       [0.        , 0.15444197],
       [0.        , 0.15460798],
       [0.        , 0.1551968 ],
       [0.        , 0.15577227],
       [0.        , 0.15609497],
       [0.        , 0.15677325],
       [0.        , 0.15788783],
       [0.        , 0.15792456],
       [0.        , 0.15906753],
       [0.        , 0.15937522],
       [0.        , 0.1594138 ],
       [0.        , 0.15970288],
       [0.        , 0.15974152],
       [0.        , 0.16026869],
       [0.        , 0.1602848 ],
       [0.        , 0.16054909],
       [0.        , 0.16074041],
       [0.        , 0.16114537],
       [0.        , 0.16137703],
       [0.        , 0.16141444],
       [0.        , 0.16264668],
       [0.        , 0.16361871],
       [0.        , 0.16382602],
       [0.        , 0.16396929],
       [0.        , 0.16402957],
       [0.        , 0.16442262],
       [0.        , 0.16455689],
       [0.        , 0.1648739 ],
       [0.        , 0.16514662],
       [0.        , 0.16554916],
       [0.        , 0.16560689],
       [0.        , 0.16587099],
       [0.        , 0.16596338],
       [0.        , 0.16618702],
       [0.        , 0.16628234],
       [0.        , 0.16632937],
       [0.        , 0.16699606],
       [0.        , 0.16706103],
       [0.        , 0.16735192],
       [0.        , 0.16771924],
       [0.        , 0.16844131],
       [0.        , 0.16926283],
       [0.        , 0.16958451],
       [0.        , 0.1704731 ],
       [0.        , 0.17116816],
       [0.        , 0.17117697],
       [0.        , 0.17120583],
       [0.        , 0.17157145],
       [0.        , 0.17165674],
       [0.        , 0.17171068],
       [0.        , 0.17185244],
       [0.        , 0.17200154],
       [0.        , 0.17241712],
       [0.        , 0.17257597],
       [0.        , 0.17261003],
       [0.        , 0.17349188],
       [0.        , 0.17393897],
       [0.        , 0.17414646],
       [0.        , 0.17424841],
       [0.        , 0.17449318],
       [0.        , 0.17459178],
       [0.        , 0.17493668],
       [0.        , 0.17555675],
       [0.        , 0.17567964],
       [0.        , 0.17609808],
       [0.        , 0.17611749],
       [0.        , 0.17660587],
       [0.        , 0.17670996],
       [0.        , 0.17673552],
       [0.        , 0.17679834],
       [0.        , 0.17697017],
       [0.        , 0.17793956],
       [0.        , 0.17880572],
       [0.        , 0.17907789],
       [0.        , 0.17911251],
       [0.        , 0.1792313 ],
       [0.        , 0.17933482],
       [0.        , 0.1796447 ],
       [0.        , 0.17983069],
       [0.        , 0.17990528],
       [0.        , 0.18053938],
       [0.        , 0.18058112],
       [0.        , 0.18064298],
       [0.        , 0.18067791],
       [0.        , 0.18088552],
       [0.        , 0.18092644],
       [0.        , 0.18257737],
       [0.        , 0.18300372],
       [0.        , 0.18319553],
       [0.        , 0.18325286],
       [0.        , 0.18344094],
       [0.        , 0.18363778],
       [0.        , 0.18449867],
       [0.        , 0.18486804],
       [0.        , 0.18544865],
       [0.        , 0.18568791],
       [0.        , 0.18650614],
       [0.        , 0.18653949],
       [0.        , 0.18687756],
       [0.        , 0.18724845],
       [0.        , 0.18792628],
       [0.        , 0.18853861],
       [0.        , 0.18869284],
       [0.        , 0.18915944],
       [0.        , 0.18918036],
       [0.        , 0.1891827 ],
       [0.        , 0.18934719],
       [0.        , 0.18966585],
       [0.        , 0.18969317],
       [0.        , 0.18999232],
       [0.        , 0.19015576],
       [0.        , 0.19064644],
       [0.        , 0.1908669 ],
       [0.        , 0.19171648],
       [0.        , 0.19221845],
       [0.        , 0.19325803],
       [0.        , 0.1935171 ],
       [0.        , 0.19372393],
       [0.        , 0.19378611],
       [0.        , 0.1941471 ],
       [0.        , 0.19493331],
       [0.        , 0.19562306],
       [0.        , 0.19659039],
       [0.        , 0.19697544],
       [0.        , 0.19846845],
       [0.        , 0.19922599],
       [0.        , 0.20014857],
       [0.        , 0.20029715],
       [0.        , 0.20045955],
       [0.        , 0.20307527],
       [0.        , 0.20386396],
       [0.        , 0.20407082],
       [0.        , 0.2096613 ],
       [0.        ,        inf]]), array([[0.14343978, 0.14384729],
       [0.12488109, 0.12992114]])]",False
99,0.19777868688106537,0.004339545965194702,0.15305531318440582,76.16,4.576323357030474,0,0.0,0.0,0.0,0.0,0.0,"[array([[0.        , 0.09360617],
       [0.        , 0.09832335],
       [0.        , 0.09884338],
       [0.        , 0.09906363],
       [0.        , 0.10043865],
       [0.        , 0.10528746],
       [0.        , 0.10550635],
       [0.        , 0.10707014],
       [0.        , 0.10742414],
       [0.        , 0.10749517],
       [0.        , 0.10911847],
       [0.        , 0.10936148],
       [0.        , 0.11030404],
       [0.        , 0.11049966],
       [0.        , 0.11096176],
       [0.        , 0.11179125],
       [0.        , 0.11381237],
       [0.        , 0.11515816],
       [0.        , 0.11827139],
       [0.        , 0.11963121],
       [0.        , 0.11975158],
       [0.        , 0.12196708],
       [0.        , 0.12459837],
       [0.        , 0.12495349],
       [0.        , 0.12505792],
       [0.        , 0.12530892],
       [0.        , 0.12978062],
       [0.        , 0.13043648],
       [0.        , 0.13116656],
       [0.        , 0.13489085],
       [0.        , 0.1373122 ],
       [0.        , 0.13964829],
       [0.        , 0.14023618],
       [0.        , 0.14298554],
       [0.        , 0.14354934],
       [0.        , 0.14379145],
       [0.        , 0.14744817],
       [0.        , 0.14814167],
       [0.        , 0.14977103],
       [0.        , 0.15030405],
       [0.        , 0.15044302],
       [0.        , 0.15463181],
       [0.        , 0.1551968 ],
       [0.        , 0.15749855],
       [0.        , 0.15788783],
       [0.        , 0.1602848 ],
       [0.        , 0.16288048],
       [0.        , 0.16383483],
       [0.        , 0.16516048],
       [0.        , 0.16561741],
       [0.        , 0.16574831],
       [0.        , 0.16612799],
       [0.        , 0.1673511 ],
       [0.        , 0.16771924],
       [0.        , 0.16785429],
       [0.        , 0.16799039],
       [0.        , 0.16821618],
       [0.        , 0.16844131],
       [0.        , 0.16855586],
       [0.        , 0.16974004],
       [0.        , 0.17018333],
       [0.        , 0.17036907],
       [0.        , 0.17038804],
       [0.        , 0.17094208],
       [0.        , 0.1711684 ],
       [0.        , 0.17120583],
       [0.        , 0.17185244],
       [0.        , 0.17303352],
       [0.        , 0.17379877],
       [0.        , 0.17390485],
       [0.        , 0.17423031],
       [0.        , 0.17457305],
       [0.        , 0.17464054],
       [0.        , 0.17585257],
       [0.        , 0.17594486],
       [0.        , 0.1763909 ],
       [0.        , 0.17639689],
       [0.        , 0.17646983],
       [0.        , 0.17654744],
       [0.        , 0.17964613],
       [0.        , 0.17996137],
       [0.        , 0.18012418],
       [0.        , 0.18158248],
       [0.        , 0.18258236],
       [0.        , 0.18278807],
       [0.        , 0.18300372],
       [0.        , 0.18301429],
       [0.        , 0.18324928],
       [0.        , 0.18325239],
       [0.        , 0.18368934],
       [0.        , 0.18628478],
       [0.        , 0.18765415],
       [0.        , 0.18819608],
       [0.        , 0.18868688],
       [0.        , 0.19056937],
       [0.        , 0.19180711],
       [0.        , 0.19302468],
       [0.        , 0.19343914],
       [0.        , 0.19777869],
       [0.        ,        inf]]), array([], shape=(0, 2), dtype=float64)]",False
77,0.19111090898513794,0.001055702567100525,0.14699650430060052,58.8,4.325819619563574,2,0.004249453544616699,0.0038419514894485474,0.0023284777998924255,0.18,0.29672454021736283,"[array([[0.        , 0.09906363],
       [0.        , 0.09909354],
       [0.        , 0.10043865],
       [0.        , 0.10550635],
       [0.        , 0.10560107],
       [0.        , 0.10742414],
       [0.        , 0.10749517],
       [0.        , 0.10936148],
       [0.        , 0.11030404],
       [0.        , 0.11179125],
       [0.        , 0.11261448],
       [0.        , 0.11387531],
       [0.        , 0.11432597],
       [0.        , 0.11515439],
       [0.        , 0.11529572],
       [0.        , 0.11641855],
       [0.        , 0.1183588 ],
       [0.        , 0.11963121],
       [0.        , 0.12130774],
       [0.        , 0.12372223],
       [0.        , 0.12420486],
       [0.        , 0.12432688],
       [0.        , 0.12459837],
       [0.        , 0.12479368],
       [0.        , 0.12495349],
       [0.        , 0.12530892],
       [0.        , 0.12554002],
       [0.        , 0.12749763],
       [0.        , 0.12978062],
       [0.        , 0.13380259],
       [0.        , 0.13489085],
       [0.        , 0.13776323],
       [0.        , 0.13815616],
       [0.        , 0.14225145],
       [0.        , 0.14487444],
       [0.        , 0.14947902],
       [0.        , 0.15050736],
       [0.        , 0.15106267],
       [0.        , 0.15198794],
       [0.        , 0.15506949],
       [0.        , 0.15516536],
       [0.        , 0.15545559],
       [0.        , 0.15706147],
       [0.        , 0.15782833],
       [0.        , 0.15805763],
       [0.        , 0.15851125],
       [0.        , 0.1591834 ],
       [0.        , 0.1602848 ],
       [0.        , 0.16079156],
       [0.        , 0.16141444],
       [0.        , 0.16197702],
       [0.        , 0.16729961],
       [0.        , 0.16853108],
       [0.        , 0.16912337],
       [0.        , 0.17146039],
       [0.        , 0.17167817],
       [0.        , 0.17245153],
       [0.        , 0.17290638],
       [0.        , 0.17303352],
       [0.        , 0.17320687],
       [0.        , 0.17377718],
       [0.        , 0.1739147 ],
       [0.        , 0.17526686],
       [0.        , 0.17529938],
       [0.        , 0.17553587],
       [0.        , 0.17772126],
       [0.        , 0.17868009],
       [0.        , 0.17914008],
       [0.        , 0.18058112],
       [0.        , 0.18153749],
       [0.        , 0.18301429],
       [0.        , 0.1852632 ],
       [0.        , 0.18726042],
       [0.        , 0.18819608],
       [0.        , 0.18932153],
       [0.        , 0.19005521],
       [0.        , 0.19111091],
       [0.        ,        inf]]), array([[0.1627229 , 0.16697235],
       [0.14343978, 0.14384729]])]",False
92,0.20329958200454712,0.004647344350814819,0.15194873527988143,68.3,4.502571394070052,3,0.0024173855781555176,0.0015033483505249023,0.001110797127087911,0.2,0.5900422745721436,"[array([[0.        , 0.09360617],
       [0.        , 0.09600542],
       [0.        , 0.09832335],
       [0.        , 0.09906363],
       [0.        , 0.10043865],
       [0.        , 0.10550635],
       [0.        , 0.10560107],
       [0.        , 0.10707014],
       [0.        , 0.10742414],
       [0.        , 0.10749517],
       [0.        , 0.11030404],
       [0.        , 0.11096176],
       [0.        , 0.11111743],
       [0.        , 0.11381237],
       [0.        , 0.11432597],
       [0.        , 0.11515816],
       [0.        , 0.11796841],
       [0.        , 0.11963121],
       [0.        , 0.12072835],
       [0.        , 0.12249997],
       [0.        , 0.12432688],
       [0.        , 0.12459837],
       [0.        , 0.12495349],
       [0.        , 0.12639005],
       [0.        , 0.12749763],
       [0.        , 0.12785247],
       [0.        , 0.12798513],
       [0.        , 0.12963006],
       [0.        , 0.12978062],
       [0.        , 0.13447379],
       [0.        , 0.13489085],
       [0.        , 0.13551801],
       [0.        , 0.13806018],
       [0.        , 0.13915548],
       [0.        , 0.14208648],
       [0.        , 0.14341918],
       [0.        , 0.14487444],
       [0.        , 0.14947902],
       [0.        , 0.15117626],
       [0.        , 0.1528547 ],
       [0.        , 0.15487595],
       [0.        , 0.1551968 ],
       [0.        , 0.1561415 ],
       [0.        , 0.15678315],
       [0.        , 0.15805763],
       [0.        , 0.15817972],
       [0.        , 0.15937117],
       [0.        , 0.16014226],
       [0.        , 0.16248745],
       [0.        , 0.16394316],
       [0.        , 0.16628234],
       [0.        , 0.16855586],
       [0.        , 0.1700311 ],
       [0.        , 0.17087503],
       [0.        , 0.17123023],
       [0.        , 0.17145489],
       [0.        , 0.17223527],
       [0.        , 0.17283304],
       [0.        , 0.17302759],
       [0.        , 0.17306176],
       [0.        , 0.1739857 ],
       [0.        , 0.17408678],
       [0.        , 0.17445526],
       [0.        , 0.17497979],
       [0.        , 0.17516801],
       [0.        , 0.17519139],
       [0.        , 0.17556645],
       [0.        , 0.17608982],
       [0.        , 0.17651677],
       [0.        , 0.17730591],
       [0.        , 0.17772126],
       [0.        , 0.17784114],
       [0.        , 0.17790416],
       [0.        , 0.17888255],
       [0.        , 0.17897844],
       [0.        , 0.17929272],
       [0.        , 0.17959033],
       [0.        , 0.17961924],
       [0.        , 0.17983219],
       [0.        , 0.18042892],
       [0.        , 0.18163189],
       [0.        , 0.18224682],
       [0.        , 0.18239807],
       [0.        , 0.18257737],
       [0.        , 0.18259093],
       [0.        , 0.18472874],
       [0.        , 0.18710583],
       [0.        , 0.18716879],
       [0.        , 0.19048858],
       [0.        , 0.19214723],
       [0.        , 0.19865224],
       [0.        , 0.20329958],
       [0.        ,        inf]]), array([[0.14203677, 0.14203773],
       [0.1414299 , 0.14384729],
       [0.12849204, 0.12940608]])]",False
103,0.20452149212360382,0.0036987513303756714,0.15294825763088984,76.54,4.6122202008334785,2,0.0068127065896987915,0.003265954554080963,0.00517972931265831,1.5,0.642593987383153,"[array([[0.        , 0.09360617],
       [0.        , 0.09505783],
       [0.        , 0.09751464],
       [0.        , 0.09832335],
       [0.        , 0.10016502],
       [0.        , 0.10043865],
       [0.        , 0.10550635],
       [0.        , 0.10560107],
       [0.        , 0.10685844],
       [0.        , 0.10707014],
       [0.        , 0.10749517],
       [0.        , 0.10911847],
       [0.        , 0.10936148],
       [0.        , 0.11020229],
       [0.        , 0.11030404],
       [0.        , 0.11090633],
       [0.        , 0.11096176],
       [0.        , 0.11128757],
       [0.        , 0.11515439],
       [0.        , 0.11515816],
       [0.        , 0.11805908],
       [0.        , 0.1183588 ],
       [0.        , 0.11922177],
       [0.        , 0.1193398 ],
       [0.        , 0.11963121],
       [0.        , 0.12429306],
       [0.        , 0.12432688],
       [0.        , 0.12459837],
       [0.        , 0.12495349],
       [0.        , 0.12505792],
       [0.        , 0.1254465 ],
       [0.        , 0.12562174],
       [0.        , 0.12880211],
       [0.        , 0.13116656],
       [0.        , 0.1313933 ],
       [0.        , 0.13258807],
       [0.        , 0.13440865],
       [0.        , 0.13980357],
       [0.        , 0.14160265],
       [0.        , 0.14341511],
       [0.        , 0.14354934],
       [0.        , 0.14379145],
       [0.        , 0.14744817],
       [0.        , 0.14805371],
       [0.        , 0.14947902],
       [0.        , 0.15463181],
       [0.        , 0.1551968 ],
       [0.        , 0.15788783],
       [0.        , 0.1599509 ],
       [0.        , 0.16345692],
       [0.        , 0.16397686],
       [0.        , 0.164627  ],
       [0.        , 0.16523309],
       [0.        , 0.1673511 ],
       [0.        , 0.16763106],
       [0.        , 0.16794743],
       [0.        , 0.16802931],
       [0.        , 0.16807453],
       [0.        , 0.16855586],
       [0.        , 0.16898568],
       [0.        , 0.16993614],
       [0.        , 0.17018333],
       [0.        , 0.17036907],
       [0.        , 0.17038804],
       [0.        , 0.17120583],
       [0.        , 0.17227513],
       [0.        , 0.17269476],
       [0.        , 0.17303352],
       [0.        , 0.17423031],
       [0.        , 0.17464054],
       [0.        , 0.17523061],
       [0.        , 0.17612429],
       [0.        , 0.17639689],
       [0.        , 0.17646983],
       [0.        , 0.17654744],
       [0.        , 0.17964613],
       [0.        , 0.18012418],
       [0.        , 0.18112268],
       [0.        , 0.18258236],
       [0.        , 0.18278807],
       [0.        , 0.18301429],
       [0.        , 0.18335412],
       [0.        , 0.18361749],
       [0.        , 0.18368684],
       [0.        , 0.18368934],
       [0.        , 0.18438068],
       [0.        , 0.18628478],
       [0.        , 0.18649685],
       [0.        , 0.18723069],
       [0.        , 0.18765415],
       [0.        , 0.18819608],
       [0.        , 0.19056937],
       [0.        , 0.19139469],
       [0.        , 0.19180711],
       [0.        , 0.19244267],
       [0.        , 0.1926948 ],
       [0.        , 0.19274074],
       [0.        , 0.19398174],
       [0.        , 0.19697955],
       [0.        , 0.19777869],
       [0.        , 0.19830468],
       [0.        , 0.20082274],
       [0.        , 0.20452149],
       [0.        ,        inf]]), array([[0.12065811, 0.12420486],
       [0.11849621, 0.12530892]])]",True
135,0.2040708214044571,0.005379661917686462,0.15624749196900262,102.64,4.888807967154984,1,0.00040750205516815186,0.00040750205516815186,0.00040750205516815186,0.98,-0.0,"[array([[0.        , 0.09360617],
       [0.        , 0.09832335],
       [0.        , 0.09884338],
       [0.        , 0.09906363],
       [0.        , 0.10043865],
       [0.        , 0.10550635],
       [0.        , 0.10675944],
       [0.        , 0.10707014],
       [0.        , 0.10742414],
       [0.        , 0.10749517],
       [0.        , 0.10936148],
       [0.        , 0.11030404],
       [0.        , 0.11049966],
       [0.        , 0.11096176],
       [0.        , 0.1121757 ],
       [0.        , 0.11381237],
       [0.        , 0.11695814],
       [0.        , 0.11827139],
       [0.        , 0.11899885],
       [0.        , 0.11963121],
       [0.        , 0.11986774],
       [0.        , 0.12072835],
       [0.        , 0.12429306],
       [0.        , 0.12432688],
       [0.        , 0.12459837],
       [0.        , 0.12495349],
       [0.        , 0.12530892],
       [0.        , 0.12749763],
       [0.        , 0.12841634],
       [0.        , 0.12971132],
       [0.        , 0.12978062],
       [0.        , 0.13054857],
       [0.        , 0.13128637],
       [0.        , 0.13280834],
       [0.        , 0.13489085],
       [0.        , 0.13658053],
       [0.        , 0.13701032],
       [0.        , 0.13738295],
       [0.        , 0.13964829],
       [0.        , 0.14023618],
       [0.        , 0.14042537],
       [0.        , 0.14160265],
       [0.        , 0.14299229],
       [0.        , 0.14341918],
       [0.        , 0.1444506 ],
       [0.        , 0.14628488],
       [0.        , 0.14688501],
       [0.        , 0.14814167],
       [0.        , 0.15044302],
       [0.        , 0.15075935],
       [0.        , 0.15099099],
       [0.        , 0.15329392],
       [0.        , 0.1535272 ],
       [0.        , 0.15411799],
       [0.        , 0.15577227],
       [0.        , 0.15851125],
       [0.        , 0.15906753],
       [0.        , 0.15937117],
       [0.        , 0.15970288],
       [0.        , 0.16026869],
       [0.        , 0.1602848 ],
       [0.        , 0.16262496],
       [0.        , 0.1627229 ],
       [0.        , 0.16300662],
       [0.        , 0.16396929],
       [0.        , 0.16439956],
       [0.        , 0.16480264],
       [0.        , 0.16587099],
       [0.        , 0.16656803],
       [0.        , 0.1665976 ],
       [0.        , 0.16687484],
       [0.        , 0.16727002],
       [0.        , 0.16788711],
       [0.        , 0.16845967],
       [0.        , 0.16852736],
       [0.        , 0.16906965],
       [0.        , 0.16943532],
       [0.        , 0.16961738],
       [0.        , 0.1698126 ],
       [0.        , 0.17021869],
       [0.        , 0.1704731 ],
       [0.        , 0.17185244],
       [0.        , 0.17188357],
       [0.        , 0.17189193],
       [0.        , 0.17205316],
       [0.        , 0.17205894],
       [0.        , 0.17266618],
       [0.        , 0.1727183 ],
       [0.        , 0.17343602],
       [0.        , 0.17343682],
       [0.        , 0.17349188],
       [0.        , 0.17391917],
       [0.        , 0.17408678],
       [0.        , 0.17415577],
       [0.        , 0.17519139],
       [0.        , 0.17567964],
       [0.        , 0.17601864],
       [0.        , 0.17611749],
       [0.        , 0.17652078],
       [0.        , 0.1771701 ],
       [0.        , 0.17826165],
       [0.        , 0.17846867],
       [0.        , 0.1786641 ],
       [0.        , 0.1787502 ],
       [0.        , 0.17906274],
       [0.        , 0.17911251],
       [0.        , 0.17943585],
       [0.        , 0.17988297],
       [0.        , 0.18043534],
       [0.        , 0.18052639],
       [0.        , 0.18069342],
       [0.        , 0.18097159],
       [0.        , 0.18112268],
       [0.        , 0.18112974],
       [0.        , 0.18146169],
       [0.        , 0.18148348],
       [0.        , 0.18301429],
       [0.        , 0.18360253],
       [0.        , 0.1837797 ],
       [0.        , 0.18457669],
       [0.        , 0.18486804],
       [0.        , 0.18697929],
       [0.        , 0.18723069],
       [0.        , 0.18732212],
       [0.        , 0.187692  ],
       [0.        , 0.18819608],
       [0.        , 0.1908188 ],
       [0.        , 0.19091107],
       [0.        , 0.19529048],
       [0.        , 0.1960637 ],
       [0.        , 0.19697955],
       [0.        , 0.19770649],
       [0.        , 0.19790469],
       [0.        , 0.19869116],
       [0.        , 0.20407082],
       [0.        ,        inf]]), array([[0.14343978, 0.14384729]])]",False
49,0.18932153284549713,0.0011254549026489258,0.1409505014212764,36.22,3.8718987585982023,1,0.0011200308799743652,0.0011200308799743652,0.0011200308799743652,0.98,-0.0,"[array([[0.        , 0.09523675],
       [0.        , 0.09906363],
       [0.        , 0.10043865],
       [0.        , 0.10277458],
       [0.        , 0.10550635],
       [0.        , 0.10560107],
       [0.        , 0.10644238],
       [0.        , 0.10936148],
       [0.        , 0.11030404],
       [0.        , 0.1121757 ],
       [0.        , 0.11261448],
       [0.        , 0.1135994 ],
       [0.        , 0.11515816],
       [0.        , 0.11963121],
       [0.        , 0.12342139],
       [0.        , 0.12420486],
       [0.        , 0.12459837],
       [0.        , 0.12495349],
       [0.        , 0.12530892],
       [0.        , 0.12554002],
       [0.        , 0.12841634],
       [0.        , 0.12978062],
       [0.        , 0.13489085],
       [0.        , 0.1355972 ],
       [0.        , 0.1361789 ],
       [0.        , 0.14019492],
       [0.        , 0.14023618],
       [0.        , 0.14425278],
       [0.        , 0.14451441],
       [0.        , 0.14947902],
       [0.        , 0.15335615],
       [0.        , 0.15367106],
       [0.        , 0.1551968 ],
       [0.        , 0.15795512],
       [0.        , 0.16535684],
       [0.        , 0.16647844],
       [0.        , 0.16855586],
       [0.        , 0.16946483],
       [0.        , 0.16980004],
       [0.        , 0.17245153],
       [0.        , 0.17390485],
       [0.        , 0.17528808],
       [0.        , 0.17658725],
       [0.        , 0.17797257],
       [0.        , 0.18301429],
       [0.        , 0.18518992],
       [0.        , 0.18533716],
       [0.        , 0.18819608],
       [0.        , 0.18932153],
       [0.        ,        inf]]), array([[0.10665418, 0.10777421]])]",True
67,0.19705615937709808,0.0014425814151763916,0.1525917580323433,51.42,4.187287909848324,0,0.0,0.0,0.0,0.0,0.0,"[array([[0.        , 0.09360617],
       [0.        , 0.09906363],
       [0.        , 0.10043865],
       [0.        , 0.10550635],
       [0.        , 0.10560107],
       [0.        , 0.10707014],
       [0.        , 0.10749517],
       [0.        , 0.11030404],
       [0.        , 0.11096176],
       [0.        , 0.11822563],
       [0.        , 0.11827139],
       [0.        , 0.11963121],
       [0.        , 0.12459837],
       [0.        , 0.12724522],
       [0.        , 0.12785247],
       [0.        , 0.12978062],
       [0.        , 0.13116656],
       [0.        , 0.13280834],
       [0.        , 0.13489085],
       [0.        , 0.13645159],
       [0.        , 0.13861221],
       [0.        , 0.13980357],
       [0.        , 0.14004286],
       [0.        , 0.14053106],
       [0.        , 0.14340562],
       [0.        , 0.14673327],
       [0.        , 0.14845026],
       [0.        , 0.14947902],
       [0.        , 0.15019125],
       [0.        , 0.150801  ],
       [0.        , 0.15099099],
       [0.        , 0.15239005],
       [0.        , 0.15241623],
       [0.        , 0.15328382],
       [0.        , 0.1551968 ],
       [0.        , 0.15806548],
       [0.        , 0.16056612],
       [0.        , 0.1624853 ],
       [0.        , 0.16262496],
       [0.        , 0.16472423],
       [0.        , 0.167087  ],
       [0.        , 0.16855586],
       [0.        , 0.16974004],
       [0.        , 0.17025144],
       [0.        , 0.17036907],
       [0.        , 0.1704946 ],
       [0.        , 0.17120583],
       [0.        , 0.17331703],
       [0.        , 0.17369159],
       [0.        , 0.17464054],
       [0.        , 0.17612422],
       [0.        , 0.17612429],
       [0.        , 0.17672895],
       [0.        , 0.17726499],
       [0.        , 0.17762232],
       [0.        , 0.18030258],
       [0.        , 0.18040039],
       [0.        , 0.18321298],
       [0.        , 0.18335412],
       [0.        , 0.18571039],
       [0.        , 0.18841469],
       [0.        , 0.19254713],
       [0.        , 0.19302739],
       [0.        , 0.19346464],
       [0.        , 0.19556265],
       [0.        , 0.19561358],
       [0.        , 0.19705616],
       [0.        ,        inf]]), array([], shape=(0, 2), dtype=float64)]",True
95,0.19705615937709808,0.003344133496284485,0.15220777706096048,72.84,4.53689300051884,0,0.0,0.0,0.0,0.0,0.0,"[array([[0.        , 0.09360617],
       [0.        , 0.09832335],
       [0.        , 0.09906363],
       [0.        , 0.10043865],
       [0.        , 0.10550635],
       [0.        , 0.10560107],
       [0.        , 0.10707014],
       [0.        , 0.10749517],
       [0.        , 0.11030404],
       [0.        , 0.11096176],
       [0.        , 0.11179125],
       [0.        , 0.11357039],
       [0.        , 0.11515816],
       [0.        , 0.11822563],
       [0.        , 0.11827139],
       [0.        , 0.11963121],
       [0.        , 0.12065811],
       [0.        , 0.12342139],
       [0.        , 0.1235863 ],
       [0.        , 0.12429306],
       [0.        , 0.12459837],
       [0.        , 0.12785247],
       [0.        , 0.12955657],
       [0.        , 0.12971132],
       [0.        , 0.12978062],
       [0.        , 0.13116656],
       [0.        , 0.13489085],
       [0.        , 0.13645159],
       [0.        , 0.13806018],
       [0.        , 0.13815616],
       [0.        , 0.13861221],
       [0.        , 0.13980357],
       [0.        , 0.14004286],
       [0.        , 0.14023618],
       [0.        , 0.14025602],
       [0.        , 0.1418507 ],
       [0.        , 0.14298554],
       [0.        , 0.14340562],
       [0.        , 0.14673327],
       [0.        , 0.14947902],
       [0.        , 0.15019125],
       [0.        , 0.15060985],
       [0.        , 0.15099099],
       [0.        , 0.15133984],
       [0.        , 0.15239005],
       [0.        , 0.15265121],
       [0.        , 0.15293334],
       [0.        , 0.15328382],
       [0.        , 0.15506031],
       [0.        , 0.1551968 ],
       [0.        , 0.15806548],
       [0.        , 0.15989922],
       [0.        , 0.16082723],
       [0.        , 0.16224384],
       [0.        , 0.16446967],
       [0.        , 0.16472423],
       [0.        , 0.16602519],
       [0.        , 0.16618685],
       [0.        , 0.16625088],
       [0.        , 0.167087  ],
       [0.        , 0.16943532],
       [0.        , 0.16974004],
       [0.        , 0.17036907],
       [0.        , 0.1704731 ],
       [0.        , 0.1704946 ],
       [0.        , 0.17320687],
       [0.        , 0.17328022],
       [0.        , 0.17331   ],
       [0.        , 0.17369159],
       [0.        , 0.1745441 ],
       [0.        , 0.1753373 ],
       [0.        , 0.17612422],
       [0.        , 0.17612429],
       [0.        , 0.17726499],
       [0.        , 0.17744587],
       [0.        , 0.17818992],
       [0.        , 0.17933482],
       [0.        , 0.18040039],
       [0.        , 0.18118727],
       [0.        , 0.18164355],
       [0.        , 0.18321298],
       [0.        , 0.18335412],
       [0.        , 0.18446746],
       [0.        , 0.1854848 ],
       [0.        , 0.18571039],
       [0.        , 0.18574104],
       [0.        , 0.18650614],
       [0.        , 0.18811606],
       [0.        , 0.18841469],
       [0.        , 0.18868688],
       [0.        , 0.19200495],
       [0.        , 0.19209252],
       [0.        , 0.19254713],
       [0.        , 0.19371203],
       [0.        , 0.19705616],
       [0.        ,        inf]]), array([], shape=(0, 2), dtype=float64)]",True
116,0.2100600153207779,0.009220108389854431,0.1556445457169722,85.26,4.735594410720168,1,0.00015453994274139404,0.00015453994274139404,0.00015453994274139404,0.98,-0.0,"[array([[0.        , 0.09360617],
       [0.        , 0.09832335],
       [0.        , 0.09906363],
       [0.        , 0.10043865],
       [0.        , 0.10550635],
       [0.        , 0.10560107],
       [0.        , 0.10707014],
       [0.        , 0.10749517],
       [0.        , 0.11030404],
       [0.        , 0.11096176],
       [0.        , 0.11128757],
       [0.        , 0.11179125],
       [0.        , 0.1135994 ],
       [0.        , 0.11432597],
       [0.        , 0.1150218 ],
       [0.        , 0.11515439],
       [0.        , 0.11515816],
       [0.        , 0.11550342],
       [0.        , 0.117922  ],
       [0.        , 0.11795647],
       [0.        , 0.11963121],
       [0.        , 0.12046551],
       [0.        , 0.12065811],
       [0.        , 0.12110982],
       [0.        , 0.12249997],
       [0.        , 0.12274972],
       [0.        , 0.12412774],
       [0.        , 0.12459837],
       [0.        , 0.12495349],
       [0.        , 0.12785247],
       [0.        , 0.12978062],
       [0.        , 0.13438536],
       [0.        , 0.13489085],
       [0.        , 0.13768676],
       [0.        , 0.13775572],
       [0.        , 0.138586  ],
       [0.        , 0.14096068],
       [0.        , 0.14256233],
       [0.        , 0.14341511],
       [0.        , 0.14513972],
       [0.        , 0.14947902],
       [0.        , 0.15079165],
       [0.        , 0.1531318 ],
       [0.        , 0.15317909],
       [0.        , 0.1551968 ],
       [0.        , 0.15545131],
       [0.        , 0.15675655],
       [0.        , 0.15706147],
       [0.        , 0.1580296 ],
       [0.        , 0.15865126],
       [0.        , 0.15887794],
       [0.        , 0.16059737],
       [0.        , 0.16141444],
       [0.        , 0.16225983],
       [0.        , 0.16399184],
       [0.        , 0.16480853],
       [0.        , 0.16547038],
       [0.        , 0.16582592],
       [0.        , 0.16612799],
       [0.        , 0.16628234],
       [0.        , 0.16629367],
       [0.        , 0.16668282],
       [0.        , 0.16687484],
       [0.        , 0.1669241 ],
       [0.        , 0.16702969],
       [0.        , 0.16715761],
       [0.        , 0.16729924],
       [0.        , 0.16879544],
       [0.        , 0.16883281],
       [0.        , 0.16943532],
       [0.        , 0.16958174],
       [0.        , 0.17006232],
       [0.        , 0.17025737],
       [0.        , 0.17139108],
       [0.        , 0.17169099],
       [0.        , 0.17180973],
       [0.        , 0.17235938],
       [0.        , 0.17269754],
       [0.        , 0.17363378],
       [0.        , 0.17375839],
       [0.        , 0.17556645],
       [0.        , 0.176183  ],
       [0.        , 0.1766742 ],
       [0.        , 0.17697559],
       [0.        , 0.17704885],
       [0.        , 0.17790416],
       [0.        , 0.17805345],
       [0.        , 0.17854553],
       [0.        , 0.17861955],
       [0.        , 0.17886426],
       [0.        , 0.17887442],
       [0.        , 0.17962821],
       [0.        , 0.17982717],
       [0.        , 0.18012957],
       [0.        , 0.18143559],
       [0.        , 0.18259868],
       [0.        , 0.18319735],
       [0.        , 0.18321298],
       [0.        , 0.18435851],
       [0.        , 0.18485957],
       [0.        , 0.1855544 ],
       [0.        , 0.18574104],
       [0.        , 0.18631934],
       [0.        , 0.18723069],
       [0.        , 0.18848243],
       [0.        , 0.18912646],
       [0.        , 0.1919857 ],
       [0.        , 0.19204611],
       [0.        , 0.19226451],
       [0.        , 0.19254713],
       [0.        , 0.19478893],
       [0.        , 0.19565627],
       [0.        , 0.19665663],
       [0.        , 0.19705731],
       [0.        , 0.20083991],
       [0.        , 0.21006002],
       [0.        ,        inf]]), array([[0.14188319, 0.14203773]])]",True
73,0.21373605728149414,0.00952981412410736,0.15244954895891555,51.78,4.267168548625097,0,0.0,0.0,0.0,0.0,0.0,"[array([[0.        , 0.09360617],
       [0.        , 0.0976526 ],
       [0.        , 0.09832335],
       [0.        , 0.09906363],
       [0.        , 0.10043865],
       [0.        , 0.10550635],
       [0.        , 0.10560107],
       [0.        , 0.10675944],
       [0.        , 0.10707014],
       [0.        , 0.10936148],
       [0.        , 0.10967911],
       [0.        , 0.11030404],
       [0.        , 0.11096176],
       [0.        , 0.11695814],
       [0.        , 0.11827139],
       [0.        , 0.11963121],
       [0.        , 0.12065811],
       [0.        , 0.12249997],
       [0.        , 0.12342139],
       [0.        , 0.12429306],
       [0.        , 0.12459837],
       [0.        , 0.12495349],
       [0.        , 0.12530892],
       [0.        , 0.12971132],
       [0.        , 0.12978062],
       [0.        , 0.13127898],
       [0.        , 0.13489085],
       [0.        , 0.14053106],
       [0.        , 0.14251722],
       [0.        , 0.14408451],
       [0.        , 0.14823838],
       [0.        , 0.14845026],
       [0.        , 0.14947902],
       [0.        , 0.15239005],
       [0.        , 0.15562631],
       [0.        , 0.15617242],
       [0.        , 0.16062337],
       [0.        , 0.16668399],
       [0.        , 0.16760164],
       [0.        , 0.1690668 ],
       [0.        , 0.16937424],
       [0.        , 0.16973044],
       [0.        , 0.17061369],
       [0.        , 0.17188156],
       [0.        , 0.17223527],
       [0.        , 0.1723523 ],
       [0.        , 0.1726664 ],
       [0.        , 0.17343682],
       [0.        , 0.17363678],
       [0.        , 0.17514545],
       [0.        , 0.17519139],
       [0.        , 0.17737651],
       [0.        , 0.17794418],
       [0.        , 0.17797461],
       [0.        , 0.17854995],
       [0.        , 0.17887442],
       [0.        , 0.17950247],
       [0.        , 0.17971975],
       [0.        , 0.17989624],
       [0.        , 0.18257737],
       [0.        , 0.18386763],
       [0.        , 0.18547444],
       [0.        , 0.18819608],
       [0.        , 0.18852411],
       [0.        , 0.18868688],
       [0.        , 0.19058572],
       [0.        , 0.1908669 ],
       [0.        , 0.1925313 ],
       [0.        , 0.19625527],
       [0.        , 0.19749734],
       [0.        , 0.19766064],
       [0.        , 0.20420624],
       [0.        , 0.21373606],
       [0.        ,        inf]]), array([], shape=(0, 2), dtype=float64)]",True
115,0.19784626364707947,6.757676601409912e-05,0.14813672537389008,85.64,4.723285639009173,2,0.015080742537975311,0.01021568477153778,0.009972900152206421,1.26,0.5555495534510922,"[array([[0.        , 0.08339889],
       [0.        , 0.09360617],
       [0.        , 0.09505783],
       [0.        , 0.09523675],
       [0.        , 0.09832335],
       [0.        , 0.10043865],
       [0.        , 0.10304289],
       [0.        , 0.10528746],
       [0.        , 0.10550635],
       [0.        , 0.10560107],
       [0.        , 0.10707014],
       [0.        , 0.10742414],
       [0.        , 0.10749517],
       [0.        , 0.1091096 ],
       [0.        , 0.10936148],
       [0.        , 0.11030404],
       [0.        , 0.11096176],
       [0.        , 0.11128757],
       [0.        , 0.11163338],
       [0.        , 0.11179125],
       [0.        , 0.11189751],
       [0.        , 0.11306296],
       [0.        , 0.11355491],
       [0.        , 0.1135994 ],
       [0.        , 0.11381237],
       [0.        , 0.11432597],
       [0.        , 0.11515439],
       [0.        , 0.11515816],
       [0.        , 0.11550342],
       [0.        , 0.11849621],
       [0.        , 0.11864856],
       [0.        , 0.11922177],
       [0.        , 0.11963121],
       [0.        , 0.11975511],
       [0.        , 0.12140132],
       [0.        , 0.12196708],
       [0.        , 0.12459837],
       [0.        , 0.12495349],
       [0.        , 0.1254465 ],
       [0.        , 0.12872158],
       [0.        , 0.12880211],
       [0.        , 0.13072409],
       [0.        , 0.13440865],
       [0.        , 0.13964829],
       [0.        , 0.13971898],
       [0.        , 0.14019492],
       [0.        , 0.14228435],
       [0.        , 0.14282022],
       [0.        , 0.14341918],
       [0.        , 0.14570744],
       [0.        , 0.14943066],
       [0.        , 0.14947902],
       [0.        , 0.14977103],
       [0.        , 0.1501243 ],
       [0.        , 0.15516536],
       [0.        , 0.1551968 ],
       [0.        , 0.1561415 ],
       [0.        , 0.15805763],
       [0.        , 0.15817972],
       [0.        , 0.1588219 ],
       [0.        , 0.15906753],
       [0.        , 0.1595307 ],
       [0.        , 0.15970288],
       [0.        , 0.1602848 ],
       [0.        , 0.16136773],
       [0.        , 0.16141444],
       [0.        , 0.16197859],
       [0.        , 0.16515915],
       [0.        , 0.16537693],
       [0.        , 0.16600379],
       [0.        , 0.16628234],
       [0.        , 0.16746131],
       [0.        , 0.16798499],
       [0.        , 0.16855586],
       [0.        , 0.16872203],
       [0.        , 0.16912337],
       [0.        , 0.16975422],
       [0.        , 0.1697575 ],
       [0.        , 0.17169099],
       [0.        , 0.17245153],
       [0.        , 0.17283304],
       [0.        , 0.17284001],
       [0.        , 0.17303352],
       [0.        , 0.17391917],
       [0.        , 0.17404763],
       [0.        , 0.17523061],
       [0.        , 0.17556645],
       [0.        , 0.17685783],
       [0.        , 0.17746645],
       [0.        , 0.17770015],
       [0.        , 0.17772126],
       [0.        , 0.17784114],
       [0.        , 0.1779038 ],
       [0.        , 0.17861955],
       [0.        , 0.17867988],
       [0.        , 0.17914008],
       [0.        , 0.17914703],
       [0.        , 0.17961924],
       [0.        , 0.17989959],
       [0.        , 0.18064749],
       [0.        , 0.18209755],
       [0.        , 0.18224682],
       [0.        , 0.18301429],
       [0.        , 0.18311445],
       [0.        , 0.18432678],
       [0.        , 0.18472874],
       [0.        , 0.18509756],
       [0.        , 0.186307  ],
       [0.        , 0.18710583],
       [0.        , 0.18723069],
       [0.        , 0.18798214],
       [0.        , 0.18819608],
       [0.        , 0.18932153],
       [0.        , 0.19777869],
       [0.        , 0.19784626],
       [0.        ,        inf]]), array([[0.11986532, 0.13494606],
       [0.1193398 , 0.12420486]])]",False
50,0.19254712760448456,0.00010445713996887207,0.14087887734174728,36.32,3.8907525741159104,0,0.0,0.0,0.0,0.0,0.0,"[array([[0.        , 0.09906363],
       [0.        , 0.10043865],
       [0.        , 0.10550635],
       [0.        , 0.10560107],
       [0.        , 0.10742414],
       [0.        , 0.10749517],
       [0.        , 0.11030404],
       [0.        , 0.11128757],
       [0.        , 0.11179125],
       [0.        , 0.11261448],
       [0.        , 0.1135994 ],
       [0.        , 0.11432597],
       [0.        , 0.11515816],
       [0.        , 0.11641855],
       [0.        , 0.11795647],
       [0.        , 0.11963121],
       [0.        , 0.12046551],
       [0.        , 0.12110982],
       [0.        , 0.12249997],
       [0.        , 0.12412774],
       [0.        , 0.12459837],
       [0.        , 0.12495349],
       [0.        , 0.12562174],
       [0.        , 0.12631659],
       [0.        , 0.12785247],
       [0.        , 0.12978062],
       [0.        , 0.12994631],
       [0.        , 0.13489085],
       [0.        , 0.14341511],
       [0.        , 0.14823838],
       [0.        , 0.14947902],
       [0.        , 0.1531318 ],
       [0.        , 0.1551968 ],
       [0.        , 0.15823166],
       [0.        , 0.16480853],
       [0.        , 0.16625088],
       [0.        , 0.16855586],
       [0.        , 0.16958174],
       [0.        , 0.17169099],
       [0.        , 0.17390485],
       [0.        , 0.17518038],
       [0.        , 0.17556645],
       [0.        , 0.17646983],
       [0.        , 0.17854553],
       [0.        , 0.18321298],
       [0.        , 0.18721847],
       [0.        , 0.18723069],
       [0.        , 0.19226451],
       [0.        , 0.19244267],
       [0.        , 0.19254713],
       [0.        ,        inf]]), array([], shape=(0, 2), dtype=float64)]",False
129,0.20331387221813202,0.002067655324935913,0.1571132244412289,98.92,4.842490754951911,0,0.0,0.0,0.0,0.0,0.0,"[array([[0.        , 0.09360617],
       [0.        , 0.09832335],
       [0.        , 0.09884338],
       [0.        , 0.09906363],
       [0.        , 0.10043865],
       [0.        , 0.10550635],
       [0.        , 0.10560107],
       [0.        , 0.10675944],
       [0.        , 0.10707014],
       [0.        , 0.10742414],
       [0.        , 0.10749517],
       [0.        , 0.10936148],
       [0.        , 0.11030404],
       [0.        , 0.11049966],
       [0.        , 0.11096176],
       [0.        , 0.11326279],
       [0.        , 0.11381237],
       [0.        , 0.11515439],
       [0.        , 0.11827139],
       [0.        , 0.11899885],
       [0.        , 0.11963121],
       [0.        , 0.12342139],
       [0.        , 0.12429306],
       [0.        , 0.12459837],
       [0.        , 0.12495349],
       [0.        , 0.12530892],
       [0.        , 0.12749763],
       [0.        , 0.12841634],
       [0.        , 0.12960148],
       [0.        , 0.12971132],
       [0.        , 0.12978062],
       [0.        , 0.13489085],
       [0.        , 0.13658053],
       [0.        , 0.13701032],
       [0.        , 0.13738295],
       [0.        , 0.13815616],
       [0.        , 0.14023618],
       [0.        , 0.14090779],
       [0.        , 0.14160265],
       [0.        , 0.14229178],
       [0.        , 0.14290868],
       [0.        , 0.14299229],
       [0.        , 0.14563482],
       [0.        , 0.14814167],
       [0.        , 0.14928955],
       [0.        , 0.15099099],
       [0.        , 0.15329392],
       [0.        , 0.1535272 ],
       [0.        , 0.1551968 ],
       [0.        , 0.15623982],
       [0.        , 0.15799522],
       [0.        , 0.15845509],
       [0.        , 0.15851125],
       [0.        , 0.15865126],
       [0.        , 0.15937117],
       [0.        , 0.1612287 ],
       [0.        , 0.16141444],
       [0.        , 0.16300662],
       [0.        , 0.1630889 ],
       [0.        , 0.16439956],
       [0.        , 0.16480264],
       [0.        , 0.16587099],
       [0.        , 0.16651347],
       [0.        , 0.16656803],
       [0.        , 0.16687484],
       [0.        , 0.16696903],
       [0.        , 0.16740642],
       [0.        , 0.16788711],
       [0.        , 0.16845967],
       [0.        , 0.16852736],
       [0.        , 0.16855586],
       [0.        , 0.16906965],
       [0.        , 0.16943532],
       [0.        , 0.16961738],
       [0.        , 0.1698126 ],
       [0.        , 0.1704731 ],
       [0.        , 0.17205316],
       [0.        , 0.17221704],
       [0.        , 0.17227513],
       [0.        , 0.17274521],
       [0.        , 0.17303661],
       [0.        , 0.17328022],
       [0.        , 0.17343602],
       [0.        , 0.17343682],
       [0.        , 0.17391917],
       [0.        , 0.17408678],
       [0.        , 0.17519139],
       [0.        , 0.17601864],
       [0.        , 0.17603637],
       [0.        , 0.17632504],
       [0.        , 0.17652078],
       [0.        , 0.1771701 ],
       [0.        , 0.17757592],
       [0.        , 0.17794302],
       [0.        , 0.17826165],
       [0.        , 0.1787502 ],
       [0.        , 0.17932041],
       [0.        , 0.17943585],
       [0.        , 0.17988297],
       [0.        , 0.18052639],
       [0.        , 0.18102501],
       [0.        , 0.18112268],
       [0.        , 0.18148348],
       [0.        , 0.18168902],
       [0.        , 0.18187845],
       [0.        , 0.18210757],
       [0.        , 0.18291011],
       [0.        , 0.18301429],
       [0.        , 0.18360253],
       [0.        , 0.18598868],
       [0.        , 0.18612944],
       [0.        , 0.18663284],
       [0.        , 0.18697929],
       [0.        , 0.18723069],
       [0.        , 0.18732212],
       [0.        , 0.187692  ],
       [0.        , 0.18789251],
       [0.        , 0.18819608],
       [0.        , 0.18867432],
       [0.        , 0.18974903],
       [0.        , 0.19048858],
       [0.        , 0.19091107],
       [0.        , 0.19567126],
       [0.        , 0.19577177],
       [0.        , 0.1965394 ],
       [0.        , 0.19697955],
       [0.        , 0.19770649],
       [0.        , 0.20124622],
       [0.        , 0.20331387],
       [0.        ,        inf]]), array([], shape=(0, 2), dtype=float64)]",True
194,0.21373605728149414,0.004074752330780029,0.1585982655818315,143.02,5.249570165736738,2,0.0050400495529174805,0.004632547497749329,0.002723775804042816,0.3,0.2658933462079293,"[array([[0.        , 0.08339889],
       [0.        , 0.09360617],
       [0.        , 0.09465762],
       [0.        , 0.09523675],
       [0.        , 0.0976526 ],
       [0.        , 0.09832335],
       [0.        , 0.09906363],
       [0.        , 0.09909354],
       [0.        , 0.10043865],
       [0.        , 0.10502084],
       [0.        , 0.10528746],
       [0.        , 0.10550635],
       [0.        , 0.10560107],
       [0.        , 0.10675944],
       [0.        , 0.10707014],
       [0.        , 0.10742414],
       [0.        , 0.10749517],
       [0.        , 0.10936148],
       [0.        , 0.11030404],
       [0.        , 0.11049966],
       [0.        , 0.11096176],
       [0.        , 0.1135994 ],
       [0.        , 0.11381237],
       [0.        , 0.11432597],
       [0.        , 0.1150218 ],
       [0.        , 0.11515439],
       [0.        , 0.11550342],
       [0.        , 0.11827139],
       [0.        , 0.11963121],
       [0.        , 0.12063984],
       [0.        , 0.12072835],
       [0.        , 0.12309878],
       [0.        , 0.12311234],
       [0.        , 0.12429306],
       [0.        , 0.12432688],
       [0.        , 0.12459837],
       [0.        , 0.12495349],
       [0.        , 0.12505792],
       [0.        , 0.12514697],
       [0.        , 0.12521386],
       [0.        , 0.12530892],
       [0.        , 0.12749763],
       [0.        , 0.12944314],
       [0.        , 0.12978062],
       [0.        , 0.13116656],
       [0.        , 0.13152754],
       [0.        , 0.13304372],
       [0.        , 0.13489085],
       [0.        , 0.13951378],
       [0.        , 0.14053106],
       [0.        , 0.14408451],
       [0.        , 0.14423384],
       [0.        , 0.14613606],
       [0.        , 0.14614762],
       [0.        , 0.14628488],
       [0.        , 0.14688501],
       [0.        , 0.14689629],
       [0.        , 0.1472141 ],
       [0.        , 0.14781834],
       [0.        , 0.14795712],
       [0.        , 0.14928955],
       [0.        , 0.14947902],
       [0.        , 0.15099099],
       [0.        , 0.15231015],
       [0.        , 0.15319361],
       [0.        , 0.15444197],
       [0.        , 0.15457956],
       [0.        , 0.15460798],
       [0.        , 0.1547174 ],
       [0.        , 0.15609497],
       [0.        , 0.15617242],
       [0.        , 0.15677325],
       [0.        , 0.15788783],
       [0.        , 0.15792456],
       [0.        , 0.15803108],
       [0.        , 0.1582884 ],
       [0.        , 0.15879568],
       [0.        , 0.1594138 ],
       [0.        , 0.15970288],
       [0.        , 0.15974152],
       [0.        , 0.16038208],
       [0.        , 0.16053706],
       [0.        , 0.16062337],
       [0.        , 0.16114537],
       [0.        , 0.16137703],
       [0.        , 0.16141444],
       [0.        , 0.1623584 ],
       [0.        , 0.16264668],
       [0.        , 0.16300662],
       [0.        , 0.16361871],
       [0.        , 0.16382602],
       [0.        , 0.16402957],
       [0.        , 0.16442262],
       [0.        , 0.16455689],
       [0.        , 0.16484758],
       [0.        , 0.1648739 ],
       [0.        , 0.16506457],
       [0.        , 0.16514662],
       [0.        , 0.16523309],
       [0.        , 0.16560689],
       [0.        , 0.16587099],
       [0.        , 0.16596338],
       [0.        , 0.16618702],
       [0.        , 0.16651347],
       [0.        , 0.16677859],
       [0.        , 0.167657  ],
       [0.        , 0.16771924],
       [0.        , 0.1690668 ],
       [0.        , 0.16926283],
       [0.        , 0.1704731 ],
       [0.        , 0.17117697],
       [0.        , 0.17171068],
       [0.        , 0.17200154],
       [0.        , 0.17223527],
       [0.        , 0.1723523 ],
       [0.        , 0.17241712],
       [0.        , 0.17257597],
       [0.        , 0.17318672],
       [0.        , 0.17320687],
       [0.        , 0.17334762],
       [0.        , 0.17362235],
       [0.        , 0.17393897],
       [0.        , 0.17400509],
       [0.        , 0.17405695],
       [0.        , 0.17414646],
       [0.        , 0.17491284],
       [0.        , 0.17526686],
       [0.        , 0.17554013],
       [0.        , 0.17555675],
       [0.        , 0.17609808],
       [0.        , 0.17670996],
       [0.        , 0.17673552],
       [0.        , 0.17679834],
       [0.        , 0.17681327],
       [0.        , 0.17697017],
       [0.        , 0.17768472],
       [0.        , 0.17793956],
       [0.        , 0.17794418],
       [0.        , 0.1780812 ],
       [0.        , 0.1792313 ],
       [0.        , 0.17933482],
       [0.        , 0.1796447 ],
       [0.        , 0.17983069],
       [0.        , 0.18027581],
       [0.        , 0.18053938],
       [0.        , 0.18058112],
       [0.        , 0.18064298],
       [0.        , 0.18067791],
       [0.        , 0.18088552],
       [0.        , 0.18092644],
       [0.        , 0.18257737],
       [0.        , 0.18300372],
       [0.        , 0.18319553],
       [0.        , 0.18325286],
       [0.        , 0.18331416],
       [0.        , 0.18344094],
       [0.        , 0.18352361],
       [0.        , 0.18449867],
       [0.        , 0.18534744],
       [0.        , 0.18544865],
       [0.        , 0.18645272],
       [0.        , 0.18650614],
       [0.        , 0.18679667],
       [0.        , 0.18724845],
       [0.        , 0.18792628],
       [0.        , 0.18819608],
       [0.        , 0.18853861],
       [0.        , 0.18918036],
       [0.        , 0.18934719],
       [0.        , 0.1896349 ],
       [0.        , 0.19015576],
       [0.        , 0.19031706],
       [0.        , 0.19064644],
       [0.        , 0.19111396],
       [0.        , 0.19171648],
       [0.        , 0.19256015],
       [0.        , 0.1935171 ],
       [0.        , 0.19372393],
       [0.        , 0.19390951],
       [0.        , 0.1941471 ],
       [0.        , 0.19493331],
       [0.        , 0.19562306],
       [0.        , 0.19625527],
       [0.        , 0.19659039],
       [0.        , 0.19697544],
       [0.        , 0.19699812],
       [0.        , 0.19867724],
       [0.        , 0.19876459],
       [0.        , 0.19922599],
       [0.        , 0.20014857],
       [0.        , 0.20029715],
       [0.        , 0.20307527],
       [0.        , 0.2096613 ],
       [0.        , 0.21373606],
       [0.        ,        inf]]), array([[0.14343978, 0.14384729],
       [0.12488109, 0.12992114]])]",False
136,0.21054282784461975,0.003210291266441345,0.15797043739653685,101.44,4.894676261394725,2,0.0035424232482910156,0.0016650855541229248,0.0027098804712295532,0.16,0.6451816616760058,"[array([[0.        , 0.09360617],
       [0.        , 0.09909354],
       [0.        , 0.10043865],
       [0.        , 0.10149379],
       [0.        , 0.10304289],
       [0.        , 0.10528746],
       [0.        , 0.10550635],
       [0.        , 0.10707014],
       [0.        , 0.10742414],
       [0.        , 0.10749517],
       [0.        , 0.10936148],
       [0.        , 0.11020229],
       [0.        , 0.11030404],
       [0.        , 0.11090633],
       [0.        , 0.11096176],
       [0.        , 0.11189751],
       [0.        , 0.11550342],
       [0.        , 0.11644582],
       [0.        , 0.1183588 ],
       [0.        , 0.11963121],
       [0.        , 0.12014517],
       [0.        , 0.12130774],
       [0.        , 0.12309878],
       [0.        , 0.12420486],
       [0.        , 0.12459837],
       [0.        , 0.12495349],
       [0.        , 0.12505792],
       [0.        , 0.12530892],
       [0.        , 0.12606899],
       [0.        , 0.12702411],
       [0.        , 0.12797414],
       [0.        , 0.12880211],
       [0.        , 0.1288262 ],
       [0.        , 0.12978062],
       [0.        , 0.13088767],
       [0.        , 0.13329279],
       [0.        , 0.13489085],
       [0.        , 0.13658053],
       [0.        , 0.14019492],
       [0.        , 0.1407133 ],
       [0.        , 0.14379145],
       [0.        , 0.14555022],
       [0.        , 0.14570744],
       [0.        , 0.14685299],
       [0.        , 0.14726214],
       [0.        , 0.14790368],
       [0.        , 0.14947902],
       [0.        , 0.14977103],
       [0.        , 0.15099099],
       [0.        , 0.15126131],
       [0.        , 0.15158321],
       [0.        , 0.1523068 ],
       [0.        , 0.15250455],
       [0.        , 0.15675388],
       [0.        , 0.15806548],
       [0.        , 0.1591834 ],
       [0.        , 0.15940003],
       [0.        , 0.1596628 ],
       [0.        , 0.1602848 ],
       [0.        , 0.16173325],
       [0.        , 0.16214362],
       [0.        , 0.16423719],
       [0.        , 0.16442262],
       [0.        , 0.16478781],
       [0.        , 0.16541854],
       [0.        , 0.16561741],
       [0.        , 0.16600974],
       [0.        , 0.16622055],
       [0.        , 0.16634753],
       [0.        , 0.16703372],
       [0.        , 0.16758932],
       [0.        , 0.16799039],
       [0.        , 0.16847838],
       [0.        , 0.16883281],
       [0.        , 0.16898568],
       [0.        , 0.16943532],
       [0.        , 0.17038804],
       [0.        , 0.170423  ],
       [0.        , 0.17194411],
       [0.        , 0.17245153],
       [0.        , 0.17269476],
       [0.        , 0.17279448],
       [0.        , 0.17303352],
       [0.        , 0.17348525],
       [0.        , 0.17363581],
       [0.        , 0.17390485],
       [0.        , 0.17414646],
       [0.        , 0.17518038],
       [0.        , 0.17519139],
       [0.        , 0.17523061],
       [0.        , 0.17637651],
       [0.        , 0.17642689],
       [0.        , 0.17646983],
       [0.        , 0.17688815],
       [0.        , 0.17703944],
       [0.        , 0.17704591],
       [0.        , 0.17750688],
       [0.        , 0.17772126],
       [0.        , 0.17854553],
       [0.        , 0.17858706],
       [0.        , 0.17906579],
       [0.        , 0.17927256],
       [0.        , 0.17955042],
       [0.        , 0.17960198],
       [0.        , 0.1807    ],
       [0.        , 0.18123257],
       [0.        , 0.18143559],
       [0.        , 0.18168902],
       [0.        , 0.18239807],
       [0.        , 0.18268962],
       [0.        , 0.18273236],
       [0.        , 0.18301429],
       [0.        , 0.18472295],
       [0.        , 0.18536447],
       [0.        , 0.18645638],
       [0.        , 0.18652242],
       [0.        , 0.18722321],
       [0.        , 0.18723069],
       [0.        , 0.18819608],
       [0.        , 0.1888335 ],
       [0.        , 0.18890098],
       [0.        , 0.18930556],
       [0.        , 0.18932153],
       [0.        , 0.19048858],
       [0.        , 0.19188692],
       [0.        , 0.19352096],
       [0.        , 0.19450054],
       [0.        , 0.19620536],
       [0.        , 0.19777869],
       [0.        , 0.20166998],
       [0.        , 0.20260331],
       [0.        , 0.20424546],
       [0.        , 0.20452149],
       [0.        , 0.20476957],
       [0.        , 0.20733254],
       [0.        , 0.21054283],
       [0.        ,        inf]]), array([[0.16726226, 0.16913959],
       [0.1351454 , 0.13868782]])]",True
72,0.2041398584842682,0.014818325638771057,0.14617653532574573,51.24,4.258162805920477,1,0.0024173855781555176,0.0024173855781555176,0.0024173855781555176,0.98,-0.0,"[array([[0.        , 0.09360617],
       [0.        , 0.09832335],
       [0.        , 0.10043865],
       [0.        , 0.10550635],
       [0.        , 0.10560107],
       [0.        , 0.10707014],
       [0.        , 0.10936148],
       [0.        , 0.11030404],
       [0.        , 0.11096176],
       [0.        , 0.11179125],
       [0.        , 0.11189751],
       [0.        , 0.11355491],
       [0.        , 0.11387531],
       [0.        , 0.11432597],
       [0.        , 0.11515816],
       [0.        , 0.1183588 ],
       [0.        , 0.11963121],
       [0.        , 0.11986774],
       [0.        , 0.12065811],
       [0.        , 0.12110982],
       [0.        , 0.12249997],
       [0.        , 0.12432688],
       [0.        , 0.12459837],
       [0.        , 0.12530892],
       [0.        , 0.12880211],
       [0.        , 0.12938726],
       [0.        , 0.12978062],
       [0.        , 0.13380259],
       [0.        , 0.13450652],
       [0.        , 0.13489085],
       [0.        , 0.13806   ],
       [0.        , 0.14019492],
       [0.        , 0.14113076],
       [0.        , 0.14379145],
       [0.        , 0.14771369],
       [0.        , 0.14947902],
       [0.        , 0.15133984],
       [0.        , 0.15166628],
       [0.        , 0.15506949],
       [0.        , 0.1551968 ],
       [0.        , 0.15600853],
       [0.        , 0.15805763],
       [0.        , 0.15906753],
       [0.        , 0.1602848 ],
       [0.        , 0.16141444],
       [0.        , 0.16197702],
       [0.        , 0.16399184],
       [0.        , 0.16729961],
       [0.        , 0.16798499],
       [0.        , 0.16853108],
       [0.        , 0.16883281],
       [0.        , 0.16912337],
       [0.        , 0.16926283],
       [0.        , 0.17167817],
       [0.        , 0.17223527],
       [0.        , 0.17245153],
       [0.        , 0.17283989],
       [0.        , 0.17290638],
       [0.        , 0.17303352],
       [0.        , 0.17322667],
       [0.        , 0.17491284],
       [0.        , 0.17529938],
       [0.        , 0.17553587],
       [0.        , 0.17821062],
       [0.        , 0.17914008],
       [0.        , 0.18294534],
       [0.        , 0.18301429],
       [0.        , 0.18509756],
       [0.        , 0.18574104],
       [0.        , 0.18819608],
       [0.        , 0.18932153],
       [0.        , 0.20413986],
       [0.        ,        inf]]), array([[0.1414299 , 0.14384729]])]",True
214,0.21373605728149414,0.004074752330780029,0.15992408346767736,159.08,5.348124650415673,2,0.0068127065896987915,0.001947648823261261,0.005838882178068161,1.68,0.6791737416164272,"[array([[0.        , 0.09360617],
       [0.        , 0.09505783],
       [0.        , 0.09751464],
       [0.        , 0.0976526 ],
       [0.        , 0.09832335],
       [0.        , 0.09906363],
       [0.        , 0.10016502],
       [0.        , 0.10043865],
       [0.        , 0.10528746],
       [0.        , 0.10550635],
       [0.        , 0.10560107],
       [0.        , 0.10675944],
       [0.        , 0.10685844],
       [0.        , 0.10707014],
       [0.        , 0.10742414],
       [0.        , 0.10749517],
       [0.        , 0.10936148],
       [0.        , 0.10987088],
       [0.        , 0.11020229],
       [0.        , 0.11030404],
       [0.        , 0.11049966],
       [0.        , 0.11096176],
       [0.        , 0.11128757],
       [0.        , 0.11179125],
       [0.        , 0.11381237],
       [0.        , 0.11440433],
       [0.        , 0.11515439],
       [0.        , 0.11515816],
       [0.        , 0.11550342],
       [0.        , 0.11805908],
       [0.        , 0.11827139],
       [0.        , 0.1183588 ],
       [0.        , 0.11922177],
       [0.        , 0.11963121],
       [0.        , 0.12063984],
       [0.        , 0.12072835],
       [0.        , 0.12311234],
       [0.        , 0.12429306],
       [0.        , 0.12459837],
       [0.        , 0.12495349],
       [0.        , 0.12521386],
       [0.        , 0.1254465 ],
       [0.        , 0.12749763],
       [0.        , 0.12944314],
       [0.        , 0.12954275],
       [0.        , 0.13116656],
       [0.        , 0.13139969],
       [0.        , 0.13152754],
       [0.        , 0.13294122],
       [0.        , 0.13440865],
       [0.        , 0.13951378],
       [0.        , 0.14053106],
       [0.        , 0.14057919],
       [0.        , 0.14087923],
       [0.        , 0.14408451],
       [0.        , 0.14423384],
       [0.        , 0.14613606],
       [0.        , 0.14628488],
       [0.        , 0.14688501],
       [0.        , 0.1472141 ],
       [0.        , 0.14781834],
       [0.        , 0.14795712],
       [0.        , 0.14947902],
       [0.        , 0.15099099],
       [0.        , 0.15141837],
       [0.        , 0.15231015],
       [0.        , 0.15245073],
       [0.        , 0.15273552],
       [0.        , 0.15310016],
       [0.        , 0.15444197],
       [0.        , 0.15460798],
       [0.        , 0.1547353 ],
       [0.        , 0.1551968 ],
       [0.        , 0.15562631],
       [0.        , 0.15609497],
       [0.        , 0.15617242],
       [0.        , 0.15677325],
       [0.        , 0.15694359],
       [0.        , 0.15704027],
       [0.        , 0.15788783],
       [0.        , 0.15792456],
       [0.        , 0.15810689],
       [0.        , 0.15851125],
       [0.        , 0.1594138 ],
       [0.        , 0.15970288],
       [0.        , 0.15974152],
       [0.        , 0.1599509 ],
       [0.        , 0.16038208],
       [0.        , 0.16053706],
       [0.        , 0.16082723],
       [0.        , 0.16088142],
       [0.        , 0.16114537],
       [0.        , 0.16137703],
       [0.        , 0.16141444],
       [0.        , 0.16264668],
       [0.        , 0.16288048],
       [0.        , 0.16345692],
       [0.        , 0.1635258 ],
       [0.        , 0.16361871],
       [0.        , 0.16382602],
       [0.        , 0.16397686],
       [0.        , 0.16402957],
       [0.        , 0.16442262],
       [0.        , 0.16455689],
       [0.        , 0.1648739 ],
       [0.        , 0.16514662],
       [0.        , 0.16514836],
       [0.        , 0.16560689],
       [0.        , 0.16587099],
       [0.        , 0.16596338],
       [0.        , 0.16618702],
       [0.        , 0.1668084 ],
       [0.        , 0.16706103],
       [0.        , 0.16715761],
       [0.        , 0.1673511 ],
       [0.        , 0.16771924],
       [0.        , 0.16807453],
       [0.        , 0.1690668 ],
       [0.        , 0.16912337],
       [0.        , 0.16926283],
       [0.        , 0.1697575 ],
       [0.        , 0.16993614],
       [0.        , 0.1704731 ],
       [0.        , 0.17062874],
       [0.        , 0.17117697],
       [0.        , 0.17123023],
       [0.        , 0.17158352],
       [0.        , 0.17171068],
       [0.        , 0.17188357],
       [0.        , 0.17200154],
       [0.        , 0.17223527],
       [0.        , 0.17226349],
       [0.        , 0.1723523 ],
       [0.        , 0.17241712],
       [0.        , 0.17269476],
       [0.        , 0.17290755],
       [0.        , 0.17393897],
       [0.        , 0.17414646],
       [0.        , 0.17555675],
       [0.        , 0.17609808],
       [0.        , 0.17653356],
       [0.        , 0.17670996],
       [0.        , 0.17673552],
       [0.        , 0.17679834],
       [0.        , 0.17697017],
       [0.        , 0.17772126],
       [0.        , 0.17793956],
       [0.        , 0.17794418],
       [0.        , 0.1792313 ],
       [0.        , 0.17933482],
       [0.        , 0.1796447 ],
       [0.        , 0.17978343],
       [0.        , 0.17983069],
       [0.        , 0.18053938],
       [0.        , 0.18058112],
       [0.        , 0.18064298],
       [0.        , 0.18067791],
       [0.        , 0.18088552],
       [0.        , 0.18092644],
       [0.        , 0.18229039],
       [0.        , 0.18257737],
       [0.        , 0.18300372],
       [0.        , 0.18319553],
       [0.        , 0.18325286],
       [0.        , 0.18344094],
       [0.        , 0.18352361],
       [0.        , 0.18368684],
       [0.        , 0.18449867],
       [0.        , 0.18544865],
       [0.        , 0.18649685],
       [0.        , 0.18650614],
       [0.        , 0.18712509],
       [0.        , 0.18723069],
       [0.        , 0.18724845],
       [0.        , 0.18792628],
       [0.        , 0.18793444],
       [0.        , 0.18819608],
       [0.        , 0.18838365],
       [0.        , 0.18853861],
       [0.        , 0.18918036],
       [0.        , 0.18934719],
       [0.        , 0.19015576],
       [0.        , 0.19064644],
       [0.        , 0.19171648],
       [0.        , 0.19180711],
       [0.        , 0.19195129],
       [0.        , 0.19210467],
       [0.        , 0.19226548],
       [0.        , 0.19274074],
       [0.        , 0.1935171 ],
       [0.        , 0.19372393],
       [0.        , 0.19398174],
       [0.        , 0.1941471 ],
       [0.        , 0.19493331],
       [0.        , 0.19519801],
       [0.        , 0.19524458],
       [0.        , 0.19562306],
       [0.        , 0.19620103],
       [0.        , 0.19625527],
       [0.        , 0.19659039],
       [0.        , 0.19697544],
       [0.        , 0.19777869],
       [0.        , 0.19830468],
       [0.        , 0.19876459],
       [0.        , 0.19922599],
       [0.        , 0.19988719],
       [0.        , 0.20014857],
       [0.        , 0.20029715],
       [0.        , 0.20082274],
       [0.        , 0.20307527],
       [0.        , 0.20452149],
       [0.        , 0.20830245],
       [0.        , 0.2096613 ],
       [0.        , 0.21373606],
       [0.        ,        inf]]), array([[0.1193398 , 0.12420486],
       [0.11849621, 0.12530892]])]",False
192,0.2096613049507141,0.006586030125617981,0.15766771902175,143.44,5.2394744956398975,3,0.015080742537975311,0.01004069298505783,0.006842764715353648,0.82,0.6491566608037896,"[array([[0.        , 0.08339889],
       [0.        , 0.09360617],
       [0.        , 0.09465762],
       [0.        , 0.09832335],
       [0.        , 0.09906363],
       [0.        , 0.10016502],
       [0.        , 0.10043865],
       [0.        , 0.10528746],
       [0.        , 0.10550635],
       [0.        , 0.10560107],
       [0.        , 0.10675944],
       [0.        , 0.10707014],
       [0.        , 0.10742414],
       [0.        , 0.10749517],
       [0.        , 0.10886176],
       [0.        , 0.11030404],
       [0.        , 0.11049966],
       [0.        , 0.11096176],
       [0.        , 0.11111743],
       [0.        , 0.11128757],
       [0.        , 0.11179125],
       [0.        , 0.11355491],
       [0.        , 0.1135994 ],
       [0.        , 0.11381237],
       [0.        , 0.11432597],
       [0.        , 0.11459228],
       [0.        , 0.1150218 ],
       [0.        , 0.11515439],
       [0.        , 0.11550342],
       [0.        , 0.11827139],
       [0.        , 0.11963121],
       [0.        , 0.12063984],
       [0.        , 0.12110982],
       [0.        , 0.12311234],
       [0.        , 0.12429306],
       [0.        , 0.12432688],
       [0.        , 0.12459837],
       [0.        , 0.12495349],
       [0.        , 0.12562174],
       [0.        , 0.12636013],
       [0.        , 0.12749763],
       [0.        , 0.12785247],
       [0.        , 0.12798513],
       [0.        , 0.12944314],
       [0.        , 0.12978062],
       [0.        , 0.13069807],
       [0.        , 0.13109675],
       [0.        , 0.13116656],
       [0.        , 0.13152754],
       [0.        , 0.13380259],
       [0.        , 0.13489085],
       [0.        , 0.13951378],
       [0.        , 0.14053106],
       [0.        , 0.14408451],
       [0.        , 0.14423384],
       [0.        , 0.14628488],
       [0.        , 0.14673327],
       [0.        , 0.14678864],
       [0.        , 0.14688501],
       [0.        , 0.14689629],
       [0.        , 0.1472141 ],
       [0.        , 0.14781834],
       [0.        , 0.14795712],
       [0.        , 0.14947902],
       [0.        , 0.14988698],
       [0.        , 0.15099099],
       [0.        , 0.15300994],
       [0.        , 0.15444197],
       [0.        , 0.15447767],
       [0.        , 0.15460798],
       [0.        , 0.15506949],
       [0.        , 0.15587258],
       [0.        , 0.15609497],
       [0.        , 0.15677325],
       [0.        , 0.15741776],
       [0.        , 0.15788783],
       [0.        , 0.15792456],
       [0.        , 0.15805763],
       [0.        , 0.15885577],
       [0.        , 0.1594138 ],
       [0.        , 0.15970288],
       [0.        , 0.15974152],
       [0.        , 0.15974671],
       [0.        , 0.16114537],
       [0.        , 0.16130482],
       [0.        , 0.16137703],
       [0.        , 0.16141444],
       [0.        , 0.16178109],
       [0.        , 0.16197702],
       [0.        , 0.16264668],
       [0.        , 0.16300662],
       [0.        , 0.16361871],
       [0.        , 0.16382602],
       [0.        , 0.16402957],
       [0.        , 0.16442262],
       [0.        , 0.16455689],
       [0.        , 0.1648739 ],
       [0.        , 0.16514662],
       [0.        , 0.16545986],
       [0.        , 0.16560689],
       [0.        , 0.16587099],
       [0.        , 0.16596338],
       [0.        , 0.16618702],
       [0.        , 0.16661495],
       [0.        , 0.16677859],
       [0.        , 0.1669281 ],
       [0.        , 0.16706103],
       [0.        , 0.16729961],
       [0.        , 0.16771924],
       [0.        , 0.16853108],
       [0.        , 0.16926283],
       [0.        , 0.16987954],
       [0.        , 0.1704731 ],
       [0.        , 0.17117697],
       [0.        , 0.17128998],
       [0.        , 0.17169099],
       [0.        , 0.17171068],
       [0.        , 0.17200154],
       [0.        , 0.17241712],
       [0.        , 0.17261003],
       [0.        , 0.17269476],
       [0.        , 0.17290638],
       [0.        , 0.17393897],
       [0.        , 0.17414646],
       [0.        , 0.17517166],
       [0.        , 0.17529938],
       [0.        , 0.17553587],
       [0.        , 0.17555675],
       [0.        , 0.17575663],
       [0.        , 0.17609808],
       [0.        , 0.17628631],
       [0.        , 0.17652078],
       [0.        , 0.17663826],
       [0.        , 0.17670996],
       [0.        , 0.17673552],
       [0.        , 0.17679834],
       [0.        , 0.17697017],
       [0.        , 0.17793956],
       [0.        , 0.1792313 ],
       [0.        , 0.17933482],
       [0.        , 0.1796447 ],
       [0.        , 0.17983069],
       [0.        , 0.18012469],
       [0.        , 0.18053938],
       [0.        , 0.18058112],
       [0.        , 0.18064298],
       [0.        , 0.18067791],
       [0.        , 0.18088552],
       [0.        , 0.18092644],
       [0.        , 0.18141989],
       [0.        , 0.18167239],
       [0.        , 0.18257737],
       [0.        , 0.18300372],
       [0.        , 0.18319553],
       [0.        , 0.18325286],
       [0.        , 0.18344094],
       [0.        , 0.18374638],
       [0.        , 0.18449867],
       [0.        , 0.18454309],
       [0.        , 0.1845738 ],
       [0.        , 0.18488243],
       [0.        , 0.18544865],
       [0.        , 0.18650614],
       [0.        , 0.18724845],
       [0.        , 0.18792628],
       [0.        , 0.18810406],
       [0.        , 0.18853861],
       [0.        , 0.18918036],
       [0.        , 0.18934719],
       [0.        , 0.19015576],
       [0.        , 0.19034125],
       [0.        , 0.19064644],
       [0.        , 0.19131538],
       [0.        , 0.19171648],
       [0.        , 0.19214723],
       [0.        , 0.19336918],
       [0.        , 0.1935171 ],
       [0.        , 0.19372393],
       [0.        , 0.1941471 ],
       [0.        , 0.19493331],
       [0.        , 0.19534542],
       [0.        , 0.19539486],
       [0.        , 0.19562306],
       [0.        , 0.19659039],
       [0.        , 0.19697544],
       [0.        , 0.19922599],
       [0.        , 0.20014857],
       [0.        , 0.20026186],
       [0.        , 0.20029715],
       [0.        , 0.20045955],
       [0.        , 0.20307527],
       [0.        , 0.2096613 ],
       [0.        ,        inf]]), array([[0.14343978, 0.14384729],
       [0.12488109, 0.12992114],
       [0.11986532, 0.13494606]])]",False
58,0.19017162919044495,2.4750828742980957e-05,0.14020802337547827,42.5,4.037818044925364,0,0.0,0.0,0.0,0.0,0.0,"[array([[0.        , 0.08339889],
       [0.        , 0.09465762],
       [0.        , 0.09523675],
       [0.        , 0.09906363],
       [0.        , 0.10016502],
       [0.        , 0.10043865],
       [0.        , 0.10550635],
       [0.        , 0.10560107],
       [0.        , 0.10749517],
       [0.        , 0.10936148],
       [0.        , 0.11030404],
       [0.        , 0.11261448],
       [0.        , 0.1135994 ],
       [0.        , 0.11440433],
       [0.        , 0.11515439],
       [0.        , 0.11515816],
       [0.        , 0.11641855],
       [0.        , 0.11963121],
       [0.        , 0.12181061],
       [0.        , 0.12249997],
       [0.        , 0.12420486],
       [0.        , 0.12459837],
       [0.        , 0.12495349],
       [0.        , 0.12530892],
       [0.        , 0.12554002],
       [0.        , 0.12766671],
       [0.        , 0.12978062],
       [0.        , 0.13489085],
       [0.        , 0.1361789 ],
       [0.        , 0.14023618],
       [0.        , 0.14128561],
       [0.        , 0.14425278],
       [0.        , 0.14444885],
       [0.        , 0.14451441],
       [0.        , 0.14472634],
       [0.        , 0.14527535],
       [0.        , 0.14876328],
       [0.        , 0.14947902],
       [0.        , 0.15367106],
       [0.        , 0.1551968 ],
       [0.        , 0.16457853],
       [0.        , 0.16647844],
       [0.        , 0.16855586],
       [0.        , 0.17390485],
       [0.        , 0.17398052],
       [0.        , 0.17518038],
       [0.        , 0.17646983],
       [0.        , 0.17665364],
       [0.        , 0.17766935],
       [0.        , 0.17797257],
       [0.        , 0.17800714],
       [0.        , 0.17872199],
       [0.        , 0.17968127],
       [0.        , 0.18301429],
       [0.        , 0.18518992],
       [0.        , 0.18819608],
       [0.        , 0.19014688],
       [0.        , 0.19017163],
       [0.        ,        inf]]), array([], shape=(0, 2), dtype=float64)]",True
78,0.202579066157341,0.003933638334274292,0.15120118340620628,57.8,4.336007462651408,1,0.004468649625778198,0.004468649625778198,0.004468649625778198,0.98,-0.0,"[array([[0.        , 0.09360617],
       [0.        , 0.09832335],
       [0.        , 0.10043865],
       [0.        , 0.10550635],
       [0.        , 0.10707014],
       [0.        , 0.10742414],
       [0.        , 0.10749517],
       [0.        , 0.11030404],
       [0.        , 0.11090633],
       [0.        , 0.11096176],
       [0.        , 0.11189751],
       [0.        , 0.11355285],
       [0.        , 0.11381237],
       [0.        , 0.11432597],
       [0.        , 0.11515439],
       [0.        , 0.11515816],
       [0.        , 0.11550342],
       [0.        , 0.11864856],
       [0.        , 0.11963121],
       [0.        , 0.12110982],
       [0.        , 0.12412774],
       [0.        , 0.12429306],
       [0.        , 0.12459837],
       [0.        , 0.12495349],
       [0.        , 0.12785247],
       [0.        , 0.12978062],
       [0.        , 0.12994631],
       [0.        , 0.13355987],
       [0.        , 0.14021519],
       [0.        , 0.14049117],
       [0.        , 0.14256233],
       [0.        , 0.14341511],
       [0.        , 0.14379145],
       [0.        , 0.14947902],
       [0.        , 0.14977103],
       [0.        , 0.1531318 ],
       [0.        , 0.1551968 ],
       [0.        , 0.1561415 ],
       [0.        , 0.15749855],
       [0.        , 0.15823166],
       [0.        , 0.15834147],
       [0.        , 0.1588219 ],
       [0.        , 0.15966804],
       [0.        , 0.15985009],
       [0.        , 0.16515915],
       [0.        , 0.16551818],
       [0.        , 0.16629323],
       [0.        , 0.16855586],
       [0.        , 0.1705555 ],
       [0.        , 0.17067055],
       [0.        , 0.17169099],
       [0.        , 0.17245153],
       [0.        , 0.17330679],
       [0.        , 0.17330708],
       [0.        , 0.17363581],
       [0.        , 0.17368105],
       [0.        , 0.17385608],
       [0.        , 0.17646983],
       [0.        , 0.17710027],
       [0.        , 0.17770015],
       [0.        , 0.17854553],
       [0.        , 0.17990528],
       [0.        , 0.18042512],
       [0.        , 0.18042892],
       [0.        , 0.18204515],
       [0.        , 0.18224682],
       [0.        , 0.18321298],
       [0.        , 0.18583475],
       [0.        , 0.18723069],
       [0.        , 0.18828076],
       [0.        , 0.18932153],
       [0.        , 0.19048858],
       [0.        , 0.19226451],
       [0.        , 0.19254713],
       [0.        , 0.19590557],
       [0.        , 0.19728304],
       [0.        , 0.19864543],
       [0.        , 0.20257907],
       [0.        ,        inf]]), array([[0.13489085, 0.1393595 ]])]",False
172,0.2096613049507141,0.005590483546257019,0.15854267646060433,129.28,5.131326200848246,1,0.00040750205516815186,0.00040750205516815186,0.00040750205516815186,0.98,-0.0,"[array([[0.        , 0.09360617],
       [0.        , 0.09832335],
       [0.        , 0.09884338],
       [0.        , 0.09906363],
       [0.        , 0.10043865],
       [0.        , 0.10528746],
       [0.        , 0.10550635],
       [0.        , 0.10675944],
       [0.        , 0.10707014],
       [0.        , 0.10742414],
       [0.        , 0.10749517],
       [0.        , 0.11030404],
       [0.        , 0.11049966],
       [0.        , 0.11096176],
       [0.        , 0.11111743],
       [0.        , 0.11310107],
       [0.        , 0.11381237],
       [0.        , 0.11515439],
       [0.        , 0.11515816],
       [0.        , 0.11550342],
       [0.        , 0.11827139],
       [0.        , 0.11963121],
       [0.        , 0.12063984],
       [0.        , 0.12072835],
       [0.        , 0.12311234],
       [0.        , 0.12384169],
       [0.        , 0.12429306],
       [0.        , 0.12432688],
       [0.        , 0.12459837],
       [0.        , 0.12495349],
       [0.        , 0.12546954],
       [0.        , 0.12636013],
       [0.        , 0.12749763],
       [0.        , 0.12785247],
       [0.        , 0.12944314],
       [0.        , 0.12963006],
       [0.        , 0.12971132],
       [0.        , 0.12978062],
       [0.        , 0.13043648],
       [0.        , 0.13116656],
       [0.        , 0.13152754],
       [0.        , 0.13280834],
       [0.        , 0.13489085],
       [0.        , 0.13951378],
       [0.        , 0.14023618],
       [0.        , 0.14053106],
       [0.        , 0.14408451],
       [0.        , 0.14423384],
       [0.        , 0.14628488],
       [0.        , 0.14688501],
       [0.        , 0.14689629],
       [0.        , 0.1472141 ],
       [0.        , 0.14781834],
       [0.        , 0.14814167],
       [0.        , 0.14977103],
       [0.        , 0.14988698],
       [0.        , 0.15030405],
       [0.        , 0.15044302],
       [0.        , 0.15094049],
       [0.        , 0.15099099],
       [0.        , 0.15300994],
       [0.        , 0.15444197],
       [0.        , 0.15460798],
       [0.        , 0.1551968 ],
       [0.        , 0.15577227],
       [0.        , 0.15609497],
       [0.        , 0.15677325],
       [0.        , 0.15788783],
       [0.        , 0.15792456],
       [0.        , 0.15906753],
       [0.        , 0.1594138 ],
       [0.        , 0.15970288],
       [0.        , 0.15974152],
       [0.        , 0.16026869],
       [0.        , 0.1602848 ],
       [0.        , 0.16074041],
       [0.        , 0.16114537],
       [0.        , 0.16137703],
       [0.        , 0.16141444],
       [0.        , 0.16264668],
       [0.        , 0.16361871],
       [0.        , 0.16382602],
       [0.        , 0.16383564],
       [0.        , 0.16396929],
       [0.        , 0.16402957],
       [0.        , 0.16442262],
       [0.        , 0.16455689],
       [0.        , 0.1648739 ],
       [0.        , 0.16514662],
       [0.        , 0.16560689],
       [0.        , 0.16574831],
       [0.        , 0.16587099],
       [0.        , 0.16596338],
       [0.        , 0.16618702],
       [0.        , 0.16706103],
       [0.        , 0.1673511 ],
       [0.        , 0.16735192],
       [0.        , 0.16771924],
       [0.        , 0.16821618],
       [0.        , 0.16844131],
       [0.        , 0.16926283],
       [0.        , 0.16974004],
       [0.        , 0.1704731 ],
       [0.        , 0.17067055],
       [0.        , 0.17117697],
       [0.        , 0.17171068],
       [0.        , 0.17185244],
       [0.        , 0.17200154],
       [0.        , 0.17241712],
       [0.        , 0.17261003],
       [0.        , 0.17349188],
       [0.        , 0.17393897],
       [0.        , 0.17414646],
       [0.        , 0.17555675],
       [0.        , 0.17567964],
       [0.        , 0.17609808],
       [0.        , 0.17611749],
       [0.        , 0.1763909 ],
       [0.        , 0.17670996],
       [0.        , 0.17673552],
       [0.        , 0.17679834],
       [0.        , 0.17697017],
       [0.        , 0.17772126],
       [0.        , 0.17793956],
       [0.        , 0.17861955],
       [0.        , 0.17911251],
       [0.        , 0.1792313 ],
       [0.        , 0.17933482],
       [0.        , 0.1796447 ],
       [0.        , 0.17983069],
       [0.        , 0.17996137],
       [0.        , 0.18053938],
       [0.        , 0.18058112],
       [0.        , 0.18064298],
       [0.        , 0.18067791],
       [0.        , 0.18088552],
       [0.        , 0.18092644],
       [0.        , 0.18257737],
       [0.        , 0.18300372],
       [0.        , 0.18319553],
       [0.        , 0.18325286],
       [0.        , 0.18344094],
       [0.        , 0.18449867],
       [0.        , 0.18486804],
       [0.        , 0.18544865],
       [0.        , 0.18650614],
       [0.        , 0.18724845],
       [0.        , 0.18792628],
       [0.        , 0.18853861],
       [0.        , 0.18868688],
       [0.        , 0.18918036],
       [0.        , 0.18934719],
       [0.        , 0.18999232],
       [0.        , 0.19015576],
       [0.        , 0.19064644],
       [0.        , 0.19079632],
       [0.        , 0.19171648],
       [0.        , 0.1935171 ],
       [0.        , 0.19372393],
       [0.        , 0.1941471 ],
       [0.        , 0.19493331],
       [0.        , 0.19562306],
       [0.        , 0.19659039],
       [0.        , 0.19697544],
       [0.        , 0.19777869],
       [0.        , 0.19922599],
       [0.        , 0.20014857],
       [0.        , 0.20029715],
       [0.        , 0.20045955],
       [0.        , 0.20307527],
       [0.        , 0.20407082],
       [0.        , 0.2096613 ],
       [0.        ,        inf]]), array([[0.14343978, 0.14384729]])]",True
84,0.20968426764011383,0.018139421939849854,0.14983051128330685,59.68,4.411527438812303,0,0.0,0.0,0.0,0.0,0.0,"[array([[0.        , 0.09360617],
       [0.        , 0.09832335],
       [0.        , 0.09884338],
       [0.        , 0.09906363],
       [0.        , 0.10043865],
       [0.        , 0.10550635],
       [0.        , 0.10560107],
       [0.        , 0.10707014],
       [0.        , 0.10742414],
       [0.        , 0.10749517],
       [0.        , 0.10936148],
       [0.        , 0.11030404],
       [0.        , 0.11096176],
       [0.        , 0.11179125],
       [0.        , 0.11381237],
       [0.        , 0.11515816],
       [0.        , 0.11646236],
       [0.        , 0.11963121],
       [0.        , 0.12223818],
       [0.        , 0.12321863],
       [0.        , 0.12342139],
       [0.        , 0.12459837],
       [0.        , 0.12530892],
       [0.        , 0.12554002],
       [0.        , 0.12978062],
       [0.        , 0.13249144],
       [0.        , 0.13489085],
       [0.        , 0.13701032],
       [0.        , 0.13964829],
       [0.        , 0.14023618],
       [0.        , 0.14121814],
       [0.        , 0.14223048],
       [0.        , 0.1423419 ],
       [0.        , 0.14290868],
       [0.        , 0.14298554],
       [0.        , 0.14299229],
       [0.        , 0.14379145],
       [0.        , 0.1465466 ],
       [0.        , 0.14814167],
       [0.        , 0.15008543],
       [0.        , 0.15014958],
       [0.        , 0.15319361],
       [0.        , 0.1551968 ],
       [0.        , 0.15554924],
       [0.        , 0.15703644],
       [0.        , 0.16514662],
       [0.        , 0.16523309],
       [0.        , 0.1654111 ],
       [0.        , 0.16554916],
       [0.        , 0.16561741],
       [0.        , 0.16603559],
       [0.        , 0.16627812],
       [0.        , 0.1668084 ],
       [0.        , 0.16699606],
       [0.        , 0.16807453],
       [0.        , 0.16855586],
       [0.        , 0.16885361],
       [0.        , 0.16986793],
       [0.        , 0.17040893],
       [0.        , 0.17116538],
       [0.        , 0.17233074],
       [0.        , 0.17279068],
       [0.        , 0.17330924],
       [0.        , 0.17379877],
       [0.        , 0.17562701],
       [0.        , 0.17577186],
       [0.        , 0.17642689],
       [0.        , 0.17646983],
       [0.        , 0.17759869],
       [0.        , 0.17845686],
       [0.        , 0.17923388],
       [0.        , 0.18056367],
       [0.        , 0.18072453],
       [0.        , 0.18125121],
       [0.        , 0.18301429],
       [0.        , 0.1846116 ],
       [0.        , 0.18610111],
       [0.        , 0.18777193],
       [0.        , 0.18819608],
       [0.        , 0.18839125],
       [0.        , 0.18865125],
       [0.        , 0.18983492],
       [0.        , 0.19154485],
       [0.        , 0.20968427],
       [0.        ,        inf]]), array([], shape=(0, 2), dtype=float64)]",True
103,0.21258921921253204,0.008350208401679993,0.14554850149501875,70.08,4.610701540929178,1,7.905066013336182e-05,7.905066013336182e-05,7.905066013336182e-05,0.98,-0.0,"[array([[0.        , 0.08339889],
       [0.        , 0.09360617],
       [0.        , 0.09465762],
       [0.        , 0.09523675],
       [0.        , 0.0976526 ],
       [0.        , 0.09832335],
       [0.        , 0.09884338],
       [0.        , 0.09906363],
       [0.        , 0.09909354],
       [0.        , 0.10043865],
       [0.        , 0.10550635],
       [0.        , 0.10560107],
       [0.        , 0.10675944],
       [0.        , 0.10707014],
       [0.        , 0.10742414],
       [0.        , 0.10749517],
       [0.        , 0.10936148],
       [0.        , 0.10987088],
       [0.        , 0.11030404],
       [0.        , 0.11049966],
       [0.        , 0.11096176],
       [0.        , 0.11128757],
       [0.        , 0.1135994 ],
       [0.        , 0.11381237],
       [0.        , 0.11515439],
       [0.        , 0.11515816],
       [0.        , 0.11827139],
       [0.        , 0.11963121],
       [0.        , 0.11975511],
       [0.        , 0.12046551],
       [0.        , 0.12342139],
       [0.        , 0.12459837],
       [0.        , 0.12495349],
       [0.        , 0.12530892],
       [0.        , 0.12554002],
       [0.        , 0.12749763],
       [0.        , 0.12772033],
       [0.        , 0.12906386],
       [0.        , 0.12953225],
       [0.        , 0.12954275],
       [0.        , 0.12978062],
       [0.        , 0.1343447 ],
       [0.        , 0.13489085],
       [0.        , 0.13800381],
       [0.        , 0.14019492],
       [0.        , 0.14087923],
       [0.        , 0.14206704],
       [0.        , 0.14225145],
       [0.        , 0.14379145],
       [0.        , 0.14495005],
       [0.        , 0.1470629 ],
       [0.        , 0.14790368],
       [0.        , 0.14814167],
       [0.        , 0.14845026],
       [0.        , 0.1501243 ],
       [0.        , 0.15170379],
       [0.        , 0.1520492 ],
       [0.        , 0.1531318 ],
       [0.        , 0.1580296 ],
       [0.        , 0.15817972],
       [0.        , 0.15823166],
       [0.        , 0.15956795],
       [0.        , 0.16000293],
       [0.        , 0.16015974],
       [0.        , 0.1602848 ],
       [0.        , 0.16398622],
       [0.        , 0.16414621],
       [0.        , 0.16535684],
       [0.        , 0.16561741],
       [0.        , 0.16575773],
       [0.        , 0.1673511 ],
       [0.        , 0.16755323],
       [0.        , 0.16805713],
       [0.        , 0.16807453],
       [0.        , 0.1697575 ],
       [0.        , 0.17064211],
       [0.        , 0.17112063],
       [0.        , 0.17137167],
       [0.        , 0.17169099],
       [0.        , 0.17245153],
       [0.        , 0.17284001],
       [0.        , 0.17303352],
       [0.        , 0.17386469],
       [0.        , 0.17395198],
       [0.        , 0.17415577],
       [0.        , 0.17646983],
       [0.        , 0.17679574],
       [0.        , 0.18257737],
       [0.        , 0.18284829],
       [0.        , 0.18610111],
       [0.        , 0.18723069],
       [0.        , 0.18777193],
       [0.        , 0.18798214],
       [0.        , 0.18819608],
       [0.        , 0.188411  ],
       [0.        , 0.18923129],
       [0.        , 0.18932153],
       [0.        , 0.19180711],
       [0.        , 0.19744501],
       [0.        , 0.19784626],
       [0.        , 0.2041903 ],
       [0.        , 0.20423901],
       [0.        , 0.21258922],
       [0.        ,        inf]]), array([[0.14208423, 0.14216328]])]",True
52,0.19335661828517914,0.004008784890174866,0.14497978025330946,38.7,3.9321869564284504,0,0.0,0.0,0.0,0.0,0.0,"[array([[0.        , 0.09906363],
       [0.        , 0.10043865],
       [0.        , 0.10550635],
       [0.        , 0.10560107],
       [0.        , 0.10749517],
       [0.        , 0.10936148],
       [0.        , 0.11030404],
       [0.        , 0.11261448],
       [0.        , 0.1135994 ],
       [0.        , 0.11515816],
       [0.        , 0.11641855],
       [0.        , 0.11827139],
       [0.        , 0.11963121],
       [0.        , 0.11975511],
       [0.        , 0.12249997],
       [0.        , 0.12420486],
       [0.        , 0.12459837],
       [0.        , 0.12495349],
       [0.        , 0.12530892],
       [0.        , 0.12554002],
       [0.        , 0.12978062],
       [0.        , 0.13329279],
       [0.        , 0.13489085],
       [0.        , 0.1361789 ],
       [0.        , 0.14023618],
       [0.        , 0.14225145],
       [0.        , 0.14425278],
       [0.        , 0.14451441],
       [0.        , 0.14947902],
       [0.        , 0.15335615],
       [0.        , 0.15367106],
       [0.        , 0.1551968 ],
       [0.        , 0.15823166],
       [0.        , 0.1588219 ],
       [0.        , 0.15960035],
       [0.        , 0.16647844],
       [0.        , 0.16855586],
       [0.        , 0.17106013],
       [0.        , 0.17169099],
       [0.        , 0.17390485],
       [0.        , 0.17518038],
       [0.        , 0.17646983],
       [0.        , 0.17797257],
       [0.        , 0.17900956],
       [0.        , 0.1792914 ],
       [0.        , 0.18166132],
       [0.        , 0.18301429],
       [0.        , 0.18448927],
       [0.        , 0.18518992],
       [0.        , 0.18819608],
       [0.        , 0.18934783],
       [0.        , 0.19335662],
       [0.        ,        inf]]), array([], shape=(0, 2), dtype=float64)]",True
81,0.19446513056755066,0.0056313276290893555,0.1446208299862014,59.78,4.37575948951739,4,0.002882257103919983,0.00046487152576446533,0.0016918927431106567,1.44,1.1082331185636964,"[array([[0.        , 0.09360617],
       [0.        , 0.09906363],
       [0.        , 0.10043865],
       [0.        , 0.1026146 ],
       [0.        , 0.10550635],
       [0.        , 0.10644238],
       [0.        , 0.10707014],
       [0.        , 0.10742414],
       [0.        , 0.10936148],
       [0.        , 0.11030404],
       [0.        , 0.11049966],
       [0.        , 0.11096176],
       [0.        , 0.1118829 ],
       [0.        , 0.1135994 ],
       [0.        , 0.1150218 ],
       [0.        , 0.11515439],
       [0.        , 0.11550342],
       [0.        , 0.11695814],
       [0.        , 0.11963121],
       [0.        , 0.12046551],
       [0.        , 0.12072835],
       [0.        , 0.12091399],
       [0.        , 0.12249997],
       [0.        , 0.12342139],
       [0.        , 0.12432688],
       [0.        , 0.12459837],
       [0.        , 0.12464786],
       [0.        , 0.12495349],
       [0.        , 0.12530892],
       [0.        , 0.12596893],
       [0.        , 0.12953225],
       [0.        , 0.12971132],
       [0.        , 0.12978062],
       [0.        , 0.13229185],
       [0.        , 0.13489085],
       [0.        , 0.1361789 ],
       [0.        , 0.13815616],
       [0.        , 0.13843893],
       [0.        , 0.14023618],
       [0.        , 0.14172465],
       [0.        , 0.14251722],
       [0.        , 0.14402194],
       [0.        , 0.1477598 ],
       [0.        , 0.14947902],
       [0.        , 0.14960884],
       [0.        , 0.14977606],
       [0.        , 0.15099099],
       [0.        , 0.15170379],
       [0.        , 0.15290278],
       [0.        , 0.15761791],
       [0.        , 0.15960035],
       [0.        , 0.16141444],
       [0.        , 0.1666669 ],
       [0.        , 0.16760164],
       [0.        , 0.16810994],
       [0.        , 0.16855586],
       [0.        , 0.16948386],
       [0.        , 0.1697575 ],
       [0.        , 0.16984706],
       [0.        , 0.17120583],
       [0.        , 0.17129931],
       [0.        , 0.17158352],
       [0.        , 0.1727183 ],
       [0.        , 0.17332099],
       [0.        , 0.17343219],
       [0.        , 0.17379832],
       [0.        , 0.17405537],
       [0.        , 0.17646983],
       [0.        , 0.17772126],
       [0.        , 0.17800714],
       [0.        , 0.17861955],
       [0.        , 0.17870498],
       [0.        , 0.17989959],
       [0.        , 0.18000817],
       [0.        , 0.18188414],
       [0.        , 0.18301429],
       [0.        , 0.18434978],
       [0.        , 0.18546413],
       [0.        , 0.18819608],
       [0.        , 0.1888338 ],
       [0.        , 0.19446513],
       [0.        ,        inf]]), array([[0.14208423, 0.14216328],
       [0.1414299 , 0.14384729],
       [0.14064789, 0.14203677],
       [0.13915548, 0.14203773]])]",True
184,0.2096613049507141,0.004307880997657776,0.1610087060329059,140.28,5.199099894532301,1,0.00040750205516815186,0.00040750205516815186,0.00040750205516815186,0.98,-0.0,"[array([[0.        , 0.09360617],
       [0.        , 0.0976526 ],
       [0.        , 0.09832335],
       [0.        , 0.09906363],
       [0.        , 0.10043865],
       [0.        , 0.10528746],
       [0.        , 0.10550635],
       [0.        , 0.10560107],
       [0.        , 0.10675944],
       [0.        , 0.10707014],
       [0.        , 0.10742414],
       [0.        , 0.10749517],
       [0.        , 0.10936148],
       [0.        , 0.11030404],
       [0.        , 0.11049966],
       [0.        , 0.11096176],
       [0.        , 0.11381237],
       [0.        , 0.11515439],
       [0.        , 0.11515816],
       [0.        , 0.11539797],
       [0.        , 0.11550342],
       [0.        , 0.11827139],
       [0.        , 0.11963121],
       [0.        , 0.12063984],
       [0.        , 0.12072835],
       [0.        , 0.12311234],
       [0.        , 0.12429306],
       [0.        , 0.12432688],
       [0.        , 0.12459837],
       [0.        , 0.12495349],
       [0.        , 0.12521386],
       [0.        , 0.12530892],
       [0.        , 0.12749763],
       [0.        , 0.12944314],
       [0.        , 0.12978062],
       [0.        , 0.13068642],
       [0.        , 0.13116656],
       [0.        , 0.13127898],
       [0.        , 0.13152754],
       [0.        , 0.13489085],
       [0.        , 0.13924202],
       [0.        , 0.13951378],
       [0.        , 0.14053106],
       [0.        , 0.14408451],
       [0.        , 0.14423384],
       [0.        , 0.14511485],
       [0.        , 0.14613606],
       [0.        , 0.14628488],
       [0.        , 0.14688501],
       [0.        , 0.14689629],
       [0.        , 0.1472141 ],
       [0.        , 0.14781834],
       [0.        , 0.14795712],
       [0.        , 0.14845026],
       [0.        , 0.14947902],
       [0.        , 0.14982006],
       [0.        , 0.15097499],
       [0.        , 0.15099099],
       [0.        , 0.15231015],
       [0.        , 0.15444197],
       [0.        , 0.1551968 ],
       [0.        , 0.15609497],
       [0.        , 0.15677325],
       [0.        , 0.15694359],
       [0.        , 0.15788783],
       [0.        , 0.15792456],
       [0.        , 0.15851125],
       [0.        , 0.1594138 ],
       [0.        , 0.15970288],
       [0.        , 0.15974152],
       [0.        , 0.1602848 ],
       [0.        , 0.16114537],
       [0.        , 0.16137703],
       [0.        , 0.16141444],
       [0.        , 0.16264668],
       [0.        , 0.16292712],
       [0.        , 0.16361871],
       [0.        , 0.16382602],
       [0.        , 0.16402957],
       [0.        , 0.16442262],
       [0.        , 0.16455689],
       [0.        , 0.1648739 ],
       [0.        , 0.16514662],
       [0.        , 0.16515915],
       [0.        , 0.16560689],
       [0.        , 0.16581993],
       [0.        , 0.16582592],
       [0.        , 0.16587099],
       [0.        , 0.16596338],
       [0.        , 0.16618702],
       [0.        , 0.16702969],
       [0.        , 0.16706103],
       [0.        , 0.16715761],
       [0.        , 0.16735192],
       [0.        , 0.16771924],
       [0.        , 0.16785429],
       [0.        , 0.16926283],
       [0.        , 0.16946156],
       [0.        , 0.16973044],
       [0.        , 0.1704731 ],
       [0.        , 0.17117697],
       [0.        , 0.17171068],
       [0.        , 0.17200154],
       [0.        , 0.17239882],
       [0.        , 0.17241712],
       [0.        , 0.17261003],
       [0.        , 0.17269754],
       [0.        , 0.17292297],
       [0.        , 0.17346144],
       [0.        , 0.17389333],
       [0.        , 0.17393897],
       [0.        , 0.17414646],
       [0.        , 0.1745441 ],
       [0.        , 0.17555675],
       [0.        , 0.17609808],
       [0.        , 0.17670996],
       [0.        , 0.17673552],
       [0.        , 0.17679834],
       [0.        , 0.17697017],
       [0.        , 0.17726983],
       [0.        , 0.17772126],
       [0.        , 0.17793956],
       [0.        , 0.17797461],
       [0.        , 0.17840362],
       [0.        , 0.17861333],
       [0.        , 0.1792313 ],
       [0.        , 0.17933482],
       [0.        , 0.17959465],
       [0.        , 0.1796447 ],
       [0.        , 0.17977786],
       [0.        , 0.17983069],
       [0.        , 0.17999636],
       [0.        , 0.18053938],
       [0.        , 0.18058112],
       [0.        , 0.18064298],
       [0.        , 0.18067791],
       [0.        , 0.18088552],
       [0.        , 0.18092644],
       [0.        , 0.18153749],
       [0.        , 0.18257737],
       [0.        , 0.18300372],
       [0.        , 0.18319553],
       [0.        , 0.18325286],
       [0.        , 0.1833498 ],
       [0.        , 0.18344094],
       [0.        , 0.18352361],
       [0.        , 0.183946  ],
       [0.        , 0.18408707],
       [0.        , 0.18449867],
       [0.        , 0.18485957],
       [0.        , 0.18539907],
       [0.        , 0.18544865],
       [0.        , 0.18650614],
       [0.        , 0.18724845],
       [0.        , 0.18792628],
       [0.        , 0.18814571],
       [0.        , 0.18819608],
       [0.        , 0.18848243],
       [0.        , 0.18853861],
       [0.        , 0.18918036],
       [0.        , 0.18934719],
       [0.        , 0.18966909],
       [0.        , 0.19015576],
       [0.        , 0.19064644],
       [0.        , 0.1908669 ],
       [0.        , 0.19134226],
       [0.        , 0.19171648],
       [0.        , 0.19210467],
       [0.        , 0.1935171 ],
       [0.        , 0.19372393],
       [0.        , 0.1941471 ],
       [0.        , 0.19493331],
       [0.        , 0.19562306],
       [0.        , 0.19625527],
       [0.        , 0.19659039],
       [0.        , 0.19697544],
       [0.        , 0.19876459],
       [0.        , 0.19922599],
       [0.        , 0.20014857],
       [0.        , 0.20029715],
       [0.        , 0.20063666],
       [0.        , 0.20307527],
       [0.        , 0.20535342],
       [0.        , 0.2096613 ],
       [0.        ,        inf]]), array([[0.14343978, 0.14384729]])]",False
109,0.20535342395305634,0.0014088600873947144,0.15085031898743514,79.5,4.670992681124161,2,0.00493679940700531,0.0025194138288497925,0.003677092492580414,0.32,0.633260479352882,"[array([[0.        , 0.09360617],
       [0.        , 0.09523675],
       [0.        , 0.09832335],
       [0.        , 0.09906363],
       [0.        , 0.10043865],
       [0.        , 0.10550635],
       [0.        , 0.10665418],
       [0.        , 0.10707014],
       [0.        , 0.10742414],
       [0.        , 0.10749517],
       [0.        , 0.10979002],
       [0.        , 0.11030404],
       [0.        , 0.11096176],
       [0.        , 0.11163338],
       [0.        , 0.11306296],
       [0.        , 0.1135994 ],
       [0.        , 0.11381237],
       [0.        , 0.11515439],
       [0.        , 0.11515816],
       [0.        , 0.11550342],
       [0.        , 0.11849621],
       [0.        , 0.11864856],
       [0.        , 0.1193398 ],
       [0.        , 0.11963121],
       [0.        , 0.12249997],
       [0.        , 0.12412774],
       [0.        , 0.12429306],
       [0.        , 0.12432688],
       [0.        , 0.12459837],
       [0.        , 0.12502259],
       [0.        , 0.1254465 ],
       [0.        , 0.12562174],
       [0.        , 0.12647767],
       [0.        , 0.12872158],
       [0.        , 0.12955657],
       [0.        , 0.12994631],
       [0.        , 0.13072409],
       [0.        , 0.13116656],
       [0.        , 0.13294777],
       [0.        , 0.13440865],
       [0.        , 0.13450652],
       [0.        , 0.13613005],
       [0.        , 0.13964829],
       [0.        , 0.1397    ],
       [0.        , 0.13971898],
       [0.        , 0.14023618],
       [0.        , 0.14282022],
       [0.        , 0.14379145],
       [0.        , 0.14943066],
       [0.        , 0.14947902],
       [0.        , 0.14977103],
       [0.        , 0.1501243 ],
       [0.        , 0.15022378],
       [0.        , 0.1539582 ],
       [0.        , 0.1551968 ],
       [0.        , 0.1588219 ],
       [0.        , 0.1595307 ],
       [0.        , 0.1602848 ],
       [0.        , 0.16141444],
       [0.        , 0.16185084],
       [0.        , 0.16197859],
       [0.        , 0.16316704],
       [0.        , 0.16515915],
       [0.        , 0.16600379],
       [0.        , 0.16628316],
       [0.        , 0.16785429],
       [0.        , 0.16788711],
       [0.        , 0.16872203],
       [0.        , 0.1697575 ],
       [0.        , 0.17139108],
       [0.        , 0.17163584],
       [0.        , 0.17165674],
       [0.        , 0.17169099],
       [0.        , 0.17284001],
       [0.        , 0.17441371],
       [0.        , 0.17504077],
       [0.        , 0.17514545],
       [0.        , 0.17523061],
       [0.        , 0.17527495],
       [0.        , 0.17556645],
       [0.        , 0.1761857 ],
       [0.        , 0.17652078],
       [0.        , 0.17685783],
       [0.        , 0.17751585],
       [0.        , 0.17770015],
       [0.        , 0.17867988],
       [0.        , 0.17978874],
       [0.        , 0.17989959],
       [0.        , 0.17999636],
       [0.        , 0.18064749],
       [0.        , 0.18084615],
       [0.        , 0.18218693],
       [0.        , 0.18257175],
       [0.        , 0.18295604],
       [0.        , 0.18311445],
       [0.        , 0.18321298],
       [0.        , 0.183946  ],
       [0.        , 0.18539907],
       [0.        , 0.18723069],
       [0.        , 0.18798214],
       [0.        , 0.19056937],
       [0.        , 0.1908669 ],
       [0.        , 0.19254713],
       [0.        , 0.19358797],
       [0.        , 0.19777869],
       [0.        , 0.19781418],
       [0.        , 0.19784626],
       [0.        , 0.20394456],
       [0.        , 0.20535342],
       [0.        ,        inf]]), array([[0.1414299 , 0.14384729],
       [0.12137979, 0.12631659]])]",True
74,0.18852108716964722,0.00032500922679901123,0.14374519562399066,56.02,4.28147327507843,0,0.0,0.0,0.0,0.0,0.0,"[array([[0.        , 0.08339889],
       [0.        , 0.09028479],
       [0.        , 0.09360617],
       [0.        , 0.09465762],
       [0.        , 0.09523675],
       [0.        , 0.09906363],
       [0.        , 0.10043865],
       [0.        , 0.10149379],
       [0.        , 0.10502084],
       [0.        , 0.10550635],
       [0.        , 0.10560107],
       [0.        , 0.10675944],
       [0.        , 0.10742414],
       [0.        , 0.10936148],
       [0.        , 0.11030404],
       [0.        , 0.11096176],
       [0.        , 0.1135994 ],
       [0.        , 0.11515439],
       [0.        , 0.11550342],
       [0.        , 0.11963121],
       [0.        , 0.12246194],
       [0.        , 0.12342139],
       [0.        , 0.12420486],
       [0.        , 0.12459837],
       [0.        , 0.12495349],
       [0.        , 0.12530892],
       [0.        , 0.12554002],
       [0.        , 0.12978062],
       [0.        , 0.13239314],
       [0.        , 0.13489085],
       [0.        , 0.1361789 ],
       [0.        , 0.13708889],
       [0.        , 0.1398706 ],
       [0.        , 0.14023618],
       [0.        , 0.14062227],
       [0.        , 0.14425278],
       [0.        , 0.14814167],
       [0.        , 0.15170379],
       [0.        , 0.1517354 ],
       [0.        , 0.15183213],
       [0.        , 0.15283714],
       [0.        , 0.15335615],
       [0.        , 0.15367106],
       [0.        , 0.15823166],
       [0.        , 0.15975218],
       [0.        , 0.16081029],
       [0.        , 0.1612287 ],
       [0.        , 0.16316329],
       [0.        , 0.16360669],
       [0.        , 0.16401599],
       [0.        , 0.1650767 ],
       [0.        , 0.16647844],
       [0.        , 0.16750196],
       [0.        , 0.16763106],
       [0.        , 0.16855586],
       [0.        , 0.16948386],
       [0.        , 0.1705555 ],
       [0.        , 0.17385608],
       [0.        , 0.17390485],
       [0.        , 0.17518038],
       [0.        , 0.17609964],
       [0.        , 0.17797257],
       [0.        , 0.17881089],
       [0.        , 0.17914046],
       [0.        , 0.18068752],
       [0.        , 0.18132347],
       [0.        , 0.18231364],
       [0.        , 0.18299988],
       [0.        , 0.18301429],
       [0.        , 0.18518992],
       [0.        , 0.18583475],
       [0.        , 0.18591842],
       [0.        , 0.18819608],
       [0.        , 0.18852109],
       [0.        ,        inf]]), array([], shape=(0, 2), dtype=float64)]",True
175,0.2096613049507141,0.003700152039527893,0.1601407417654991,132.72,5.147839998375101,2,0.004468649625778198,0.004061147570610046,0.002438075840473175,0.54,0.2874041299539741,"[array([[0.        , 0.09360617],
       [0.        , 0.09832335],
       [0.        , 0.09906363],
       [0.        , 0.10043865],
       [0.        , 0.10528746],
       [0.        , 0.10550635],
       [0.        , 0.10560107],
       [0.        , 0.10675944],
       [0.        , 0.10707014],
       [0.        , 0.10742414],
       [0.        , 0.10749517],
       [0.        , 0.11030404],
       [0.        , 0.11049966],
       [0.        , 0.11096176],
       [0.        , 0.11111743],
       [0.        , 0.11179125],
       [0.        , 0.11355285],
       [0.        , 0.11381237],
       [0.        , 0.11432597],
       [0.        , 0.11515439],
       [0.        , 0.11539797],
       [0.        , 0.11550342],
       [0.        , 0.11827139],
       [0.        , 0.11963121],
       [0.        , 0.12063984],
       [0.        , 0.12157933],
       [0.        , 0.12311234],
       [0.        , 0.12429306],
       [0.        , 0.12432688],
       [0.        , 0.12459837],
       [0.        , 0.12495349],
       [0.        , 0.12636013],
       [0.        , 0.12749763],
       [0.        , 0.12785247],
       [0.        , 0.12944314],
       [0.        , 0.12978062],
       [0.        , 0.13116656],
       [0.        , 0.13127898],
       [0.        , 0.13152754],
       [0.        , 0.13355987],
       [0.        , 0.13656537],
       [0.        , 0.13775572],
       [0.        , 0.13815624],
       [0.        , 0.13951378],
       [0.        , 0.14053106],
       [0.        , 0.14302121],
       [0.        , 0.14408451],
       [0.        , 0.14423384],
       [0.        , 0.14428897],
       [0.        , 0.14511485],
       [0.        , 0.14628488],
       [0.        , 0.14688501],
       [0.        , 0.14693354],
       [0.        , 0.1472141 ],
       [0.        , 0.14781834],
       [0.        , 0.14795712],
       [0.        , 0.14808932],
       [0.        , 0.14947902],
       [0.        , 0.14988698],
       [0.        , 0.15099099],
       [0.        , 0.15300994],
       [0.        , 0.15444197],
       [0.        , 0.15448652],
       [0.        , 0.15452796],
       [0.        , 0.1551968 ],
       [0.        , 0.15609497],
       [0.        , 0.15677325],
       [0.        , 0.15704027],
       [0.        , 0.15788783],
       [0.        , 0.15792456],
       [0.        , 0.1594138 ],
       [0.        , 0.15970288],
       [0.        , 0.15974152],
       [0.        , 0.1602848 ],
       [0.        , 0.16114537],
       [0.        , 0.16137703],
       [0.        , 0.16141444],
       [0.        , 0.16264668],
       [0.        , 0.16361871],
       [0.        , 0.16382602],
       [0.        , 0.16402957],
       [0.        , 0.16442262],
       [0.        , 0.16455689],
       [0.        , 0.1648739 ],
       [0.        , 0.16514662],
       [0.        , 0.16560689],
       [0.        , 0.16587099],
       [0.        , 0.16596338],
       [0.        , 0.16618702],
       [0.        , 0.16628234],
       [0.        , 0.16702969],
       [0.        , 0.16706103],
       [0.        , 0.16735192],
       [0.        , 0.16771924],
       [0.        , 0.16785429],
       [0.        , 0.16926283],
       [0.        , 0.1704731 ],
       [0.        , 0.17072967],
       [0.        , 0.17117697],
       [0.        , 0.17165674],
       [0.        , 0.17171068],
       [0.        , 0.17200154],
       [0.        , 0.17239882],
       [0.        , 0.17241712],
       [0.        , 0.17261003],
       [0.        , 0.17334762],
       [0.        , 0.17393897],
       [0.        , 0.17414646],
       [0.        , 0.17555675],
       [0.        , 0.17577186],
       [0.        , 0.17609808],
       [0.        , 0.17670996],
       [0.        , 0.17673552],
       [0.        , 0.17679834],
       [0.        , 0.17697017],
       [0.        , 0.17793956],
       [0.        , 0.17805345],
       [0.        , 0.17829108],
       [0.        , 0.1792313 ],
       [0.        , 0.17933482],
       [0.        , 0.17962821],
       [0.        , 0.1796447 ],
       [0.        , 0.17983069],
       [0.        , 0.17999636],
       [0.        , 0.18053938],
       [0.        , 0.18058112],
       [0.        , 0.18064298],
       [0.        , 0.18067791],
       [0.        , 0.18088552],
       [0.        , 0.18092644],
       [0.        , 0.18257737],
       [0.        , 0.18300372],
       [0.        , 0.18319553],
       [0.        , 0.18325286],
       [0.        , 0.18344094],
       [0.        , 0.18376574],
       [0.        , 0.183946  ],
       [0.        , 0.18449867],
       [0.        , 0.18539907],
       [0.        , 0.18544865],
       [0.        , 0.18620168],
       [0.        , 0.18650614],
       [0.        , 0.18724845],
       [0.        , 0.18792628],
       [0.        , 0.18820533],
       [0.        , 0.18853861],
       [0.        , 0.18918036],
       [0.        , 0.18934719],
       [0.        , 0.18944901],
       [0.        , 0.19015576],
       [0.        , 0.19064644],
       [0.        , 0.1908669 ],
       [0.        , 0.19171648],
       [0.        , 0.19212358],
       [0.        , 0.19214723],
       [0.        , 0.19256015],
       [0.        , 0.19261301],
       [0.        , 0.1935171 ],
       [0.        , 0.19372393],
       [0.        , 0.1941471 ],
       [0.        , 0.19493331],
       [0.        , 0.19562306],
       [0.        , 0.19659039],
       [0.        , 0.19697544],
       [0.        , 0.19699812],
       [0.        , 0.19867724],
       [0.        , 0.19922599],
       [0.        , 0.20014857],
       [0.        , 0.20029715],
       [0.        , 0.20045955],
       [0.        , 0.20307527],
       [0.        , 0.20439968],
       [0.        , 0.20535342],
       [0.        , 0.20596115],
       [0.        , 0.2096613 ],
       [0.        ,        inf]]), array([[0.14343978, 0.14384729],
       [0.13489085, 0.1393595 ]])]",False
92,0.19784626364707947,0.0003043562173843384,0.14702638165782328,67.92,4.4972842492862535,0,0.0,0.0,0.0,0.0,0.0,"[array([[0.        , 0.08339889],
       [0.        , 0.09028479],
       [0.        , 0.09360617],
       [0.        , 0.09523675],
       [0.        , 0.09832335],
       [0.        , 0.09906363],
       [0.        , 0.10016502],
       [0.        , 0.10043865],
       [0.        , 0.10550635],
       [0.        , 0.10560107],
       [0.        , 0.10675944],
       [0.        , 0.10707014],
       [0.        , 0.10749517],
       [0.        , 0.10936148],
       [0.        , 0.11030404],
       [0.        , 0.11096176],
       [0.        , 0.11128757],
       [0.        , 0.11179125],
       [0.        , 0.11200139],
       [0.        , 0.11310678],
       [0.        , 0.1135994 ],
       [0.        , 0.11432597],
       [0.        , 0.11475164],
       [0.        , 0.11827139],
       [0.        , 0.11963121],
       [0.        , 0.11975511],
       [0.        , 0.12065811],
       [0.        , 0.12110982],
       [0.        , 0.12140132],
       [0.        , 0.12249997],
       [0.        , 0.12459837],
       [0.        , 0.12495349],
       [0.        , 0.12530892],
       [0.        , 0.12554002],
       [0.        , 0.12562174],
       [0.        , 0.12793508],
       [0.        , 0.12978062],
       [0.        , 0.13489085],
       [0.        , 0.13658053],
       [0.        , 0.14032601],
       [0.        , 0.14042537],
       [0.        , 0.1407133 ],
       [0.        , 0.14379145],
       [0.        , 0.14947902],
       [0.        , 0.1501243 ],
       [0.        , 0.1531318 ],
       [0.        , 0.15367106],
       [0.        , 0.15457956],
       [0.        , 0.1594138 ],
       [0.        , 0.16057272],
       [0.        , 0.16081169],
       [0.        , 0.16300662],
       [0.        , 0.16480853],
       [0.        , 0.16514662],
       [0.        , 0.16523309],
       [0.        , 0.16574831],
       [0.        , 0.16623162],
       [0.        , 0.16760664],
       [0.        , 0.16800439],
       [0.        , 0.16855586],
       [0.        , 0.16883281],
       [0.        , 0.16958174],
       [0.        , 0.16987483],
       [0.        , 0.17169099],
       [0.        , 0.17224319],
       [0.        , 0.17257597],
       [0.        , 0.17284001],
       [0.        , 0.17390485],
       [0.        , 0.17414308],
       [0.        , 0.17512316],
       [0.        , 0.17556645],
       [0.        , 0.17646983],
       [0.        , 0.17854553],
       [0.        , 0.18072453],
       [0.        , 0.18127273],
       [0.        , 0.18301429],
       [0.        , 0.1832023 ],
       [0.        , 0.18431009],
       [0.        , 0.18448927],
       [0.        , 0.18531919],
       [0.        , 0.18574104],
       [0.        , 0.18679667],
       [0.        , 0.18682006],
       [0.        , 0.18723069],
       [0.        , 0.18777193],
       [0.        , 0.18798214],
       [0.        , 0.18819608],
       [0.        , 0.18983492],
       [0.        , 0.19031706],
       [0.        , 0.19226451],
       [0.        , 0.19754191],
       [0.        , 0.19784626],
       [0.        ,        inf]]), array([], shape=(0, 2), dtype=float64)]",True
88,0.1989280730485916,0.0010187774896621704,0.15377343928610737,67.54,4.4566585566100185,0,0.0,0.0,0.0,0.0,0.0,"[array([[0.        , 0.09360617],
       [0.        , 0.09523675],
       [0.        , 0.09832335],
       [0.        , 0.09906363],
       [0.        , 0.10043865],
       [0.        , 0.10550635],
       [0.        , 0.10560107],
       [0.        , 0.10675944],
       [0.        , 0.10707014],
       [0.        , 0.10749517],
       [0.        , 0.10911847],
       [0.        , 0.10936148],
       [0.        , 0.11030404],
       [0.        , 0.11096176],
       [0.        , 0.1135994 ],
       [0.        , 0.11432597],
       [0.        , 0.11515816],
       [0.        , 0.11963121],
       [0.        , 0.12065811],
       [0.        , 0.12249997],
       [0.        , 0.12342139],
       [0.        , 0.12459837],
       [0.        , 0.12495349],
       [0.        , 0.12505792],
       [0.        , 0.12530892],
       [0.        , 0.12562174],
       [0.        , 0.12978062],
       [0.        , 0.13116656],
       [0.        , 0.13489085],
       [0.        , 0.14354934],
       [0.        , 0.14379145],
       [0.        , 0.14744817],
       [0.        , 0.14947902],
       [0.        , 0.14977103],
       [0.        , 0.15463181],
       [0.        , 0.1551968 ],
       [0.        , 0.15577227],
       [0.        , 0.15788783],
       [0.        , 0.15795512],
       [0.        , 0.15851125],
       [0.        , 0.15936223],
       [0.        , 0.16117185],
       [0.        , 0.1620388 ],
       [0.        , 0.16579418],
       [0.        , 0.16701578],
       [0.        , 0.16715761],
       [0.        , 0.16821618],
       [0.        , 0.16855586],
       [0.        , 0.17020082],
       [0.        , 0.17036907],
       [0.        , 0.17038804],
       [0.        , 0.17060025],
       [0.        , 0.17147404],
       [0.        , 0.17158352],
       [0.        , 0.17303352],
       [0.        , 0.17363378],
       [0.        , 0.17390485],
       [0.        , 0.17423031],
       [0.        , 0.17445526],
       [0.        , 0.17464054],
       [0.        , 0.17518038],
       [0.        , 0.17534114],
       [0.        , 0.17639689],
       [0.        , 0.17646983],
       [0.        , 0.17654744],
       [0.        , 0.17772126],
       [0.        , 0.17870498],
       [0.        , 0.17908601],
       [0.        , 0.17926304],
       [0.        , 0.17964613],
       [0.        , 0.18012418],
       [0.        , 0.18123257],
       [0.        , 0.18258236],
       [0.        , 0.18278807],
       [0.        , 0.18301429],
       [0.        , 0.18368934],
       [0.        , 0.18628478],
       [0.        , 0.1863714 ],
       [0.        , 0.18765415],
       [0.        , 0.18777193],
       [0.        , 0.18819608],
       [0.        , 0.18820086],
       [0.        , 0.19056937],
       [0.        , 0.19146325],
       [0.        , 0.19180711],
       [0.        , 0.19777869],
       [0.        , 0.1979093 ],
       [0.        , 0.19892807],
       [0.        ,        inf]]), array([], shape=(0, 2), dtype=float64)]",True
60,0.1986522376537323,0.006105110049247742,0.14719987946252028,44.26,4.075553155070001,1,0.0003342628479003906,0.0003342628479003906,0.0003342628479003906,0.98,-0.0,"[array([[0.        , 0.09751464],
       [0.        , 0.10043865],
       [0.        , 0.10550635],
       [0.        , 0.10560107],
       [0.        , 0.10749517],
       [0.        , 0.1091096 ],
       [0.        , 0.11030404],
       [0.        , 0.11128757],
       [0.        , 0.11261448],
       [0.        , 0.11515816],
       [0.        , 0.11688131],
       [0.        , 0.1183588 ],
       [0.        , 0.11963121],
       [0.        , 0.12014517],
       [0.        , 0.12271214],
       [0.        , 0.12292856],
       [0.        , 0.12342139],
       [0.        , 0.12432688],
       [0.        , 0.12459837],
       [0.        , 0.12495349],
       [0.        , 0.12724522],
       [0.        , 0.12785247],
       [0.        , 0.12978062],
       [0.        , 0.12994631],
       [0.        , 0.13489085],
       [0.        , 0.13566984],
       [0.        , 0.14032601],
       [0.        , 0.14217274],
       [0.        , 0.14223048],
       [0.        , 0.14256233],
       [0.        , 0.14947902],
       [0.        , 0.1551968 ],
       [0.        , 0.15823166],
       [0.        , 0.1588219 ],
       [0.        , 0.15939204],
       [0.        , 0.1599509 ],
       [0.        , 0.16082723],
       [0.        , 0.16515915],
       [0.        , 0.16561741],
       [0.        , 0.16626352],
       [0.        , 0.16807453],
       [0.        , 0.16979216],
       [0.        , 0.17169099],
       [0.        , 0.17176197],
       [0.        , 0.17224319],
       [0.        , 0.17390485],
       [0.        , 0.1749216 ],
       [0.        , 0.17512316],
       [0.        , 0.17518038],
       [0.        , 0.17556645],
       [0.        , 0.17639689],
       [0.        , 0.17646983],
       [0.        , 0.17770015],
       [0.        , 0.18321298],
       [0.        , 0.18384147],
       [0.        , 0.18777193],
       [0.        , 0.19099197],
       [0.        , 0.19154535],
       [0.        , 0.19254713],
       [0.        , 0.19865224],
       [0.        ,        inf]]), array([[0.14351302, 0.14384729]])]",False
118,0.20423901081085205,0.0009394288063049316,0.15362391620874405,88.08,4.751769007931384,0,0.0,0.0,0.0,0.0,0.0,"[array([[0.        , 0.09360617],
       [0.        , 0.0976526 ],
       [0.        , 0.09906363],
       [0.        , 0.10043865],
       [0.        , 0.10528746],
       [0.        , 0.10550635],
       [0.        , 0.10675944],
       [0.        , 0.10707014],
       [0.        , 0.10742414],
       [0.        , 0.10749517],
       [0.        , 0.10911847],
       [0.        , 0.10936148],
       [0.        , 0.11030404],
       [0.        , 0.11096176],
       [0.        , 0.11128757],
       [0.        , 0.11432597],
       [0.        , 0.11515439],
       [0.        , 0.11515816],
       [0.        , 0.11539797],
       [0.        , 0.11963121],
       [0.        , 0.11975158],
       [0.        , 0.12072835],
       [0.        , 0.12181061],
       [0.        , 0.12420486],
       [0.        , 0.12457321],
       [0.        , 0.12459837],
       [0.        , 0.12495349],
       [0.        , 0.12530892],
       [0.        , 0.12639005],
       [0.        , 0.12944314],
       [0.        , 0.12978062],
       [0.        , 0.13133036],
       [0.        , 0.13294122],
       [0.        , 0.13304372],
       [0.        , 0.13367438],
       [0.        , 0.13489085],
       [0.        , 0.13542277],
       [0.        , 0.1373536 ],
       [0.        , 0.13806   ],
       [0.        , 0.13806018],
       [0.        , 0.13895433],
       [0.        , 0.13986042],
       [0.        , 0.14090779],
       [0.        , 0.14121011],
       [0.        , 0.14173736],
       [0.        , 0.14272793],
       [0.        , 0.14298554],
       [0.        , 0.14379145],
       [0.        , 0.14513972],
       [0.        , 0.14771369],
       [0.        , 0.14947902],
       [0.        , 0.14982006],
       [0.        , 0.1506501 ],
       [0.        , 0.15284322],
       [0.        , 0.15397717],
       [0.        , 0.1551968 ],
       [0.        , 0.15562631],
       [0.        , 0.1570653 ],
       [0.        , 0.15805763],
       [0.        , 0.15937117],
       [0.        , 0.16066231],
       [0.        , 0.16125774],
       [0.        , 0.16153096],
       [0.        , 0.16345395],
       [0.        , 0.165001  ],
       [0.        , 0.16580325],
       [0.        , 0.16615707],
       [0.        , 0.16628234],
       [0.        , 0.16750196],
       [0.        , 0.16836432],
       [0.        , 0.16883281],
       [0.        , 0.16962318],
       [0.        , 0.16989349],
       [0.        , 0.17019807],
       [0.        , 0.17064211],
       [0.        , 0.17147404],
       [0.        , 0.17223527],
       [0.        , 0.17235938],
       [0.        , 0.17239882],
       [0.        , 0.1727183 ],
       [0.        , 0.17302759],
       [0.        , 0.1739857 ],
       [0.        , 0.17451115],
       [0.        , 0.17519139],
       [0.        , 0.17639114],
       [0.        , 0.17681327],
       [0.        , 0.17772126],
       [0.        , 0.17785862],
       [0.        , 0.17790416],
       [0.        , 0.17875746],
       [0.        , 0.17929272],
       [0.        , 0.1807209 ],
       [0.        , 0.1808667 ],
       [0.        , 0.1815463 ],
       [0.        , 0.18168902],
       [0.        , 0.18239807],
       [0.        , 0.18257737],
       [0.        , 0.18259093],
       [0.        , 0.18294908],
       [0.        , 0.18574104],
       [0.        , 0.18631297],
       [0.        , 0.18762566],
       [0.        , 0.18797123],
       [0.        , 0.18819608],
       [0.        , 0.18831809],
       [0.        , 0.18881568],
       [0.        , 0.18908419],
       [0.        , 0.18966909],
       [0.        , 0.19000661],
       [0.        , 0.19016528],
       [0.        , 0.19180711],
       [0.        , 0.1919857 ],
       [0.        , 0.19547357],
       [0.        , 0.1958632 ],
       [0.        , 0.20260331],
       [0.        , 0.20282133],
       [0.        , 0.20329958],
       [0.        , 0.20423901],
       [0.        ,        inf]]), array([], shape=(0, 2), dtype=float64)]",False
152,0.2040708214044571,0.0014750510454177856,0.15282482796005512,112.98,5.00528826523221,2,0.0048650577664375305,0.002447672188282013,0.003641221672296524,0.28,0.635548942235814,"[array([[0.        , 0.09360617],
       [0.        , 0.09505783],
       [0.        , 0.09523675],
       [0.        , 0.09832335],
       [0.        , 0.09884338],
       [0.        , 0.09906363],
       [0.        , 0.10043865],
       [0.        , 0.10070216],
       [0.        , 0.10550635],
       [0.        , 0.10707014],
       [0.        , 0.10742414],
       [0.        , 0.10749517],
       [0.        , 0.10936148],
       [0.        , 0.11030404],
       [0.        , 0.11096176],
       [0.        , 0.11128757],
       [0.        , 0.11163338],
       [0.        , 0.11179125],
       [0.        , 0.1121757 ],
       [0.        , 0.11240694],
       [0.        , 0.11306296],
       [0.        , 0.1135994 ],
       [0.        , 0.11381237],
       [0.        , 0.11515439],
       [0.        , 0.11550342],
       [0.        , 0.11827139],
       [0.        , 0.11849621],
       [0.        , 0.11864856],
       [0.        , 0.11899885],
       [0.        , 0.11922177],
       [0.        , 0.11963121],
       [0.        , 0.11975511],
       [0.        , 0.12072835],
       [0.        , 0.12140132],
       [0.        , 0.12249997],
       [0.        , 0.12432688],
       [0.        , 0.12459837],
       [0.        , 0.12495349],
       [0.        , 0.1254465 ],
       [0.        , 0.12699746],
       [0.        , 0.12872158],
       [0.        , 0.12971132],
       [0.        , 0.13054857],
       [0.        , 0.13072409],
       [0.        , 0.13128637],
       [0.        , 0.13280834],
       [0.        , 0.13440865],
       [0.        , 0.13658053],
       [0.        , 0.13701032],
       [0.        , 0.13738295],
       [0.        , 0.13964829],
       [0.        , 0.13971898],
       [0.        , 0.14023618],
       [0.        , 0.14160265],
       [0.        , 0.14282022],
       [0.        , 0.14299229],
       [0.        , 0.14628488],
       [0.        , 0.14781834],
       [0.        , 0.14814167],
       [0.        , 0.14943066],
       [0.        , 0.14977103],
       [0.        , 0.1501243 ],
       [0.        , 0.15099099],
       [0.        , 0.1531318 ],
       [0.        , 0.15329392],
       [0.        , 0.1535272 ],
       [0.        , 0.15577227],
       [0.        , 0.15823166],
       [0.        , 0.15851125],
       [0.        , 0.1588219 ],
       [0.        , 0.15906753],
       [0.        , 0.1591834 ],
       [0.        , 0.15937117],
       [0.        , 0.1595307 ],
       [0.        , 0.15970288],
       [0.        , 0.16026869],
       [0.        , 0.1602848 ],
       [0.        , 0.16141444],
       [0.        , 0.16197859],
       [0.        , 0.16300662],
       [0.        , 0.16360493],
       [0.        , 0.16396929],
       [0.        , 0.16439956],
       [0.        , 0.16480264],
       [0.        , 0.16515915],
       [0.        , 0.16587099],
       [0.        , 0.16600379],
       [0.        , 0.16616978],
       [0.        , 0.16656803],
       [0.        , 0.16687484],
       [0.        , 0.16788711],
       [0.        , 0.16845967],
       [0.        , 0.16852736],
       [0.        , 0.16872203],
       [0.        , 0.16906965],
       [0.        , 0.16943532],
       [0.        , 0.16948386],
       [0.        , 0.16961738],
       [0.        , 0.1697575 ],
       [0.        , 0.1698126 ],
       [0.        , 0.17169099],
       [0.        , 0.17185244],
       [0.        , 0.17205316],
       [0.        , 0.17284001],
       [0.        , 0.17343602],
       [0.        , 0.17343682],
       [0.        , 0.17349188],
       [0.        , 0.17391917],
       [0.        , 0.17519139],
       [0.        , 0.17523061],
       [0.        , 0.17556645],
       [0.        , 0.17567964],
       [0.        , 0.17601864],
       [0.        , 0.17611749],
       [0.        , 0.17652078],
       [0.        , 0.17685783],
       [0.        , 0.1771701 ],
       [0.        , 0.17770015],
       [0.        , 0.17826165],
       [0.        , 0.17867988],
       [0.        , 0.1787502 ],
       [0.        , 0.17911251],
       [0.        , 0.17943585],
       [0.        , 0.17988297],
       [0.        , 0.17989959],
       [0.        , 0.18052639],
       [0.        , 0.18064749],
       [0.        , 0.18112268],
       [0.        , 0.18148348],
       [0.        , 0.18209755],
       [0.        , 0.18231364],
       [0.        , 0.18301429],
       [0.        , 0.18311445],
       [0.        , 0.18311696],
       [0.        , 0.18360253],
       [0.        , 0.18486804],
       [0.        , 0.18591842],
       [0.        , 0.18598868],
       [0.        , 0.18697929],
       [0.        , 0.18723069],
       [0.        , 0.18732212],
       [0.        , 0.18761672],
       [0.        , 0.187692  ],
       [0.        , 0.18798214],
       [0.        , 0.18819608],
       [0.        , 0.19091107],
       [0.        , 0.19697955],
       [0.        , 0.19770649],
       [0.        , 0.19777869],
       [0.        , 0.19784626],
       [0.        , 0.20259577],
       [0.        , 0.20407082],
       [0.        ,        inf]]), array([[0.1414299 , 0.14384729],
       [0.1193398 , 0.12420486]])]",True
100,0.21207195520401,0.0022871941328048706,0.15805461451411248,73.98,4.587530092316098,1,0.0024173855781555176,0.0024173855781555176,0.0024173855781555176,0.98,-0.0,"[array([[0.        , 0.09360617],
       [0.        , 0.10043865],
       [0.        , 0.10528746],
       [0.        , 0.10550635],
       [0.        , 0.10560107],
       [0.        , 0.10707014],
       [0.        , 0.10749517],
       [0.        , 0.10936148],
       [0.        , 0.11030404],
       [0.        , 0.11096176],
       [0.        , 0.11515816],
       [0.        , 0.11963121],
       [0.        , 0.12130774],
       [0.        , 0.12249997],
       [0.        , 0.12420486],
       [0.        , 0.12429306],
       [0.        , 0.12432688],
       [0.        , 0.12459837],
       [0.        , 0.12495349],
       [0.        , 0.12505792],
       [0.        , 0.12530892],
       [0.        , 0.12766671],
       [0.        , 0.12971132],
       [0.        , 0.12978062],
       [0.        , 0.13341619],
       [0.        , 0.13489085],
       [0.        , 0.14019492],
       [0.        , 0.14172322],
       [0.        , 0.14203264],
       [0.        , 0.14426939],
       [0.        , 0.14433177],
       [0.        , 0.14513972],
       [0.        , 0.14529756],
       [0.        , 0.14531396],
       [0.        , 0.14570744],
       [0.        , 0.14644173],
       [0.        , 0.14689629],
       [0.        , 0.14783299],
       [0.        , 0.14947902],
       [0.        , 0.14949623],
       [0.        , 0.1501243 ],
       [0.        , 0.15237181],
       [0.        , 0.1551968 ],
       [0.        , 0.15586486],
       [0.        , 0.15617242],
       [0.        , 0.15701473],
       [0.        , 0.15965292],
       [0.        , 0.15998858],
       [0.        , 0.16264124],
       [0.        , 0.16289032],
       [0.        , 0.16360669],
       [0.        , 0.16545975],
       [0.        , 0.16720718],
       [0.        , 0.16773254],
       [0.        , 0.16794743],
       [0.        , 0.1690668 ],
       [0.        , 0.16943532],
       [0.        , 0.17003736],
       [0.        , 0.17061369],
       [0.        , 0.17158352],
       [0.        , 0.17223527],
       [0.        , 0.17225133],
       [0.        , 0.1723523 ],
       [0.        , 0.17269754],
       [0.        , 0.17373677],
       [0.        , 0.1741499 ],
       [0.        , 0.17462896],
       [0.        , 0.17514545],
       [0.        , 0.17737651],
       [0.        , 0.17772126],
       [0.        , 0.17794418],
       [0.        , 0.17805345],
       [0.        , 0.18168902],
       [0.        , 0.18198968],
       [0.        , 0.18226841],
       [0.        , 0.18247999],
       [0.        , 0.18300372],
       [0.        , 0.18301429],
       [0.        , 0.18352361],
       [0.        , 0.18374085],
       [0.        , 0.18386763],
       [0.        , 0.18476537],
       [0.        , 0.18547444],
       [0.        , 0.18574104],
       [0.        , 0.18819608],
       [0.        , 0.18826234],
       [0.        , 0.18885638],
       [0.        , 0.19157375],
       [0.        , 0.1919857 ],
       [0.        , 0.19205342],
       [0.        , 0.1926948 ],
       [0.        , 0.19616078],
       [0.        , 0.19625527],
       [0.        , 0.19766064],
       [0.        , 0.19960001],
       [0.        , 0.20066008],
       [0.        , 0.20262964],
       [0.        , 0.20596115],
       [0.        , 0.20978476],
       [0.        , 0.21207196],
       [0.        ,        inf]]), array([[0.1414299 , 0.14384729]])]",False
114,0.21484218537807465,0.010320693254470825,0.15100335270950668,79.68,4.714654960440838,3,0.005865424871444702,0.0005562379956245422,0.004579079647858937,0.44,1.0440108658722067,"[array([[0.        , 0.09360617],
       [0.        , 0.09751464],
       [0.        , 0.09832335],
       [0.        , 0.09884338],
       [0.        , 0.09906363],
       [0.        , 0.10016502],
       [0.        , 0.10043865],
       [0.        , 0.1015136 ],
       [0.        , 0.10550635],
       [0.        , 0.10560107],
       [0.        , 0.10675944],
       [0.        , 0.10685844],
       [0.        , 0.10749517],
       [0.        , 0.11030404],
       [0.        , 0.11049966],
       [0.        , 0.11096176],
       [0.        , 0.11128757],
       [0.        , 0.11515439],
       [0.        , 0.11515816],
       [0.        , 0.11663535],
       [0.        , 0.11813968],
       [0.        , 0.11827139],
       [0.        , 0.1183588 ],
       [0.        , 0.11849621],
       [0.        , 0.1193398 ],
       [0.        , 0.11963121],
       [0.        , 0.12065811],
       [0.        , 0.12072835],
       [0.        , 0.12079448],
       [0.        , 0.12342139],
       [0.        , 0.12429306],
       [0.        , 0.12459837],
       [0.        , 0.12495349],
       [0.        , 0.1254465 ],
       [0.        , 0.12548311],
       [0.        , 0.12647767],
       [0.        , 0.12749763],
       [0.        , 0.13038656],
       [0.        , 0.13280834],
       [0.        , 0.13318092],
       [0.        , 0.13440865],
       [0.        , 0.13701032],
       [0.        , 0.14116679],
       [0.        , 0.14125584],
       [0.        , 0.14216754],
       [0.        , 0.14250168],
       [0.        , 0.14341511],
       [0.        , 0.14379145],
       [0.        , 0.14628488],
       [0.        , 0.14781834],
       [0.        , 0.14814167],
       [0.        , 0.14977103],
       [0.        , 0.15053686],
       [0.        , 0.15405039],
       [0.        , 0.15463181],
       [0.        , 0.1551968 ],
       [0.        , 0.15609139],
       [0.        , 0.15668288],
       [0.        , 0.15960035],
       [0.        , 0.1599509 ],
       [0.        , 0.15996528],
       [0.        , 0.16000293],
       [0.        , 0.16076331],
       [0.        , 0.16394316],
       [0.        , 0.16397686],
       [0.        , 0.16500007],
       [0.        , 0.16570808],
       [0.        , 0.16622055],
       [0.        , 0.16628234],
       [0.        , 0.1673511 ],
       [0.        , 0.16758932],
       [0.        , 0.16759644],
       [0.        , 0.16785429],
       [0.        , 0.16807453],
       [0.        , 0.16881135],
       [0.        , 0.16917083],
       [0.        , 0.16961738],
       [0.        , 0.16993614],
       [0.        , 0.17031419],
       [0.        , 0.17071666],
       [0.        , 0.17229348],
       [0.        , 0.17269476],
       [0.        , 0.17269953],
       [0.        , 0.1760515 ],
       [0.        , 0.17620622],
       [0.        , 0.17624249],
       [0.        , 0.17704591],
       [0.        , 0.17772126],
       [0.        , 0.17861955],
       [0.        , 0.17863174],
       [0.        , 0.17926577],
       [0.        , 0.1807    ],
       [0.        , 0.18123257],
       [0.        , 0.18321298],
       [0.        , 0.18368684],
       [0.        , 0.18372117],
       [0.        , 0.18411921],
       [0.        , 0.18579783],
       [0.        , 0.18649685],
       [0.        , 0.18723069],
       [0.        , 0.18918036],
       [0.        , 0.18947896],
       [0.        , 0.18999232],
       [0.        , 0.19180711],
       [0.        , 0.19195129],
       [0.        , 0.1926948 ],
       [0.        , 0.19274074],
       [0.        , 0.19398174],
       [0.        , 0.19459036],
       [0.        , 0.19777869],
       [0.        , 0.19830468],
       [0.        , 0.20082274],
       [0.        , 0.20452149],
       [0.        , 0.21484219],
       [0.        ,        inf]]), array([[0.14823838, 0.150801  ],
       [0.12318286, 0.12849204],
       [0.12137979, 0.12724522]])]",False
100,0.20525304973125458,0.004173934459686279,0.15147952876985074,73.28,4.586552787699965,0,0.0,0.0,0.0,0.0,0.0,"[array([[0.        , 0.09360617],
       [0.        , 0.09832335],
       [0.        , 0.10043865],
       [0.        , 0.10528746],
       [0.        , 0.10550635],
       [0.        , 0.10560107],
       [0.        , 0.10697581],
       [0.        , 0.10707014],
       [0.        , 0.10742414],
       [0.        , 0.10749517],
       [0.        , 0.11030404],
       [0.        , 0.11090633],
       [0.        , 0.11096176],
       [0.        , 0.11111743],
       [0.        , 0.11342677],
       [0.        , 0.11381237],
       [0.        , 0.11515816],
       [0.        , 0.11539797],
       [0.        , 0.11550342],
       [0.        , 0.11864856],
       [0.        , 0.11963121],
       [0.        , 0.12014517],
       [0.        , 0.12459837],
       [0.        , 0.12495349],
       [0.        , 0.12785247],
       [0.        , 0.12880211],
       [0.        , 0.12906386],
       [0.        , 0.12978062],
       [0.        , 0.13088767],
       [0.        , 0.13198534],
       [0.        , 0.13267627],
       [0.        , 0.13294122],
       [0.        , 0.13448888],
       [0.        , 0.13489085],
       [0.        , 0.13691506],
       [0.        , 0.14048792],
       [0.        , 0.14292976],
       [0.        , 0.14379145],
       [0.        , 0.14550446],
       [0.        , 0.14563482],
       [0.        , 0.1459244 ],
       [0.        , 0.14845026],
       [0.        , 0.14947902],
       [0.        , 0.1508691 ],
       [0.        , 0.15126131],
       [0.        , 0.15245995],
       [0.        , 0.15263917],
       [0.        , 0.15273552],
       [0.        , 0.15448652],
       [0.        , 0.1551968 ],
       [0.        , 0.15543993],
       [0.        , 0.15564415],
       [0.        , 0.15592419],
       [0.        , 0.1582884 ],
       [0.        , 0.1583335 ],
       [0.        , 0.16141444],
       [0.        , 0.16156375],
       [0.        , 0.16248745],
       [0.        , 0.16300997],
       [0.        , 0.16460998],
       [0.        , 0.1653607 ],
       [0.        , 0.16618685],
       [0.        , 0.16628234],
       [0.        , 0.16661495],
       [0.        , 0.1668407 ],
       [0.        , 0.16773254],
       [0.        , 0.16788711],
       [0.        , 0.17062874],
       [0.        , 0.17089444],
       [0.        , 0.17117697],
       [0.        , 0.17134054],
       [0.        , 0.17347983],
       [0.        , 0.17493668],
       [0.        , 0.17582513],
       [0.        , 0.17604701],
       [0.        , 0.17663826],
       [0.        , 0.17772126],
       [0.        , 0.1781705 ],
       [0.        , 0.17964613],
       [0.        , 0.17977782],
       [0.        , 0.18073039],
       [0.        , 0.18135382],
       [0.        , 0.18168902],
       [0.        , 0.18257737],
       [0.        , 0.18306124],
       [0.        , 0.18327549],
       [0.        , 0.18417211],
       [0.        , 0.184434  ],
       [0.        , 0.18568791],
       [0.        , 0.18599851],
       [0.        , 0.18615898],
       [0.        , 0.18664727],
       [0.        , 0.18669465],
       [0.        , 0.19073117],
       [0.        , 0.1912351 ],
       [0.        , 0.19214723],
       [0.        , 0.19218378],
       [0.        , 0.19851021],
       [0.        , 0.20107912],
       [0.        , 0.20525305],
       [0.        ,        inf]]), array([], shape=(0, 2), dtype=float64)]",True
88,0.21373605728149414,0.0011468380689620972,0.15020535928620535,61.48,4.4558488807581655,1,0.004468649625778198,0.004468649625778198,0.004468649625778198,0.98,-0.0,"[array([[0.        , 0.09360617],
       [0.        , 0.09832335],
       [0.        , 0.09906363],
       [0.        , 0.10043865],
       [0.        , 0.10550635],
       [0.        , 0.10675944],
       [0.        , 0.10707014],
       [0.        , 0.10742414],
       [0.        , 0.10749517],
       [0.        , 0.11030404],
       [0.        , 0.11049966],
       [0.        , 0.11096176],
       [0.        , 0.11355285],
       [0.        , 0.11381237],
       [0.        , 0.11432597],
       [0.        , 0.11515439],
       [0.        , 0.11579727],
       [0.        , 0.11695814],
       [0.        , 0.11762787],
       [0.        , 0.11963121],
       [0.        , 0.12091399],
       [0.        , 0.12209889],
       [0.        , 0.12292856],
       [0.        , 0.12342139],
       [0.        , 0.12459837],
       [0.        , 0.12479368],
       [0.        , 0.12495349],
       [0.        , 0.12785247],
       [0.        , 0.12971132],
       [0.        , 0.12978062],
       [0.        , 0.1304879 ],
       [0.        , 0.13211091],
       [0.        , 0.13355987],
       [0.        , 0.13548534],
       [0.        , 0.13980357],
       [0.        , 0.14023618],
       [0.        , 0.14049117],
       [0.        , 0.14292976],
       [0.        , 0.14341511],
       [0.        , 0.14425278],
       [0.        , 0.14947902],
       [0.        , 0.14973855],
       [0.        , 0.14982006],
       [0.        , 0.1511942 ],
       [0.        , 0.15474086],
       [0.        , 0.15508074],
       [0.        , 0.15572202],
       [0.        , 0.15604301],
       [0.        , 0.16119941],
       [0.        , 0.16166587],
       [0.        , 0.16235048],
       [0.        , 0.16242917],
       [0.        , 0.1627229 ],
       [0.        , 0.16296217],
       [0.        , 0.16551818],
       [0.        , 0.16627812],
       [0.        , 0.16821618],
       [0.        , 0.16855586],
       [0.        , 0.16922769],
       [0.        , 0.1705555 ],
       [0.        , 0.17205173],
       [0.        , 0.17234507],
       [0.        , 0.17335656],
       [0.        , 0.17368105],
       [0.        , 0.17385608],
       [0.        , 0.17394927],
       [0.        , 0.17612429],
       [0.        , 0.17670272],
       [0.        , 0.17794418],
       [0.        , 0.17854553],
       [0.        , 0.18042512],
       [0.        , 0.18042892],
       [0.        , 0.18242158],
       [0.        , 0.18243735],
       [0.        , 0.18321298],
       [0.        , 0.18335412],
       [0.        , 0.18539217],
       [0.        , 0.18583475],
       [0.        , 0.18723069],
       [0.        , 0.19046459],
       [0.        , 0.19048858],
       [0.        , 0.19254713],
       [0.        , 0.19590557],
       [0.        , 0.19725294],
       [0.        , 0.20195836],
       [0.        , 0.20219709],
       [0.        , 0.21258922],
       [0.        , 0.21373606],
       [0.        ,        inf]]), array([[0.13489085, 0.1393595 ]])]",False
60,0.19254712760448456,0.0032255947589874268,0.14734091597298782,45.64,4.073418516736937,0,0.0,0.0,0.0,0.0,0.0,"[array([[0.        , 0.08339889],
       [0.        , 0.09465762],
       [0.        , 0.09523675],
       [0.        , 0.09832335],
       [0.        , 0.09906363],
       [0.        , 0.10043865],
       [0.        , 0.10550635],
       [0.        , 0.10749517],
       [0.        , 0.11030404],
       [0.        , 0.11261448],
       [0.        , 0.1135994 ],
       [0.        , 0.11515816],
       [0.        , 0.11641855],
       [0.        , 0.11963121],
       [0.        , 0.12065811],
       [0.        , 0.12432688],
       [0.        , 0.12459837],
       [0.        , 0.12785247],
       [0.        , 0.12978062],
       [0.        , 0.13450652],
       [0.        , 0.13489085],
       [0.        , 0.1361789 ],
       [0.        , 0.14021519],
       [0.        , 0.14023618],
       [0.        , 0.14223048],
       [0.        , 0.14379145],
       [0.        , 0.1439748 ],
       [0.        , 0.14451441],
       [0.        , 0.1465466 ],
       [0.        , 0.14947902],
       [0.        , 0.15008543],
       [0.        , 0.15014958],
       [0.        , 0.15335615],
       [0.        , 0.1551968 ],
       [0.        , 0.16242917],
       [0.        , 0.16514662],
       [0.        , 0.1654111 ],
       [0.        , 0.16627812],
       [0.        , 0.16715731],
       [0.        , 0.16852003],
       [0.        , 0.16885361],
       [0.        , 0.17116538],
       [0.        , 0.17234507],
       [0.        , 0.17245153],
       [0.        , 0.17335656],
       [0.        , 0.17390485],
       [0.        , 0.17518038],
       [0.        , 0.17646983],
       [0.        , 0.17670272],
       [0.        , 0.17712829],
       [0.        , 0.17797257],
       [0.        , 0.17881089],
       [0.        , 0.17923388],
       [0.        , 0.18321298],
       [0.        , 0.18398756],
       [0.        , 0.1846116 ],
       [0.        , 0.18518992],
       [0.        , 0.18865125],
       [0.        , 0.18932153],
       [0.        , 0.19254713],
       [0.        ,        inf]]), array([], shape=(0, 2), dtype=float64)]",True
107,0.21373605728149414,0.008382633328437805,0.15545206238454748,77.36,4.653860712890487,1,0.0024173855781555176,0.0024173855781555176,0.0024173855781555176,0.98,-0.0,"[array([[0.        , 0.09360617],
       [0.        , 0.10043865],
       [0.        , 0.10528746],
       [0.        , 0.10550635],
       [0.        , 0.10707014],
       [0.        , 0.10742414],
       [0.        , 0.10749517],
       [0.        , 0.10936148],
       [0.        , 0.11030404],
       [0.        , 0.11090633],
       [0.        , 0.11096176],
       [0.        , 0.11179125],
       [0.        , 0.11189751],
       [0.        , 0.1150218 ],
       [0.        , 0.11515816],
       [0.        , 0.11550342],
       [0.        , 0.11963121],
       [0.        , 0.11975158],
       [0.        , 0.11986774],
       [0.        , 0.12014517],
       [0.        , 0.12110982],
       [0.        , 0.12249997],
       [0.        , 0.12342139],
       [0.        , 0.12420486],
       [0.        , 0.12429306],
       [0.        , 0.12432688],
       [0.        , 0.12459837],
       [0.        , 0.12495349],
       [0.        , 0.12530892],
       [0.        , 0.12562174],
       [0.        , 0.12931064],
       [0.        , 0.12971132],
       [0.        , 0.12978062],
       [0.        , 0.13329279],
       [0.        , 0.13489085],
       [0.        , 0.13658053],
       [0.        , 0.1373536 ],
       [0.        , 0.14235437],
       [0.        , 0.14272793],
       [0.        , 0.14845026],
       [0.        , 0.14947902],
       [0.        , 0.15397717],
       [0.        , 0.15448652],
       [0.        , 0.1551968 ],
       [0.        , 0.15672836],
       [0.        , 0.15704027],
       [0.        , 0.15808502],
       [0.        , 0.15851125],
       [0.        , 0.1602848 ],
       [0.        , 0.16394316],
       [0.        , 0.16408119],
       [0.        , 0.1648739 ],
       [0.        , 0.16555089],
       [0.        , 0.16701578],
       [0.        , 0.16702969],
       [0.        , 0.16706103],
       [0.        , 0.16715761],
       [0.        , 0.16760164],
       [0.        , 0.16785429],
       [0.        , 0.1685605 ],
       [0.        , 0.16913593],
       [0.        , 0.16973044],
       [0.        , 0.17061369],
       [0.        , 0.17072967],
       [0.        , 0.17116816],
       [0.        , 0.17188156],
       [0.        , 0.17239882],
       [0.        , 0.17319575],
       [0.        , 0.17331703],
       [0.        , 0.17334762],
       [0.        , 0.17343682],
       [0.        , 0.17408678],
       [0.        , 0.17476247],
       [0.        , 0.17493668],
       [0.        , 0.17514545],
       [0.        , 0.17642689],
       [0.        , 0.17750089],
       [0.        , 0.17772126],
       [0.        , 0.17829108],
       [0.        , 0.17887442],
       [0.        , 0.17962821],
       [0.        , 0.17971975],
       [0.        , 0.17999636],
       [0.        , 0.18050772],
       [0.        , 0.18143559],
       [0.        , 0.18205087],
       [0.        , 0.18288396],
       [0.        , 0.18301429],
       [0.        , 0.183946  ],
       [0.        , 0.1845738 ],
       [0.        , 0.18539907],
       [0.        , 0.18620168],
       [0.        , 0.18663129],
       [0.        , 0.18814571],
       [0.        , 0.18819608],
       [0.        , 0.18820533],
       [0.        , 0.18944901],
       [0.        , 0.19049115],
       [0.        , 0.19058572],
       [0.        , 0.1908669 ],
       [0.        , 0.19169599],
       [0.        , 0.19261301],
       [0.        , 0.1935171 ],
       [0.        , 0.19625527],
       [0.        , 0.20513012],
       [0.        , 0.20535342],
       [0.        , 0.21373606],
       [0.        ,        inf]]), array([[0.1414299 , 0.14384729]])]",False
116,0.19459035992622375,0.0003133416175842285,0.15175072000972156,89.84,4.736567941387311,3,0.00040750205516815186,7.101893424987793e-05,0.00035941600799560547,1.98,1.0942243601185457,"[array([[0.        , 0.09360617],
       [0.        , 0.09832335],
       [0.        , 0.09906363],
       [0.        , 0.10043865],
       [0.        , 0.10550635],
       [0.        , 0.10560107],
       [0.        , 0.10675944],
       [0.        , 0.10707014],
       [0.        , 0.10742414],
       [0.        , 0.10749517],
       [0.        , 0.11030404],
       [0.        , 0.11096176],
       [0.        , 0.11381237],
       [0.        , 0.11432597],
       [0.        , 0.1150218 ],
       [0.        , 0.11515439],
       [0.        , 0.11515816],
       [0.        , 0.11550342],
       [0.        , 0.117922  ],
       [0.        , 0.11822563],
       [0.        , 0.11963121],
       [0.        , 0.12060544],
       [0.        , 0.12097693],
       [0.        , 0.12285352],
       [0.        , 0.12342139],
       [0.        , 0.12432688],
       [0.        , 0.12459837],
       [0.        , 0.12495349],
       [0.        , 0.12690553],
       [0.        , 0.12785247],
       [0.        , 0.12916102],
       [0.        , 0.12978062],
       [0.        , 0.13172255],
       [0.        , 0.13211091],
       [0.        , 0.13280834],
       [0.        , 0.13380259],
       [0.        , 0.13483153],
       [0.        , 0.13489085],
       [0.        , 0.13548534],
       [0.        , 0.1355823 ],
       [0.        , 0.13762178],
       [0.        , 0.14172322],
       [0.        , 0.14223048],
       [0.        , 0.14298554],
       [0.        , 0.14487444],
       [0.        , 0.14644173],
       [0.        , 0.14947902],
       [0.        , 0.15097499],
       [0.        , 0.15122713],
       [0.        , 0.15164565],
       [0.        , 0.15204436],
       [0.        , 0.15319361],
       [0.        , 0.15506949],
       [0.        , 0.15508074],
       [0.        , 0.1551968 ],
       [0.        , 0.15727794],
       [0.        , 0.15805763],
       [0.        , 0.15816821],
       [0.        , 0.15851125],
       [0.        , 0.15901932],
       [0.        , 0.15907122],
       [0.        , 0.15940003],
       [0.        , 0.15984957],
       [0.        , 0.15996528],
       [0.        , 0.16060139],
       [0.        , 0.16197702],
       [0.        , 0.16234307],
       [0.        , 0.1624954 ],
       [0.        , 0.16383483],
       [0.        , 0.16459022],
       [0.        , 0.1648739 ],
       [0.        , 0.16668282],
       [0.        , 0.16677859],
       [0.        , 0.16709445],
       [0.        , 0.16711628],
       [0.        , 0.16715761],
       [0.        , 0.16729961],
       [0.        , 0.16801096],
       [0.        , 0.16853108],
       [0.        , 0.16957456],
       [0.        , 0.17040893],
       [0.        , 0.17056818],
       [0.        , 0.1708997 ],
       [0.        , 0.17123136],
       [0.        , 0.17290638],
       [0.        , 0.17377718],
       [0.        , 0.17493254],
       [0.        , 0.17529938],
       [0.        , 0.17553587],
       [0.        , 0.17695624],
       [0.        , 0.17697559],
       [0.        , 0.17724404],
       [0.        , 0.17772126],
       [0.        , 0.17948018],
       [0.        , 0.17959635],
       [0.        , 0.18058112],
       [0.        , 0.18151002],
       [0.        , 0.18153749],
       [0.        , 0.18241787],
       [0.        , 0.18255281],
       [0.        , 0.18286157],
       [0.        , 0.18321298],
       [0.        , 0.18328312],
       [0.        , 0.18354942],
       [0.        , 0.1845423 ],
       [0.        , 0.18740472],
       [0.        , 0.18780968],
       [0.        , 0.18814571],
       [0.        , 0.18968748],
       [0.        , 0.19073769],
       [0.        , 0.19111091],
       [0.        , 0.19166824],
       [0.        , 0.19254713],
       [0.        , 0.19347253],
       [0.        , 0.19427702],
       [0.        , 0.19459036],
       [0.        ,        inf]]), array([[0.14363831, 0.1439748 ],
       [0.14351302, 0.14384729],
       [0.14343978, 0.14384729]])]",True
123,0.20439967513084412,0.00874340534210205,0.15207449861658298,90.9,4.793084084918879,3,0.00040750205516815186,7.323920726776123e-05,0.0002736051877339681,0.46,0.9388727923250002,"[array([[0.        , 0.09360617],
       [0.        , 0.09832335],
       [0.        , 0.09906363],
       [0.        , 0.10043865],
       [0.        , 0.10227384],
       [0.        , 0.10502084],
       [0.        , 0.10550635],
       [0.        , 0.10560107],
       [0.        , 0.10697581],
       [0.        , 0.10707014],
       [0.        , 0.10742414],
       [0.        , 0.10749517],
       [0.        , 0.11030404],
       [0.        , 0.11096176],
       [0.        , 0.11111743],
       [0.        , 0.11179125],
       [0.        , 0.11342677],
       [0.        , 0.11381237],
       [0.        , 0.11515439],
       [0.        , 0.11539797],
       [0.        , 0.11550342],
       [0.        , 0.11827139],
       [0.        , 0.1183588 ],
       [0.        , 0.11864856],
       [0.        , 0.11963121],
       [0.        , 0.1210195 ],
       [0.        , 0.12342139],
       [0.        , 0.12432688],
       [0.        , 0.12459837],
       [0.        , 0.12495349],
       [0.        , 0.12515269],
       [0.        , 0.12785247],
       [0.        , 0.12906386],
       [0.        , 0.12915862],
       [0.        , 0.12978062],
       [0.        , 0.13088767],
       [0.        , 0.13109675],
       [0.        , 0.13120177],
       [0.        , 0.13198534],
       [0.        , 0.13267627],
       [0.        , 0.13294122],
       [0.        , 0.13489085],
       [0.        , 0.13691506],
       [0.        , 0.13718624],
       [0.        , 0.13768676],
       [0.        , 0.13815624],
       [0.        , 0.13968487],
       [0.        , 0.14053106],
       [0.        , 0.14087923],
       [0.        , 0.14262001],
       [0.        , 0.14292976],
       [0.        , 0.14563482],
       [0.        , 0.14947902],
       [0.        , 0.15050244],
       [0.        , 0.15120672],
       [0.        , 0.15126131],
       [0.        , 0.15263917],
       [0.        , 0.15448652],
       [0.        , 0.15625608],
       [0.        , 0.15694359],
       [0.        , 0.15704027],
       [0.        , 0.15761791],
       [0.        , 0.1583335 ],
       [0.        , 0.15937982],
       [0.        , 0.16062337],
       [0.        , 0.16225983],
       [0.        , 0.16248745],
       [0.        , 0.16300662],
       [0.        , 0.16555089],
       [0.        , 0.16661495],
       [0.        , 0.16702969],
       [0.        , 0.16714096],
       [0.        , 0.16788711],
       [0.        , 0.16845967],
       [0.        , 0.16862908],
       [0.        , 0.16883281],
       [0.        , 0.16904503],
       [0.        , 0.16913593],
       [0.        , 0.16943532],
       [0.        , 0.16986987],
       [0.        , 0.17062874],
       [0.        , 0.17117697],
       [0.        , 0.17134054],
       [0.        , 0.17139108],
       [0.        , 0.17239882],
       [0.        , 0.17257597],
       [0.        , 0.17269754],
       [0.        , 0.17298861],
       [0.        , 0.17334762],
       [0.        , 0.17347983],
       [0.        , 0.17443246],
       [0.        , 0.1748717 ],
       [0.        , 0.17663826],
       [0.        , 0.17829108],
       [0.        , 0.17962821],
       [0.        , 0.17977782],
       [0.        , 0.18073039],
       [0.        , 0.18135382],
       [0.        , 0.18257737],
       [0.        , 0.18306124],
       [0.        , 0.18417211],
       [0.        , 0.18435851],
       [0.        , 0.184434  ],
       [0.        , 0.18485957],
       [0.        , 0.18568791],
       [0.        , 0.18574104],
       [0.        , 0.18599851],
       [0.        , 0.18615898],
       [0.        , 0.18620168],
       [0.        , 0.18631934],
       [0.        , 0.18669465],
       [0.        , 0.18723069],
       [0.        , 0.18820533],
       [0.        , 0.18944901],
       [0.        , 0.19073117],
       [0.        , 0.1912351 ],
       [0.        , 0.19204611],
       [0.        , 0.19214723],
       [0.        , 0.19261301],
       [0.        , 0.19308119],
       [0.        , 0.19478893],
       [0.        , 0.19565627],
       [0.        , 0.20439968],
       [0.        ,        inf]]), array([[0.14351302, 0.14384729],
       [0.14343978, 0.14384729],
       [0.14208423, 0.14216328]])]",False
72,0.2092372477054596,0.011194765567779541,0.15012792435785136,51.4,4.251692479576025,2,0.00503993034362793,0.0039198994636535645,0.0030799806118011475,0.12,0.4741485743522281,"[array([[0.        , 0.09360617],
       [0.        , 0.09523675],
       [0.        , 0.09832335],
       [0.        , 0.09906363],
       [0.        , 0.10043865],
       [0.        , 0.10277458],
       [0.        , 0.10550635],
       [0.        , 0.10644238],
       [0.        , 0.10707014],
       [0.        , 0.10749517],
       [0.        , 0.10936148],
       [0.        , 0.11030404],
       [0.        , 0.11096176],
       [0.        , 0.11179125],
       [0.        , 0.1135994 ],
       [0.        , 0.11515816],
       [0.        , 0.11963121],
       [0.        , 0.12065811],
       [0.        , 0.12249997],
       [0.        , 0.12309878],
       [0.        , 0.12429306],
       [0.        , 0.12459837],
       [0.        , 0.12495349],
       [0.        , 0.12505792],
       [0.        , 0.12530892],
       [0.        , 0.12554002],
       [0.        , 0.12749763],
       [0.        , 0.12971132],
       [0.        , 0.12978062],
       [0.        , 0.13116656],
       [0.        , 0.13489085],
       [0.        , 0.13920236],
       [0.        , 0.14947902],
       [0.        , 0.15198994],
       [0.        , 0.1551968 ],
       [0.        , 0.15842032],
       [0.        , 0.15865126],
       [0.        , 0.15965292],
       [0.        , 0.16523309],
       [0.        , 0.16545975],
       [0.        , 0.16625088],
       [0.        , 0.16703372],
       [0.        , 0.16704108],
       [0.        , 0.16859613],
       [0.        , 0.16953026],
       [0.        , 0.1704731 ],
       [0.        , 0.17061369],
       [0.        , 0.17116816],
       [0.        , 0.17301698],
       [0.        , 0.17514545],
       [0.        , 0.17518038],
       [0.        , 0.17527495],
       [0.        , 0.176596  ],
       [0.        , 0.17737651],
       [0.        , 0.17794418],
       [0.        , 0.18049748],
       [0.        , 0.18288396],
       [0.        , 0.18301429],
       [0.        , 0.18386763],
       [0.        , 0.18517545],
       [0.        , 0.18547444],
       [0.        , 0.18819608],
       [0.        , 0.19134331],
       [0.        , 0.19204611],
       [0.        , 0.19244267],
       [0.        , 0.19382997],
       [0.        , 0.19389723],
       [0.        , 0.19489282],
       [0.        , 0.19636169],
       [0.        , 0.19766064],
       [0.        , 0.19804248],
       [0.        , 0.20923725],
       [0.        ,        inf]]), array([[0.15348895, 0.15852888],
       [0.10665418, 0.10777421]])]",True
103,0.2040708214044571,0.003936499357223511,0.1506569669807999,75.62,4.613757117472867,2,0.004005804657936096,0.0035983026027679443,0.002206653356552124,0.48,0.3079068096655486,"[array([[0.        , 0.09360617],
       [0.        , 0.09832335],
       [0.        , 0.09884338],
       [0.        , 0.09906363],
       [0.        , 0.10043865],
       [0.        , 0.10528746],
       [0.        , 0.10550635],
       [0.        , 0.10675944],
       [0.        , 0.10707014],
       [0.        , 0.10742414],
       [0.        , 0.10749517],
       [0.        , 0.10936148],
       [0.        , 0.11030404],
       [0.        , 0.11049966],
       [0.        , 0.11096176],
       [0.        , 0.1121757 ],
       [0.        , 0.11355285],
       [0.        , 0.11381237],
       [0.        , 0.11432597],
       [0.        , 0.1150218 ],
       [0.        , 0.11515439],
       [0.        , 0.11515816],
       [0.        , 0.11550342],
       [0.        , 0.11695814],
       [0.        , 0.11827139],
       [0.        , 0.11963121],
       [0.        , 0.12072835],
       [0.        , 0.12432688],
       [0.        , 0.12459837],
       [0.        , 0.12495349],
       [0.        , 0.12530892],
       [0.        , 0.12696232],
       [0.        , 0.12971132],
       [0.        , 0.12978062],
       [0.        , 0.13043648],
       [0.        , 0.13229185],
       [0.        , 0.13280834],
       [0.        , 0.13367438],
       [0.        , 0.13534215],
       [0.        , 0.13980357],
       [0.        , 0.14023618],
       [0.        , 0.14341511],
       [0.        , 0.14425278],
       [0.        , 0.14628488],
       [0.        , 0.14814167],
       [0.        , 0.15008543],
       [0.        , 0.15099099],
       [0.        , 0.1551968 ],
       [0.        , 0.15577227],
       [0.        , 0.15883301],
       [0.        , 0.15906753],
       [0.        , 0.15970288],
       [0.        , 0.16026869],
       [0.        , 0.1602848 ],
       [0.        , 0.16074041],
       [0.        , 0.16396929],
       [0.        , 0.16514662],
       [0.        , 0.1654111 ],
       [0.        , 0.16551818],
       [0.        , 0.16561741],
       [0.        , 0.16582981],
       [0.        , 0.16699593],
       [0.        , 0.16790622],
       [0.        , 0.16807453],
       [0.        , 0.16855586],
       [0.        , 0.16885361],
       [0.        , 0.16898568],
       [0.        , 0.1705555 ],
       [0.        , 0.17116538],
       [0.        , 0.17185244],
       [0.        , 0.17245153],
       [0.        , 0.17349188],
       [0.        , 0.17368105],
       [0.        , 0.17385608],
       [0.        , 0.17523061],
       [0.        , 0.17567964],
       [0.        , 0.17611749],
       [0.        , 0.17624281],
       [0.        , 0.17772126],
       [0.        , 0.17911251],
       [0.        , 0.17923388],
       [0.        , 0.17978343],
       [0.        , 0.18026349],
       [0.        , 0.18042512],
       [0.        , 0.18042892],
       [0.        , 0.18239807],
       [0.        , 0.18301429],
       [0.        , 0.18335412],
       [0.        , 0.1846116 ],
       [0.        , 0.18486804],
       [0.        , 0.18583475],
       [0.        , 0.18723069],
       [0.        , 0.18819608],
       [0.        , 0.18859822],
       [0.        , 0.18865125],
       [0.        , 0.18868688],
       [0.        , 0.18966909],
       [0.        , 0.19048858],
       [0.        , 0.19149882],
       [0.        , 0.19180711],
       [0.        , 0.19188692],
       [0.        , 0.20013432],
       [0.        , 0.20407082],
       [0.        ,        inf]]), array([[0.14343978, 0.14384729],
       [0.13489085, 0.13889666]])]",True
123,0.20525304973125458,0.0015000104904174805,0.15733346361212613,93.48,4.795718035403838,0,0.0,0.0,0.0,0.0,0.0,"[array([[0.        , 0.09832335],
       [0.        , 0.09884338],
       [0.        , 0.09906363],
       [0.        , 0.10043865],
       [0.        , 0.10550635],
       [0.        , 0.10742414],
       [0.        , 0.10749517],
       [0.        , 0.11030404],
       [0.        , 0.11049966],
       [0.        , 0.11179125],
       [0.        , 0.11261448],
       [0.        , 0.11381237],
       [0.        , 0.11515439],
       [0.        , 0.11641855],
       [0.        , 0.11827139],
       [0.        , 0.11963121],
       [0.        , 0.12072835],
       [0.        , 0.12342139],
       [0.        , 0.12452517],
       [0.        , 0.12459837],
       [0.        , 0.12495349],
       [0.        , 0.12502259],
       [0.        , 0.12562174],
       [0.        , 0.12785247],
       [0.        , 0.12978062],
       [0.        , 0.1308063 ],
       [0.        , 0.13139866],
       [0.        , 0.13294777],
       [0.        , 0.13489085],
       [0.        , 0.1361789 ],
       [0.        , 0.13708889],
       [0.        , 0.13710782],
       [0.        , 0.13747981],
       [0.        , 0.13765734],
       [0.        , 0.13813584],
       [0.        , 0.13815616],
       [0.        , 0.13968487],
       [0.        , 0.14023618],
       [0.        , 0.14029163],
       [0.        , 0.14029439],
       [0.        , 0.14053106],
       [0.        , 0.14062227],
       [0.        , 0.14341511],
       [0.        , 0.14379145],
       [0.        , 0.14814167],
       [0.        , 0.14845026],
       [0.        , 0.15068509],
       [0.        , 0.1528547 ],
       [0.        , 0.1531318 ],
       [0.        , 0.15581933],
       [0.        , 0.15621829],
       [0.        , 0.15749581],
       [0.        , 0.15763955],
       [0.        , 0.1582884 ],
       [0.        , 0.15947056],
       [0.        , 0.1599509 ],
       [0.        , 0.16029529],
       [0.        , 0.16062337],
       [0.        , 0.16130482],
       [0.        , 0.16141444],
       [0.        , 0.1619222 ],
       [0.        , 0.16300662],
       [0.        , 0.16383564],
       [0.        , 0.16415286],
       [0.        , 0.16460998],
       [0.        , 0.1650019 ],
       [0.        , 0.16535684],
       [0.        , 0.1656647 ],
       [0.        , 0.16582988],
       [0.        , 0.16618685],
       [0.        , 0.16661495],
       [0.        , 0.16714506],
       [0.        , 0.16737585],
       [0.        , 0.17084946],
       [0.        , 0.17089444],
       [0.        , 0.17117697],
       [0.        , 0.17148349],
       [0.        , 0.1719844 ],
       [0.        , 0.17217074],
       [0.        , 0.17222738],
       [0.        , 0.17266299],
       [0.        , 0.17293313],
       [0.        , 0.17298861],
       [0.        , 0.17355613],
       [0.        , 0.1750551 ],
       [0.        , 0.17570652],
       [0.        , 0.17618881],
       [0.        , 0.17620622],
       [0.        , 0.17643377],
       [0.        , 0.1766742 ],
       [0.        , 0.17707466],
       [0.        , 0.1781705 ],
       [0.        , 0.17854553],
       [0.        , 0.17894629],
       [0.        , 0.18064918],
       [0.        , 0.18168902],
       [0.        , 0.18231897],
       [0.        , 0.18321298],
       [0.        , 0.18327549],
       [0.        , 0.18372139],
       [0.        , 0.18422969],
       [0.        , 0.18428685],
       [0.        , 0.18723069],
       [0.        , 0.18742123],
       [0.        , 0.18754527],
       [0.        , 0.18848243],
       [0.        , 0.18852411],
       [0.        , 0.18867432],
       [0.        , 0.19254713],
       [0.        , 0.19262455],
       [0.        , 0.19276842],
       [0.        , 0.19379549],
       [0.        , 0.19543666],
       [0.        , 0.19550587],
       [0.        , 0.19615576],
       [0.        , 0.19633573],
       [0.        , 0.1965394 ],
       [0.        , 0.19676802],
       [0.        , 0.1976518 ],
       [0.        , 0.20067306],
       [0.        , 0.20171793],
       [0.        , 0.20375304],
       [0.        , 0.20525305],
       [0.        ,        inf]]), array([], shape=(0, 2), dtype=float64)]",True
67,0.1986522376537323,0.000805974006652832,0.1520933014020991,50.94,4.184241157596621,1,0.00040750205516815186,0.00040750205516815186,0.00040750205516815186,0.98,-0.0,"[array([[0.        , 0.09832335],
       [0.        , 0.09906363],
       [0.        , 0.10043865],
       [0.        , 0.10550635],
       [0.        , 0.10560107],
       [0.        , 0.10742414],
       [0.        , 0.10749517],
       [0.        , 0.11030404],
       [0.        , 0.11261448],
       [0.        , 0.11381237],
       [0.        , 0.11515816],
       [0.        , 0.11827139],
       [0.        , 0.11963121],
       [0.        , 0.12412774],
       [0.        , 0.12432688],
       [0.        , 0.12459837],
       [0.        , 0.12495349],
       [0.        , 0.12562174],
       [0.        , 0.12785247],
       [0.        , 0.12793508],
       [0.        , 0.12978062],
       [0.        , 0.12994631],
       [0.        , 0.13136989],
       [0.        , 0.13211091],
       [0.        , 0.13489085],
       [0.        , 0.14062227],
       [0.        , 0.14090779],
       [0.        , 0.14306691],
       [0.        , 0.1433969 ],
       [0.        , 0.14341511],
       [0.        , 0.14845026],
       [0.        , 0.14947902],
       [0.        , 0.14977103],
       [0.        , 0.15244159],
       [0.        , 0.1551968 ],
       [0.        , 0.15885577],
       [0.        , 0.1599509 ],
       [0.        , 0.16300662],
       [0.        , 0.1650019 ],
       [0.        , 0.1675925 ],
       [0.        , 0.17084946],
       [0.        , 0.17166995],
       [0.        , 0.17169099],
       [0.        , 0.17210133],
       [0.        , 0.17355613],
       [0.        , 0.17368105],
       [0.        , 0.1746843 ],
       [0.        , 0.17854553],
       [0.        , 0.17989959],
       [0.        , 0.18040039],
       [0.        , 0.18064918],
       [0.        , 0.18163189],
       [0.        , 0.18210058],
       [0.        , 0.18231897],
       [0.        , 0.18321298],
       [0.        , 0.18363857],
       [0.        , 0.18580985],
       [0.        , 0.18723069],
       [0.        , 0.18867432],
       [0.        , 0.18964946],
       [0.        , 0.19048858],
       [0.        , 0.19254713],
       [0.        , 0.19262455],
       [0.        , 0.1965394 ],
       [0.        , 0.19724409],
       [0.        , 0.19784626],
       [0.        , 0.19865224],
       [0.        ,        inf]]), array([[0.14343978, 0.14384729]])]",False
83,0.2037530392408371,0.002576485276222229,0.15155893914311766,61.26,4.397922385448655,0,0.0,0.0,0.0,0.0,0.0,"[array([[0.        , 0.09360617],
       [0.        , 0.09832335],
       [0.        , 0.09884338],
       [0.        , 0.10043865],
       [0.        , 0.10528746],
       [0.        , 0.10550635],
       [0.        , 0.10560107],
       [0.        , 0.10707014],
       [0.        , 0.10742414],
       [0.        , 0.10749517],
       [0.        , 0.11030404],
       [0.        , 0.11090633],
       [0.        , 0.11096176],
       [0.        , 0.11381237],
       [0.        , 0.11515439],
       [0.        , 0.11515816],
       [0.        , 0.11963121],
       [0.        , 0.12369256],
       [0.        , 0.12412774],
       [0.        , 0.12459837],
       [0.        , 0.12495349],
       [0.        , 0.12562174],
       [0.        , 0.12717749],
       [0.        , 0.12785247],
       [0.        , 0.12793508],
       [0.        , 0.12978062],
       [0.        , 0.12994631],
       [0.        , 0.13136989],
       [0.        , 0.13294777],
       [0.        , 0.13489085],
       [0.        , 0.13548534],
       [0.        , 0.13710782],
       [0.        , 0.14010008],
       [0.        , 0.14029439],
       [0.        , 0.14451441],
       [0.        , 0.14814167],
       [0.        , 0.15205911],
       [0.        , 0.1528547 ],
       [0.        , 0.1551968 ],
       [0.        , 0.15706147],
       [0.        , 0.15749581],
       [0.        , 0.15792456],
       [0.        , 0.1582884 ],
       [0.        , 0.15916331],
       [0.        , 0.16057272],
       [0.        , 0.16079156],
       [0.        , 0.16088161],
       [0.        , 0.16415286],
       [0.        , 0.16535684],
       [0.        , 0.1656647 ],
       [0.        , 0.16582988],
       [0.        , 0.16714506],
       [0.        , 0.16737585],
       [0.        , 0.16983996],
       [0.        , 0.1706727 ],
       [0.        , 0.17087284],
       [0.        , 0.17148349],
       [0.        , 0.17169099],
       [0.        , 0.1719844 ],
       [0.        , 0.17556645],
       [0.        , 0.1766742 ],
       [0.        , 0.17707466],
       [0.        , 0.17772126],
       [0.        , 0.17854553],
       [0.        , 0.17868009],
       [0.        , 0.18056288],
       [0.        , 0.18168902],
       [0.        , 0.18321298],
       [0.        , 0.18428685],
       [0.        , 0.18434615],
       [0.        , 0.18660073],
       [0.        , 0.18742123],
       [0.        , 0.18754527],
       [0.        , 0.18966909],
       [0.        , 0.19000661],
       [0.        , 0.19254713],
       [0.        , 0.19276842],
       [0.        , 0.1935171 ],
       [0.        , 0.19379549],
       [0.        , 0.1954736 ],
       [0.        , 0.19633573],
       [0.        , 0.20117655],
       [0.        , 0.20375304],
       [0.        ,        inf]]), array([], shape=(0, 2), dtype=float64)]",True
139,0.2039889395236969,0.00203058123588562,0.1538966912910235,104.1,4.917318106393569,0,0.0,0.0,0.0,0.0,0.0,"[array([[0.        , 0.09360617],
       [0.        , 0.09906363],
       [0.        , 0.10043865],
       [0.        , 0.10528746],
       [0.        , 0.10550635],
       [0.        , 0.10560107],
       [0.        , 0.10675944],
       [0.        , 0.10707014],
       [0.        , 0.10742414],
       [0.        , 0.10749517],
       [0.        , 0.10911847],
       [0.        , 0.10936148],
       [0.        , 0.11030404],
       [0.        , 0.11096176],
       [0.        , 0.11203784],
       [0.        , 0.11432597],
       [0.        , 0.11515816],
       [0.        , 0.11550342],
       [0.        , 0.11963121],
       [0.        , 0.11986774],
       [0.        , 0.12140132],
       [0.        , 0.12181061],
       [0.        , 0.12246194],
       [0.        , 0.12249997],
       [0.        , 0.12342139],
       [0.        , 0.12420486],
       [0.        , 0.12429306],
       [0.        , 0.12459837],
       [0.        , 0.12479777],
       [0.        , 0.12495349],
       [0.        , 0.12521386],
       [0.        , 0.12530892],
       [0.        , 0.12562174],
       [0.        , 0.12695982],
       [0.        , 0.12749763],
       [0.        , 0.12756911],
       [0.        , 0.12786625],
       [0.        , 0.12841634],
       [0.        , 0.12978062],
       [0.        , 0.13109675],
       [0.        , 0.13211091],
       [0.        , 0.13280834],
       [0.        , 0.13380964],
       [0.        , 0.13395503],
       [0.        , 0.13489085],
       [0.        , 0.1361789 ],
       [0.        , 0.1373122 ],
       [0.        , 0.14130205],
       [0.        , 0.14225145],
       [0.        , 0.14235437],
       [0.        , 0.14298554],
       [0.        , 0.14516115],
       [0.        , 0.14814167],
       [0.        , 0.14885671],
       [0.        , 0.1497315 ],
       [0.        , 0.14994323],
       [0.        , 0.15099099],
       [0.        , 0.15122713],
       [0.        , 0.1516858 ],
       [0.        , 0.15175581],
       [0.        , 0.1551968 ],
       [0.        , 0.15608835],
       [0.        , 0.15625608],
       [0.        , 0.15701473],
       [0.        , 0.15758266],
       [0.        , 0.15816821],
       [0.        , 0.15823166],
       [0.        , 0.15863371],
       [0.        , 0.15911454],
       [0.        , 0.15960035],
       [0.        , 0.15996528],
       [0.        , 0.1602848 ],
       [0.        , 0.16079156],
       [0.        , 0.16091622],
       [0.        , 0.16264668],
       [0.        , 0.16292712],
       [0.        , 0.16383483],
       [0.        , 0.16459022],
       [0.        , 0.1648739 ],
       [0.        , 0.16515915],
       [0.        , 0.1653607 ],
       [0.        , 0.16581993],
       [0.        , 0.16640107],
       [0.        , 0.16677859],
       [0.        , 0.16701578],
       [0.        , 0.16799453],
       [0.        , 0.16801096],
       [0.        , 0.16946483],
       [0.        , 0.1700311 ],
       [0.        , 0.17006232],
       [0.        , 0.17040893],
       [0.        , 0.1706246 ],
       [0.        , 0.17072967],
       [0.        , 0.170792  ],
       [0.        , 0.17146039],
       [0.        , 0.17223918],
       [0.        , 0.17245474],
       [0.        , 0.17269754],
       [0.        , 0.17320687],
       [0.        , 0.17404763],
       [0.        , 0.17415158],
       [0.        , 0.17482299],
       [0.        , 0.17493668],
       [0.        , 0.17526686],
       [0.        , 0.1753999 ],
       [0.        , 0.17805345],
       [0.        , 0.17828935],
       [0.        , 0.17912771],
       [0.        , 0.17948018],
       [0.        , 0.18107364],
       [0.        , 0.18153749],
       [0.        , 0.18209755],
       [0.        , 0.18225831],
       [0.        , 0.18241787],
       [0.        , 0.18243735],
       [0.        , 0.18255281],
       [0.        , 0.1829903 ],
       [0.        , 0.18301429],
       [0.        , 0.18354942],
       [0.        , 0.18548012],
       [0.        , 0.18594307],
       [0.        , 0.18620168],
       [0.        , 0.18723069],
       [0.        , 0.18780968],
       [0.        , 0.1878223 ],
       [0.        , 0.18816754],
       [0.        , 0.18819608],
       [0.        , 0.18955156],
       [0.        , 0.19011478],
       [0.        , 0.19052552],
       [0.        , 0.19136006],
       [0.        , 0.19166824],
       [0.        , 0.19459036],
       [0.        , 0.19568601],
       [0.        , 0.19649136],
       [0.        , 0.1979093 ],
       [0.        , 0.19825907],
       [0.        , 0.20195836],
       [0.        , 0.20398894],
       [0.        ,        inf]]), array([], shape=(0, 2), dtype=float64)]",True
97,0.20535342395305634,0.00694042444229126,0.1530083806551609,71.7,4.55570324781637,1,0.00040750205516815186,0.00040750205516815186,0.00040750205516815186,0.98,-0.0,"[array([[0.        , 0.09360617],
       [0.        , 0.09906363],
       [0.        , 0.09909354],
       [0.        , 0.10043865],
       [0.        , 0.10550635],
       [0.        , 0.10560107],
       [0.        , 0.10675944],
       [0.        , 0.10707014],
       [0.        , 0.10742414],
       [0.        , 0.10749517],
       [0.        , 0.10911847],
       [0.        , 0.10936148],
       [0.        , 0.11030404],
       [0.        , 0.11096176],
       [0.        , 0.11432597],
       [0.        , 0.11515816],
       [0.        , 0.11963121],
       [0.        , 0.11986774],
       [0.        , 0.12072835],
       [0.        , 0.12420486],
       [0.        , 0.12429306],
       [0.        , 0.12432688],
       [0.        , 0.12459837],
       [0.        , 0.12495349],
       [0.        , 0.12530892],
       [0.        , 0.12978062],
       [0.        , 0.13066711],
       [0.        , 0.13239314],
       [0.        , 0.13280834],
       [0.        , 0.13329279],
       [0.        , 0.13380964],
       [0.        , 0.13489085],
       [0.        , 0.13815616],
       [0.        , 0.13891366],
       [0.        , 0.14142479],
       [0.        , 0.14298554],
       [0.        , 0.14689629],
       [0.        , 0.14823838],
       [0.        , 0.14845026],
       [0.        , 0.14947902],
       [0.        , 0.15097499],
       [0.        , 0.15106267],
       [0.        , 0.15122713],
       [0.        , 0.1551968 ],
       [0.        , 0.15608835],
       [0.        , 0.15816821],
       [0.        , 0.15851125],
       [0.        , 0.15865126],
       [0.        , 0.15996528],
       [0.        , 0.1602848 ],
       [0.        , 0.16292712],
       [0.        , 0.16383483],
       [0.        , 0.16459022],
       [0.        , 0.1648739 ],
       [0.        , 0.16515915],
       [0.        , 0.16562203],
       [0.        , 0.16581993],
       [0.        , 0.16640107],
       [0.        , 0.16677859],
       [0.        , 0.16715761],
       [0.        , 0.16747297],
       [0.        , 0.16754305],
       [0.        , 0.16785429],
       [0.        , 0.16801096],
       [0.        , 0.16876577],
       [0.        , 0.16973044],
       [0.        , 0.17040893],
       [0.        , 0.17158352],
       [0.        , 0.17377718],
       [0.        , 0.17578126],
       [0.        , 0.17726983],
       [0.        , 0.17772126],
       [0.        , 0.17840362],
       [0.        , 0.17948018],
       [0.        , 0.17959465],
       [0.        , 0.17999636],
       [0.        , 0.18058112],
       [0.        , 0.18153749],
       [0.        , 0.18241787],
       [0.        , 0.18255281],
       [0.        , 0.18301429],
       [0.        , 0.18352361],
       [0.        , 0.18354942],
       [0.        , 0.183946  ],
       [0.        , 0.18539907],
       [0.        , 0.18780968],
       [0.        , 0.18814571],
       [0.        , 0.18819608],
       [0.        , 0.1908669 ],
       [0.        , 0.19111091],
       [0.        , 0.19166824],
       [0.        , 0.19210467],
       [0.        , 0.19269986],
       [0.        , 0.19459036],
       [0.        , 0.19625527],
       [0.        , 0.198413  ],
       [0.        , 0.20535342],
       [0.        ,        inf]]), array([[0.14343978, 0.14384729]])]",True
101,0.20513011515140533,0.004493460059165955,0.15715830382144097,76.76,4.596249737474563,0,0.0,0.0,0.0,0.0,0.0,"[array([[0.        , 0.09360617],
       [0.        , 0.09832335],
       [0.        , 0.09906363],
       [0.        , 0.10043865],
       [0.        , 0.10550635],
       [0.        , 0.10560107],
       [0.        , 0.10675944],
       [0.        , 0.10707014],
       [0.        , 0.10742414],
       [0.        , 0.10749517],
       [0.        , 0.10936148],
       [0.        , 0.11030404],
       [0.        , 0.11096176],
       [0.        , 0.11179125],
       [0.        , 0.11381237],
       [0.        , 0.11515439],
       [0.        , 0.11515816],
       [0.        , 0.11963121],
       [0.        , 0.11975158],
       [0.        , 0.11986774],
       [0.        , 0.12459837],
       [0.        , 0.12495349],
       [0.        , 0.12530892],
       [0.        , 0.12953225],
       [0.        , 0.12978062],
       [0.        , 0.13139969],
       [0.        , 0.13380964],
       [0.        , 0.13489085],
       [0.        , 0.13718624],
       [0.        , 0.14235437],
       [0.        , 0.14262001],
       [0.        , 0.14341511],
       [0.        , 0.14947902],
       [0.        , 0.14982006],
       [0.        , 0.15099099],
       [0.        , 0.15120672],
       [0.        , 0.15405107],
       [0.        , 0.15448652],
       [0.        , 0.1551968 ],
       [0.        , 0.15704027],
       [0.        , 0.15777206],
       [0.        , 0.15865126],
       [0.        , 0.16225983],
       [0.        , 0.16232932],
       [0.        , 0.16300662],
       [0.        , 0.16555089],
       [0.        , 0.16561741],
       [0.        , 0.16582592],
       [0.        , 0.16699606],
       [0.        , 0.16702969],
       [0.        , 0.16845967],
       [0.        , 0.16862908],
       [0.        , 0.16883281],
       [0.        , 0.16904503],
       [0.        , 0.16913593],
       [0.        , 0.16946156],
       [0.        , 0.16957071],
       [0.        , 0.16986987],
       [0.        , 0.17063758],
       [0.        , 0.17139108],
       [0.        , 0.17239882],
       [0.        , 0.17257597],
       [0.        , 0.17269754],
       [0.        , 0.17334762],
       [0.        , 0.17346144],
       [0.        , 0.17440952],
       [0.        , 0.17443246],
       [0.        , 0.1745441 ],
       [0.        , 0.17545044],
       [0.        , 0.17662457],
       [0.        , 0.17797461],
       [0.        , 0.17829108],
       [0.        , 0.17861333],
       [0.        , 0.17904928],
       [0.        , 0.17962821],
       [0.        , 0.17977786],
       [0.        , 0.18099657],
       [0.        , 0.18116574],
       [0.        , 0.18186525],
       [0.        , 0.18301429],
       [0.        , 0.1833498 ],
       [0.        , 0.18435851],
       [0.        , 0.18485957],
       [0.        , 0.18574104],
       [0.        , 0.18620168],
       [0.        , 0.18631934],
       [0.        , 0.18723069],
       [0.        , 0.18819608],
       [0.        , 0.18820533],
       [0.        , 0.18848243],
       [0.        , 0.18944901],
       [0.        , 0.18966909],
       [0.        , 0.1902747 ],
       [0.        , 0.19204611],
       [0.        , 0.19261301],
       [0.        , 0.19346464],
       [0.        , 0.19478893],
       [0.        , 0.19565627],
       [0.        , 0.19672149],
       [0.        , 0.20063666],
       [0.        , 0.20513012],
       [0.        ,        inf]]), array([], shape=(0, 2), dtype=float64)]",False
186,0.21373605728149414,0.0011468380689620972,0.16060630676727142,138.76,5.209655278706231,0,0.0,0.0,0.0,0.0,0.0,"[array([[0.        , 0.09360617],
       [0.        , 0.0976526 ],
       [0.        , 0.09832335],
       [0.        , 0.09884338],
       [0.        , 0.09906363],
       [0.        , 0.10043865],
       [0.        , 0.10528746],
       [0.        , 0.10550635],
       [0.        , 0.10675944],
       [0.        , 0.10707014],
       [0.        , 0.10742414],
       [0.        , 0.10749517],
       [0.        , 0.10936148],
       [0.        , 0.11030404],
       [0.        , 0.11049966],
       [0.        , 0.11096176],
       [0.        , 0.11128757],
       [0.        , 0.11381237],
       [0.        , 0.11515439],
       [0.        , 0.11550342],
       [0.        , 0.11827139],
       [0.        , 0.11963121],
       [0.        , 0.12063984],
       [0.        , 0.12072835],
       [0.        , 0.12311234],
       [0.        , 0.12429306],
       [0.        , 0.12459837],
       [0.        , 0.12479368],
       [0.        , 0.12495349],
       [0.        , 0.12521386],
       [0.        , 0.12530892],
       [0.        , 0.12749763],
       [0.        , 0.12944314],
       [0.        , 0.12953225],
       [0.        , 0.12978062],
       [0.        , 0.13116656],
       [0.        , 0.13152754],
       [0.        , 0.13203877],
       [0.        , 0.13489085],
       [0.        , 0.13718624],
       [0.        , 0.13800381],
       [0.        , 0.13806   ],
       [0.        , 0.13951378],
       [0.        , 0.14019492],
       [0.        , 0.14053106],
       [0.        , 0.14379145],
       [0.        , 0.14408451],
       [0.        , 0.14423384],
       [0.        , 0.14613606],
       [0.        , 0.14628488],
       [0.        , 0.14688501],
       [0.        , 0.1470629 ],
       [0.        , 0.1472141 ],
       [0.        , 0.14781834],
       [0.        , 0.14790368],
       [0.        , 0.14814167],
       [0.        , 0.14985494],
       [0.        , 0.15099099],
       [0.        , 0.15231015],
       [0.        , 0.15270245],
       [0.        , 0.15444197],
       [0.        , 0.15448652],
       [0.        , 0.15460798],
       [0.        , 0.15562631],
       [0.        , 0.15609497],
       [0.        , 0.15617242],
       [0.        , 0.15677325],
       [0.        , 0.15777206],
       [0.        , 0.15788783],
       [0.        , 0.15792456],
       [0.        , 0.15817972],
       [0.        , 0.1594138 ],
       [0.        , 0.1595307 ],
       [0.        , 0.15970288],
       [0.        , 0.15974152],
       [0.        , 0.16015974],
       [0.        , 0.16038208],
       [0.        , 0.16053706],
       [0.        , 0.16088142],
       [0.        , 0.16114537],
       [0.        , 0.16125774],
       [0.        , 0.16137703],
       [0.        , 0.16141444],
       [0.        , 0.16264668],
       [0.        , 0.1627229 ],
       [0.        , 0.16361871],
       [0.        , 0.16382602],
       [0.        , 0.16396929],
       [0.        , 0.16402957],
       [0.        , 0.16442262],
       [0.        , 0.16455689],
       [0.        , 0.1648739 ],
       [0.        , 0.16514662],
       [0.        , 0.16560689],
       [0.        , 0.16587099],
       [0.        , 0.16596338],
       [0.        , 0.16618702],
       [0.        , 0.16706103],
       [0.        , 0.1673511 ],
       [0.        , 0.16755323],
       [0.        , 0.16771924],
       [0.        , 0.16805713],
       [0.        , 0.16845967],
       [0.        , 0.1690668 ],
       [0.        , 0.16926283],
       [0.        , 0.1704731 ],
       [0.        , 0.17064211],
       [0.        , 0.17117697],
       [0.        , 0.17171068],
       [0.        , 0.17200154],
       [0.        , 0.17223527],
       [0.        , 0.1723523 ],
       [0.        , 0.17241712],
       [0.        , 0.17245153],
       [0.        , 0.1727511 ],
       [0.        , 0.17334762],
       [0.        , 0.17379877],
       [0.        , 0.17386469],
       [0.        , 0.17393897],
       [0.        , 0.17414646],
       [0.        , 0.17415577],
       [0.        , 0.17555675],
       [0.        , 0.17609808],
       [0.        , 0.17670996],
       [0.        , 0.17673552],
       [0.        , 0.17679834],
       [0.        , 0.17697017],
       [0.        , 0.17793956],
       [0.        , 0.17794418],
       [0.        , 0.17845318],
       [0.        , 0.1792313 ],
       [0.        , 0.17933482],
       [0.        , 0.17962821],
       [0.        , 0.1796447 ],
       [0.        , 0.17983069],
       [0.        , 0.18053938],
       [0.        , 0.18058112],
       [0.        , 0.18064298],
       [0.        , 0.18067791],
       [0.        , 0.18088552],
       [0.        , 0.18092644],
       [0.        , 0.18143559],
       [0.        , 0.18257737],
       [0.        , 0.18300372],
       [0.        , 0.18319553],
       [0.        , 0.18325286],
       [0.        , 0.18344094],
       [0.        , 0.18352361],
       [0.        , 0.18449867],
       [0.        , 0.184928  ],
       [0.        , 0.18544865],
       [0.        , 0.18666255],
       [0.        , 0.18702216],
       [0.        , 0.18724845],
       [0.        , 0.18792628],
       [0.        , 0.18819608],
       [0.        , 0.188411  ],
       [0.        , 0.18853861],
       [0.        , 0.18918036],
       [0.        , 0.18932153],
       [0.        , 0.18934719],
       [0.        , 0.18956895],
       [0.        , 0.19015576],
       [0.        , 0.19064644],
       [0.        , 0.19171648],
       [0.        , 0.19346464],
       [0.        , 0.1935171 ],
       [0.        , 0.19372393],
       [0.        , 0.19398162],
       [0.        , 0.1941471 ],
       [0.        , 0.19493331],
       [0.        , 0.19562306],
       [0.        , 0.19625527],
       [0.        , 0.19659039],
       [0.        , 0.19697544],
       [0.        , 0.19762839],
       [0.        , 0.19876459],
       [0.        , 0.19922599],
       [0.        , 0.20014857],
       [0.        , 0.20029715],
       [0.        , 0.20307527],
       [0.        , 0.2041903 ],
       [0.        , 0.20423901],
       [0.        , 0.2096613 ],
       [0.        , 0.21258922],
       [0.        , 0.21373606],
       [0.        ,        inf]]), array([], shape=(0, 2), dtype=float64)]",False
86,0.19777868688106537,0.0006006807088851929,0.14715720201994098,63.56,4.435309395628607,1,0.0024173855781555176,0.0024173855781555176,0.0024173855781555176,0.98,-0.0,"[array([[0.        , 0.09505783],
       [0.        , 0.09906363],
       [0.        , 0.10043865],
       [0.        , 0.10070216],
       [0.        , 0.10550635],
       [0.        , 0.10560107],
       [0.        , 0.10742414],
       [0.        , 0.10749517],
       [0.        , 0.10936148],
       [0.        , 0.11030404],
       [0.        , 0.11261448],
       [0.        , 0.1135994 ],
       [0.        , 0.11440433],
       [0.        , 0.11515439],
       [0.        , 0.11515816],
       [0.        , 0.11641855],
       [0.        , 0.11849621],
       [0.        , 0.1193398 ],
       [0.        , 0.11963121],
       [0.        , 0.11975511],
       [0.        , 0.12140132],
       [0.        , 0.12249997],
       [0.        , 0.12374531],
       [0.        , 0.12432688],
       [0.        , 0.12459837],
       [0.        , 0.12495349],
       [0.        , 0.1254465 ],
       [0.        , 0.12554002],
       [0.        , 0.12749763],
       [0.        , 0.12783422],
       [0.        , 0.12844211],
       [0.        , 0.129326  ],
       [0.        , 0.13203877],
       [0.        , 0.13440865],
       [0.        , 0.1361789 ],
       [0.        , 0.14019492],
       [0.        , 0.14023618],
       [0.        , 0.14042537],
       [0.        , 0.14093225],
       [0.        , 0.14217274],
       [0.        , 0.14425278],
       [0.        , 0.14451441],
       [0.        , 0.14790872],
       [0.        , 0.14943066],
       [0.        , 0.14947902],
       [0.        , 0.14977103],
       [0.        , 0.15122713],
       [0.        , 0.15335615],
       [0.        , 0.15367106],
       [0.        , 0.15463181],
       [0.        , 0.1551968 ],
       [0.        , 0.15559952],
       [0.        , 0.15627863],
       [0.        , 0.15823166],
       [0.        , 0.1588219 ],
       [0.        , 0.15911454],
       [0.        , 0.16197702],
       [0.        , 0.16647844],
       [0.        , 0.16656779],
       [0.        , 0.16855586],
       [0.        , 0.17006685],
       [0.        , 0.17169099],
       [0.        , 0.17234507],
       [0.        , 0.17245153],
       [0.        , 0.17390485],
       [0.        , 0.17512316],
       [0.        , 0.17556645],
       [0.        , 0.1759989 ],
       [0.        , 0.17646983],
       [0.        , 0.17797257],
       [0.        , 0.17856041],
       [0.        , 0.17881089],
       [0.        , 0.17987262],
       [0.        , 0.18030258],
       [0.        , 0.18185349],
       [0.        , 0.18301429],
       [0.        , 0.18479419],
       [0.        , 0.18497883],
       [0.        , 0.18518992],
       [0.        , 0.18819608],
       [0.        , 0.18932153],
       [0.        , 0.19180711],
       [0.        , 0.19391724],
       [0.        , 0.19556265],
       [0.        , 0.19717801],
       [0.        , 0.19777869],
       [0.        ,        inf]]), array([[0.1414299 , 0.14384729]])]",False
81,0.21258921921253204,0.008350208401679993,0.14825065590349246,56.12,4.373593518786921,3,0.0024173855781555176,0.0022628456354141235,0.0008836587270100912,1.06,0.35454634215904196,"[array([[0.        , 0.09360617],
       [0.        , 0.09832335],
       [0.        , 0.09884338],
       [0.        , 0.09906363],
       [0.        , 0.10043865],
       [0.        , 0.10550635],
       [0.        , 0.10560107],
       [0.        , 0.10675944],
       [0.        , 0.10707014],
       [0.        , 0.10742414],
       [0.        , 0.10749517],
       [0.        , 0.10936148],
       [0.        , 0.11030404],
       [0.        , 0.11096176],
       [0.        , 0.11128757],
       [0.        , 0.11381237],
       [0.        , 0.11515816],
       [0.        , 0.11963121],
       [0.        , 0.12249997],
       [0.        , 0.12342139],
       [0.        , 0.12432688],
       [0.        , 0.12459837],
       [0.        , 0.12495349],
       [0.        , 0.12530892],
       [0.        , 0.12554002],
       [0.        , 0.12749763],
       [0.        , 0.12953225],
       [0.        , 0.12978062],
       [0.        , 0.13203877],
       [0.        , 0.13405956],
       [0.        , 0.13489085],
       [0.        , 0.1373536 ],
       [0.        , 0.13815616],
       [0.        , 0.14019492],
       [0.        , 0.14272793],
       [0.        , 0.14379145],
       [0.        , 0.1470629 ],
       [0.        , 0.14744817],
       [0.        , 0.14790368],
       [0.        , 0.14814167],
       [0.        , 0.14928855],
       [0.        , 0.15363316],
       [0.        , 0.1551968 ],
       [0.        , 0.15817972],
       [0.        , 0.15823166],
       [0.        , 0.15998651],
       [0.        , 0.16015974],
       [0.        , 0.1602848 ],
       [0.        , 0.16383483],
       [0.        , 0.16516048],
       [0.        , 0.16561741],
       [0.        , 0.16575773],
       [0.        , 0.1673511 ],
       [0.        , 0.16755323],
       [0.        , 0.16771924],
       [0.        , 0.16799039],
       [0.        , 0.16805713],
       [0.        , 0.17038804],
       [0.        , 0.17051145],
       [0.        , 0.17064211],
       [0.        , 0.17071018],
       [0.        , 0.17245153],
       [0.        , 0.17303352],
       [0.        , 0.17415577],
       [0.        , 0.17594486],
       [0.        , 0.17620252],
       [0.        , 0.17674972],
       [0.        , 0.17856738],
       [0.        , 0.18098222],
       [0.        , 0.18158248],
       [0.        , 0.18232216],
       [0.        , 0.18301429],
       [0.        , 0.18325239],
       [0.        , 0.18664752],
       [0.        , 0.18819608],
       [0.        , 0.18831809],
       [0.        , 0.188411  ],
       [0.        , 0.18932153],
       [0.        , 0.2041903 ],
       [0.        , 0.20423901],
       [0.        , 0.21258922],
       [0.        ,        inf]]), array([[0.14208423, 0.14216328],
       [0.14188319, 0.14203773],
       [0.1414299 , 0.14384729]])]",False
104,0.21373605728149414,0.00921456515789032,0.1544337424521263,74.64,4.621248556647955,2,0.006845735013484955,0.006088525056838989,0.00380147248506546,1.08,0.3241906364648395,"[array([[0.        , 0.09360617],
       [0.        , 0.09832335],
       [0.        , 0.09906363],
       [0.        , 0.09909354],
       [0.        , 0.10043865],
       [0.        , 0.1026146 ],
       [0.        , 0.10277458],
       [0.        , 0.10528746],
       [0.        , 0.10550635],
       [0.        , 0.10665418],
       [0.        , 0.10707014],
       [0.        , 0.10742414],
       [0.        , 0.10749517],
       [0.        , 0.10936148],
       [0.        , 0.11030404],
       [0.        , 0.11049966],
       [0.        , 0.11096176],
       [0.        , 0.11179125],
       [0.        , 0.1118829 ],
       [0.        , 0.1150218 ],
       [0.        , 0.11515439],
       [0.        , 0.11550342],
       [0.        , 0.11827139],
       [0.        , 0.11963121],
       [0.        , 0.12072835],
       [0.        , 0.12223818],
       [0.        , 0.12309878],
       [0.        , 0.12459837],
       [0.        , 0.12495349],
       [0.        , 0.12514697],
       [0.        , 0.12530892],
       [0.        , 0.12978062],
       [0.        , 0.13116656],
       [0.        , 0.13239314],
       [0.        , 0.13304372],
       [0.        , 0.13489085],
       [0.        , 0.14014924],
       [0.        , 0.14257696],
       [0.        , 0.14298554],
       [0.        , 0.14947902],
       [0.        , 0.15022378],
       [0.        , 0.15076526],
       [0.        , 0.15319361],
       [0.        , 0.15373945],
       [0.        , 0.15617242],
       [0.        , 0.15749581],
       [0.        , 0.15879568],
       [0.        , 0.1591834 ],
       [0.        , 0.15970749],
       [0.        , 0.1602848 ],
       [0.        , 0.1627229 ],
       [0.        , 0.16561741],
       [0.        , 0.16569617],
       [0.        , 0.16651347],
       [0.        , 0.16699593],
       [0.        , 0.167657  ],
       [0.        , 0.16769889],
       [0.        , 0.16807453],
       [0.        , 0.16855586],
       [0.        , 0.16864073],
       [0.        , 0.1690668 ],
       [0.        , 0.16989921],
       [0.        , 0.17223527],
       [0.        , 0.1723523 ],
       [0.        , 0.1727782 ],
       [0.        , 0.17330924],
       [0.        , 0.17362235],
       [0.        , 0.17363581],
       [0.        , 0.17400509],
       [0.        , 0.17519139],
       [0.        , 0.17646983],
       [0.        , 0.17681327],
       [0.        , 0.17768472],
       [0.        , 0.17772126],
       [0.        , 0.17794418],
       [0.        , 0.17978343],
       [0.        , 0.18124752],
       [0.        , 0.18239807],
       [0.        , 0.18301429],
       [0.        , 0.18352361],
       [0.        , 0.18466254],
       [0.        , 0.18534744],
       [0.        , 0.18659934],
       [0.        , 0.18723069],
       [0.        , 0.18819608],
       [0.        , 0.18828076],
       [0.        , 0.18852109],
       [0.        , 0.18887211],
       [0.        , 0.1896349 ],
       [0.        , 0.18987989],
       [0.        , 0.19028851],
       [0.        , 0.19111396],
       [0.        , 0.19127753],
       [0.        , 0.19157745],
       [0.        , 0.19195129],
       [0.        , 0.19346464],
       [0.        , 0.19390951],
       [0.        , 0.19557644],
       [0.        , 0.19625527],
       [0.        , 0.19693166],
       [0.        , 0.19699812],
       [0.        , 0.19957799],
       [0.        , 0.20452149],
       [0.        , 0.21373606],
       [0.        ,        inf]]), array([[0.11594309, 0.1167003 ],
       [0.11381237, 0.12065811]])]",True
165,0.2096613049507141,0.006586030125617981,0.1566516810745904,122.52,5.08726216390251,1,0.00040750205516815186,0.00040750205516815186,0.00040750205516815186,0.98,-0.0,"[array([[0.        , 0.09360617],
       [0.        , 0.09465762],
       [0.        , 0.09751464],
       [0.        , 0.0976526 ],
       [0.        , 0.09832335],
       [0.        , 0.09884338],
       [0.        , 0.09906363],
       [0.        , 0.10043865],
       [0.        , 0.10502084],
       [0.        , 0.10528746],
       [0.        , 0.10550635],
       [0.        , 0.10560107],
       [0.        , 0.10675944],
       [0.        , 0.10707014],
       [0.        , 0.10742414],
       [0.        , 0.10749517],
       [0.        , 0.10936148],
       [0.        , 0.11030404],
       [0.        , 0.11049966],
       [0.        , 0.11096176],
       [0.        , 0.11179125],
       [0.        , 0.11381237],
       [0.        , 0.11387531],
       [0.        , 0.11515439],
       [0.        , 0.11550342],
       [0.        , 0.11827139],
       [0.        , 0.1183588 ],
       [0.        , 0.11963121],
       [0.        , 0.12063984],
       [0.        , 0.12311234],
       [0.        , 0.12429306],
       [0.        , 0.12432688],
       [0.        , 0.12459837],
       [0.        , 0.12495349],
       [0.        , 0.12521386],
       [0.        , 0.12530892],
       [0.        , 0.12749763],
       [0.        , 0.12944314],
       [0.        , 0.12978062],
       [0.        , 0.13116656],
       [0.        , 0.13152754],
       [0.        , 0.13489085],
       [0.        , 0.1351454 ],
       [0.        , 0.13951378],
       [0.        , 0.13986042],
       [0.        , 0.14053106],
       [0.        , 0.1423419 ],
       [0.        , 0.14298554],
       [0.        , 0.14299229],
       [0.        , 0.14379145],
       [0.        , 0.14408451],
       [0.        , 0.14423384],
       [0.        , 0.14425278],
       [0.        , 0.14613606],
       [0.        , 0.14628488],
       [0.        , 0.14688501],
       [0.        , 0.14689629],
       [0.        , 0.1472141 ],
       [0.        , 0.14781834],
       [0.        , 0.14795712],
       [0.        , 0.14814167],
       [0.        , 0.15099099],
       [0.        , 0.15231015],
       [0.        , 0.15444197],
       [0.        , 0.15460798],
       [0.        , 0.1551968 ],
       [0.        , 0.15609497],
       [0.        , 0.15677325],
       [0.        , 0.15704027],
       [0.        , 0.15788783],
       [0.        , 0.15792456],
       [0.        , 0.1594138 ],
       [0.        , 0.15965292],
       [0.        , 0.15970288],
       [0.        , 0.15974152],
       [0.        , 0.16114537],
       [0.        , 0.16137703],
       [0.        , 0.16141444],
       [0.        , 0.16264668],
       [0.        , 0.16361871],
       [0.        , 0.16382602],
       [0.        , 0.16402957],
       [0.        , 0.16442262],
       [0.        , 0.16455689],
       [0.        , 0.1648739 ],
       [0.        , 0.16514662],
       [0.        , 0.16554916],
       [0.        , 0.16560689],
       [0.        , 0.16587099],
       [0.        , 0.16596338],
       [0.        , 0.16618702],
       [0.        , 0.16699606],
       [0.        , 0.16703372],
       [0.        , 0.16706103],
       [0.        , 0.16735192],
       [0.        , 0.16771924],
       [0.        , 0.16926283],
       [0.        , 0.170423  ],
       [0.        , 0.1704731 ],
       [0.        , 0.17117697],
       [0.        , 0.17171068],
       [0.        , 0.17200154],
       [0.        , 0.17241712],
       [0.        , 0.17261003],
       [0.        , 0.1727511 ],
       [0.        , 0.17379877],
       [0.        , 0.17393897],
       [0.        , 0.17414646],
       [0.        , 0.17555675],
       [0.        , 0.17562701],
       [0.        , 0.17577186],
       [0.        , 0.17609808],
       [0.        , 0.17642689],
       [0.        , 0.17670996],
       [0.        , 0.17673552],
       [0.        , 0.17679834],
       [0.        , 0.17697017],
       [0.        , 0.17793956],
       [0.        , 0.17794418],
       [0.        , 0.1780812 ],
       [0.        , 0.1792313 ],
       [0.        , 0.17933482],
       [0.        , 0.1796447 ],
       [0.        , 0.17983069],
       [0.        , 0.18017679],
       [0.        , 0.18053938],
       [0.        , 0.18058112],
       [0.        , 0.18064298],
       [0.        , 0.18067791],
       [0.        , 0.18088552],
       [0.        , 0.18092644],
       [0.        , 0.18257737],
       [0.        , 0.18300372],
       [0.        , 0.18319553],
       [0.        , 0.18325286],
       [0.        , 0.18331416],
       [0.        , 0.18344094],
       [0.        , 0.18449867],
       [0.        , 0.18544865],
       [0.        , 0.18697451],
       [0.        , 0.18724845],
       [0.        , 0.18747155],
       [0.        , 0.18792628],
       [0.        , 0.18819608],
       [0.        , 0.18853861],
       [0.        , 0.18918036],
       [0.        , 0.18934719],
       [0.        , 0.19015576],
       [0.        , 0.19064644],
       [0.        , 0.19171648],
       [0.        , 0.1935171 ],
       [0.        , 0.19372393],
       [0.        , 0.19398162],
       [0.        , 0.1941471 ],
       [0.        , 0.19493331],
       [0.        , 0.19562306],
       [0.        , 0.19659039],
       [0.        , 0.19697544],
       [0.        , 0.19710076],
       [0.        , 0.19876459],
       [0.        , 0.19922599],
       [0.        , 0.20014857],
       [0.        , 0.20029715],
       [0.        , 0.20307527],
       [0.        , 0.2096613 ],
       [0.        ,        inf]]), array([[0.14343978, 0.14384729]])]",True
112,0.2085045427083969,0.0025433897972106934,0.15197903496612394,81.18,4.698995075494297,5,0.009049862623214722,0.0045812129974365234,0.0035094797611236574,0.46,1.196794812030425,"[array([[0.        , 0.09360617],
       [0.        , 0.09832335],
       [0.        , 0.09906363],
       [0.        , 0.10043865],
       [0.        , 0.10550635],
       [0.        , 0.10560107],
       [0.        , 0.10675944],
       [0.        , 0.10707014],
       [0.        , 0.10742414],
       [0.        , 0.10749517],
       [0.        , 0.11030404],
       [0.        , 0.11049966],
       [0.        , 0.11096176],
       [0.        , 0.11355285],
       [0.        , 0.11381237],
       [0.        , 0.11432597],
       [0.        , 0.11515816],
       [0.        , 0.11669827],
       [0.        , 0.117922  ],
       [0.        , 0.11852229],
       [0.        , 0.1189743 ],
       [0.        , 0.11963121],
       [0.        , 0.12034082],
       [0.        , 0.12174705],
       [0.        , 0.12236454],
       [0.        , 0.12342139],
       [0.        , 0.12434777],
       [0.        , 0.12452517],
       [0.        , 0.12459837],
       [0.        , 0.12495349],
       [0.        , 0.12502259],
       [0.        , 0.12785247],
       [0.        , 0.12978062],
       [0.        , 0.13172255],
       [0.        , 0.13284254],
       [0.        , 0.13355987],
       [0.        , 0.13553342],
       [0.        , 0.13566414],
       [0.        , 0.13768676],
       [0.        , 0.13775572],
       [0.        , 0.13802528],
       [0.        , 0.138586  ],
       [0.        , 0.13920236],
       [0.        , 0.14154388],
       [0.        , 0.14223853],
       [0.        , 0.14302121],
       [0.        , 0.14379145],
       [0.        , 0.14638843],
       [0.        , 0.14809963],
       [0.        , 0.14845026],
       [0.        , 0.14919484],
       [0.        , 0.15055045],
       [0.        , 0.15380427],
       [0.        , 0.1551968 ],
       [0.        , 0.15538327],
       [0.        , 0.15564415],
       [0.        , 0.15701473],
       [0.        , 0.15851125],
       [0.        , 0.15947056],
       [0.        , 0.15960035],
       [0.        , 0.16141444],
       [0.        , 0.1619222 ],
       [0.        , 0.16197707],
       [0.        , 0.1627644 ],
       [0.        , 0.16291241],
       [0.        , 0.16460998],
       [0.        , 0.16618685],
       [0.        , 0.16628234],
       [0.        , 0.16715761],
       [0.        , 0.16764693],
       [0.        , 0.16776495],
       [0.        , 0.16799453],
       [0.        , 0.16879544],
       [0.        , 0.16994956],
       [0.        , 0.17062874],
       [0.        , 0.1707295 ],
       [0.        , 0.17072967],
       [0.        , 0.17089444],
       [0.        , 0.17103417],
       [0.        , 0.17117697],
       [0.        , 0.17141226],
       [0.        , 0.17146039],
       [0.        , 0.17222738],
       [0.        , 0.17298065],
       [0.        , 0.17377718],
       [0.        , 0.1758723 ],
       [0.        , 0.17663826],
       [0.        , 0.17797977],
       [0.        , 0.17805345],
       [0.        , 0.1781705 ],
       [0.        , 0.17927478],
       [0.        , 0.18058112],
       [0.        , 0.18153749],
       [0.        , 0.18321298],
       [0.        , 0.18327549],
       [0.        , 0.18376574],
       [0.        , 0.18590418],
       [0.        , 0.18805192],
       [0.        , 0.18848243],
       [0.        , 0.18999232],
       [0.        , 0.19111091],
       [0.        , 0.1911308 ],
       [0.        , 0.19136006],
       [0.        , 0.19212358],
       [0.        , 0.19309096],
       [0.        , 0.19699812],
       [0.        , 0.19885935],
       [0.        , 0.19957799],
       [0.        , 0.20337063],
       [0.        , 0.20525305],
       [0.        , 0.20596115],
       [0.        , 0.20850454],
       [0.        ,        inf]]), array([[0.14947902, 0.15852888],
       [0.14208423, 0.14216328],
       [0.13489085, 0.1393595 ],
       [0.12292856, 0.12546024],
       [0.12271214, 0.12413029]])]",True
109,0.20117655396461487,0.0015985667705535889,0.15276869263397444,82.16,4.670914487895188,0,0.0,0.0,0.0,0.0,0.0,"[array([[0.        , 0.09360617],
       [0.        , 0.09832335],
       [0.        , 0.09906363],
       [0.        , 0.09909354],
       [0.        , 0.10043865],
       [0.        , 0.10528746],
       [0.        , 0.10550635],
       [0.        , 0.10560107],
       [0.        , 0.10665418],
       [0.        , 0.10707014],
       [0.        , 0.10742414],
       [0.        , 0.10749517],
       [0.        , 0.10936148],
       [0.        , 0.11030404],
       [0.        , 0.11049966],
       [0.        , 0.11096176],
       [0.        , 0.11381237],
       [0.        , 0.11432597],
       [0.        , 0.11515439],
       [0.        , 0.11515816],
       [0.        , 0.11827139],
       [0.        , 0.11963121],
       [0.        , 0.11975158],
       [0.        , 0.12223818],
       [0.        , 0.12249997],
       [0.        , 0.12309878],
       [0.        , 0.12495349],
       [0.        , 0.12514697],
       [0.        , 0.12530892],
       [0.        , 0.12766671],
       [0.        , 0.12771359],
       [0.        , 0.12978062],
       [0.        , 0.13116656],
       [0.        , 0.13304372],
       [0.        , 0.13380964],
       [0.        , 0.13489085],
       [0.        , 0.1355972 ],
       [0.        , 0.1373536 ],
       [0.        , 0.13806   ],
       [0.        , 0.13840213],
       [0.        , 0.14023618],
       [0.        , 0.14272793],
       [0.        , 0.14744817],
       [0.        , 0.14947902],
       [0.        , 0.15106267],
       [0.        , 0.15250455],
       [0.        , 0.15319361],
       [0.        , 0.15342498],
       [0.        , 0.15363316],
       [0.        , 0.15403716],
       [0.        , 0.1551968 ],
       [0.        , 0.15562631],
       [0.        , 0.15577227],
       [0.        , 0.15851125],
       [0.        , 0.15878107],
       [0.        , 0.15879568],
       [0.        , 0.15916331],
       [0.        , 0.16066231],
       [0.        , 0.16141444],
       [0.        , 0.16225983],
       [0.        , 0.16300662],
       [0.        , 0.16361871],
       [0.        , 0.1646129 ],
       [0.        , 0.16642573],
       [0.        , 0.16651347],
       [0.        , 0.16699606],
       [0.        , 0.16729924],
       [0.        , 0.167657  ],
       [0.        , 0.16771242],
       [0.        , 0.16957071],
       [0.        , 0.16962318],
       [0.        , 0.16989349],
       [0.        , 0.17087284],
       [0.        , 0.17257597],
       [0.        , 0.17288828],
       [0.        , 0.17362235],
       [0.        , 0.17377718],
       [0.        , 0.17400509],
       [0.        , 0.1746341 ],
       [0.        , 0.17681327],
       [0.        , 0.17768472],
       [0.        , 0.1788152 ],
       [0.        , 0.18056288],
       [0.        , 0.18058112],
       [0.        , 0.18153749],
       [0.        , 0.18298872],
       [0.        , 0.18301429],
       [0.        , 0.18505411],
       [0.        , 0.18534744],
       [0.        , 0.18613175],
       [0.        , 0.18631297],
       [0.        , 0.18819608],
       [0.        , 0.18831809],
       [0.        , 0.18848243],
       [0.        , 0.1896349 ],
       [0.        , 0.19000661],
       [0.        , 0.19016528],
       [0.        , 0.19111091],
       [0.        , 0.19111396],
       [0.        , 0.1911242 ],
       [0.        , 0.19119829],
       [0.        , 0.19180711],
       [0.        , 0.19236992],
       [0.        , 0.1935171 ],
       [0.        , 0.19390951],
       [0.        , 0.19547357],
       [0.        , 0.19699812],
       [0.        , 0.19957799],
       [0.        , 0.20117655],
       [0.        ,        inf]]), array([], shape=(0, 2), dtype=float64)]",True
72,0.19670388102531433,0.00028884410858154297,0.14822792572279772,53.92,4.257125941490996,0,0.0,0.0,0.0,0.0,0.0,"[array([[0.        , 0.09832335],
       [0.        , 0.09906363],
       [0.        , 0.10043865],
       [0.        , 0.10070216],
       [0.        , 0.10550635],
       [0.        , 0.10560107],
       [0.        , 0.10749517],
       [0.        , 0.11030404],
       [0.        , 0.11128757],
       [0.        , 0.11179125],
       [0.        , 0.11261448],
       [0.        , 0.1135994 ],
       [0.        , 0.11432597],
       [0.        , 0.11795206],
       [0.        , 0.11963121],
       [0.        , 0.12046551],
       [0.        , 0.12065811],
       [0.        , 0.12110982],
       [0.        , 0.12342139],
       [0.        , 0.12412774],
       [0.        , 0.12459837],
       [0.        , 0.12495349],
       [0.        , 0.12529632],
       [0.        , 0.12785247],
       [0.        , 0.12978062],
       [0.        , 0.12994631],
       [0.        , 0.13265358],
       [0.        , 0.13489085],
       [0.        , 0.1361789 ],
       [0.        , 0.14023618],
       [0.        , 0.14223048],
       [0.        , 0.14425278],
       [0.        , 0.14451441],
       [0.        , 0.14513972],
       [0.        , 0.14947902],
       [0.        , 0.15008543],
       [0.        , 0.15014958],
       [0.        , 0.15273552],
       [0.        , 0.1531318 ],
       [0.        , 0.15335615],
       [0.        , 0.15512824],
       [0.        , 0.15817972],
       [0.        , 0.15823166],
       [0.        , 0.1591834 ],
       [0.        , 0.163285  ],
       [0.        , 0.16480853],
       [0.        , 0.16514662],
       [0.        , 0.1654111 ],
       [0.        , 0.16885361],
       [0.        , 0.16895564],
       [0.        , 0.16958174],
       [0.        , 0.17116538],
       [0.        , 0.17169099],
       [0.        , 0.17234507],
       [0.        , 0.17371732],
       [0.        , 0.17556645],
       [0.        , 0.17769223],
       [0.        , 0.17797257],
       [0.        , 0.17881089],
       [0.        , 0.17923388],
       [0.        , 0.18221143],
       [0.        , 0.18224682],
       [0.        , 0.18321298],
       [0.        , 0.1846116 ],
       [0.        , 0.18518992],
       [0.        , 0.18723069],
       [0.        , 0.18865125],
       [0.        , 0.19226451],
       [0.        , 0.19254713],
       [0.        , 0.19628444],
       [0.        , 0.19641504],
       [0.        , 0.19670388],
       [0.        ,        inf]]), array([], shape=(0, 2), dtype=float64)]",True
87,0.19784626364707947,6.757676601409912e-05,0.14647110774256716,64.06,4.442397540474729,1,0.00493679940700531,0.00493679940700531,0.00493679940700531,0.98,-0.0,"[array([[0.        , 0.08339889],
       [0.        , 0.09360617],
       [0.        , 0.09465762],
       [0.        , 0.09523675],
       [0.        , 0.09832335],
       [0.        , 0.09906363],
       [0.        , 0.10043865],
       [0.        , 0.10550635],
       [0.        , 0.10560107],
       [0.        , 0.10707014],
       [0.        , 0.10742414],
       [0.        , 0.10749517],
       [0.        , 0.1091096 ],
       [0.        , 0.11030404],
       [0.        , 0.11096176],
       [0.        , 0.11128757],
       [0.        , 0.11163338],
       [0.        , 0.11306296],
       [0.        , 0.1135994 ],
       [0.        , 0.11381237],
       [0.        , 0.11515439],
       [0.        , 0.11550342],
       [0.        , 0.11849621],
       [0.        , 0.11864856],
       [0.        , 0.1193398 ],
       [0.        , 0.11963121],
       [0.        , 0.12342139],
       [0.        , 0.12412774],
       [0.        , 0.12459837],
       [0.        , 0.12495349],
       [0.        , 0.1254465 ],
       [0.        , 0.12647767],
       [0.        , 0.12872158],
       [0.        , 0.12994631],
       [0.        , 0.13072409],
       [0.        , 0.13440865],
       [0.        , 0.13833834],
       [0.        , 0.13964829],
       [0.        , 0.13971898],
       [0.        , 0.14276725],
       [0.        , 0.14282022],
       [0.        , 0.14943066],
       [0.        , 0.14947902],
       [0.        , 0.14977103],
       [0.        , 0.1501243 ],
       [0.        , 0.15170379],
       [0.        , 0.15823166],
       [0.        , 0.1588219 ],
       [0.        , 0.1595307 ],
       [0.        , 0.1602848 ],
       [0.        , 0.16141444],
       [0.        , 0.16197859],
       [0.        , 0.16515915],
       [0.        , 0.16561741],
       [0.        , 0.16600379],
       [0.        , 0.16807453],
       [0.        , 0.16872203],
       [0.        , 0.16948386],
       [0.        , 0.1697575 ],
       [0.        , 0.17169099],
       [0.        , 0.17171378],
       [0.        , 0.17284001],
       [0.        , 0.17390485],
       [0.        , 0.17518038],
       [0.        , 0.17523061],
       [0.        , 0.17556645],
       [0.        , 0.17646983],
       [0.        , 0.17658532],
       [0.        , 0.17685783],
       [0.        , 0.17727235],
       [0.        , 0.17770015],
       [0.        , 0.17867988],
       [0.        , 0.17989959],
       [0.        , 0.18064749],
       [0.        , 0.18231364],
       [0.        , 0.18257175],
       [0.        , 0.18311445],
       [0.        , 0.18321298],
       [0.        , 0.18539217],
       [0.        , 0.18591842],
       [0.        , 0.18723069],
       [0.        , 0.18777193],
       [0.        , 0.18798214],
       [0.        , 0.19099197],
       [0.        , 0.19254713],
       [0.        , 0.19777869],
       [0.        , 0.19784626],
       [0.        ,        inf]]), array([[0.12137979, 0.12631659]])]",False
79,0.2033885419368744,0.006719186902046204,0.15240709125241148,58.9,4.349666833424867,1,0.009049862623214722,0.009049862623214722,0.009049862623214722,0.98,-0.0,"[array([[0.        , 0.09832335],
       [0.        , 0.10043865],
       [0.        , 0.10550635],
       [0.        , 0.10560107],
       [0.        , 0.10742414],
       [0.        , 0.10749517],
       [0.        , 0.10936148],
       [0.        , 0.11030404],
       [0.        , 0.11179125],
       [0.        , 0.11261448],
       [0.        , 0.11355491],
       [0.        , 0.11381237],
       [0.        , 0.11387531],
       [0.        , 0.11432597],
       [0.        , 0.11515439],
       [0.        , 0.11515816],
       [0.        , 0.11688131],
       [0.        , 0.1183588 ],
       [0.        , 0.11963121],
       [0.        , 0.11975511],
       [0.        , 0.12459837],
       [0.        , 0.12530892],
       [0.        , 0.12766671],
       [0.        , 0.12880211],
       [0.        , 0.12953225],
       [0.        , 0.12978062],
       [0.        , 0.13450652],
       [0.        , 0.13489085],
       [0.        , 0.13920236],
       [0.        , 0.14019492],
       [0.        , 0.14154388],
       [0.        , 0.14341511],
       [0.        , 0.14760482],
       [0.        , 0.15283714],
       [0.        , 0.15405107],
       [0.        , 0.15516536],
       [0.        , 0.1551968 ],
       [0.        , 0.15788309],
       [0.        , 0.15805763],
       [0.        , 0.15865126],
       [0.        , 0.15974671],
       [0.        , 0.1602848 ],
       [0.        , 0.16225983],
       [0.        , 0.16600974],
       [0.        , 0.16702969],
       [0.        , 0.16883281],
       [0.        , 0.16912337],
       [0.        , 0.17020082],
       [0.        , 0.17072321],
       [0.        , 0.17115666],
       [0.        , 0.17139108],
       [0.        , 0.17167817],
       [0.        , 0.17169099],
       [0.        , 0.17173736],
       [0.        , 0.17242333],
       [0.        , 0.17245153],
       [0.        , 0.17269754],
       [0.        , 0.17303352],
       [0.        , 0.17641878],
       [0.        , 0.17906579],
       [0.        , 0.17914008],
       [0.        , 0.17962821],
       [0.        , 0.18012469],
       [0.        , 0.18301429],
       [0.        , 0.18374638],
       [0.        , 0.18435851],
       [0.        , 0.18485957],
       [0.        , 0.18574104],
       [0.        , 0.18631934],
       [0.        , 0.18723069],
       [0.        , 0.18819608],
       [0.        , 0.18848243],
       [0.        , 0.18932153],
       [0.        , 0.1912351 ],
       [0.        , 0.19204611],
       [0.        , 0.19478893],
       [0.        , 0.19565627],
       [0.        , 0.19666936],
       [0.        , 0.20338854],
       [0.        ,        inf]]), array([[0.14947902, 0.15852888]])]",True
106,0.20452149212360382,0.0072375088930130005,0.1472195119087426,75.82,4.641377344677998,1,0.004005804657936096,0.004005804657936096,0.004005804657936096,0.98,-0.0,"[array([[0.        , 0.09360617],
       [0.        , 0.09523675],
       [0.        , 0.09832335],
       [0.        , 0.10043865],
       [0.        , 0.10528746],
       [0.        , 0.10550635],
       [0.        , 0.10560107],
       [0.        , 0.10644238],
       [0.        , 0.10707014],
       [0.        , 0.10742414],
       [0.        , 0.10749517],
       [0.        , 0.10936148],
       [0.        , 0.11030404],
       [0.        , 0.11090633],
       [0.        , 0.11096176],
       [0.        , 0.11128757],
       [0.        , 0.11179125],
       [0.        , 0.11189751],
       [0.        , 0.11355285],
       [0.        , 0.1135994 ],
       [0.        , 0.11381237],
       [0.        , 0.11432597],
       [0.        , 0.1150218 ],
       [0.        , 0.11515439],
       [0.        , 0.11515816],
       [0.        , 0.11550342],
       [0.        , 0.11795647],
       [0.        , 0.11899885],
       [0.        , 0.11963121],
       [0.        , 0.11975511],
       [0.        , 0.12014517],
       [0.        , 0.12046551],
       [0.        , 0.12110982],
       [0.        , 0.12140132],
       [0.        , 0.12459837],
       [0.        , 0.12495349],
       [0.        , 0.12530892],
       [0.        , 0.12696232],
       [0.        , 0.12756911],
       [0.        , 0.12766671],
       [0.        , 0.12978062],
       [0.        , 0.13068642],
       [0.        , 0.13211091],
       [0.        , 0.13229185],
       [0.        , 0.13239314],
       [0.        , 0.13367438],
       [0.        , 0.14087491],
       [0.        , 0.14257696],
       [0.        , 0.14282262],
       [0.        , 0.14379145],
       [0.        , 0.14513974],
       [0.        , 0.14750181],
       [0.        , 0.14947902],
       [0.        , 0.14973855],
       [0.        , 0.15022378],
       [0.        , 0.15076526],
       [0.        , 0.15097499],
       [0.        , 0.1531318 ],
       [0.        , 0.15373945],
       [0.        , 0.15379421],
       [0.        , 0.1551968 ],
       [0.        , 0.15823166],
       [0.        , 0.1599509 ],
       [0.        , 0.16000293],
       [0.        , 0.1602848 ],
       [0.        , 0.16480853],
       [0.        , 0.16551818],
       [0.        , 0.16569617],
       [0.        , 0.16699593],
       [0.        , 0.16807453],
       [0.        , 0.16855586],
       [0.        , 0.16925085],
       [0.        , 0.16958174],
       [0.        , 0.16989921],
       [0.        , 0.1705555 ],
       [0.        , 0.17169099],
       [0.        , 0.17363581],
       [0.        , 0.17368105],
       [0.        , 0.17385608],
       [0.        , 0.17519139],
       [0.        , 0.17556645],
       [0.        , 0.17646983],
       [0.        , 0.17697862],
       [0.        , 0.17840362],
       [0.        , 0.17959465],
       [0.        , 0.18042512],
       [0.        , 0.18042892],
       [0.        , 0.18124752],
       [0.        , 0.18301429],
       [0.        , 0.18491425],
       [0.        , 0.18583475],
       [0.        , 0.18723069],
       [0.        , 0.18819608],
       [0.        , 0.18828076],
       [0.        , 0.18852109],
       [0.        , 0.18987989],
       [0.        , 0.19028851],
       [0.        , 0.19048858],
       [0.        , 0.19099838],
       [0.        , 0.19127753],
       [0.        , 0.19157745],
       [0.        , 0.19188692],
       [0.        , 0.19195129],
       [0.        , 0.19226451],
       [0.        , 0.19728398],
       [0.        , 0.20452149],
       [0.        ,        inf]]), array([[0.13489085, 0.13889666]])]",True
107,0.194768026471138,0.0029609203338623047,0.15255088150222726,83.16,4.654145889273043,0,0.0,0.0,0.0,0.0,0.0,"[array([[0.        , 0.09360617],
       [0.        , 0.0976526 ],
       [0.        , 0.09832335],
       [0.        , 0.09884338],
       [0.        , 0.09906363],
       [0.        , 0.10043865],
       [0.        , 0.10550635],
       [0.        , 0.10707014],
       [0.        , 0.10742414],
       [0.        , 0.10749517],
       [0.        , 0.10911847],
       [0.        , 0.10936148],
       [0.        , 0.11030404],
       [0.        , 0.11096176],
       [0.        , 0.11179125],
       [0.        , 0.11381237],
       [0.        , 0.11387531],
       [0.        , 0.11432597],
       [0.        , 0.11515439],
       [0.        , 0.11515816],
       [0.        , 0.11638244],
       [0.        , 0.1183588 ],
       [0.        , 0.11963121],
       [0.        , 0.12072835],
       [0.        , 0.12110982],
       [0.        , 0.12459837],
       [0.        , 0.12495349],
       [0.        , 0.12505792],
       [0.        , 0.12530892],
       [0.        , 0.12749763],
       [0.        , 0.12938726],
       [0.        , 0.12978062],
       [0.        , 0.13116656],
       [0.        , 0.13489085],
       [0.        , 0.14019492],
       [0.        , 0.14354934],
       [0.        , 0.14379145],
       [0.        , 0.14451998],
       [0.        , 0.14487444],
       [0.        , 0.14662449],
       [0.        , 0.14814167],
       [0.        , 0.14907412],
       [0.        , 0.15166628],
       [0.        , 0.15463181],
       [0.        , 0.1551968 ],
       [0.        , 0.15788783],
       [0.        , 0.15805763],
       [0.        , 0.15883301],
       [0.        , 0.15940003],
       [0.        , 0.1602848 ],
       [0.        , 0.16051939],
       [0.        , 0.16057272],
       [0.        , 0.16141444],
       [0.        , 0.16273001],
       [0.        , 0.16383483],
       [0.        , 0.16427548],
       [0.        , 0.16561741],
       [0.        , 0.1659731 ],
       [0.        , 0.16600198],
       [0.        , 0.16699593],
       [0.        , 0.16771924],
       [0.        , 0.16794743],
       [0.        , 0.16807453],
       [0.        , 0.16821618],
       [0.        , 0.16855586],
       [0.        , 0.16975422],
       [0.        , 0.17018333],
       [0.        , 0.17036907],
       [0.        , 0.17137167],
       [0.        , 0.17144318],
       [0.        , 0.17154488],
       [0.        , 0.17245153],
       [0.        , 0.17296463],
       [0.        , 0.17303352],
       [0.        , 0.17404763],
       [0.        , 0.1741178 ],
       [0.        , 0.17423031],
       [0.        , 0.17464054],
       [0.        , 0.17594486],
       [0.        , 0.17604701],
       [0.        , 0.17639689],
       [0.        , 0.17654744],
       [0.        , 0.17762342],
       [0.        , 0.17772126],
       [0.        , 0.1786641 ],
       [0.        , 0.17914008],
       [0.        , 0.17964613],
       [0.        , 0.17995833],
       [0.        , 0.18012418],
       [0.        , 0.18106082],
       [0.        , 0.18158248],
       [0.        , 0.18190259],
       [0.        , 0.18239807],
       [0.        , 0.18257737],
       [0.        , 0.18278807],
       [0.        , 0.18309002],
       [0.        , 0.18325239],
       [0.        , 0.18368934],
       [0.        , 0.18408707],
       [0.        , 0.18628478],
       [0.        , 0.18663284],
       [0.        , 0.18765415],
       [0.        , 0.18819608],
       [0.        , 0.18932153],
       [0.        , 0.19056937],
       [0.        , 0.19180711],
       [0.        , 0.19476803],
       [0.        ,        inf]]), array([], shape=(0, 2), dtype=float64)]",True
140,0.20513011515140533,0.0012263059616088867,0.15606824053185328,105.7,4.923478777489964,1,0.0035424232482910156,0.0035424232482910156,0.0035424232482910156,0.98,-0.0,"[array([[0.        , 0.09360617],
       [0.        , 0.09832335],
       [0.        , 0.09906363],
       [0.        , 0.09909354],
       [0.        , 0.10043865],
       [0.        , 0.10528746],
       [0.        , 0.10550635],
       [0.        , 0.10560107],
       [0.        , 0.10675944],
       [0.        , 0.10707014],
       [0.        , 0.10742414],
       [0.        , 0.10749517],
       [0.        , 0.10886176],
       [0.        , 0.10936148],
       [0.        , 0.11020229],
       [0.        , 0.11030404],
       [0.        , 0.11096176],
       [0.        , 0.11179125],
       [0.        , 0.11381237],
       [0.        , 0.11432597],
       [0.        , 0.1150218 ],
       [0.        , 0.11550342],
       [0.        , 0.11644582],
       [0.        , 0.11899885],
       [0.        , 0.11963121],
       [0.        , 0.11986774],
       [0.        , 0.12110982],
       [0.        , 0.12342139],
       [0.        , 0.12459837],
       [0.        , 0.12495349],
       [0.        , 0.12505792],
       [0.        , 0.12530892],
       [0.        , 0.12938726],
       [0.        , 0.12971132],
       [0.        , 0.12978062],
       [0.        , 0.13109675],
       [0.        , 0.13139969],
       [0.        , 0.13489085],
       [0.        , 0.13508247],
       [0.        , 0.13658053],
       [0.        , 0.13738295],
       [0.        , 0.14023618],
       [0.        , 0.14160265],
       [0.        , 0.14180353],
       [0.        , 0.14229178],
       [0.        , 0.14299229],
       [0.        , 0.14354934],
       [0.        , 0.14563482],
       [0.        , 0.14845026],
       [0.        , 0.14947902],
       [0.        , 0.15068944],
       [0.        , 0.15106267],
       [0.        , 0.1535272 ],
       [0.        , 0.1551968 ],
       [0.        , 0.1561415 ],
       [0.        , 0.15741776],
       [0.        , 0.15851125],
       [0.        , 0.15856382],
       [0.        , 0.15885577],
       [0.        , 0.15937117],
       [0.        , 0.15972166],
       [0.        , 0.16117398],
       [0.        , 0.16130482],
       [0.        , 0.16300662],
       [0.        , 0.1635042 ],
       [0.        , 0.16439956],
       [0.        , 0.16480264],
       [0.        , 0.1656445 ],
       [0.        , 0.16578829],
       [0.        , 0.16587099],
       [0.        , 0.16641375],
       [0.        , 0.16656803],
       [0.        , 0.16687484],
       [0.        , 0.1669281 ],
       [0.        , 0.16788711],
       [0.        , 0.16845967],
       [0.        , 0.16852736],
       [0.        , 0.16906965],
       [0.        , 0.16943532],
       [0.        , 0.16961738],
       [0.        , 0.1698126 ],
       [0.        , 0.16987954],
       [0.        , 0.17025785],
       [0.        , 0.17055383],
       [0.        , 0.17128998],
       [0.        , 0.17185244],
       [0.        , 0.17205316],
       [0.        , 0.17205894],
       [0.        , 0.17233349],
       [0.        , 0.17269476],
       [0.        , 0.17343602],
       [0.        , 0.17343682],
       [0.        , 0.17377718],
       [0.        , 0.17391917],
       [0.        , 0.17506821],
       [0.        , 0.17519139],
       [0.        , 0.1753947 ],
       [0.        , 0.17575663],
       [0.        , 0.17601864],
       [0.        , 0.17628631],
       [0.        , 0.17645831],
       [0.        , 0.17652078],
       [0.        , 0.1771701 ],
       [0.        , 0.17772126],
       [0.        , 0.17826165],
       [0.        , 0.17829108],
       [0.        , 0.1787502 ],
       [0.        , 0.17943585],
       [0.        , 0.1796447 ],
       [0.        , 0.17988297],
       [0.        , 0.18052639],
       [0.        , 0.18058112],
       [0.        , 0.18112268],
       [0.        , 0.18141989],
       [0.        , 0.18146169],
       [0.        , 0.18148348],
       [0.        , 0.18153749],
       [0.        , 0.18167239],
       [0.        , 0.18205087],
       [0.        , 0.18301429],
       [0.        , 0.18341506],
       [0.        , 0.18360253],
       [0.        , 0.1845738 ],
       [0.        , 0.18697929],
       [0.        , 0.18723069],
       [0.        , 0.18732212],
       [0.        , 0.187692  ],
       [0.        , 0.18810406],
       [0.        , 0.18819608],
       [0.        , 0.19091107],
       [0.        , 0.19111091],
       [0.        , 0.19131538],
       [0.        , 0.19675641],
       [0.        , 0.19682492],
       [0.        , 0.19697955],
       [0.        , 0.19770649],
       [0.        , 0.20063666],
       [0.        , 0.20218688],
       [0.        , 0.20390381],
       [0.        , 0.20513012],
       [0.        ,        inf]]), array([[0.1351454 , 0.13868782]])]",True
108,0.20390380918979645,0.003267154097557068,0.15412932392899636,81.06,4.664670014567734,0,0.0,0.0,0.0,0.0,0.0,"[array([[0.        , 0.09360617],
       [0.        , 0.09832335],
       [0.        , 0.09906363],
       [0.        , 0.10043865],
       [0.        , 0.10550635],
       [0.        , 0.10560107],
       [0.        , 0.10707014],
       [0.        , 0.10742414],
       [0.        , 0.10749517],
       [0.        , 0.11030404],
       [0.        , 0.11096176],
       [0.        , 0.11357039],
       [0.        , 0.11381237],
       [0.        , 0.11432597],
       [0.        , 0.11515816],
       [0.        , 0.11644582],
       [0.        , 0.11827139],
       [0.        , 0.11963121],
       [0.        , 0.12110982],
       [0.        , 0.12342139],
       [0.        , 0.1235863 ],
       [0.        , 0.12429306],
       [0.        , 0.12459837],
       [0.        , 0.12502259],
       [0.        , 0.12717749],
       [0.        , 0.12785247],
       [0.        , 0.12978062],
       [0.        , 0.12994631],
       [0.        , 0.13043648],
       [0.        , 0.13450652],
       [0.        , 0.13489085],
       [0.        , 0.13701032],
       [0.        , 0.13806018],
       [0.        , 0.13861221],
       [0.        , 0.13964829],
       [0.        , 0.14023618],
       [0.        , 0.14025602],
       [0.        , 0.1418507 ],
       [0.        , 0.14563482],
       [0.        , 0.14585169],
       [0.        , 0.1465466 ],
       [0.        , 0.14845026],
       [0.        , 0.14947902],
       [0.        , 0.15008543],
       [0.        , 0.15060985],
       [0.        , 0.15133984],
       [0.        , 0.15265121],
       [0.        , 0.15293334],
       [0.        , 0.15506031],
       [0.        , 0.1551968 ],
       [0.        , 0.15940003],
       [0.        , 0.15989922],
       [0.        , 0.16117398],
       [0.        , 0.1617846 ],
       [0.        , 0.16300662],
       [0.        , 0.16337302],
       [0.        , 0.1635042 ],
       [0.        , 0.16446967],
       [0.        , 0.16461504],
       [0.        , 0.16514662],
       [0.        , 0.1654111 ],
       [0.        , 0.1656445 ],
       [0.        , 0.16578829],
       [0.        , 0.16602519],
       [0.        , 0.16618685],
       [0.        , 0.16625088],
       [0.        , 0.16641375],
       [0.        , 0.1684805 ],
       [0.        , 0.16885361],
       [0.        , 0.17025785],
       [0.        , 0.1704731 ],
       [0.        , 0.17055383],
       [0.        , 0.17116538],
       [0.        , 0.17205894],
       [0.        , 0.17328022],
       [0.        , 0.17331   ],
       [0.        , 0.1745441 ],
       [0.        , 0.17499451],
       [0.        , 0.17506821],
       [0.        , 0.1753373 ],
       [0.        , 0.1753947 ],
       [0.        , 0.17744587],
       [0.        , 0.17818992],
       [0.        , 0.17923388],
       [0.        , 0.1796447 ],
       [0.        , 0.17989959],
       [0.        , 0.18040039],
       [0.        , 0.18118727],
       [0.        , 0.18164355],
       [0.        , 0.18200321],
       [0.        , 0.18284395],
       [0.        , 0.18321298],
       [0.        , 0.18341506],
       [0.        , 0.18446746],
       [0.        , 0.1846116 ],
       [0.        , 0.1854848 ],
       [0.        , 0.18574104],
       [0.        , 0.18811606],
       [0.        , 0.18865125],
       [0.        , 0.19048858],
       [0.        , 0.19209252],
       [0.        , 0.19254713],
       [0.        , 0.19371203],
       [0.        , 0.19590557],
       [0.        , 0.19682492],
       [0.        , 0.19865224],
       [0.        , 0.20063666],
       [0.        , 0.20390381],
       [0.        ,        inf]]), array([], shape=(0, 2), dtype=float64)]",False
110,0.20525304973125458,0.004173934459686279,0.15306444676084952,81.38,4.682224822079634,0,0.0,0.0,0.0,0.0,0.0,"[array([[0.        , 0.09028479],
       [0.        , 0.09360617],
       [0.        , 0.09832335],
       [0.        , 0.10043865],
       [0.        , 0.10550635],
       [0.        , 0.10560107],
       [0.        , 0.10697581],
       [0.        , 0.10707014],
       [0.        , 0.10749517],
       [0.        , 0.11030404],
       [0.        , 0.11090633],
       [0.        , 0.11096176],
       [0.        , 0.11111743],
       [0.        , 0.11342677],
       [0.        , 0.11539797],
       [0.        , 0.11550342],
       [0.        , 0.11695814],
       [0.        , 0.11864856],
       [0.        , 0.11963121],
       [0.        , 0.12014517],
       [0.        , 0.12065811],
       [0.        , 0.12432688],
       [0.        , 0.12459837],
       [0.        , 0.12495349],
       [0.        , 0.12785247],
       [0.        , 0.12880211],
       [0.        , 0.12906386],
       [0.        , 0.12971132],
       [0.        , 0.12978062],
       [0.        , 0.13088767],
       [0.        , 0.13198534],
       [0.        , 0.13267627],
       [0.        , 0.13294122],
       [0.        , 0.13448888],
       [0.        , 0.13489085],
       [0.        , 0.13691506],
       [0.        , 0.14048792],
       [0.        , 0.14200354],
       [0.        , 0.14292976],
       [0.        , 0.14418115],
       [0.        , 0.14459468],
       [0.        , 0.14563482],
       [0.        , 0.1459244 ],
       [0.        , 0.14796224],
       [0.        , 0.14845026],
       [0.        , 0.14906217],
       [0.        , 0.14947902],
       [0.        , 0.15076526],
       [0.        , 0.1508691 ],
       [0.        , 0.15126131],
       [0.        , 0.15170379],
       [0.        , 0.15245995],
       [0.        , 0.15263917],
       [0.        , 0.15273552],
       [0.        , 0.15448652],
       [0.        , 0.15543993],
       [0.        , 0.15564415],
       [0.        , 0.15688078],
       [0.        , 0.15706147],
       [0.        , 0.1583335 ],
       [0.        , 0.16141444],
       [0.        , 0.16156375],
       [0.        , 0.16248745],
       [0.        , 0.16300997],
       [0.        , 0.16460998],
       [0.        , 0.16612799],
       [0.        , 0.16618685],
       [0.        , 0.16628234],
       [0.        , 0.16661495],
       [0.        , 0.16788711],
       [0.        , 0.16985105],
       [0.        , 0.17062874],
       [0.        , 0.17089444],
       [0.        , 0.17117697],
       [0.        , 0.17134054],
       [0.        , 0.17331   ],
       [0.        , 0.17347983],
       [0.        , 0.176183  ],
       [0.        , 0.17663826],
       [0.        , 0.17744587],
       [0.        , 0.1781705 ],
       [0.        , 0.17964613],
       [0.        , 0.17973246],
       [0.        , 0.17977782],
       [0.        , 0.18073039],
       [0.        , 0.18085255],
       [0.        , 0.18135382],
       [0.        , 0.18168902],
       [0.        , 0.18257737],
       [0.        , 0.18306124],
       [0.        , 0.18327549],
       [0.        , 0.18341146],
       [0.        , 0.18412948],
       [0.        , 0.18417211],
       [0.        , 0.184434  ],
       [0.        , 0.18568791],
       [0.        , 0.18599851],
       [0.        , 0.18615898],
       [0.        , 0.18664727],
       [0.        , 0.18669465],
       [0.        , 0.18743683],
       [0.        , 0.18851905],
       [0.        , 0.19073117],
       [0.        , 0.1912351 ],
       [0.        , 0.19209252],
       [0.        , 0.19214723],
       [0.        , 0.19851021],
       [0.        , 0.20092495],
       [0.        , 0.20107912],
       [0.        , 0.20525305],
       [0.        ,        inf]]), array([], shape=(0, 2), dtype=float64)]",True
86,0.20513011515140533,0.004493460059165955,0.15686741289357806,65.28,4.435501098920027,1,0.00040750205516815186,0.00040750205516815186,0.00040750205516815186,0.98,-0.0,"[array([[0.        , 0.09360617],
       [0.        , 0.09832335],
       [0.        , 0.09906363],
       [0.        , 0.10043865],
       [0.        , 0.10550635],
       [0.        , 0.10707014],
       [0.        , 0.10742414],
       [0.        , 0.10749517],
       [0.        , 0.11030404],
       [0.        , 0.11096176],
       [0.        , 0.11179125],
       [0.        , 0.11381237],
       [0.        , 0.11515439],
       [0.        , 0.11515816],
       [0.        , 0.11963121],
       [0.        , 0.12432688],
       [0.        , 0.12459837],
       [0.        , 0.12495349],
       [0.        , 0.12502259],
       [0.        , 0.12717749],
       [0.        , 0.12785247],
       [0.        , 0.12978062],
       [0.        , 0.13489085],
       [0.        , 0.13548534],
       [0.        , 0.13718624],
       [0.        , 0.13768676],
       [0.        , 0.14235437],
       [0.        , 0.14262001],
       [0.        , 0.14341511],
       [0.        , 0.14947902],
       [0.        , 0.14982006],
       [0.        , 0.15120672],
       [0.        , 0.15448652],
       [0.        , 0.1551968 ],
       [0.        , 0.15545131],
       [0.        , 0.15704027],
       [0.        , 0.15865126],
       [0.        , 0.15937982],
       [0.        , 0.16225983],
       [0.        , 0.16555089],
       [0.        , 0.16582592],
       [0.        , 0.16702969],
       [0.        , 0.16773254],
       [0.        , 0.16845967],
       [0.        , 0.16862908],
       [0.        , 0.16883281],
       [0.        , 0.16904503],
       [0.        , 0.16913593],
       [0.        , 0.16946156],
       [0.        , 0.16986987],
       [0.        , 0.17139108],
       [0.        , 0.17239882],
       [0.        , 0.17269754],
       [0.        , 0.17292297],
       [0.        , 0.17334762],
       [0.        , 0.17346144],
       [0.        , 0.17440952],
       [0.        , 0.17443246],
       [0.        , 0.1745441 ],
       [0.        , 0.17772126],
       [0.        , 0.17797461],
       [0.        , 0.17829108],
       [0.        , 0.17861333],
       [0.        , 0.17933482],
       [0.        , 0.17962821],
       [0.        , 0.17977786],
       [0.        , 0.18321298],
       [0.        , 0.1833498 ],
       [0.        , 0.18435851],
       [0.        , 0.18485957],
       [0.        , 0.18574104],
       [0.        , 0.18620168],
       [0.        , 0.18631934],
       [0.        , 0.18723069],
       [0.        , 0.18820533],
       [0.        , 0.18848243],
       [0.        , 0.18944901],
       [0.        , 0.18966909],
       [0.        , 0.19204611],
       [0.        , 0.19254713],
       [0.        , 0.19261301],
       [0.        , 0.1935171 ],
       [0.        , 0.19478893],
       [0.        , 0.19565627],
       [0.        , 0.20063666],
       [0.        , 0.20513012],
       [0.        ,        inf]]), array([[0.14343978, 0.14384729]])]",False
265,0.2116755098104477,0.0009074509143829346,0.15955211253098722,198.28,5.563963925759054,0,0.0,0.0,0.0,0.0,0.0,"[array([[0.        , 0.08339889],
       [0.        , 0.09360617],
       [0.        , 0.09465762],
       [0.        , 0.09523675],
       [0.        , 0.0976526 ],
       [0.        , 0.09832335],
       [0.        , 0.09906363],
       [0.        , 0.09909354],
       [0.        , 0.10043865],
       [0.        , 0.10528746],
       [0.        , 0.10550635],
       [0.        , 0.10560107],
       [0.        , 0.10675944],
       [0.        , 0.10707014],
       [0.        , 0.10742414],
       [0.        , 0.10749517],
       [0.        , 0.10911847],
       [0.        , 0.10936148],
       [0.        , 0.11030404],
       [0.        , 0.11049966],
       [0.        , 0.11096176],
       [0.        , 0.11179125],
       [0.        , 0.1135994 ],
       [0.        , 0.11381237],
       [0.        , 0.11432597],
       [0.        , 0.11515439],
       [0.        , 0.11515816],
       [0.        , 0.11550342],
       [0.        , 0.11638244],
       [0.        , 0.11695814],
       [0.        , 0.11827139],
       [0.        , 0.11963121],
       [0.        , 0.11975158],
       [0.        , 0.12063984],
       [0.        , 0.12100541],
       [0.        , 0.12107187],
       [0.        , 0.12110982],
       [0.        , 0.12311234],
       [0.        , 0.12342139],
       [0.        , 0.12429306],
       [0.        , 0.12439886],
       [0.        , 0.12459837],
       [0.        , 0.12495349],
       [0.        , 0.12521386],
       [0.        , 0.12530892],
       [0.        , 0.12639005],
       [0.        , 0.12749763],
       [0.        , 0.12944314],
       [0.        , 0.12971132],
       [0.        , 0.12978062],
       [0.        , 0.13116656],
       [0.        , 0.13120177],
       [0.        , 0.13152754],
       [0.        , 0.13280834],
       [0.        , 0.13300803],
       [0.        , 0.13489085],
       [0.        , 0.13619392],
       [0.        , 0.13645159],
       [0.        , 0.13800381],
       [0.        , 0.13806018],
       [0.        , 0.13949914],
       [0.        , 0.13951378],
       [0.        , 0.13964829],
       [0.        , 0.14023618],
       [0.        , 0.14053106],
       [0.        , 0.14060591],
       [0.        , 0.14235471],
       [0.        , 0.14298554],
       [0.        , 0.14341918],
       [0.        , 0.14408451],
       [0.        , 0.14423384],
       [0.        , 0.14628488],
       [0.        , 0.14688501],
       [0.        , 0.1472141 ],
       [0.        , 0.14751644],
       [0.        , 0.14781834],
       [0.        , 0.14795712],
       [0.        , 0.14845026],
       [0.        , 0.14885998],
       [0.        , 0.14947902],
       [0.        , 0.1501243 ],
       [0.        , 0.15030405],
       [0.        , 0.15099099],
       [0.        , 0.15106267],
       [0.        , 0.15122713],
       [0.        , 0.15212922],
       [0.        , 0.15231015],
       [0.        , 0.15284322],
       [0.        , 0.15339476],
       [0.        , 0.15379421],
       [0.        , 0.15429507],
       [0.        , 0.15444197],
       [0.        , 0.15452796],
       [0.        , 0.15460798],
       [0.        , 0.1551968 ],
       [0.        , 0.15562631],
       [0.        , 0.15609497],
       [0.        , 0.15677325],
       [0.        , 0.15788783],
       [0.        , 0.15792456],
       [0.        , 0.15795512],
       [0.        , 0.15816821],
       [0.        , 0.15851125],
       [0.        , 0.1594138 ],
       [0.        , 0.15970288],
       [0.        , 0.15974152],
       [0.        , 0.15996528],
       [0.        , 0.16079156],
       [0.        , 0.16082723],
       [0.        , 0.16114537],
       [0.        , 0.16137703],
       [0.        , 0.16141444],
       [0.        , 0.16264668],
       [0.        , 0.16300662],
       [0.        , 0.16337551],
       [0.        , 0.16361871],
       [0.        , 0.16382602],
       [0.        , 0.16383483],
       [0.        , 0.16402957],
       [0.        , 0.16414621],
       [0.        , 0.16414994],
       [0.        , 0.16417851],
       [0.        , 0.16442262],
       [0.        , 0.16455689],
       [0.        , 0.16459022],
       [0.        , 0.1648739 ],
       [0.        , 0.16508074],
       [0.        , 0.16514662],
       [0.        , 0.16560689],
       [0.        , 0.1656445 ],
       [0.        , 0.16580203],
       [0.        , 0.16587099],
       [0.        , 0.16596338],
       [0.        , 0.1659731 ],
       [0.        , 0.16618702],
       [0.        , 0.16628234],
       [0.        , 0.16629323],
       [0.        , 0.1663691 ],
       [0.        , 0.16668282],
       [0.        , 0.16677859],
       [0.        , 0.16706103],
       [0.        , 0.16715761],
       [0.        , 0.16730237],
       [0.        , 0.16735192],
       [0.        , 0.16771924],
       [0.        , 0.16775495],
       [0.        , 0.16788711],
       [0.        , 0.16801096],
       [0.        , 0.16821618],
       [0.        , 0.16873643],
       [0.        , 0.16926283],
       [0.        , 0.16943532],
       [0.        , 0.17021635],
       [0.        , 0.17040893],
       [0.        , 0.1704731 ],
       [0.        , 0.17051145],
       [0.        , 0.1706727 ],
       [0.        , 0.17072967],
       [0.        , 0.17095003],
       [0.        , 0.17117697],
       [0.        , 0.17171068],
       [0.        , 0.17171845],
       [0.        , 0.17195399],
       [0.        , 0.17200154],
       [0.        , 0.17202699],
       [0.        , 0.17241712],
       [0.        , 0.17261003],
       [0.        , 0.17346455],
       [0.        , 0.17377718],
       [0.        , 0.17377889],
       [0.        , 0.17393897],
       [0.        , 0.17408678],
       [0.        , 0.17414646],
       [0.        , 0.1747891 ],
       [0.        , 0.17493668],
       [0.        , 0.17508689],
       [0.        , 0.17555675],
       [0.        , 0.17602722],
       [0.        , 0.17609808],
       [0.        , 0.17612429],
       [0.        , 0.17670996],
       [0.        , 0.17673552],
       [0.        , 0.17679834],
       [0.        , 0.17684238],
       [0.        , 0.17697017],
       [0.        , 0.17697559],
       [0.        , 0.17766935],
       [0.        , 0.17772126],
       [0.        , 0.17793956],
       [0.        , 0.17794418],
       [0.        , 0.1792313 ],
       [0.        , 0.17933482],
       [0.        , 0.17946769],
       [0.        , 0.17948018],
       [0.        , 0.1796447 ],
       [0.        , 0.17964613],
       [0.        , 0.17965508],
       [0.        , 0.17983069],
       [0.        , 0.18053938],
       [0.        , 0.18058112],
       [0.        , 0.18064298],
       [0.        , 0.18067791],
       [0.        , 0.18068963],
       [0.        , 0.18085241],
       [0.        , 0.18088552],
       [0.        , 0.18092644],
       [0.        , 0.18153749],
       [0.        , 0.18196693],
       [0.        , 0.18226305],
       [0.        , 0.18241787],
       [0.        , 0.18255281],
       [0.        , 0.18257737],
       [0.        , 0.18282717],
       [0.        , 0.18300372],
       [0.        , 0.18319553],
       [0.        , 0.18325286],
       [0.        , 0.18344094],
       [0.        , 0.18354942],
       [0.        , 0.18374085],
       [0.        , 0.18376574],
       [0.        , 0.18449867],
       [0.        , 0.18479644],
       [0.        , 0.18544865],
       [0.        , 0.18599851],
       [0.        , 0.18650614],
       [0.        , 0.18722622],
       [0.        , 0.18724845],
       [0.        , 0.1875679 ],
       [0.        , 0.18770297],
       [0.        , 0.18792628],
       [0.        , 0.18814571],
       [0.        , 0.18819477],
       [0.        , 0.18819608],
       [0.        , 0.18853861],
       [0.        , 0.18916507],
       [0.        , 0.18918036],
       [0.        , 0.18934719],
       [0.        , 0.19009078],
       [0.        , 0.19015576],
       [0.        , 0.19064644],
       [0.        , 0.19111091],
       [0.        , 0.19120124],
       [0.        , 0.1912351 ],
       [0.        , 0.19123927],
       [0.        , 0.19166824],
       [0.        , 0.19171648],
       [0.        , 0.1935171 ],
       [0.        , 0.19372393],
       [0.        , 0.1941471 ],
       [0.        , 0.19459036],
       [0.        , 0.19493331],
       [0.        , 0.19562306],
       [0.        , 0.19659039],
       [0.        , 0.19697544],
       [0.        , 0.19699812],
       [0.        , 0.19867724],
       [0.        , 0.19876459],
       [0.        , 0.19922599],
       [0.        , 0.20014857],
       [0.        , 0.20029715],
       [0.        , 0.20184653],
       [0.        , 0.20307527],
       [0.        , 0.2096613 ],
       [0.        , 0.21076806],
       [0.        , 0.21167551],
       [0.        ,        inf]]), array([], shape=(0, 2), dtype=float64)]",True
96,0.20830245316028595,0.003049403429031372,0.15050344867631793,68.94,4.542075918479362,1,0.0024173855781555176,0.0024173855781555176,0.0024173855781555176,0.98,-0.0,"[array([[0.        , 0.08339889],
       [0.        , 0.09360617],
       [0.        , 0.09465762],
       [0.        , 0.09523675],
       [0.        , 0.09832335],
       [0.        , 0.09906363],
       [0.        , 0.10016502],
       [0.        , 0.10043865],
       [0.        , 0.10277458],
       [0.        , 0.10550635],
       [0.        , 0.10560107],
       [0.        , 0.10675944],
       [0.        , 0.10707014],
       [0.        , 0.10749517],
       [0.        , 0.11030404],
       [0.        , 0.11049966],
       [0.        , 0.11096176],
       [0.        , 0.11179125],
       [0.        , 0.1135994 ],
       [0.        , 0.11963121],
       [0.        , 0.12046551],
       [0.        , 0.12065811],
       [0.        , 0.12249997],
       [0.        , 0.12432688],
       [0.        , 0.12459837],
       [0.        , 0.12479368],
       [0.        , 0.12495349],
       [0.        , 0.12502259],
       [0.        , 0.12717749],
       [0.        , 0.12785247],
       [0.        , 0.12978062],
       [0.        , 0.13489085],
       [0.        , 0.13548534],
       [0.        , 0.13718624],
       [0.        , 0.13765734],
       [0.        , 0.14235437],
       [0.        , 0.14379145],
       [0.        , 0.14795874],
       [0.        , 0.14845026],
       [0.        , 0.14947902],
       [0.        , 0.15076526],
       [0.        , 0.1528547 ],
       [0.        , 0.15448652],
       [0.        , 0.15474086],
       [0.        , 0.15704027],
       [0.        , 0.15763955],
       [0.        , 0.15851125],
       [0.        , 0.15937982],
       [0.        , 0.15947056],
       [0.        , 0.16062337],
       [0.        , 0.16141444],
       [0.        , 0.1619222 ],
       [0.        , 0.1627229 ],
       [0.        , 0.16300662],
       [0.        , 0.16360669],
       [0.        , 0.16460998],
       [0.        , 0.16555089],
       [0.        , 0.16618685],
       [0.        , 0.16702969],
       [0.        , 0.16715761],
       [0.        , 0.16760664],
       [0.        , 0.16788711],
       [0.        , 0.16845967],
       [0.        , 0.16856305],
       [0.        , 0.16862908],
       [0.        , 0.16904503],
       [0.        , 0.16913593],
       [0.        , 0.16986987],
       [0.        , 0.17089444],
       [0.        , 0.17117697],
       [0.        , 0.17239882],
       [0.        , 0.17334762],
       [0.        , 0.17363378],
       [0.        , 0.17443246],
       [0.        , 0.1781705 ],
       [0.        , 0.17829064],
       [0.        , 0.17829108],
       [0.        , 0.17960198],
       [0.        , 0.17962821],
       [0.        , 0.18061277],
       [0.        , 0.18100594],
       [0.        , 0.18173872],
       [0.        , 0.18321298],
       [0.        , 0.18327549],
       [0.        , 0.18483226],
       [0.        , 0.18620168],
       [0.        , 0.18820533],
       [0.        , 0.18848243],
       [0.        , 0.18944901],
       [0.        , 0.1912351 ],
       [0.        , 0.19218375],
       [0.        , 0.19254713],
       [0.        , 0.19261301],
       [0.        , 0.20513012],
       [0.        , 0.20525305],
       [0.        , 0.20830245],
       [0.        ,        inf]]), array([[0.1414299 , 0.14384729]])]",True
141,0.21117281913757324,0.013326555490493774,0.15320095435736028,101.6,4.929530549712389,1,0.0048650577664375305,0.0048650577664375305,0.0048650577664375305,0.98,-0.0,"[array([[0.        , 0.08339889],
       [0.        , 0.09360617],
       [0.        , 0.09505783],
       [0.        , 0.09523675],
       [0.        , 0.09832335],
       [0.        , 0.09906363],
       [0.        , 0.10043865],
       [0.        , 0.10550635],
       [0.        , 0.10560107],
       [0.        , 0.10707014],
       [0.        , 0.10742414],
       [0.        , 0.10749517],
       [0.        , 0.1091096 ],
       [0.        , 0.10936148],
       [0.        , 0.11030404],
       [0.        , 0.11096176],
       [0.        , 0.11128757],
       [0.        , 0.11163338],
       [0.        , 0.11306296],
       [0.        , 0.1135994 ],
       [0.        , 0.11381237],
       [0.        , 0.11432597],
       [0.        , 0.11515439],
       [0.        , 0.11515816],
       [0.        , 0.11550342],
       [0.        , 0.11849621],
       [0.        , 0.11864856],
       [0.        , 0.11899885],
       [0.        , 0.11922177],
       [0.        , 0.11963121],
       [0.        , 0.11975511],
       [0.        , 0.12140132],
       [0.        , 0.12459837],
       [0.        , 0.12495349],
       [0.        , 0.1254465 ],
       [0.        , 0.12562174],
       [0.        , 0.12872158],
       [0.        , 0.12971132],
       [0.        , 0.13072409],
       [0.        , 0.13440865],
       [0.        , 0.13658053],
       [0.        , 0.13701032],
       [0.        , 0.13729371],
       [0.        , 0.13738295],
       [0.        , 0.13964829],
       [0.        , 0.13971898],
       [0.        , 0.14014731],
       [0.        , 0.14023618],
       [0.        , 0.14160265],
       [0.        , 0.14229178],
       [0.        , 0.14282022],
       [0.        , 0.14290868],
       [0.        , 0.14299229],
       [0.        , 0.14943066],
       [0.        , 0.14947902],
       [0.        , 0.14977103],
       [0.        , 0.1501243 ],
       [0.        , 0.15031394],
       [0.        , 0.1535272 ],
       [0.        , 0.15367106],
       [0.        , 0.1551968 ],
       [0.        , 0.1561415 ],
       [0.        , 0.15623982],
       [0.        , 0.15799522],
       [0.        , 0.15817972],
       [0.        , 0.15851125],
       [0.        , 0.1588219 ],
       [0.        , 0.15937117],
       [0.        , 0.1595307 ],
       [0.        , 0.1602848 ],
       [0.        , 0.16141444],
       [0.        , 0.16300662],
       [0.        , 0.16439956],
       [0.        , 0.16480264],
       [0.        , 0.16515915],
       [0.        , 0.16579418],
       [0.        , 0.16587099],
       [0.        , 0.16600379],
       [0.        , 0.16656803],
       [0.        , 0.16667831],
       [0.        , 0.16687484],
       [0.        , 0.16788711],
       [0.        , 0.16845967],
       [0.        , 0.16852736],
       [0.        , 0.16855586],
       [0.        , 0.16872203],
       [0.        , 0.16906965],
       [0.        , 0.16943532],
       [0.        , 0.16961738],
       [0.        , 0.1697575 ],
       [0.        , 0.1698126 ],
       [0.        , 0.17102806],
       [0.        , 0.17169099],
       [0.        , 0.17205316],
       [0.        , 0.17221704],
       [0.        , 0.17274521],
       [0.        , 0.17284001],
       [0.        , 0.17343602],
       [0.        , 0.17343682],
       [0.        , 0.17391917],
       [0.        , 0.17519139],
       [0.        , 0.17523061],
       [0.        , 0.17556645],
       [0.        , 0.17601864],
       [0.        , 0.17652078],
       [0.        , 0.17685783],
       [0.        , 0.1771701 ],
       [0.        , 0.17770015],
       [0.        , 0.17826165],
       [0.        , 0.17867988],
       [0.        , 0.1787502 ],
       [0.        , 0.17943585],
       [0.        , 0.17988297],
       [0.        , 0.17989959],
       [0.        , 0.18052639],
       [0.        , 0.18064749],
       [0.        , 0.18112268],
       [0.        , 0.18148348],
       [0.        , 0.18194009],
       [0.        , 0.18209755],
       [0.        , 0.18288396],
       [0.        , 0.18291011],
       [0.        , 0.18301429],
       [0.        , 0.18311445],
       [0.        , 0.18360253],
       [0.        , 0.18598868],
       [0.        , 0.18663284],
       [0.        , 0.18697929],
       [0.        , 0.18723069],
       [0.        , 0.18732212],
       [0.        , 0.187692  ],
       [0.        , 0.18789251],
       [0.        , 0.18798214],
       [0.        , 0.18819608],
       [0.        , 0.19091107],
       [0.        , 0.19567126],
       [0.        , 0.19697955],
       [0.        , 0.19770649],
       [0.        , 0.19777869],
       [0.        , 0.19784626],
       [0.        , 0.21117282],
       [0.        ,        inf]]), array([[0.1193398 , 0.12420486]])]",True
81,0.19090816378593445,0.001586630940437317,0.1515442631494852,63.78,4.378991161912381,2,0.009049862623214722,0.00864236056804657,0.004728682339191437,0.62,0.1776377882278037,"[array([[0.        , 0.10016502],
       [0.        , 0.10043865],
       [0.        , 0.1026146 ],
       [0.        , 0.10550635],
       [0.        , 0.10560107],
       [0.        , 0.10742414],
       [0.        , 0.10936148],
       [0.        , 0.11030404],
       [0.        , 0.11179125],
       [0.        , 0.1118829 ],
       [0.        , 0.11261448],
       [0.        , 0.11310678],
       [0.        , 0.11432597],
       [0.        , 0.1183588 ],
       [0.        , 0.11963121],
       [0.        , 0.12432688],
       [0.        , 0.12459837],
       [0.        , 0.12495349],
       [0.        , 0.12530892],
       [0.        , 0.12880211],
       [0.        , 0.12978062],
       [0.        , 0.13380259],
       [0.        , 0.13489085],
       [0.        , 0.13658741],
       [0.        , 0.13912682],
       [0.        , 0.13920236],
       [0.        , 0.13980357],
       [0.        , 0.14019492],
       [0.        , 0.14154388],
       [0.        , 0.14251722],
       [0.        , 0.14451441],
       [0.        , 0.14487444],
       [0.        , 0.14570744],
       [0.        , 0.1477598 ],
       [0.        , 0.14781834],
       [0.        , 0.15170379],
       [0.        , 0.1547174 ],
       [0.        , 0.15506949],
       [0.        , 0.15516536],
       [0.        , 0.15767832],
       [0.        , 0.15805763],
       [0.        , 0.15940003],
       [0.        , 0.1602848 ],
       [0.        , 0.16197702],
       [0.        , 0.16252699],
       [0.        , 0.16578901],
       [0.        , 0.16585252],
       [0.        , 0.16729961],
       [0.        , 0.16763106],
       [0.        , 0.16777618],
       [0.        , 0.16802931],
       [0.        , 0.16853108],
       [0.        , 0.16912337],
       [0.        , 0.17066139],
       [0.        , 0.17080063],
       [0.        , 0.17099415],
       [0.        , 0.17120583],
       [0.        , 0.17167817],
       [0.        , 0.17227513],
       [0.        , 0.17245153],
       [0.        , 0.17290638],
       [0.        , 0.17303352],
       [0.        , 0.17334762],
       [0.        , 0.17379877],
       [0.        , 0.17472962],
       [0.        , 0.17529938],
       [0.        , 0.17553587],
       [0.        , 0.17606975],
       [0.        , 0.17646983],
       [0.        , 0.17772126],
       [0.        , 0.17914008],
       [0.        , 0.18162568],
       [0.        , 0.18186665],
       [0.        , 0.18239807],
       [0.        , 0.18301429],
       [0.        , 0.18335412],
       [0.        , 0.18361749],
       [0.        , 0.18681018],
       [0.        , 0.18819608],
       [0.        , 0.18932153],
       [0.        , 0.19090816],
       [0.        ,        inf]]), array([[0.14947902, 0.15852888],
       [0.14343978, 0.14384729]])]",True
95,0.21180705726146698,0.0006342381238937378,0.1476863741874695,65.76,4.529764780885776,0,0.0,0.0,0.0,0.0,0.0,"[array([[0.        , 0.08339889],
       [0.        , 0.09028479],
       [0.        , 0.09360617],
       [0.        , 0.09523675],
       [0.        , 0.09832335],
       [0.        , 0.09884338],
       [0.        , 0.09906363],
       [0.        , 0.10043865],
       [0.        , 0.10502084],
       [0.        , 0.10550635],
       [0.        , 0.10560107],
       [0.        , 0.10707014],
       [0.        , 0.10749517],
       [0.        , 0.10936148],
       [0.        , 0.10987088],
       [0.        , 0.11030404],
       [0.        , 0.11096176],
       [0.        , 0.11128757],
       [0.        , 0.1135994 ],
       [0.        , 0.11432597],
       [0.        , 0.11515439],
       [0.        , 0.11529572],
       [0.        , 0.11963121],
       [0.        , 0.11963307],
       [0.        , 0.12065811],
       [0.        , 0.12140132],
       [0.        , 0.12342139],
       [0.        , 0.12459837],
       [0.        , 0.12495349],
       [0.        , 0.12505792],
       [0.        , 0.12530892],
       [0.        , 0.12562174],
       [0.        , 0.1273253 ],
       [0.        , 0.12756911],
       [0.        , 0.12978062],
       [0.        , 0.13280834],
       [0.        , 0.13489085],
       [0.        , 0.14014731],
       [0.        , 0.14042537],
       [0.        , 0.14090779],
       [0.        , 0.14174069],
       [0.        , 0.14299338],
       [0.        , 0.14425278],
       [0.        , 0.14760482],
       [0.        , 0.14808232],
       [0.        , 0.14814167],
       [0.        , 0.1501243 ],
       [0.        , 0.15022378],
       [0.        , 0.15044302],
       [0.        , 0.15076526],
       [0.        , 0.15170379],
       [0.        , 0.15367106],
       [0.        , 0.15744516],
       [0.        , 0.15807991],
       [0.        , 0.15883301],
       [0.        , 0.15974671],
       [0.        , 0.15975218],
       [0.        , 0.15985009],
       [0.        , 0.16141444],
       [0.        , 0.16171426],
       [0.        , 0.16546987],
       [0.        , 0.16579418],
       [0.        , 0.16666518],
       [0.        , 0.16667831],
       [0.        , 0.16753447],
       [0.        , 0.16872551],
       [0.        , 0.16907038],
       [0.        , 0.17169099],
       [0.        , 0.17245153],
       [0.        , 0.17284001],
       [0.        , 0.17526303],
       [0.        , 0.17556645],
       [0.        , 0.17667212],
       [0.        , 0.17766935],
       [0.        , 0.17797257],
       [0.        , 0.17934626],
       [0.        , 0.17989959],
       [0.        , 0.18012469],
       [0.        , 0.18194009],
       [0.        , 0.18288396],
       [0.        , 0.18301429],
       [0.        , 0.18374638],
       [0.        , 0.18444553],
       [0.        , 0.18448927],
       [0.        , 0.18723069],
       [0.        , 0.18778837],
       [0.        , 0.18798214],
       [0.        , 0.1880354 ],
       [0.        , 0.18819608],
       [0.        , 0.19382118],
       [0.        , 0.19784626],
       [0.        , 0.19862548],
       [0.        , 0.20697287],
       [0.        , 0.21117282],
       [0.        , 0.21180706],
       [0.        ,        inf]]), array([], shape=(0, 2), dtype=float64)]",False
141,0.19887934625148773,0.0011728554964065552,0.15555457929347424,109.4,4.931314633305904,1,0.0014566034078598022,0.0014566034078598022,0.0014566034078598022,0.98,-0.0,"[array([[0.        , 0.09360617],
       [0.        , 0.09832335],
       [0.        , 0.09906363],
       [0.        , 0.10043865],
       [0.        , 0.10304289],
       [0.        , 0.10550635],
       [0.        , 0.10560107],
       [0.        , 0.10707014],
       [0.        , 0.10749517],
       [0.        , 0.10777421],
       [0.        , 0.10936148],
       [0.        , 0.11030404],
       [0.        , 0.11096176],
       [0.        , 0.11128757],
       [0.        , 0.11200139],
       [0.        , 0.1135994 ],
       [0.        , 0.11432597],
       [0.        , 0.11510937],
       [0.        , 0.11515439],
       [0.        , 0.11529572],
       [0.        , 0.11550342],
       [0.        , 0.11695814],
       [0.        , 0.11864856],
       [0.        , 0.11899885],
       [0.        , 0.11963121],
       [0.        , 0.11963307],
       [0.        , 0.12065811],
       [0.        , 0.12110982],
       [0.        , 0.12140132],
       [0.        , 0.12196708],
       [0.        , 0.12342139],
       [0.        , 0.12459837],
       [0.        , 0.12495349],
       [0.        , 0.12530892],
       [0.        , 0.12826845],
       [0.        , 0.12971132],
       [0.        , 0.12978062],
       [0.        , 0.13402522],
       [0.        , 0.13489085],
       [0.        , 0.13658053],
       [0.        , 0.13701032],
       [0.        , 0.13738295],
       [0.        , 0.13776323],
       [0.        , 0.14023618],
       [0.        , 0.14093225],
       [0.        , 0.14160265],
       [0.        , 0.14229178],
       [0.        , 0.14299229],
       [0.        , 0.14341918],
       [0.        , 0.14758915],
       [0.        , 0.14947902],
       [0.        , 0.14977103],
       [0.        , 0.1531318 ],
       [0.        , 0.1535272 ],
       [0.        , 0.1539582 ],
       [0.        , 0.1561415 ],
       [0.        , 0.15749855],
       [0.        , 0.15817972],
       [0.        , 0.15823166],
       [0.        , 0.15851125],
       [0.        , 0.1588219 ],
       [0.        , 0.1591834 ],
       [0.        , 0.15937117],
       [0.        , 0.1602848 ],
       [0.        , 0.16300662],
       [0.        , 0.16353428],
       [0.        , 0.16439956],
       [0.        , 0.16480264],
       [0.        , 0.16515915],
       [0.        , 0.16537693],
       [0.        , 0.16587099],
       [0.        , 0.16628234],
       [0.        , 0.16656803],
       [0.        , 0.16687484],
       [0.        , 0.16746131],
       [0.        , 0.16788711],
       [0.        , 0.16845967],
       [0.        , 0.16852736],
       [0.        , 0.16855586],
       [0.        , 0.16906965],
       [0.        , 0.16907038],
       [0.        , 0.16943532],
       [0.        , 0.16961738],
       [0.        , 0.1698126 ],
       [0.        , 0.16989921],
       [0.        , 0.17067055],
       [0.        , 0.17169099],
       [0.        , 0.17200087],
       [0.        , 0.17205316],
       [0.        , 0.17245153],
       [0.        , 0.17283304],
       [0.        , 0.17303352],
       [0.        , 0.17330679],
       [0.        , 0.17343602],
       [0.        , 0.17343682],
       [0.        , 0.17363581],
       [0.        , 0.17391917],
       [0.        , 0.17519139],
       [0.        , 0.17601864],
       [0.        , 0.17646983],
       [0.        , 0.17652078],
       [0.        , 0.17710027],
       [0.        , 0.1771701 ],
       [0.        , 0.17746645],
       [0.        , 0.17764777],
       [0.        , 0.17770015],
       [0.        , 0.17784114],
       [0.        , 0.1780812 ],
       [0.        , 0.17826165],
       [0.        , 0.17854553],
       [0.        , 0.1787502 ],
       [0.        , 0.17943585],
       [0.        , 0.17961924],
       [0.        , 0.17988297],
       [0.        , 0.18052639],
       [0.        , 0.18112268],
       [0.        , 0.18148348],
       [0.        , 0.18224682],
       [0.        , 0.18301429],
       [0.        , 0.18360253],
       [0.        , 0.18429442],
       [0.        , 0.18472874],
       [0.        , 0.1854756 ],
       [0.        , 0.18598868],
       [0.        , 0.18697929],
       [0.        , 0.18710583],
       [0.        , 0.18723069],
       [0.        , 0.18732212],
       [0.        , 0.187692  ],
       [0.        , 0.18819608],
       [0.        , 0.18828076],
       [0.        , 0.18932153],
       [0.        , 0.19072737],
       [0.        , 0.19091107],
       [0.        , 0.19226451],
       [0.        , 0.19498052],
       [0.        , 0.19632652],
       [0.        , 0.19697955],
       [0.        , 0.19728304],
       [0.        , 0.19770649],
       [0.        , 0.19887935],
       [0.        ,        inf]]), array([[0.17097785, 0.17243445]])]",True
115,0.21373605728149414,0.009983018040657043,0.15587263534898343,83.36,4.724571361317173,1,0.0041542649269104,0.0041542649269104,0.0041542649269104,0.98,-0.0,"[array([[0.        , 0.09360617],
       [0.        , 0.0976526 ],
       [0.        , 0.09906363],
       [0.        , 0.09909354],
       [0.        , 0.10043865],
       [0.        , 0.10550635],
       [0.        , 0.10560107],
       [0.        , 0.10707014],
       [0.        , 0.10749517],
       [0.        , 0.10936148],
       [0.        , 0.11030404],
       [0.        , 0.11096176],
       [0.        , 0.11179125],
       [0.        , 0.11203784],
       [0.        , 0.11432597],
       [0.        , 0.11539797],
       [0.        , 0.11550342],
       [0.        , 0.11827139],
       [0.        , 0.11864856],
       [0.        , 0.11963121],
       [0.        , 0.12342139],
       [0.        , 0.12420486],
       [0.        , 0.12459837],
       [0.        , 0.12495349],
       [0.        , 0.12530892],
       [0.        , 0.12639005],
       [0.        , 0.12662505],
       [0.        , 0.12749763],
       [0.        , 0.1288262 ],
       [0.        , 0.12906386],
       [0.        , 0.12978062],
       [0.        , 0.13088767],
       [0.        , 0.13162033],
       [0.        , 0.13201807],
       [0.        , 0.13294122],
       [0.        , 0.13388766],
       [0.        , 0.13489085],
       [0.        , 0.13619392],
       [0.        , 0.13737056],
       [0.        , 0.13806018],
       [0.        , 0.13920236],
       [0.        , 0.1398132 ],
       [0.        , 0.14010008],
       [0.        , 0.14292976],
       [0.        , 0.1445031 ],
       [0.        , 0.14796224],
       [0.        , 0.14845026],
       [0.        , 0.14947902],
       [0.        , 0.15099099],
       [0.        , 0.15126131],
       [0.        , 0.15175493],
       [0.        , 0.15211424],
       [0.        , 0.15471007],
       [0.        , 0.15581933],
       [0.        , 0.15883301],
       [0.        , 0.16248745],
       [0.        , 0.16600974],
       [0.        , 0.16661495],
       [0.        , 0.16703372],
       [0.        , 0.16726226],
       [0.        , 0.1673777 ],
       [0.        , 0.16788711],
       [0.        , 0.16824882],
       [0.        , 0.16855586],
       [0.        , 0.16983996],
       [0.        , 0.16986987],
       [0.        , 0.17053483],
       [0.        , 0.17062874],
       [0.        , 0.17115666],
       [0.        , 0.17134054],
       [0.        , 0.17158352],
       [0.        , 0.1732696 ],
       [0.        , 0.17347983],
       [0.        , 0.1741499 ],
       [0.        , 0.17560706],
       [0.        , 0.17641878],
       [0.        , 0.17663826],
       [0.        , 0.17707853],
       [0.        , 0.17716561],
       [0.        , 0.177358  ],
       [0.        , 0.17906579],
       [0.        , 0.17964613],
       [0.        , 0.17977782],
       [0.        , 0.18053938],
       [0.        , 0.18073039],
       [0.        , 0.18135382],
       [0.        , 0.18181242],
       [0.        , 0.18226841],
       [0.        , 0.18257737],
       [0.        , 0.18306124],
       [0.        , 0.184434  ],
       [0.        , 0.18568791],
       [0.        , 0.18599851],
       [0.        , 0.18615898],
       [0.        , 0.18669465],
       [0.        , 0.18686467],
       [0.        , 0.18819608],
       [0.        , 0.18885638],
       [0.        , 0.18974903],
       [0.        , 0.1902747 ],
       [0.        , 0.19073117],
       [0.        , 0.1912351 ],
       [0.        , 0.19157375],
       [0.        , 0.19185747],
       [0.        , 0.19205342],
       [0.        , 0.19208652],
       [0.        , 0.19625527],
       [0.        , 0.19664277],
       [0.        , 0.1982581 ],
       [0.        , 0.1990114 ],
       [0.        , 0.2025688 ],
       [0.        , 0.20262964],
       [0.        , 0.20338854],
       [0.        , 0.20375304],
       [0.        , 0.21373606],
       [0.        ,        inf]]), array([[0.15437461, 0.15852888]])]",False
186,0.2096613049507141,0.003700152039527893,0.1603336126333283,141.24,5.2104303037161,1,0.004468649625778198,0.004468649625778198,0.004468649625778198,0.98,-0.0,"[array([[0.        , 0.09360617],
       [0.        , 0.09832335],
       [0.        , 0.09906363],
       [0.        , 0.10043865],
       [0.        , 0.10528746],
       [0.        , 0.10550635],
       [0.        , 0.10560107],
       [0.        , 0.10675944],
       [0.        , 0.10707014],
       [0.        , 0.10742414],
       [0.        , 0.10749517],
       [0.        , 0.11030404],
       [0.        , 0.11049966],
       [0.        , 0.11096176],
       [0.        , 0.11111743],
       [0.        , 0.11179125],
       [0.        , 0.11355285],
       [0.        , 0.11381237],
       [0.        , 0.11432597],
       [0.        , 0.11515439],
       [0.        , 0.11550342],
       [0.        , 0.11827139],
       [0.        , 0.11963121],
       [0.        , 0.12063984],
       [0.        , 0.12311234],
       [0.        , 0.12429306],
       [0.        , 0.12459837],
       [0.        , 0.12495349],
       [0.        , 0.12636013],
       [0.        , 0.12749763],
       [0.        , 0.12785247],
       [0.        , 0.12944314],
       [0.        , 0.12978062],
       [0.        , 0.13116656],
       [0.        , 0.13152754],
       [0.        , 0.13355987],
       [0.        , 0.1359193 ],
       [0.        , 0.13656537],
       [0.        , 0.13768676],
       [0.        , 0.13775572],
       [0.        , 0.13951378],
       [0.        , 0.14023618],
       [0.        , 0.14053106],
       [0.        , 0.14087923],
       [0.        , 0.14298554],
       [0.        , 0.14302121],
       [0.        , 0.14408451],
       [0.        , 0.14423384],
       [0.        , 0.14425278],
       [0.        , 0.14428897],
       [0.        , 0.14628488],
       [0.        , 0.14688501],
       [0.        , 0.14693354],
       [0.        , 0.1472141 ],
       [0.        , 0.14752704],
       [0.        , 0.14781834],
       [0.        , 0.14795712],
       [0.        , 0.14808932],
       [0.        , 0.14947902],
       [0.        , 0.14988698],
       [0.        , 0.15050244],
       [0.        , 0.15099099],
       [0.        , 0.15300994],
       [0.        , 0.15444197],
       [0.        , 0.15447767],
       [0.        , 0.15452796],
       [0.        , 0.15460798],
       [0.        , 0.1551968 ],
       [0.        , 0.15609497],
       [0.        , 0.15677325],
       [0.        , 0.15693015],
       [0.        , 0.15694359],
       [0.        , 0.15749855],
       [0.        , 0.15788783],
       [0.        , 0.15792456],
       [0.        , 0.1594138 ],
       [0.        , 0.15970288],
       [0.        , 0.15974152],
       [0.        , 0.1602848 ],
       [0.        , 0.16114537],
       [0.        , 0.16137703],
       [0.        , 0.16141444],
       [0.        , 0.16225983],
       [0.        , 0.16264668],
       [0.        , 0.16288048],
       [0.        , 0.16361871],
       [0.        , 0.16382602],
       [0.        , 0.16402957],
       [0.        , 0.16442262],
       [0.        , 0.16455689],
       [0.        , 0.1648739 ],
       [0.        , 0.16514662],
       [0.        , 0.16560689],
       [0.        , 0.16587099],
       [0.        , 0.16596338],
       [0.        , 0.16612799],
       [0.        , 0.16618702],
       [0.        , 0.16628234],
       [0.        , 0.16702969],
       [0.        , 0.16706103],
       [0.        , 0.16735192],
       [0.        , 0.16771924],
       [0.        , 0.16785429],
       [0.        , 0.16883281],
       [0.        , 0.16926283],
       [0.        , 0.1704731 ],
       [0.        , 0.17072967],
       [0.        , 0.17094208],
       [0.        , 0.1711684 ],
       [0.        , 0.17117697],
       [0.        , 0.17139108],
       [0.        , 0.17171068],
       [0.        , 0.17185244],
       [0.        , 0.17200154],
       [0.        , 0.17241712],
       [0.        , 0.17261003],
       [0.        , 0.17269754],
       [0.        , 0.1727511 ],
       [0.        , 0.17379877],
       [0.        , 0.17393897],
       [0.        , 0.17414646],
       [0.        , 0.17555675],
       [0.        , 0.17609808],
       [0.        , 0.17670996],
       [0.        , 0.17673552],
       [0.        , 0.17679834],
       [0.        , 0.17697017],
       [0.        , 0.17793956],
       [0.        , 0.17805345],
       [0.        , 0.1792313 ],
       [0.        , 0.17933482],
       [0.        , 0.17962821],
       [0.        , 0.1796447 ],
       [0.        , 0.17983069],
       [0.        , 0.18053938],
       [0.        , 0.18058112],
       [0.        , 0.18064298],
       [0.        , 0.18067791],
       [0.        , 0.18085945],
       [0.        , 0.18088552],
       [0.        , 0.18092644],
       [0.        , 0.18257737],
       [0.        , 0.18300372],
       [0.        , 0.18319553],
       [0.        , 0.18324928],
       [0.        , 0.18325286],
       [0.        , 0.18344094],
       [0.        , 0.18376574],
       [0.        , 0.18435851],
       [0.        , 0.18449867],
       [0.        , 0.18485957],
       [0.        , 0.18544865],
       [0.        , 0.18574104],
       [0.        , 0.18631934],
       [0.        , 0.18723069],
       [0.        , 0.18724845],
       [0.        , 0.18792628],
       [0.        , 0.18848243],
       [0.        , 0.18853861],
       [0.        , 0.18918036],
       [0.        , 0.18934719],
       [0.        , 0.19015576],
       [0.        , 0.19064644],
       [0.        , 0.19171648],
       [0.        , 0.19204611],
       [0.        , 0.19212358],
       [0.        , 0.19214723],
       [0.        , 0.19302468],
       [0.        , 0.1935171 ],
       [0.        , 0.19372393],
       [0.        , 0.1941471 ],
       [0.        , 0.19478893],
       [0.        , 0.19493331],
       [0.        , 0.19562306],
       [0.        , 0.19565627],
       [0.        , 0.19659039],
       [0.        , 0.19697544],
       [0.        , 0.19699812],
       [0.        , 0.19867724],
       [0.        , 0.19922599],
       [0.        , 0.20014857],
       [0.        , 0.20029715],
       [0.        , 0.20045955],
       [0.        , 0.20307527],
       [0.        , 0.20596115],
       [0.        , 0.2096613 ],
       [0.        ,        inf]]), array([[0.13489085, 0.1393595 ]])]",False
70,0.19806604087352753,0.0025235414505004883,0.15472909754940442,54.26,4.230971590744746,1,0.00040750205516815186,0.00040750205516815186,0.00040750205516815186,0.98,-0.0,"[array([[0.        , 0.09906363],
       [0.        , 0.10043865],
       [0.        , 0.10550635],
       [0.        , 0.10560107],
       [0.        , 0.10742414],
       [0.        , 0.10749517],
       [0.        , 0.11030404],
       [0.        , 0.11261448],
       [0.        , 0.11432597],
       [0.        , 0.11515439],
       [0.        , 0.11515816],
       [0.        , 0.11641855],
       [0.        , 0.117922  ],
       [0.        , 0.11963121],
       [0.        , 0.12432688],
       [0.        , 0.12459837],
       [0.        , 0.12495349],
       [0.        , 0.12724522],
       [0.        , 0.12785247],
       [0.        , 0.12978062],
       [0.        , 0.13489085],
       [0.        , 0.14298554],
       [0.        , 0.14341918],
       [0.        , 0.14947902],
       [0.        , 0.14983733],
       [0.        , 0.15204436],
       [0.        , 0.15245995],
       [0.        , 0.1551968 ],
       [0.        , 0.15526117],
       [0.        , 0.15706147],
       [0.        , 0.15851125],
       [0.        , 0.15921216],
       [0.        , 0.16141444],
       [0.        , 0.16156375],
       [0.        , 0.16225983],
       [0.        , 0.16300662],
       [0.        , 0.16329934],
       [0.        , 0.16500007],
       [0.        , 0.16604805],
       [0.        , 0.16628234],
       [0.        , 0.16699606],
       [0.        , 0.16703372],
       [0.        , 0.167087  ],
       [0.        , 0.16729924],
       [0.        , 0.16791391],
       [0.        , 0.16906965],
       [0.        , 0.16939808],
       [0.        , 0.16957071],
       [0.        , 0.17257597],
       [0.        , 0.17306176],
       [0.        , 0.17377718],
       [0.        , 0.17548566],
       [0.        , 0.17791899],
       [0.        , 0.1788152 ],
       [0.        , 0.17946769],
       [0.        , 0.18058112],
       [0.        , 0.18085945],
       [0.        , 0.18153749],
       [0.        , 0.18299635],
       [0.        , 0.18321298],
       [0.        , 0.18807884],
       [0.        , 0.18848243],
       [0.        , 0.19049115],
       [0.        , 0.19111091],
       [0.        , 0.1911242 ],
       [0.        , 0.19236992],
       [0.        , 0.19254713],
       [0.        , 0.1935171 ],
       [0.        , 0.1955425 ],
       [0.        , 0.19806604],
       [0.        ,        inf]]), array([[0.14343978, 0.14384729]])]",True
190,0.2096613049507141,0.006586030125617981,0.15861085174899353,142.74,5.229048887764371,1,0.0001808255910873413,0.0001808255910873413,0.0001808255910873413,0.98,-0.0,"[array([[0.        , 0.09360617],
       [0.        , 0.09600542],
       [0.        , 0.0976526 ],
       [0.        , 0.09832335],
       [0.        , 0.09906363],
       [0.        , 0.09909354],
       [0.        , 0.10043865],
       [0.        , 0.10355055],
       [0.        , 0.10528746],
       [0.        , 0.10550635],
       [0.        , 0.10560107],
       [0.        , 0.10675944],
       [0.        , 0.10707014],
       [0.        , 0.10742414],
       [0.        , 0.10749517],
       [0.        , 0.10936148],
       [0.        , 0.11030404],
       [0.        , 0.11049966],
       [0.        , 0.11096176],
       [0.        , 0.11179125],
       [0.        , 0.11381237],
       [0.        , 0.11432597],
       [0.        , 0.11515439],
       [0.        , 0.11539797],
       [0.        , 0.11550342],
       [0.        , 0.11827139],
       [0.        , 0.11864856],
       [0.        , 0.11963121],
       [0.        , 0.11975158],
       [0.        , 0.12063984],
       [0.        , 0.12311234],
       [0.        , 0.12342139],
       [0.        , 0.12429306],
       [0.        , 0.12495349],
       [0.        , 0.12514697],
       [0.        , 0.12521386],
       [0.        , 0.12530892],
       [0.        , 0.12639005],
       [0.        , 0.12749763],
       [0.        , 0.12944314],
       [0.        , 0.12970665],
       [0.        , 0.12978062],
       [0.        , 0.13116656],
       [0.        , 0.13120177],
       [0.        , 0.13152754],
       [0.        , 0.13162033],
       [0.        , 0.13300803],
       [0.        , 0.13304372],
       [0.        , 0.13489085],
       [0.        , 0.13617347],
       [0.        , 0.13806   ],
       [0.        , 0.13951378],
       [0.        , 0.14053106],
       [0.        , 0.14173736],
       [0.        , 0.14272793],
       [0.        , 0.14408451],
       [0.        , 0.14423384],
       [0.        , 0.14511485],
       [0.        , 0.14628488],
       [0.        , 0.14688501],
       [0.        , 0.1472141 ],
       [0.        , 0.14781834],
       [0.        , 0.14795712],
       [0.        , 0.14947902],
       [0.        , 0.15099099],
       [0.        , 0.15106267],
       [0.        , 0.15170379],
       [0.        , 0.15231015],
       [0.        , 0.15284322],
       [0.        , 0.15319361],
       [0.        , 0.15363316],
       [0.        , 0.15444197],
       [0.        , 0.15562631],
       [0.        , 0.15609497],
       [0.        , 0.15677325],
       [0.        , 0.15788783],
       [0.        , 0.15792456],
       [0.        , 0.15851125],
       [0.        , 0.15879568],
       [0.        , 0.15916331],
       [0.        , 0.1594138 ],
       [0.        , 0.15970288],
       [0.        , 0.15974152],
       [0.        , 0.16066231],
       [0.        , 0.16114537],
       [0.        , 0.16137703],
       [0.        , 0.16141444],
       [0.        , 0.16264668],
       [0.        , 0.16361871],
       [0.        , 0.16382602],
       [0.        , 0.16402957],
       [0.        , 0.16442262],
       [0.        , 0.16455689],
       [0.        , 0.1646129 ],
       [0.        , 0.1648739 ],
       [0.        , 0.16514662],
       [0.        , 0.16560689],
       [0.        , 0.16587099],
       [0.        , 0.16596338],
       [0.        , 0.16618702],
       [0.        , 0.16706103],
       [0.        , 0.16735192],
       [0.        , 0.16771924],
       [0.        , 0.16926283],
       [0.        , 0.16949511],
       [0.        , 0.16962318],
       [0.        , 0.16989349],
       [0.        , 0.1704731 ],
       [0.        , 0.17086168],
       [0.        , 0.17087284],
       [0.        , 0.17117697],
       [0.        , 0.17128998],
       [0.        , 0.17171068],
       [0.        , 0.17200154],
       [0.        , 0.17241712],
       [0.        , 0.17261003],
       [0.        , 0.17362235],
       [0.        , 0.17377718],
       [0.        , 0.17393897],
       [0.        , 0.17414646],
       [0.        , 0.17535952],
       [0.        , 0.17555675],
       [0.        , 0.17609808],
       [0.        , 0.17670996],
       [0.        , 0.17673552],
       [0.        , 0.17679834],
       [0.        , 0.17681327],
       [0.        , 0.17697017],
       [0.        , 0.17768472],
       [0.        , 0.17793956],
       [0.        , 0.17795476],
       [0.        , 0.1792313 ],
       [0.        , 0.17933482],
       [0.        , 0.1796447 ],
       [0.        , 0.17983069],
       [0.        , 0.18053938],
       [0.        , 0.18056288],
       [0.        , 0.18058112],
       [0.        , 0.18064298],
       [0.        , 0.18067791],
       [0.        , 0.18088552],
       [0.        , 0.18092644],
       [0.        , 0.18153749],
       [0.        , 0.18170711],
       [0.        , 0.18257737],
       [0.        , 0.18300372],
       [0.        , 0.18319553],
       [0.        , 0.18325286],
       [0.        , 0.18344094],
       [0.        , 0.18449867],
       [0.        , 0.18534744],
       [0.        , 0.18544865],
       [0.        , 0.18631297],
       [0.        , 0.18650614],
       [0.        , 0.18660073],
       [0.        , 0.18724845],
       [0.        , 0.18792628],
       [0.        , 0.18819608],
       [0.        , 0.18831809],
       [0.        , 0.18853861],
       [0.        , 0.18918036],
       [0.        , 0.18966304],
       [0.        , 0.19000661],
       [0.        , 0.19015576],
       [0.        , 0.19016528],
       [0.        , 0.19064644],
       [0.        , 0.19111091],
       [0.        , 0.19111396],
       [0.        , 0.19171648],
       [0.        , 0.19180711],
       [0.        , 0.19244267],
       [0.        , 0.1934427 ],
       [0.        , 0.1935171 ],
       [0.        , 0.19372393],
       [0.        , 0.19390951],
       [0.        , 0.1941471 ],
       [0.        , 0.19493331],
       [0.        , 0.19547357],
       [0.        , 0.19562306],
       [0.        , 0.19659039],
       [0.        , 0.19697544],
       [0.        , 0.19699812],
       [0.        , 0.19867724],
       [0.        , 0.19876459],
       [0.        , 0.19922599],
       [0.        , 0.20014857],
       [0.        , 0.20029715],
       [0.        , 0.20117655],
       [0.        , 0.20307527],
       [0.        , 0.2096613 ],
       [0.        ,        inf]]), array([[0.12974031, 0.12992114]])]",False
189,0.2096613049507141,0.006385773420333862,0.1593381650942974,142.64,5.225826502397856,1,0.0050400495529174805,0.0050400495529174805,0.0050400495529174805,0.98,-0.0,"[array([[0.        , 0.09360617],
       [0.        , 0.09832335],
       [0.        , 0.09906363],
       [0.        , 0.10043865],
       [0.        , 0.10528746],
       [0.        , 0.10550635],
       [0.        , 0.10560107],
       [0.        , 0.10675944],
       [0.        , 0.10707014],
       [0.        , 0.10742414],
       [0.        , 0.10749517],
       [0.        , 0.10886176],
       [0.        , 0.11030404],
       [0.        , 0.11049966],
       [0.        , 0.11096176],
       [0.        , 0.11111743],
       [0.        , 0.11179125],
       [0.        , 0.11381237],
       [0.        , 0.11432597],
       [0.        , 0.11459228],
       [0.        , 0.1150218 ],
       [0.        , 0.11515439],
       [0.        , 0.11515816],
       [0.        , 0.11550342],
       [0.        , 0.11827139],
       [0.        , 0.11963121],
       [0.        , 0.12063984],
       [0.        , 0.12110982],
       [0.        , 0.12311234],
       [0.        , 0.12342139],
       [0.        , 0.12429306],
       [0.        , 0.12459837],
       [0.        , 0.12495349],
       [0.        , 0.12636013],
       [0.        , 0.12749763],
       [0.        , 0.12785247],
       [0.        , 0.12944314],
       [0.        , 0.12978062],
       [0.        , 0.13069807],
       [0.        , 0.13109675],
       [0.        , 0.13116656],
       [0.        , 0.13152754],
       [0.        , 0.13448888],
       [0.        , 0.13489085],
       [0.        , 0.13951378],
       [0.        , 0.14053106],
       [0.        , 0.14087923],
       [0.        , 0.14218552],
       [0.        , 0.14379145],
       [0.        , 0.14408451],
       [0.        , 0.14423384],
       [0.        , 0.14425278],
       [0.        , 0.1459244 ],
       [0.        , 0.14628488],
       [0.        , 0.14673327],
       [0.        , 0.14688501],
       [0.        , 0.1472141 ],
       [0.        , 0.14781834],
       [0.        , 0.14795712],
       [0.        , 0.14947902],
       [0.        , 0.14988698],
       [0.        , 0.15076526],
       [0.        , 0.15099099],
       [0.        , 0.15300994],
       [0.        , 0.15444197],
       [0.        , 0.15447767],
       [0.        , 0.15460798],
       [0.        , 0.1551968 ],
       [0.        , 0.15562631],
       [0.        , 0.15609497],
       [0.        , 0.15677325],
       [0.        , 0.15741776],
       [0.        , 0.15761791],
       [0.        , 0.15788783],
       [0.        , 0.15792456],
       [0.        , 0.15885577],
       [0.        , 0.1594138 ],
       [0.        , 0.15970288],
       [0.        , 0.15974152],
       [0.        , 0.16114537],
       [0.        , 0.16130482],
       [0.        , 0.16137703],
       [0.        , 0.16141444],
       [0.        , 0.16178109],
       [0.        , 0.16242917],
       [0.        , 0.16264668],
       [0.        , 0.16300662],
       [0.        , 0.16361871],
       [0.        , 0.16382602],
       [0.        , 0.16402957],
       [0.        , 0.16442262],
       [0.        , 0.16455689],
       [0.        , 0.1648739 ],
       [0.        , 0.16514662],
       [0.        , 0.16545986],
       [0.        , 0.16560689],
       [0.        , 0.16561741],
       [0.        , 0.16587099],
       [0.        , 0.16596338],
       [0.        , 0.16618702],
       [0.        , 0.16627812],
       [0.        , 0.1669281 ],
       [0.        , 0.16706103],
       [0.        , 0.16771924],
       [0.        , 0.16787837],
       [0.        , 0.16926283],
       [0.        , 0.16957071],
       [0.        , 0.16987954],
       [0.        , 0.1704731 ],
       [0.        , 0.17117697],
       [0.        , 0.17128998],
       [0.        , 0.17171068],
       [0.        , 0.17200154],
       [0.        , 0.17234507],
       [0.        , 0.17241712],
       [0.        , 0.17257597],
       [0.        , 0.17261003],
       [0.        , 0.17269476],
       [0.        , 0.17335656],
       [0.        , 0.17393897],
       [0.        , 0.17414646],
       [0.        , 0.17517166],
       [0.        , 0.17555675],
       [0.        , 0.17575663],
       [0.        , 0.17609808],
       [0.        , 0.17611749],
       [0.        , 0.17628631],
       [0.        , 0.17651992],
       [0.        , 0.17652078],
       [0.        , 0.17670996],
       [0.        , 0.17673552],
       [0.        , 0.17679834],
       [0.        , 0.17697017],
       [0.        , 0.17793956],
       [0.        , 0.1792313 ],
       [0.        , 0.17933482],
       [0.        , 0.1796447 ],
       [0.        , 0.17983069],
       [0.        , 0.18053938],
       [0.        , 0.18058112],
       [0.        , 0.18064298],
       [0.        , 0.18067791],
       [0.        , 0.18088552],
       [0.        , 0.18092644],
       [0.        , 0.18141989],
       [0.        , 0.18167239],
       [0.        , 0.18168902],
       [0.        , 0.18226841],
       [0.        , 0.18257737],
       [0.        , 0.18300372],
       [0.        , 0.18319553],
       [0.        , 0.18325286],
       [0.        , 0.18344094],
       [0.        , 0.18449867],
       [0.        , 0.1845738 ],
       [0.        , 0.18488243],
       [0.        , 0.18544865],
       [0.        , 0.18650614],
       [0.        , 0.18664727],
       [0.        , 0.18723069],
       [0.        , 0.18724845],
       [0.        , 0.18792628],
       [0.        , 0.18810406],
       [0.        , 0.18853861],
       [0.        , 0.1891232 ],
       [0.        , 0.18918036],
       [0.        , 0.18934719],
       [0.        , 0.19015576],
       [0.        , 0.19034125],
       [0.        , 0.19064644],
       [0.        , 0.19131538],
       [0.        , 0.19171648],
       [0.        , 0.19214723],
       [0.        , 0.19336918],
       [0.        , 0.1935171 ],
       [0.        , 0.19372393],
       [0.        , 0.19399965],
       [0.        , 0.1941471 ],
       [0.        , 0.19493331],
       [0.        , 0.19562306],
       [0.        , 0.19659039],
       [0.        , 0.19697544],
       [0.        , 0.19922599],
       [0.        , 0.20014857],
       [0.        , 0.20029715],
       [0.        , 0.20045955],
       [0.        , 0.20307527],
       [0.        , 0.20327553],
       [0.        , 0.2096613 ],
       [0.        ,        inf]]), array([[0.12488109, 0.12992114]])]",False
68,0.20340722799301147,1.868605613708496e-05,0.15047472934512532,50.0,4.196220797384547,2,0.00503993034362793,0.0014931783080101013,0.004293341189622879,0.22,0.6779503637546775,"[array([[0.        , 0.09028479],
       [0.        , 0.09505783],
       [0.        , 0.09832335],
       [0.        , 0.10043865],
       [0.        , 0.10550635],
       [0.        , 0.10560107],
       [0.        , 0.10749517],
       [0.        , 0.10936148],
       [0.        , 0.11030404],
       [0.        , 0.11128757],
       [0.        , 0.11261448],
       [0.        , 0.11515439],
       [0.        , 0.11849621],
       [0.        , 0.1193398 ],
       [0.        , 0.11963121],
       [0.        , 0.11975511],
       [0.        , 0.12014517],
       [0.        , 0.12140132],
       [0.        , 0.12342139],
       [0.        , 0.12459837],
       [0.        , 0.12495349],
       [0.        , 0.1254465 ],
       [0.        , 0.12562174],
       [0.        , 0.12766671],
       [0.        , 0.12793508],
       [0.        , 0.1288262 ],
       [0.        , 0.13211091],
       [0.        , 0.13440865],
       [0.        , 0.13920236],
       [0.        , 0.14062227],
       [0.        , 0.14341511],
       [0.        , 0.14687143],
       [0.        , 0.14947902],
       [0.        , 0.14977103],
       [0.        , 0.15621829],
       [0.        , 0.1650019 ],
       [0.        , 0.16541854],
       [0.        , 0.16600974],
       [0.        , 0.16699593],
       [0.        , 0.16726226],
       [0.        , 0.16760142],
       [0.        , 0.16807453],
       [0.        , 0.17084946],
       [0.        , 0.17115666],
       [0.        , 0.17242333],
       [0.        , 0.17269476],
       [0.        , 0.17355613],
       [0.        , 0.1746843 ],
       [0.        , 0.17556645],
       [0.        , 0.17641878],
       [0.        , 0.17854553],
       [0.        , 0.17906579],
       [0.        , 0.17955042],
       [0.        , 0.18064918],
       [0.        , 0.18231897],
       [0.        , 0.18301429],
       [0.        , 0.18448927],
       [0.        , 0.18723069],
       [0.        , 0.18809795],
       [0.        , 0.18819608],
       [0.        , 0.18867432],
       [0.        , 0.1912351 ],
       [0.        , 0.19212131],
       [0.        , 0.19262455],
       [0.        , 0.1965394 ],
       [0.        , 0.19865224],
       [0.        , 0.20338854],
       [0.        , 0.20340723],
       [0.        ,        inf]]), array([[0.15348895, 0.15852888],
       [0.12065811, 0.12420486]])]",False
84,0.19808641076087952,0.0036212801933288574,0.14576003203789392,61.46,4.412365667379122,1,0.0013898462057113647,0.0013898462057113647,0.0013898462057113647,0.98,-0.0,"[array([[0.        , 0.09360617],
       [0.        , 0.09906363],
       [0.        , 0.10043865],
       [0.        , 0.1026146 ],
       [0.        , 0.10528746],
       [0.        , 0.10550635],
       [0.        , 0.10560107],
       [0.        , 0.10644238],
       [0.        , 0.10707014],
       [0.        , 0.10742414],
       [0.        , 0.10749517],
       [0.        , 0.10936148],
       [0.        , 0.11030404],
       [0.        , 0.11096176],
       [0.        , 0.11128757],
       [0.        , 0.1118829 ],
       [0.        , 0.1135994 ],
       [0.        , 0.11515439],
       [0.        , 0.11963121],
       [0.        , 0.11975511],
       [0.        , 0.12046551],
       [0.        , 0.12140132],
       [0.        , 0.12246194],
       [0.        , 0.12249997],
       [0.        , 0.12459837],
       [0.        , 0.12495349],
       [0.        , 0.12530892],
       [0.        , 0.12562174],
       [0.        , 0.12953225],
       [0.        , 0.12978062],
       [0.        , 0.13489085],
       [0.        , 0.1351454 ],
       [0.        , 0.1361789 ],
       [0.        , 0.13833834],
       [0.        , 0.13915548],
       [0.        , 0.14172465],
       [0.        , 0.14341511],
       [0.        , 0.14402194],
       [0.        , 0.14814167],
       [0.        , 0.14960884],
       [0.        , 0.14977606],
       [0.        , 0.15022378],
       [0.        , 0.15245073],
       [0.        , 0.15265121],
       [0.        , 0.15290278],
       [0.        , 0.1531318 ],
       [0.        , 0.15444197],
       [0.        , 0.15445237],
       [0.        , 0.15516536],
       [0.        , 0.15554924],
       [0.        , 0.15823166],
       [0.        , 0.1588219 ],
       [0.        , 0.15905324],
       [0.        , 0.1591834 ],
       [0.        , 0.1595307 ],
       [0.        , 0.15960035],
       [0.        , 0.1602848 ],
       [0.        , 0.16082723],
       [0.        , 0.16141444],
       [0.        , 0.16396929],
       [0.        , 0.1666669 ],
       [0.        , 0.16810994],
       [0.        , 0.169553  ],
       [0.        , 0.16984706],
       [0.        , 0.17071018],
       [0.        , 0.17169099],
       [0.        , 0.17296463],
       [0.        , 0.17343219],
       [0.        , 0.17379832],
       [0.        , 0.17405537],
       [0.        , 0.17556645],
       [0.        , 0.17769223],
       [0.        , 0.17888688],
       [0.        , 0.17989959],
       [0.        , 0.18064749],
       [0.        , 0.18175159],
       [0.        , 0.18188414],
       [0.        , 0.18301429],
       [0.        , 0.18546413],
       [0.        , 0.18723069],
       [0.        , 0.18819608],
       [0.        , 0.1888338 ],
       [0.        , 0.19446513],
       [0.        , 0.19808641],
       [0.        ,        inf]]), array([[0.14064789, 0.14203773]])]",True
127,0.2040708214044571,0.006767883896827698,0.15009852205439816,92.84,4.824695154433522,3,0.0048650577664375305,0.002447672188282013,0.0024278039733568826,0.28,0.6367843172009864,"[array([[0.        , 0.09360617],
       [0.        , 0.09505783],
       [0.        , 0.09523675],
       [0.        , 0.09832335],
       [0.        , 0.09884338],
       [0.        , 0.09906363],
       [0.        , 0.10043865],
       [0.        , 0.10149379],
       [0.        , 0.10550635],
       [0.        , 0.10665418],
       [0.        , 0.10707014],
       [0.        , 0.10742414],
       [0.        , 0.10749517],
       [0.        , 0.10911847],
       [0.        , 0.10936148],
       [0.        , 0.11030404],
       [0.        , 0.11096176],
       [0.        , 0.1121757 ],
       [0.        , 0.1135994 ],
       [0.        , 0.11381237],
       [0.        , 0.11510937],
       [0.        , 0.11515816],
       [0.        , 0.11550342],
       [0.        , 0.11695814],
       [0.        , 0.11827139],
       [0.        , 0.11849621],
       [0.        , 0.11963121],
       [0.        , 0.12072835],
       [0.        , 0.12249997],
       [0.        , 0.12299725],
       [0.        , 0.12320287],
       [0.        , 0.12340198],
       [0.        , 0.12432688],
       [0.        , 0.12459837],
       [0.        , 0.12495349],
       [0.        , 0.12505792],
       [0.        , 0.12543741],
       [0.        , 0.1254465 ],
       [0.        , 0.12554002],
       [0.        , 0.12922901],
       [0.        , 0.12971132],
       [0.        , 0.13116656],
       [0.        , 0.13280834],
       [0.        , 0.13420057],
       [0.        , 0.13440865],
       [0.        , 0.13806018],
       [0.        , 0.13915548],
       [0.        , 0.14019492],
       [0.        , 0.14211339],
       [0.        , 0.14341511],
       [0.        , 0.14354934],
       [0.        , 0.14516115],
       [0.        , 0.14566186],
       [0.        , 0.14628488],
       [0.        , 0.14648445],
       [0.        , 0.14744817],
       [0.        , 0.14814167],
       [0.        , 0.15099099],
       [0.        , 0.15400898],
       [0.        , 0.15463181],
       [0.        , 0.1551968 ],
       [0.        , 0.15577227],
       [0.        , 0.15611063],
       [0.        , 0.15788783],
       [0.        , 0.15823166],
       [0.        , 0.15834147],
       [0.        , 0.15906753],
       [0.        , 0.15970288],
       [0.        , 0.15985009],
       [0.        , 0.16026869],
       [0.        , 0.1602848 ],
       [0.        , 0.16074041],
       [0.        , 0.16117185],
       [0.        , 0.16213025],
       [0.        , 0.16383483],
       [0.        , 0.16396929],
       [0.        , 0.16561741],
       [0.        , 0.1656234 ],
       [0.        , 0.16771924],
       [0.        , 0.16799039],
       [0.        , 0.16821618],
       [0.        , 0.16855586],
       [0.        , 0.16946483],
       [0.        , 0.17036907],
       [0.        , 0.17038804],
       [0.        , 0.170423  ],
       [0.        , 0.17185244],
       [0.        , 0.17186785],
       [0.        , 0.17245153],
       [0.        , 0.17303352],
       [0.        , 0.17349188],
       [0.        , 0.17357539],
       [0.        , 0.17423031],
       [0.        , 0.17464054],
       [0.        , 0.17567964],
       [0.        , 0.17594486],
       [0.        , 0.17611749],
       [0.        , 0.17639689],
       [0.        , 0.17646983],
       [0.        , 0.17654744],
       [0.        , 0.17657103],
       [0.        , 0.17784719],
       [0.        , 0.17911251],
       [0.        , 0.17964613],
       [0.        , 0.17989959],
       [0.        , 0.18012418],
       [0.        , 0.18012469],
       [0.        , 0.18101355],
       [0.        , 0.18158248],
       [0.        , 0.18234135],
       [0.        , 0.18258236],
       [0.        , 0.18278807],
       [0.        , 0.18301429],
       [0.        , 0.18325239],
       [0.        , 0.18368934],
       [0.        , 0.18486804],
       [0.        , 0.18628478],
       [0.        , 0.18723069],
       [0.        , 0.18765415],
       [0.        , 0.18819608],
       [0.        , 0.18932153],
       [0.        , 0.18945551],
       [0.        , 0.19056937],
       [0.        , 0.19180711],
       [0.        , 0.19324131],
       [0.        , 0.19730294],
       [0.        , 0.20407082],
       [0.        ,        inf]]), array([[0.14203677, 0.14203773],
       [0.1414299 , 0.14384729],
       [0.1193398 , 0.12420486]])]",True
100,0.19784626364707947,6.757676601409912e-05,0.1488961473107338,74.76,4.585923068384543,2,0.00493679940700531,0.004529297351837158,0.002672150731086731,0.22,0.26951320635877646,"[array([[0.        , 0.09360617],
       [0.        , 0.09523675],
       [0.        , 0.09832335],
       [0.        , 0.09884338],
       [0.        , 0.10043865],
       [0.        , 0.10550635],
       [0.        , 0.10560107],
       [0.        , 0.10707014],
       [0.        , 0.10742414],
       [0.        , 0.10749517],
       [0.        , 0.11030404],
       [0.        , 0.11096176],
       [0.        , 0.11128757],
       [0.        , 0.11163338],
       [0.        , 0.11240694],
       [0.        , 0.11306296],
       [0.        , 0.1135994 ],
       [0.        , 0.11381237],
       [0.        , 0.11515439],
       [0.        , 0.11550342],
       [0.        , 0.11849621],
       [0.        , 0.11864856],
       [0.        , 0.1193398 ],
       [0.        , 0.11963121],
       [0.        , 0.12070737],
       [0.        , 0.12110982],
       [0.        , 0.12292856],
       [0.        , 0.12432688],
       [0.        , 0.12495349],
       [0.        , 0.1254465 ],
       [0.        , 0.12647767],
       [0.        , 0.12699746],
       [0.        , 0.12872158],
       [0.        , 0.12994631],
       [0.        , 0.13072409],
       [0.        , 0.13440865],
       [0.        , 0.13701032],
       [0.        , 0.13762178],
       [0.        , 0.13961732],
       [0.        , 0.13964829],
       [0.        , 0.13971898],
       [0.        , 0.14282022],
       [0.        , 0.14744817],
       [0.        , 0.14814167],
       [0.        , 0.14845026],
       [0.        , 0.14943066],
       [0.        , 0.14977103],
       [0.        , 0.1501243 ],
       [0.        , 0.1547174 ],
       [0.        , 0.15823166],
       [0.        , 0.1588219 ],
       [0.        , 0.1591834 ],
       [0.        , 0.1595307 ],
       [0.        , 0.1602848 ],
       [0.        , 0.16141444],
       [0.        , 0.16197859],
       [0.        , 0.16383483],
       [0.        , 0.1646129 ],
       [0.        , 0.16484758],
       [0.        , 0.16515915],
       [0.        , 0.16516048],
       [0.        , 0.16523309],
       [0.        , 0.16561741],
       [0.        , 0.16600379],
       [0.        , 0.16616978],
       [0.        , 0.16651347],
       [0.        , 0.16663964],
       [0.        , 0.16771924],
       [0.        , 0.16828512],
       [0.        , 0.16872203],
       [0.        , 0.16885428],
       [0.        , 0.1697575 ],
       [0.        , 0.17038804],
       [0.        , 0.17169099],
       [0.        , 0.17192362],
       [0.        , 0.17284001],
       [0.        , 0.17303352],
       [0.        , 0.17303596],
       [0.        , 0.17523061],
       [0.        , 0.17556645],
       [0.        , 0.17594486],
       [0.        , 0.17685783],
       [0.        , 0.17770015],
       [0.        , 0.17867988],
       [0.        , 0.17989959],
       [0.        , 0.18064749],
       [0.        , 0.18158248],
       [0.        , 0.18224682],
       [0.        , 0.18257175],
       [0.        , 0.18311445],
       [0.        , 0.18321298],
       [0.        , 0.18325239],
       [0.        , 0.18679667],
       [0.        , 0.18723069],
       [0.        , 0.18798214],
       [0.        , 0.18819618],
       [0.        , 0.19254713],
       [0.        , 0.19458534],
       [0.        , 0.19777869],
       [0.        , 0.19784626],
       [0.        ,        inf]]), array([[0.14343978, 0.14384729],
       [0.12137979, 0.12631659]])]",False
98,0.21258921921253204,0.008350208401679993,0.1530277897052619,70.02,4.5636214302754174,2,0.001232147216796875,0.0008246451616287231,0.0008198246359825134,0.18,0.5607144291796334,"[array([[0.        , 0.09028479],
       [0.        , 0.09360617],
       [0.        , 0.09832335],
       [0.        , 0.09884338],
       [0.        , 0.09906363],
       [0.        , 0.10043865],
       [0.        , 0.10550635],
       [0.        , 0.10560107],
       [0.        , 0.10675944],
       [0.        , 0.10707014],
       [0.        , 0.10742414],
       [0.        , 0.10749517],
       [0.        , 0.11030404],
       [0.        , 0.11096176],
       [0.        , 0.11128757],
       [0.        , 0.11179125],
       [0.        , 0.11274929],
       [0.        , 0.11355491],
       [0.        , 0.11381237],
       [0.        , 0.11515439],
       [0.        , 0.11963121],
       [0.        , 0.12432688],
       [0.        , 0.12459837],
       [0.        , 0.12495349],
       [0.        , 0.12785247],
       [0.        , 0.12970665],
       [0.        , 0.12978062],
       [0.        , 0.13380259],
       [0.        , 0.13489085],
       [0.        , 0.1355823 ],
       [0.        , 0.13613005],
       [0.        , 0.13701032],
       [0.        , 0.13768676],
       [0.        , 0.13815616],
       [0.        , 0.14021519],
       [0.        , 0.14290868],
       [0.        , 0.14341511],
       [0.        , 0.14379145],
       [0.        , 0.14513972],
       [0.        , 0.14814167],
       [0.        , 0.15135854],
       [0.        , 0.15202692],
       [0.        , 0.15317909],
       [0.        , 0.1547323 ],
       [0.        , 0.15506949],
       [0.        , 0.15545131],
       [0.        , 0.15805763],
       [0.        , 0.15817972],
       [0.        , 0.15865126],
       [0.        , 0.15887794],
       [0.        , 0.16015974],
       [0.        , 0.16197702],
       [0.        , 0.16225983],
       [0.        , 0.16445029],
       [0.        , 0.16575773],
       [0.        , 0.16702969],
       [0.        , 0.16729961],
       [0.        , 0.1673511 ],
       [0.        , 0.16755323],
       [0.        , 0.16805713],
       [0.        , 0.16853108],
       [0.        , 0.16858944],
       [0.        , 0.16882606],
       [0.        , 0.16883281],
       [0.        , 0.16920418],
       [0.        , 0.17064211],
       [0.        , 0.17139108],
       [0.        , 0.17245153],
       [0.        , 0.17269754],
       [0.        , 0.17290638],
       [0.        , 0.17415577],
       [0.        , 0.17529938],
       [0.        , 0.17553587],
       [0.        , 0.17620252],
       [0.        , 0.17861955],
       [0.        , 0.17962821],
       [0.        , 0.17966586],
       [0.        , 0.18214093],
       [0.        , 0.18321298],
       [0.        , 0.18435851],
       [0.        , 0.18485957],
       [0.        , 0.18527307],
       [0.        , 0.18574104],
       [0.        , 0.18631934],
       [0.        , 0.18723069],
       [0.        , 0.18773179],
       [0.        , 0.188411  ],
       [0.        , 0.18848243],
       [0.        , 0.18932153],
       [0.        , 0.19204611],
       [0.        , 0.19254713],
       [0.        , 0.19478893],
       [0.        , 0.19565627],
       [0.        , 0.19659273],
       [0.        , 0.20257945],
       [0.        , 0.2041903 ],
       [0.        , 0.20423901],
       [0.        , 0.21258922],
       [0.        ,        inf]]), array([[0.14343978, 0.14384729],
       [0.13487628, 0.13610843]])]",False
151,0.21258921921253204,0.008350208401679993,0.1558863486576554,109.98,5.000287340236811,1,0.0035424232482910156,0.0035424232482910156,0.0035424232482910156,0.98,-0.0,"[array([[0.        , 0.09360617],
       [0.        , 0.09832335],
       [0.        , 0.09884338],
       [0.        , 0.09906363],
       [0.        , 0.10043865],
       [0.        , 0.10528746],
       [0.        , 0.10550635],
       [0.        , 0.10560107],
       [0.        , 0.10675944],
       [0.        , 0.10707014],
       [0.        , 0.10742414],
       [0.        , 0.10749517],
       [0.        , 0.10936148],
       [0.        , 0.11030404],
       [0.        , 0.11096176],
       [0.        , 0.11128757],
       [0.        , 0.11179125],
       [0.        , 0.1135994 ],
       [0.        , 0.11381237],
       [0.        , 0.11432597],
       [0.        , 0.11515816],
       [0.        , 0.11644582],
       [0.        , 0.11795647],
       [0.        , 0.11899885],
       [0.        , 0.11963121],
       [0.        , 0.11975511],
       [0.        , 0.11986774],
       [0.        , 0.12046551],
       [0.        , 0.12110982],
       [0.        , 0.12140132],
       [0.        , 0.12459837],
       [0.        , 0.12495349],
       [0.        , 0.12505792],
       [0.        , 0.12530892],
       [0.        , 0.12971132],
       [0.        , 0.12978062],
       [0.        , 0.13211091],
       [0.        , 0.13489085],
       [0.        , 0.13658053],
       [0.        , 0.1373536 ],
       [0.        , 0.13738295],
       [0.        , 0.14023618],
       [0.        , 0.14160265],
       [0.        , 0.14180353],
       [0.        , 0.14218852],
       [0.        , 0.14229178],
       [0.        , 0.14272793],
       [0.        , 0.14299229],
       [0.        , 0.14402194],
       [0.        , 0.14563482],
       [0.        , 0.14790368],
       [0.        , 0.14814167],
       [0.        , 0.14845026],
       [0.        , 0.1531318 ],
       [0.        , 0.1535272 ],
       [0.        , 0.15363316],
       [0.        , 0.15463181],
       [0.        , 0.1551968 ],
       [0.        , 0.15572669],
       [0.        , 0.1561415 ],
       [0.        , 0.15671071],
       [0.        , 0.15817972],
       [0.        , 0.15851125],
       [0.        , 0.15937117],
       [0.        , 0.1596628 ],
       [0.        , 0.15998651],
       [0.        , 0.16015974],
       [0.        , 0.16076331],
       [0.        , 0.16117398],
       [0.        , 0.16288835],
       [0.        , 0.16300662],
       [0.        , 0.1635042 ],
       [0.        , 0.16439956],
       [0.        , 0.16480264],
       [0.        , 0.16480853],
       [0.        , 0.1656445 ],
       [0.        , 0.16575773],
       [0.        , 0.16578829],
       [0.        , 0.16583075],
       [0.        , 0.16587099],
       [0.        , 0.16636111],
       [0.        , 0.16641375],
       [0.        , 0.16656803],
       [0.        , 0.16687484],
       [0.        , 0.16729961],
       [0.        , 0.1673511 ],
       [0.        , 0.16788711],
       [0.        , 0.16805713],
       [0.        , 0.16845967],
       [0.        , 0.16852736],
       [0.        , 0.16906965],
       [0.        , 0.16943532],
       [0.        , 0.16958174],
       [0.        , 0.16961738],
       [0.        , 0.1697575 ],
       [0.        , 0.1698126 ],
       [0.        , 0.17006232],
       [0.        , 0.17025785],
       [0.        , 0.17055383],
       [0.        , 0.17064211],
       [0.        , 0.17169099],
       [0.        , 0.17205316],
       [0.        , 0.17205894],
       [0.        , 0.17343602],
       [0.        , 0.17343682],
       [0.        , 0.17391917],
       [0.        , 0.17415577],
       [0.        , 0.17506821],
       [0.        , 0.17519139],
       [0.        , 0.1753947 ],
       [0.        , 0.17556645],
       [0.        , 0.17601864],
       [0.        , 0.17620252],
       [0.        , 0.17646983],
       [0.        , 0.17652078],
       [0.        , 0.1767028 ],
       [0.        , 0.17681327],
       [0.        , 0.1771701 ],
       [0.        , 0.17772126],
       [0.        , 0.17826165],
       [0.        , 0.17856738],
       [0.        , 0.1787502 ],
       [0.        , 0.17943585],
       [0.        , 0.1796447 ],
       [0.        , 0.17988297],
       [0.        , 0.18052639],
       [0.        , 0.18112268],
       [0.        , 0.18146169],
       [0.        , 0.18148348],
       [0.        , 0.18209755],
       [0.        , 0.18239807],
       [0.        , 0.18301429],
       [0.        , 0.18341506],
       [0.        , 0.18360253],
       [0.        , 0.18472874],
       [0.        , 0.18697929],
       [0.        , 0.18723069],
       [0.        , 0.18732212],
       [0.        , 0.187692  ],
       [0.        , 0.18819608],
       [0.        , 0.188411  ],
       [0.        , 0.19091107],
       [0.        , 0.19226451],
       [0.        , 0.19682492],
       [0.        , 0.19697955],
       [0.        , 0.19770649],
       [0.        , 0.20063666],
       [0.        , 0.20390381],
       [0.        , 0.2041903 ],
       [0.        , 0.20423901],
       [0.        , 0.21258922],
       [0.        ,        inf]]), array([[0.1351454 , 0.13868782]])]",True
73,0.20169445872306824,0.003785163164138794,0.14509833900079336,52.24,4.2675498169934,0,0.0,0.0,0.0,0.0,0.0,"[array([[0.        , 0.08339889],
       [0.        , 0.09360617],
       [0.        , 0.09465762],
       [0.        , 0.09523675],
       [0.        , 0.09906363],
       [0.        , 0.10016502],
       [0.        , 0.10043865],
       [0.        , 0.10550635],
       [0.        , 0.10560107],
       [0.        , 0.10707014],
       [0.        , 0.10749517],
       [0.        , 0.10936148],
       [0.        , 0.11030404],
       [0.        , 0.11049966],
       [0.        , 0.11096176],
       [0.        , 0.11128757],
       [0.        , 0.1135994 ],
       [0.        , 0.11963121],
       [0.        , 0.12342139],
       [0.        , 0.12420486],
       [0.        , 0.12459837],
       [0.        , 0.12479368],
       [0.        , 0.12495349],
       [0.        , 0.12530892],
       [0.        , 0.12554002],
       [0.        , 0.12562174],
       [0.        , 0.12749763],
       [0.        , 0.12978062],
       [0.        , 0.13249144],
       [0.        , 0.13489085],
       [0.        , 0.1361789 ],
       [0.        , 0.14019492],
       [0.        , 0.14023618],
       [0.        , 0.14128561],
       [0.        , 0.14425278],
       [0.        , 0.14451441],
       [0.        , 0.14527535],
       [0.        , 0.14687143],
       [0.        , 0.14876328],
       [0.        , 0.14947902],
       [0.        , 0.15076526],
       [0.        , 0.15367106],
       [0.        , 0.15572669],
       [0.        , 0.15577227],
       [0.        , 0.15936223],
       [0.        , 0.1627229 ],
       [0.        , 0.16489619],
       [0.        , 0.16647844],
       [0.        , 0.16701578],
       [0.        , 0.16760664],
       [0.        , 0.16794743],
       [0.        , 0.16855586],
       [0.        , 0.16986987],
       [0.        , 0.17020082],
       [0.        , 0.17060025],
       [0.        , 0.17245153],
       [0.        , 0.1736851 ],
       [0.        , 0.17390485],
       [0.        , 0.17445526],
       [0.        , 0.17534114],
       [0.        , 0.17646983],
       [0.        , 0.17797257],
       [0.        , 0.17870498],
       [0.        , 0.18301429],
       [0.        , 0.18518992],
       [0.        , 0.1863714 ],
       [0.        , 0.18651858],
       [0.        , 0.18819608],
       [0.        , 0.18932153],
       [0.        , 0.19003031],
       [0.        , 0.19171648],
       [0.        , 0.1979093 ],
       [0.        , 0.20169446],
       [0.        ,        inf]]), array([], shape=(0, 2), dtype=float64)]",True
