Num_0dim,Max_0dim,Max_0dim_Minus_Second,Mean_0dim,betti_curve_0,persistence_entropy_0,Num_1dim,Max_1dim,Max_1dim_Minus_Second,Mean_1dim,betti_curve_1,persistence_entropy_1,diagrams,correctness
88,2.24157977104187,0.006913900375366211,2.00029954449697,77.88,4.472806588131572,6,0.02895522117614746,0.007578611373901367,0.012088199456532797,0.18,1.3231892698240884,"[array([[0.        , 1.48658133],
       [0.        , 1.50050235],
       [0.        , 1.56075501],
       [0.        , 1.5756526 ],
       [0.        , 1.61924696],
       [0.        , 1.62295961],
       [0.        , 1.65699244],
       [0.        , 1.69042754],
       [0.        , 1.70768595],
       [0.        , 1.70929575],
       [0.        , 1.7265836 ],
       [0.        , 1.72946203],
       [0.        , 1.7557739 ],
       [0.        , 1.78610659],
       [0.        , 1.79107094],
       [0.        , 1.79155624],
       [0.        , 1.82882655],
       [0.        , 1.84483862],
       [0.        , 1.84579301],
       [0.        , 1.84889507],
       [0.        , 1.88843322],
       [0.        , 1.8943994 ],
       [0.        , 1.90851367],
       [0.        , 1.91337478],
       [0.        , 1.92991221],
       [0.        , 1.93232524],
       [0.        , 1.96059465],
       [0.        , 1.96165431],
       [0.        , 1.97339463],
       [0.        , 1.9779191 ],
       [0.        , 1.97884321],
       [0.        , 1.98037934],
       [0.        , 1.98181832],
       [0.        , 2.00470781],
       [0.        , 2.011168  ],
       [0.        , 2.01611137],
       [0.        , 2.02687287],
       [0.        , 2.03593802],
       [0.        , 2.03851104],
       [0.        , 2.0395937 ],
       [0.        , 2.04390931],
       [0.        , 2.04776073],
       [0.        , 2.05406809],
       [0.        , 2.06063032],
       [0.        , 2.06218433],
       [0.        , 2.06593347],
       [0.        , 2.06915665],
       [0.        , 2.07087708],
       [0.        , 2.07471657],
       [0.        , 2.07861423],
       [0.        , 2.08081198],
       [0.        , 2.08232236],
       [0.        , 2.09247398],
       [0.        , 2.09273577],
       [0.        , 2.10425925],
       [0.        , 2.10479879],
       [0.        , 2.10601521],
       [0.        , 2.10714102],
       [0.        , 2.10971403],
       [0.        , 2.11050105],
       [0.        , 2.114182  ],
       [0.        , 2.11714005],
       [0.        , 2.12727642],
       [0.        , 2.12858748],
       [0.        , 2.1366992 ],
       [0.        , 2.13897324],
       [0.        , 2.14647532],
       [0.        , 2.1488843 ],
       [0.        , 2.15454817],
       [0.        , 2.15456367],
       [0.        , 2.16000009],
       [0.        , 2.16486883],
       [0.        , 2.16807342],
       [0.        , 2.17405844],
       [0.        , 2.17905164],
       [0.        , 2.18527961],
       [0.        , 2.18597937],
       [0.        , 2.18943024],
       [0.        , 2.1898303 ],
       [0.        , 2.19181466],
       [0.        , 2.19366407],
       [0.        , 2.19623375],
       [0.        , 2.20621657],
       [0.        , 2.20962119],
       [0.        , 2.20968628],
       [0.        , 2.22688079],
       [0.        , 2.23466587],
       [0.        , 2.24157977],
       [0.        ,        inf]]), array([[2.17076135, 2.17090273],
       [2.12809396, 2.14947057],
       [2.08879066, 2.09577918],
       [2.01100516, 2.01155353],
       [1.79648423, 1.82543945],
       [1.7660917 , 1.7806108 ]])]",False
138,2.234665870666504,0.004876136779785156,2.005124569803044,122.7,4.923485014262058,5,0.02895522117614746,0.014283895492553711,0.014235711097717286,0.18,1.3584917054694428,"[array([[0.        , 1.21763885],
       [0.        , 1.50050235],
       [0.        , 1.56075501],
       [0.        , 1.5756526 ],
       [0.        , 1.64819396],
       [0.        , 1.65699244],
       [0.        , 1.67304981],
       [0.        , 1.67808545],
       [0.        , 1.67905593],
       [0.        , 1.69761336],
       [0.        , 1.70768595],
       [0.        , 1.70929575],
       [0.        , 1.7265836 ],
       [0.        , 1.72946203],
       [0.        , 1.7557739 ],
       [0.        , 1.78610659],
       [0.        , 1.7890563 ],
       [0.        , 1.79107094],
       [0.        , 1.79155624],
       [0.        , 1.8010534 ],
       [0.        , 1.8049649 ],
       [0.        , 1.81373537],
       [0.        , 1.85319901],
       [0.        , 1.86246681],
       [0.        , 1.86965466],
       [0.        , 1.87153375],
       [0.        , 1.87680531],
       [0.        , 1.90838575],
       [0.        , 1.91014683],
       [0.        , 1.91618931],
       [0.        , 1.92196643],
       [0.        , 1.92720628],
       [0.        , 1.92931509],
       [0.        , 1.93006539],
       [0.        , 1.93224955],
       [0.        , 1.94013143],
       [0.        , 1.94535494],
       [0.        , 1.95396614],
       [0.        , 1.95506966],
       [0.        , 1.95824349],
       [0.        , 1.96020079],
       [0.        , 1.96059465],
       [0.        , 1.97679675],
       [0.        , 1.9789865 ],
       [0.        , 1.98028016],
       [0.        , 1.98181832],
       [0.        , 1.98678374],
       [0.        , 1.98818099],
       [0.        , 1.99366236],
       [0.        , 1.99509418],
       [0.        , 1.99937499],
       [0.        , 1.99983001],
       [0.        , 2.00470781],
       [0.        , 2.00854778],
       [0.        , 2.0117898 ],
       [0.        , 2.01361704],
       [0.        , 2.02092099],
       [0.        , 2.02239442],
       [0.        , 2.02621055],
       [0.        , 2.03137302],
       [0.        , 2.03400493],
       [0.        , 2.0342176 ],
       [0.        , 2.03898454],
       [0.        , 2.04324293],
       [0.        , 2.04388356],
       [0.        , 2.04563761],
       [0.        , 2.05355692],
       [0.        , 2.05400038],
       [0.        , 2.05480552],
       [0.        , 2.06143594],
       [0.        , 2.06179881],
       [0.        , 2.06212139],
       [0.        , 2.06344843],
       [0.        , 2.06703615],
       [0.        , 2.06835794],
       [0.        , 2.06869483],
       [0.        , 2.06882167],
       [0.        , 2.07354426],
       [0.        , 2.07729506],
       [0.        , 2.08283377],
       [0.        , 2.08439112],
       [0.        , 2.08491826],
       [0.        , 2.0871551 ],
       [0.        , 2.09187841],
       [0.        , 2.09228992],
       [0.        , 2.09315085],
       [0.        , 2.09582663],
       [0.        , 2.09766865],
       [0.        , 2.09992385],
       [0.        , 2.10204339],
       [0.        , 2.1020503 ],
       [0.        , 2.10488486],
       [0.        , 2.1071918 ],
       [0.        , 2.10754013],
       [0.        , 2.11070085],
       [0.        , 2.11174393],
       [0.        , 2.11568141],
       [0.        , 2.11599874],
       [0.        , 2.11600471],
       [0.        , 2.11636853],
       [0.        , 2.11812878],
       [0.        , 2.11830401],
       [0.        , 2.11850214],
       [0.        , 2.12131596],
       [0.        , 2.12205553],
       [0.        , 2.12330747],
       [0.        , 2.12331438],
       [0.        , 2.12773967],
       [0.        , 2.13042498],
       [0.        , 2.13240814],
       [0.        , 2.13255692],
       [0.        , 2.13619876],
       [0.        , 2.13932347],
       [0.        , 2.13982129],
       [0.        , 2.14085221],
       [0.        , 2.14465737],
       [0.        , 2.14494443],
       [0.        , 2.14559531],
       [0.        , 2.14612484],
       [0.        , 2.14872408],
       [0.        , 2.14924431],
       [0.        , 2.15372157],
       [0.        , 2.15929127],
       [0.        , 2.16612482],
       [0.        , 2.16926885],
       [0.        , 2.17092729],
       [0.        , 2.17477584],
       [0.        , 2.17515063],
       [0.        , 2.17833114],
       [0.        , 2.17975307],
       [0.        , 2.18597937],
       [0.        , 2.19331551],
       [0.        , 2.19861031],
       [0.        , 2.20157647],
       [0.        , 2.21335101],
       [0.        , 2.22688079],
       [0.        , 2.22978973],
       [0.        , 2.23466587],
       [0.        ,        inf]]), array([[2.11790848, 2.13039303],
       [2.11449552, 2.12916684],
       [2.01100516, 2.01155353],
       [1.79648423, 1.82543945],
       [1.7660917 , 1.7806108 ]])]",True
91,2.2477824687957764,0.00620269775390625,2.0227225115011027,81.1,4.506379609382595,3,0.02895522117614746,0.014436125755310059,0.014674226442972818,0.16,0.6960262320639133,"[array([[0.        , 1.48658133],
       [0.        , 1.56075501],
       [0.        , 1.61924696],
       [0.        , 1.62295961],
       [0.        , 1.65699244],
       [0.        , 1.67745805],
       [0.        , 1.67905593],
       [0.        , 1.70768595],
       [0.        , 1.70929575],
       [0.        , 1.7265836 ],
       [0.        , 1.72946203],
       [0.        , 1.72972155],
       [0.        , 1.7557739 ],
       [0.        , 1.77539909],
       [0.        , 1.78610659],
       [0.        , 1.79107094],
       [0.        , 1.81356204],
       [0.        , 1.81817877],
       [0.        , 1.81984484],
       [0.        , 1.8433857 ],
       [0.        , 1.84483862],
       [0.        , 1.88051164],
       [0.        , 1.89024687],
       [0.        , 1.90838575],
       [0.        , 1.92621613],
       [0.        , 1.95946801],
       [0.        , 1.96059465],
       [0.        , 1.98181832],
       [0.        , 1.9874649 ],
       [0.        , 2.00470781],
       [0.        , 2.00539517],
       [0.        , 2.00557971],
       [0.        , 2.01075935],
       [0.        , 2.01361704],
       [0.        , 2.01903033],
       [0.        , 2.03219962],
       [0.        , 2.0395937 ],
       [0.        , 2.05221295],
       [0.        , 2.06005812],
       [0.        , 2.06212139],
       [0.        , 2.06291318],
       [0.        , 2.06380701],
       [0.        , 2.07938075],
       [0.        , 2.09342027],
       [0.        , 2.09984708],
       [0.        , 2.10185742],
       [0.        , 2.10365009],
       [0.        , 2.10648108],
       [0.        , 2.10675669],
       [0.        , 2.1073246 ],
       [0.        , 2.10780478],
       [0.        , 2.11449552],
       [0.        , 2.11735415],
       [0.        , 2.1201067 ],
       [0.        , 2.1209538 ],
       [0.        , 2.12711382],
       [0.        , 2.13378739],
       [0.        , 2.1363771 ],
       [0.        , 2.14349127],
       [0.        , 2.14743471],
       [0.        , 2.14954662],
       [0.        , 2.15093565],
       [0.        , 2.15143609],
       [0.        , 2.15722322],
       [0.        , 2.15863752],
       [0.        , 2.15917683],
       [0.        , 2.15980911],
       [0.        , 2.16126442],
       [0.        , 2.16180778],
       [0.        , 2.17202044],
       [0.        , 2.17879725],
       [0.        , 2.17983413],
       [0.        , 2.18045855],
       [0.        , 2.18084216],
       [0.        , 2.18287706],
       [0.        , 2.18597937],
       [0.        , 2.18816781],
       [0.        , 2.18909335],
       [0.        , 2.19596434],
       [0.        , 2.20348501],
       [0.        , 2.20962119],
       [0.        , 2.20998883],
       [0.        , 2.2121172 ],
       [0.        , 2.21272111],
       [0.        , 2.21918416],
       [0.        , 2.22630453],
       [0.        , 2.22688079],
       [0.        , 2.23124838],
       [0.        , 2.23466587],
       [0.        , 2.24157977],
       [0.        , 2.24778247],
       [0.        ,        inf]]), array([[2.01100516, 2.01155353],
       [1.79648423, 1.82543945],
       [1.7660917 , 1.7806108 ]])]",True
66,2.234665870666504,0.00778508186340332,1.9744800545952537,57.78,4.1832098927047765,6,0.07757687568664551,0.04862165451049805,0.023305217425028484,0.4,1.2324910713153023,"[array([[0.        , 1.21763885],
       [0.        , 1.50050235],
       [0.        , 1.5276984 ],
       [0.        , 1.5756526 ],
       [0.        , 1.63462257],
       [0.        , 1.64819396],
       [0.        , 1.65235078],
       [0.        , 1.65699244],
       [0.        , 1.69761336],
       [0.        , 1.70768595],
       [0.        , 1.70929575],
       [0.        , 1.72946203],
       [0.        , 1.7557739 ],
       [0.        , 1.77282667],
       [0.        , 1.78610659],
       [0.        , 1.79107094],
       [0.        , 1.79155624],
       [0.        , 1.8034842 ],
       [0.        , 1.81373537],
       [0.        , 1.91749609],
       [0.        , 1.92526627],
       [0.        , 1.96059465],
       [0.        , 1.96419108],
       [0.        , 1.97097707],
       [0.        , 1.98100042],
       [0.        , 1.98181832],
       [0.        , 1.98750579],
       [0.        , 1.99475837],
       [0.        , 1.99692428],
       [0.        , 2.00470781],
       [0.        , 2.01361704],
       [0.        , 2.01562142],
       [0.        , 2.05600572],
       [0.        , 2.05684733],
       [0.        , 2.06212139],
       [0.        , 2.06624174],
       [0.        , 2.08308339],
       [0.        , 2.08553839],
       [0.        , 2.08942986],
       [0.        , 2.09212756],
       [0.        , 2.0924623 ],
       [0.        , 2.10267186],
       [0.        , 2.12033224],
       [0.        , 2.12102127],
       [0.        , 2.12294674],
       [0.        , 2.13196135],
       [0.        , 2.13568354],
       [0.        , 2.13814306],
       [0.        , 2.13816166],
       [0.        , 2.13941813],
       [0.        , 2.14379692],
       [0.        , 2.15026927],
       [0.        , 2.16127324],
       [0.        , 2.16543674],
       [0.        , 2.16670847],
       [0.        , 2.1706934 ],
       [0.        , 2.1758678 ],
       [0.        , 2.18597937],
       [0.        , 2.18813968],
       [0.        , 2.19132066],
       [0.        , 2.19530296],
       [0.        , 2.20136881],
       [0.        , 2.21079731],
       [0.        , 2.22624326],
       [0.        , 2.22688079],
       [0.        , 2.23466587],
       [0.        ,        inf]]), array([[2.11777306, 2.12556386],
       [2.06964731, 2.08961177],
       [2.01203489, 2.08961177],
       [2.01100516, 2.01155353],
       [1.79648423, 1.82543945],
       [1.78359962, 1.7885952 ]])]",False
75,2.234665870666504,0.013838768005371094,1.9667481311162314,65.4,4.308153561880006,8,0.07757687568664551,0.04862165451049805,0.019957929849624634,0.36,1.5090591645846048,"[array([[0.        , 1.21763885],
       [0.        , 1.36758363],
       [0.        , 1.4371264 ],
       [0.        , 1.44018292],
       [0.        , 1.48658133],
       [0.        , 1.49107373],
       [0.        , 1.5276984 ],
       [0.        , 1.56075501],
       [0.        , 1.59647572],
       [0.        , 1.62295961],
       [0.        , 1.63462257],
       [0.        , 1.64819396],
       [0.        , 1.65699244],
       [0.        , 1.69761336],
       [0.        , 1.70768595],
       [0.        , 1.70929575],
       [0.        , 1.7265836 ],
       [0.        , 1.72946203],
       [0.        , 1.72972155],
       [0.        , 1.7557739 ],
       [0.        , 1.77539909],
       [0.        , 1.78610659],
       [0.        , 1.79107094],
       [0.        , 1.8034842 ],
       [0.        , 1.81984484],
       [0.        , 1.8433857 ],
       [0.        , 1.96059465],
       [0.        , 1.98181832],
       [0.        , 1.99475837],
       [0.        , 2.00470781],
       [0.        , 2.02092099],
       [0.        , 2.03346038],
       [0.        , 2.04703259],
       [0.        , 2.07853556],
       [0.        , 2.08998251],
       [0.        , 2.10637903],
       [0.        , 2.11365223],
       [0.        , 2.11681676],
       [0.        , 2.1264751 ],
       [0.        , 2.12727642],
       [0.        , 2.1286025 ],
       [0.        , 2.12916279],
       [0.        , 2.13347268],
       [0.        , 2.14019513],
       [0.        , 2.14256501],
       [0.        , 2.14309335],
       [0.        , 2.14328122],
       [0.        , 2.14817619],
       [0.        , 2.14941764],
       [0.        , 2.15263557],
       [0.        , 2.15463662],
       [0.        , 2.15526485],
       [0.        , 2.15774941],
       [0.        , 2.15934992],
       [0.        , 2.16119885],
       [0.        , 2.16219473],
       [0.        , 2.16500974],
       [0.        , 2.16552472],
       [0.        , 2.17605448],
       [0.        , 2.18129277],
       [0.        , 2.18943024],
       [0.        , 2.19423866],
       [0.        , 2.19688654],
       [0.        , 2.19755101],
       [0.        , 2.19833231],
       [0.        , 2.19840693],
       [0.        , 2.19962859],
       [0.        , 2.20022464],
       [0.        , 2.20312476],
       [0.        , 2.21220326],
       [0.        , 2.21272111],
       [0.        , 2.21440625],
       [0.        , 2.21886158],
       [0.        , 2.2208271 ],
       [0.        , 2.23466587],
       [0.        ,        inf]]), array([[2.01203489, 2.08961177],
       [2.01100516, 2.01155353],
       [1.91665983, 1.9192555 ],
       [1.84556353, 1.85533714],
       [1.79648423, 1.82543945],
       [1.78359962, 1.7885952 ],
       [1.7660917 , 1.7806108 ],
       [1.65235078, 1.67304981]])]",False
110,2.24157977104187,0.006913900375366211,2.027275823463093,98.64,4.696196699585989,6,0.08970129489898682,0.01603233814239502,0.03473238150278727,0.62,1.2315482190448983,"[array([[0.        , 1.48658133],
       [0.        , 1.56075501],
       [0.        , 1.5756526 ],
       [0.        , 1.61924696],
       [0.        , 1.62295961],
       [0.        , 1.63462257],
       [0.        , 1.64819396],
       [0.        , 1.65699244],
       [0.        , 1.67745805],
       [0.        , 1.70768595],
       [0.        , 1.70929575],
       [0.        , 1.7265836 ],
       [0.        , 1.72946203],
       [0.        , 1.75499403],
       [0.        , 1.7557739 ],
       [0.        , 1.78610659],
       [0.        , 1.79107094],
       [0.        , 1.81817877],
       [0.        , 1.81984484],
       [0.        , 1.8433857 ],
       [0.        , 1.84483862],
       [0.        , 1.84579301],
       [0.        , 1.84671748],
       [0.        , 1.88051164],
       [0.        , 1.89772367],
       [0.        , 1.89820266],
       [0.        , 1.90839124],
       [0.        , 1.91006947],
       [0.        , 1.96059465],
       [0.        , 1.96299124],
       [0.        , 1.96413541],
       [0.        , 1.97097707],
       [0.        , 1.98181832],
       [0.        , 1.99254453],
       [0.        , 2.00470781],
       [0.        , 2.01167607],
       [0.        , 2.01361704],
       [0.        , 2.01963401],
       [0.        , 2.02898908],
       [0.        , 2.03388834],
       [0.        , 2.03661418],
       [0.        , 2.03813744],
       [0.        , 2.0395937 ],
       [0.        , 2.0482471 ],
       [0.        , 2.05376506],
       [0.        , 2.05532265],
       [0.        , 2.06023097],
       [0.        , 2.06888008],
       [0.        , 2.08180428],
       [0.        , 2.0831356 ],
       [0.        , 2.09143233],
       [0.        , 2.0920155 ],
       [0.        , 2.09247398],
       [0.        , 2.09365058],
       [0.        , 2.09504318],
       [0.        , 2.09701657],
       [0.        , 2.09895706],
       [0.        , 2.09948325],
       [0.        , 2.10526919],
       [0.        , 2.10597706],
       [0.        , 2.10986781],
       [0.        , 2.11347342],
       [0.        , 2.11402774],
       [0.        , 2.11818337],
       [0.        , 2.12042093],
       [0.        , 2.12102127],
       [0.        , 2.12563491],
       [0.        , 2.12577724],
       [0.        , 2.12578869],
       [0.        , 2.12687683],
       [0.        , 2.13004947],
       [0.        , 2.13440895],
       [0.        , 2.13607287],
       [0.        , 2.13702488],
       [0.        , 2.14730549],
       [0.        , 2.14817619],
       [0.        , 2.15288234],
       [0.        , 2.15499163],
       [0.        , 2.15505004],
       [0.        , 2.15722322],
       [0.        , 2.15729499],
       [0.        , 2.16521573],
       [0.        , 2.16773796],
       [0.        , 2.17066979],
       [0.        , 2.17600036],
       [0.        , 2.17774725],
       [0.        , 2.17963266],
       [0.        , 2.18028116],
       [0.        , 2.18045855],
       [0.        , 2.18189573],
       [0.        , 2.18257213],
       [0.        , 2.18597937],
       [0.        , 2.19331551],
       [0.        , 2.19685197],
       [0.        , 2.19776535],
       [0.        , 2.20097113],
       [0.        , 2.20181537],
       [0.        , 2.20295262],
       [0.        , 2.20428205],
       [0.        , 2.20487118],
       [0.        , 2.20541906],
       [0.        , 2.20580697],
       [0.        , 2.20800519],
       [0.        , 2.20962119],
       [0.        , 2.210675  ],
       [0.        , 2.22630453],
       [0.        , 2.22688079],
       [0.        , 2.22909832],
       [0.        , 2.23466587],
       [0.        , 2.24157977],
       [0.        ,        inf]]), array([[2.08692193, 2.08792329],
       [2.01203489, 2.08570385],
       [2.01100516, 2.01155353],
       [1.99991047, 2.08961177],
       [1.79648423, 1.82543945],
       [1.7660917 , 1.7806108 ]])]",True
99,2.2445621490478516,0.009896278381347656,2.0025451616807417,87.46,4.589289756596813,7,0.08970129489898682,0.01603233814239502,0.032229525702340264,0.48,1.4217475925262704,"[array([[0.        , 1.21763885],
       [0.        , 1.46008193],
       [0.        , 1.56075501],
       [0.        , 1.5756526 ],
       [0.        , 1.63462257],
       [0.        , 1.64819396],
       [0.        , 1.65699244],
       [0.        , 1.67304981],
       [0.        , 1.67745805],
       [0.        , 1.67905593],
       [0.        , 1.69042754],
       [0.        , 1.69761336],
       [0.        , 1.70768595],
       [0.        , 1.70929575],
       [0.        , 1.7265836 ],
       [0.        , 1.72946203],
       [0.        , 1.72972155],
       [0.        , 1.75499403],
       [0.        , 1.7557739 ],
       [0.        , 1.78610659],
       [0.        , 1.81031859],
       [0.        , 1.81356204],
       [0.        , 1.81984484],
       [0.        , 1.8433857 ],
       [0.        , 1.84579301],
       [0.        , 1.88051164],
       [0.        , 1.90838575],
       [0.        , 1.91259432],
       [0.        , 1.92398751],
       [0.        , 1.93255734],
       [0.        , 1.94486237],
       [0.        , 1.94535494],
       [0.        , 1.96008956],
       [0.        , 1.96059465],
       [0.        , 1.98181832],
       [0.        , 1.99561071],
       [0.        , 1.99875355],
       [0.        , 2.00461245],
       [0.        , 2.00470781],
       [0.        , 2.0060699 ],
       [0.        , 2.01232743],
       [0.        , 2.01338983],
       [0.        , 2.02092099],
       [0.        , 2.04353809],
       [0.        , 2.0493083 ],
       [0.        , 2.05069971],
       [0.        , 2.05130482],
       [0.        , 2.05479121],
       [0.        , 2.06078887],
       [0.        , 2.06199408],
       [0.        , 2.07692361],
       [0.        , 2.08929634],
       [0.        , 2.09228992],
       [0.        , 2.1020503 ],
       [0.        , 2.10526919],
       [0.        , 2.11287212],
       [0.        , 2.11493444],
       [0.        , 2.11578846],
       [0.        , 2.11681676],
       [0.        , 2.11818337],
       [0.        , 2.12013197],
       [0.        , 2.12101603],
       [0.        , 2.12727642],
       [0.        , 2.12758899],
       [0.        , 2.1394186 ],
       [0.        , 2.14293599],
       [0.        , 2.15099502],
       [0.        , 2.15174818],
       [0.        , 2.16021991],
       [0.        , 2.16077447],
       [0.        , 2.16512728],
       [0.        , 2.17072773],
       [0.        , 2.17170095],
       [0.        , 2.17605448],
       [0.        , 2.17691064],
       [0.        , 2.18018913],
       [0.        , 2.18022084],
       [0.        , 2.18241668],
       [0.        , 2.1841104 ],
       [0.        , 2.18597937],
       [0.        , 2.19066429],
       [0.        , 2.19316936],
       [0.        , 2.19685197],
       [0.        , 2.19833231],
       [0.        , 2.19861031],
       [0.        , 2.20243835],
       [0.        , 2.20304704],
       [0.        , 2.20750403],
       [0.        , 2.20908308],
       [0.        , 2.21220326],
       [0.        , 2.21594048],
       [0.        , 2.21623945],
       [0.        , 2.22274661],
       [0.        , 2.22295904],
       [0.        , 2.22359276],
       [0.        , 2.22688079],
       [0.        , 2.22886848],
       [0.        , 2.23466587],
       [0.        , 2.24456215],
       [0.        ,        inf]]), array([[2.22520614, 2.22763753],
       [2.11449552, 2.13027787],
       [2.01203489, 2.08570385],
       [2.01100516, 2.01155353],
       [1.99991047, 2.08961177],
       [1.79648423, 1.82543945],
       [1.7660917 , 1.7806108 ]])]",True
118,2.234665870666504,0.007033109664916992,2.0049381246001032,104.82,4.765454634049296,9,0.08970129489898682,0.0504382848739624,0.02145961920420329,0.6,1.5403166903787793,"[array([[0.        , 1.21763885],
       [0.        , 1.5276984 ],
       [0.        , 1.56075501],
       [0.        , 1.5756526 ],
       [0.        , 1.60916722],
       [0.        , 1.62567163],
       [0.        , 1.63279319],
       [0.        , 1.63462257],
       [0.        , 1.64030313],
       [0.        , 1.65235078],
       [0.        , 1.65699244],
       [0.        , 1.67745805],
       [0.        , 1.69042754],
       [0.        , 1.69761336],
       [0.        , 1.70768595],
       [0.        , 1.70929575],
       [0.        , 1.7265836 ],
       [0.        , 1.72946203],
       [0.        , 1.75499403],
       [0.        , 1.7557739 ],
       [0.        , 1.7736516 ],
       [0.        , 1.78610659],
       [0.        , 1.79107094],
       [0.        , 1.8034842 ],
       [0.        , 1.81373537],
       [0.        , 1.81984484],
       [0.        , 1.85155928],
       [0.        , 1.85961211],
       [0.        , 1.8696779 ],
       [0.        , 1.88051164],
       [0.        , 1.90838575],
       [0.        , 1.92430449],
       [0.        , 1.94312537],
       [0.        , 1.96059465],
       [0.        , 1.97111011],
       [0.        , 1.97401583],
       [0.        , 1.97518814],
       [0.        , 1.98181832],
       [0.        , 1.99967933],
       [0.        , 2.00134254],
       [0.        , 2.00470781],
       [0.        , 2.0060699 ],
       [0.        , 2.00861549],
       [0.        , 2.01154661],
       [0.        , 2.03325915],
       [0.        , 2.03564405],
       [0.        , 2.03837156],
       [0.        , 2.03879833],
       [0.        , 2.04228735],
       [0.        , 2.04791188],
       [0.        , 2.05616641],
       [0.        , 2.06199408],
       [0.        , 2.06212139],
       [0.        , 2.06553316],
       [0.        , 2.07117534],
       [0.        , 2.07543015],
       [0.        , 2.07853556],
       [0.        , 2.08686543],
       [0.        , 2.09097958],
       [0.        , 2.09104085],
       [0.        , 2.09228992],
       [0.        , 2.09621525],
       [0.        , 2.09766865],
       [0.        , 2.09999847],
       [0.        , 2.10052919],
       [0.        , 2.1016283 ],
       [0.        , 2.10330892],
       [0.        , 2.10516858],
       [0.        , 2.10526919],
       [0.        , 2.10881996],
       [0.        , 2.11062264],
       [0.        , 2.11320233],
       [0.        , 2.11381197],
       [0.        , 2.11532998],
       [0.        , 2.12107897],
       [0.        , 2.12326312],
       [0.        , 2.12389302],
       [0.        , 2.12726712],
       [0.        , 2.12727642],
       [0.        , 2.12732315],
       [0.        , 2.12790895],
       [0.        , 2.13258648],
       [0.        , 2.13344145],
       [0.        , 2.13347268],
       [0.        , 2.13414431],
       [0.        , 2.1394186 ],
       [0.        , 2.14173675],
       [0.        , 2.15000725],
       [0.        , 2.15099502],
       [0.        , 2.15158772],
       [0.        , 2.15597558],
       [0.        , 2.1581018 ],
       [0.        , 2.16076827],
       [0.        , 2.16353106],
       [0.        , 2.16512728],
       [0.        , 2.16564846],
       [0.        , 2.16769361],
       [0.        , 2.16966462],
       [0.        , 2.17072773],
       [0.        , 2.1765914 ],
       [0.        , 2.18048167],
       [0.        , 2.18129277],
       [0.        , 2.18157864],
       [0.        , 2.18186307],
       [0.        , 2.18597937],
       [0.        , 2.18681622],
       [0.        , 2.18989921],
       [0.        , 2.18998671],
       [0.        , 2.19741559],
       [0.        , 2.20376325],
       [0.        , 2.20800519],
       [0.        , 2.21122456],
       [0.        , 2.21440625],
       [0.        , 2.21594048],
       [0.        , 2.22295904],
       [0.        , 2.22688079],
       [0.        , 2.22763276],
       [0.        , 2.23466587],
       [0.        ,        inf]]), array([[2.02932286, 2.06858587],
       [2.02184224, 2.02462697],
       [2.01100516, 2.01155353],
       [1.99991047, 2.08961177],
       [1.91665983, 1.9192555 ],
       [1.84556353, 1.85533714],
       [1.79648423, 1.82543945],
       [1.78359962, 1.7885952 ],
       [1.7660917 , 1.7806108 ]])]",True
108,2.2268807888031006,0.00720977783203125,1.9955731332302094,96.06,4.678150861633655,4,0.07091236114501953,0.04195713996887207,0.02580016851425171,0.34,0.7397272248700315,"[array([[0.        , 1.21763885],
       [0.        , 1.5756526 ],
       [0.        , 1.64819396],
       [0.        , 1.65699244],
       [0.        , 1.67304981],
       [0.        , 1.67745805],
       [0.        , 1.69042754],
       [0.        , 1.69761336],
       [0.        , 1.70042181],
       [0.        , 1.70768595],
       [0.        , 1.70929575],
       [0.        , 1.7265836 ],
       [0.        , 1.72946203],
       [0.        , 1.7557739 ],
       [0.        , 1.78610659],
       [0.        , 1.7890563 ],
       [0.        , 1.79107094],
       [0.        , 1.8010534 ],
       [0.        , 1.80159557],
       [0.        , 1.81373537],
       [0.        , 1.81813931],
       [0.        , 1.81984484],
       [0.        , 1.85436833],
       [0.        , 1.86431313],
       [0.        , 1.87153375],
       [0.        , 1.8797121 ],
       [0.        , 1.88051164],
       [0.        , 1.89246917],
       [0.        , 1.89667737],
       [0.        , 1.92720628],
       [0.        , 1.9344424 ],
       [0.        , 1.94101059],
       [0.        , 1.95506966],
       [0.        , 1.96059465],
       [0.        , 1.9623698 ],
       [0.        , 1.97007179],
       [0.        , 1.98181832],
       [0.        , 1.98348927],
       [0.        , 1.99562585],
       [0.        , 2.00470781],
       [0.        , 2.00513673],
       [0.        , 2.01343679],
       [0.        , 2.01618958],
       [0.        , 2.0162096 ],
       [0.        , 2.03370094],
       [0.        , 2.03785038],
       [0.        , 2.04515815],
       [0.        , 2.04520512],
       [0.        , 2.04563761],
       [0.        , 2.04595566],
       [0.        , 2.04810691],
       [0.        , 2.04999471],
       [0.        , 2.05480552],
       [0.        , 2.06131911],
       [0.        , 2.06212139],
       [0.        , 2.06563067],
       [0.        , 2.06869483],
       [0.        , 2.07204962],
       [0.        , 2.07318592],
       [0.        , 2.07357311],
       [0.        , 2.07400203],
       [0.        , 2.0788393 ],
       [0.        , 2.08283377],
       [0.        , 2.09087586],
       [0.        , 2.09187841],
       [0.        , 2.09211922],
       [0.        , 2.09260893],
       [0.        , 2.09407711],
       [0.        , 2.09410381],
       [0.        , 2.09682155],
       [0.        , 2.09990287],
       [0.        , 2.1020503 ],
       [0.        , 2.10267115],
       [0.        , 2.10570121],
       [0.        , 2.1071918 ],
       [0.        , 2.10719919],
       [0.        , 2.11174393],
       [0.        , 2.1135962 ],
       [0.        , 2.11592603],
       [0.        , 2.11719823],
       [0.        , 2.11812878],
       [0.        , 2.11830401],
       [0.        , 2.11946774],
       [0.        , 2.12205553],
       [0.        , 2.12680316],
       [0.        , 2.12836933],
       [0.        , 2.12848735],
       [0.        , 2.13095951],
       [0.        , 2.13254547],
       [0.        , 2.13355637],
       [0.        , 2.13619876],
       [0.        , 2.14411378],
       [0.        , 2.14465737],
       [0.        , 2.14612484],
       [0.        , 2.14899564],
       [0.        , 2.14924431],
       [0.        , 2.15217948],
       [0.        , 2.15247583],
       [0.        , 2.15387583],
       [0.        , 2.15669513],
       [0.        , 2.15929127],
       [0.        , 2.16026473],
       [0.        , 2.16808724],
       [0.        , 2.18597937],
       [0.        , 2.19698763],
       [0.        , 2.21335101],
       [0.        , 2.21967101],
       [0.        , 2.22688079],
       [0.        ,        inf]]), array([[2.02184224, 2.02462697],
       [2.01479149, 2.08570385],
       [2.01100516, 2.01155353],
       [1.79648423, 1.82543945]])]",False
109,2.24157977104187,0.006913900375366211,2.0190901406314397,97.26,4.686898340320779,4,0.07091236114501953,0.04195713996887207,0.028733760118484497,0.36,0.932117847887993,"[array([[0.        , 1.48658133],
       [0.        , 1.50050235],
       [0.        , 1.56075501],
       [0.        , 1.5756526 ],
       [0.        , 1.61924696],
       [0.        , 1.62295961],
       [0.        , 1.64819396],
       [0.        , 1.65699244],
       [0.        , 1.67745805],
       [0.        , 1.70768595],
       [0.        , 1.70929575],
       [0.        , 1.7265836 ],
       [0.        , 1.72946203],
       [0.        , 1.7557739 ],
       [0.        , 1.76976335],
       [0.        , 1.77539909],
       [0.        , 1.78610659],
       [0.        , 1.79107094],
       [0.        , 1.79155624],
       [0.        , 1.82882655],
       [0.        , 1.8433857 ],
       [0.        , 1.84483862],
       [0.        , 1.86322355],
       [0.        , 1.88051164],
       [0.        , 1.89024687],
       [0.        , 1.90582526],
       [0.        , 1.91337478],
       [0.        , 1.92134392],
       [0.        , 1.92888141],
       [0.        , 1.95873845],
       [0.        , 1.96059465],
       [0.        , 1.96601403],
       [0.        , 1.9671334 ],
       [0.        , 1.98181832],
       [0.        , 1.98295844],
       [0.        , 1.9874649 ],
       [0.        , 1.99013102],
       [0.        , 1.99850345],
       [0.        , 2.00222373],
       [0.        , 2.00325727],
       [0.        , 2.00470781],
       [0.        , 2.01075935],
       [0.        , 2.01097202],
       [0.        , 2.01361704],
       [0.        , 2.0395937 ],
       [0.        , 2.05676365],
       [0.        , 2.06291318],
       [0.        , 2.06380701],
       [0.        , 2.06888008],
       [0.        , 2.0720067 ],
       [0.        , 2.07472539],
       [0.        , 2.07689905],
       [0.        , 2.07861423],
       [0.        , 2.09095001],
       [0.        , 2.09247398],
       [0.        , 2.09895802],
       [0.        , 2.09991527],
       [0.        , 2.10038114],
       [0.        , 2.1020503 ],
       [0.        , 2.10365009],
       [0.        , 2.10780478],
       [0.        , 2.11683369],
       [0.        , 2.11795712],
       [0.        , 2.11852264],
       [0.        , 2.11901355],
       [0.        , 2.12196732],
       [0.        , 2.12565613],
       [0.        , 2.12789822],
       [0.        , 2.12809396],
       [0.        , 2.13116479],
       [0.        , 2.13555121],
       [0.        , 2.14230466],
       [0.        , 2.14286852],
       [0.        , 2.14349127],
       [0.        , 2.14680958],
       [0.        , 2.14743471],
       [0.        , 2.1495316 ],
       [0.        , 2.15093565],
       [0.        , 2.15417361],
       [0.        , 2.1576972 ],
       [0.        , 2.15917683],
       [0.        , 2.16000009],
       [0.        , 2.16126442],
       [0.        , 2.16186142],
       [0.        , 2.16433668],
       [0.        , 2.16486883],
       [0.        , 2.16715312],
       [0.        , 2.16873431],
       [0.        , 2.17202044],
       [0.        , 2.17445111],
       [0.        , 2.17446303],
       [0.        , 2.18045855],
       [0.        , 2.18257213],
       [0.        , 2.18568301],
       [0.        , 2.18597937],
       [0.        , 2.19308186],
       [0.        , 2.19334626],
       [0.        , 2.19861031],
       [0.        , 2.2063272 ],
       [0.        , 2.20962119],
       [0.        , 2.20968628],
       [0.        , 2.20998883],
       [0.        , 2.21207237],
       [0.        , 2.2121172 ],
       [0.        , 2.21981668],
       [0.        , 2.22688079],
       [0.        , 2.23132348],
       [0.        , 2.23466587],
       [0.        , 2.24157977],
       [0.        ,        inf]]), array([[2.01479149, 2.08570385],
       [2.01100516, 2.01155353],
       [1.79648423, 1.82543945],
       [1.7660917 , 1.7806108 ]])]",True
57,2.24157977104187,0.006913900375366211,1.8785996918092693,47.36,4.032944431326454,10,0.03327608108520508,0.004320859909057617,0.012908053398132325,0.26,1.957962717723106,"[array([[0.        , 1.21763885],
       [0.        , 1.4371264 ],
       [0.        , 1.44018292],
       [0.        , 1.46674025],
       [0.        , 1.48658133],
       [0.        , 1.49107373],
       [0.        , 1.5276984 ],
       [0.        , 1.56075501],
       [0.        , 1.56965613],
       [0.        , 1.57512724],
       [0.        , 1.59647572],
       [0.        , 1.59986937],
       [0.        , 1.62295961],
       [0.        , 1.63462257],
       [0.        , 1.65699244],
       [0.        , 1.69761336],
       [0.        , 1.70768595],
       [0.        , 1.70929575],
       [0.        , 1.7265836 ],
       [0.        , 1.72946203],
       [0.        , 1.7557739 ],
       [0.        , 1.78610659],
       [0.        , 1.79107094],
       [0.        , 1.8034842 ],
       [0.        , 1.81984484],
       [0.        , 1.82882655],
       [0.        , 1.88819611],
       [0.        , 1.91337478],
       [0.        , 1.92526627],
       [0.        , 1.96008956],
       [0.        , 1.96059465],
       [0.        , 1.96572685],
       [0.        , 1.98181832],
       [0.        , 1.99719524],
       [0.        , 2.00470781],
       [0.        , 2.02165651],
       [0.        , 2.0395937 ],
       [0.        , 2.06212139],
       [0.        , 2.06866503],
       [0.        , 2.08797407],
       [0.        , 2.08880401],
       [0.        , 2.1020503 ],
       [0.        , 2.12187171],
       [0.        , 2.12687683],
       [0.        , 2.13941813],
       [0.        , 2.14446282],
       [0.        , 2.16238475],
       [0.        , 2.16248751],
       [0.        , 2.18227243],
       [0.        , 2.18597937],
       [0.        , 2.20745826],
       [0.        , 2.20962119],
       [0.        , 2.21244478],
       [0.        , 2.21469593],
       [0.        , 2.22688079],
       [0.        , 2.23466587],
       [0.        , 2.24157977],
       [0.        ,        inf]]), array([[2.11777306, 2.12556386],
       [2.01333785, 2.01926494],
       [2.01100516, 2.01155353],
       [2.00982809, 2.04310417],
       [1.91665983, 1.9192555 ],
       [1.84556353, 1.85533714],
       [1.79648423, 1.82543945],
       [1.78359962, 1.7885952 ],
       [1.7660917 , 1.7806108 ],
       [1.65235078, 1.67304981]])]",False
93,2.250974416732788,0.015975236892700195,2.0341370169834425,83.3,4.527699707814678,4,0.02895522117614746,0.008990764617919922,0.0159967839717865,0.2,1.099558307690108,"[array([[0.        , 1.48658133],
       [0.        , 1.50050235],
       [0.        , 1.56075501],
       [0.        , 1.5756526 ],
       [0.        , 1.61924696],
       [0.        , 1.62295961],
       [0.        , 1.63462257],
       [0.        , 1.65699244],
       [0.        , 1.70768595],
       [0.        , 1.70929575],
       [0.        , 1.7265836 ],
       [0.        , 1.72946203],
       [0.        , 1.7557739 ],
       [0.        , 1.78610659],
       [0.        , 1.79107094],
       [0.        , 1.79155624],
       [0.        , 1.80106235],
       [0.        , 1.82882655],
       [0.        , 1.84483862],
       [0.        , 1.90439463],
       [0.        , 1.92324412],
       [0.        , 1.9521091 ],
       [0.        , 1.96008956],
       [0.        , 1.96059465],
       [0.        , 1.96413541],
       [0.        , 1.96992195],
       [0.        , 1.98181832],
       [0.        , 1.98902893],
       [0.        , 1.99851418],
       [0.        , 1.99956608],
       [0.        , 2.00470781],
       [0.        , 2.00751996],
       [0.        , 2.01230621],
       [0.        , 2.01534748],
       [0.        , 2.0162127 ],
       [0.        , 2.02092099],
       [0.        , 2.02165651],
       [0.        , 2.06327343],
       [0.        , 2.07748771],
       [0.        , 2.08308339],
       [0.        , 2.08712888],
       [0.        , 2.09443045],
       [0.        , 2.1020503 ],
       [0.        , 2.10675669],
       [0.        , 2.11458039],
       [0.        , 2.11681676],
       [0.        , 2.12450385],
       [0.        , 2.12810349],
       [0.        , 2.12846184],
       [0.        , 2.1295886 ],
       [0.        , 2.13347268],
       [0.        , 2.13395452],
       [0.        , 2.13793206],
       [0.        , 2.14049721],
       [0.        , 2.14324212],
       [0.        , 2.14438367],
       [0.        , 2.1563642 ],
       [0.        , 2.1603334 ],
       [0.        , 2.16127324],
       [0.        , 2.16132903],
       [0.        , 2.16216874],
       [0.        , 2.16755462],
       [0.        , 2.16806054],
       [0.        , 2.16998148],
       [0.        , 2.17419267],
       [0.        , 2.1742878 ],
       [0.        , 2.17527509],
       [0.        , 2.17594337],
       [0.        , 2.17732716],
       [0.        , 2.17992258],
       [0.        , 2.1803658 ],
       [0.        , 2.18186307],
       [0.        , 2.18570566],
       [0.        , 2.18597937],
       [0.        , 2.18626213],
       [0.        , 2.1873188 ],
       [0.        , 2.18793535],
       [0.        , 2.18877649],
       [0.        , 2.19861031],
       [0.        , 2.20136881],
       [0.        , 2.20297503],
       [0.        , 2.21079731],
       [0.        , 2.21220326],
       [0.        , 2.21337962],
       [0.        , 2.21469593],
       [0.        , 2.22390842],
       [0.        , 2.22405267],
       [0.        , 2.22688079],
       [0.        , 2.22764015],
       [0.        , 2.2279582 ],
       [0.        , 2.23466587],
       [0.        , 2.23499918],
       [0.        , 2.25097442],
       [0.        ,        inf]]), array([[2.06964731, 2.08961177],
       [2.01100516, 2.01155353],
       [1.79648423, 1.82543945],
       [1.7660917 , 1.7806108 ]])]",False
72,2.24157977104187,0.006913900375366211,1.9609023415380054,62.46,4.2697311938389095,4,0.02895522117614746,0.014436125755310059,0.012254565954208374,0.18,0.954357740203023,"[array([[0.        , 1.48658133],
       [0.        , 1.50050235],
       [0.        , 1.5276984 ],
       [0.        , 1.53689873],
       [0.        , 1.56075501],
       [0.        , 1.5756526 ],
       [0.        , 1.59647572],
       [0.        , 1.61924696],
       [0.        , 1.62295961],
       [0.        , 1.64819396],
       [0.        , 1.65447342],
       [0.        , 1.65699244],
       [0.        , 1.70768595],
       [0.        , 1.70929575],
       [0.        , 1.7265836 ],
       [0.        , 1.72946203],
       [0.        , 1.75499403],
       [0.        , 1.7557739 ],
       [0.        , 1.77539909],
       [0.        , 1.78610659],
       [0.        , 1.79107094],
       [0.        , 1.79155624],
       [0.        , 1.8034842 ],
       [0.        , 1.84483862],
       [0.        , 1.84671748],
       [0.        , 1.88843322],
       [0.        , 1.94013143],
       [0.        , 1.95267034],
       [0.        , 1.96059465],
       [0.        , 1.98181832],
       [0.        , 1.98821962],
       [0.        , 1.99195361],
       [0.        , 1.99433672],
       [0.        , 1.99475837],
       [0.        , 2.00470781],
       [0.        , 2.00541258],
       [0.        , 2.011168  ],
       [0.        , 2.01361704],
       [0.        , 2.02504492],
       [0.        , 2.0395937 ],
       [0.        , 2.0482471 ],
       [0.        , 2.05934453],
       [0.        , 2.07748771],
       [0.        , 2.09880424],
       [0.        , 2.1020503 ],
       [0.        , 2.11202073],
       [0.        , 2.12727642],
       [0.        , 2.13078094],
       [0.        , 2.13906145],
       [0.        , 2.1460042 ],
       [0.        , 2.14802361],
       [0.        , 2.1547327 ],
       [0.        , 2.16359258],
       [0.        , 2.17396641],
       [0.        , 2.17528129],
       [0.        , 2.18045855],
       [0.        , 2.18597937],
       [0.        , 2.19316936],
       [0.        , 2.19331551],
       [0.        , 2.19741559],
       [0.        , 2.19981503],
       [0.        , 2.20097113],
       [0.        , 2.20391273],
       [0.        , 2.2043066 ],
       [0.        , 2.20861435],
       [0.        , 2.20962119],
       [0.        , 2.21220326],
       [0.        , 2.21469593],
       [0.        , 2.21883011],
       [0.        , 2.22688079],
       [0.        , 2.23466587],
       [0.        , 2.24157977],
       [0.        ,        inf]]), array([[2.01100516, 2.01155353],
       [1.79648423, 1.82543945],
       [1.78359962, 1.7885952 ],
       [1.7660917 , 1.7806108 ]])]",True
137,2.24157977104187,0.006913900375366211,2.0319048566539792,123.14,4.916038410896574,6,0.08970129489898682,0.060746073722839355,0.027403712272644043,0.44,1.3124186853019515,"[array([[0.        , 1.48658133],
       [0.        , 1.50050235],
       [0.        , 1.56075501],
       [0.        , 1.5756526 ],
       [0.        , 1.61924696],
       [0.        , 1.62295961],
       [0.        , 1.63462257],
       [0.        , 1.65699244],
       [0.        , 1.67745805],
       [0.        , 1.67905593],
       [0.        , 1.69042754],
       [0.        , 1.70768595],
       [0.        , 1.70929575],
       [0.        , 1.7265836 ],
       [0.        , 1.72946203],
       [0.        , 1.72972155],
       [0.        , 1.7557739 ],
       [0.        , 1.78610659],
       [0.        , 1.79107094],
       [0.        , 1.79155624],
       [0.        , 1.81356204],
       [0.        , 1.82882655],
       [0.        , 1.8433857 ],
       [0.        , 1.84483862],
       [0.        , 1.87725806],
       [0.        , 1.88051164],
       [0.        , 1.89024687],
       [0.        , 1.94535494],
       [0.        , 1.96008956],
       [0.        , 1.96059465],
       [0.        , 1.96299124],
       [0.        , 1.96350574],
       [0.        , 1.97351909],
       [0.        , 1.97469604],
       [0.        , 1.97883749],
       [0.        , 1.98181832],
       [0.        , 1.9874649 ],
       [0.        , 1.99388039],
       [0.        , 1.99475837],
       [0.        , 2.00384808],
       [0.        , 2.00470781],
       [0.        , 2.01062512],
       [0.        , 2.01075935],
       [0.        , 2.01338983],
       [0.        , 2.01832366],
       [0.        , 2.02092099],
       [0.        , 2.02427316],
       [0.        , 2.02657223],
       [0.        , 2.03058481],
       [0.        , 2.03219962],
       [0.        , 2.0395937 ],
       [0.        , 2.04203057],
       [0.        , 2.04287004],
       [0.        , 2.05042624],
       [0.        , 2.05221295],
       [0.        , 2.05406809],
       [0.        , 2.05696583],
       [0.        , 2.05956101],
       [0.        , 2.06291318],
       [0.        , 2.06380701],
       [0.        , 2.06461287],
       [0.        , 2.06924248],
       [0.        , 2.07116508],
       [0.        , 2.07231903],
       [0.        , 2.07651925],
       [0.        , 2.07799411],
       [0.        , 2.07851958],
       [0.        , 2.08352637],
       [0.        , 2.08700299],
       [0.        , 2.08900833],
       [0.        , 2.09740782],
       [0.        , 2.09828806],
       [0.        , 2.1020503 ],
       [0.        , 2.10365009],
       [0.        , 2.10526919],
       [0.        , 2.10633206],
       [0.        , 2.10758209],
       [0.        , 2.10780478],
       [0.        , 2.10973668],
       [0.        , 2.11222291],
       [0.        , 2.11320233],
       [0.        , 2.11358333],
       [0.        , 2.11599731],
       [0.        , 2.11786318],
       [0.        , 2.11818337],
       [0.        , 2.12101603],
       [0.        , 2.12548232],
       [0.        , 2.12732315],
       [0.        , 2.13236022],
       [0.        , 2.13486123],
       [0.        , 2.13535953],
       [0.        , 2.13595581],
       [0.        , 2.1394186 ],
       [0.        , 2.14120102],
       [0.        , 2.14349127],
       [0.        , 2.14416242],
       [0.        , 2.14527655],
       [0.        , 2.14743471],
       [0.        , 2.1479187 ],
       [0.        , 2.15078449],
       [0.        , 2.15093565],
       [0.        , 2.15099502],
       [0.        , 2.1571095 ],
       [0.        , 2.15718222],
       [0.        , 2.15917683],
       [0.        , 2.16077447],
       [0.        , 2.16126442],
       [0.        , 2.16162705],
       [0.        , 2.16216874],
       [0.        , 2.16512728],
       [0.        , 2.16557193],
       [0.        , 2.17202044],
       [0.        , 2.17879725],
       [0.        , 2.1837945 ],
       [0.        , 2.1841104 ],
       [0.        , 2.18479371],
       [0.        , 2.18597937],
       [0.        , 2.18909335],
       [0.        , 2.19066429],
       [0.        , 2.19632244],
       [0.        , 2.19685197],
       [0.        , 2.20304704],
       [0.        , 2.20315146],
       [0.        , 2.20348501],
       [0.        , 2.20908308],
       [0.        , 2.20962119],
       [0.        , 2.20998883],
       [0.        , 2.2121172 ],
       [0.        , 2.21220326],
       [0.        , 2.21705937],
       [0.        , 2.21918416],
       [0.        , 2.22359276],
       [0.        , 2.22520614],
       [0.        , 2.22630453],
       [0.        , 2.22688079],
       [0.        , 2.23466587],
       [0.        , 2.24157977],
       [0.        ,        inf]]), array([[2.11449552, 2.13027787],
       [2.06964731, 2.08456326],
       [2.01100516, 2.01155353],
       [1.99991047, 2.08961177],
       [1.79648423, 1.82543945],
       [1.7660917 , 1.7806108 ]])]",True
57,2.24157977104187,0.004294872283935547,1.928578859881351,48.64,4.0363558521906,5,0.07091236114501953,0.04195713996887207,0.021601438522338867,0.34,0.8877540724297229,"[array([[0.        , 1.4371264 ],
       [0.        , 1.48658133],
       [0.        , 1.5276984 ],
       [0.        , 1.56762123],
       [0.        , 1.61924696],
       [0.        , 1.62295961],
       [0.        , 1.63222909],
       [0.        , 1.64819396],
       [0.        , 1.64941728],
       [0.        , 1.65699244],
       [0.        , 1.67745805],
       [0.        , 1.70768595],
       [0.        , 1.70929575],
       [0.        , 1.7265836 ],
       [0.        , 1.72946203],
       [0.        , 1.7557739 ],
       [0.        , 1.78610659],
       [0.        , 1.79107094],
       [0.        , 1.81984484],
       [0.        , 1.84483862],
       [0.        , 1.84556353],
       [0.        , 1.88051164],
       [0.        , 1.88843322],
       [0.        , 1.91337478],
       [0.        , 1.92852318],
       [0.        , 1.94013143],
       [0.        , 1.95267034],
       [0.        , 1.96008956],
       [0.        , 1.96059465],
       [0.        , 1.96921027],
       [0.        , 1.98181832],
       [0.        , 1.98868954],
       [0.        , 2.00033998],
       [0.        , 2.00470781],
       [0.        , 2.011168  ],
       [0.        , 2.0395937 ],
       [0.        , 2.03964782],
       [0.        , 2.0482471 ],
       [0.        , 2.06477809],
       [0.        , 2.07393622],
       [0.        , 2.07929635],
       [0.        , 2.12433481],
       [0.        , 2.12727642],
       [0.        , 2.13078094],
       [0.        , 2.13347268],
       [0.        , 2.13522649],
       [0.        , 2.16137886],
       [0.        , 2.16552472],
       [0.        , 2.18597937],
       [0.        , 2.20878911],
       [0.        , 2.20962119],
       [0.        , 2.21886158],
       [0.        , 2.21982503],
       [0.        , 2.22688079],
       [0.        , 2.23466587],
       [0.        , 2.2372849 ],
       [0.        , 2.24157977],
       [0.        ,        inf]]), array([[2.01479149, 2.08570385],
       [2.01100516, 2.01155353],
       [1.91665983, 1.9192555 ],
       [1.79648423, 1.82543945],
       [1.78359962, 1.7885952 ]])]",True
87,2.234665870666504,0.0033423900604248047,2.032320232226931,78.36,4.460777182863311,3,0.01578235626220703,0.001263260841369629,0.010283271471659342,0.1,0.7692221136384161,"[array([[0.        , 1.21763885],
       [0.        , 1.56075501],
       [0.        , 1.5756526 ],
       [0.        , 1.63462257],
       [0.        , 1.65699244],
       [0.        , 1.67304981],
       [0.        , 1.69761336],
       [0.        , 1.70929575],
       [0.        , 1.7265836 ],
       [0.        , 1.72946203],
       [0.        , 1.72972155],
       [0.        , 1.7557739 ],
       [0.        , 1.77539909],
       [0.        , 1.78610659],
       [0.        , 1.79107094],
       [0.        , 1.81356204],
       [0.        , 1.81373537],
       [0.        , 1.8433857 ],
       [0.        , 1.84579301],
       [0.        , 1.92370021],
       [0.        , 1.94535494],
       [0.        , 1.95873845],
       [0.        , 1.96059465],
       [0.        , 1.96572685],
       [0.        , 1.9671334 ],
       [0.        , 1.98181832],
       [0.        , 1.99693155],
       [0.        , 2.00470781],
       [0.        , 2.01338983],
       [0.        , 2.01493216],
       [0.        , 2.02538395],
       [0.        , 2.0350194 ],
       [0.        , 2.0395937 ],
       [0.        , 2.04508257],
       [0.        , 2.04703259],
       [0.        , 2.06461287],
       [0.        , 2.06912827],
       [0.        , 2.09895802],
       [0.        , 2.1020503 ],
       [0.        , 2.10526919],
       [0.        , 2.10637903],
       [0.        , 2.11599731],
       [0.        , 2.11790848],
       [0.        , 2.11818337],
       [0.        , 2.11901355],
       [0.        , 2.12101603],
       [0.        , 2.12187171],
       [0.        , 2.12563491],
       [0.        , 2.12689543],
       [0.        , 2.12727642],
       [0.        , 2.1394186 ],
       [0.        , 2.15099502],
       [0.        , 2.15174818],
       [0.        , 2.15417361],
       [0.        , 2.15934992],
       [0.        , 2.16077447],
       [0.        , 2.16186142],
       [0.        , 2.16186452],
       [0.        , 2.16433668],
       [0.        , 2.16512728],
       [0.        , 2.16715312],
       [0.        , 2.17064571],
       [0.        , 2.17211509],
       [0.        , 2.17446303],
       [0.        , 2.17605448],
       [0.        , 2.18186307],
       [0.        , 2.1841104 ],
       [0.        , 2.18563461],
       [0.        , 2.18568301],
       [0.        , 2.18597937],
       [0.        , 2.18833995],
       [0.        , 2.19066429],
       [0.        , 2.19580245],
       [0.        , 2.19632244],
       [0.        , 2.19685197],
       [0.        , 2.19861031],
       [0.        , 2.20304704],
       [0.        , 2.20312476],
       [0.        , 2.2063272 ],
       [0.        , 2.20908308],
       [0.        , 2.21046376],
       [0.        , 2.21665287],
       [0.        , 2.22359276],
       [0.        , 2.22520614],
       [0.        , 2.22688079],
       [0.        , 2.23132348],
       [0.        , 2.23466587],
       [0.        ,        inf]]), array([[2.11449552, 2.13027787],
       [2.01100516, 2.01155353],
       [1.7660917 , 1.7806108 ]])]",True
170,2.2477824687957764,0.00620269775390625,2.0252230230499717,151.74,5.131184320258779,7,0.02895522117614746,0.008990764617919922,0.013892803873334612,0.26,1.7100289214877784,"[array([[0.        , 1.44018292],
       [0.        , 1.48658133],
       [0.        , 1.50050235],
       [0.        , 1.5276984 ],
       [0.        , 1.54173601],
       [0.        , 1.56075501],
       [0.        , 1.5756526 ],
       [0.        , 1.59647572],
       [0.        , 1.60916722],
       [0.        , 1.61924696],
       [0.        , 1.62295961],
       [0.        , 1.63462257],
       [0.        , 1.65699244],
       [0.        , 1.67905593],
       [0.        , 1.69042754],
       [0.        , 1.70768595],
       [0.        , 1.70929575],
       [0.        , 1.7265836 ],
       [0.        , 1.72946203],
       [0.        , 1.72972155],
       [0.        , 1.75499403],
       [0.        , 1.7557739 ],
       [0.        , 1.77019811],
       [0.        , 1.77414489],
       [0.        , 1.78610659],
       [0.        , 1.79107094],
       [0.        , 1.79155624],
       [0.        , 1.8010534 ],
       [0.        , 1.8029269 ],
       [0.        , 1.8034842 ],
       [0.        , 1.82882655],
       [0.        , 1.8433857 ],
       [0.        , 1.84483862],
       [0.        , 1.84579301],
       [0.        , 1.86982596],
       [0.        , 1.87631428],
       [0.        , 1.87676966],
       [0.        , 1.88051164],
       [0.        , 1.92816246],
       [0.        , 1.94535494],
       [0.        , 1.95873845],
       [0.        , 1.96059465],
       [0.        , 1.96299124],
       [0.        , 1.97255301],
       [0.        , 1.97679675],
       [0.        , 1.98181832],
       [0.        , 1.98769963],
       [0.        , 1.99195361],
       [0.        , 1.99475837],
       [0.        , 1.99645805],
       [0.        , 2.00067472],
       [0.        , 2.0026114 ],
       [0.        , 2.00460958],
       [0.        , 2.00470781],
       [0.        , 2.00869513],
       [0.        , 2.01024032],
       [0.        , 2.01089811],
       [0.        , 2.01106501],
       [0.        , 2.01320791],
       [0.        , 2.01552868],
       [0.        , 2.02751303],
       [0.        , 2.03268266],
       [0.        , 2.03542757],
       [0.        , 2.0395937 ],
       [0.        , 2.04326797],
       [0.        , 2.045928  ],
       [0.        , 2.04621291],
       [0.        , 2.04858279],
       [0.        , 2.05150676],
       [0.        , 2.05397868],
       [0.        , 2.05696583],
       [0.        , 2.06212139],
       [0.        , 2.06216621],
       [0.        , 2.0622108 ],
       [0.        , 2.06380033],
       [0.        , 2.06451464],
       [0.        , 2.06722999],
       [0.        , 2.07166862],
       [0.        , 2.0789113 ],
       [0.        , 2.08384395],
       [0.        , 2.08557439],
       [0.        , 2.08634329],
       [0.        , 2.08648992],
       [0.        , 2.08700299],
       [0.        , 2.0913229 ],
       [0.        , 2.0921917 ],
       [0.        , 2.09228992],
       [0.        , 2.09348655],
       [0.        , 2.09697104],
       [0.        , 2.09713435],
       [0.        , 2.09822941],
       [0.        , 2.09948468],
       [0.        , 2.1020503 ],
       [0.        , 2.10366654],
       [0.        , 2.10751581],
       [0.        , 2.10874772],
       [0.        , 2.11358333],
       [0.        , 2.11590862],
       [0.        , 2.11628366],
       [0.        , 2.11681676],
       [0.        , 2.11730123],
       [0.        , 2.12494302],
       [0.        , 2.12508869],
       [0.        , 2.12933064],
       [0.        , 2.13054109],
       [0.        , 2.13220453],
       [0.        , 2.13229799],
       [0.        , 2.13481021],
       [0.        , 2.13608289],
       [0.        , 2.1390698 ],
       [0.        , 2.13922262],
       [0.        , 2.14011645],
       [0.        , 2.14120102],
       [0.        , 2.14418268],
       [0.        , 2.14723301],
       [0.        , 2.15000725],
       [0.        , 2.15099502],
       [0.        , 2.15254211],
       [0.        , 2.15263677],
       [0.        , 2.15387583],
       [0.        , 2.15457726],
       [0.        , 2.15689397],
       [0.        , 2.16251564],
       [0.        , 2.16284204],
       [0.        , 2.16376066],
       [0.        , 2.16715312],
       [0.        , 2.16766   ],
       [0.        , 2.16782904],
       [0.        , 2.16818404],
       [0.        , 2.16840696],
       [0.        , 2.16862965],
       [0.        , 2.16923356],
       [0.        , 2.17196155],
       [0.        , 2.17249274],
       [0.        , 2.1728127 ],
       [0.        , 2.17420387],
       [0.        , 2.1742878 ],
       [0.        , 2.17646122],
       [0.        , 2.17879725],
       [0.        , 2.17983413],
       [0.        , 2.18186307],
       [0.        , 2.18597937],
       [0.        , 2.18656754],
       [0.        , 2.1905427 ],
       [0.        , 2.19258404],
       [0.        , 2.19303942],
       [0.        , 2.19316936],
       [0.        , 2.19685197],
       [0.        , 2.19725418],
       [0.        , 2.19795966],
       [0.        , 2.19856477],
       [0.        , 2.19904375],
       [0.        , 2.20312476],
       [0.        , 2.20348501],
       [0.        , 2.20487118],
       [0.        , 2.20580697],
       [0.        , 2.20742154],
       [0.        , 2.20908308],
       [0.        , 2.20962119],
       [0.        , 2.2131846 ],
       [0.        , 2.21440625],
       [0.        , 2.21769738],
       [0.        , 2.21898317],
       [0.        , 2.22618675],
       [0.        , 2.22688079],
       [0.        , 2.22763276],
       [0.        , 2.23466587],
       [0.        , 2.2381413 ],
       [0.        , 2.24157977],
       [0.        , 2.24778247],
       [0.        ,        inf]]), array([[2.11790848, 2.13039303],
       [2.11449552, 2.13027787],
       [2.06964731, 2.08961177],
       [2.01100516, 2.01155353],
       [1.79648423, 1.82543945],
       [1.78359962, 1.7885952 ],
       [1.7660917 , 1.7806108 ]])]",False
178,2.2381412982940674,0.0034754276275634766,2.038702361369401,160.68,5.178017862683772,6,0.04549860954284668,0.01654338836669922,0.01695483922958374,0.2,1.3213046613896309,"[array([[0.        , 1.21763885],
       [0.        , 1.50050235],
       [0.        , 1.56075501],
       [0.        , 1.5756526 ],
       [0.        , 1.6373446 ],
       [0.        , 1.64819396],
       [0.        , 1.65699244],
       [0.        , 1.67304981],
       [0.        , 1.67905593],
       [0.        , 1.69761336],
       [0.        , 1.70768595],
       [0.        , 1.70929575],
       [0.        , 1.7265836 ],
       [0.        , 1.72946203],
       [0.        , 1.72972155],
       [0.        , 1.75499403],
       [0.        , 1.7557739 ],
       [0.        , 1.77019811],
       [0.        , 1.77414489],
       [0.        , 1.78610659],
       [0.        , 1.79107094],
       [0.        , 1.79155624],
       [0.        , 1.8010534 ],
       [0.        , 1.8029269 ],
       [0.        , 1.81356204],
       [0.        , 1.81373537],
       [0.        , 1.81817877],
       [0.        , 1.82882655],
       [0.        , 1.8433857 ],
       [0.        , 1.84579301],
       [0.        , 1.87631428],
       [0.        , 1.87676966],
       [0.        , 1.88051164],
       [0.        , 1.93373168],
       [0.        , 1.94013143],
       [0.        , 1.94046426],
       [0.        , 1.94510925],
       [0.        , 1.94611216],
       [0.        , 1.94889605],
       [0.        , 1.95501685],
       [0.        , 1.95873845],
       [0.        , 1.96008956],
       [0.        , 1.96059465],
       [0.        , 1.97574365],
       [0.        , 1.98181832],
       [0.        , 1.99195361],
       [0.        , 1.99645805],
       [0.        , 2.00099325],
       [0.        , 2.0026114 ],
       [0.        , 2.00460958],
       [0.        , 2.00470781],
       [0.        , 2.01024032],
       [0.        , 2.01046205],
       [0.        , 2.0142951 ],
       [0.        , 2.01524854],
       [0.        , 2.01552868],
       [0.        , 2.02317476],
       [0.        , 2.02474332],
       [0.        , 2.02751303],
       [0.        , 2.03219962],
       [0.        , 2.03542757],
       [0.        , 2.03545594],
       [0.        , 2.03667521],
       [0.        , 2.04326797],
       [0.        , 2.04795194],
       [0.        , 2.04825377],
       [0.        , 2.05087781],
       [0.        , 2.05150676],
       [0.        , 2.05316401],
       [0.        , 2.05316973],
       [0.        , 2.05462241],
       [0.        , 2.06017375],
       [0.        , 2.06180239],
       [0.        , 2.0622108 ],
       [0.        , 2.06392837],
       [0.        , 2.06451464],
       [0.        , 2.06722999],
       [0.        , 2.06893229],
       [0.        , 2.07092977],
       [0.        , 2.07166862],
       [0.        , 2.07295799],
       [0.        , 2.07408428],
       [0.        , 2.0756588 ],
       [0.        , 2.0789113 ],
       [0.        , 2.08557439],
       [0.        , 2.08700299],
       [0.        , 2.0913229 ],
       [0.        , 2.0921917 ],
       [0.        , 2.09228992],
       [0.        , 2.09307671],
       [0.        , 2.09348655],
       [0.        , 2.09674788],
       [0.        , 2.09697104],
       [0.        , 2.09713435],
       [0.        , 2.09822941],
       [0.        , 2.09948468],
       [0.        , 2.10017586],
       [0.        , 2.10185742],
       [0.        , 2.10366654],
       [0.        , 2.1064949 ],
       [0.        , 2.1073246 ],
       [0.        , 2.10751581],
       [0.        , 2.10874772],
       [0.        , 2.11320662],
       [0.        , 2.11358333],
       [0.        , 2.11628366],
       [0.        , 2.11682892],
       [0.        , 2.11730123],
       [0.        , 2.12421966],
       [0.        , 2.12494302],
       [0.        , 2.12727642],
       [0.        , 2.12939334],
       [0.        , 2.13054109],
       [0.        , 2.13209295],
       [0.        , 2.13220453],
       [0.        , 2.13598084],
       [0.        , 2.1390698 ],
       [0.        , 2.14418268],
       [0.        , 2.14723301],
       [0.        , 2.14864635],
       [0.        , 2.15000725],
       [0.        , 2.15099502],
       [0.        , 2.15143609],
       [0.        , 2.15263677],
       [0.        , 2.15387583],
       [0.        , 2.15457726],
       [0.        , 2.15488672],
       [0.        , 2.15689397],
       [0.        , 2.15920997],
       [0.        , 2.16251564],
       [0.        , 2.16465259],
       [0.        , 2.16632867],
       [0.        , 2.16766   ],
       [0.        , 2.16782904],
       [0.        , 2.16785216],
       [0.        , 2.16818404],
       [0.        , 2.16840696],
       [0.        , 2.16862965],
       [0.        , 2.16923356],
       [0.        , 2.17196155],
       [0.        , 2.17249274],
       [0.        , 2.1728127 ],
       [0.        , 2.17411685],
       [0.        , 2.17646122],
       [0.        , 2.17983413],
       [0.        , 2.18035817],
       [0.        , 2.1803658 ],
       [0.        , 2.18084216],
       [0.        , 2.18186307],
       [0.        , 2.18580914],
       [0.        , 2.18597937],
       [0.        , 2.18611789],
       [0.        , 2.18656754],
       [0.        , 2.1873188 ],
       [0.        , 2.1882925 ],
       [0.        , 2.1905427 ],
       [0.        , 2.19258404],
       [0.        , 2.19303942],
       [0.        , 2.19316936],
       [0.        , 2.19530296],
       [0.        , 2.19685197],
       [0.        , 2.19795966],
       [0.        , 2.19856477],
       [0.        , 2.19904375],
       [0.        , 2.20136881],
       [0.        , 2.20312476],
       [0.        , 2.20348501],
       [0.        , 2.20580697],
       [0.        , 2.20742154],
       [0.        , 2.20908308],
       [0.        , 2.2131846 ],
       [0.        , 2.21769738],
       [0.        , 2.21898317],
       [0.        , 2.22618675],
       [0.        , 2.22688079],
       [0.        , 2.22763276],
       [0.        , 2.23466587],
       [0.        , 2.2381413 ],
       [0.        ,        inf]]), array([[2.16714096, 2.21263957],
       [2.16127324, 2.16270232],
       [2.03370261, 2.04448128],
       [2.01100516, 2.01155353],
       [1.79648423, 1.82543945],
       [1.7660917 , 1.7806108 ]])]",False
67,2.24157977104187,0.006913900375366211,1.978731434736679,58.66,4.1979177172540565,7,0.02895522117614746,0.00017082691192626953,0.0128817047391619,0.3,1.5576206356888784,"[array([[0.        , 1.48658133],
       [0.        , 1.51786327],
       [0.        , 1.5276984 ],
       [0.        , 1.56075501],
       [0.        , 1.5756526 ],
       [0.        , 1.61924696],
       [0.        , 1.62295961],
       [0.        , 1.63279319],
       [0.        , 1.63462257],
       [0.        , 1.64030313],
       [0.        , 1.65699244],
       [0.        , 1.70768595],
       [0.        , 1.70929575],
       [0.        , 1.7265836 ],
       [0.        , 1.72946203],
       [0.        , 1.7557739 ],
       [0.        , 1.77539909],
       [0.        , 1.78610659],
       [0.        , 1.79107094],
       [0.        , 1.8034842 ],
       [0.        , 1.81984484],
       [0.        , 1.84483862],
       [0.        , 1.96059465],
       [0.        , 1.98181832],
       [0.        , 1.9891119 ],
       [0.        , 1.99475837],
       [0.        , 2.00470781],
       [0.        , 2.02092099],
       [0.        , 2.03346038],
       [0.        , 2.03637695],
       [0.        , 2.0395937 ],
       [0.        , 2.03964782],
       [0.        , 2.04064608],
       [0.        , 2.07853556],
       [0.        , 2.09386086],
       [0.        , 2.10042739],
       [0.        , 2.1020503 ],
       [0.        , 2.10750151],
       [0.        , 2.10755777],
       [0.        , 2.11681676],
       [0.        , 2.12727642],
       [0.        , 2.13320851],
       [0.        , 2.13347268],
       [0.        , 2.13393998],
       [0.        , 2.14420605],
       [0.        , 2.14941764],
       [0.        , 2.15012217],
       [0.        , 2.15254211],
       [0.        , 2.15526485],
       [0.        , 2.15666246],
       [0.        , 2.15774941],
       [0.        , 2.15977979],
       [0.        , 2.16552472],
       [0.        , 2.18194056],
       [0.        , 2.18258524],
       [0.        , 2.1841104 ],
       [0.        , 2.18597937],
       [0.        , 2.19781995],
       [0.        , 2.19962859],
       [0.        , 2.20449376],
       [0.        , 2.2062335 ],
       [0.        , 2.20962119],
       [0.        , 2.21220326],
       [0.        , 2.21469593],
       [0.        , 2.22688079],
       [0.        , 2.23466587],
       [0.        , 2.24157977],
       [0.        ,        inf]]), array([[2.01100516, 2.01155353],
       [1.91665983, 1.9192555 ],
       [1.84556353, 1.85533714],
       [1.79648423, 1.82543945],
       [1.78359962, 1.7885952 ],
       [1.7660917 , 1.7806108 ],
       [1.68343854, 1.71222293]])]",False
63,2.234665870666504,0.00778508186340332,1.9659409258100722,54.92,4.137089026148301,3,0.02895522117614746,0.014679670333862305,0.014593044916788736,0.16,0.6936960068088842,"[array([[0.        , 1.21763885],
       [0.        , 1.56075501],
       [0.        , 1.5756526 ],
       [0.        , 1.63462257],
       [0.        , 1.65699244],
       [0.        , 1.67304981],
       [0.        , 1.69042754],
       [0.        , 1.69761336],
       [0.        , 1.70768595],
       [0.        , 1.7265836 ],
       [0.        , 1.72972155],
       [0.        , 1.7660917 ],
       [0.        , 1.78610659],
       [0.        , 1.7885952 ],
       [0.        , 1.79107094],
       [0.        , 1.79802346],
       [0.        , 1.80553615],
       [0.        , 1.81373537],
       [0.        , 1.81984484],
       [0.        , 1.82882655],
       [0.        , 1.86187875],
       [0.        , 1.87100232],
       [0.        , 1.91337478],
       [0.        , 1.93802845],
       [0.        , 1.96059465],
       [0.        , 1.97163463],
       [0.        , 1.9744314 ],
       [0.        , 1.97511816],
       [0.        , 1.97524703],
       [0.        , 1.98181832],
       [0.        , 2.00143814],
       [0.        , 2.00470781],
       [0.        , 2.01903033],
       [0.        , 2.02007747],
       [0.        , 2.02165651],
       [0.        , 2.04791188],
       [0.        , 2.08809376],
       [0.        , 2.08852363],
       [0.        , 2.1020503 ],
       [0.        , 2.10330892],
       [0.        , 2.10610914],
       [0.        , 2.10633206],
       [0.        , 2.12727642],
       [0.        , 2.12967086],
       [0.        , 2.13086557],
       [0.        , 2.13347268],
       [0.        , 2.14234829],
       [0.        , 2.1460042 ],
       [0.        , 2.15800667],
       [0.        , 2.16127324],
       [0.        , 2.16238475],
       [0.        , 2.16360092],
       [0.        , 2.16442323],
       [0.        , 2.17732716],
       [0.        , 2.18129277],
       [0.        , 2.18597937],
       [0.        , 2.19580245],
       [0.        , 2.20086861],
       [0.        , 2.20509553],
       [0.        , 2.20688152],
       [0.        , 2.21921492],
       [0.        , 2.22688079],
       [0.        , 2.23466587],
       [0.        ,        inf]]), array([[2.01100516, 2.01155353],
       [1.79648423, 1.82543945],
       [1.76633525, 1.7806108 ]])]",False
147,2.245328903198242,0.0037491321563720703,2.0360146144620415,132.14,4.9865173048016125,6,0.02895522117614746,0.008990764617919922,0.01236504316329956,0.16,1.444084094352159,"[array([[0.        , 1.48658133],
       [0.        , 1.50050235],
       [0.        , 1.5276984 ],
       [0.        , 1.56075501],
       [0.        , 1.5756526 ],
       [0.        , 1.61924696],
       [0.        , 1.62295961],
       [0.        , 1.63462257],
       [0.        , 1.65699244],
       [0.        , 1.69042754],
       [0.        , 1.70768595],
       [0.        , 1.70929575],
       [0.        , 1.71981382],
       [0.        , 1.7265836 ],
       [0.        , 1.72946203],
       [0.        , 1.7557739 ],
       [0.        , 1.76976335],
       [0.        , 1.78610659],
       [0.        , 1.79107094],
       [0.        , 1.79155624],
       [0.        , 1.81356204],
       [0.        , 1.82882655],
       [0.        , 1.84483862],
       [0.        , 1.84579301],
       [0.        , 1.86837685],
       [0.        , 1.88051164],
       [0.        , 1.90376687],
       [0.        , 1.90838575],
       [0.        , 1.91337478],
       [0.        , 1.92702234],
       [0.        , 1.92991221],
       [0.        , 1.93509984],
       [0.        , 1.95006311],
       [0.        , 1.95058262],
       [0.        , 1.96008956],
       [0.        , 1.96059465],
       [0.        , 1.9779191 ],
       [0.        , 1.97884321],
       [0.        , 1.98181832],
       [0.        , 1.98891318],
       [0.        , 1.99011052],
       [0.        , 2.00042224],
       [0.        , 2.00100923],
       [0.        , 2.00470781],
       [0.        , 2.0095942 ],
       [0.        , 2.01546383],
       [0.        , 2.01611137],
       [0.        , 2.01826024],
       [0.        , 2.02092099],
       [0.        , 2.02165651],
       [0.        , 2.0258038 ],
       [0.        , 2.02687287],
       [0.        , 2.03058481],
       [0.        , 2.03637695],
       [0.        , 2.0395937 ],
       [0.        , 2.03975034],
       [0.        , 2.0436542 ],
       [0.        , 2.04470396],
       [0.        , 2.04776073],
       [0.        , 2.05221295],
       [0.        , 2.05406809],
       [0.        , 2.05815601],
       [0.        , 2.07027817],
       [0.        , 2.07175279],
       [0.        , 2.07471657],
       [0.        , 2.07665014],
       [0.        , 2.07665992],
       [0.        , 2.07882071],
       [0.        , 2.08081198],
       [0.        , 2.0871551 ],
       [0.        , 2.08879066],
       [0.        , 2.09386086],
       [0.        , 2.09582663],
       [0.        , 2.09766865],
       [0.        , 2.099334  ],
       [0.        , 2.09954023],
       [0.        , 2.10048032],
       [0.        , 2.10185742],
       [0.        , 2.10369468],
       [0.        , 2.10714102],
       [0.        , 2.11050105],
       [0.        , 2.11183429],
       [0.        , 2.114182  ],
       [0.        , 2.11449552],
       [0.        , 2.11699104],
       [0.        , 2.1173892 ],
       [0.        , 2.11790848],
       [0.        , 2.11940765],
       [0.        , 2.12096119],
       [0.        , 2.12131596],
       [0.        , 2.12515354],
       [0.        , 2.12543035],
       [0.        , 2.13209295],
       [0.        , 2.13229799],
       [0.        , 2.13316774],
       [0.        , 2.13378739],
       [0.        , 2.14306831],
       [0.        , 2.14647532],
       [0.        , 2.1488843 ],
       [0.        , 2.14954662],
       [0.        , 2.15137863],
       [0.        , 2.15455937],
       [0.        , 2.15484715],
       [0.        , 2.15722322],
       [0.        , 2.15952706],
       [0.        , 2.16130137],
       [0.        , 2.16238475],
       [0.        , 2.16359258],
       [0.        , 2.16443324],
       [0.        , 2.16521573],
       [0.        , 2.16780853],
       [0.        , 2.16807342],
       [0.        , 2.16815257],
       [0.        , 2.17405844],
       [0.        , 2.17426991],
       [0.        , 2.17678356],
       [0.        , 2.17691064],
       [0.        , 2.17695165],
       [0.        , 2.17702127],
       [0.        , 2.18007112],
       [0.        , 2.18194056],
       [0.        , 2.18227243],
       [0.        , 2.18527961],
       [0.        , 2.18597937],
       [0.        , 2.18793535],
       [0.        , 2.1882925 ],
       [0.        , 2.1898303 ],
       [0.        , 2.19092488],
       [0.        , 2.19331551],
       [0.        , 2.19366407],
       [0.        , 2.19829512],
       [0.        , 2.19861031],
       [0.        , 2.19871211],
       [0.        , 2.20143437],
       [0.        , 2.20313573],
       [0.        , 2.20339394],
       [0.        , 2.20449376],
       [0.        , 2.20778084],
       [0.        , 2.20800519],
       [0.        , 2.20962119],
       [0.        , 2.21354055],
       [0.        , 2.21627474],
       [0.        , 2.21982503],
       [0.        , 2.22688079],
       [0.        , 2.23466587],
       [0.        , 2.24157977],
       [0.        , 2.2453289 ],
       [0.        ,        inf]]), array([[2.17076135, 2.17596889],
       [2.06964731, 2.08961177],
       [2.01100516, 2.01155353],
       [1.79648423, 1.82543945],
       [1.78359962, 1.7885952 ],
       [1.7660917 , 1.7806108 ]])]",True
174,2.2381412982940674,0.0034754276275634766,2.0337475915064758,156.66,5.155246983348357,5,0.04549860954284668,0.01654338836669922,0.020059990882873534,0.2,1.2652111497470557,"[array([[0.        , 1.21763885],
       [0.        , 1.50050235],
       [0.        , 1.56075501],
       [0.        , 1.5756526 ],
       [0.        , 1.6373446 ],
       [0.        , 1.64819396],
       [0.        , 1.65699244],
       [0.        , 1.67304981],
       [0.        , 1.67905593],
       [0.        , 1.69761336],
       [0.        , 1.70768595],
       [0.        , 1.70929575],
       [0.        , 1.7265836 ],
       [0.        , 1.72946203],
       [0.        , 1.72972155],
       [0.        , 1.75499403],
       [0.        , 1.7557739 ],
       [0.        , 1.77019811],
       [0.        , 1.77414489],
       [0.        , 1.78610659],
       [0.        , 1.79107094],
       [0.        , 1.79155624],
       [0.        , 1.8010534 ],
       [0.        , 1.8029269 ],
       [0.        , 1.81356204],
       [0.        , 1.81373537],
       [0.        , 1.81817877],
       [0.        , 1.82882655],
       [0.        , 1.8433857 ],
       [0.        , 1.84579301],
       [0.        , 1.87631428],
       [0.        , 1.87676966],
       [0.        , 1.88051164],
       [0.        , 1.88398516],
       [0.        , 1.94013143],
       [0.        , 1.94046426],
       [0.        , 1.94510925],
       [0.        , 1.94611216],
       [0.        , 1.94889605],
       [0.        , 1.95501685],
       [0.        , 1.95873845],
       [0.        , 1.96008956],
       [0.        , 1.96059465],
       [0.        , 1.97433877],
       [0.        , 1.97574365],
       [0.        , 1.98181832],
       [0.        , 1.99195361],
       [0.        , 1.99267936],
       [0.        , 1.99645805],
       [0.        , 2.00099325],
       [0.        , 2.0026114 ],
       [0.        , 2.00460958],
       [0.        , 2.00470781],
       [0.        , 2.01024032],
       [0.        , 2.01046205],
       [0.        , 2.0142951 ],
       [0.        , 2.01552868],
       [0.        , 2.02317476],
       [0.        , 2.02474332],
       [0.        , 2.02751303],
       [0.        , 2.03219962],
       [0.        , 2.03542757],
       [0.        , 2.03545594],
       [0.        , 2.03667521],
       [0.        , 2.04326797],
       [0.        , 2.04795194],
       [0.        , 2.04825377],
       [0.        , 2.05087781],
       [0.        , 2.05150676],
       [0.        , 2.05316401],
       [0.        , 2.05316973],
       [0.        , 2.05327082],
       [0.        , 2.05462241],
       [0.        , 2.06017375],
       [0.        , 2.06180239],
       [0.        , 2.0622108 ],
       [0.        , 2.06392837],
       [0.        , 2.06451464],
       [0.        , 2.06693387],
       [0.        , 2.06722999],
       [0.        , 2.07092977],
       [0.        , 2.07166862],
       [0.        , 2.07295799],
       [0.        , 2.07408428],
       [0.        , 2.0756588 ],
       [0.        , 2.0789113 ],
       [0.        , 2.08557439],
       [0.        , 2.08700299],
       [0.        , 2.0913229 ],
       [0.        , 2.0921917 ],
       [0.        , 2.09228992],
       [0.        , 2.09307671],
       [0.        , 2.09348655],
       [0.        , 2.09674788],
       [0.        , 2.09697104],
       [0.        , 2.09713435],
       [0.        , 2.09822941],
       [0.        , 2.09948468],
       [0.        , 2.10017586],
       [0.        , 2.10185742],
       [0.        , 2.10366654],
       [0.        , 2.1064949 ],
       [0.        , 2.1073246 ],
       [0.        , 2.10751581],
       [0.        , 2.10874772],
       [0.        , 2.11358333],
       [0.        , 2.11628366],
       [0.        , 2.11682892],
       [0.        , 2.11730123],
       [0.        , 2.12494302],
       [0.        , 2.1264751 ],
       [0.        , 2.12727642],
       [0.        , 2.12939334],
       [0.        , 2.13054109],
       [0.        , 2.13209295],
       [0.        , 2.13220453],
       [0.        , 2.13598084],
       [0.        , 2.1390698 ],
       [0.        , 2.14418268],
       [0.        , 2.14723301],
       [0.        , 2.15000725],
       [0.        , 2.15099502],
       [0.        , 2.15143609],
       [0.        , 2.15263677],
       [0.        , 2.15387583],
       [0.        , 2.15457726],
       [0.        , 2.15689397],
       [0.        , 2.15920997],
       [0.        , 2.16251564],
       [0.        , 2.16465259],
       [0.        , 2.1660049 ],
       [0.        , 2.16632867],
       [0.        , 2.16766   ],
       [0.        , 2.16782904],
       [0.        , 2.16785216],
       [0.        , 2.16818404],
       [0.        , 2.16840696],
       [0.        , 2.16862965],
       [0.        , 2.16923356],
       [0.        , 2.17196155],
       [0.        , 2.17249274],
       [0.        , 2.1728127 ],
       [0.        , 2.17411685],
       [0.        , 2.17646122],
       [0.        , 2.17983413],
       [0.        , 2.18084216],
       [0.        , 2.18186307],
       [0.        , 2.18580914],
       [0.        , 2.18597937],
       [0.        , 2.18611789],
       [0.        , 2.18656754],
       [0.        , 2.1882925 ],
       [0.        , 2.1905427 ],
       [0.        , 2.19258404],
       [0.        , 2.19303942],
       [0.        , 2.19316936],
       [0.        , 2.19685197],
       [0.        , 2.19795966],
       [0.        , 2.19856477],
       [0.        , 2.19904375],
       [0.        , 2.20312476],
       [0.        , 2.20348501],
       [0.        , 2.20580697],
       [0.        , 2.20742154],
       [0.        , 2.20908308],
       [0.        , 2.2131846 ],
       [0.        , 2.21769738],
       [0.        , 2.21898317],
       [0.        , 2.22295904],
       [0.        , 2.22618675],
       [0.        , 2.22688079],
       [0.        , 2.22763276],
       [0.        , 2.23466587],
       [0.        , 2.2381413 ],
       [0.        ,        inf]]), array([[2.16714096, 2.21263957],
       [2.03370261, 2.04448128],
       [2.01100516, 2.01155353],
       [1.79648423, 1.82543945],
       [1.7660917 , 1.7806108 ]])]",True
94,2.234665870666504,0.00778508186340332,2.014134981530778,83.94,4.538283095222139,4,0.02895522117614746,0.008990764617919922,0.0159967839717865,0.2,1.099558307690108,"[array([[0.        , 1.21763885],
       [0.        , 1.50050235],
       [0.        , 1.56075501],
       [0.        , 1.5756526 ],
       [0.        , 1.63462257],
       [0.        , 1.65699244],
       [0.        , 1.67304981],
       [0.        , 1.69761336],
       [0.        , 1.70768595],
       [0.        , 1.70929575],
       [0.        , 1.7265836 ],
       [0.        , 1.72946203],
       [0.        , 1.7557739 ],
       [0.        , 1.77019811],
       [0.        , 1.78610659],
       [0.        , 1.79155624],
       [0.        , 1.81373537],
       [0.        , 1.82882655],
       [0.        , 1.8433857 ],
       [0.        , 1.84579301],
       [0.        , 1.91006947],
       [0.        , 1.92370021],
       [0.        , 1.93217945],
       [0.        , 1.93769395],
       [0.        , 1.94139981],
       [0.        , 1.94187522],
       [0.        , 1.94872415],
       [0.        , 1.96059465],
       [0.        , 1.96090508],
       [0.        , 1.96572685],
       [0.        , 1.98020887],
       [0.        , 1.98106098],
       [0.        , 1.98181832],
       [0.        , 1.98655796],
       [0.        , 2.00470781],
       [0.        , 2.01493216],
       [0.        , 2.02820706],
       [0.        , 2.04508257],
       [0.        , 2.05150676],
       [0.        , 2.05361366],
       [0.        , 2.06076264],
       [0.        , 2.06912827],
       [0.        , 2.07395792],
       [0.        , 2.07702255],
       [0.        , 2.0868392 ],
       [0.        , 2.08767986],
       [0.        , 2.09095001],
       [0.        , 2.09228992],
       [0.        , 2.10254693],
       [0.        , 2.10682058],
       [0.        , 2.10902238],
       [0.        , 2.11262512],
       [0.        , 2.11449552],
       [0.        , 2.11741185],
       [0.        , 2.11790848],
       [0.        , 2.12057447],
       [0.        , 2.12075257],
       [0.        , 2.12180924],
       [0.        , 2.12181878],
       [0.        , 2.12187171],
       [0.        , 2.12563491],
       [0.        , 2.12689543],
       [0.        , 2.12727642],
       [0.        , 2.13791585],
       [0.        , 2.13972378],
       [0.        , 2.1418395 ],
       [0.        , 2.14611292],
       [0.        , 2.14749479],
       [0.        , 2.14787626],
       [0.        , 2.14817619],
       [0.        , 2.15480947],
       [0.        , 2.157758  ],
       [0.        , 2.15970564],
       [0.        , 2.16186452],
       [0.        , 2.16358399],
       [0.        , 2.16612697],
       [0.        , 2.16791177],
       [0.        , 2.1746645 ],
       [0.        , 2.17879725],
       [0.        , 2.18022084],
       [0.        , 2.18116689],
       [0.        , 2.18597937],
       [0.        , 2.18996072],
       [0.        , 2.19511104],
       [0.        , 2.19513369],
       [0.        , 2.19538617],
       [0.        , 2.19741225],
       [0.        , 2.20432663],
       [0.        , 2.20968628],
       [0.        , 2.21272492],
       [0.        , 2.22082281],
       [0.        , 2.22295904],
       [0.        , 2.22688079],
       [0.        , 2.23466587],
       [0.        ,        inf]]), array([[2.06964731, 2.08961177],
       [2.01100516, 2.01155353],
       [1.79648423, 1.82543945],
       [1.7660917 , 1.7806108 ]])]",True
137,2.245328903198242,0.010663032531738281,2.0441606566853765,123.62,4.916086986644691,6,0.07206988334655762,0.043114662170410156,0.02247065305709839,0.34,1.2622439323026475,"[array([[0.        , 1.21763885],
       [0.        , 1.50050235],
       [0.        , 1.56075501],
       [0.        , 1.5756526 ],
       [0.        , 1.65699244],
       [0.        , 1.67304981],
       [0.        , 1.67745805],
       [0.        , 1.69761336],
       [0.        , 1.70768595],
       [0.        , 1.70929575],
       [0.        , 1.7265836 ],
       [0.        , 1.72946203],
       [0.        , 1.7557739 ],
       [0.        , 1.78610659],
       [0.        , 1.79107094],
       [0.        , 1.79155624],
       [0.        , 1.81373537],
       [0.        , 1.83404255],
       [0.        , 1.8465364 ],
       [0.        , 1.86390364],
       [0.        , 1.87280309],
       [0.        , 1.87577808],
       [0.        , 1.88415468],
       [0.        , 1.90838575],
       [0.        , 1.90997446],
       [0.        , 1.93509984],
       [0.        , 1.94524825],
       [0.        , 1.94535494],
       [0.        , 1.95058262],
       [0.        , 1.95810997],
       [0.        , 1.96008956],
       [0.        , 1.96059465],
       [0.        , 1.96299124],
       [0.        , 1.97097707],
       [0.        , 1.98035741],
       [0.        , 1.98181832],
       [0.        , 2.00100923],
       [0.        , 2.00470781],
       [0.        , 2.01361704],
       [0.        , 2.01546383],
       [0.        , 2.01598787],
       [0.        , 2.01841903],
       [0.        , 2.02092099],
       [0.        , 2.02499819],
       [0.        , 2.0258038 ],
       [0.        , 2.02658176],
       [0.        , 2.03058481],
       [0.        , 2.03325915],
       [0.        , 2.03637695],
       [0.        , 2.0395937 ],
       [0.        , 2.0407722 ],
       [0.        , 2.0436542 ],
       [0.        , 2.04536653],
       [0.        , 2.05922556],
       [0.        , 2.06443596],
       [0.        , 2.06907535],
       [0.        , 2.06933665],
       [0.        , 2.07056141],
       [0.        , 2.07088065],
       [0.        , 2.0773313 ],
       [0.        , 2.0871551 ],
       [0.        , 2.08793497],
       [0.        , 2.09082532],
       [0.        , 2.09228992],
       [0.        , 2.09231591],
       [0.        , 2.09365058],
       [0.        , 2.09386086],
       [0.        , 2.09582663],
       [0.        , 2.09766865],
       [0.        , 2.09954023],
       [0.        , 2.10188961],
       [0.        , 2.1020503 ],
       [0.        , 2.10798812],
       [0.        , 2.10958099],
       [0.        , 2.11004519],
       [0.        , 2.11520386],
       [0.        , 2.11756635],
       [0.        , 2.11790848],
       [0.        , 2.11940765],
       [0.        , 2.12096119],
       [0.        , 2.12131596],
       [0.        , 2.12262511],
       [0.        , 2.12474871],
       [0.        , 2.12515354],
       [0.        , 2.12543035],
       [0.        , 2.12572598],
       [0.        , 2.13378739],
       [0.        , 2.13559318],
       [0.        , 2.1373105 ],
       [0.        , 2.13885975],
       [0.        , 2.13922262],
       [0.        , 2.14306831],
       [0.        , 2.14954662],
       [0.        , 2.14989543],
       [0.        , 2.15005064],
       [0.        , 2.15457726],
       [0.        , 2.15484715],
       [0.        , 2.16497636],
       [0.        , 2.167063  ],
       [0.        , 2.16815257],
       [0.        , 2.1706934 ],
       [0.        , 2.17300463],
       [0.        , 2.17524767],
       [0.        , 2.17691064],
       [0.        , 2.17702127],
       [0.        , 2.18007112],
       [0.        , 2.18045855],
       [0.        , 2.18171811],
       [0.        , 2.18597937],
       [0.        , 2.18801427],
       [0.        , 2.1882925 ],
       [0.        , 2.18871474],
       [0.        , 2.1905427 ],
       [0.        , 2.19068551],
       [0.        , 2.19147539],
       [0.        , 2.1922214 ],
       [0.        , 2.19232368],
       [0.        , 2.19331551],
       [0.        , 2.19365597],
       [0.        , 2.19429374],
       [0.        , 2.19829512],
       [0.        , 2.19861031],
       [0.        , 2.20059562],
       [0.        , 2.20112228],
       [0.        , 2.20143437],
       [0.        , 2.20279503],
       [0.        , 2.20487118],
       [0.        , 2.20778084],
       [0.        , 2.20800519],
       [0.        , 2.21175671],
       [0.        , 2.21627474],
       [0.        , 2.21982503],
       [0.        , 2.22284913],
       [0.        , 2.22295904],
       [0.        , 2.22688079],
       [0.        , 2.23466587],
       [0.        , 2.2453289 ],
       [0.        ,        inf]]), array([[2.14180303, 2.14475203],
       [2.11449552, 2.13027787],
       [2.01100516, 2.01155353],
       [2.01063395, 2.08270383],
       [1.79648423, 1.82543945],
       [1.7660917 , 1.7806108 ]])]",False
115,2.2445621490478516,0.007277250289916992,1.9882520084795745,101.0,4.738993547159807,9,0.08970129489898682,0.01603233814239502,0.026726682980855305,0.66,1.6066431887471546,"[array([[0.        , 1.21763885],
       [0.        , 1.5276984 ],
       [0.        , 1.56075501],
       [0.        , 1.5756526 ],
       [0.        , 1.63279319],
       [0.        , 1.63462257],
       [0.        , 1.6373446 ],
       [0.        , 1.64166176],
       [0.        , 1.64819396],
       [0.        , 1.64941728],
       [0.        , 1.65235078],
       [0.        , 1.65699244],
       [0.        , 1.67745805],
       [0.        , 1.67905593],
       [0.        , 1.68343854],
       [0.        , 1.69042754],
       [0.        , 1.69761336],
       [0.        , 1.70768595],
       [0.        , 1.70929575],
       [0.        , 1.7265836 ],
       [0.        , 1.72946203],
       [0.        , 1.72972155],
       [0.        , 1.75499403],
       [0.        , 1.7557739 ],
       [0.        , 1.78610659],
       [0.        , 1.78765559],
       [0.        , 1.79107094],
       [0.        , 1.8034842 ],
       [0.        , 1.81356204],
       [0.        , 1.81373537],
       [0.        , 1.81984484],
       [0.        , 1.8433857 ],
       [0.        , 1.84579301],
       [0.        , 1.88051164],
       [0.        , 1.89831722],
       [0.        , 1.90838575],
       [0.        , 1.91337478],
       [0.        , 1.94013143],
       [0.        , 1.94535494],
       [0.        , 1.95267034],
       [0.        , 1.95270967],
       [0.        , 1.96008956],
       [0.        , 1.96059465],
       [0.        , 1.98181832],
       [0.        , 1.98383808],
       [0.        , 1.98501658],
       [0.        , 2.00461245],
       [0.        , 2.00470781],
       [0.        , 2.00574136],
       [0.        , 2.01338983],
       [0.        , 2.01546216],
       [0.        , 2.0235486 ],
       [0.        , 2.03564405],
       [0.        , 2.0482471 ],
       [0.        , 2.06198406],
       [0.        , 2.06199408],
       [0.        , 2.06461287],
       [0.        , 2.06513381],
       [0.        , 2.06519318],
       [0.        , 2.06540775],
       [0.        , 2.07036161],
       [0.        , 2.07317114],
       [0.        , 2.08929634],
       [0.        , 2.09228992],
       [0.        , 2.10011673],
       [0.        , 2.1020503 ],
       [0.        , 2.10526919],
       [0.        , 2.11109328],
       [0.        , 2.11287212],
       [0.        , 2.11599731],
       [0.        , 2.11626863],
       [0.        , 2.11818337],
       [0.        , 2.12101603],
       [0.        , 2.12128782],
       [0.        , 2.12727642],
       [0.        , 2.13347268],
       [0.        , 2.13394308],
       [0.        , 2.1394186 ],
       [0.        , 2.14234829],
       [0.        , 2.14293599],
       [0.        , 2.1460042 ],
       [0.        , 2.14670062],
       [0.        , 2.15099502],
       [0.        , 2.15174818],
       [0.        , 2.15976119],
       [0.        , 2.16021991],
       [0.        , 2.16077447],
       [0.        , 2.16137886],
       [0.        , 2.16143966],
       [0.        , 2.16345382],
       [0.        , 2.16512728],
       [0.        , 2.16552472],
       [0.        , 2.18022084],
       [0.        , 2.1841104 ],
       [0.        , 2.18597937],
       [0.        , 2.18650937],
       [0.        , 2.18777299],
       [0.        , 2.18977261],
       [0.        , 2.19066429],
       [0.        , 2.19685197],
       [0.        , 2.20304704],
       [0.        , 2.20487118],
       [0.        , 2.20509553],
       [0.        , 2.20800519],
       [0.        , 2.20908308],
       [0.        , 2.21220326],
       [0.        , 2.21921492],
       [0.        , 2.22295904],
       [0.        , 2.22359276],
       [0.        , 2.22520614],
       [0.        , 2.22688079],
       [0.        , 2.22886848],
       [0.        , 2.23466587],
       [0.        , 2.2372849 ],
       [0.        , 2.24456215],
       [0.        ,        inf]]), array([[2.11449552, 2.13027787],
       [2.01203489, 2.08570385],
       [2.01100516, 2.01155353],
       [1.99991047, 2.08961177],
       [1.91665983, 1.9192555 ],
       [1.84556353, 1.85533714],
       [1.79648423, 1.82543945],
       [1.78359962, 1.7885952 ],
       [1.7660917 , 1.7806108 ]])]",True
129,2.2499783039093018,0.00464940071105957,2.0491717933684357,116.48,4.8559584238756575,6,0.07757687568664551,0.04862165451049805,0.024297694365183514,0.38,1.312642688960053,"[array([[0.        , 1.48658133],
       [0.        , 1.56075501],
       [0.        , 1.5756526 ],
       [0.        , 1.61924696],
       [0.        , 1.62295961],
       [0.        , 1.63462257],
       [0.        , 1.64819396],
       [0.        , 1.65699244],
       [0.        , 1.68891656],
       [0.        , 1.70768595],
       [0.        , 1.70929575],
       [0.        , 1.7265836 ],
       [0.        , 1.72946203],
       [0.        , 1.72972155],
       [0.        , 1.7557739 ],
       [0.        , 1.76976335],
       [0.        , 1.78610659],
       [0.        , 1.79107094],
       [0.        , 1.81984484],
       [0.        , 1.84483862],
       [0.        , 1.84526014],
       [0.        , 1.90838575],
       [0.        , 1.91337478],
       [0.        , 1.92013252],
       [0.        , 1.93509984],
       [0.        , 1.94535494],
       [0.        , 1.95058262],
       [0.        , 1.96059465],
       [0.        , 1.96365869],
       [0.        , 1.98181832],
       [0.        , 1.9874872 ],
       [0.        , 1.98978388],
       [0.        , 2.00100923],
       [0.        , 2.00470781],
       [0.        , 2.01361704],
       [0.        , 2.01547456],
       [0.        , 2.02092099],
       [0.        , 2.0258038 ],
       [0.        , 2.03036046],
       [0.        , 2.03058481],
       [0.        , 2.03637695],
       [0.        , 2.03715658],
       [0.        , 2.0395937 ],
       [0.        , 2.03969002],
       [0.        , 2.03975034],
       [0.        , 2.0436542 ],
       [0.        , 2.04549408],
       [0.        , 2.04726934],
       [0.        , 2.06108284],
       [0.        , 2.06467533],
       [0.        , 2.0650053 ],
       [0.        , 2.06720638],
       [0.        , 2.06899405],
       [0.        , 2.07602096],
       [0.        , 2.07851958],
       [0.        , 2.0871551 ],
       [0.        , 2.08904099],
       [0.        , 2.09582663],
       [0.        , 2.09766865],
       [0.        , 2.09954023],
       [0.        , 2.1020503 ],
       [0.        , 2.11110353],
       [0.        , 2.11183429],
       [0.        , 2.11341453],
       [0.        , 2.11358333],
       [0.        , 2.11381197],
       [0.        , 2.11790848],
       [0.        , 2.11883855],
       [0.        , 2.11940765],
       [0.        , 2.12096119],
       [0.        , 2.12131596],
       [0.        , 2.12456012],
       [0.        , 2.12543035],
       [0.        , 2.12732315],
       [0.        , 2.13209295],
       [0.        , 2.13229799],
       [0.        , 2.13378739],
       [0.        , 2.13659382],
       [0.        , 2.13708043],
       [0.        , 2.13793182],
       [0.        , 2.13974285],
       [0.        , 2.14051294],
       [0.        , 2.14299417],
       [0.        , 2.14306831],
       [0.        , 2.14940763],
       [0.        , 2.14954662],
       [0.        , 2.15062404],
       [0.        , 2.15143609],
       [0.        , 2.15484715],
       [0.        , 2.15952706],
       [0.        , 2.16247058],
       [0.        , 2.16479301],
       [0.        , 2.16815257],
       [0.        , 2.16936278],
       [0.        , 2.17021012],
       [0.        , 2.17406511],
       [0.        , 2.17658663],
       [0.        , 2.17691064],
       [0.        , 2.17695165],
       [0.        , 2.17702127],
       [0.        , 2.18007112],
       [0.        , 2.18045855],
       [0.        , 2.18597937],
       [0.        , 2.18998146],
       [0.        , 2.19002247],
       [0.        , 2.19092488],
       [0.        , 2.19331551],
       [0.        , 2.19513369],
       [0.        , 2.19829512],
       [0.        , 2.19861031],
       [0.        , 2.19980693],
       [0.        , 2.20143437],
       [0.        , 2.20778084],
       [0.        , 2.20800519],
       [0.        , 2.20962119],
       [0.        , 2.21046376],
       [0.        , 2.21354055],
       [0.        , 2.21440625],
       [0.        , 2.21497726],
       [0.        , 2.21627474],
       [0.        , 2.21776342],
       [0.        , 2.21982503],
       [0.        , 2.22688079],
       [0.        , 2.22764015],
       [0.        , 2.23466587],
       [0.        , 2.24157977],
       [0.        , 2.24303508],
       [0.        , 2.2453289 ],
       [0.        , 2.2499783 ],
       [0.        ,        inf]]), array([[2.14754009, 2.15594435],
       [2.11449552, 2.13027787],
       [2.01203489, 2.08961177],
       [2.01100516, 2.01155353],
       [1.79648423, 1.82543945],
       [1.7660917 , 1.7806108 ]])]",True
115,2.245328903198242,0.010663032531738281,2.043740917288739,103.84,4.740460391809784,4,0.02895522117614746,0.014436125755310059,0.014126807451248169,0.14,1.0703397459186759,"[array([[0.        , 1.21763885],
       [0.        , 1.50050235],
       [0.        , 1.56075501],
       [0.        , 1.5756526 ],
       [0.        , 1.64819396],
       [0.        , 1.65699244],
       [0.        , 1.67304981],
       [0.        , 1.69761336],
       [0.        , 1.70768595],
       [0.        , 1.70929575],
       [0.        , 1.7265836 ],
       [0.        , 1.72946203],
       [0.        , 1.7557739 ],
       [0.        , 1.78610659],
       [0.        , 1.79107094],
       [0.        , 1.79155624],
       [0.        , 1.81373537],
       [0.        , 1.82882655],
       [0.        , 1.8433857 ],
       [0.        , 1.84579301],
       [0.        , 1.88051164],
       [0.        , 1.90838575],
       [0.        , 1.93509984],
       [0.        , 1.95058262],
       [0.        , 1.96059465],
       [0.        , 1.96299124],
       [0.        , 1.97679675],
       [0.        , 1.98181832],
       [0.        , 1.98934007],
       [0.        , 2.00100923],
       [0.        , 2.00470781],
       [0.        , 2.00769734],
       [0.        , 2.01858926],
       [0.        , 2.02092099],
       [0.        , 2.02165651],
       [0.        , 2.0258038 ],
       [0.        , 2.02736568],
       [0.        , 2.03058481],
       [0.        , 2.03388834],
       [0.        , 2.03637695],
       [0.        , 2.03975034],
       [0.        , 2.0436542 ],
       [0.        , 2.0482471 ],
       [0.        , 2.0542779 ],
       [0.        , 2.06212139],
       [0.        , 2.06496048],
       [0.        , 2.06731772],
       [0.        , 2.07479024],
       [0.        , 2.07602096],
       [0.        , 2.07913637],
       [0.        , 2.0871551 ],
       [0.        , 2.09386086],
       [0.        , 2.09582663],
       [0.        , 2.09766865],
       [0.        , 2.09954023],
       [0.        , 2.10526919],
       [0.        , 2.11183429],
       [0.        , 2.11449552],
       [0.        , 2.11818337],
       [0.        , 2.11940765],
       [0.        , 2.12096119],
       [0.        , 2.12131596],
       [0.        , 2.12515354],
       [0.        , 2.12543035],
       [0.        , 2.12727642],
       [0.        , 2.13209295],
       [0.        , 2.13378739],
       [0.        , 2.13531685],
       [0.        , 2.13607287],
       [0.        , 2.13702488],
       [0.        , 2.14306831],
       [0.        , 2.14802361],
       [0.        , 2.14954662],
       [0.        , 2.15027618],
       [0.        , 2.15143609],
       [0.        , 2.15484715],
       [0.        , 2.15952706],
       [0.        , 2.160218  ],
       [0.        , 2.16127324],
       [0.        , 2.16238475],
       [0.        , 2.16514611],
       [0.        , 2.16521573],
       [0.        , 2.16773796],
       [0.        , 2.16815257],
       [0.        , 2.16862965],
       [0.        , 2.17066979],
       [0.        , 2.17166424],
       [0.        , 2.17691064],
       [0.        , 2.17702127],
       [0.        , 2.17816448],
       [0.        , 2.18007112],
       [0.        , 2.18597937],
       [0.        , 2.19092488],
       [0.        , 2.19331551],
       [0.        , 2.19642138],
       [0.        , 2.19776535],
       [0.        , 2.19829512],
       [0.        , 2.19861031],
       [0.        , 2.20097113],
       [0.        , 2.20143437],
       [0.        , 2.20295262],
       [0.        , 2.20541906],
       [0.        , 2.20688152],
       [0.        , 2.20745826],
       [0.        , 2.20778084],
       [0.        , 2.20800519],
       [0.        , 2.20861435],
       [0.        , 2.21627474],
       [0.        , 2.21776342],
       [0.        , 2.21921492],
       [0.        , 2.21982503],
       [0.        , 2.22688079],
       [0.        , 2.22709179],
       [0.        , 2.23466587],
       [0.        , 2.2453289 ],
       [0.        ,        inf]]), array([[2.11790848, 2.13039303],
       [2.01100516, 2.01155353],
       [1.79648423, 1.82543945],
       [1.7660917 , 1.7806108 ]])]",False
92,2.247472047805786,0.015441417694091797,2.0041824540366298,81.32,4.516650383437992,6,0.08970129489898682,0.03490650653839111,0.032597621281941734,0.48,1.3262854027257391,"[array([[0.        , 1.21763885],
       [0.        , 1.56075501],
       [0.        , 1.5756526 ],
       [0.        , 1.63462257],
       [0.        , 1.65699244],
       [0.        , 1.67304981],
       [0.        , 1.67745805],
       [0.        , 1.69042754],
       [0.        , 1.69761336],
       [0.        , 1.70768595],
       [0.        , 1.70929575],
       [0.        , 1.7265836 ],
       [0.        , 1.72946203],
       [0.        , 1.7557739 ],
       [0.        , 1.77539909],
       [0.        , 1.78610659],
       [0.        , 1.81373537],
       [0.        , 1.81647098],
       [0.        , 1.81984484],
       [0.        , 1.82619071],
       [0.        , 1.86295831],
       [0.        , 1.86640143],
       [0.        , 1.8875643 ],
       [0.        , 1.90009105],
       [0.        , 1.90022957],
       [0.        , 1.90483844],
       [0.        , 1.91670179],
       [0.        , 1.93109143],
       [0.        , 1.94653308],
       [0.        , 1.95158243],
       [0.        , 1.96059465],
       [0.        , 1.96122754],
       [0.        , 1.96299124],
       [0.        , 1.98113418],
       [0.        , 1.98133612],
       [0.        , 1.98181832],
       [0.        , 2.00470781],
       [0.        , 2.01105309],
       [0.        , 2.01172876],
       [0.        , 2.02474022],
       [0.        , 2.02964783],
       [0.        , 2.03838873],
       [0.        , 2.03892827],
       [0.        , 2.04454017],
       [0.        , 2.05400038],
       [0.        , 2.05516529],
       [0.        , 2.05521584],
       [0.        , 2.0720942 ],
       [0.        , 2.07929587],
       [0.        , 2.08479118],
       [0.        , 2.08981276],
       [0.        , 2.08998251],
       [0.        , 2.09228992],
       [0.        , 2.09945869],
       [0.        , 2.09989738],
       [0.        , 2.10526919],
       [0.        , 2.11199045],
       [0.        , 2.11537409],
       [0.        , 2.11833167],
       [0.        , 2.13179874],
       [0.        , 2.13410091],
       [0.        , 2.13499546],
       [0.        , 2.13705349],
       [0.        , 2.14887524],
       [0.        , 2.16076827],
       [0.        , 2.16378212],
       [0.        , 2.16457748],
       [0.        , 2.16593766],
       [0.        , 2.16744208],
       [0.        , 2.16838408],
       [0.        , 2.16959143],
       [0.        , 2.17013431],
       [0.        , 2.17687511],
       [0.        , 2.17832017],
       [0.        , 2.17954302],
       [0.        , 2.17957711],
       [0.        , 2.18186307],
       [0.        , 2.19505739],
       [0.        , 2.19514728],
       [0.        , 2.19861031],
       [0.        , 2.1995163 ],
       [0.        , 2.20035195],
       [0.        , 2.2048521 ],
       [0.        , 2.20552874],
       [0.        , 2.20861435],
       [0.        , 2.21639657],
       [0.        , 2.21660185],
       [0.        , 2.22068   ],
       [0.        , 2.22688079],
       [0.        , 2.22886848],
       [0.        , 2.23203063],
       [0.        , 2.24747205],
       [0.        ,        inf]]), array([[2.12561703, 2.13268399],
       [2.01100516, 2.01155353],
       [2.00916958, 2.06396437],
       [1.99991047, 2.08961177],
       [1.79648423, 1.82543945],
       [1.7660917 , 1.7806108 ]])]",True
80,2.2372848987579346,0.002619028091430664,1.9950799822807312,70.7,4.376373691346811,4,0.02895522117614746,0.023959636688232422,0.009273707866668701,0.18,0.7117767181615181,"[array([[0.        , 1.21763885],
       [0.        , 1.5276984 ],
       [0.        , 1.5756526 ],
       [0.        , 1.64819396],
       [0.        , 1.64941728],
       [0.        , 1.65235078],
       [0.        , 1.65699244],
       [0.        , 1.69042754],
       [0.        , 1.69761336],
       [0.        , 1.70768595],
       [0.        , 1.70929575],
       [0.        , 1.7265836 ],
       [0.        , 1.72946203],
       [0.        , 1.7557739 ],
       [0.        , 1.78610659],
       [0.        , 1.79107094],
       [0.        , 1.8060379 ],
       [0.        , 1.81373537],
       [0.        , 1.81984484],
       [0.        , 1.84556353],
       [0.        , 1.84579301],
       [0.        , 1.88051164],
       [0.        , 1.91337478],
       [0.        , 1.91347134],
       [0.        , 1.9234072 ],
       [0.        , 1.94013143],
       [0.        , 1.95267034],
       [0.        , 1.96008956],
       [0.        , 1.96059465],
       [0.        , 1.98181832],
       [0.        , 2.00470781],
       [0.        , 2.00822401],
       [0.        , 2.01307344],
       [0.        , 2.01601386],
       [0.        , 2.02396059],
       [0.        , 2.02757215],
       [0.        , 2.03011322],
       [0.        , 2.03243089],
       [0.        , 2.03327894],
       [0.        , 2.0362916 ],
       [0.        , 2.03879833],
       [0.        , 2.04645538],
       [0.        , 2.0885613 ],
       [0.        , 2.10516858],
       [0.        , 2.10524178],
       [0.        , 2.10526919],
       [0.        , 2.11062264],
       [0.        , 2.11358333],
       [0.        , 2.12214637],
       [0.        , 2.12268209],
       [0.        , 2.12540841],
       [0.        , 2.12727642],
       [0.        , 2.1295557 ],
       [0.        , 2.13078094],
       [0.        , 2.14405251],
       [0.        , 2.15335345],
       [0.        , 2.15669513],
       [0.        , 2.1575563 ],
       [0.        , 2.16076827],
       [0.        , 2.16137886],
       [0.        , 2.16353106],
       [0.        , 2.16595769],
       [0.        , 2.17023134],
       [0.        , 2.17125964],
       [0.        , 2.17230463],
       [0.        , 2.17878675],
       [0.        , 2.18048167],
       [0.        , 2.18129277],
       [0.        , 2.18157864],
       [0.        , 2.18186307],
       [0.        , 2.18597937],
       [0.        , 2.20295262],
       [0.        , 2.20394945],
       [0.        , 2.20552874],
       [0.        , 2.20878911],
       [0.        , 2.22009206],
       [0.        , 2.22295904],
       [0.        , 2.22688079],
       [0.        , 2.23466587],
       [0.        , 2.2372849 ],
       [0.        ,        inf]]), array([[2.01100516, 2.01155353],
       [1.91665983, 1.9192555 ],
       [1.79648423, 1.82543945],
       [1.78359962, 1.7885952 ]])]",True
59,2.24157977104187,0.006913900375366211,1.9205636311385592,50.16,4.0674329310355315,7,0.02895522117614746,0.008256196975708008,0.011726651872907366,0.22,1.5877752049488758,"[array([[0.        , 1.21763885],
       [0.        , 1.4371264 ],
       [0.        , 1.44018292],
       [0.        , 1.46674025],
       [0.        , 1.48658133],
       [0.        , 1.49107373],
       [0.        , 1.5276984 ],
       [0.        , 1.56075501],
       [0.        , 1.5756526 ],
       [0.        , 1.59647572],
       [0.        , 1.62295961],
       [0.        , 1.64819396],
       [0.        , 1.65699244],
       [0.        , 1.69761336],
       [0.        , 1.70768595],
       [0.        , 1.70929575],
       [0.        , 1.7265836 ],
       [0.        , 1.72946203],
       [0.        , 1.7557739 ],
       [0.        , 1.77539909],
       [0.        , 1.78610659],
       [0.        , 1.79107094],
       [0.        , 1.8034842 ],
       [0.        , 1.81984484],
       [0.        , 1.96059465],
       [0.        , 1.98181832],
       [0.        , 1.9891119 ],
       [0.        , 1.99475837],
       [0.        , 2.00470781],
       [0.        , 2.02092099],
       [0.        , 2.03346038],
       [0.        , 2.0395937 ],
       [0.        , 2.05460119],
       [0.        , 2.07853556],
       [0.        , 2.10042739],
       [0.        , 2.10750151],
       [0.        , 2.10755777],
       [0.        , 2.11681676],
       [0.        , 2.12727642],
       [0.        , 2.1295886 ],
       [0.        , 2.13320851],
       [0.        , 2.13347268],
       [0.        , 2.13393998],
       [0.        , 2.14328122],
       [0.        , 2.14941764],
       [0.        , 2.15526485],
       [0.        , 2.15774941],
       [0.        , 2.16500974],
       [0.        , 2.16552472],
       [0.        , 2.1841104 ],
       [0.        , 2.18597937],
       [0.        , 2.19781995],
       [0.        , 2.19962859],
       [0.        , 2.2062335 ],
       [0.        , 2.20962119],
       [0.        , 2.21220326],
       [0.        , 2.22688079],
       [0.        , 2.23466587],
       [0.        , 2.24157977],
       [0.        ,        inf]]), array([[2.01100516, 2.01155353],
       [1.91665983, 1.9192555 ],
       [1.84556353, 1.85533714],
       [1.79648423, 1.82543945],
       [1.78359962, 1.7885952 ],
       [1.7660917 , 1.7806108 ],
       [1.65235078, 1.67304981]])]",True
95,2.2364425659179688,0.0017766952514648438,2.010623654566313,84.62,4.548366537473391,8,0.02895522117614746,0.008990764617919922,0.011412814259529114,0.28,1.6610880977068305,"[array([[0.        , 1.48658133],
       [0.        , 1.50050235],
       [0.        , 1.5276984 ],
       [0.        , 1.56075501],
       [0.        , 1.5756526 ],
       [0.        , 1.61924696],
       [0.        , 1.62295961],
       [0.        , 1.63462257],
       [0.        , 1.65699244],
       [0.        , 1.685745  ],
       [0.        , 1.69042754],
       [0.        , 1.70768595],
       [0.        , 1.70929575],
       [0.        , 1.7265836 ],
       [0.        , 1.72946203],
       [0.        , 1.72972155],
       [0.        , 1.75499403],
       [0.        , 1.7557739 ],
       [0.        , 1.77539909],
       [0.        , 1.78610659],
       [0.        , 1.79107094],
       [0.        , 1.79155624],
       [0.        , 1.84483862],
       [0.        , 1.84556353],
       [0.        , 1.86415946],
       [0.        , 1.95561421],
       [0.        , 1.96059465],
       [0.        , 1.96849251],
       [0.        , 1.98181832],
       [0.        , 1.98825431],
       [0.        , 1.99475837],
       [0.        , 2.00366282],
       [0.        , 2.00470781],
       [0.        , 2.0191257 ],
       [0.        , 2.02092099],
       [0.        , 2.02545619],
       [0.        , 2.03790426],
       [0.        , 2.0395937 ],
       [0.        , 2.04941463],
       [0.        , 2.04952884],
       [0.        , 2.05546618],
       [0.        , 2.05699229],
       [0.        , 2.05762386],
       [0.        , 2.06212139],
       [0.        , 2.07853556],
       [0.        , 2.08731794],
       [0.        , 2.09086251],
       [0.        , 2.09489965],
       [0.        , 2.09629202],
       [0.        , 2.09874105],
       [0.        , 2.10042739],
       [0.        , 2.10675669],
       [0.        , 2.10750151],
       [0.        , 2.10755777],
       [0.        , 2.11578846],
       [0.        , 2.11681676],
       [0.        , 2.12966013],
       [0.        , 2.13320851],
       [0.        , 2.13347268],
       [0.        , 2.13393998],
       [0.        , 2.13458204],
       [0.        , 2.14362812],
       [0.        , 2.14371133],
       [0.        , 2.14941764],
       [0.        , 2.15209603],
       [0.        , 2.15362   ],
       [0.        , 2.15526485],
       [0.        , 2.15774941],
       [0.        , 2.15815377],
       [0.        , 2.16552472],
       [0.        , 2.17446303],
       [0.        , 2.18018913],
       [0.        , 2.18241668],
       [0.        , 2.1841104 ],
       [0.        , 2.18597937],
       [0.        , 2.18668437],
       [0.        , 2.19235826],
       [0.        , 2.19316936],
       [0.        , 2.1938293 ],
       [0.        , 2.19505739],
       [0.        , 2.19632244],
       [0.        , 2.19741559],
       [0.        , 2.19781995],
       [0.        , 2.19833231],
       [0.        , 2.20348501],
       [0.        , 2.20394945],
       [0.        , 2.2062335 ],
       [0.        , 2.20962119],
       [0.        , 2.21220326],
       [0.        , 2.21594048],
       [0.        , 2.22274661],
       [0.        , 2.22688079],
       [0.        , 2.2279582 ],
       [0.        , 2.23466587],
       [0.        , 2.23644257],
       [0.        ,        inf]]), array([[2.10730648, 2.10852623],
       [2.06964731, 2.08961177],
       [2.06443596, 2.08294034],
       [2.01100516, 2.01155353],
       [1.91665983, 1.9192555 ],
       [1.79648423, 1.82543945],
       [1.78359962, 1.7885952 ],
       [1.7660917 , 1.7806108 ]])]",True
83,2.234665870666504,0.00778508186340332,2.0271686602787797,74.6,4.414013617088464,4,0.07091236114501953,0.04195713996887207,0.029049575328826904,0.34,0.944076234174826,"[array([[0.        , 1.21763885],
       [0.        , 1.5756526 ],
       [0.        , 1.64819396],
       [0.        , 1.65699244],
       [0.        , 1.67304981],
       [0.        , 1.67745805],
       [0.        , 1.69761336],
       [0.        , 1.70768595],
       [0.        , 1.70929575],
       [0.        , 1.7265836 ],
       [0.        , 1.72946203],
       [0.        , 1.7557739 ],
       [0.        , 1.78610659],
       [0.        , 1.79107094],
       [0.        , 1.81373537],
       [0.        , 1.81984484],
       [0.        , 1.84579301],
       [0.        , 1.88051307],
       [0.        , 1.94484818],
       [0.        , 1.94535494],
       [0.        , 1.95787323],
       [0.        , 1.96059465],
       [0.        , 1.96601403],
       [0.        , 1.98181832],
       [0.        , 1.99995315],
       [0.        , 2.00242662],
       [0.        , 2.00470781],
       [0.        , 2.01343679],
       [0.        , 2.01725316],
       [0.        , 2.01828861],
       [0.        , 2.04881978],
       [0.        , 2.06108284],
       [0.        , 2.0622108 ],
       [0.        , 2.06720638],
       [0.        , 2.07955861],
       [0.        , 2.080024  ],
       [0.        , 2.08681154],
       [0.        , 2.08692575],
       [0.        , 2.08904099],
       [0.        , 2.09247398],
       [0.        , 2.1020503 ],
       [0.        , 2.10283232],
       [0.        , 2.10461116],
       [0.        , 2.10780478],
       [0.        , 2.11226964],
       [0.        , 2.11376071],
       [0.        , 2.11669898],
       [0.        , 2.12181878],
       [0.        , 2.12447214],
       [0.        , 2.12732315],
       [0.        , 2.13229799],
       [0.        , 2.13800955],
       [0.        , 2.14060926],
       [0.        , 2.14234829],
       [0.        , 2.14275908],
       [0.        , 2.14416242],
       [0.        , 2.14513135],
       [0.        , 2.1479187 ],
       [0.        , 2.15137005],
       [0.        , 2.15582037],
       [0.        , 2.15622497],
       [0.        , 2.15669513],
       [0.        , 2.15722322],
       [0.        , 2.15893126],
       [0.        , 2.16454601],
       [0.        , 2.16543674],
       [0.        , 2.16936278],
       [0.        , 2.18170094],
       [0.        , 2.18335128],
       [0.        , 2.18597937],
       [0.        , 2.19177389],
       [0.        , 2.19232368],
       [0.        , 2.19596434],
       [0.        , 2.19614649],
       [0.        , 2.19627666],
       [0.        , 2.20312476],
       [0.        , 2.20348501],
       [0.        , 2.21364093],
       [0.        , 2.21886158],
       [0.        , 2.22295904],
       [0.        , 2.22618675],
       [0.        , 2.22688079],
       [0.        , 2.23466587],
       [0.        ,        inf]]), array([[2.11449552, 2.13027787],
       [2.01479149, 2.08570385],
       [2.01100516, 2.01155353],
       [1.79648423, 1.82543945]])]",True
161,2.24157977104187,0.0034384727478027344,2.0388492456874494,145.12,5.0775208494149595,4,0.02895522117614746,0.014436125755310059,0.012254565954208374,0.18,0.954357740203023,"[array([[0.        , 1.48658133],
       [0.        , 1.50050235],
       [0.        , 1.5276984 ],
       [0.        , 1.56075501],
       [0.        , 1.5756526 ],
       [0.        , 1.61924696],
       [0.        , 1.62295961],
       [0.        , 1.63620639],
       [0.        , 1.65699244],
       [0.        , 1.67905593],
       [0.        , 1.70768595],
       [0.        , 1.70929575],
       [0.        , 1.7265836 ],
       [0.        , 1.72946203],
       [0.        , 1.72972155],
       [0.        , 1.75499403],
       [0.        , 1.7557739 ],
       [0.        , 1.77019811],
       [0.        , 1.77414489],
       [0.        , 1.78610659],
       [0.        , 1.79107094],
       [0.        , 1.79155624],
       [0.        , 1.8010534 ],
       [0.        , 1.8029269 ],
       [0.        , 1.82882655],
       [0.        , 1.8433857 ],
       [0.        , 1.84483862],
       [0.        , 1.84579301],
       [0.        , 1.86635852],
       [0.        , 1.86837685],
       [0.        , 1.87631428],
       [0.        , 1.87676966],
       [0.        , 1.94484818],
       [0.        , 1.94510925],
       [0.        , 1.95873845],
       [0.        , 1.96059465],
       [0.        , 1.96601403],
       [0.        , 1.96941555],
       [0.        , 1.97574365],
       [0.        , 1.98181832],
       [0.        , 1.99125147],
       [0.        , 1.99195361],
       [0.        , 1.99475837],
       [0.        , 1.99645805],
       [0.        , 1.99995315],
       [0.        , 2.0026114 ],
       [0.        , 2.00460958],
       [0.        , 2.00470781],
       [0.        , 2.01024032],
       [0.        , 2.01046205],
       [0.        , 2.0142951 ],
       [0.        , 2.01552868],
       [0.        , 2.01828861],
       [0.        , 2.02317476],
       [0.        , 2.02751303],
       [0.        , 2.03542757],
       [0.        , 2.03667521],
       [0.        , 2.0395937 ],
       [0.        , 2.04326797],
       [0.        , 2.04795194],
       [0.        , 2.05087781],
       [0.        , 2.05150676],
       [0.        , 2.05316973],
       [0.        , 2.06180239],
       [0.        , 2.0622108 ],
       [0.        , 2.06392837],
       [0.        , 2.06451464],
       [0.        , 2.06720638],
       [0.        , 2.06722999],
       [0.        , 2.07166862],
       [0.        , 2.0756588 ],
       [0.        , 2.0789113 ],
       [0.        , 2.080024  ],
       [0.        , 2.0820744 ],
       [0.        , 2.08264899],
       [0.        , 2.08557439],
       [0.        , 2.08700299],
       [0.        , 2.0913229 ],
       [0.        , 2.0921917 ],
       [0.        , 2.09228992],
       [0.        , 2.09247398],
       [0.        , 2.09348655],
       [0.        , 2.09697104],
       [0.        , 2.09713435],
       [0.        , 2.09822941],
       [0.        , 2.09948468],
       [0.        , 2.1020503 ],
       [0.        , 2.10366654],
       [0.        , 2.10461116],
       [0.        , 2.10751581],
       [0.        , 2.10874772],
       [0.        , 2.11628366],
       [0.        , 2.11730123],
       [0.        , 2.12494302],
       [0.        , 2.12727642],
       [0.        , 2.12732315],
       [0.        , 2.13054109],
       [0.        , 2.13220453],
       [0.        , 2.13598084],
       [0.        , 2.13906145],
       [0.        , 2.1390698 ],
       [0.        , 2.14416242],
       [0.        , 2.14418268],
       [0.        , 2.14657283],
       [0.        , 2.14723301],
       [0.        , 2.15000725],
       [0.        , 2.15099502],
       [0.        , 2.15137005],
       [0.        , 2.15263677],
       [0.        , 2.15387583],
       [0.        , 2.15457726],
       [0.        , 2.15622497],
       [0.        , 2.15689397],
       [0.        , 2.15722322],
       [0.        , 2.15893126],
       [0.        , 2.16162705],
       [0.        , 2.16251564],
       [0.        , 2.16441751],
       [0.        , 2.16766   ],
       [0.        , 2.16782904],
       [0.        , 2.16818404],
       [0.        , 2.16840696],
       [0.        , 2.16862965],
       [0.        , 2.16923356],
       [0.        , 2.17196155],
       [0.        , 2.17249274],
       [0.        , 2.1728127 ],
       [0.        , 2.17396736],
       [0.        , 2.17411685],
       [0.        , 2.17646122],
       [0.        , 2.18170094],
       [0.        , 2.18186307],
       [0.        , 2.18597937],
       [0.        , 2.18656754],
       [0.        , 2.18659282],
       [0.        , 2.1905427 ],
       [0.        , 2.19232368],
       [0.        , 2.19258404],
       [0.        , 2.19303942],
       [0.        , 2.19316936],
       [0.        , 2.19632244],
       [0.        , 2.19685197],
       [0.        , 2.19795966],
       [0.        , 2.19856477],
       [0.        , 2.19904375],
       [0.        , 2.20312476],
       [0.        , 2.20348501],
       [0.        , 2.20580697],
       [0.        , 2.20742154],
       [0.        , 2.20908308],
       [0.        , 2.20962119],
       [0.        , 2.2131846 ],
       [0.        , 2.21769738],
       [0.        , 2.21886158],
       [0.        , 2.21898317],
       [0.        , 2.22618675],
       [0.        , 2.22688079],
       [0.        , 2.22763276],
       [0.        , 2.23466587],
       [0.        , 2.2381413 ],
       [0.        , 2.24157977],
       [0.        ,        inf]]), array([[2.01100516, 2.01155353],
       [1.79648423, 1.82543945],
       [1.78359962, 1.7885952 ],
       [1.7660917 , 1.7806108 ]])]",False
98,2.24157977104187,0.006913900375366211,2.030268163097148,87.98,4.5808114085479135,4,0.02895522117614746,0.01317286491394043,0.014951258897781372,0.16,1.0894406417480462,"[array([[0.        , 1.48658133],
       [0.        , 1.56075501],
       [0.        , 1.5756526 ],
       [0.        , 1.61924696],
       [0.        , 1.62295961],
       [0.        , 1.65699244],
       [0.        , 1.69042754],
       [0.        , 1.70768595],
       [0.        , 1.70929575],
       [0.        , 1.7265836 ],
       [0.        , 1.72946203],
       [0.        , 1.72972155],
       [0.        , 1.7557739 ],
       [0.        , 1.78610659],
       [0.        , 1.79107094],
       [0.        , 1.81984484],
       [0.        , 1.82882655],
       [0.        , 1.8433857 ],
       [0.        , 1.84483862],
       [0.        , 1.90439463],
       [0.        , 1.92324412],
       [0.        , 1.93987846],
       [0.        , 1.94535494],
       [0.        , 1.9521091 ],
       [0.        , 1.95309567],
       [0.        , 1.96008956],
       [0.        , 1.96059465],
       [0.        , 1.96299124],
       [0.        , 1.98181832],
       [0.        , 1.99195361],
       [0.        , 2.00470781],
       [0.        , 2.00512147],
       [0.        , 2.00576544],
       [0.        , 2.00842309],
       [0.        , 2.01362753],
       [0.        , 2.02092099],
       [0.        , 2.02544904],
       [0.        , 2.0395937 ],
       [0.        , 2.04289842],
       [0.        , 2.06108284],
       [0.        , 2.0622108 ],
       [0.        , 2.06420016],
       [0.        , 2.06984258],
       [0.        , 2.07274628],
       [0.        , 2.07748771],
       [0.        , 2.08308339],
       [0.        , 2.08474255],
       [0.        , 2.08584571],
       [0.        , 2.08692575],
       [0.        , 2.08914661],
       [0.        , 2.09740782],
       [0.        , 2.10123086],
       [0.        , 2.1020503 ],
       [0.        , 2.10283232],
       [0.        , 2.10400867],
       [0.        , 2.10780478],
       [0.        , 2.10811687],
       [0.        , 2.11005735],
       [0.        , 2.11048675],
       [0.        , 2.11226964],
       [0.        , 2.11376071],
       [0.        , 2.11458039],
       [0.        , 2.11977243],
       [0.        , 2.12181878],
       [0.        , 2.12727642],
       [0.        , 2.12810349],
       [0.        , 2.13347268],
       [0.        , 2.13555098],
       [0.        , 2.14049721],
       [0.        , 2.14416242],
       [0.        , 2.155442  ],
       [0.        , 2.16400838],
       [0.        , 2.17047191],
       [0.        , 2.17732716],
       [0.        , 2.18161273],
       [0.        , 2.18597937],
       [0.        , 2.19177389],
       [0.        , 2.19232368],
       [0.        , 2.19480443],
       [0.        , 2.19825506],
       [0.        , 2.19848704],
       [0.        , 2.19861031],
       [0.        , 2.19915223],
       [0.        , 2.20295262],
       [0.        , 2.20352459],
       [0.        , 2.20356846],
       [0.        , 2.20791078],
       [0.        , 2.20985579],
       [0.        , 2.21220326],
       [0.        , 2.21272111],
       [0.        , 2.21337962],
       [0.        , 2.21886158],
       [0.        , 2.21921492],
       [0.        , 2.22405267],
       [0.        , 2.22684145],
       [0.        , 2.22688079],
       [0.        , 2.23466587],
       [0.        , 2.24157977],
       [0.        ,        inf]]), array([[2.11449552, 2.13027787],
       [2.01100516, 2.01155353],
       [1.79648423, 1.82543945],
       [1.7660917 , 1.7806108 ]])]",False
78,2.2445621490478516,0.0029823780059814453,2.008254981957949,69.22,4.351115867311626,4,0.039263010025024414,0.010307788848876953,0.020821422338485718,0.28,1.0594149182517387,"[array([[0.        , 1.48658133],
       [0.        , 1.50050235],
       [0.        , 1.56075501],
       [0.        , 1.5756526 ],
       [0.        , 1.61924696],
       [0.        , 1.62295961],
       [0.        , 1.65699244],
       [0.        , 1.67745805],
       [0.        , 1.70768595],
       [0.        , 1.70929575],
       [0.        , 1.7265836 ],
       [0.        , 1.72946203],
       [0.        , 1.72972155],
       [0.        , 1.75499403],
       [0.        , 1.7557739 ],
       [0.        , 1.78610659],
       [0.        , 1.79107094],
       [0.        , 1.79155624],
       [0.        , 1.84483862],
       [0.        , 1.84671748],
       [0.        , 1.85155928],
       [0.        , 1.94013143],
       [0.        , 1.95250893],
       [0.        , 1.95267034],
       [0.        , 1.96008956],
       [0.        , 1.96059465],
       [0.        , 1.98181832],
       [0.        , 1.98821962],
       [0.        , 1.99195361],
       [0.        , 1.99642277],
       [0.        , 1.99644005],
       [0.        , 2.00470781],
       [0.        , 2.00541258],
       [0.        , 2.02165651],
       [0.        , 2.0395937 ],
       [0.        , 2.07748771],
       [0.        , 2.07839751],
       [0.        , 2.0817523 ],
       [0.        , 2.08929634],
       [0.        , 2.08998251],
       [0.        , 2.10204792],
       [0.        , 2.1020503 ],
       [0.        , 2.10526919],
       [0.        , 2.11202073],
       [0.        , 2.11599731],
       [0.        , 2.12727642],
       [0.        , 2.12970328],
       [0.        , 2.13078094],
       [0.        , 2.1460042 ],
       [0.        , 2.15387583],
       [0.        , 2.15417361],
       [0.        , 2.1547327 ],
       [0.        , 2.15488672],
       [0.        , 2.15853596],
       [0.        , 2.16238475],
       [0.        , 2.16359258],
       [0.        , 2.17396641],
       [0.        , 2.17757607],
       [0.        , 2.18539262],
       [0.        , 2.18597937],
       [0.        , 2.18711042],
       [0.        , 2.18998671],
       [0.        , 2.19685197],
       [0.        , 2.19861031],
       [0.        , 2.19963479],
       [0.        , 2.19981503],
       [0.        , 2.20097113],
       [0.        , 2.20391273],
       [0.        , 2.20861435],
       [0.        , 2.20962119],
       [0.        , 2.21220326],
       [0.        , 2.21440625],
       [0.        , 2.21469593],
       [0.        , 2.22688079],
       [0.        , 2.22886848],
       [0.        , 2.23466587],
       [0.        , 2.24157977],
       [0.        , 2.24456215],
       [0.        ,        inf]]), array([[2.02932286, 2.06858587],
       [2.01100516, 2.01155353],
       [1.79648423, 1.82543945],
       [1.7660917 , 1.7806108 ]])]",True
104,2.24157977104187,0.006913900375366211,2.0334633818039527,93.54,4.640223040214893,3,0.02895522117614746,0.021164417266845703,0.012431462605794271,0.14,0.5856607568823339,"[array([[0.        , 1.48658133],
       [0.        , 1.50050235],
       [0.        , 1.5756526 ],
       [0.        , 1.61924696],
       [0.        , 1.62295961],
       [0.        , 1.65699244],
       [0.        , 1.67745805],
       [0.        , 1.67905593],
       [0.        , 1.69042754],
       [0.        , 1.70768595],
       [0.        , 1.70929575],
       [0.        , 1.7265836 ],
       [0.        , 1.72946203],
       [0.        , 1.7557739 ],
       [0.        , 1.78610659],
       [0.        , 1.79107094],
       [0.        , 1.79155624],
       [0.        , 1.84483862],
       [0.        , 1.84579301],
       [0.        , 1.88051307],
       [0.        , 1.90133345],
       [0.        , 1.9077493 ],
       [0.        , 1.96059465],
       [0.        , 1.98181832],
       [0.        , 2.0006578 ],
       [0.        , 2.00377011],
       [0.        , 2.00388503],
       [0.        , 2.00470781],
       [0.        , 2.00822401],
       [0.        , 2.01343679],
       [0.        , 2.01361704],
       [0.        , 2.01725316],
       [0.        , 2.02017236],
       [0.        , 2.02081823],
       [0.        , 2.02820706],
       [0.        , 2.03011322],
       [0.        , 2.0316422 ],
       [0.        , 2.03219962],
       [0.        , 2.03406954],
       [0.        , 2.0395937 ],
       [0.        , 2.046628  ],
       [0.        , 2.04726934],
       [0.        , 2.04881978],
       [0.        , 2.0552001 ],
       [0.        , 2.0622108 ],
       [0.        , 2.06720638],
       [0.        , 2.07243252],
       [0.        , 2.07295799],
       [0.        , 2.07330561],
       [0.        , 2.07851958],
       [0.        , 2.07955861],
       [0.        , 2.08042026],
       [0.        , 2.08859658],
       [0.        , 2.08966041],
       [0.        , 2.10254693],
       [0.        , 2.10631227],
       [0.        , 2.10973668],
       [0.        , 2.10986781],
       [0.        , 2.11341453],
       [0.        , 2.11358333],
       [0.        , 2.11581659],
       [0.        , 2.11883855],
       [0.        , 2.11897397],
       [0.        , 2.12727642],
       [0.        , 2.12732315],
       [0.        , 2.12782001],
       [0.        , 2.13659382],
       [0.        , 2.13793182],
       [0.        , 2.13800955],
       [0.        , 2.14306831],
       [0.        , 2.1444602 ],
       [0.        , 2.1479187 ],
       [0.        , 2.14998245],
       [0.        , 2.15171146],
       [0.        , 2.15611219],
       [0.        , 2.15646577],
       [0.        , 2.16715312],
       [0.        , 2.16791177],
       [0.        , 2.16959143],
       [0.        , 2.1706934 ],
       [0.        , 2.18011045],
       [0.        , 2.18025613],
       [0.        , 2.18045855],
       [0.        , 2.18089604],
       [0.        , 2.18479371],
       [0.        , 2.18579721],
       [0.        , 2.18597937],
       [0.        , 2.19095421],
       [0.        , 2.19317985],
       [0.        , 2.19596434],
       [0.        , 2.19685197],
       [0.        , 2.19829512],
       [0.        , 2.20312476],
       [0.        , 2.20394945],
       [0.        , 2.2043066 ],
       [0.        , 2.20938039],
       [0.        , 2.20962119],
       [0.        , 2.21364093],
       [0.        , 2.21440625],
       [0.        , 2.21776342],
       [0.        , 2.22401524],
       [0.        , 2.22688079],
       [0.        , 2.23466587],
       [0.        , 2.24157977],
       [0.        ,        inf]]), array([[2.11777306, 2.12556386],
       [2.01100516, 2.01155353],
       [1.79648423, 1.82543945]])]",True
121,2.244260549545288,0.00959467887878418,2.0284820125122702,108.28,4.791581266678941,4,0.07757687568664551,0.04862165451049805,0.03039988875389099,0.36,0.9065595465594224,"[array([[0.        , 1.21763885],
       [0.        , 1.56075501],
       [0.        , 1.5756526 ],
       [0.        , 1.62567163],
       [0.        , 1.63462257],
       [0.        , 1.64819396],
       [0.        , 1.65699244],
       [0.        , 1.67304981],
       [0.        , 1.67905593],
       [0.        , 1.69761336],
       [0.        , 1.70768595],
       [0.        , 1.70929575],
       [0.        , 1.72946203],
       [0.        , 1.75499403],
       [0.        , 1.7557739 ],
       [0.        , 1.78610659],
       [0.        , 1.81373537],
       [0.        , 1.81984484],
       [0.        , 1.82882655],
       [0.        , 1.8433857 ],
       [0.        , 1.84579301],
       [0.        , 1.85961211],
       [0.        , 1.8696779 ],
       [0.        , 1.90838575],
       [0.        , 1.92324412],
       [0.        , 1.94312537],
       [0.        , 1.94622791],
       [0.        , 1.95332098],
       [0.        , 1.96059465],
       [0.        , 1.96986163],
       [0.        , 1.97401583],
       [0.        , 1.97518814],
       [0.        , 1.97956169],
       [0.        , 1.98181832],
       [0.        , 1.99580419],
       [0.        , 1.99967933],
       [0.        , 1.99999857],
       [0.        , 2.00470781],
       [0.        , 2.0060699 ],
       [0.        , 2.00705266],
       [0.        , 2.01154661],
       [0.        , 2.01765537],
       [0.        , 2.02533126],
       [0.        , 2.03564405],
       [0.        , 2.03837156],
       [0.        , 2.04341412],
       [0.        , 2.04818773],
       [0.        , 2.05098152],
       [0.        , 2.05616641],
       [0.        , 2.05754352],
       [0.        , 2.06162119],
       [0.        , 2.06179714],
       [0.        , 2.06199408],
       [0.        , 2.06212139],
       [0.        , 2.07745028],
       [0.        , 2.08305931],
       [0.        , 2.08862042],
       [0.        , 2.08900213],
       [0.        , 2.09228992],
       [0.        , 2.0928185 ],
       [0.        , 2.09621525],
       [0.        , 2.09722781],
       [0.        , 2.09999847],
       [0.        , 2.10052919],
       [0.        , 2.10123086],
       [0.        , 2.1016283 ],
       [0.        , 2.1020503 ],
       [0.        , 2.10516858],
       [0.        , 2.10526919],
       [0.        , 2.10675669],
       [0.        , 2.10682058],
       [0.        , 2.11569142],
       [0.        , 2.11838603],
       [0.        , 2.11873531],
       [0.        , 2.11916351],
       [0.        , 2.12107897],
       [0.        , 2.12181878],
       [0.        , 2.12389302],
       [0.        , 2.12621832],
       [0.        , 2.12726712],
       [0.        , 2.12732315],
       [0.        , 2.12790895],
       [0.        , 2.13258648],
       [0.        , 2.13347268],
       [0.        , 2.13414431],
       [0.        , 2.1394186 ],
       [0.        , 2.14173055],
       [0.        , 2.14173675],
       [0.        , 2.15000725],
       [0.        , 2.15099502],
       [0.        , 2.15158772],
       [0.        , 2.15348697],
       [0.        , 2.16373992],
       [0.        , 2.16512728],
       [0.        , 2.16564727],
       [0.        , 2.16564846],
       [0.        , 2.16643238],
       [0.        , 2.16715312],
       [0.        , 2.16791177],
       [0.        , 2.16839337],
       [0.        , 2.16966462],
       [0.        , 2.17072773],
       [0.        , 2.1762681 ],
       [0.        , 2.1765914 ],
       [0.        , 2.18129277],
       [0.        , 2.18538618],
       [0.        , 2.18597937],
       [0.        , 2.18989921],
       [0.        , 2.1905427 ],
       [0.        , 2.19208837],
       [0.        , 2.19829512],
       [0.        , 2.20800519],
       [0.        , 2.20938039],
       [0.        , 2.21272492],
       [0.        , 2.21594048],
       [0.        , 2.21982503],
       [0.        , 2.22295904],
       [0.        , 2.22688079],
       [0.        , 2.22763276],
       [0.        , 2.23466587],
       [0.        , 2.24426055],
       [0.        ,        inf]]), array([[2.01203489, 2.08961177],
       [2.01100516, 2.01155353],
       [1.79648423, 1.82543945],
       [1.7660917 , 1.7806108 ]])]",True
92,2.24157977104187,0.006913900375366211,2.028546284074369,82.48,4.5170428982506134,3,0.02895522117614746,0.008990764617919922,0.016489346822102863,0.16,0.7295973812234411,"[array([[0.        , 1.48658133],
       [0.        , 1.50050235],
       [0.        , 1.5756526 ],
       [0.        , 1.61924696],
       [0.        , 1.62295961],
       [0.        , 1.63462257],
       [0.        , 1.65699244],
       [0.        , 1.67905593],
       [0.        , 1.70768595],
       [0.        , 1.70929575],
       [0.        , 1.7265836 ],
       [0.        , 1.72946203],
       [0.        , 1.73666823],
       [0.        , 1.7557739 ],
       [0.        , 1.77539909],
       [0.        , 1.78610659],
       [0.        , 1.79107094],
       [0.        , 1.79155624],
       [0.        , 1.84483862],
       [0.        , 1.88051164],
       [0.        , 1.93389416],
       [0.        , 1.94013143],
       [0.        , 1.94153893],
       [0.        , 1.95815456],
       [0.        , 1.96059465],
       [0.        , 1.96519101],
       [0.        , 1.97393608],
       [0.        , 1.98181832],
       [0.        , 1.98978388],
       [0.        , 2.00424814],
       [0.        , 2.00470781],
       [0.        , 2.01361704],
       [0.        , 2.03044891],
       [0.        , 2.0395937 ],
       [0.        , 2.04703259],
       [0.        , 2.0482471 ],
       [0.        , 2.05516958],
       [0.        , 2.05816317],
       [0.        , 2.06519318],
       [0.        , 2.08925772],
       [0.        , 2.09462237],
       [0.        , 2.09553981],
       [0.        , 2.10087585],
       [0.        , 2.1020503 ],
       [0.        , 2.10543966],
       [0.        , 2.10696721],
       [0.        , 2.11391783],
       [0.        , 2.11907721],
       [0.        , 2.11952734],
       [0.        , 2.11989212],
       [0.        , 2.120327  ],
       [0.        , 2.12460232],
       [0.        , 2.12956738],
       [0.        , 2.13588548],
       [0.        , 2.13708043],
       [0.        , 2.13972378],
       [0.        , 2.13974285],
       [0.        , 2.14373922],
       [0.        , 2.14525223],
       [0.        , 2.14816642],
       [0.        , 2.14940763],
       [0.        , 2.15062404],
       [0.        , 2.15143609],
       [0.        , 2.1518209 ],
       [0.        , 2.15636516],
       [0.        , 2.15798688],
       [0.        , 2.16465259],
       [0.        , 2.17021012],
       [0.        , 2.17078519],
       [0.        , 2.17125964],
       [0.        , 2.17605448],
       [0.        , 2.17774725],
       [0.        , 2.18045855],
       [0.        , 2.18373609],
       [0.        , 2.18438745],
       [0.        , 2.18577552],
       [0.        , 2.18597937],
       [0.        , 2.19513369],
       [0.        , 2.19904375],
       [0.        , 2.19962859],
       [0.        , 2.19980693],
       [0.        , 2.20312476],
       [0.        , 2.20653844],
       [0.        , 2.20962119],
       [0.        , 2.21318412],
       [0.        , 2.21354055],
       [0.        , 2.21640301],
       [0.        , 2.21883011],
       [0.        , 2.22630453],
       [0.        , 2.22688079],
       [0.        , 2.23466587],
       [0.        , 2.24157977],
       [0.        ,        inf]]), array([[2.06964731, 2.08961177],
       [2.01100516, 2.01155353],
       [1.79648423, 1.82543945]])]",True
141,2.245328903198242,0.010663032531738281,2.0553985343757253,127.92,4.944851714827699,5,0.07757687568664551,0.04862165451049805,0.02708699703216553,0.32,1.1437429589377066,"[array([[0.        , 1.21763885],
       [0.        , 1.56075501],
       [0.        , 1.5756526 ],
       [0.        , 1.63462257],
       [0.        , 1.64819396],
       [0.        , 1.65699244],
       [0.        , 1.67304981],
       [0.        , 1.67905593],
       [0.        , 1.69042754],
       [0.        , 1.69761336],
       [0.        , 1.70768595],
       [0.        , 1.70929575],
       [0.        , 1.7265836 ],
       [0.        , 1.72946203],
       [0.        , 1.7557739 ],
       [0.        , 1.78610659],
       [0.        , 1.81356204],
       [0.        , 1.81373537],
       [0.        , 1.81984484],
       [0.        , 1.8433857 ],
       [0.        , 1.84579301],
       [0.        , 1.88051164],
       [0.        , 1.90838575],
       [0.        , 1.91868973],
       [0.        , 1.93509984],
       [0.        , 1.94420362],
       [0.        , 1.95058262],
       [0.        , 1.95250893],
       [0.        , 1.96059465],
       [0.        , 1.96299124],
       [0.        , 1.98181832],
       [0.        , 2.00100923],
       [0.        , 2.00470781],
       [0.        , 2.00574136],
       [0.        , 2.0060699 ],
       [0.        , 2.01338983],
       [0.        , 2.01772523],
       [0.        , 2.02092099],
       [0.        , 2.0258038 ],
       [0.        , 2.02757215],
       [0.        , 2.02782226],
       [0.        , 2.03058481],
       [0.        , 2.03388834],
       [0.        , 2.03637695],
       [0.        , 2.03975034],
       [0.        , 2.04192948],
       [0.        , 2.0436542 ],
       [0.        , 2.0482471 ],
       [0.        , 2.05203319],
       [0.        , 2.05216694],
       [0.        , 2.06201553],
       [0.        , 2.06461287],
       [0.        , 2.07602096],
       [0.        , 2.08305931],
       [0.        , 2.0871551 ],
       [0.        , 2.08730698],
       [0.        , 2.09095001],
       [0.        , 2.09228992],
       [0.        , 2.09386086],
       [0.        , 2.09582663],
       [0.        , 2.09621525],
       [0.        , 2.09766865],
       [0.        , 2.09954023],
       [0.        , 2.10052919],
       [0.        , 2.10526919],
       [0.        , 2.1100924 ],
       [0.        , 2.11183429],
       [0.        , 2.11449552],
       [0.        , 2.11476851],
       [0.        , 2.11599731],
       [0.        , 2.11790848],
       [0.        , 2.11818337],
       [0.        , 2.11940765],
       [0.        , 2.12096119],
       [0.        , 2.12131596],
       [0.        , 2.12515354],
       [0.        , 2.12543035],
       [0.        , 2.12727642],
       [0.        , 2.12790895],
       [0.        , 2.12870121],
       [0.        , 2.13209295],
       [0.        , 2.13378739],
       [0.        , 2.13607287],
       [0.        , 2.13608623],
       [0.        , 2.13702488],
       [0.        , 2.1394186 ],
       [0.        , 2.14306831],
       [0.        , 2.14596987],
       [0.        , 2.14954662],
       [0.        , 2.15099502],
       [0.        , 2.15174818],
       [0.        , 2.15484715],
       [0.        , 2.15952706],
       [0.        , 2.16077447],
       [0.        , 2.16394067],
       [0.        , 2.16512728],
       [0.        , 2.16521573],
       [0.        , 2.16564846],
       [0.        , 2.16575694],
       [0.        , 2.16744208],
       [0.        , 2.16773796],
       [0.        , 2.16807342],
       [0.        , 2.16815257],
       [0.        , 2.16959143],
       [0.        , 2.17066979],
       [0.        , 2.17072773],
       [0.        , 2.1765914 ],
       [0.        , 2.17691064],
       [0.        , 2.17702127],
       [0.        , 2.18007112],
       [0.        , 2.1841104 ],
       [0.        , 2.18597937],
       [0.        , 2.18928003],
       [0.        , 2.19066429],
       [0.        , 2.19092488],
       [0.        , 2.19331551],
       [0.        , 2.19595504],
       [0.        , 2.19685197],
       [0.        , 2.19776535],
       [0.        , 2.19829512],
       [0.        , 2.19861031],
       [0.        , 2.20097113],
       [0.        , 2.20143437],
       [0.        , 2.20295262],
       [0.        , 2.20304704],
       [0.        , 2.20541906],
       [0.        , 2.20552874],
       [0.        , 2.20653844],
       [0.        , 2.20778084],
       [0.        , 2.20800519],
       [0.        , 2.20908308],
       [0.        , 2.21594048],
       [0.        , 2.21627474],
       [0.        , 2.21660185],
       [0.        , 2.21982503],
       [0.        , 2.22295904],
       [0.        , 2.22359276],
       [0.        , 2.22520614],
       [0.        , 2.22688079],
       [0.        , 2.23466587],
       [0.        , 2.2453289 ],
       [0.        ,        inf]]), array([[2.12101603, 2.13485146],
       [2.01203489, 2.08961177],
       [2.01100516, 2.01155353],
       [1.79648423, 1.82543945],
       [1.7660917 , 1.7806108 ]])]",True
82,2.234665870666504,0.004105567932128906,1.9865063021822673,72.24,4.400281116726497,7,0.07757687568664551,0.022782087326049805,0.02876491206032889,0.62,1.5270793628020087,"[array([[0.        , 1.21763885],
       [0.        , 1.50050235],
       [0.        , 1.5276984 ],
       [0.        , 1.56075501],
       [0.        , 1.5756526 ],
       [0.        , 1.63462257],
       [0.        , 1.64819396],
       [0.        , 1.65235078],
       [0.        , 1.65699244],
       [0.        , 1.67905593],
       [0.        , 1.69761336],
       [0.        , 1.70768595],
       [0.        , 1.70929575],
       [0.        , 1.7265836 ],
       [0.        , 1.72946203],
       [0.        , 1.7557739 ],
       [0.        , 1.77019811],
       [0.        , 1.78610659],
       [0.        , 1.79107094],
       [0.        , 1.79155624],
       [0.        , 1.81373537],
       [0.        , 1.82882655],
       [0.        , 1.84579301],
       [0.        , 1.86295831],
       [0.        , 1.8943994 ],
       [0.        , 1.93217945],
       [0.        , 1.94139981],
       [0.        , 1.96008956],
       [0.        , 1.96059465],
       [0.        , 1.96147311],
       [0.        , 1.97700846],
       [0.        , 1.98181832],
       [0.        , 1.98655796],
       [0.        , 2.00470781],
       [0.        , 2.0146904 ],
       [0.        , 2.01915264],
       [0.        , 2.03542757],
       [0.        , 2.04797935],
       [0.        , 2.04848933],
       [0.        , 2.05361366],
       [0.        , 2.05815601],
       [0.        , 2.06162024],
       [0.        , 2.06363297],
       [0.        , 2.07996297],
       [0.        , 2.0868392 ],
       [0.        , 2.09228992],
       [0.        , 2.09561753],
       [0.        , 2.10902238],
       [0.        , 2.11287212],
       [0.        , 2.12057447],
       [0.        , 2.1216538 ],
       [0.        , 2.12690163],
       [0.        , 2.12727642],
       [0.        , 2.13022423],
       [0.        , 2.13086057],
       [0.        , 2.13347268],
       [0.        , 2.14275908],
       [0.        , 2.14747167],
       [0.        , 2.14942336],
       [0.        , 2.1506691 ],
       [0.        , 2.15356588],
       [0.        , 2.157758  ],
       [0.        , 2.16358399],
       [0.        , 2.16359258],
       [0.        , 2.17794323],
       [0.        , 2.18597937],
       [0.        , 2.18996072],
       [0.        , 2.19163084],
       [0.        , 2.19511104],
       [0.        , 2.19623375],
       [0.        , 2.19741225],
       [0.        , 2.20154047],
       [0.        , 2.20313573],
       [0.        , 2.2062335 ],
       [0.        , 2.20968628],
       [0.        , 2.2121172 ],
       [0.        , 2.22082281],
       [0.        , 2.22113872],
       [0.        , 2.22295904],
       [0.        , 2.22688079],
       [0.        , 2.2305603 ],
       [0.        , 2.23466587],
       [0.        ,        inf]]), array([[2.06964731, 2.08961177],
       [2.01203489, 2.08961177],
       [2.01100516, 2.01155353],
       [2.00916958, 2.06396437],
       [1.79648423, 1.82543945],
       [1.78359962, 1.7885952 ],
       [1.7660917 , 1.7806108 ]])]",True
194,2.2478301525115967,4.76837158203125e-05,2.048070022740315,175.1,5.264601462215759,5,0.02895522117614746,0.008990764617919922,0.01435558795928955,0.2,1.3236645437785959,"[array([[0.        , 1.48658133],
       [0.        , 1.50050235],
       [0.        , 1.56075501],
       [0.        , 1.5756526 ],
       [0.        , 1.61924696],
       [0.        , 1.62295961],
       [0.        , 1.63462257],
       [0.        , 1.65699244],
       [0.        , 1.67905593],
       [0.        , 1.70768595],
       [0.        , 1.70929575],
       [0.        , 1.7265836 ],
       [0.        , 1.72946203],
       [0.        , 1.72972155],
       [0.        , 1.75499403],
       [0.        , 1.7557739 ],
       [0.        , 1.77019811],
       [0.        , 1.77414489],
       [0.        , 1.78610659],
       [0.        , 1.79107094],
       [0.        , 1.79155624],
       [0.        , 1.8010534 ],
       [0.        , 1.8029269 ],
       [0.        , 1.82882655],
       [0.        , 1.8433857 ],
       [0.        , 1.84483862],
       [0.        , 1.84579301],
       [0.        , 1.87631428],
       [0.        , 1.87676966],
       [0.        , 1.88051164],
       [0.        , 1.88230765],
       [0.        , 1.89867222],
       [0.        , 1.90997446],
       [0.        , 1.91020823],
       [0.        , 1.92075825],
       [0.        , 1.92526627],
       [0.        , 1.94957185],
       [0.        , 1.95799017],
       [0.        , 1.95873845],
       [0.        , 1.96008956],
       [0.        , 1.96033144],
       [0.        , 1.96059465],
       [0.        , 1.96299124],
       [0.        , 1.97258985],
       [0.        , 1.97340119],
       [0.        , 1.97574365],
       [0.        , 1.98181832],
       [0.        , 1.99195361],
       [0.        , 1.99418402],
       [0.        , 2.00254297],
       [0.        , 2.0026114 ],
       [0.        , 2.00460958],
       [0.        , 2.00470781],
       [0.        , 2.00751162],
       [0.        , 2.01046205],
       [0.        , 2.01100159],
       [0.        , 2.01295018],
       [0.        , 2.01320791],
       [0.        , 2.0142951 ],
       [0.        , 2.01552868],
       [0.        , 2.02089405],
       [0.        , 2.02276921],
       [0.        , 2.02317476],
       [0.        , 2.02406883],
       [0.        , 2.02658129],
       [0.        , 2.03044891],
       [0.        , 2.03241014],
       [0.        , 2.03542757],
       [0.        , 2.03667521],
       [0.        , 2.0395937 ],
       [0.        , 2.04326797],
       [0.        , 2.04795194],
       [0.        , 2.05087781],
       [0.        , 2.05150676],
       [0.        , 2.05316973],
       [0.        , 2.05577874],
       [0.        , 2.05696583],
       [0.        , 2.0577035 ],
       [0.        , 2.06005812],
       [0.        , 2.06180239],
       [0.        , 2.06212139],
       [0.        , 2.0622108 ],
       [0.        , 2.06392837],
       [0.        , 2.06451464],
       [0.        , 2.06722999],
       [0.        , 2.06973505],
       [0.        , 2.07166862],
       [0.        , 2.07295799],
       [0.        , 2.07418346],
       [0.        , 2.07488155],
       [0.        , 2.0789113 ],
       [0.        , 2.0803597 ],
       [0.        , 2.08461165],
       [0.        , 2.0853529 ],
       [0.        , 2.08557439],
       [0.        , 2.08659244],
       [0.        , 2.08700299],
       [0.        , 2.08782005],
       [0.        , 2.09038496],
       [0.        , 2.0913229 ],
       [0.        , 2.0921917 ],
       [0.        , 2.09228992],
       [0.        , 2.09697104],
       [0.        , 2.09713435],
       [0.        , 2.09822941],
       [0.        , 2.09948468],
       [0.        , 2.10366654],
       [0.        , 2.10751581],
       [0.        , 2.10874772],
       [0.        , 2.11628366],
       [0.        , 2.11730123],
       [0.        , 2.12101603],
       [0.        , 2.12447214],
       [0.        , 2.12494302],
       [0.        , 2.12687373],
       [0.        , 2.12726712],
       [0.        , 2.12727642],
       [0.        , 2.13054109],
       [0.        , 2.13220453],
       [0.        , 2.13249874],
       [0.        , 2.13598084],
       [0.        , 2.13659382],
       [0.        , 2.13739085],
       [0.        , 2.1390698 ],
       [0.        , 2.14011645],
       [0.        , 2.14418268],
       [0.        , 2.1451304 ],
       [0.        , 2.14699554],
       [0.        , 2.14723301],
       [0.        , 2.14764476],
       [0.        , 2.15000725],
       [0.        , 2.15099502],
       [0.        , 2.15263677],
       [0.        , 2.15361881],
       [0.        , 2.15387583],
       [0.        , 2.15457726],
       [0.        , 2.15689397],
       [0.        , 2.15697479],
       [0.        , 2.16086602],
       [0.        , 2.16233611],
       [0.        , 2.16251564],
       [0.        , 2.16360021],
       [0.        , 2.16457534],
       [0.        , 2.16595769],
       [0.        , 2.16766   ],
       [0.        , 2.16773963],
       [0.        , 2.16782904],
       [0.        , 2.16818404],
       [0.        , 2.16840696],
       [0.        , 2.16862965],
       [0.        , 2.16923356],
       [0.        , 2.16970205],
       [0.        , 2.17196155],
       [0.        , 2.17249274],
       [0.        , 2.1728127 ],
       [0.        , 2.17411685],
       [0.        , 2.17646122],
       [0.        , 2.18002415],
       [0.        , 2.18186307],
       [0.        , 2.18597937],
       [0.        , 2.18656754],
       [0.        , 2.1875    ],
       [0.        , 2.1905427 ],
       [0.        , 2.19177389],
       [0.        , 2.19258404],
       [0.        , 2.19303942],
       [0.        , 2.19316936],
       [0.        , 2.19672704],
       [0.        , 2.19685197],
       [0.        , 2.19795966],
       [0.        , 2.19829512],
       [0.        , 2.19856477],
       [0.        , 2.19904375],
       [0.        , 2.20312476],
       [0.        , 2.20348501],
       [0.        , 2.20541906],
       [0.        , 2.20580697],
       [0.        , 2.20742154],
       [0.        , 2.20908308],
       [0.        , 2.20962119],
       [0.        , 2.2131846 ],
       [0.        , 2.21769738],
       [0.        , 2.21898317],
       [0.        , 2.21952653],
       [0.        , 2.22259736],
       [0.        , 2.22405267],
       [0.        , 2.22618675],
       [0.        , 2.22688079],
       [0.        , 2.22763276],
       [0.        , 2.23466587],
       [0.        , 2.2381413 ],
       [0.        , 2.24157977],
       [0.        , 2.24778247],
       [0.        , 2.24783015],
       [0.        ,        inf]]), array([[2.11777306, 2.12556386],
       [2.06964731, 2.08961177],
       [2.01100516, 2.01155353],
       [1.79648423, 1.82543945],
       [1.7660917 , 1.7806108 ]])]",True
111,2.2386891841888428,0.004023313522338867,2.000890311894116,98.36,4.703393771547594,4,0.07091236114501953,0.04195713996887207,0.028733760118484497,0.36,0.932117847887993,"[array([[0.        , 1.21763885],
       [0.        , 1.36758363],
       [0.        , 1.48658133],
       [0.        , 1.49107373],
       [0.        , 1.50050235],
       [0.        , 1.56075501],
       [0.        , 1.5756526 ],
       [0.        , 1.62295961],
       [0.        , 1.64819396],
       [0.        , 1.65699244],
       [0.        , 1.67745805],
       [0.        , 1.67905593],
       [0.        , 1.69042754],
       [0.        , 1.69761336],
       [0.        , 1.70768595],
       [0.        , 1.70929575],
       [0.        , 1.7265836 ],
       [0.        , 1.72946203],
       [0.        , 1.72972155],
       [0.        , 1.7557739 ],
       [0.        , 1.78610659],
       [0.        , 1.79107094],
       [0.        , 1.79155624],
       [0.        , 1.81817877],
       [0.        , 1.8433857 ],
       [0.        , 1.84579301],
       [0.        , 1.8944658 ],
       [0.        , 1.92026877],
       [0.        , 1.93802845],
       [0.        , 1.93918598],
       [0.        , 1.94013143],
       [0.        , 1.96008956],
       [0.        , 1.96059465],
       [0.        , 1.96992195],
       [0.        , 1.97369337],
       [0.        , 1.98181832],
       [0.        , 1.99050784],
       [0.        , 1.99265707],
       [0.        , 1.99475837],
       [0.        , 2.0025301 ],
       [0.        , 2.00417829],
       [0.        , 2.00470781],
       [0.        , 2.00780869],
       [0.        , 2.0124867 ],
       [0.        , 2.03049159],
       [0.        , 2.03086972],
       [0.        , 2.05574155],
       [0.        , 2.05610108],
       [0.        , 2.06124306],
       [0.        , 2.06519318],
       [0.        , 2.06553316],
       [0.        , 2.06788564],
       [0.        , 2.07072902],
       [0.        , 2.08263636],
       [0.        , 2.08424354],
       [0.        , 2.09127545],
       [0.        , 2.09228992],
       [0.        , 2.09254074],
       [0.        , 2.09895802],
       [0.        , 2.09950852],
       [0.        , 2.1004827 ],
       [0.        , 2.10265899],
       [0.        , 2.10371208],
       [0.        , 2.10637903],
       [0.        , 2.11213398],
       [0.        , 2.11264873],
       [0.        , 2.11578846],
       [0.        , 2.12040448],
       [0.        , 2.12042093],
       [0.        , 2.12101603],
       [0.        , 2.121068  ],
       [0.        , 2.1264751 ],
       [0.        , 2.13484621],
       [0.        , 2.14019513],
       [0.        , 2.14159322],
       [0.        , 2.1445787 ],
       [0.        , 2.14680648],
       [0.        , 2.15093565],
       [0.        , 2.15361881],
       [0.        , 2.15542698],
       [0.        , 2.15800667],
       [0.        , 2.16119885],
       [0.        , 2.16216874],
       [0.        , 2.16219473],
       [0.        , 2.16351342],
       [0.        , 2.16353106],
       [0.        , 2.16360092],
       [0.        , 2.16400838],
       [0.        , 2.16442323],
       [0.        , 2.1674521 ],
       [0.        , 2.17419267],
       [0.        , 2.17963266],
       [0.        , 2.18011045],
       [0.        , 2.18227243],
       [0.        , 2.18898559],
       [0.        , 2.1905427 ],
       [0.        , 2.19181991],
       [0.        , 2.19513369],
       [0.        , 2.19580245],
       [0.        , 2.19627666],
       [0.        , 2.19688654],
       [0.        , 2.19755101],
       [0.        , 2.19840693],
       [0.        , 2.20284629],
       [0.        , 2.20295691],
       [0.        , 2.20315146],
       [0.        , 2.20791936],
       [0.        , 2.21440625],
       [0.        , 2.22511172],
       [0.        , 2.23466587],
       [0.        , 2.23868918],
       [0.        ,        inf]]), array([[2.01479149, 2.08570385],
       [2.01100516, 2.01155353],
       [1.79648423, 1.82543945],
       [1.7660917 , 1.7806108 ]])]",False
74,2.24157977104187,0.006913900375366211,1.9916445484032501,65.14,4.297467655696002,4,0.02895522117614746,0.0006666183471679688,0.01943916082382202,0.26,1.1197415276438987,"[array([[0.        , 1.45689738],
       [0.        , 1.48658133],
       [0.        , 1.50050235],
       [0.        , 1.5756526 ],
       [0.        , 1.61924696],
       [0.        , 1.62295961],
       [0.        , 1.63462257],
       [0.        , 1.65699244],
       [0.        , 1.67905593],
       [0.        , 1.68009913],
       [0.        , 1.68343854],
       [0.        , 1.68959582],
       [0.        , 1.70768595],
       [0.        , 1.70929575],
       [0.        , 1.7265836 ],
       [0.        , 1.72946203],
       [0.        , 1.74624395],
       [0.        , 1.7557739 ],
       [0.        , 1.77539909],
       [0.        , 1.78610659],
       [0.        , 1.79107094],
       [0.        , 1.84483862],
       [0.        , 1.91665983],
       [0.        , 1.93217945],
       [0.        , 1.94292152],
       [0.        , 1.96059465],
       [0.        , 1.98181832],
       [0.        , 1.9874649 ],
       [0.        , 2.00470781],
       [0.        , 2.01361704],
       [0.        , 2.0395937 ],
       [0.        , 2.04703259],
       [0.        , 2.05651402],
       [0.        , 2.05816317],
       [0.        , 2.06420016],
       [0.        , 2.06519318],
       [0.        , 2.07423663],
       [0.        , 2.07828331],
       [0.        , 2.07915449],
       [0.        , 2.08405232],
       [0.        , 2.10369468],
       [0.        , 2.11079121],
       [0.        , 2.11552715],
       [0.        , 2.120327  ],
       [0.        , 2.12956738],
       [0.        , 2.13347268],
       [0.        , 2.14749479],
       [0.        , 2.15877175],
       [0.        , 2.16044307],
       [0.        , 2.16727161],
       [0.        , 2.16935515],
       [0.        , 2.17078519],
       [0.        , 2.17101693],
       [0.        , 2.17605448],
       [0.        , 2.17774725],
       [0.        , 2.17905164],
       [0.        , 2.18045855],
       [0.        , 2.18438745],
       [0.        , 2.18597937],
       [0.        , 2.18656969],
       [0.        , 2.1905427 ],
       [0.        , 2.19782519],
       [0.        , 2.19867754],
       [0.        , 2.20312476],
       [0.        , 2.20745826],
       [0.        , 2.20962119],
       [0.        , 2.21003032],
       [0.        , 2.21883011],
       [0.        , 2.21918416],
       [0.        , 2.22422075],
       [0.        , 2.22579598],
       [0.        , 2.22688079],
       [0.        , 2.23466587],
       [0.        , 2.24157977],
       [0.        ,        inf]]), array([[2.06964731, 2.08961177],
       [2.01100516, 2.01155353],
       [1.79648423, 1.82543945],
       [1.79155624, 1.81984484]])]",True
107,2.24157977104187,0.006913900375366211,2.015638983138254,95.44,4.667228246390657,7,0.02895522117614746,0.008990764617919922,0.011621713638305664,0.26,1.5895505618014338,"[array([[0.        , 1.48658133],
       [0.        , 1.50050235],
       [0.        , 1.5276984 ],
       [0.        , 1.56075501],
       [0.        , 1.56762123],
       [0.        , 1.5756526 ],
       [0.        , 1.61924696],
       [0.        , 1.62295961],
       [0.        , 1.63279319],
       [0.        , 1.63462257],
       [0.        , 1.65699244],
       [0.        , 1.67905593],
       [0.        , 1.69042754],
       [0.        , 1.69908237],
       [0.        , 1.70768595],
       [0.        , 1.70929575],
       [0.        , 1.7265836 ],
       [0.        , 1.72946203],
       [0.        , 1.7557739 ],
       [0.        , 1.78610659],
       [0.        , 1.79107094],
       [0.        , 1.79155624],
       [0.        , 1.8034842 ],
       [0.        , 1.81356204],
       [0.        , 1.82882655],
       [0.        , 1.8433857 ],
       [0.        , 1.84483862],
       [0.        , 1.84579301],
       [0.        , 1.95873845],
       [0.        , 1.96008956],
       [0.        , 1.96059465],
       [0.        , 1.96299124],
       [0.        , 1.98181832],
       [0.        , 1.99433672],
       [0.        , 2.00470781],
       [0.        , 2.01338983],
       [0.        , 2.01361704],
       [0.        , 2.01725316],
       [0.        , 2.019768  ],
       [0.        , 2.02092099],
       [0.        , 2.0395937 ],
       [0.        , 2.04881978],
       [0.        , 2.06461287],
       [0.        , 2.06720638],
       [0.        , 2.07783318],
       [0.        , 2.07855344],
       [0.        , 2.07955861],
       [0.        , 2.08312726],
       [0.        , 2.09969616],
       [0.        , 2.10526919],
       [0.        , 2.10958099],
       [0.        , 2.11109495],
       [0.        , 2.11358333],
       [0.        , 2.11449552],
       [0.        , 2.11599731],
       [0.        , 2.11804628],
       [0.        , 2.11818337],
       [0.        , 2.12020493],
       [0.        , 2.12101603],
       [0.        , 2.12732315],
       [0.        , 2.13078666],
       [0.        , 2.13347268],
       [0.        , 2.13522649],
       [0.        , 2.13708043],
       [0.        , 2.13800955],
       [0.        , 2.13932395],
       [0.        , 2.1394186 ],
       [0.        , 2.14123774],
       [0.        , 2.14379692],
       [0.        , 2.14764476],
       [0.        , 2.1479187 ],
       [0.        , 2.15099502],
       [0.        , 2.15174818],
       [0.        , 2.15457726],
       [0.        , 2.15774941],
       [0.        , 2.16041994],
       [0.        , 2.16077447],
       [0.        , 2.16183877],
       [0.        , 2.16497636],
       [0.        , 2.16512728],
       [0.        , 2.16552472],
       [0.        , 2.16708231],
       [0.        , 2.18194056],
       [0.        , 2.1841104 ],
       [0.        , 2.18597937],
       [0.        , 2.19043756],
       [0.        , 2.1905427 ],
       [0.        , 2.19066429],
       [0.        , 2.19147539],
       [0.        , 2.19331551],
       [0.        , 2.19596434],
       [0.        , 2.19632244],
       [0.        , 2.19685197],
       [0.        , 2.19908118],
       [0.        , 2.20304704],
       [0.        , 2.20315146],
       [0.        , 2.20348501],
       [0.        , 2.20693851],
       [0.        , 2.20908308],
       [0.        , 2.20962119],
       [0.        , 2.21364093],
       [0.        , 2.22359276],
       [0.        , 2.22520614],
       [0.        , 2.22688079],
       [0.        , 2.22762394],
       [0.        , 2.23466587],
       [0.        , 2.24157977],
       [0.        ,        inf]]), array([[2.06964731, 2.08961177],
       [2.01100516, 2.01155353],
       [1.91665983, 1.9192555 ],
       [1.84556353, 1.85533714],
       [1.79648423, 1.82543945],
       [1.78359962, 1.7885952 ],
       [1.7660917 , 1.7806108 ]])]",False
134,2.234592914581299,0.024692535400390625,1.964400715792357,116.82,4.892877486733163,9,0.049222588539123535,0.013339877128601074,0.016586396429273818,0.34,1.7107777106460964,"[array([[0.        , 1.21763885],
       [0.        , 1.46008193],
       [0.        , 1.50050235],
       [0.        , 1.52427685],
       [0.        , 1.5276984 ],
       [0.        , 1.56075501],
       [0.        , 1.56762123],
       [0.        , 1.5756526 ],
       [0.        , 1.59732878],
       [0.        , 1.63279319],
       [0.        , 1.64030313],
       [0.        , 1.65235078],
       [0.        , 1.65699244],
       [0.        , 1.69761336],
       [0.        , 1.70768595],
       [0.        , 1.70929575],
       [0.        , 1.7265836 ],
       [0.        , 1.72946203],
       [0.        , 1.72972155],
       [0.        , 1.739851  ],
       [0.        , 1.75499403],
       [0.        , 1.7557739 ],
       [0.        , 1.76256418],
       [0.        , 1.77539909],
       [0.        , 1.79108512],
       [0.        , 1.79155624],
       [0.        , 1.79617035],
       [0.        , 1.8010534 ],
       [0.        , 1.80106235],
       [0.        , 1.8034842 ],
       [0.        , 1.81031859],
       [0.        , 1.83189297],
       [0.        , 1.83450246],
       [0.        , 1.84526014],
       [0.        , 1.84671748],
       [0.        , 1.86355364],
       [0.        , 1.87280977],
       [0.        , 1.87635839],
       [0.        , 1.87840211],
       [0.        , 1.88146448],
       [0.        , 1.88165975],
       [0.        , 1.8960526 ],
       [0.        , 1.91206896],
       [0.        , 1.92179513],
       [0.        , 1.92473018],
       [0.        , 1.94101059],
       [0.        , 1.94565892],
       [0.        , 1.94799149],
       [0.        , 1.95836568],
       [0.        , 1.96059465],
       [0.        , 1.96992195],
       [0.        , 1.9726994 ],
       [0.        , 1.97501123],
       [0.        , 1.98181832],
       [0.        , 1.98686373],
       [0.        , 1.98926437],
       [0.        , 1.99075341],
       [0.        , 1.99195361],
       [0.        , 1.99457741],
       [0.        , 1.99928355],
       [0.        , 2.00470781],
       [0.        , 2.01338983],
       [0.        , 2.01565289],
       [0.        , 2.02092099],
       [0.        , 2.03058553],
       [0.        , 2.03209567],
       [0.        , 2.03606844],
       [0.        , 2.03618455],
       [0.        , 2.03793693],
       [0.        , 2.0395937 ],
       [0.        , 2.04444027],
       [0.        , 2.04593229],
       [0.        , 2.05595374],
       [0.        , 2.05638528],
       [0.        , 2.05659676],
       [0.        , 2.05662274],
       [0.        , 2.06154037],
       [0.        , 2.06519318],
       [0.        , 2.06699729],
       [0.        , 2.0712924 ],
       [0.        , 2.07142925],
       [0.        , 2.07291174],
       [0.        , 2.07630873],
       [0.        , 2.07741117],
       [0.        , 2.07853556],
       [0.        , 2.08004475],
       [0.        , 2.08143878],
       [0.        , 2.0874989 ],
       [0.        , 2.08911562],
       [0.        , 2.0909903 ],
       [0.        , 2.09156752],
       [0.        , 2.09288502],
       [0.        , 2.09393096],
       [0.        , 2.09515119],
       [0.        , 2.09550405],
       [0.        , 2.09838796],
       [0.        , 2.09993839],
       [0.        , 2.1008172 ],
       [0.        , 2.1020503 ],
       [0.        , 2.10375261],
       [0.        , 2.10422301],
       [0.        , 2.10748506],
       [0.        , 2.1096735 ],
       [0.        , 2.11125779],
       [0.        , 2.11309767],
       [0.        , 2.11544418],
       [0.        , 2.11599183],
       [0.        , 2.11737585],
       [0.        , 2.12174225],
       [0.        , 2.12536979],
       [0.        , 2.12756181],
       [0.        , 2.12765884],
       [0.        , 2.13039303],
       [0.        , 2.13161111],
       [0.        , 2.13308048],
       [0.        , 2.13508821],
       [0.        , 2.13527894],
       [0.        , 2.13891888],
       [0.        , 2.14420104],
       [0.        , 2.14447427],
       [0.        , 2.14632249],
       [0.        , 2.14679241],
       [0.        , 2.14791059],
       [0.        , 2.15324259],
       [0.        , 2.15672874],
       [0.        , 2.16228294],
       [0.        , 2.16519356],
       [0.        , 2.16551828],
       [0.        , 2.16893101],
       [0.        , 2.18597937],
       [0.        , 2.19685197],
       [0.        , 2.20105386],
       [0.        , 2.20990038],
       [0.        , 2.23459291],
       [0.        ,        inf]]), array([[2.15985823, 2.19574094],
       [2.02184224, 2.02462697],
       [2.01100516, 2.01155353],
       [1.91665983, 1.9192555 ],
       [1.84556353, 1.85533714],
       [1.81383204, 1.86305463],
       [1.79648423, 1.82543945],
       [1.78359962, 1.7885952 ],
       [1.7660917 , 1.7806108 ]])]",True
68,2.24157977104187,0.006913900375366211,1.9409616642138536,58.36,4.211745706427827,7,0.02895522117614746,0.014436125755310059,0.009882620402744837,0.2,1.5659345633919772,"[array([[0.        , 1.4371264 ],
       [0.        , 1.44018292],
       [0.        , 1.46674025],
       [0.        , 1.48658133],
       [0.        , 1.5276984 ],
       [0.        , 1.56075501],
       [0.        , 1.57512724],
       [0.        , 1.59647572],
       [0.        , 1.61924696],
       [0.        , 1.62295961],
       [0.        , 1.65699244],
       [0.        , 1.66633797],
       [0.        , 1.67745805],
       [0.        , 1.69042754],
       [0.        , 1.70768595],
       [0.        , 1.70929575],
       [0.        , 1.7265836 ],
       [0.        , 1.72946203],
       [0.        , 1.7557739 ],
       [0.        , 1.78610659],
       [0.        , 1.79107094],
       [0.        , 1.8034842 ],
       [0.        , 1.81984484],
       [0.        , 1.82882655],
       [0.        , 1.84483862],
       [0.        , 1.88051164],
       [0.        , 1.91337478],
       [0.        , 1.95267034],
       [0.        , 1.96008956],
       [0.        , 1.96059465],
       [0.        , 1.96572685],
       [0.        , 1.98181832],
       [0.        , 2.00470781],
       [0.        , 2.00982809],
       [0.        , 2.011168  ],
       [0.        , 2.02165651],
       [0.        , 2.0395937 ],
       [0.        , 2.046628  ],
       [0.        , 2.04791188],
       [0.        , 2.06199408],
       [0.        , 2.06212139],
       [0.        , 2.08880401],
       [0.        , 2.09861994],
       [0.        , 2.1020503 ],
       [0.        , 2.10675669],
       [0.        , 2.12187171],
       [0.        , 2.12495232],
       [0.        , 2.13347268],
       [0.        , 2.13522649],
       [0.        , 2.14053345],
       [0.        , 2.15089893],
       [0.        , 2.153512  ],
       [0.        , 2.16238475],
       [0.        , 2.16248751],
       [0.        , 2.16552472],
       [0.        , 2.16695833],
       [0.        , 2.18194056],
       [0.        , 2.18227243],
       [0.        , 2.18597937],
       [0.        , 2.20449376],
       [0.        , 2.20745826],
       [0.        , 2.20962119],
       [0.        , 2.21244478],
       [0.        , 2.21766257],
       [0.        , 2.21886158],
       [0.        , 2.22688079],
       [0.        , 2.23466587],
       [0.        , 2.24157977],
       [0.        ,        inf]]), array([[2.11777306, 2.12556386],
       [2.01100516, 2.01155353],
       [1.91665983, 1.9192555 ],
       [1.84556353, 1.85533714],
       [1.79648423, 1.82543945],
       [1.78359962, 1.7885952 ],
       [1.7660917 , 1.7806108 ]])]",False
123,2.247472047805786,0.0021431446075439453,2.0376289433580106,110.46,4.806861355735355,8,0.08970129489898682,0.01603233814239502,0.031078606843948364,0.62,1.6377569778369079,"[array([[0.        , 1.21763885],
       [0.        , 1.48658133],
       [0.        , 1.49107373],
       [0.        , 1.50050235],
       [0.        , 1.56075501],
       [0.        , 1.5756526 ],
       [0.        , 1.62295961],
       [0.        , 1.63462257],
       [0.        , 1.64819396],
       [0.        , 1.65699244],
       [0.        , 1.67745805],
       [0.        , 1.69042754],
       [0.        , 1.69761336],
       [0.        , 1.70768595],
       [0.        , 1.70929575],
       [0.        , 1.7265836 ],
       [0.        , 1.72946203],
       [0.        , 1.7557739 ],
       [0.        , 1.78610659],
       [0.        , 1.79155624],
       [0.        , 1.81356204],
       [0.        , 1.8433857 ],
       [0.        , 1.86981142],
       [0.        , 1.87839961],
       [0.        , 1.90838575],
       [0.        , 1.93509984],
       [0.        , 1.94225204],
       [0.        , 1.96008956],
       [0.        , 1.96059465],
       [0.        , 1.97679675],
       [0.        , 1.98181832],
       [0.        , 2.00100923],
       [0.        , 2.00470781],
       [0.        , 2.01338983],
       [0.        , 2.02092099],
       [0.        , 2.0258038 ],
       [0.        , 2.03058481],
       [0.        , 2.03637695],
       [0.        , 2.03975034],
       [0.        , 2.0436542 ],
       [0.        , 2.0482471 ],
       [0.        , 2.05314898],
       [0.        , 2.06201553],
       [0.        , 2.06212139],
       [0.        , 2.06435299],
       [0.        , 2.06461287],
       [0.        , 2.06601334],
       [0.        , 2.08676672],
       [0.        , 2.0871551 ],
       [0.        , 2.08972096],
       [0.        , 2.09228992],
       [0.        , 2.09386086],
       [0.        , 2.09582663],
       [0.        , 2.09766865],
       [0.        , 2.09954023],
       [0.        , 2.10475159],
       [0.        , 2.10526919],
       [0.        , 2.10637903],
       [0.        , 2.10958099],
       [0.        , 2.11358333],
       [0.        , 2.11449552],
       [0.        , 2.11599731],
       [0.        , 2.11818337],
       [0.        , 2.11940765],
       [0.        , 2.12096119],
       [0.        , 2.12131596],
       [0.        , 2.12515354],
       [0.        , 2.12543035],
       [0.        , 2.1264751 ],
       [0.        , 2.13378739],
       [0.        , 2.13665557],
       [0.        , 2.13903713],
       [0.        , 2.1394186 ],
       [0.        , 2.14306831],
       [0.        , 2.14824653],
       [0.        , 2.14928269],
       [0.        , 2.1495316 ],
       [0.        , 2.14954662],
       [0.        , 2.15099502],
       [0.        , 2.15174818],
       [0.        , 2.15457726],
       [0.        , 2.15484715],
       [0.        , 2.15952706],
       [0.        , 2.16077447],
       [0.        , 2.16219473],
       [0.        , 2.16457534],
       [0.        , 2.16497636],
       [0.        , 2.16512728],
       [0.        , 2.16580009],
       [0.        , 2.16595769],
       [0.        , 2.16815257],
       [0.        , 2.17000794],
       [0.        , 2.17419267],
       [0.        , 2.17702127],
       [0.        , 2.18007112],
       [0.        , 2.1841104 ],
       [0.        , 2.19045663],
       [0.        , 2.19066429],
       [0.        , 2.19092488],
       [0.        , 2.19147539],
       [0.        , 2.19331551],
       [0.        , 2.19565248],
       [0.        , 2.19685197],
       [0.        , 2.19743562],
       [0.        , 2.19755101],
       [0.        , 2.19829512],
       [0.        , 2.19840693],
       [0.        , 2.19861031],
       [0.        , 2.20143437],
       [0.        , 2.20304704],
       [0.        , 2.2055285 ],
       [0.        , 2.20778084],
       [0.        , 2.20800519],
       [0.        , 2.20908308],
       [0.        , 2.21440625],
       [0.        , 2.21627474],
       [0.        , 2.21982503],
       [0.        , 2.22018361],
       [0.        , 2.22359276],
       [0.        , 2.22520614],
       [0.        , 2.23466587],
       [0.        , 2.2453289 ],
       [0.        , 2.24747205],
       [0.        ,        inf]]), array([[2.12101603, 2.13485146],
       [2.11790848, 2.13039303],
       [2.06964731, 2.08456326],
       [2.01203489, 2.08570385],
       [2.01100516, 2.01155353],
       [1.99991047, 2.08961177],
       [1.79648423, 1.82543945],
       [1.7660917 , 1.7806108 ]])]",True
83,2.234665870666504,0.007025718688964844,2.0203265080969017,74.4,4.413848902122734,4,0.029766321182250977,0.0008111000061035156,0.01844725012779236,0.26,1.089616105021407,"[array([[0.        , 1.21763885],
       [0.        , 1.56075501],
       [0.        , 1.64819396],
       [0.        , 1.65699244],
       [0.        , 1.67304981],
       [0.        , 1.67905593],
       [0.        , 1.69042754],
       [0.        , 1.69761336],
       [0.        , 1.70768595],
       [0.        , 1.70929575],
       [0.        , 1.7265836 ],
       [0.        , 1.72946203],
       [0.        , 1.7557739 ],
       [0.        , 1.78610659],
       [0.        , 1.79107094],
       [0.        , 1.80106235],
       [0.        , 1.81373537],
       [0.        , 1.81984484],
       [0.        , 1.88819611],
       [0.        , 1.94684029],
       [0.        , 1.95873845],
       [0.        , 1.96059465],
       [0.        , 1.98181832],
       [0.        , 1.98849726],
       [0.        , 2.00470781],
       [0.        , 2.01362753],
       [0.        , 2.01493216],
       [0.        , 2.02072382],
       [0.        , 2.02547646],
       [0.        , 2.02662611],
       [0.        , 2.03508449],
       [0.        , 2.03711009],
       [0.        , 2.0482471 ],
       [0.        , 2.05795074],
       [0.        , 2.05808687],
       [0.        , 2.06076264],
       [0.        , 2.06519866],
       [0.        , 2.07158184],
       [0.        , 2.07217884],
       [0.        , 2.07875729],
       [0.        , 2.08024693],
       [0.        , 2.08652306],
       [0.        , 2.09228992],
       [0.        , 2.09398317],
       [0.        , 2.09950852],
       [0.        , 2.10042739],
       [0.        , 2.10513473],
       [0.        , 2.10633206],
       [0.        , 2.10696721],
       [0.        , 2.11039424],
       [0.        , 2.11358333],
       [0.        , 2.11381197],
       [0.        , 2.12196732],
       [0.        , 2.12727642],
       [0.        , 2.14321184],
       [0.        , 2.14611292],
       [0.        , 2.14645815],
       [0.        , 2.15093565],
       [0.        , 2.15499163],
       [0.        , 2.15852404],
       [0.        , 2.16058707],
       [0.        , 2.16130137],
       [0.        , 2.16186452],
       [0.        , 2.16216874],
       [0.        , 2.1630888 ],
       [0.        , 2.17823315],
       [0.        , 2.18422723],
       [0.        , 2.18580914],
       [0.        , 2.18597937],
       [0.        , 2.18849683],
       [0.        , 2.1905427 ],
       [0.        , 2.19158697],
       [0.        , 2.19303942],
       [0.        , 2.19538617],
       [0.        , 2.19627666],
       [0.        , 2.20279503],
       [0.        , 2.20685816],
       [0.        , 2.21354055],
       [0.        , 2.21440625],
       [0.        , 2.22295904],
       [0.        , 2.22688079],
       [0.        , 2.22764015],
       [0.        , 2.23466587],
       [0.        ,        inf]]), array([[2.01333785, 2.04310417],
       [2.01100516, 2.01155353],
       [1.79648423, 1.82543945],
       [1.7660917 , 1.7806108 ]])]",True
77,2.234665870666504,0.00778508186340332,1.9912312046273963,68.0,4.338124892933823,3,0.02895522117614746,0.014436125755310059,0.014674226442972818,0.16,0.6960262320639133,"[array([[0.        , 1.21763885],
       [0.        , 1.50050235],
       [0.        , 1.56075501],
       [0.        , 1.5756526 ],
       [0.        , 1.64819396],
       [0.        , 1.65699244],
       [0.        , 1.67304981],
       [0.        , 1.69042754],
       [0.        , 1.69761336],
       [0.        , 1.70768595],
       [0.        , 1.70929575],
       [0.        , 1.7265836 ],
       [0.        , 1.72946203],
       [0.        , 1.72972155],
       [0.        , 1.7557739 ],
       [0.        , 1.78610659],
       [0.        , 1.79155624],
       [0.        , 1.80220604],
       [0.        , 1.81373537],
       [0.        , 1.91337478],
       [0.        , 1.92589796],
       [0.        , 1.94684029],
       [0.        , 1.95767033],
       [0.        , 1.96004057],
       [0.        , 1.96059465],
       [0.        , 1.98181832],
       [0.        , 2.00470781],
       [0.        , 2.00681114],
       [0.        , 2.00692058],
       [0.        , 2.01546216],
       [0.        , 2.02072382],
       [0.        , 2.02158737],
       [0.        , 2.02165651],
       [0.        , 2.02863526],
       [0.        , 2.03508449],
       [0.        , 2.03711009],
       [0.        , 2.0379529 ],
       [0.        , 2.0465858 ],
       [0.        , 2.0482471 ],
       [0.        , 2.08024693],
       [0.        , 2.08995581],
       [0.        , 2.09228992],
       [0.        , 2.09398317],
       [0.        , 2.09818912],
       [0.        , 2.09893727],
       [0.        , 2.10042739],
       [0.        , 2.10281992],
       [0.        , 2.10526919],
       [0.        , 2.11039424],
       [0.        , 2.11287212],
       [0.        , 2.11381197],
       [0.        , 2.12563491],
       [0.        , 2.12977982],
       [0.        , 2.130687  ],
       [0.        , 2.13592935],
       [0.        , 2.14321184],
       [0.        , 2.14461255],
       [0.        , 2.14645815],
       [0.        , 2.14653826],
       [0.        , 2.1488843 ],
       [0.        , 2.1495316 ],
       [0.        , 2.15499163],
       [0.        , 2.15568066],
       [0.        , 2.1566782 ],
       [0.        , 2.16130137],
       [0.        , 2.16238475],
       [0.        , 2.1630888 ],
       [0.        , 2.16465259],
       [0.        , 2.17437792],
       [0.        , 2.18422723],
       [0.        , 2.18597937],
       [0.        , 2.19303942],
       [0.        , 2.21354055],
       [0.        , 2.21921492],
       [0.        , 2.22295904],
       [0.        , 2.22688079],
       [0.        , 2.23466587],
       [0.        ,        inf]]), array([[2.01100516, 2.01155353],
       [1.79648423, 1.82543945],
       [1.7660917 , 1.7806108 ]])]",True
110,2.24157977104187,0.006913900375366211,2.0207337206060236,98.38,4.6956312753631115,7,0.07091236114501953,0.04195713996887207,0.01783273901258196,0.38,1.2121301154693405,"[array([[0.        , 1.48658133],
       [0.        , 1.50050235],
       [0.        , 1.5276984 ],
       [0.        , 1.56075501],
       [0.        , 1.5756526 ],
       [0.        , 1.61924696],
       [0.        , 1.62295961],
       [0.        , 1.64819396],
       [0.        , 1.65699244],
       [0.        , 1.67745805],
       [0.        , 1.69908237],
       [0.        , 1.70768595],
       [0.        , 1.70929575],
       [0.        , 1.7265836 ],
       [0.        , 1.72946203],
       [0.        , 1.7557739 ],
       [0.        , 1.78610659],
       [0.        , 1.79107094],
       [0.        , 1.79155624],
       [0.        , 1.8010534 ],
       [0.        , 1.8034842 ],
       [0.        , 1.8433857 ],
       [0.        , 1.84483862],
       [0.        , 1.86232948],
       [0.        , 1.86646354],
       [0.        , 1.87143004],
       [0.        , 1.90576446],
       [0.        , 1.93859518],
       [0.        , 1.93981314],
       [0.        , 1.94221079],
       [0.        , 1.94644964],
       [0.        , 1.96059465],
       [0.        , 1.96299124],
       [0.        , 1.97907972],
       [0.        , 1.98181832],
       [0.        , 1.99195361],
       [0.        , 2.00377011],
       [0.        , 2.00470781],
       [0.        , 2.01361704],
       [0.        , 2.02092099],
       [0.        , 2.02741289],
       [0.        , 2.03325915],
       [0.        , 2.0395937 ],
       [0.        , 2.0475235 ],
       [0.        , 2.0622108 ],
       [0.        , 2.06352925],
       [0.        , 2.06496048],
       [0.        , 2.06552815],
       [0.        , 2.07163835],
       [0.        , 2.07282138],
       [0.        , 2.08801341],
       [0.        , 2.08966041],
       [0.        , 2.09267449],
       [0.        , 2.09880424],
       [0.        , 2.10188746],
       [0.        , 2.10335755],
       [0.        , 2.10505223],
       [0.        , 2.11381197],
       [0.        , 2.11449552],
       [0.        , 2.11963964],
       [0.        , 2.12059093],
       [0.        , 2.12260938],
       [0.        , 2.12460232],
       [0.        , 2.12583542],
       [0.        , 2.12727642],
       [0.        , 2.13236022],
       [0.        , 2.13571906],
       [0.        , 2.14268899],
       [0.        , 2.14680648],
       [0.        , 2.14706731],
       [0.        , 2.15000629],
       [0.        , 2.15009522],
       [0.        , 2.15011525],
       [0.        , 2.15065241],
       [0.        , 2.15177035],
       [0.        , 2.15325642],
       [0.        , 2.15499163],
       [0.        , 2.15542698],
       [0.        , 2.15622497],
       [0.        , 2.15710688],
       [0.        , 2.15918803],
       [0.        , 2.16216874],
       [0.        , 2.16862965],
       [0.        , 2.16985536],
       [0.        , 2.17182302],
       [0.        , 2.17251039],
       [0.        , 2.17446303],
       [0.        , 2.18045855],
       [0.        , 2.18089604],
       [0.        , 2.18257213],
       [0.        , 2.18373609],
       [0.        , 2.18462467],
       [0.        , 2.18597937],
       [0.        , 2.18877649],
       [0.        , 2.19040608],
       [0.        , 2.19208837],
       [0.        , 2.19331551],
       [0.        , 2.19627666],
       [0.        , 2.19685197],
       [0.        , 2.19739938],
       [0.        , 2.19741559],
       [0.        , 2.19829512],
       [0.        , 2.20484376],
       [0.        , 2.20745826],
       [0.        , 2.20962119],
       [0.        , 2.21883011],
       [0.        , 2.22009206],
       [0.        , 2.22688079],
       [0.        , 2.23466587],
       [0.        , 2.24157977],
       [0.        ,        inf]]), array([[2.01479149, 2.08570385],
       [2.01100516, 2.01155353],
       [1.91115034, 1.91483235],
       [1.8944658 , 1.89568233],
       [1.79648423, 1.82543945],
       [1.78359962, 1.7885952 ],
       [1.7660917 , 1.7806108 ]])]",True
81,2.2386891841888428,0.004023313522338867,2.00190794615098,71.8,4.388613471156399,7,0.08970129489898682,0.01603233814239502,0.036889842578342984,0.86,1.4894324946149577,"[array([[0.        , 1.21763885],
       [0.        , 1.50050235],
       [0.        , 1.5756526 ],
       [0.        , 1.63462257],
       [0.        , 1.64819396],
       [0.        , 1.65699244],
       [0.        , 1.67304981],
       [0.        , 1.67745805],
       [0.        , 1.69761336],
       [0.        , 1.70768595],
       [0.        , 1.70929575],
       [0.        , 1.7265836 ],
       [0.        , 1.72946203],
       [0.        , 1.7557739 ],
       [0.        , 1.78610659],
       [0.        , 1.79107094],
       [0.        , 1.79108512],
       [0.        , 1.79155624],
       [0.        , 1.81373537],
       [0.        , 1.84579301],
       [0.        , 1.85259306],
       [0.        , 1.87525451],
       [0.        , 1.8816359 ],
       [0.        , 1.89768887],
       [0.        , 1.96008956],
       [0.        , 1.96059465],
       [0.        , 1.96344268],
       [0.        , 1.98181832],
       [0.        , 1.98323786],
       [0.        , 1.99475837],
       [0.        , 1.99909544],
       [0.        , 2.00470781],
       [0.        , 2.00982809],
       [0.        , 2.01461411],
       [0.        , 2.01827669],
       [0.        , 2.02005243],
       [0.        , 2.03044891],
       [0.        , 2.03330612],
       [0.        , 2.03433704],
       [0.        , 2.06519318],
       [0.        , 2.09511566],
       [0.        , 2.09973478],
       [0.        , 2.10265899],
       [0.        , 2.11156011],
       [0.        , 2.11209249],
       [0.        , 2.11578846],
       [0.        , 2.1224401 ],
       [0.        , 2.12833858],
       [0.        , 2.13294578],
       [0.        , 2.13484621],
       [0.        , 2.14271784],
       [0.        , 2.14680648],
       [0.        , 2.14713216],
       [0.        , 2.15132213],
       [0.        , 2.15314245],
       [0.        , 2.15361881],
       [0.        , 2.15418744],
       [0.        , 2.15669513],
       [0.        , 2.15688777],
       [0.        , 2.15729499],
       [0.        , 2.15916681],
       [0.        , 2.16351342],
       [0.        , 2.16543674],
       [0.        , 2.17419267],
       [0.        , 2.17754507],
       [0.        , 2.18241715],
       [0.        , 2.18597937],
       [0.        , 2.18898559],
       [0.        , 2.19181991],
       [0.        , 2.19366407],
       [0.        , 2.19627666],
       [0.        , 2.19852424],
       [0.        , 2.19900918],
       [0.        , 2.20449376],
       [0.        , 2.21921492],
       [0.        , 2.21982503],
       [0.        , 2.22295904],
       [0.        , 2.22511172],
       [0.        , 2.22688079],
       [0.        , 2.23466587],
       [0.        , 2.23868918],
       [0.        ,        inf]]), array([[2.06964731, 2.08456326],
       [2.01203489, 2.08570385],
       [2.01100516, 2.01155353],
       [1.99991047, 2.08961177],
       [1.8944658 , 1.89568233],
       [1.81383204, 1.86305463],
       [1.79648423, 1.82543945]])]",True
118,2.24157977104187,0.006913900375366211,2.016920755475254,105.3,4.765898895891441,5,0.02895522117614746,0.014436125755310059,0.010339617729187012,0.18,1.1087739087975732,"[array([[0.        , 1.48658133],
       [0.        , 1.50050235],
       [0.        , 1.5276984 ],
       [0.        , 1.56075501],
       [0.        , 1.5756526 ],
       [0.        , 1.61924696],
       [0.        , 1.62295961],
       [0.        , 1.6373446 ],
       [0.        , 1.64819396],
       [0.        , 1.65699244],
       [0.        , 1.67905593],
       [0.        , 1.70768595],
       [0.        , 1.70929575],
       [0.        , 1.71222293],
       [0.        , 1.7265836 ],
       [0.        , 1.72946203],
       [0.        , 1.75499403],
       [0.        , 1.7557739 ],
       [0.        , 1.77539909],
       [0.        , 1.78610659],
       [0.        , 1.79107094],
       [0.        , 1.79155624],
       [0.        , 1.8034842 ],
       [0.        , 1.8433857 ],
       [0.        , 1.84483862],
       [0.        , 1.84579301],
       [0.        , 1.88051164],
       [0.        , 1.90838575],
       [0.        , 1.91559041],
       [0.        , 1.92888141],
       [0.        , 1.95859516],
       [0.        , 1.96059465],
       [0.        , 1.96299124],
       [0.        , 1.98181832],
       [0.        , 1.98501658],
       [0.        , 1.9874649 ],
       [0.        , 1.98821962],
       [0.        , 1.99593985],
       [0.        , 1.99992895],
       [0.        , 2.00222373],
       [0.        , 2.00470781],
       [0.        , 2.00574136],
       [0.        , 2.00690627],
       [0.        , 2.00913954],
       [0.        , 2.01611137],
       [0.        , 2.02092099],
       [0.        , 2.03564405],
       [0.        , 2.0395937 ],
       [0.        , 2.0456624 ],
       [0.        , 2.06076264],
       [0.        , 2.061167  ],
       [0.        , 2.06162119],
       [0.        , 2.06182861],
       [0.        , 2.06198406],
       [0.        , 2.06199408],
       [0.        , 2.06513381],
       [0.        , 2.06519318],
       [0.        , 2.07036161],
       [0.        , 2.07295799],
       [0.        , 2.07317114],
       [0.        , 2.07996702],
       [0.        , 2.08677006],
       [0.        , 2.09186745],
       [0.        , 2.09837651],
       [0.        , 2.10011673],
       [0.        , 2.10254693],
       [0.        , 2.10501933],
       [0.        , 2.11109328],
       [0.        , 2.11122584],
       [0.        , 2.11287212],
       [0.        , 2.11838603],
       [0.        , 2.12128782],
       [0.        , 2.12727642],
       [0.        , 2.13107896],
       [0.        , 2.13347268],
       [0.        , 2.14185405],
       [0.        , 2.14354777],
       [0.        , 2.14373922],
       [0.        , 2.1460042 ],
       [0.        , 2.14670062],
       [0.        , 2.14865184],
       [0.        , 2.15182137],
       [0.        , 2.15217733],
       [0.        , 2.15263677],
       [0.        , 2.15976119],
       [0.        , 2.16143966],
       [0.        , 2.16186452],
       [0.        , 2.16265225],
       [0.        , 2.16345382],
       [0.        , 2.16457534],
       [0.        , 2.16773796],
       [0.        , 2.16791177],
       [0.        , 2.16922569],
       [0.        , 2.17086196],
       [0.        , 2.17879725],
       [0.        , 2.18022084],
       [0.        , 2.18257213],
       [0.        , 2.18597937],
       [0.        , 2.18650937],
       [0.        , 2.18777299],
       [0.        , 2.19308186],
       [0.        , 2.19334626],
       [0.        , 2.19861031],
       [0.        , 2.20487118],
       [0.        , 2.20509553],
       [0.        , 2.20604539],
       [0.        , 2.20800519],
       [0.        , 2.20938039],
       [0.        , 2.20962119],
       [0.        , 2.20968628],
       [0.        , 2.21220326],
       [0.        , 2.21440625],
       [0.        , 2.21981668],
       [0.        , 2.22295904],
       [0.        , 2.22688079],
       [0.        , 2.22716665],
       [0.        , 2.23466587],
       [0.        , 2.24157977],
       [0.        ,        inf]]), array([[2.08571601, 2.08839583],
       [2.01100516, 2.01155353],
       [1.79648423, 1.82543945],
       [1.78359962, 1.7885952 ],
       [1.7660917 , 1.7806108 ]])]",False
132,2.2478301525115967,0.013164281845092773,1.9971664511796199,116.34,4.878254039265045,9,0.02895522117614746,0.008990764617919922,0.010978672239515517,0.26,1.852567584143621,"[array([[0.        , 1.48658133],
       [0.        , 1.50050235],
       [0.        , 1.5276984 ],
       [0.        , 1.56075501],
       [0.        , 1.5756526 ],
       [0.        , 1.60916722],
       [0.        , 1.61924696],
       [0.        , 1.62295961],
       [0.        , 1.62567163],
       [0.        , 1.63279319],
       [0.        , 1.63462257],
       [0.        , 1.64030313],
       [0.        , 1.65699244],
       [0.        , 1.69042754],
       [0.        , 1.70768595],
       [0.        , 1.70929575],
       [0.        , 1.7265836 ],
       [0.        , 1.72946203],
       [0.        , 1.72972155],
       [0.        , 1.75499403],
       [0.        , 1.7557739 ],
       [0.        , 1.78610659],
       [0.        , 1.7890563 ],
       [0.        , 1.79155624],
       [0.        , 1.8010534 ],
       [0.        , 1.8034842 ],
       [0.        , 1.8049649 ],
       [0.        , 1.81356204],
       [0.        , 1.8433857 ],
       [0.        , 1.84483862],
       [0.        , 1.87153375],
       [0.        , 1.88650215],
       [0.        , 1.9035908 ],
       [0.        , 1.90482116],
       [0.        , 1.92720628],
       [0.        , 1.92931509],
       [0.        , 1.94101059],
       [0.        , 1.94535494],
       [0.        , 1.95440066],
       [0.        , 1.96059465],
       [0.        , 1.97142327],
       [0.        , 1.98181832],
       [0.        , 1.98280478],
       [0.        , 1.98818099],
       [0.        , 1.99008048],
       [0.        , 1.99475837],
       [0.        , 1.99749625],
       [0.        , 2.00151658],
       [0.        , 2.00470781],
       [0.        , 2.00902033],
       [0.        , 2.01338983],
       [0.        , 2.01419163],
       [0.        , 2.02217293],
       [0.        , 2.0283041 ],
       [0.        , 2.02910972],
       [0.        , 2.0342176 ],
       [0.        , 2.03432155],
       [0.        , 2.03539777],
       [0.        , 2.0387435 ],
       [0.        , 2.0395937 ],
       [0.        , 2.04515815],
       [0.        , 2.04563761],
       [0.        , 2.05073452],
       [0.        , 2.05170035],
       [0.        , 2.05696583],
       [0.        , 2.06212139],
       [0.        , 2.0679965 ],
       [0.        , 2.06869483],
       [0.        , 2.07197547],
       [0.        , 2.07729506],
       [0.        , 2.07853556],
       [0.        , 2.08283377],
       [0.        , 2.08345842],
       [0.        , 2.08558846],
       [0.        , 2.09187841],
       [0.        , 2.09431434],
       [0.        , 2.09766865],
       [0.        , 2.1020503 ],
       [0.        , 2.10224128],
       [0.        , 2.10229492],
       [0.        , 2.10394359],
       [0.        , 2.10470343],
       [0.        , 2.10642195],
       [0.        , 2.10676908],
       [0.        , 2.1071918 ],
       [0.        , 2.11043143],
       [0.        , 2.11174393],
       [0.        , 2.11369634],
       [0.        , 2.11381197],
       [0.        , 2.11830401],
       [0.        , 2.12101603],
       [0.        , 2.12150121],
       [0.        , 2.12205553],
       [0.        , 2.12331438],
       [0.        , 2.12381792],
       [0.        , 2.12715173],
       [0.        , 2.12726712],
       [0.        , 2.12727642],
       [0.        , 2.12880993],
       [0.        , 2.12898517],
       [0.        , 2.13143754],
       [0.        , 2.13197803],
       [0.        , 2.13240814],
       [0.        , 2.13416505],
       [0.        , 2.13584924],
       [0.        , 2.13619876],
       [0.        , 2.14085221],
       [0.        , 2.14263415],
       [0.        , 2.14465737],
       [0.        , 2.15928054],
       [0.        , 2.15929127],
       [0.        , 2.16077447],
       [0.        , 2.16219473],
       [0.        , 2.16244912],
       [0.        , 2.16537666],
       [0.        , 2.17151928],
       [0.        , 2.17477584],
       [0.        , 2.17515063],
       [0.        , 2.18023777],
       [0.        , 2.1828723 ],
       [0.        , 2.18518209],
       [0.        , 2.18597937],
       [0.        , 2.18762803],
       [0.        , 2.18972039],
       [0.        , 2.19465041],
       [0.        , 2.19548631],
       [0.        , 2.19685197],
       [0.        , 2.20580697],
       [0.        , 2.21335101],
       [0.        , 2.22688079],
       [0.        , 2.23466587],
       [0.        , 2.24783015],
       [0.        ,        inf]]), array([[2.11449552, 2.12916684],
       [2.06964731, 2.08961177],
       [2.02184224, 2.02462697],
       [2.01100516, 2.01155353],
       [1.91665983, 1.9192555 ],
       [1.84556353, 1.85533714],
       [1.79648423, 1.82543945],
       [1.78359962, 1.7885952 ],
       [1.7660917 , 1.7806108 ]])]",True
133,2.2499783039093018,0.00839853286743164,2.0396362354880884,119.5,4.886050391922358,5,0.02895522117614746,0.014436125755310059,0.011870121955871582,0.2,1.2505261083811392,"[array([[0.        , 1.48658133],
       [0.        , 1.5276984 ],
       [0.        , 1.53689873],
       [0.        , 1.56075501],
       [0.        , 1.5756526 ],
       [0.        , 1.59647572],
       [0.        , 1.61924696],
       [0.        , 1.62295961],
       [0.        , 1.6373446 ],
       [0.        , 1.65699244],
       [0.        , 1.68891656],
       [0.        , 1.70768595],
       [0.        , 1.70929575],
       [0.        , 1.7265836 ],
       [0.        , 1.72946203],
       [0.        , 1.72972155],
       [0.        , 1.75499403],
       [0.        , 1.7557739 ],
       [0.        , 1.76976335],
       [0.        , 1.79107094],
       [0.        , 1.8034842 ],
       [0.        , 1.81984484],
       [0.        , 1.84483862],
       [0.        , 1.84579301],
       [0.        , 1.94153893],
       [0.        , 1.96008956],
       [0.        , 1.96059465],
       [0.        , 1.96996546],
       [0.        , 1.9733566 ],
       [0.        , 1.97501123],
       [0.        , 1.98181832],
       [0.        , 1.9874649 ],
       [0.        , 1.9874872 ],
       [0.        , 1.98978388],
       [0.        , 1.99195361],
       [0.        , 1.99855721],
       [0.        , 2.00470781],
       [0.        , 2.00822401],
       [0.        , 2.00982809],
       [0.        , 2.011168  ],
       [0.        , 2.01361704],
       [0.        , 2.0146904 ],
       [0.        , 2.02244163],
       [0.        , 2.0235486 ],
       [0.        , 2.02417493],
       [0.        , 2.03564405],
       [0.        , 2.0395937 ],
       [0.        , 2.04549408],
       [0.        , 2.04777837],
       [0.        , 2.06036615],
       [0.        , 2.06467533],
       [0.        , 2.07097721],
       [0.        , 2.07276511],
       [0.        , 2.07295799],
       [0.        , 2.0756588 ],
       [0.        , 2.07735944],
       [0.        , 2.08470941],
       [0.        , 2.08571601],
       [0.        , 2.08730698],
       [0.        , 2.08732343],
       [0.        , 2.08904099],
       [0.        , 2.09108424],
       [0.        , 2.09170532],
       [0.        , 2.09511876],
       [0.        , 2.10123086],
       [0.        , 2.1020503 ],
       [0.        , 2.1030333 ],
       [0.        , 2.11110353],
       [0.        , 2.11179662],
       [0.        , 2.11341453],
       [0.        , 2.11358333],
       [0.        , 2.11429381],
       [0.        , 2.11626863],
       [0.        , 2.11883855],
       [0.        , 2.11991858],
       [0.        , 2.1204989 ],
       [0.        , 2.12128782],
       [0.        , 2.12433481],
       [0.        , 2.12456393],
       [0.        , 2.12697339],
       [0.        , 2.12727642],
       [0.        , 2.13316774],
       [0.        , 2.13708043],
       [0.        , 2.13974285],
       [0.        , 2.14299417],
       [0.        , 2.14341927],
       [0.        , 2.1470499 ],
       [0.        , 2.14940763],
       [0.        , 2.14956355],
       [0.        , 2.15062404],
       [0.        , 2.15093565],
       [0.        , 2.15143609],
       [0.        , 2.157758  ],
       [0.        , 2.15800667],
       [0.        , 2.16186452],
       [0.        , 2.16200829],
       [0.        , 2.16247058],
       [0.        , 2.16791105],
       [0.        , 2.16936278],
       [0.        , 2.17003083],
       [0.        , 2.17021012],
       [0.        , 2.1706934 ],
       [0.        , 2.17658663],
       [0.        , 2.17695165],
       [0.        , 2.18276215],
       [0.        , 2.18287706],
       [0.        , 2.18597937],
       [0.        , 2.18650937],
       [0.        , 2.18871474],
       [0.        , 2.18996072],
       [0.        , 2.19002247],
       [0.        , 2.19159722],
       [0.        , 2.19192576],
       [0.        , 2.19513369],
       [0.        , 2.19774055],
       [0.        , 2.19848704],
       [0.        , 2.19980693],
       [0.        , 2.20295262],
       [0.        , 2.20312476],
       [0.        , 2.20352459],
       [0.        , 2.20394945],
       [0.        , 2.20509553],
       [0.        , 2.21046376],
       [0.        , 2.21079731],
       [0.        , 2.2121172 ],
       [0.        , 2.21354055],
       [0.        , 2.22295904],
       [0.        , 2.22688079],
       [0.        , 2.22764015],
       [0.        , 2.2279582 ],
       [0.        , 2.23466587],
       [0.        , 2.24157977],
       [0.        , 2.2499783 ],
       [0.        ,        inf]]), array([[2.06699729, 2.07732964],
       [2.01100516, 2.01155353],
       [1.79648423, 1.82543945],
       [1.78359962, 1.7885952 ],
       [1.7660917 , 1.7806108 ]])]",False
81,2.2477824687957764,0.00620269775390625,2.0183687371972168,72.1,4.388923102365557,4,0.07091236114501953,0.04195713996887207,0.028733760118484497,0.36,0.932117847887993,"[array([[0.        , 1.48658133],
       [0.        , 1.50050235],
       [0.        , 1.56075501],
       [0.        , 1.5756526 ],
       [0.        , 1.61924696],
       [0.        , 1.62295961],
       [0.        , 1.64819396],
       [0.        , 1.65699244],
       [0.        , 1.67745805],
       [0.        , 1.67905593],
       [0.        , 1.70768595],
       [0.        , 1.70929575],
       [0.        , 1.7265836 ],
       [0.        , 1.72946203],
       [0.        , 1.7557739 ],
       [0.        , 1.78610659],
       [0.        , 1.79107094],
       [0.        , 1.79155624],
       [0.        , 1.84483862],
       [0.        , 1.89086926],
       [0.        , 1.95411682],
       [0.        , 1.96008956],
       [0.        , 1.96059465],
       [0.        , 1.96572685],
       [0.        , 1.96848094],
       [0.        , 1.98181832],
       [0.        , 2.00470781],
       [0.        , 2.02092099],
       [0.        , 2.022223  ],
       [0.        , 2.02521873],
       [0.        , 2.0395937 ],
       [0.        , 2.06301904],
       [0.        , 2.06540775],
       [0.        , 2.06607533],
       [0.        , 2.0743084 ],
       [0.        , 2.0903554 ],
       [0.        , 2.09330797],
       [0.        , 2.09342027],
       [0.        , 2.09706259],
       [0.        , 2.09766865],
       [0.        , 2.10004044],
       [0.        , 2.10958099],
       [0.        , 2.11659193],
       [0.        , 2.11790848],
       [0.        , 2.12050128],
       [0.        , 2.12059093],
       [0.        , 2.12727642],
       [0.        , 2.12909007],
       [0.        , 2.12966013],
       [0.        , 2.1417675 ],
       [0.        , 2.14764476],
       [0.        , 2.15020084],
       [0.        , 2.1506381 ],
       [0.        , 2.15090919],
       [0.        , 2.15129662],
       [0.        , 2.15457726],
       [0.        , 2.15800667],
       [0.        , 2.16384459],
       [0.        , 2.16423059],
       [0.        , 2.16497636],
       [0.        , 2.16552472],
       [0.        , 2.1746428 ],
       [0.        , 2.17594337],
       [0.        , 2.18597937],
       [0.        , 2.19147539],
       [0.        , 2.19191504],
       [0.        , 2.19331551],
       [0.        , 2.19476056],
       [0.        , 2.19830585],
       [0.        , 2.19861031],
       [0.        , 2.20243835],
       [0.        , 2.2075634 ],
       [0.        , 2.20962119],
       [0.        , 2.21003032],
       [0.        , 2.21220326],
       [0.        , 2.21921492],
       [0.        , 2.22688079],
       [0.        , 2.23132348],
       [0.        , 2.23466587],
       [0.        , 2.24157977],
       [0.        , 2.24778247],
       [0.        ,        inf]]), array([[2.01479149, 2.08570385],
       [2.01100516, 2.01155353],
       [1.79648423, 1.82543945],
       [1.7660917 , 1.7806108 ]])]",False
76,2.234665870666504,0.00778508186340332,1.979867448932246,66.76,4.324481048195853,7,0.08970129489898682,0.01603233814239502,0.030712025506155833,0.66,1.3397112409758196,"[array([[0.        , 1.21763885],
       [0.        , 1.5276984 ],
       [0.        , 1.56075501],
       [0.        , 1.5756526 ],
       [0.        , 1.63462257],
       [0.        , 1.64819396],
       [0.        , 1.65235078],
       [0.        , 1.65699244],
       [0.        , 1.67745805],
       [0.        , 1.69761336],
       [0.        , 1.70768595],
       [0.        , 1.70929575],
       [0.        , 1.7265836 ],
       [0.        , 1.72946203],
       [0.        , 1.75499403],
       [0.        , 1.7557739 ],
       [0.        , 1.77539909],
       [0.        , 1.78610659],
       [0.        , 1.79107094],
       [0.        , 1.81373537],
       [0.        , 1.81984484],
       [0.        , 1.84556353],
       [0.        , 1.84671748],
       [0.        , 1.88843322],
       [0.        , 1.92589796],
       [0.        , 1.94013143],
       [0.        , 1.95267034],
       [0.        , 1.96059465],
       [0.        , 1.98181832],
       [0.        , 1.98798573],
       [0.        , 1.98821962],
       [0.        , 1.99475837],
       [0.        , 2.00319839],
       [0.        , 2.00470781],
       [0.        , 2.011168  ],
       [0.        , 2.02092099],
       [0.        , 2.02301192],
       [0.        , 2.03346038],
       [0.        , 2.0760355 ],
       [0.        , 2.07748771],
       [0.        , 2.07853556],
       [0.        , 2.0817523 ],
       [0.        , 2.09228992],
       [0.        , 2.09818912],
       [0.        , 2.1020503 ],
       [0.        , 2.10540938],
       [0.        , 2.11202073],
       [0.        , 2.11681676],
       [0.        , 2.11932039],
       [0.        , 2.12563491],
       [0.        , 2.13078094],
       [0.        , 2.13347268],
       [0.        , 2.1460042 ],
       [0.        , 2.14941764],
       [0.        , 2.1495316 ],
       [0.        , 2.1506691 ],
       [0.        , 2.1547327 ],
       [0.        , 2.15526485],
       [0.        , 2.15568066],
       [0.        , 2.15774941],
       [0.        , 2.16044307],
       [0.        , 2.16359258],
       [0.        , 2.16552472],
       [0.        , 2.17396641],
       [0.        , 2.18597937],
       [0.        , 2.19962859],
       [0.        , 2.19981503],
       [0.        , 2.20097113],
       [0.        , 2.20391273],
       [0.        , 2.20497799],
       [0.        , 2.20861435],
       [0.        , 2.20875859],
       [0.        , 2.21220326],
       [0.        , 2.22295904],
       [0.        , 2.22688079],
       [0.        , 2.23466587],
       [0.        ,        inf]]), array([[2.01203489, 2.08570385],
       [2.01100516, 2.01155353],
       [1.99991047, 2.08961177],
       [1.91665983, 1.9192555 ],
       [1.79648423, 1.82543945],
       [1.78359962, 1.7885952 ],
       [1.7660917 , 1.7806108 ]])]",False
96,2.234665870666504,0.00778508186340332,1.9811837412416935,84.34,4.5586898130698135,8,0.02895522117614746,0.010934114456176758,0.010963842272758484,0.18,1.7622113333990166,"[array([[0.        , 1.21763885],
       [0.        , 1.50050235],
       [0.        , 1.5276984 ],
       [0.        , 1.56075501],
       [0.        , 1.56762123],
       [0.        , 1.5756526 ],
       [0.        , 1.59732878],
       [0.        , 1.63279319],
       [0.        , 1.64819396],
       [0.        , 1.65235078],
       [0.        , 1.65699244],
       [0.        , 1.69761336],
       [0.        , 1.69908237],
       [0.        , 1.70768595],
       [0.        , 1.7265836 ],
       [0.        , 1.75499403],
       [0.        , 1.7660917 ],
       [0.        , 1.78359962],
       [0.        , 1.78610659],
       [0.        , 1.79155624],
       [0.        , 1.80106235],
       [0.        , 1.8034842 ],
       [0.        , 1.81373537],
       [0.        , 1.84526014],
       [0.        , 1.84671748],
       [0.        , 1.91337478],
       [0.        , 1.92013252],
       [0.        , 1.93787837],
       [0.        , 1.94101059],
       [0.        , 1.94352698],
       [0.        , 1.95250893],
       [0.        , 1.95267034],
       [0.        , 1.96059465],
       [0.        , 1.96572685],
       [0.        , 1.97097707],
       [0.        , 1.98181832],
       [0.        , 1.99475837],
       [0.        , 1.99931061],
       [0.        , 2.00470781],
       [0.        , 2.01338983],
       [0.        , 2.01546216],
       [0.        , 2.02165651],
       [0.        , 2.03036046],
       [0.        , 2.03058553],
       [0.        , 2.0395937 ],
       [0.        , 2.03969002],
       [0.        , 2.046628  ],
       [0.        , 2.04913926],
       [0.        , 2.05600572],
       [0.        , 2.05962539],
       [0.        , 2.06457019],
       [0.        , 2.06540775],
       [0.        , 2.07169318],
       [0.        , 2.0746727 ],
       [0.        , 2.07838488],
       [0.        , 2.07853556],
       [0.        , 2.08553839],
       [0.        , 2.08797407],
       [0.        , 2.08942986],
       [0.        , 2.09228992],
       [0.        , 2.0924623 ],
       [0.        , 2.09515119],
       [0.        , 2.09528852],
       [0.        , 2.10052919],
       [0.        , 2.10267186],
       [0.        , 2.10526919],
       [0.        , 2.11288309],
       [0.        , 2.11562014],
       [0.        , 2.11599731],
       [0.        , 2.12102127],
       [0.        , 2.13043237],
       [0.        , 2.13161111],
       [0.        , 2.1394186 ],
       [0.        , 2.14234829],
       [0.        , 2.14422202],
       [0.        , 2.15025163],
       [0.        , 2.15361881],
       [0.        , 2.15985823],
       [0.        , 2.16238475],
       [0.        , 2.16359258],
       [0.        , 2.16551185],
       [0.        , 2.16687608],
       [0.        , 2.16917896],
       [0.        , 2.17385387],
       [0.        , 2.1758678 ],
       [0.        , 2.17667961],
       [0.        , 2.18597937],
       [0.        , 2.18614459],
       [0.        , 2.18928003],
       [0.        , 2.1899066 ],
       [0.        , 2.18998146],
       [0.        , 2.19981503],
       [0.        , 2.21469593],
       [0.        , 2.22295904],
       [0.        , 2.22688079],
       [0.        , 2.23466587],
       [0.        ,        inf]]), array([[2.20750403, 2.21306539],
       [2.11777306, 2.12556386],
       [2.10754275, 2.12556386],
       [2.02184224, 2.02462697],
       [2.01100516, 2.01155353],
       [1.84556353, 1.85533714],
       [1.79648423, 1.82543945],
       [1.76633525, 1.7806108 ]])]",True
89,2.2445621490478516,0.009896278381347656,1.993877631894658,78.38,4.482286799625264,3,0.02895522117614746,0.014436125755310059,0.014674226442972818,0.16,0.6960262320639133,"[array([[0.        , 1.21763885],
       [0.        , 1.48658133],
       [0.        , 1.49107373],
       [0.        , 1.50050235],
       [0.        , 1.56075501],
       [0.        , 1.5756526 ],
       [0.        , 1.62295961],
       [0.        , 1.64819396],
       [0.        , 1.65699244],
       [0.        , 1.69761336],
       [0.        , 1.70768595],
       [0.        , 1.70929575],
       [0.        , 1.7265836 ],
       [0.        , 1.72946203],
       [0.        , 1.72972155],
       [0.        , 1.75499403],
       [0.        , 1.7557739 ],
       [0.        , 1.77539909],
       [0.        , 1.78610659],
       [0.        , 1.79155624],
       [0.        , 1.8433857 ],
       [0.        , 1.84579301],
       [0.        , 1.84671748],
       [0.        , 1.86981142],
       [0.        , 1.88843322],
       [0.        , 1.90838575],
       [0.        , 1.92589796],
       [0.        , 1.94013143],
       [0.        , 1.95267034],
       [0.        , 1.96008956],
       [0.        , 1.96059465],
       [0.        , 1.98181832],
       [0.        , 1.98798573],
       [0.        , 1.98821962],
       [0.        , 2.00319839],
       [0.        , 2.00461245],
       [0.        , 2.00470781],
       [0.        , 2.011168  ],
       [0.        , 2.02301192],
       [0.        , 2.04703259],
       [0.        , 2.0482471 ],
       [0.        , 2.06199408],
       [0.        , 2.07748771],
       [0.        , 2.0817523 ],
       [0.        , 2.08929634],
       [0.        , 2.09818912],
       [0.        , 2.10024261],
       [0.        , 2.1020503 ],
       [0.        , 2.10540938],
       [0.        , 2.10637903],
       [0.        , 2.11202073],
       [0.        , 2.11287212],
       [0.        , 2.11616993],
       [0.        , 2.12563491],
       [0.        , 2.1264751 ],
       [0.        , 2.12727642],
       [0.        , 2.13078094],
       [0.        , 2.13347268],
       [0.        , 2.13522649],
       [0.        , 2.13796067],
       [0.        , 2.14293599],
       [0.        , 2.1460042 ],
       [0.        , 2.1506691 ],
       [0.        , 2.1547327 ],
       [0.        , 2.15568066],
       [0.        , 2.16021991],
       [0.        , 2.16119885],
       [0.        , 2.16219473],
       [0.        , 2.16359258],
       [0.        , 2.17396641],
       [0.        , 2.17605448],
       [0.        , 2.18001413],
       [0.        , 2.18022084],
       [0.        , 2.18129277],
       [0.        , 2.18171811],
       [0.        , 2.18227243],
       [0.        , 2.19688654],
       [0.        , 2.19840693],
       [0.        , 2.19981503],
       [0.        , 2.20097113],
       [0.        , 2.20312476],
       [0.        , 2.20391273],
       [0.        , 2.20861435],
       [0.        , 2.20875859],
       [0.        , 2.21220326],
       [0.        , 2.21440625],
       [0.        , 2.22886848],
       [0.        , 2.23466587],
       [0.        , 2.24456215],
       [0.        ,        inf]]), array([[2.01100516, 2.01155353],
       [1.79648423, 1.82543945],
       [1.7660917 , 1.7806108 ]])]",False
182,2.2478301525115967,0.0062503814697265625,2.050477589879717,164.48,5.200656843954153,4,0.02895522117614746,0.014436125755310059,0.012953370809555054,0.14,1.0147073341844322,"[array([[0.        , 1.48658133],
       [0.        , 1.50050235],
       [0.        , 1.56075501],
       [0.        , 1.5756526 ],
       [0.        , 1.61924696],
       [0.        , 1.62295961],
       [0.        , 1.64819396],
       [0.        , 1.65699244],
       [0.        , 1.67905593],
       [0.        , 1.70768595],
       [0.        , 1.70929575],
       [0.        , 1.7265836 ],
       [0.        , 1.72946203],
       [0.        , 1.72972155],
       [0.        , 1.75499403],
       [0.        , 1.7557739 ],
       [0.        , 1.77019811],
       [0.        , 1.77414489],
       [0.        , 1.78610659],
       [0.        , 1.79107094],
       [0.        , 1.79155624],
       [0.        , 1.8010534 ],
       [0.        , 1.8029269 ],
       [0.        , 1.82882655],
       [0.        , 1.8433857 ],
       [0.        , 1.84483862],
       [0.        , 1.84579301],
       [0.        , 1.87631428],
       [0.        , 1.87676966],
       [0.        , 1.88230765],
       [0.        , 1.89867222],
       [0.        , 1.92887294],
       [0.        , 1.94957185],
       [0.        , 1.95873845],
       [0.        , 1.96008956],
       [0.        , 1.96059465],
       [0.        , 1.97258985],
       [0.        , 1.97340119],
       [0.        , 1.97574365],
       [0.        , 1.97919607],
       [0.        , 1.98181832],
       [0.        , 1.99195361],
       [0.        , 2.00254297],
       [0.        , 2.0026114 ],
       [0.        , 2.00460958],
       [0.        , 2.00470781],
       [0.        , 2.00751162],
       [0.        , 2.01046205],
       [0.        , 2.01100159],
       [0.        , 2.01295018],
       [0.        , 2.01361704],
       [0.        , 2.0142951 ],
       [0.        , 2.01552868],
       [0.        , 2.02089405],
       [0.        , 2.02317476],
       [0.        , 2.02751303],
       [0.        , 2.03044891],
       [0.        , 2.03241014],
       [0.        , 2.03542757],
       [0.        , 2.03667521],
       [0.        , 2.0395937 ],
       [0.        , 2.04326797],
       [0.        , 2.046628  ],
       [0.        , 2.04664636],
       [0.        , 2.04795194],
       [0.        , 2.05087781],
       [0.        , 2.05150676],
       [0.        , 2.05316973],
       [0.        , 2.05577874],
       [0.        , 2.05696583],
       [0.        , 2.06022668],
       [0.        , 2.06180239],
       [0.        , 2.0622108 ],
       [0.        , 2.06392837],
       [0.        , 2.06451464],
       [0.        , 2.06722999],
       [0.        , 2.06973505],
       [0.        , 2.07166862],
       [0.        , 2.07295799],
       [0.        , 2.07418346],
       [0.        , 2.07488155],
       [0.        , 2.0789113 ],
       [0.        , 2.0803597 ],
       [0.        , 2.08199382],
       [0.        , 2.0853529 ],
       [0.        , 2.08557439],
       [0.        , 2.08659244],
       [0.        , 2.08700299],
       [0.        , 2.09038496],
       [0.        , 2.0913229 ],
       [0.        , 2.0921917 ],
       [0.        , 2.09228992],
       [0.        , 2.09640694],
       [0.        , 2.09682822],
       [0.        , 2.09697104],
       [0.        , 2.09713435],
       [0.        , 2.09822941],
       [0.        , 2.09948468],
       [0.        , 2.10189176],
       [0.        , 2.10366654],
       [0.        , 2.10751581],
       [0.        , 2.10874772],
       [0.        , 2.11628366],
       [0.        , 2.11730123],
       [0.        , 2.12101603],
       [0.        , 2.12447214],
       [0.        , 2.12494302],
       [0.        , 2.12687683],
       [0.        , 2.13054109],
       [0.        , 2.13220453],
       [0.        , 2.13249874],
       [0.        , 2.13598084],
       [0.        , 2.13659382],
       [0.        , 2.1390698 ],
       [0.        , 2.14418268],
       [0.        , 2.1451304 ],
       [0.        , 2.14699554],
       [0.        , 2.14718223],
       [0.        , 2.14723301],
       [0.        , 2.15000725],
       [0.        , 2.15099502],
       [0.        , 2.15263677],
       [0.        , 2.15325642],
       [0.        , 2.15361881],
       [0.        , 2.15387583],
       [0.        , 2.15432739],
       [0.        , 2.15457726],
       [0.        , 2.15689397],
       [0.        , 2.16086602],
       [0.        , 2.16233611],
       [0.        , 2.16251564],
       [0.        , 2.16457534],
       [0.        , 2.16595769],
       [0.        , 2.16766   ],
       [0.        , 2.16782904],
       [0.        , 2.16818404],
       [0.        , 2.16840696],
       [0.        , 2.16862965],
       [0.        , 2.16923356],
       [0.        , 2.16970205],
       [0.        , 2.17196155],
       [0.        , 2.17249274],
       [0.        , 2.1728127 ],
       [0.        , 2.17411685],
       [0.        , 2.17646122],
       [0.        , 2.18002415],
       [0.        , 2.18045855],
       [0.        , 2.18186307],
       [0.        , 2.18597937],
       [0.        , 2.18656754],
       [0.        , 2.1875    ],
       [0.        , 2.18811703],
       [0.        , 2.1905427 ],
       [0.        , 2.19177389],
       [0.        , 2.19258404],
       [0.        , 2.19303942],
       [0.        , 2.19316936],
       [0.        , 2.19685197],
       [0.        , 2.19795966],
       [0.        , 2.19856477],
       [0.        , 2.19904375],
       [0.        , 2.20312476],
       [0.        , 2.20348501],
       [0.        , 2.20541906],
       [0.        , 2.20580697],
       [0.        , 2.20742154],
       [0.        , 2.20908308],
       [0.        , 2.20962119],
       [0.        , 2.20985579],
       [0.        , 2.2131846 ],
       [0.        , 2.21769738],
       [0.        , 2.21898317],
       [0.        , 2.22259736],
       [0.        , 2.22405267],
       [0.        , 2.22618675],
       [0.        , 2.22624326],
       [0.        , 2.22688079],
       [0.        , 2.22763276],
       [0.        , 2.23466587],
       [0.        , 2.2381413 ],
       [0.        , 2.24157977],
       [0.        , 2.24783015],
       [0.        ,        inf]]), array([[2.11777306, 2.12556386],
       [2.01100516, 2.01155353],
       [1.79648423, 1.82543945],
       [1.7660917 , 1.7806108 ]])]",True
130,2.245328903198242,0.000766754150390625,2.035248366686014,116.74,4.863076801425526,7,0.08970129489898682,0.01603233814239502,0.03401303291320801,0.64,1.5249685405619902,"[array([[0.        , 1.21763885],
       [0.        , 1.50050235],
       [0.        , 1.56075501],
       [0.        , 1.5756526 ],
       [0.        , 1.63462257],
       [0.        , 1.64819396],
       [0.        , 1.65699244],
       [0.        , 1.67304981],
       [0.        , 1.67745805],
       [0.        , 1.685745  ],
       [0.        , 1.69761336],
       [0.        , 1.70768595],
       [0.        , 1.70929575],
       [0.        , 1.7265836 ],
       [0.        , 1.72946203],
       [0.        , 1.72972155],
       [0.        , 1.75499403],
       [0.        , 1.7557739 ],
       [0.        , 1.78610659],
       [0.        , 1.79155624],
       [0.        , 1.81373537],
       [0.        , 1.84579301],
       [0.        , 1.8997004 ],
       [0.        , 1.90838575],
       [0.        , 1.93382037],
       [0.        , 1.93509984],
       [0.        , 1.94079113],
       [0.        , 1.94535494],
       [0.        , 1.95058262],
       [0.        , 1.95815456],
       [0.        , 1.96008956],
       [0.        , 1.96036601],
       [0.        , 1.96059465],
       [0.        , 1.97393608],
       [0.        , 1.98181832],
       [0.        , 2.00100923],
       [0.        , 2.00424814],
       [0.        , 2.00461245],
       [0.        , 2.00470781],
       [0.        , 2.0060699 ],
       [0.        , 2.02092099],
       [0.        , 2.0258038 ],
       [0.        , 2.02955961],
       [0.        , 2.03058481],
       [0.        , 2.03277898],
       [0.        , 2.03637695],
       [0.        , 2.03975034],
       [0.        , 2.0397706 ],
       [0.        , 2.0436542 ],
       [0.        , 2.0482471 ],
       [0.        , 2.05516958],
       [0.        , 2.06199408],
       [0.        , 2.07413721],
       [0.        , 2.07602096],
       [0.        , 2.08470941],
       [0.        , 2.0871551 ],
       [0.        , 2.08925772],
       [0.        , 2.08929634],
       [0.        , 2.09228992],
       [0.        , 2.09386086],
       [0.        , 2.09582663],
       [0.        , 2.09621525],
       [0.        , 2.09766865],
       [0.        , 2.09954023],
       [0.        , 2.1020503 ],
       [0.        , 2.10526919],
       [0.        , 2.10958099],
       [0.        , 2.11183429],
       [0.        , 2.11287212],
       [0.        , 2.11790848],
       [0.        , 2.11940765],
       [0.        , 2.11952734],
       [0.        , 2.1201067 ],
       [0.        , 2.12096119],
       [0.        , 2.12131596],
       [0.        , 2.12326312],
       [0.        , 2.12515354],
       [0.        , 2.12543035],
       [0.        , 2.12727642],
       [0.        , 2.12790895],
       [0.        , 2.13209295],
       [0.        , 2.13586307],
       [0.        , 2.13588548],
       [0.        , 2.13608623],
       [0.        , 2.1394186 ],
       [0.        , 2.14293599],
       [0.        , 2.14306831],
       [0.        , 2.14525223],
       [0.        , 2.14764476],
       [0.        , 2.14816642],
       [0.        , 2.14954662],
       [0.        , 2.15099502],
       [0.        , 2.1518209 ],
       [0.        , 2.15457726],
       [0.        , 2.15484715],
       [0.        , 2.15952706],
       [0.        , 2.16021991],
       [0.        , 2.16353106],
       [0.        , 2.16465259],
       [0.        , 2.16497636],
       [0.        , 2.16512728],
       [0.        , 2.16521573],
       [0.        , 2.16564846],
       [0.        , 2.16815257],
       [0.        , 2.17072773],
       [0.        , 2.1765914 ],
       [0.        , 2.17691064],
       [0.        , 2.17702127],
       [0.        , 2.18007112],
       [0.        , 2.18022084],
       [0.        , 2.18597937],
       [0.        , 2.19092488],
       [0.        , 2.19147539],
       [0.        , 2.19331551],
       [0.        , 2.19343328],
       [0.        , 2.19829512],
       [0.        , 2.19861031],
       [0.        , 2.20143437],
       [0.        , 2.20778084],
       [0.        , 2.20800519],
       [0.        , 2.21220326],
       [0.        , 2.21594048],
       [0.        , 2.21627474],
       [0.        , 2.21982503],
       [0.        , 2.22295904],
       [0.        , 2.22688079],
       [0.        , 2.22886848],
       [0.        , 2.23466587],
       [0.        , 2.24456215],
       [0.        , 2.2453289 ],
       [0.        ,        inf]]), array([[2.11449552, 2.13027787],
       [2.06964731, 2.08456326],
       [2.01203489, 2.08570385],
       [2.01100516, 2.01155353],
       [1.99991047, 2.08961177],
       [1.79648423, 1.82543945],
       [1.7660917 , 1.7806108 ]])]",False
93,2.2060492038726807,0.0017671585083007812,1.9704027406630977,82.3,4.528089211249848,6,0.02895522117614746,0.008990764617919922,0.014555474122365316,0.22,1.5248170289455967,"[array([[0.        , 1.48658133],
       [0.        , 1.50050235],
       [0.        , 1.56075501],
       [0.        , 1.5756526 ],
       [0.        , 1.61924696],
       [0.        , 1.62295961],
       [0.        , 1.63462257],
       [0.        , 1.65699244],
       [0.        , 1.67905593],
       [0.        , 1.685745  ],
       [0.        , 1.70768595],
       [0.        , 1.70929575],
       [0.        , 1.7265836 ],
       [0.        , 1.72946203],
       [0.        , 1.75499403],
       [0.        , 1.7557739 ],
       [0.        , 1.77006435],
       [0.        , 1.77074289],
       [0.        , 1.78436947],
       [0.        , 1.78610659],
       [0.        , 1.79107094],
       [0.        , 1.79155624],
       [0.        , 1.8433857 ],
       [0.        , 1.84483862],
       [0.        , 1.88051164],
       [0.        , 1.89090109],
       [0.        , 1.89264607],
       [0.        , 1.89820266],
       [0.        , 1.92878532],
       [0.        , 1.93076146],
       [0.        , 1.931831  ],
       [0.        , 1.9342159 ],
       [0.        , 1.93521023],
       [0.        , 1.93541157],
       [0.        , 1.94486237],
       [0.        , 1.95460725],
       [0.        , 1.95561421],
       [0.        , 1.96059465],
       [0.        , 1.98181832],
       [0.        , 1.9984436 ],
       [0.        , 2.00073457],
       [0.        , 2.00458026],
       [0.        , 2.00470781],
       [0.        , 2.00952721],
       [0.        , 2.01873946],
       [0.        , 2.02092099],
       [0.        , 2.024544  ],
       [0.        , 2.02672577],
       [0.        , 2.02797842],
       [0.        , 2.03790426],
       [0.        , 2.03891373],
       [0.        , 2.0395937 ],
       [0.        , 2.04309845],
       [0.        , 2.06123257],
       [0.        , 2.07148504],
       [0.        , 2.07549834],
       [0.        , 2.07991791],
       [0.        , 2.08080649],
       [0.        , 2.08130002],
       [0.        , 2.08509803],
       [0.        , 2.08731794],
       [0.        , 2.08864403],
       [0.        , 2.09243965],
       [0.        , 2.09358191],
       [0.        , 2.09422326],
       [0.        , 2.09489965],
       [0.        , 2.09531307],
       [0.        , 2.10007644],
       [0.        , 2.10716176],
       [0.        , 2.1149292 ],
       [0.        , 2.11554265],
       [0.        , 2.11653113],
       [0.        , 2.11681676],
       [0.        , 2.11784053],
       [0.        , 2.12732577],
       [0.        , 2.12863183],
       [0.        , 2.13294601],
       [0.        , 2.14289641],
       [0.        , 2.14450145],
       [0.        , 2.158149  ],
       [0.        , 2.16290355],
       [0.        , 2.16377473],
       [0.        , 2.17464662],
       [0.        , 2.1763432 ],
       [0.        , 2.17686939],
       [0.        , 2.17773676],
       [0.        , 2.18456364],
       [0.        , 2.18785715],
       [0.        , 2.19199014],
       [0.        , 2.19656944],
       [0.        , 2.19833231],
       [0.        , 2.20428205],
       [0.        , 2.2060492 ],
       [0.        ,        inf]]), array([[2.15678525, 2.16176939],
       [2.06964731, 2.08961177],
       [2.01100516, 2.01155353],
       [1.97636402, 1.99472558],
       [1.79648423, 1.82543945],
       [1.7660917 , 1.7806108 ]])]",True
115,2.234665870666504,0.00778508186340332,2.0111267639243082,102.54,4.7405443078042,7,0.08970129489898682,0.060746073722839355,0.021400519779750278,0.36,1.2184946963797925,"[array([[0.        , 1.48658133],
       [0.        , 1.5276984 ],
       [0.        , 1.56075501],
       [0.        , 1.5756526 ],
       [0.        , 1.61924696],
       [0.        , 1.62295961],
       [0.        , 1.63462257],
       [0.        , 1.6373446 ],
       [0.        , 1.65699244],
       [0.        , 1.67745805],
       [0.        , 1.67905593],
       [0.        , 1.70768595],
       [0.        , 1.70929575],
       [0.        , 1.71222293],
       [0.        , 1.7265836 ],
       [0.        , 1.72946203],
       [0.        , 1.75499403],
       [0.        , 1.7557739 ],
       [0.        , 1.78610659],
       [0.        , 1.79107094],
       [0.        , 1.8034842 ],
       [0.        , 1.81984484],
       [0.        , 1.8433857 ],
       [0.        , 1.84483862],
       [0.        , 1.84579301],
       [0.        , 1.88051164],
       [0.        , 1.90838575],
       [0.        , 1.91559041],
       [0.        , 1.95267034],
       [0.        , 1.95859516],
       [0.        , 1.96059465],
       [0.        , 1.96299124],
       [0.        , 1.98181832],
       [0.        , 1.98246193],
       [0.        , 1.98501658],
       [0.        , 1.98821962],
       [0.        , 1.99593985],
       [0.        , 2.00470781],
       [0.        , 2.00574136],
       [0.        , 2.00690627],
       [0.        , 2.011168  ],
       [0.        , 2.01611137],
       [0.        , 2.02092099],
       [0.        , 2.02165651],
       [0.        , 2.02458453],
       [0.        , 2.02595901],
       [0.        , 2.02964783],
       [0.        , 2.03564405],
       [0.        , 2.03566456],
       [0.        , 2.04540396],
       [0.        , 2.0456624 ],
       [0.        , 2.06162119],
       [0.        , 2.06182861],
       [0.        , 2.06198406],
       [0.        , 2.06199408],
       [0.        , 2.06513381],
       [0.        , 2.06519318],
       [0.        , 2.06632662],
       [0.        , 2.07036161],
       [0.        , 2.07295799],
       [0.        , 2.07317114],
       [0.        , 2.0834949 ],
       [0.        , 2.09003329],
       [0.        , 2.09186745],
       [0.        , 2.0928185 ],
       [0.        , 2.09687996],
       [0.        , 2.09837651],
       [0.        , 2.10011673],
       [0.        , 2.10254693],
       [0.        , 2.10953856],
       [0.        , 2.11109328],
       [0.        , 2.11287212],
       [0.        , 2.11742926],
       [0.        , 2.11790848],
       [0.        , 2.11838603],
       [0.        , 2.12128782],
       [0.        , 2.12433481],
       [0.        , 2.12727642],
       [0.        , 2.13107896],
       [0.        , 2.13347268],
       [0.        , 2.13926196],
       [0.        , 2.14105844],
       [0.        , 2.14185405],
       [0.        , 2.14373922],
       [0.        , 2.1460042 ],
       [0.        , 2.14670062],
       [0.        , 2.15182137],
       [0.        , 2.15263677],
       [0.        , 2.15976119],
       [0.        , 2.16017246],
       [0.        , 2.16127324],
       [0.        , 2.16143966],
       [0.        , 2.16186452],
       [0.        , 2.16345382],
       [0.        , 2.16773796],
       [0.        , 2.16791177],
       [0.        , 2.17605448],
       [0.        , 2.17691064],
       [0.        , 2.17813206],
       [0.        , 2.18022084],
       [0.        , 2.18417239],
       [0.        , 2.18597937],
       [0.        , 2.18650937],
       [0.        , 2.18777299],
       [0.        , 2.18996072],
       [0.        , 2.20136881],
       [0.        , 2.20487118],
       [0.        , 2.20509553],
       [0.        , 2.20578861],
       [0.        , 2.20604539],
       [0.        , 2.20800519],
       [0.        , 2.20938039],
       [0.        , 2.21220326],
       [0.        , 2.22688079],
       [0.        , 2.23466587],
       [0.        ,        inf]]), array([[2.14754009, 2.15594435],
       [2.08571601, 2.08839583],
       [2.01100516, 2.01155353],
       [1.99991047, 2.08961177],
       [1.79648423, 1.82543945],
       [1.78359962, 1.7885952 ],
       [1.7660917 , 1.7806108 ]])]",True
178,2.2477824687957764,0.00620269775390625,2.043756065073978,160.3,5.178259155683282,3,0.02895522117614746,0.014436125755310059,0.014674226442972818,0.16,0.6960262320639133,"[array([[0.        , 1.48658133],
       [0.        , 1.50050235],
       [0.        , 1.56075501],
       [0.        , 1.5756526 ],
       [0.        , 1.61924696],
       [0.        , 1.62295961],
       [0.        , 1.65699244],
       [0.        , 1.67745805],
       [0.        , 1.67905593],
       [0.        , 1.69042754],
       [0.        , 1.70768595],
       [0.        , 1.70929575],
       [0.        , 1.7265836 ],
       [0.        , 1.72946203],
       [0.        , 1.72972155],
       [0.        , 1.75499403],
       [0.        , 1.7557739 ],
       [0.        , 1.77019811],
       [0.        , 1.77414489],
       [0.        , 1.78610659],
       [0.        , 1.79107094],
       [0.        , 1.79155624],
       [0.        , 1.8010534 ],
       [0.        , 1.8029269 ],
       [0.        , 1.82882655],
       [0.        , 1.8433857 ],
       [0.        , 1.84483862],
       [0.        , 1.84579301],
       [0.        , 1.86982596],
       [0.        , 1.87631428],
       [0.        , 1.87676966],
       [0.        , 1.88051164],
       [0.        , 1.90065515],
       [0.        , 1.92816246],
       [0.        , 1.93641448],
       [0.        , 1.94843674],
       [0.        , 1.95810091],
       [0.        , 1.95873845],
       [0.        , 1.96008956],
       [0.        , 1.96059465],
       [0.        , 1.96299124],
       [0.        , 1.9648875 ],
       [0.        , 1.97255301],
       [0.        , 1.9733566 ],
       [0.        , 1.98181832],
       [0.        , 1.98769963],
       [0.        , 1.99195361],
       [0.        , 1.99645805],
       [0.        , 2.00067472],
       [0.        , 2.00254297],
       [0.        , 2.0026114 ],
       [0.        , 2.00460958],
       [0.        , 2.00470781],
       [0.        , 2.00869513],
       [0.        , 2.01024032],
       [0.        , 2.01089811],
       [0.        , 2.01106501],
       [0.        , 2.01320791],
       [0.        , 2.01361704],
       [0.        , 2.01552868],
       [0.        , 2.01938105],
       [0.        , 2.02232337],
       [0.        , 2.02751303],
       [0.        , 2.03542757],
       [0.        , 2.0395937 ],
       [0.        , 2.04326797],
       [0.        , 2.04583955],
       [0.        , 2.045928  ],
       [0.        , 2.04621291],
       [0.        , 2.04858279],
       [0.        , 2.05150676],
       [0.        , 2.05397868],
       [0.        , 2.05577874],
       [0.        , 2.06216621],
       [0.        , 2.0622108 ],
       [0.        , 2.06451464],
       [0.        , 2.06722999],
       [0.        , 2.07166862],
       [0.        , 2.0789113 ],
       [0.        , 2.08168554],
       [0.        , 2.08557439],
       [0.        , 2.08634329],
       [0.        , 2.08700299],
       [0.        , 2.0913229 ],
       [0.        , 2.0921917 ],
       [0.        , 2.09228992],
       [0.        , 2.09348655],
       [0.        , 2.09640694],
       [0.        , 2.09697104],
       [0.        , 2.09713435],
       [0.        , 2.09822941],
       [0.        , 2.09948468],
       [0.        , 2.1020503 ],
       [0.        , 2.10366654],
       [0.        , 2.10526919],
       [0.        , 2.10751581],
       [0.        , 2.10874772],
       [0.        , 2.11358333],
       [0.        , 2.11523342],
       [0.        , 2.11590862],
       [0.        , 2.11628366],
       [0.        , 2.11681676],
       [0.        , 2.11730123],
       [0.        , 2.11790848],
       [0.        , 2.11818337],
       [0.        , 2.12494302],
       [0.        , 2.12508869],
       [0.        , 2.12727642],
       [0.        , 2.12933064],
       [0.        , 2.13054109],
       [0.        , 2.13214898],
       [0.        , 2.13220453],
       [0.        , 2.13665605],
       [0.        , 2.13793182],
       [0.        , 2.1390698 ],
       [0.        , 2.13922262],
       [0.        , 2.14418268],
       [0.        , 2.14723301],
       [0.        , 2.15000725],
       [0.        , 2.15099502],
       [0.        , 2.15263677],
       [0.        , 2.15387583],
       [0.        , 2.15454531],
       [0.        , 2.15457726],
       [0.        , 2.15689397],
       [0.        , 2.16251564],
       [0.        , 2.16360021],
       [0.        , 2.16376066],
       [0.        , 2.16643238],
       [0.        , 2.16766   ],
       [0.        , 2.16782904],
       [0.        , 2.16818404],
       [0.        , 2.16840696],
       [0.        , 2.16862965],
       [0.        , 2.16923356],
       [0.        , 2.17196155],
       [0.        , 2.17249274],
       [0.        , 2.1728127 ],
       [0.        , 2.17420387],
       [0.        , 2.17646122],
       [0.        , 2.17879725],
       [0.        , 2.18045855],
       [0.        , 2.18099523],
       [0.        , 2.18186307],
       [0.        , 2.18597937],
       [0.        , 2.18656754],
       [0.        , 2.1875    ],
       [0.        , 2.1905427 ],
       [0.        , 2.19064283],
       [0.        , 2.19258404],
       [0.        , 2.19303942],
       [0.        , 2.19316936],
       [0.        , 2.19562364],
       [0.        , 2.19625998],
       [0.        , 2.19685197],
       [0.        , 2.19776535],
       [0.        , 2.19795966],
       [0.        , 2.19856477],
       [0.        , 2.19904375],
       [0.        , 2.20097113],
       [0.        , 2.20312476],
       [0.        , 2.20348501],
       [0.        , 2.20580697],
       [0.        , 2.20742154],
       [0.        , 2.20908308],
       [0.        , 2.20962119],
       [0.        , 2.2131846 ],
       [0.        , 2.21440625],
       [0.        , 2.21769738],
       [0.        , 2.21776342],
       [0.        , 2.21898317],
       [0.        , 2.22618675],
       [0.        , 2.22688079],
       [0.        , 2.22763276],
       [0.        , 2.23466587],
       [0.        , 2.2381413 ],
       [0.        , 2.24157977],
       [0.        , 2.24778247],
       [0.        ,        inf]]), array([[2.01100516, 2.01155353],
       [1.79648423, 1.82543945],
       [1.7660917 , 1.7806108 ]])]",True
108,2.24157977104187,0.006913900375366211,2.009968175932213,95.92,4.676936759980149,6,0.08970129489898682,0.01603233814239502,0.03539808591206869,0.64,1.2899589544977212,"[array([[0.        , 1.36758363],
       [0.        , 1.48658133],
       [0.        , 1.5276984 ],
       [0.        , 1.56075501],
       [0.        , 1.5756526 ],
       [0.        , 1.61924696],
       [0.        , 1.62295961],
       [0.        , 1.63462257],
       [0.        , 1.64819396],
       [0.        , 1.65699244],
       [0.        , 1.67745805],
       [0.        , 1.70768595],
       [0.        , 1.70929575],
       [0.        , 1.71981382],
       [0.        , 1.7265836 ],
       [0.        , 1.72946203],
       [0.        , 1.7557739 ],
       [0.        , 1.77539909],
       [0.        , 1.78610659],
       [0.        , 1.79107094],
       [0.        , 1.81984484],
       [0.        , 1.82882655],
       [0.        , 1.8433857 ],
       [0.        , 1.84483862],
       [0.        , 1.86837685],
       [0.        , 1.88051164],
       [0.        , 1.92888141],
       [0.        , 1.93109143],
       [0.        , 1.93734396],
       [0.        , 1.94292152],
       [0.        , 1.95006311],
       [0.        , 1.96008956],
       [0.        , 1.96059465],
       [0.        , 1.98181832],
       [0.        , 1.98683667],
       [0.        , 1.9874649 ],
       [0.        , 1.99992895],
       [0.        , 2.00222373],
       [0.        , 2.00470781],
       [0.        , 2.00574136],
       [0.        , 2.00913954],
       [0.        , 2.01107073],
       [0.        , 2.02165651],
       [0.        , 2.02224827],
       [0.        , 2.03044891],
       [0.        , 2.03325915],
       [0.        , 2.0395937 ],
       [0.        , 2.04470396],
       [0.        , 2.05150676],
       [0.        , 2.05400038],
       [0.        , 2.05671763],
       [0.        , 2.05693436],
       [0.        , 2.05927253],
       [0.        , 2.06024313],
       [0.        , 2.0646708 ],
       [0.        , 2.06601334],
       [0.        , 2.06940532],
       [0.        , 2.07295799],
       [0.        , 2.08868122],
       [0.        , 2.09131861],
       [0.        , 2.09412003],
       [0.        , 2.10369468],
       [0.        , 2.10501933],
       [0.        , 2.11262512],
       [0.        , 2.11804628],
       [0.        , 2.12074304],
       [0.        , 2.13078666],
       [0.        , 2.13172412],
       [0.        , 2.13708043],
       [0.        , 2.14160085],
       [0.        , 2.14180303],
       [0.        , 2.14680791],
       [0.        , 2.14680958],
       [0.        , 2.14743471],
       [0.        , 2.15294409],
       [0.        , 2.15530205],
       [0.        , 2.15622497],
       [0.        , 2.16191506],
       [0.        , 2.16238475],
       [0.        , 2.17011428],
       [0.        , 2.17078519],
       [0.        , 2.17187238],
       [0.        , 2.17560625],
       [0.        , 2.17695165],
       [0.        , 2.17868209],
       [0.        , 2.18257213],
       [0.        , 2.18402314],
       [0.        , 2.18597937],
       [0.        , 2.18652058],
       [0.        , 2.18656969],
       [0.        , 2.19308186],
       [0.        , 2.19320178],
       [0.        , 2.19334626],
       [0.        , 2.19565248],
       [0.        , 2.19829512],
       [0.        , 2.19871211],
       [0.        , 2.19900918],
       [0.        , 2.20962119],
       [0.        , 2.20968628],
       [0.        , 2.21354055],
       [0.        , 2.21393681],
       [0.        , 2.21440625],
       [0.        , 2.21497726],
       [0.        , 2.21981668],
       [0.        , 2.22113872],
       [0.        , 2.22688079],
       [0.        , 2.23466587],
       [0.        , 2.24157977],
       [0.        ,        inf]]), array([[2.01203489, 2.08570385],
       [2.01100516, 2.01155353],
       [1.99991047, 2.08961177],
       [1.79648423, 1.82543945],
       [1.78359962, 1.7885952 ],
       [1.7660917 , 1.7806108 ]])]",True
107,2.2477824687957764,0.00620269775390625,2.0346214035961117,95.92,4.66814377484567,5,0.07091236114501953,0.04195713996887207,0.023986124992370607,0.38,1.066456793615407,"[array([[0.        , 1.48658133],
       [0.        , 1.5276984 ],
       [0.        , 1.56075501],
       [0.        , 1.5756526 ],
       [0.        , 1.61924696],
       [0.        , 1.62295961],
       [0.        , 1.64819396],
       [0.        , 1.65699244],
       [0.        , 1.67745805],
       [0.        , 1.69908237],
       [0.        , 1.70768595],
       [0.        , 1.70929575],
       [0.        , 1.7265836 ],
       [0.        , 1.72946203],
       [0.        , 1.7557739 ],
       [0.        , 1.76976335],
       [0.        , 1.78610659],
       [0.        , 1.79107094],
       [0.        , 1.8034842 ],
       [0.        , 1.81984484],
       [0.        , 1.82882655],
       [0.        , 1.84483862],
       [0.        , 1.84579301],
       [0.        , 1.8944658 ],
       [0.        , 1.91337478],
       [0.        , 1.95929766],
       [0.        , 1.96008956],
       [0.        , 1.96059465],
       [0.        , 1.98181832],
       [0.        , 1.98751152],
       [0.        , 1.98978388],
       [0.        , 1.99195361],
       [0.        , 1.99475837],
       [0.        , 2.00377011],
       [0.        , 2.00470781],
       [0.        , 2.02092099],
       [0.        , 2.0395937 ],
       [0.        , 2.05130482],
       [0.        , 2.05542111],
       [0.        , 2.0622108 ],
       [0.        , 2.06352925],
       [0.        , 2.06519318],
       [0.        , 2.06552815],
       [0.        , 2.07163835],
       [0.        , 2.08801341],
       [0.        , 2.08966041],
       [0.        , 2.09267449],
       [0.        , 2.10265899],
       [0.        , 2.10335755],
       [0.        , 2.11381197],
       [0.        , 2.11578846],
       [0.        , 2.11681676],
       [0.        , 2.11963964],
       [0.        , 2.12013197],
       [0.        , 2.12260938],
       [0.        , 2.12452722],
       [0.        , 2.12727642],
       [0.        , 2.12966013],
       [0.        , 2.13294578],
       [0.        , 2.13484621],
       [0.        , 2.13974285],
       [0.        , 2.14159322],
       [0.        , 2.14408684],
       [0.        , 2.14680648],
       [0.        , 2.14940763],
       [0.        , 2.15011525],
       [0.        , 2.15062404],
       [0.        , 2.15065241],
       [0.        , 2.15177035],
       [0.        , 2.15254211],
       [0.        , 2.15325642],
       [0.        , 2.15361881],
       [0.        , 2.15542698],
       [0.        , 2.15622497],
       [0.        , 2.15977979],
       [0.        , 2.16351342],
       [0.        , 2.16985536],
       [0.        , 2.17021012],
       [0.        , 2.17182302],
       [0.        , 2.17419267],
       [0.        , 2.1746645 ],
       [0.        , 2.17535162],
       [0.        , 2.17963266],
       [0.        , 2.18018913],
       [0.        , 2.18089604],
       [0.        , 2.18227243],
       [0.        , 2.18241668],
       [0.        , 2.18373609],
       [0.        , 2.18597937],
       [0.        , 2.18898559],
       [0.        , 2.19181991],
       [0.        , 2.19208837],
       [0.        , 2.19316936],
       [0.        , 2.19453406],
       [0.        , 2.19513369],
       [0.        , 2.19627666],
       [0.        , 2.19833231],
       [0.        , 2.19980693],
       [0.        , 2.20962119],
       [0.        , 2.21921492],
       [0.        , 2.22274661],
       [0.        , 2.22511172],
       [0.        , 2.22688079],
       [0.        , 2.23132348],
       [0.        , 2.23466587],
       [0.        , 2.24157977],
       [0.        , 2.24778247],
       [0.        ,        inf]]), array([[2.01479149, 2.08570385],
       [2.01100516, 2.01155353],
       [1.79648423, 1.82543945],
       [1.78359962, 1.7885952 ],
       [1.7660917 , 1.7806108 ]])]",True
48,2.24157977104187,0.006913900375366211,1.9301867832740147,40.94,3.8644737188689753,4,0.02895522117614746,0.021164417266845703,0.010572493076324463,0.12,0.8796547890930935,"[array([[0.        , 1.48658133],
       [0.        , 1.50050235],
       [0.        , 1.5276984 ],
       [0.        , 1.61924696],
       [0.        , 1.62295961],
       [0.        , 1.65699244],
       [0.        , 1.67745805],
       [0.        , 1.67905593],
       [0.        , 1.67909479],
       [0.        , 1.70768595],
       [0.        , 1.70929575],
       [0.        , 1.72946203],
       [0.        , 1.73666823],
       [0.        , 1.7557739 ],
       [0.        , 1.78610659],
       [0.        , 1.79107094],
       [0.        , 1.79155624],
       [0.        , 1.8034842 ],
       [0.        , 1.84483862],
       [0.        , 1.84579301],
       [0.        , 1.88843322],
       [0.        , 1.90221179],
       [0.        , 1.95267034],
       [0.        , 1.96059465],
       [0.        , 1.98181832],
       [0.        , 1.99981773],
       [0.        , 2.00470781],
       [0.        , 2.00732613],
       [0.        , 2.011168  ],
       [0.        , 2.0395937 ],
       [0.        , 2.046628  ],
       [0.        , 2.07678866],
       [0.        , 2.12488127],
       [0.        , 2.12578464],
       [0.        , 2.12727642],
       [0.        , 2.13347268],
       [0.        , 2.13903022],
       [0.        , 2.13906145],
       [0.        , 2.16094828],
       [0.        , 2.16552472],
       [0.        , 2.18011045],
       [0.        , 2.18597937],
       [0.        , 2.20962119],
       [0.        , 2.21220326],
       [0.        , 2.21886158],
       [0.        , 2.22688079],
       [0.        , 2.23466587],
       [0.        , 2.24157977],
       [0.        ,        inf]]), array([[2.11777306, 2.12556386],
       [2.01100516, 2.01155353],
       [1.79648423, 1.82543945],
       [1.78359962, 1.7885952 ]])]",True
88,2.234665870666504,0.00778508186340332,1.9978058013049038,77.98,4.472760495818058,2,0.02895522117614746,0.028406858444213867,0.014751791954040527,0.14,0.0924850797144974,"[array([[0.        , 1.21763885],
       [0.        , 1.5756526 ],
       [0.        , 1.64819396],
       [0.        , 1.65699244],
       [0.        , 1.67304981],
       [0.        , 1.68547916],
       [0.        , 1.69761336],
       [0.        , 1.70768595],
       [0.        , 1.70929575],
       [0.        , 1.7265836 ],
       [0.        , 1.72946203],
       [0.        , 1.7557739 ],
       [0.        , 1.77539909],
       [0.        , 1.78610659],
       [0.        , 1.7890563 ],
       [0.        , 1.79107094],
       [0.        , 1.8010534 ],
       [0.        , 1.8049649 ],
       [0.        , 1.81373537],
       [0.        , 1.81984484],
       [0.        , 1.86793733],
       [0.        , 1.87153375],
       [0.        , 1.88843322],
       [0.        , 1.90136039],
       [0.        , 1.90140378],
       [0.        , 1.91645885],
       [0.        , 1.92720628],
       [0.        , 1.93066037],
       [0.        , 1.93891156],
       [0.        , 1.96059465],
       [0.        , 1.98181832],
       [0.        , 1.98818099],
       [0.        , 1.98988044],
       [0.        , 2.00470781],
       [0.        , 2.01010704],
       [0.        , 2.02598596],
       [0.        , 2.02683783],
       [0.        , 2.0342176 ],
       [0.        , 2.03526068],
       [0.        , 2.0395937 ],
       [0.        , 2.04563761],
       [0.        , 2.05957127],
       [0.        , 2.06212139],
       [0.        , 2.06869483],
       [0.        , 2.07628894],
       [0.        , 2.07854843],
       [0.        , 2.08853865],
       [0.        , 2.09187841],
       [0.        , 2.1020503 ],
       [0.        , 2.10637712],
       [0.        , 2.1071918 ],
       [0.        , 2.11174393],
       [0.        , 2.11242843],
       [0.        , 2.11341453],
       [0.        , 2.11830401],
       [0.        , 2.11847258],
       [0.        , 2.1209054 ],
       [0.        , 2.12205553],
       [0.        , 2.12268209],
       [0.        , 2.12331438],
       [0.        , 2.12472034],
       [0.        , 2.12942505],
       [0.        , 2.13240814],
       [0.        , 2.13317227],
       [0.        , 2.13619876],
       [0.        , 2.14085221],
       [0.        , 2.14185548],
       [0.        , 2.14197636],
       [0.        , 2.14373899],
       [0.        , 2.14433837],
       [0.        , 2.14461327],
       [0.        , 2.14465737],
       [0.        , 2.14612484],
       [0.        , 2.14744544],
       [0.        , 2.15381813],
       [0.        , 2.15387583],
       [0.        , 2.15524912],
       [0.        , 2.15628529],
       [0.        , 2.15669513],
       [0.        , 2.15791607],
       [0.        , 2.15929127],
       [0.        , 2.17477584],
       [0.        , 2.17515063],
       [0.        , 2.18597937],
       [0.        , 2.19548631],
       [0.        , 2.21335101],
       [0.        , 2.22688079],
       [0.        , 2.23466587],
       [0.        ,        inf]]), array([[2.01100516, 2.01155353],
       [1.79648423, 1.82543945]])]",False
89,2.24157977104187,0.006913900375366211,2.021939291043228,79.58,4.483400402575328,5,0.08970129489898682,0.01603233814239502,0.04147858619689941,0.62,1.206903928146445,"[array([[0.        , 1.48658133],
       [0.        , 1.56075501],
       [0.        , 1.5756526 ],
       [0.        , 1.61924696],
       [0.        , 1.62295961],
       [0.        , 1.63462257],
       [0.        , 1.64819396],
       [0.        , 1.65699244],
       [0.        , 1.67745805],
       [0.        , 1.67905593],
       [0.        , 1.69042754],
       [0.        , 1.70768595],
       [0.        , 1.70929575],
       [0.        , 1.7265836 ],
       [0.        , 1.72946203],
       [0.        , 1.7557739 ],
       [0.        , 1.78610659],
       [0.        , 1.81356204],
       [0.        , 1.81984484],
       [0.        , 1.8433857 ],
       [0.        , 1.84483862],
       [0.        , 1.91706204],
       [0.        , 1.9196701 ],
       [0.        , 1.92572749],
       [0.        , 1.94292152],
       [0.        , 1.96059465],
       [0.        , 1.96572685],
       [0.        , 1.98181832],
       [0.        , 1.9874649 ],
       [0.        , 1.99475837],
       [0.        , 1.99708259],
       [0.        , 2.00470781],
       [0.        , 2.01338983],
       [0.        , 2.02165651],
       [0.        , 2.0395937 ],
       [0.        , 2.04674745],
       [0.        , 2.04791188],
       [0.        , 2.06212139],
       [0.        , 2.06461287],
       [0.        , 2.06519318],
       [0.        , 2.07929635],
       [0.        , 2.09496546],
       [0.        , 2.10369468],
       [0.        , 2.10526919],
       [0.        , 2.11429381],
       [0.        , 2.11449552],
       [0.        , 2.11599731],
       [0.        , 2.11818337],
       [0.        , 2.12101603],
       [0.        , 2.12433481],
       [0.        , 2.12727642],
       [0.        , 2.12909007],
       [0.        , 2.13347268],
       [0.        , 2.13522649],
       [0.        , 2.1394186 ],
       [0.        , 2.15099502],
       [0.        , 2.15174818],
       [0.        , 2.16077447],
       [0.        , 2.16238475],
       [0.        , 2.16512728],
       [0.        , 2.16552472],
       [0.        , 2.16727161],
       [0.        , 2.1712358 ],
       [0.        , 2.17243361],
       [0.        , 2.18194056],
       [0.        , 2.1841104 ],
       [0.        , 2.18422723],
       [0.        , 2.18438745],
       [0.        , 2.18597937],
       [0.        , 2.18793535],
       [0.        , 2.1905427 ],
       [0.        , 2.19066429],
       [0.        , 2.19685197],
       [0.        , 2.20243835],
       [0.        , 2.20304704],
       [0.        , 2.20449376],
       [0.        , 2.20745826],
       [0.        , 2.20908308],
       [0.        , 2.20962119],
       [0.        , 2.21003032],
       [0.        , 2.21886158],
       [0.        , 2.22359276],
       [0.        , 2.22520614],
       [0.        , 2.22579598],
       [0.        , 2.22618675],
       [0.        , 2.22624326],
       [0.        , 2.22688079],
       [0.        , 2.23466587],
       [0.        , 2.24157977],
       [0.        ,        inf]]), array([[2.01203489, 2.08570385],
       [2.01100516, 2.01155353],
       [1.99991047, 2.08961177],
       [1.79648423, 1.82543945],
       [1.7660917 , 1.7806108 ]])]",False
91,2.234665870666504,0.00778508186340332,1.973616911814763,79.6,4.504395637981121,5,0.02895522117614746,0.01918160915374756,0.009373688697814941,0.22,1.0753542238588472,"[array([[0.        , 1.4371264 ],
       [0.        , 1.44018292],
       [0.        , 1.48658133],
       [0.        , 1.50050235],
       [0.        , 1.5276984 ],
       [0.        , 1.54173601],
       [0.        , 1.5756526 ],
       [0.        , 1.59647572],
       [0.        , 1.60916722],
       [0.        , 1.61924696],
       [0.        , 1.62295961],
       [0.        , 1.65699244],
       [0.        , 1.67745805],
       [0.        , 1.67905593],
       [0.        , 1.70768595],
       [0.        , 1.70929575],
       [0.        , 1.7265836 ],
       [0.        , 1.72946203],
       [0.        , 1.7557739 ],
       [0.        , 1.78610659],
       [0.        , 1.7890563 ],
       [0.        , 1.79107094],
       [0.        , 1.79155624],
       [0.        , 1.8010534 ],
       [0.        , 1.8034842 ],
       [0.        , 1.8049649 ],
       [0.        , 1.84483862],
       [0.        , 1.87153375],
       [0.        , 1.92720628],
       [0.        , 1.96008956],
       [0.        , 1.96059465],
       [0.        , 1.96532464],
       [0.        , 1.97588253],
       [0.        , 1.98181832],
       [0.        , 1.98818099],
       [0.        , 1.99475837],
       [0.        , 2.00470781],
       [0.        , 2.01361704],
       [0.        , 2.0145762 ],
       [0.        , 2.02873349],
       [0.        , 2.030375  ],
       [0.        , 2.0342176 ],
       [0.        , 2.0395937 ],
       [0.        , 2.04563761],
       [0.        , 2.06212139],
       [0.        , 2.06869483],
       [0.        , 2.07853556],
       [0.        , 2.08073258],
       [0.        , 2.081846  ],
       [0.        , 2.09187841],
       [0.        , 2.09236312],
       [0.        , 2.09410381],
       [0.        , 2.10069442],
       [0.        , 2.1020503 ],
       [0.        , 2.1071918 ],
       [0.        , 2.11174393],
       [0.        , 2.11250281],
       [0.        , 2.11830401],
       [0.        , 2.120327  ],
       [0.        , 2.1209054 ],
       [0.        , 2.12103629],
       [0.        , 2.12165451],
       [0.        , 2.12181878],
       [0.        , 2.12205553],
       [0.        , 2.12331438],
       [0.        , 2.13240814],
       [0.        , 2.13619876],
       [0.        , 2.14085221],
       [0.        , 2.14465737],
       [0.        , 2.1509409 ],
       [0.        , 2.15929127],
       [0.        , 2.16094851],
       [0.        , 2.16228533],
       [0.        , 2.16543674],
       [0.        , 2.17078519],
       [0.        , 2.17151928],
       [0.        , 2.17477584],
       [0.        , 2.17515063],
       [0.        , 2.17598176],
       [0.        , 2.17774725],
       [0.        , 2.17983413],
       [0.        , 2.18207097],
       [0.        , 2.18597937],
       [0.        , 2.18762803],
       [0.        , 2.18782091],
       [0.        , 2.19357944],
       [0.        , 2.20157647],
       [0.        , 2.20428205],
       [0.        , 2.21335101],
       [0.        , 2.22688079],
       [0.        , 2.23466587],
       [0.        ,        inf]]), array([[2.01100516, 2.01155353],
       [1.91665983, 1.9192555 ],
       [1.84556353, 1.85533714],
       [1.79648423, 1.82543945],
       [1.78359962, 1.7885952 ]])]",True
81,2.24157977104187,0.006913900375366211,1.9961398560323833,71.5,4.389811806974236,4,0.02895522117614746,0.008990764617919922,0.013063192367553711,0.18,0.8988152924621537,"[array([[0.        , 1.48658133],
       [0.        , 1.50050235],
       [0.        , 1.5756526 ],
       [0.        , 1.61924696],
       [0.        , 1.62295961],
       [0.        , 1.63462257],
       [0.        , 1.65699244],
       [0.        , 1.69042754],
       [0.        , 1.70768595],
       [0.        , 1.70929575],
       [0.        , 1.7265836 ],
       [0.        , 1.72946203],
       [0.        , 1.73666823],
       [0.        , 1.7557739 ],
       [0.        , 1.77539909],
       [0.        , 1.78610659],
       [0.        , 1.79155624],
       [0.        , 1.84483862],
       [0.        , 1.88051307],
       [0.        , 1.93802845],
       [0.        , 1.94101059],
       [0.        , 1.94754362],
       [0.        , 1.96053803],
       [0.        , 1.96059465],
       [0.        , 1.96992195],
       [0.        , 1.9744314 ],
       [0.        , 1.97511816],
       [0.        , 1.97524703],
       [0.        , 1.98181832],
       [0.        , 1.99959421],
       [0.        , 2.00470781],
       [0.        , 2.00512147],
       [0.        , 2.011168  ],
       [0.        , 2.01362753],
       [0.        , 2.02092099],
       [0.        , 2.02136564],
       [0.        , 2.02165651],
       [0.        , 2.03011322],
       [0.        , 2.03058481],
       [0.        , 2.03219962],
       [0.        , 2.0379529 ],
       [0.        , 2.0395937 ],
       [0.        , 2.04289842],
       [0.        , 2.0482471 ],
       [0.        , 2.05593586],
       [0.        , 2.07600546],
       [0.        , 2.08044267],
       [0.        , 2.08474255],
       [0.        , 2.08742809],
       [0.        , 2.08914661],
       [0.        , 2.09740782],
       [0.        , 2.09828806],
       [0.        , 2.10123086],
       [0.        , 2.1020503 ],
       [0.        , 2.10610914],
       [0.        , 2.10633206],
       [0.        , 2.10811687],
       [0.        , 2.10835147],
       [0.        , 2.11005735],
       [0.        , 2.11320233],
       [0.        , 2.11977243],
       [0.        , 2.14234829],
       [0.        , 2.14817619],
       [0.        , 2.15722322],
       [0.        , 2.15800667],
       [0.        , 2.16216874],
       [0.        , 2.16238475],
       [0.        , 2.1837945 ],
       [0.        , 2.18422723],
       [0.        , 2.18539262],
       [0.        , 2.18597937],
       [0.        , 2.19480443],
       [0.        , 2.20211911],
       [0.        , 2.20315146],
       [0.        , 2.20861435],
       [0.        , 2.20962119],
       [0.        , 2.20985579],
       [0.        , 2.22684145],
       [0.        , 2.22688079],
       [0.        , 2.23466587],
       [0.        , 2.24157977],
       [0.        ,        inf]]), array([[2.06964731, 2.08961177],
       [2.02184224, 2.02462697],
       [2.01100516, 2.01155353],
       [1.79648423, 1.82543945]])]",True
125,2.245328903198242,0.000766754150390625,2.026580891609192,111.88,4.822999151004976,7,0.02895522117614746,0.008256196975708008,0.015066300119672502,0.22,1.7185845144758531,"[array([[0.        , 1.21763885],
       [0.        , 1.48658133],
       [0.        , 1.49107373],
       [0.        , 1.50050235],
       [0.        , 1.5276984 ],
       [0.        , 1.56075501],
       [0.        , 1.5756526 ],
       [0.        , 1.62295961],
       [0.        , 1.63462257],
       [0.        , 1.65699244],
       [0.        , 1.69042754],
       [0.        , 1.69761336],
       [0.        , 1.70768595],
       [0.        , 1.70929575],
       [0.        , 1.7265836 ],
       [0.        , 1.72946203],
       [0.        , 1.7557739 ],
       [0.        , 1.77282667],
       [0.        , 1.78610659],
       [0.        , 1.79155624],
       [0.        , 1.8034842 ],
       [0.        , 1.82882655],
       [0.        , 1.8433857 ],
       [0.        , 1.86981142],
       [0.        , 1.86982596],
       [0.        , 1.88051164],
       [0.        , 1.90838575],
       [0.        , 1.93382037],
       [0.        , 1.93509984],
       [0.        , 1.94486237],
       [0.        , 1.94535494],
       [0.        , 1.94778407],
       [0.        , 1.96059465],
       [0.        , 1.96299124],
       [0.        , 1.97777128],
       [0.        , 1.98181832],
       [0.        , 1.99475837],
       [0.        , 2.00100923],
       [0.        , 2.00470781],
       [0.        , 2.01940536],
       [0.        , 2.02092099],
       [0.        , 2.02193737],
       [0.        , 2.02504492],
       [0.        , 2.0258038 ],
       [0.        , 2.03058481],
       [0.        , 2.03078485],
       [0.        , 2.0436542 ],
       [0.        , 2.04704857],
       [0.        , 2.0482471 ],
       [0.        , 2.04897308],
       [0.        , 2.06394982],
       [0.        , 2.0674994 ],
       [0.        , 2.08634329],
       [0.        , 2.0871551 ],
       [0.        , 2.09386086],
       [0.        , 2.09582663],
       [0.        , 2.09766865],
       [0.        , 2.09785342],
       [0.        , 2.09954023],
       [0.        , 2.1020503 ],
       [0.        , 2.10637903],
       [0.        , 2.11183429],
       [0.        , 2.11578846],
       [0.        , 2.11681676],
       [0.        , 2.11790848],
       [0.        , 2.11846375],
       [0.        , 2.11940765],
       [0.        , 2.12020493],
       [0.        , 2.12052751],
       [0.        , 2.12096119],
       [0.        , 2.12131596],
       [0.        , 2.12278652],
       [0.        , 2.12508869],
       [0.        , 2.12515354],
       [0.        , 2.1264751 ],
       [0.        , 2.12933064],
       [0.        , 2.13209295],
       [0.        , 2.13218665],
       [0.        , 2.13378739],
       [0.        , 2.13906145],
       [0.        , 2.13922262],
       [0.        , 2.14306831],
       [0.        , 2.14924383],
       [0.        , 2.14954662],
       [0.        , 2.15073776],
       [0.        , 2.15263247],
       [0.        , 2.15432549],
       [0.        , 2.15484715],
       [0.        , 2.15623999],
       [0.        , 2.15815783],
       [0.        , 2.15877438],
       [0.        , 2.16219473],
       [0.        , 2.16242528],
       [0.        , 2.16773796],
       [0.        , 2.17239165],
       [0.        , 2.17292953],
       [0.        , 2.17420387],
       [0.        , 2.17691064],
       [0.        , 2.17702127],
       [0.        , 2.17879725],
       [0.        , 2.18007112],
       [0.        , 2.18018913],
       [0.        , 2.18554473],
       [0.        , 2.19092488],
       [0.        , 2.19316936],
       [0.        , 2.19331551],
       [0.        , 2.19829512],
       [0.        , 2.19833231],
       [0.        , 2.19840693],
       [0.        , 2.19861031],
       [0.        , 2.20143437],
       [0.        , 2.20315146],
       [0.        , 2.20348501],
       [0.        , 2.20428205],
       [0.        , 2.20778084],
       [0.        , 2.20800519],
       [0.        , 2.20985579],
       [0.        , 2.21220326],
       [0.        , 2.21440625],
       [0.        , 2.21627474],
       [0.        , 2.21982503],
       [0.        , 2.22274661],
       [0.        , 2.23466587],
       [0.        , 2.24456215],
       [0.        , 2.2453289 ],
       [0.        ,        inf]]), array([[2.11449552, 2.13027787],
       [2.06964731, 2.08961177],
       [2.01100516, 2.01155353],
       [1.79648423, 1.82543945],
       [1.78359962, 1.7885952 ],
       [1.7660917 , 1.7806108 ],
       [1.65235078, 1.67304981]])]",False
81,2.24157977104187,0.006913900375366211,2.0197879252610385,72.38,4.387995900421427,4,0.08970129489898682,0.07478535175323486,0.02992117404937744,0.38,0.7562278228135215,"[array([[0.        , 1.21763885],
       [0.        , 1.48658133],
       [0.        , 1.49107373],
       [0.        , 1.50050235],
       [0.        , 1.56075501],
       [0.        , 1.5756526 ],
       [0.        , 1.63462257],
       [0.        , 1.65699244],
       [0.        , 1.67745805],
       [0.        , 1.69761336],
       [0.        , 1.70929575],
       [0.        , 1.7265836 ],
       [0.        , 1.72946203],
       [0.        , 1.7557739 ],
       [0.        , 1.78610659],
       [0.        , 1.81356204],
       [0.        , 1.8433857 ],
       [0.        , 1.86981142],
       [0.        , 1.90232718],
       [0.        , 1.94013143],
       [0.        , 1.96059465],
       [0.        , 1.97308779],
       [0.        , 1.98181832],
       [0.        , 1.98251736],
       [0.        , 1.98531985],
       [0.        , 1.99693155],
       [0.        , 2.00470781],
       [0.        , 2.00964189],
       [0.        , 2.01338983],
       [0.        , 2.0350194 ],
       [0.        , 2.03892827],
       [0.        , 2.0473187 ],
       [0.        , 2.06461287],
       [0.        , 2.06519318],
       [0.        , 2.10185933],
       [0.        , 2.10371065],
       [0.        , 2.10526919],
       [0.        , 2.10637903],
       [0.        , 2.10755777],
       [0.        , 2.11449552],
       [0.        , 2.11493444],
       [0.        , 2.11599731],
       [0.        , 2.11818337],
       [0.        , 2.12101603],
       [0.        , 2.1264751 ],
       [0.        , 2.12727642],
       [0.        , 2.13699889],
       [0.        , 2.1394186 ],
       [0.        , 2.14019513],
       [0.        , 2.14592743],
       [0.        , 2.14887524],
       [0.        , 2.15099502],
       [0.        , 2.15174818],
       [0.        , 2.15254688],
       [0.        , 2.15689397],
       [0.        , 2.16077447],
       [0.        , 2.16219473],
       [0.        , 2.16512728],
       [0.        , 2.16650414],
       [0.        , 2.17605448],
       [0.        , 2.17726803],
       [0.        , 2.18368292],
       [0.        , 2.1841104 ],
       [0.        , 2.18806195],
       [0.        , 2.19066429],
       [0.        , 2.19505739],
       [0.        , 2.19685197],
       [0.        , 2.19755101],
       [0.        , 2.19833231],
       [0.        , 2.20243835],
       [0.        , 2.20304704],
       [0.        , 2.20908308],
       [0.        , 2.21440625],
       [0.        , 2.21588612],
       [0.        , 2.21982503],
       [0.        , 2.22082281],
       [0.        , 2.22359276],
       [0.        , 2.22520614],
       [0.        , 2.22886848],
       [0.        , 2.23466587],
       [0.        , 2.24157977],
       [0.        ,        inf]]), array([[2.06964731, 2.08456326],
       [2.01100516, 2.01155353],
       [1.99991047, 2.08961177],
       [1.7660917 , 1.7806108 ]])]",False
90,2.2445621490478516,0.009896278381347656,1.9823187430699667,78.78,4.492161528322929,8,0.07091236114501953,0.04195713996887207,0.019124865531921387,0.38,1.54234658154302,"[array([[0.        , 1.21763885],
       [0.        , 1.36758363],
       [0.        , 1.48658133],
       [0.        , 1.49107373],
       [0.        , 1.5276984 ],
       [0.        , 1.56075501],
       [0.        , 1.5756526 ],
       [0.        , 1.62295961],
       [0.        , 1.63013804],
       [0.        , 1.63279319],
       [0.        , 1.64819396],
       [0.        , 1.65699244],
       [0.        , 1.67745805],
       [0.        , 1.67905593],
       [0.        , 1.69761336],
       [0.        , 1.70768595],
       [0.        , 1.70929575],
       [0.        , 1.7265836 ],
       [0.        , 1.72946203],
       [0.        , 1.72972155],
       [0.        , 1.7557739 ],
       [0.        , 1.78610659],
       [0.        , 1.79107094],
       [0.        , 1.8034842 ],
       [0.        , 1.81984484],
       [0.        , 1.83635771],
       [0.        , 1.8433857 ],
       [0.        , 1.84579301],
       [0.        , 1.90838575],
       [0.        , 1.92788386],
       [0.        , 1.96008956],
       [0.        , 1.96059465],
       [0.        , 1.98181832],
       [0.        , 1.99029195],
       [0.        , 1.99475837],
       [0.        , 1.99981773],
       [0.        , 2.00461245],
       [0.        , 2.00470781],
       [0.        , 2.02092099],
       [0.        , 2.0482471 ],
       [0.        , 2.06199408],
       [0.        , 2.07853556],
       [0.        , 2.07901073],
       [0.        , 2.08929634],
       [0.        , 2.1020503 ],
       [0.        , 2.10637903],
       [0.        , 2.11287212],
       [0.        , 2.11681676],
       [0.        , 2.12578464],
       [0.        , 2.1264751 ],
       [0.        , 2.12870121],
       [0.        , 2.1293869 ],
       [0.        , 2.13151741],
       [0.        , 2.13347268],
       [0.        , 2.13522649],
       [0.        , 2.13903022],
       [0.        , 2.13906145],
       [0.        , 2.14019513],
       [0.        , 2.14293599],
       [0.        , 2.14309335],
       [0.        , 2.14941764],
       [0.        , 2.15294409],
       [0.        , 2.15501595],
       [0.        , 2.15526485],
       [0.        , 2.15774941],
       [0.        , 2.16021991],
       [0.        , 2.16042042],
       [0.        , 2.16094828],
       [0.        , 2.16119885],
       [0.        , 2.16219473],
       [0.        , 2.16347122],
       [0.        , 2.16552472],
       [0.        , 2.18022084],
       [0.        , 2.18539262],
       [0.        , 2.19685197],
       [0.        , 2.19688654],
       [0.        , 2.19755101],
       [0.        , 2.19776535],
       [0.        , 2.19861031],
       [0.        , 2.19962859],
       [0.        , 2.20908308],
       [0.        , 2.21220326],
       [0.        , 2.21440625],
       [0.        , 2.21886158],
       [0.        , 2.2208271 ],
       [0.        , 2.22210217],
       [0.        , 2.22511172],
       [0.        , 2.22886848],
       [0.        , 2.23466587],
       [0.        , 2.24456215],
       [0.        ,        inf]]), array([[2.01479149, 2.08570385],
       [2.01100516, 2.01155353],
       [1.91665983, 1.9192555 ],
       [1.84556353, 1.85533714],
       [1.79648423, 1.82543945],
       [1.78359962, 1.7885952 ],
       [1.7660917 , 1.7806108 ],
       [1.65235078, 1.67304981]])]",True
88,2.234665870666504,0.00778508186340332,1.9963217905976556,77.92,4.471915438509463,5,0.08970129489898682,0.01603233814239502,0.04173123836517334,0.64,1.2154585631251724,"[array([[0.        , 1.21763885],
       [0.        , 1.5756526 ],
       [0.        , 1.63462257],
       [0.        , 1.6373446 ],
       [0.        , 1.64819396],
       [0.        , 1.65699244],
       [0.        , 1.67304981],
       [0.        , 1.67745805],
       [0.        , 1.685745  ],
       [0.        , 1.69761336],
       [0.        , 1.70768595],
       [0.        , 1.70929575],
       [0.        , 1.7265836 ],
       [0.        , 1.72946203],
       [0.        , 1.73666823],
       [0.        , 1.75499403],
       [0.        , 1.7557739 ],
       [0.        , 1.77539909],
       [0.        , 1.77591288],
       [0.        , 1.78610659],
       [0.        , 1.81373537],
       [0.        , 1.81984484],
       [0.        , 1.8433857 ],
       [0.        , 1.84579301],
       [0.        , 1.90838575],
       [0.        , 1.94013143],
       [0.        , 1.94484818],
       [0.        , 1.94535494],
       [0.        , 1.96059465],
       [0.        , 1.96584356],
       [0.        , 1.96848094],
       [0.        , 1.97433877],
       [0.        , 1.98181832],
       [0.        , 1.99267936],
       [0.        , 2.00470781],
       [0.        , 2.01828861],
       [0.        , 2.01903033],
       [0.        , 2.03219962],
       [0.        , 2.05327082],
       [0.        , 2.06005812],
       [0.        , 2.0622983 ],
       [0.        , 2.06693387],
       [0.        , 2.0756588 ],
       [0.        , 2.07938075],
       [0.        , 2.080024  ],
       [0.        , 2.08365822],
       [0.        , 2.08681154],
       [0.        , 2.08700299],
       [0.        , 2.09342027],
       [0.        , 2.09542203],
       [0.        , 2.0965662 ],
       [0.        , 2.09984708],
       [0.        , 2.10123086],
       [0.        , 2.10189176],
       [0.        , 2.1020503 ],
       [0.        , 2.10461116],
       [0.        , 2.1201067 ],
       [0.        , 2.12727642],
       [0.        , 2.12933064],
       [0.        , 2.14062572],
       [0.        , 2.14416242],
       [0.        , 2.14890671],
       [0.        , 2.14926267],
       [0.        , 2.14954662],
       [0.        , 2.15012217],
       [0.        , 2.15622497],
       [0.        , 2.15669513],
       [0.        , 2.15722322],
       [0.        , 2.15893126],
       [0.        , 2.16302228],
       [0.        , 2.16347122],
       [0.        , 2.16873431],
       [0.        , 2.1746428 ],
       [0.        , 2.18287706],
       [0.        , 2.18597937],
       [0.        , 2.18816781],
       [0.        , 2.19232368],
       [0.        , 2.19476056],
       [0.        , 2.19669724],
       [0.        , 2.19830585],
       [0.        , 2.20312476],
       [0.        , 2.20324183],
       [0.        , 2.20348501],
       [0.        , 2.2062335 ],
       [0.        , 2.20653844],
       [0.        , 2.22295904],
       [0.        , 2.22688079],
       [0.        , 2.23466587],
       [0.        ,        inf]]), array([[2.11449552, 2.13027787],
       [2.01203489, 2.08570385],
       [2.01100516, 2.01155353],
       [1.99991047, 2.08961177],
       [1.79648423, 1.82543945]])]",True
74,2.24157977104187,0.006913900375366211,2.0244861937857963,66.2,4.298991157378779,3,0.02895522117614746,0.021164417266845703,0.012431462605794271,0.14,0.5856607568823339,"[array([[0.        , 1.48658133],
       [0.        , 1.5756526 ],
       [0.        , 1.61924696],
       [0.        , 1.62295961],
       [0.        , 1.65699244],
       [0.        , 1.67745805],
       [0.        , 1.67905593],
       [0.        , 1.70768595],
       [0.        , 1.70929575],
       [0.        , 1.7265836 ],
       [0.        , 1.72946203],
       [0.        , 1.7557739 ],
       [0.        , 1.77539909],
       [0.        , 1.78610659],
       [0.        , 1.79107094],
       [0.        , 1.81984484],
       [0.        , 1.84483862],
       [0.        , 1.84579301],
       [0.        , 1.88051307],
       [0.        , 1.8944658 ],
       [0.        , 1.96008956],
       [0.        , 1.96059465],
       [0.        , 1.96344268],
       [0.        , 1.98181832],
       [0.        , 1.99475837],
       [0.        , 1.99909544],
       [0.        , 2.00307274],
       [0.        , 2.00470781],
       [0.        , 2.01361704],
       [0.        , 2.02005243],
       [0.        , 2.03340507],
       [0.        , 2.0395937 ],
       [0.        , 2.046628  ],
       [0.        , 2.06519318],
       [0.        , 2.10265899],
       [0.        , 2.11578846],
       [0.        , 2.1190896 ],
       [0.        , 2.12727642],
       [0.        , 2.13294578],
       [0.        , 2.13484621],
       [0.        , 2.14051294],
       [0.        , 2.14680648],
       [0.        , 2.1479187 ],
       [0.        , 2.15361881],
       [0.        , 2.15418744],
       [0.        , 2.15499163],
       [0.        , 2.15542698],
       [0.        , 2.15669513],
       [0.        , 2.15886641],
       [0.        , 2.16351342],
       [0.        , 2.17419267],
       [0.        , 2.17963266],
       [0.        , 2.18025613],
       [0.        , 2.18045855],
       [0.        , 2.18227243],
       [0.        , 2.18597937],
       [0.        , 2.18659282],
       [0.        , 2.18898559],
       [0.        , 2.19177389],
       [0.        , 2.19181991],
       [0.        , 2.19232368],
       [0.        , 2.19627666],
       [0.        , 2.19852424],
       [0.        , 2.20861435],
       [0.        , 2.20962119],
       [0.        , 2.20985579],
       [0.        , 2.21886158],
       [0.        , 2.21921492],
       [0.        , 2.22511172],
       [0.        , 2.22618675],
       [0.        , 2.22630453],
       [0.        , 2.22688079],
       [0.        , 2.23466587],
       [0.        , 2.24157977],
       [0.        ,        inf]]), array([[2.11777306, 2.12556386],
       [2.01100516, 2.01155353],
       [1.79648423, 1.82543945]])]",False
160,2.24157977104187,0.0034384727478027344,2.0477044098079205,144.88,5.071465302159593,4,0.02895522117614746,0.014436125755310059,0.011073976755142212,0.12,0.7292682561068665,"[array([[0.        , 1.48658133],
       [0.        , 1.50050235],
       [0.        , 1.56075501],
       [0.        , 1.5756526 ],
       [0.        , 1.61924696],
       [0.        , 1.62295961],
       [0.        , 1.64819396],
       [0.        , 1.65699244],
       [0.        , 1.67905593],
       [0.        , 1.70768595],
       [0.        , 1.70929575],
       [0.        , 1.7265836 ],
       [0.        , 1.72946203],
       [0.        , 1.72972155],
       [0.        , 1.75499403],
       [0.        , 1.7557739 ],
       [0.        , 1.77019811],
       [0.        , 1.77414489],
       [0.        , 1.78610659],
       [0.        , 1.79107094],
       [0.        , 1.79155624],
       [0.        , 1.8010534 ],
       [0.        , 1.8029269 ],
       [0.        , 1.81356204],
       [0.        , 1.82882655],
       [0.        , 1.8433857 ],
       [0.        , 1.84483862],
       [0.        , 1.84579301],
       [0.        , 1.87631428],
       [0.        , 1.87676966],
       [0.        , 1.94510925],
       [0.        , 1.95873845],
       [0.        , 1.96059465],
       [0.        , 1.96665692],
       [0.        , 1.97574365],
       [0.        , 1.98181832],
       [0.        , 1.99195361],
       [0.        , 1.99645805],
       [0.        , 1.99662554],
       [0.        , 2.0026114 ],
       [0.        , 2.00460958],
       [0.        , 2.00470781],
       [0.        , 2.01024032],
       [0.        , 2.01046205],
       [0.        , 2.01361704],
       [0.        , 2.0142951 ],
       [0.        , 2.01552868],
       [0.        , 2.02317476],
       [0.        , 2.02751303],
       [0.        , 2.03044891],
       [0.        , 2.03219962],
       [0.        , 2.03542757],
       [0.        , 2.03545594],
       [0.        , 2.03667521],
       [0.        , 2.0395937 ],
       [0.        , 2.04326797],
       [0.        , 2.04795194],
       [0.        , 2.05087781],
       [0.        , 2.05150676],
       [0.        , 2.05316973],
       [0.        , 2.06180239],
       [0.        , 2.0622108 ],
       [0.        , 2.06392837],
       [0.        , 2.06451464],
       [0.        , 2.06722999],
       [0.        , 2.07166862],
       [0.        , 2.0756588 ],
       [0.        , 2.0789113 ],
       [0.        , 2.080024  ],
       [0.        , 2.08557439],
       [0.        , 2.08700299],
       [0.        , 2.0913229 ],
       [0.        , 2.0921917 ],
       [0.        , 2.09228992],
       [0.        , 2.09348655],
       [0.        , 2.09697104],
       [0.        , 2.09713435],
       [0.        , 2.09822941],
       [0.        , 2.09880424],
       [0.        , 2.09948468],
       [0.        , 2.10185742],
       [0.        , 2.10366654],
       [0.        , 2.10696721],
       [0.        , 2.1073246 ],
       [0.        , 2.10751581],
       [0.        , 2.10874772],
       [0.        , 2.10971403],
       [0.        , 2.11449552],
       [0.        , 2.11628366],
       [0.        , 2.11681676],
       [0.        , 2.11730123],
       [0.        , 2.12494302],
       [0.        , 2.13054109],
       [0.        , 2.13220453],
       [0.        , 2.13598084],
       [0.        , 2.1390698 ],
       [0.        , 2.14418268],
       [0.        , 2.14723301],
       [0.        , 2.14749479],
       [0.        , 2.1495316 ],
       [0.        , 2.15000725],
       [0.        , 2.15099502],
       [0.        , 2.15143609],
       [0.        , 2.15182734],
       [0.        , 2.15263677],
       [0.        , 2.15387583],
       [0.        , 2.15457726],
       [0.        , 2.1564548 ],
       [0.        , 2.15689397],
       [0.        , 2.15876627],
       [0.        , 2.16251564],
       [0.        , 2.16714096],
       [0.        , 2.16766   ],
       [0.        , 2.16782904],
       [0.        , 2.16818404],
       [0.        , 2.16840696],
       [0.        , 2.16862965],
       [0.        , 2.16923356],
       [0.        , 2.17196155],
       [0.        , 2.17249274],
       [0.        , 2.1728127 ],
       [0.        , 2.17411685],
       [0.        , 2.17605448],
       [0.        , 2.17646122],
       [0.        , 2.17983413],
       [0.        , 2.18018913],
       [0.        , 2.18028116],
       [0.        , 2.18045855],
       [0.        , 2.18084216],
       [0.        , 2.18186307],
       [0.        , 2.18597937],
       [0.        , 2.18656754],
       [0.        , 2.1905427 ],
       [0.        , 2.19258404],
       [0.        , 2.19303942],
       [0.        , 2.19316936],
       [0.        , 2.19331551],
       [0.        , 2.19685197],
       [0.        , 2.19741559],
       [0.        , 2.19795966],
       [0.        , 2.19856477],
       [0.        , 2.19904375],
       [0.        , 2.19915223],
       [0.        , 2.20312476],
       [0.        , 2.20348501],
       [0.        , 2.20580697],
       [0.        , 2.20742154],
       [0.        , 2.20908308],
       [0.        , 2.20962119],
       [0.        , 2.2131846 ],
       [0.        , 2.21440625],
       [0.        , 2.21769738],
       [0.        , 2.21883011],
       [0.        , 2.21898317],
       [0.        , 2.22618675],
       [0.        , 2.22688079],
       [0.        , 2.22763276],
       [0.        , 2.23466587],
       [0.        , 2.2381413 ],
       [0.        , 2.24157977],
       [0.        ,        inf]]), array([[2.15953207, 2.1598053 ],
       [2.01100516, 2.01155353],
       [1.79648423, 1.82543945],
       [1.7660917 , 1.7806108 ]])]",True
94,2.234665870666504,0.00886988639831543,2.013723227571934,83.92,4.536564840546737,4,0.08970129489898682,0.07478535175323486,0.02992117404937744,0.38,0.7562278228135215,"[array([[0.        , 1.21763885],
       [0.        , 1.36758363],
       [0.        , 1.48658133],
       [0.        , 1.49107373],
       [0.        , 1.50050235],
       [0.        , 1.56075501],
       [0.        , 1.5756526 ],
       [0.        , 1.62295961],
       [0.        , 1.63462257],
       [0.        , 1.65699244],
       [0.        , 1.67745805],
       [0.        , 1.67905593],
       [0.        , 1.69761336],
       [0.        , 1.70929575],
       [0.        , 1.7265836 ],
       [0.        , 1.72946203],
       [0.        , 1.7557739 ],
       [0.        , 1.78610659],
       [0.        , 1.79107094],
       [0.        , 1.81356204],
       [0.        , 1.8433857 ],
       [0.        , 1.89086926],
       [0.        , 1.94292152],
       [0.        , 1.96059465],
       [0.        , 1.98181832],
       [0.        , 1.9874649 ],
       [0.        , 1.98934007],
       [0.        , 1.99693155],
       [0.        , 2.00470781],
       [0.        , 2.01338983],
       [0.        , 2.02165651],
       [0.        , 2.022223  ],
       [0.        , 2.02757215],
       [0.        , 2.0350194 ],
       [0.        , 2.04832315],
       [0.        , 2.06461287],
       [0.        , 2.06519318],
       [0.        , 2.06540775],
       [0.        , 2.06607533],
       [0.        , 2.0743084 ],
       [0.        , 2.07901073],
       [0.        , 2.0903554 ],
       [0.        , 2.09330797],
       [0.        , 2.09706259],
       [0.        , 2.09989882],
       [0.        , 2.10369468],
       [0.        , 2.10526919],
       [0.        , 2.10637903],
       [0.        , 2.11449552],
       [0.        , 2.11599731],
       [0.        , 2.11659193],
       [0.        , 2.11818337],
       [0.        , 2.12050128],
       [0.        , 2.12101603],
       [0.        , 2.1264751 ],
       [0.        , 2.12727642],
       [0.        , 2.12909007],
       [0.        , 2.13347268],
       [0.        , 2.13522649],
       [0.        , 2.1394186 ],
       [0.        , 2.15020084],
       [0.        , 2.15090919],
       [0.        , 2.15099502],
       [0.        , 2.15174818],
       [0.        , 2.16077447],
       [0.        , 2.16119885],
       [0.        , 2.16219473],
       [0.        , 2.16238475],
       [0.        , 2.16423059],
       [0.        , 2.16512728],
       [0.        , 2.16552472],
       [0.        , 2.16727161],
       [0.        , 2.18241668],
       [0.        , 2.1841104 ],
       [0.        , 2.18438745],
       [0.        , 2.1905427 ],
       [0.        , 2.19066429],
       [0.        , 2.19685197],
       [0.        , 2.19688654],
       [0.        , 2.19755101],
       [0.        , 2.19776535],
       [0.        , 2.20243835],
       [0.        , 2.20304704],
       [0.        , 2.20745826],
       [0.        , 2.2075634 ],
       [0.        , 2.20908308],
       [0.        , 2.21003032],
       [0.        , 2.21440625],
       [0.        , 2.21886158],
       [0.        , 2.21921492],
       [0.        , 2.22359276],
       [0.        , 2.22520614],
       [0.        , 2.22579598],
       [0.        , 2.23466587],
       [0.        ,        inf]]), array([[2.06964731, 2.08456326],
       [2.01100516, 2.01155353],
       [1.99991047, 2.08961177],
       [1.7660917 , 1.7806108 ]])]",False
99,2.2478301525115967,4.76837158203125e-05,2.041305433620106,89.08,4.59086072495754,4,0.02895522117614746,0.01317286491394043,0.014951258897781372,0.16,1.0894406417480462,"[array([[0.        , 1.48658133],
       [0.        , 1.56075501],
       [0.        , 1.5756526 ],
       [0.        , 1.61924696],
       [0.        , 1.62295961],
       [0.        , 1.63462257],
       [0.        , 1.65699244],
       [0.        , 1.67905593],
       [0.        , 1.70768595],
       [0.        , 1.70929575],
       [0.        , 1.7265836 ],
       [0.        , 1.72946203],
       [0.        , 1.7557739 ],
       [0.        , 1.78610659],
       [0.        , 1.79107094],
       [0.        , 1.81984484],
       [0.        , 1.82882655],
       [0.        , 1.84483862],
       [0.        , 1.84579301],
       [0.        , 1.88051164],
       [0.        , 1.94484818],
       [0.        , 1.94535494],
       [0.        , 1.96059465],
       [0.        , 1.98181832],
       [0.        , 1.99195361],
       [0.        , 2.00470781],
       [0.        , 2.01284933],
       [0.        , 2.01361704],
       [0.        , 2.01455545],
       [0.        , 2.01828861],
       [0.        , 2.02092099],
       [0.        , 2.02600646],
       [0.        , 2.0395937 ],
       [0.        , 2.04309845],
       [0.        , 2.04726934],
       [0.        , 2.05130482],
       [0.        , 2.05565572],
       [0.        , 2.06108284],
       [0.        , 2.0622108 ],
       [0.        , 2.080024  ],
       [0.        , 2.08681154],
       [0.        , 2.08692575],
       [0.        , 2.1020503 ],
       [0.        , 2.10283232],
       [0.        , 2.10461116],
       [0.        , 2.10592532],
       [0.        , 2.10623479],
       [0.        , 2.10675669],
       [0.        , 2.10780478],
       [0.        , 2.11226964],
       [0.        , 2.11358333],
       [0.        , 2.11376071],
       [0.        , 2.11578846],
       [0.        , 2.11669898],
       [0.        , 2.11681676],
       [0.        , 2.11790848],
       [0.        , 2.12013197],
       [0.        , 2.12181878],
       [0.        , 2.12726712],
       [0.        , 2.12732577],
       [0.        , 2.12966013],
       [0.        , 2.13793182],
       [0.        , 2.14349127],
       [0.        , 2.14416242],
       [0.        , 2.14817619],
       [0.        , 2.15055251],
       [0.        , 2.15078449],
       [0.        , 2.15098238],
       [0.        , 2.15622497],
       [0.        , 2.15722322],
       [0.        , 2.15756226],
       [0.        , 2.15815496],
       [0.        , 2.15893126],
       [0.        , 2.16345382],
       [0.        , 2.17066979],
       [0.        , 2.17406511],
       [0.        , 2.18045855],
       [0.        , 2.18241668],
       [0.        , 2.18597937],
       [0.        , 2.1905427 ],
       [0.        , 2.19064283],
       [0.        , 2.19177389],
       [0.        , 2.19232368],
       [0.        , 2.19316936],
       [0.        , 2.19833231],
       [0.        , 2.20105386],
       [0.        , 2.20312476],
       [0.        , 2.20348501],
       [0.        , 2.20428205],
       [0.        , 2.20906448],
       [0.        , 2.20962119],
       [0.        , 2.20985579],
       [0.        , 2.21886158],
       [0.        , 2.22274661],
       [0.        , 2.22688079],
       [0.        , 2.23466587],
       [0.        , 2.24157977],
       [0.        , 2.24778247],
       [0.        , 2.24783015],
       [0.        ,        inf]]), array([[2.11449552, 2.13027787],
       [2.01100516, 2.01155353],
       [1.79648423, 1.82543945],
       [1.7660917 , 1.7806108 ]])]",False
95,2.234665870666504,0.00778508186340332,2.0036221880661813,84.36,4.548870587116006,4,0.08970129489898682,0.060746073722839355,0.03281882405281067,0.4,0.8359298874495934,"[array([[0.        , 1.21763885],
       [0.        , 1.36758363],
       [0.        , 1.5756526 ],
       [0.        , 1.63462257],
       [0.        , 1.65699244],
       [0.        , 1.67304981],
       [0.        , 1.67745805],
       [0.        , 1.67905593],
       [0.        , 1.69761336],
       [0.        , 1.70768595],
       [0.        , 1.70929575],
       [0.        , 1.7265836 ],
       [0.        , 1.72946203],
       [0.        , 1.7557739 ],
       [0.        , 1.78610659],
       [0.        , 1.79107094],
       [0.        , 1.81373537],
       [0.        , 1.81984484],
       [0.        , 1.8433857 ],
       [0.        , 1.84579301],
       [0.        , 1.88051307],
       [0.        , 1.88843322],
       [0.        , 1.90838575],
       [0.        , 1.92324412],
       [0.        , 1.95267034],
       [0.        , 1.96059465],
       [0.        , 1.96572685],
       [0.        , 1.96715426],
       [0.        , 1.97892046],
       [0.        , 1.98016822],
       [0.        , 1.98181832],
       [0.        , 1.99090946],
       [0.        , 2.00029325],
       [0.        , 2.00470781],
       [0.        , 2.00635886],
       [0.        , 2.00842476],
       [0.        , 2.011168  ],
       [0.        , 2.01611137],
       [0.        , 2.01929045],
       [0.        , 2.01978064],
       [0.        , 2.02301192],
       [0.        , 2.03044891],
       [0.        , 2.03904557],
       [0.        , 2.04178405],
       [0.        , 2.04183149],
       [0.        , 2.0482471 ],
       [0.        , 2.04965806],
       [0.        , 2.05150676],
       [0.        , 2.05638909],
       [0.        , 2.05666161],
       [0.        , 2.05832338],
       [0.        , 2.06162119],
       [0.        , 2.06199408],
       [0.        , 2.06212139],
       [0.        , 2.07243943],
       [0.        , 2.08900213],
       [0.        , 2.0928185 ],
       [0.        , 2.09834933],
       [0.        , 2.1020503 ],
       [0.        , 2.10393143],
       [0.        , 2.11799717],
       [0.        , 2.12012029],
       [0.        , 2.12318325],
       [0.        , 2.1259017 ],
       [0.        , 2.12928653],
       [0.        , 2.1296699 ],
       [0.        , 2.13319707],
       [0.        , 2.13347268],
       [0.        , 2.13363171],
       [0.        , 2.13816166],
       [0.        , 2.14747167],
       [0.        , 2.14845872],
       [0.        , 2.1563642 ],
       [0.        , 2.15669513],
       [0.        , 2.15970564],
       [0.        , 2.16026521],
       [0.        , 2.16552472],
       [0.        , 2.16770649],
       [0.        , 2.16839337],
       [0.        , 2.16880751],
       [0.        , 2.18113089],
       [0.        , 2.18257213],
       [0.        , 2.18375325],
       [0.        , 2.18597937],
       [0.        , 2.18797708],
       [0.        , 2.19208837],
       [0.        , 2.19542742],
       [0.        , 2.2040472 ],
       [0.        , 2.20428514],
       [0.        , 2.20509553],
       [0.        , 2.21469593],
       [0.        , 2.22295904],
       [0.        , 2.22422075],
       [0.        , 2.22688079],
       [0.        , 2.23466587],
       [0.        ,        inf]]), array([[2.09667945, 2.10874987],
       [2.01100516, 2.01155353],
       [1.99991047, 2.08961177],
       [1.79648423, 1.82543945]])]",True
71,2.234665870666504,0.00778508186340332,1.9566899588410283,61.58,4.255184461140124,4,0.07757687568664551,0.04862165451049805,0.029213517904281616,0.36,0.8503626652204013,"[array([[0.        , 1.21763885],
       [0.        , 1.4371264 ],
       [0.        , 1.44018292],
       [0.        , 1.5276984 ],
       [0.        , 1.58730698],
       [0.        , 1.59647572],
       [0.        , 1.63462257],
       [0.        , 1.64819396],
       [0.        , 1.65235078],
       [0.        , 1.65699244],
       [0.        , 1.66633797],
       [0.        , 1.69761336],
       [0.        , 1.70768595],
       [0.        , 1.7265836 ],
       [0.        , 1.76633525],
       [0.        , 1.76976335],
       [0.        , 1.78359962],
       [0.        , 1.78610659],
       [0.        , 1.79107094],
       [0.        , 1.80106235],
       [0.        , 1.8034842 ],
       [0.        , 1.81373537],
       [0.        , 1.81984484],
       [0.        , 1.8433857 ],
       [0.        , 1.84579301],
       [0.        , 1.89820266],
       [0.        , 1.91337478],
       [0.        , 1.92370021],
       [0.        , 1.96059465],
       [0.        , 1.96572685],
       [0.        , 1.98181832],
       [0.        , 1.9835484 ],
       [0.        , 1.98978388],
       [0.        , 1.99840283],
       [0.        , 2.00314474],
       [0.        , 2.00470781],
       [0.        , 2.011168  ],
       [0.        , 2.01493216],
       [0.        , 2.0379529 ],
       [0.        , 2.04508257],
       [0.        , 2.06912827],
       [0.        , 2.08880401],
       [0.        , 2.11790848],
       [0.        , 2.11853838],
       [0.        , 2.12187171],
       [0.        , 2.12563491],
       [0.        , 2.12689543],
       [0.        , 2.13708043],
       [0.        , 2.13835621],
       [0.        , 2.13974285],
       [0.        , 2.14940763],
       [0.        , 2.15062404],
       [0.        , 2.15180707],
       [0.        , 2.15669513],
       [0.        , 2.16151714],
       [0.        , 2.16186452],
       [0.        , 2.1630888 ],
       [0.        , 2.17021012],
       [0.        , 2.18534303],
       [0.        , 2.18597937],
       [0.        , 2.19513369],
       [0.        , 2.19980693],
       [0.        , 2.20487118],
       [0.        , 2.21244478],
       [0.        , 2.21272492],
       [0.        , 2.21354055],
       [0.        , 2.21363401],
       [0.        , 2.21469593],
       [0.        , 2.22295904],
       [0.        , 2.22688079],
       [0.        , 2.23466587],
       [0.        ,        inf]]), array([[2.01203489, 2.08961177],
       [2.01100516, 2.01155353],
       [1.84556353, 1.85533714],
       [1.79648423, 1.82543945]])]",True
95,2.2326409816741943,0.0029380321502685547,1.9748101334822805,83.2,4.548302975175024,8,0.07091236114501953,0.04195713996887207,0.017884820699691772,0.42,1.4927109925143796,"[array([[0.        , 1.21763885],
       [0.        , 1.5276984 ],
       [0.        , 1.56075501],
       [0.        , 1.5756526 ],
       [0.        , 1.63279319],
       [0.        , 1.6373446 ],
       [0.        , 1.64030313],
       [0.        , 1.64819396],
       [0.        , 1.65235078],
       [0.        , 1.65699244],
       [0.        , 1.67745805],
       [0.        , 1.67905593],
       [0.        , 1.69761336],
       [0.        , 1.70768595],
       [0.        , 1.70929575],
       [0.        , 1.72946203],
       [0.        , 1.72972155],
       [0.        , 1.75499403],
       [0.        , 1.7557739 ],
       [0.        , 1.78610659],
       [0.        , 1.79107094],
       [0.        , 1.8010534 ],
       [0.        , 1.8034842 ],
       [0.        , 1.81373537],
       [0.        , 1.81984484],
       [0.        , 1.84579301],
       [0.        , 1.87348056],
       [0.        , 1.88398516],
       [0.        , 1.90221179],
       [0.        , 1.90838575],
       [0.        , 1.92228591],
       [0.        , 1.94889605],
       [0.        , 1.96008956],
       [0.        , 1.96059465],
       [0.        , 1.96605027],
       [0.        , 1.98181832],
       [0.        , 1.98566091],
       [0.        , 1.98652315],
       [0.        , 1.99123859],
       [0.        , 1.99278486],
       [0.        , 2.00470781],
       [0.        , 2.00935292],
       [0.        , 2.01516485],
       [0.        , 2.01774335],
       [0.        , 2.02232337],
       [0.        , 2.02474332],
       [0.        , 2.02758431],
       [0.        , 2.04144549],
       [0.        , 2.0432539 ],
       [0.        , 2.04476929],
       [0.        , 2.04745507],
       [0.        , 2.05327082],
       [0.        , 2.06017375],
       [0.        , 2.06580663],
       [0.        , 2.06601334],
       [0.        , 2.07092977],
       [0.        , 2.07443666],
       [0.        , 2.07598472],
       [0.        , 2.08470941],
       [0.        , 2.08700299],
       [0.        , 2.09228992],
       [0.        , 2.10017586],
       [0.        , 2.10283232],
       [0.        , 2.10366654],
       [0.        , 2.10368085],
       [0.        , 2.1064949 ],
       [0.        , 2.10933733],
       [0.        , 2.11325455],
       [0.        , 2.11341453],
       [0.        , 2.12215281],
       [0.        , 2.12939334],
       [0.        , 2.13410544],
       [0.        , 2.13906145],
       [0.        , 2.13926172],
       [0.        , 2.14565706],
       [0.        , 2.14589763],
       [0.        , 2.15311313],
       [0.        , 2.16187239],
       [0.        , 2.16370654],
       [0.        , 2.16465259],
       [0.        , 2.16632867],
       [0.        , 2.16707921],
       [0.        , 2.16770816],
       [0.        , 2.18580914],
       [0.        , 2.18597937],
       [0.        , 2.18611789],
       [0.        , 2.18616462],
       [0.        , 2.2072823 ],
       [0.        , 2.20935607],
       [0.        , 2.21635842],
       [0.        , 2.21982503],
       [0.        , 2.22295904],
       [0.        , 2.22688079],
       [0.        , 2.22970295],
       [0.        , 2.23264098],
       [0.        ,        inf]]), array([[2.03370261, 2.04448128],
       [2.01479149, 2.08570385],
       [2.01100516, 2.01155353],
       [1.91665983, 1.9192555 ],
       [1.84556353, 1.85533714],
       [1.79648423, 1.82543945],
       [1.78359962, 1.7885952 ],
       [1.7660917 , 1.7806108 ]])]",False
167,2.2381412982940674,0.0034754276275634766,2.036900763740083,150.74,5.114181290472679,4,0.02895522117614746,0.01317286491394043,0.014951258897781372,0.16,1.0894406417480462,"[array([[0.        , 1.21763885],
       [0.        , 1.50050235],
       [0.        , 1.56075501],
       [0.        , 1.5756526 ],
       [0.        , 1.64819396],
       [0.        , 1.65699244],
       [0.        , 1.67304981],
       [0.        , 1.67905593],
       [0.        , 1.69042754],
       [0.        , 1.69761336],
       [0.        , 1.70768595],
       [0.        , 1.70929575],
       [0.        , 1.7265836 ],
       [0.        , 1.72946203],
       [0.        , 1.72972155],
       [0.        , 1.75499403],
       [0.        , 1.7557739 ],
       [0.        , 1.77019811],
       [0.        , 1.77414489],
       [0.        , 1.78610659],
       [0.        , 1.79107094],
       [0.        , 1.79155624],
       [0.        , 1.8010534 ],
       [0.        , 1.8029269 ],
       [0.        , 1.81373537],
       [0.        , 1.82882655],
       [0.        , 1.8433857 ],
       [0.        , 1.84579301],
       [0.        , 1.87631428],
       [0.        , 1.87676966],
       [0.        , 1.90838575],
       [0.        , 1.91337478],
       [0.        , 1.94510925],
       [0.        , 1.94535494],
       [0.        , 1.95873845],
       [0.        , 1.96059465],
       [0.        , 1.96299124],
       [0.        , 1.96992195],
       [0.        , 1.97433877],
       [0.        , 1.97574365],
       [0.        , 1.98181832],
       [0.        , 1.99195361],
       [0.        , 1.99267936],
       [0.        , 1.99645805],
       [0.        , 2.0026114 ],
       [0.        , 2.00460958],
       [0.        , 2.00470781],
       [0.        , 2.01024032],
       [0.        , 2.01046205],
       [0.        , 2.01362753],
       [0.        , 2.0142951 ],
       [0.        , 2.01552868],
       [0.        , 2.02092099],
       [0.        , 2.02165651],
       [0.        , 2.02227783],
       [0.        , 2.02317476],
       [0.        , 2.02547646],
       [0.        , 2.02751303],
       [0.        , 2.03542757],
       [0.        , 2.03667521],
       [0.        , 2.04326797],
       [0.        , 2.04795194],
       [0.        , 2.05087781],
       [0.        , 2.05150676],
       [0.        , 2.05316973],
       [0.        , 2.05327082],
       [0.        , 2.05795145],
       [0.        , 2.06108356],
       [0.        , 2.06180239],
       [0.        , 2.0622108 ],
       [0.        , 2.06273961],
       [0.        , 2.06392837],
       [0.        , 2.06451464],
       [0.        , 2.06496048],
       [0.        , 2.06519866],
       [0.        , 2.06693387],
       [0.        , 2.06722999],
       [0.        , 2.06774354],
       [0.        , 2.07166862],
       [0.        , 2.07194972],
       [0.        , 2.0756588 ],
       [0.        , 2.0789113 ],
       [0.        , 2.08365822],
       [0.        , 2.08557439],
       [0.        , 2.08700299],
       [0.        , 2.08752799],
       [0.        , 2.08792472],
       [0.        , 2.08809376],
       [0.        , 2.0913229 ],
       [0.        , 2.0921917 ],
       [0.        , 2.09228992],
       [0.        , 2.09348655],
       [0.        , 2.09697104],
       [0.        , 2.09713435],
       [0.        , 2.09822941],
       [0.        , 2.09895802],
       [0.        , 2.09948468],
       [0.        , 2.09950852],
       [0.        , 2.1020503 ],
       [0.        , 2.10366654],
       [0.        , 2.10751581],
       [0.        , 2.10874772],
       [0.        , 2.11358333],
       [0.        , 2.11628366],
       [0.        , 2.11730123],
       [0.        , 2.12494302],
       [0.        , 2.13054109],
       [0.        , 2.13220453],
       [0.        , 2.13598084],
       [0.        , 2.1390698 ],
       [0.        , 2.14418268],
       [0.        , 2.14723301],
       [0.        , 2.15000725],
       [0.        , 2.15093565],
       [0.        , 2.15099502],
       [0.        , 2.15240145],
       [0.        , 2.15263677],
       [0.        , 2.15387583],
       [0.        , 2.15457726],
       [0.        , 2.15689397],
       [0.        , 2.15800667],
       [0.        , 2.16216874],
       [0.        , 2.16238475],
       [0.        , 2.16251564],
       [0.        , 2.16360092],
       [0.        , 2.16442323],
       [0.        , 2.16449809],
       [0.        , 2.16766   ],
       [0.        , 2.16782904],
       [0.        , 2.16818404],
       [0.        , 2.16840696],
       [0.        , 2.16862965],
       [0.        , 2.16923356],
       [0.        , 2.17196155],
       [0.        , 2.17249274],
       [0.        , 2.1728127 ],
       [0.        , 2.17411685],
       [0.        , 2.17646122],
       [0.        , 2.18186307],
       [0.        , 2.18597937],
       [0.        , 2.18656754],
       [0.        , 2.1905427 ],
       [0.        , 2.19258404],
       [0.        , 2.19303942],
       [0.        , 2.19316936],
       [0.        , 2.19580245],
       [0.        , 2.19627666],
       [0.        , 2.19685197],
       [0.        , 2.19829512],
       [0.        , 2.19856477],
       [0.        , 2.19904375],
       [0.        , 2.20312476],
       [0.        , 2.20348501],
       [0.        , 2.20428514],
       [0.        , 2.20580697],
       [0.        , 2.20742154],
       [0.        , 2.20745826],
       [0.        , 2.20908308],
       [0.        , 2.2131846 ],
       [0.        , 2.21769738],
       [0.        , 2.21898317],
       [0.        , 2.22295904],
       [0.        , 2.22618675],
       [0.        , 2.22688079],
       [0.        , 2.22763276],
       [0.        , 2.23466587],
       [0.        , 2.2381413 ],
       [0.        ,        inf]]), array([[2.11449552, 2.13027787],
       [2.01100516, 2.01155353],
       [1.79648423, 1.82543945],
       [1.7660917 , 1.7806108 ]])]",True
132,2.250974416732788,0.0064122676849365234,2.005764963951978,116.56,4.8774463968122515,9,0.07757687568664551,0.04862165451049805,0.017968177795410156,0.5,1.5675901698921904,"[array([[0.        , 1.21763885],
       [0.        , 1.50050235],
       [0.        , 1.5276984 ],
       [0.        , 1.56075501],
       [0.        , 1.56762123],
       [0.        , 1.5756526 ],
       [0.        , 1.59732878],
       [0.        , 1.63279319],
       [0.        , 1.63462257],
       [0.        , 1.64819396],
       [0.        , 1.65235078],
       [0.        , 1.65699244],
       [0.        , 1.69042754],
       [0.        , 1.69761336],
       [0.        , 1.69908237],
       [0.        , 1.70768595],
       [0.        , 1.70929575],
       [0.        , 1.7265836 ],
       [0.        , 1.72946203],
       [0.        , 1.72972155],
       [0.        , 1.75499403],
       [0.        , 1.7557739 ],
       [0.        , 1.7736516 ],
       [0.        , 1.78610659],
       [0.        , 1.79155624],
       [0.        , 1.80106235],
       [0.        , 1.8034842 ],
       [0.        , 1.81373537],
       [0.        , 1.81817877],
       [0.        , 1.84526014],
       [0.        , 1.84579301],
       [0.        , 1.84671748],
       [0.        , 1.90838575],
       [0.        , 1.91337478],
       [0.        , 1.92013252],
       [0.        , 1.94013143],
       [0.        , 1.94352698],
       [0.        , 1.95267034],
       [0.        , 1.96008956],
       [0.        , 1.96059465],
       [0.        , 1.96299124],
       [0.        , 1.96572685],
       [0.        , 1.98181832],
       [0.        , 1.99931061],
       [0.        , 2.00461245],
       [0.        , 2.00470781],
       [0.        , 2.00574136],
       [0.        , 2.0060699 ],
       [0.        , 2.01362753],
       [0.        , 2.01546216],
       [0.        , 2.02093887],
       [0.        , 2.02165651],
       [0.        , 2.02227783],
       [0.        , 2.02905321],
       [0.        , 2.03036046],
       [0.        , 2.0395937 ],
       [0.        , 2.03969002],
       [0.        , 2.05574155],
       [0.        , 2.06124306],
       [0.        , 2.06199408],
       [0.        , 2.06540775],
       [0.        , 2.07169318],
       [0.        , 2.07194972],
       [0.        , 2.07838488],
       [0.        , 2.07853556],
       [0.        , 2.07961369],
       [0.        , 2.08553839],
       [0.        , 2.08809376],
       [0.        , 2.08852363],
       [0.        , 2.08929634],
       [0.        , 2.09157562],
       [0.        , 2.09228992],
       [0.        , 2.09254074],
       [0.        , 2.09895802],
       [0.        , 2.1004827 ],
       [0.        , 2.10052919],
       [0.        , 2.1020503 ],
       [0.        , 2.10526919],
       [0.        , 2.10633206],
       [0.        , 2.10675669],
       [0.        , 2.11287212],
       [0.        , 2.11288309],
       [0.        , 2.11562014],
       [0.        , 2.12790895],
       [0.        , 2.13161111],
       [0.        , 2.13347268],
       [0.        , 2.13608623],
       [0.        , 2.1394186 ],
       [0.        , 2.14120102],
       [0.        , 2.14293599],
       [0.        , 2.14422202],
       [0.        , 2.14513135],
       [0.        , 2.14925003],
       [0.        , 2.15020084],
       [0.        , 2.15099502],
       [0.        , 2.15361881],
       [0.        , 2.15800667],
       [0.        , 2.15985823],
       [0.        , 2.16021991],
       [0.        , 2.16238475],
       [0.        , 2.16353106],
       [0.        , 2.16359258],
       [0.        , 2.16360092],
       [0.        , 2.16400838],
       [0.        , 2.16442323],
       [0.        , 2.16512728],
       [0.        , 2.16564846],
       [0.        , 2.16687608],
       [0.        , 2.1674521 ],
       [0.        , 2.16917896],
       [0.        , 2.17072773],
       [0.        , 2.17385387],
       [0.        , 2.18011045],
       [0.        , 2.18022084],
       [0.        , 2.18438745],
       [0.        , 2.18597937],
       [0.        , 2.18614459],
       [0.        , 2.18928003],
       [0.        , 2.18998146],
       [0.        , 2.19580245],
       [0.        , 2.19981503],
       [0.        , 2.21220326],
       [0.        , 2.21469593],
       [0.        , 2.21594048],
       [0.        , 2.21921492],
       [0.        , 2.22295904],
       [0.        , 2.22688079],
       [0.        , 2.22886848],
       [0.        , 2.23466587],
       [0.        , 2.23868918],
       [0.        , 2.24456215],
       [0.        , 2.25097442],
       [0.        ,        inf]]), array([[2.06964731, 2.08961177],
       [2.02184224, 2.02462697],
       [2.01203489, 2.08961177],
       [2.01100516, 2.01155353],
       [1.91665983, 1.9192555 ],
       [1.84556353, 1.85533714],
       [1.79648423, 1.82543945],
       [1.78359962, 1.7885952 ],
       [1.7660917 , 1.7806108 ]])]",True
92,2.2386891841888428,0.004023313522338867,1.9982238152752752,81.36,4.515249842422942,4,0.02895522117614746,0.014436125755310059,0.012254565954208374,0.18,0.954357740203023,"[array([[0.        , 1.21763885],
       [0.        , 1.44018292],
       [0.        , 1.50050235],
       [0.        , 1.5276984 ],
       [0.        , 1.56075501],
       [0.        , 1.5756526 ],
       [0.        , 1.59647572],
       [0.        , 1.65235078],
       [0.        , 1.65699244],
       [0.        , 1.67745805],
       [0.        , 1.69761336],
       [0.        , 1.70768595],
       [0.        , 1.70929575],
       [0.        , 1.71981382],
       [0.        , 1.7265836 ],
       [0.        , 1.72946203],
       [0.        , 1.7557739 ],
       [0.        , 1.78610659],
       [0.        , 1.79155624],
       [0.        , 1.80106235],
       [0.        , 1.8034842 ],
       [0.        , 1.81373537],
       [0.        , 1.81817877],
       [0.        , 1.82882655],
       [0.        , 1.84579301],
       [0.        , 1.88051164],
       [0.        , 1.91259432],
       [0.        , 1.94013143],
       [0.        , 1.95006311],
       [0.        , 1.96008956],
       [0.        , 1.96059465],
       [0.        , 1.98181832],
       [0.        , 1.98810458],
       [0.        , 2.00470781],
       [0.        , 2.00574136],
       [0.        , 2.02165651],
       [0.        , 2.02905321],
       [0.        , 2.03325915],
       [0.        , 2.03353143],
       [0.        , 2.04288507],
       [0.        , 2.04470396],
       [0.        , 2.05574155],
       [0.        , 2.05749822],
       [0.        , 2.06124306],
       [0.        , 2.06462646],
       [0.        , 2.07194972],
       [0.        , 2.07961369],
       [0.        , 2.08654261],
       [0.        , 2.09254074],
       [0.        , 2.09351206],
       [0.        , 2.1004827 ],
       [0.        , 2.10369468],
       [0.        , 2.12727642],
       [0.        , 2.12870121],
       [0.        , 2.13086557],
       [0.        , 2.13347268],
       [0.        , 2.14513135],
       [0.        , 2.1460042 ],
       [0.        , 2.14925003],
       [0.        , 2.15346694],
       [0.        , 2.15722322],
       [0.        , 2.15934992],
       [0.        , 2.16127324],
       [0.        , 2.16238475],
       [0.        , 2.16353106],
       [0.        , 2.16400838],
       [0.        , 2.16552472],
       [0.        , 2.16652822],
       [0.        , 2.1674521 ],
       [0.        , 2.16956639],
       [0.        , 2.17466116],
       [0.        , 2.1750102 ],
       [0.        , 2.17732716],
       [0.        , 2.17761469],
       [0.        , 2.18011045],
       [0.        , 2.18438745],
       [0.        , 2.18597937],
       [0.        , 2.19871211],
       [0.        , 2.20086861],
       [0.        , 2.20312476],
       [0.        , 2.20580697],
       [0.        , 2.20688152],
       [0.        , 2.20740485],
       [0.        , 2.21220326],
       [0.        , 2.21244478],
       [0.        , 2.21895194],
       [0.        , 2.21921492],
       [0.        , 2.2208271 ],
       [0.        , 2.22624326],
       [0.        , 2.22688079],
       [0.        , 2.23466587],
       [0.        , 2.23868918],
       [0.        ,        inf]]), array([[2.01100516, 2.01155353],
       [1.79648423, 1.82543945],
       [1.78359962, 1.7885952 ],
       [1.7660917 , 1.7806108 ]])]",False
65,2.254225492477417,0.019559621810913086,1.9889970816098728,56.86,4.168121075502545,2,0.02895522117614746,0.028406858444213867,0.014751791954040527,0.14,0.0924850797144974,"[array([[0.        , 1.21763885],
       [0.        , 1.50050235],
       [0.        , 1.5756526 ],
       [0.        , 1.6373446 ],
       [0.        , 1.64819396],
       [0.        , 1.65699244],
       [0.        , 1.67304981],
       [0.        , 1.69761336],
       [0.        , 1.70768595],
       [0.        , 1.7265836 ],
       [0.        , 1.75499403],
       [0.        , 1.76633525],
       [0.        , 1.77539909],
       [0.        , 1.78610659],
       [0.        , 1.7885952 ],
       [0.        , 1.79107094],
       [0.        , 1.79155624],
       [0.        , 1.81373537],
       [0.        , 1.88843322],
       [0.        , 1.92589796],
       [0.        , 1.94013143],
       [0.        , 1.96059465],
       [0.        , 1.96366453],
       [0.        , 1.98181832],
       [0.        , 1.98655808],
       [0.        , 2.00470781],
       [0.        , 2.011168  ],
       [0.        , 2.02165651],
       [0.        , 2.03035235],
       [0.        , 2.0379529 ],
       [0.        , 2.0482471 ],
       [0.        , 2.05493259],
       [0.        , 2.05632043],
       [0.        , 2.06198406],
       [0.        , 2.06417799],
       [0.        , 2.0722177 ],
       [0.        , 2.08813   ],
       [0.        , 2.08998251],
       [0.        , 2.09582663],
       [0.        , 2.09818912],
       [0.        , 2.106112  ],
       [0.        , 2.12563491],
       [0.        , 2.13521624],
       [0.        , 2.13706017],
       [0.        , 2.14068389],
       [0.        , 2.14408684],
       [0.        , 2.1500299 ],
       [0.        , 2.15568066],
       [0.        , 2.15669513],
       [0.        , 2.16225457],
       [0.        , 2.16238475],
       [0.        , 2.17309403],
       [0.        , 2.18157864],
       [0.        , 2.1843524 ],
       [0.        , 2.18597937],
       [0.        , 2.18977261],
       [0.        , 2.20509553],
       [0.        , 2.20861435],
       [0.        , 2.21220326],
       [0.        , 2.21354055],
       [0.        , 2.22295904],
       [0.        , 2.22401524],
       [0.        , 2.22688079],
       [0.        , 2.23466587],
       [0.        , 2.25422549],
       [0.        ,        inf]]), array([[2.01100516, 2.01155353],
       [1.79648423, 1.82543945]])]",False
67,2.234665870666504,0.00778508186340332,1.9498446361342472,57.98,4.195340561484173,8,0.08970129489898682,0.060746073722839355,0.02075059711933136,0.52,1.4228814666981102,"[array([[0.        , 1.21763885],
       [0.        , 1.4371264 ],
       [0.        , 1.44018292],
       [0.        , 1.46674025],
       [0.        , 1.50050235],
       [0.        , 1.51786327],
       [0.        , 1.5276984 ],
       [0.        , 1.56075501],
       [0.        , 1.59647572],
       [0.        , 1.63462257],
       [0.        , 1.65235078],
       [0.        , 1.65699244],
       [0.        , 1.67745805],
       [0.        , 1.69761336],
       [0.        , 1.70768595],
       [0.        , 1.70929575],
       [0.        , 1.7265836 ],
       [0.        , 1.72946203],
       [0.        , 1.7557739 ],
       [0.        , 1.78610659],
       [0.        , 1.79107094],
       [0.        , 1.79155624],
       [0.        , 1.8034842 ],
       [0.        , 1.81373537],
       [0.        , 1.8943994 ],
       [0.        , 1.96059465],
       [0.        , 1.97040164],
       [0.        , 1.98181832],
       [0.        , 1.99475837],
       [0.        , 2.00470781],
       [0.        , 2.02092099],
       [0.        , 2.02165651],
       [0.        , 2.02289128],
       [0.        , 2.05460119],
       [0.        , 2.06212139],
       [0.        , 2.07853556],
       [0.        , 2.11219931],
       [0.        , 2.11681676],
       [0.        , 2.1295886 ],
       [0.        , 2.13229799],
       [0.        , 2.13933492],
       [0.        , 2.14328122],
       [0.        , 2.14434266],
       [0.        , 2.14817619],
       [0.        , 2.14941764],
       [0.        , 2.15526485],
       [0.        , 2.15666246],
       [0.        , 2.15774941],
       [0.        , 2.15928054],
       [0.        , 2.16127324],
       [0.        , 2.16238475],
       [0.        , 2.16500974],
       [0.        , 2.16552472],
       [0.        , 2.18440175],
       [0.        , 2.18597937],
       [0.        , 2.1873188 ],
       [0.        , 2.1917882 ],
       [0.        , 2.19530296],
       [0.        , 2.19962859],
       [0.        , 2.20097113],
       [0.        , 2.2049098 ],
       [0.        , 2.21132517],
       [0.        , 2.21220326],
       [0.        , 2.2131846 ],
       [0.        , 2.22624326],
       [0.        , 2.22688079],
       [0.        , 2.23466587],
       [0.        ,        inf]]), array([[2.06964731, 2.08456326],
       [2.01100516, 2.01155353],
       [1.99991047, 2.08961177],
       [1.91665983, 1.9192555 ],
       [1.84556353, 1.85533714],
       [1.79648423, 1.82543945],
       [1.78359962, 1.7885952 ],
       [1.7660917 , 1.7806108 ]])]",False
64,2.234665870666504,0.003281831741333008,2.010701088234782,57.06,4.152886304017096,5,0.02895522117614746,0.014436125755310059,0.010322785377502442,0.18,1.1057312860005155,"[array([[0.        , 1.21763885],
       [0.        , 1.5276984 ],
       [0.        , 1.56075501],
       [0.        , 1.64819396],
       [0.        , 1.65235078],
       [0.        , 1.65699244],
       [0.        , 1.69761336],
       [0.        , 1.70768595],
       [0.        , 1.70929575],
       [0.        , 1.72946203],
       [0.        , 1.7557739 ],
       [0.        , 1.78610659],
       [0.        , 1.79107094],
       [0.        , 1.81373537],
       [0.        , 1.81984484],
       [0.        , 1.84556353],
       [0.        , 1.96059465],
       [0.        , 1.96299124],
       [0.        , 1.98181832],
       [0.        , 1.99475837],
       [0.        , 2.00470781],
       [0.        , 2.02092099],
       [0.        , 2.02396059],
       [0.        , 2.03078961],
       [0.        , 2.03219962],
       [0.        , 2.03346038],
       [0.        , 2.05221295],
       [0.        , 2.05600572],
       [0.        , 2.05682135],
       [0.        , 2.07012415],
       [0.        , 2.07853556],
       [0.        , 2.09228992],
       [0.        , 2.1030333 ],
       [0.        , 2.10675669],
       [0.        , 2.1073246 ],
       [0.        , 2.11326909],
       [0.        , 2.11449552],
       [0.        , 2.11681676],
       [0.        , 2.11971259],
       [0.        , 2.13158178],
       [0.        , 2.13347268],
       [0.        , 2.13466644],
       [0.        , 2.14941764],
       [0.        , 2.14963698],
       [0.        , 2.15143609],
       [0.        , 2.15526485],
       [0.        , 2.15774941],
       [0.        , 2.16057587],
       [0.        , 2.16216874],
       [0.        , 2.16552472],
       [0.        , 2.16815257],
       [0.        , 2.17983413],
       [0.        , 2.18084216],
       [0.        , 2.18597937],
       [0.        , 2.18811703],
       [0.        , 2.19962859],
       [0.        , 2.21220326],
       [0.        , 2.21272111],
       [0.        , 2.21776342],
       [0.        , 2.21886158],
       [0.        , 2.22295904],
       [0.        , 2.22688079],
       [0.        , 2.23138404],
       [0.        , 2.23466587],
       [0.        ,        inf]]), array([[2.01100516, 2.01155353],
       [1.91665983, 1.9192555 ],
       [1.79648423, 1.82543945],
       [1.78359962, 1.7885952 ],
       [1.7660917 , 1.7806108 ]])]",True
141,2.24157977104187,0.006913900375366211,2.009262779925732,125.24,4.943479672688079,8,0.02895522117614746,0.008990764617919922,0.010517090559005737,0.28,1.6822904645505536,"[array([[0.        , 1.4371264 ],
       [0.        , 1.48658133],
       [0.        , 1.50050235],
       [0.        , 1.5276984 ],
       [0.        , 1.53689873],
       [0.        , 1.56075501],
       [0.        , 1.56762123],
       [0.        , 1.57512724],
       [0.        , 1.5756526 ],
       [0.        , 1.59647572],
       [0.        , 1.59732878],
       [0.        , 1.61924696],
       [0.        , 1.62295961],
       [0.        , 1.63462257],
       [0.        , 1.65699244],
       [0.        , 1.70768595],
       [0.        , 1.70929575],
       [0.        , 1.7265836 ],
       [0.        , 1.72946203],
       [0.        , 1.75499403],
       [0.        , 1.7557739 ],
       [0.        , 1.7736516 ],
       [0.        , 1.78610659],
       [0.        , 1.79107094],
       [0.        , 1.79155624],
       [0.        , 1.80106235],
       [0.        , 1.80302262],
       [0.        , 1.8034842 ],
       [0.        , 1.84483862],
       [0.        , 1.84526014],
       [0.        , 1.84579301],
       [0.        , 1.84671748],
       [0.        , 1.86394942],
       [0.        , 1.88843322],
       [0.        , 1.90838575],
       [0.        , 1.91337478],
       [0.        , 1.92013252],
       [0.        , 1.94292152],
       [0.        , 1.94352698],
       [0.        , 1.95022035],
       [0.        , 1.95267034],
       [0.        , 1.96059465],
       [0.        , 1.96572685],
       [0.        , 1.97663724],
       [0.        , 1.98181832],
       [0.        , 1.98683667],
       [0.        , 1.9874649 ],
       [0.        , 1.99195361],
       [0.        , 1.99931061],
       [0.        , 2.00292921],
       [0.        , 2.00470781],
       [0.        , 2.011168  ],
       [0.        , 2.02668381],
       [0.        , 2.02710772],
       [0.        , 2.03036046],
       [0.        , 2.03564405],
       [0.        , 2.0395937 ],
       [0.        , 2.04311705],
       [0.        , 2.04604721],
       [0.        , 2.05400038],
       [0.        , 2.06024313],
       [0.        , 2.06199408],
       [0.        , 2.0646708 ],
       [0.        , 2.0650053 ],
       [0.        , 2.06540775],
       [0.        , 2.06940532],
       [0.        , 2.07169318],
       [0.        , 2.07735944],
       [0.        , 2.07838488],
       [0.        , 2.07929635],
       [0.        , 2.08470941],
       [0.        , 2.08553839],
       [0.        , 2.08730698],
       [0.        , 2.08868122],
       [0.        , 2.08900213],
       [0.        , 2.09170532],
       [0.        , 2.09511876],
       [0.        , 2.09584212],
       [0.        , 2.10052919],
       [0.        , 2.10526919],
       [0.        , 2.11288309],
       [0.        , 2.11341453],
       [0.        , 2.11429381],
       [0.        , 2.11991858],
       [0.        , 2.12128782],
       [0.        , 2.12433481],
       [0.        , 2.12456393],
       [0.        , 2.12727642],
       [0.        , 2.13161111],
       [0.        , 2.13172412],
       [0.        , 2.13347268],
       [0.        , 2.13522649],
       [0.        , 2.13680601],
       [0.        , 2.14341927],
       [0.        , 2.14416909],
       [0.        , 2.14422202],
       [0.        , 2.14535117],
       [0.        , 2.14611292],
       [0.        , 2.14680791],
       [0.        , 2.14743471],
       [0.        , 2.15020084],
       [0.        , 2.15228248],
       [0.        , 2.15361881],
       [0.        , 2.15453815],
       [0.        , 2.15800667],
       [0.        , 2.15985823],
       [0.        , 2.16186452],
       [0.        , 2.16191506],
       [0.        , 2.16552472],
       [0.        , 2.16687608],
       [0.        , 2.16917896],
       [0.        , 2.17003083],
       [0.        , 2.17187238],
       [0.        , 2.17385387],
       [0.        , 2.18129277],
       [0.        , 2.18402314],
       [0.        , 2.18597937],
       [0.        , 2.18650937],
       [0.        , 2.18652058],
       [0.        , 2.18793535],
       [0.        , 2.18928003],
       [0.        , 2.18998146],
       [0.        , 2.19159722],
       [0.        , 2.19192576],
       [0.        , 2.19320178],
       [0.        , 2.19829512],
       [0.        , 2.19833231],
       [0.        , 2.19900918],
       [0.        , 2.19981503],
       [0.        , 2.20509553],
       [0.        , 2.20962119],
       [0.        , 2.21046376],
       [0.        , 2.21393681],
       [0.        , 2.21469593],
       [0.        , 2.21497726],
       [0.        , 2.22113872],
       [0.        , 2.22295904],
       [0.        , 2.22688079],
       [0.        , 2.2279582 ],
       [0.        , 2.23466587],
       [0.        , 2.24157977],
       [0.        ,        inf]]), array([[2.06964731, 2.08961177],
       [2.02184224, 2.02462697],
       [2.01100516, 2.01155353],
       [1.91665983, 1.9192555 ],
       [1.84556353, 1.85533714],
       [1.79648423, 1.82543945],
       [1.78359962, 1.7885952 ],
       [1.7660917 , 1.7806108 ]])]",False
186,2.24157977104187,0.0034384727478027344,2.047053244806105,168.32,5.222275968828516,3,0.02895522117614746,0.014436125755310059,0.014674226442972818,0.16,0.6960262320639133,"[array([[0.        , 1.48658133],
       [0.        , 1.50050235],
       [0.        , 1.56075501],
       [0.        , 1.5756526 ],
       [0.        , 1.61924696],
       [0.        , 1.62295961],
       [0.        , 1.6373446 ],
       [0.        , 1.65699244],
       [0.        , 1.67745805],
       [0.        , 1.67905593],
       [0.        , 1.70768595],
       [0.        , 1.70929575],
       [0.        , 1.7265836 ],
       [0.        , 1.72946203],
       [0.        , 1.72972155],
       [0.        , 1.75499403],
       [0.        , 1.7557739 ],
       [0.        , 1.77019811],
       [0.        , 1.77414489],
       [0.        , 1.77539909],
       [0.        , 1.78610659],
       [0.        , 1.79107094],
       [0.        , 1.79155624],
       [0.        , 1.8010534 ],
       [0.        , 1.8029269 ],
       [0.        , 1.82882655],
       [0.        , 1.8433857 ],
       [0.        , 1.84483862],
       [0.        , 1.84579301],
       [0.        , 1.87631428],
       [0.        , 1.87676966],
       [0.        , 1.88861883],
       [0.        , 1.91305864],
       [0.        , 1.91337478],
       [0.        , 1.92055261],
       [0.        , 1.92324412],
       [0.        , 1.93960214],
       [0.        , 1.94510925],
       [0.        , 1.95873845],
       [0.        , 1.96059465],
       [0.        , 1.97574365],
       [0.        , 1.98181832],
       [0.        , 1.9834367 ],
       [0.        , 1.99195361],
       [0.        , 1.99645805],
       [0.        , 1.99708259],
       [0.        , 2.0026114 ],
       [0.        , 2.00460958],
       [0.        , 2.00470781],
       [0.        , 2.00842643],
       [0.        , 2.01024032],
       [0.        , 2.01046205],
       [0.        , 2.01361704],
       [0.        , 2.0142951 ],
       [0.        , 2.0146904 ],
       [0.        , 2.01524854],
       [0.        , 2.01552868],
       [0.        , 2.02317476],
       [0.        , 2.02751303],
       [0.        , 2.0296545 ],
       [0.        , 2.03542757],
       [0.        , 2.03667521],
       [0.        , 2.0395937 ],
       [0.        , 2.0422821 ],
       [0.        , 2.04326797],
       [0.        , 2.04507327],
       [0.        , 2.04726934],
       [0.        , 2.04795194],
       [0.        , 2.05087781],
       [0.        , 2.05150676],
       [0.        , 2.05316973],
       [0.        , 2.05409718],
       [0.        , 2.06036615],
       [0.        , 2.06180239],
       [0.        , 2.0622108 ],
       [0.        , 2.06392837],
       [0.        , 2.06451464],
       [0.        , 2.06722999],
       [0.        , 2.07092977],
       [0.        , 2.07097721],
       [0.        , 2.07139301],
       [0.        , 2.07139754],
       [0.        , 2.07166862],
       [0.        , 2.07295799],
       [0.        , 2.07450914],
       [0.        , 2.0756588 ],
       [0.        , 2.07851958],
       [0.        , 2.0789113 ],
       [0.        , 2.08557439],
       [0.        , 2.08700299],
       [0.        , 2.08904099],
       [0.        , 2.0913229 ],
       [0.        , 2.0921917 ],
       [0.        , 2.09228992],
       [0.        , 2.09348655],
       [0.        , 2.09697104],
       [0.        , 2.09713435],
       [0.        , 2.09822941],
       [0.        , 2.09948468],
       [0.        , 2.10123086],
       [0.        , 2.1030333 ],
       [0.        , 2.10366654],
       [0.        , 2.10751581],
       [0.        , 2.10874772],
       [0.        , 2.10986781],
       [0.        , 2.11358333],
       [0.        , 2.11628366],
       [0.        , 2.11730123],
       [0.        , 2.11883855],
       [0.        , 2.1204989 ],
       [0.        , 2.12494302],
       [0.        , 2.13054109],
       [0.        , 2.13220453],
       [0.        , 2.13316774],
       [0.        , 2.13598084],
       [0.        , 2.13793182],
       [0.        , 2.1390698 ],
       [0.        , 2.14418268],
       [0.        , 2.14514685],
       [0.        , 2.1470499 ],
       [0.        , 2.14723301],
       [0.        , 2.14766622],
       [0.        , 2.1495316 ],
       [0.        , 2.15000725],
       [0.        , 2.15093565],
       [0.        , 2.15099502],
       [0.        , 2.15263677],
       [0.        , 2.15387583],
       [0.        , 2.15457726],
       [0.        , 2.15688276],
       [0.        , 2.15689397],
       [0.        , 2.16251564],
       [0.        , 2.16766   ],
       [0.        , 2.16782904],
       [0.        , 2.16818404],
       [0.        , 2.16840696],
       [0.        , 2.16862965],
       [0.        , 2.16923356],
       [0.        , 2.16936278],
       [0.        , 2.1706934 ],
       [0.        , 2.17196155],
       [0.        , 2.17249274],
       [0.        , 2.1728127 ],
       [0.        , 2.17411685],
       [0.        , 2.17646122],
       [0.        , 2.17685986],
       [0.        , 2.18045855],
       [0.        , 2.18186307],
       [0.        , 2.18287706],
       [0.        , 2.18597937],
       [0.        , 2.18656754],
       [0.        , 2.18871474],
       [0.        , 2.19002247],
       [0.        , 2.1905427 ],
       [0.        , 2.19258404],
       [0.        , 2.19271731],
       [0.        , 2.19303942],
       [0.        , 2.19316936],
       [0.        , 2.19685197],
       [0.        , 2.19714975],
       [0.        , 2.19774055],
       [0.        , 2.19795966],
       [0.        , 2.19848704],
       [0.        , 2.19856477],
       [0.        , 2.19904375],
       [0.        , 2.20295262],
       [0.        , 2.20312476],
       [0.        , 2.20348501],
       [0.        , 2.20580697],
       [0.        , 2.20742154],
       [0.        , 2.20908308],
       [0.        , 2.20962119],
       [0.        , 2.21079731],
       [0.        , 2.2121172 ],
       [0.        , 2.2131846 ],
       [0.        , 2.21440625],
       [0.        , 2.21769738],
       [0.        , 2.21776342],
       [0.        , 2.21898317],
       [0.        , 2.22618675],
       [0.        , 2.22688079],
       [0.        , 2.22763276],
       [0.        , 2.23466587],
       [0.        , 2.2372849 ],
       [0.        , 2.2381413 ],
       [0.        , 2.24157977],
       [0.        ,        inf]]), array([[2.01100516, 2.01155353],
       [1.79648423, 1.82543945],
       [1.7660917 , 1.7806108 ]])]",True
128,2.234665870666504,0.00778508186340332,2.020006808452308,114.64,4.847625179137573,5,0.02895522117614746,0.014436125755310059,0.010339617729187012,0.18,1.1087739087975732,"[array([[0.        , 1.21763885],
       [0.        , 1.5276984 ],
       [0.        , 1.56075501],
       [0.        , 1.5756526 ],
       [0.        , 1.6373446 ],
       [0.        , 1.64819396],
       [0.        , 1.65235078],
       [0.        , 1.65699244],
       [0.        , 1.67905593],
       [0.        , 1.69761336],
       [0.        , 1.70768595],
       [0.        , 1.70929575],
       [0.        , 1.71222293],
       [0.        , 1.7265836 ],
       [0.        , 1.72946203],
       [0.        , 1.75499403],
       [0.        , 1.7557739 ],
       [0.        , 1.77539909],
       [0.        , 1.78610659],
       [0.        , 1.79107094],
       [0.        , 1.8034842 ],
       [0.        , 1.81373537],
       [0.        , 1.81984484],
       [0.        , 1.8433857 ],
       [0.        , 1.84579301],
       [0.        , 1.88051164],
       [0.        , 1.90838575],
       [0.        , 1.91559041],
       [0.        , 1.92888141],
       [0.        , 1.95859516],
       [0.        , 1.96059465],
       [0.        , 1.96299124],
       [0.        , 1.97892046],
       [0.        , 1.98181832],
       [0.        , 1.98246193],
       [0.        , 1.98501658],
       [0.        , 1.9874649 ],
       [0.        , 1.98821962],
       [0.        , 1.99593985],
       [0.        , 1.99992895],
       [0.        , 2.00222373],
       [0.        , 2.00470781],
       [0.        , 2.00574136],
       [0.        , 2.00690627],
       [0.        , 2.00913954],
       [0.        , 2.01639318],
       [0.        , 2.02092099],
       [0.        , 2.02165651],
       [0.        , 2.02458453],
       [0.        , 2.02595901],
       [0.        , 2.02964783],
       [0.        , 2.03564405],
       [0.        , 2.03566456],
       [0.        , 2.04178405],
       [0.        , 2.0456624 ],
       [0.        , 2.05400038],
       [0.        , 2.06182861],
       [0.        , 2.06198406],
       [0.        , 2.06199408],
       [0.        , 2.06513381],
       [0.        , 2.06513762],
       [0.        , 2.06519318],
       [0.        , 2.07036161],
       [0.        , 2.07295799],
       [0.        , 2.07317114],
       [0.        , 2.07714033],
       [0.        , 2.07996702],
       [0.        , 2.08117986],
       [0.        , 2.09003329],
       [0.        , 2.09131861],
       [0.        , 2.09186745],
       [0.        , 2.09228992],
       [0.        , 2.09687996],
       [0.        , 2.10011673],
       [0.        , 2.10254693],
       [0.        , 2.10501933],
       [0.        , 2.10953856],
       [0.        , 2.11109328],
       [0.        , 2.11287212],
       [0.        , 2.11742926],
       [0.        , 2.11799717],
       [0.        , 2.11838603],
       [0.        , 2.12128782],
       [0.        , 2.12727642],
       [0.        , 2.12886739],
       [0.        , 2.13107896],
       [0.        , 2.13347268],
       [0.        , 2.13926196],
       [0.        , 2.14185405],
       [0.        , 2.14373922],
       [0.        , 2.14497876],
       [0.        , 2.1460042 ],
       [0.        , 2.14670062],
       [0.        , 2.14865184],
       [0.        , 2.15182137],
       [0.        , 2.15263677],
       [0.        , 2.15976119],
       [0.        , 2.16017246],
       [0.        , 2.16143966],
       [0.        , 2.16186452],
       [0.        , 2.16345382],
       [0.        , 2.16552472],
       [0.        , 2.16773796],
       [0.        , 2.16791177],
       [0.        , 2.17691064],
       [0.        , 2.17813206],
       [0.        , 2.17868209],
       [0.        , 2.18022084],
       [0.        , 2.18257213],
       [0.        , 2.18417239],
       [0.        , 2.18597937],
       [0.        , 2.18650937],
       [0.        , 2.18656969],
       [0.        , 2.18777299],
       [0.        , 2.19308186],
       [0.        , 2.19334626],
       [0.        , 2.20428514],
       [0.        , 2.20487118],
       [0.        , 2.20509553],
       [0.        , 2.20604539],
       [0.        , 2.20800519],
       [0.        , 2.20938039],
       [0.        , 2.20968628],
       [0.        , 2.21220326],
       [0.        , 2.21981668],
       [0.        , 2.22295904],
       [0.        , 2.22688079],
       [0.        , 2.23466587],
       [0.        ,        inf]]), array([[2.08571601, 2.08839583],
       [2.01100516, 2.01155353],
       [1.79648423, 1.82543945],
       [1.78359962, 1.7885952 ],
       [1.7660917 , 1.7806108 ]])]",False
96,2.233713388442993,0.0016827583312988281,1.9879522807896137,84.66,4.559305592940495,6,0.07091236114501953,0.016117572784423828,0.0284313162167867,0.46,1.2854847869491244,"[array([[0.        , 1.21763885],
       [0.        , 1.50050235],
       [0.        , 1.56075501],
       [0.        , 1.5756526 ],
       [0.        , 1.64819396],
       [0.        , 1.65699244],
       [0.        , 1.67304981],
       [0.        , 1.67745805],
       [0.        , 1.69761336],
       [0.        , 1.70768595],
       [0.        , 1.70929575],
       [0.        , 1.7265836 ],
       [0.        , 1.72946203],
       [0.        , 1.7557739 ],
       [0.        , 1.77019811],
       [0.        , 1.78610659],
       [0.        , 1.79155624],
       [0.        , 1.80106235],
       [0.        , 1.81373537],
       [0.        , 1.81647098],
       [0.        , 1.82882655],
       [0.        , 1.84268379],
       [0.        , 1.8433857 ],
       [0.        , 1.84579301],
       [0.        , 1.84970737],
       [0.        , 1.86037052],
       [0.        , 1.86295831],
       [0.        , 1.88025391],
       [0.        , 1.88990939],
       [0.        , 1.91006947],
       [0.        , 1.92473018],
       [0.        , 1.92506671],
       [0.        , 1.96059465],
       [0.        , 1.96122754],
       [0.        , 1.97282863],
       [0.        , 1.98020887],
       [0.        , 1.98181832],
       [0.        , 1.98294973],
       [0.        , 1.98547208],
       [0.        , 1.9993701 ],
       [0.        , 2.00470781],
       [0.        , 2.00876117],
       [0.        , 2.01801181],
       [0.        , 2.02092099],
       [0.        , 2.02474022],
       [0.        , 2.04960203],
       [0.        , 2.05097294],
       [0.        , 2.06443596],
       [0.        , 2.06566978],
       [0.        , 2.06833577],
       [0.        , 2.0720942 ],
       [0.        , 2.07274628],
       [0.        , 2.07559729],
       [0.        , 2.07598448],
       [0.        , 2.08011484],
       [0.        , 2.0868392 ],
       [0.        , 2.08998251],
       [0.        , 2.09228992],
       [0.        , 2.09991527],
       [0.        , 2.1056726 ],
       [0.        , 2.10630822],
       [0.        , 2.106704  ],
       [0.        , 2.11103535],
       [0.        , 2.11449552],
       [0.        , 2.1169827 ],
       [0.        , 2.11790848],
       [0.        , 2.11833167],
       [0.        , 2.11980867],
       [0.        , 2.12181878],
       [0.        , 2.12609959],
       [0.        , 2.12689543],
       [0.        , 2.13229799],
       [0.        , 2.13499546],
       [0.        , 2.13865018],
       [0.        , 2.14515185],
       [0.        , 2.14906526],
       [0.        , 2.1508615 ],
       [0.        , 2.157758  ],
       [0.        , 2.15822768],
       [0.        , 2.16048908],
       [0.        , 2.16285157],
       [0.        , 2.16378212],
       [0.        , 2.16391659],
       [0.        , 2.16684198],
       [0.        , 2.16791177],
       [0.        , 2.17687511],
       [0.        , 2.17726803],
       [0.        , 2.18242359],
       [0.        , 2.19641709],
       [0.        , 2.19741225],
       [0.        , 2.21272492],
       [0.        , 2.21639657],
       [0.        , 2.22068   ],
       [0.        , 2.22688079],
       [0.        , 2.23203063],
       [0.        , 2.23371339],
       [0.        ,        inf]]), array([[2.16593766, 2.16679573],
       [2.01479149, 2.08570385],
       [2.01100516, 2.01155353],
       [2.00916958, 2.06396437],
       [1.79648423, 1.82543945],
       [1.7660917 , 1.7806108 ]])]",False
93,2.24157977104187,0.006913900375366211,2.01946650397393,83.0,4.527951536454167,4,0.07757687568664551,0.04862165451049805,0.03039988875389099,0.36,0.9065595465594224,"[array([[0.        , 1.48658133],
       [0.        , 1.56075501],
       [0.        , 1.5756526 ],
       [0.        , 1.61924696],
       [0.        , 1.62295961],
       [0.        , 1.63462257],
       [0.        , 1.64819396],
       [0.        , 1.65699244],
       [0.        , 1.70768595],
       [0.        , 1.70929575],
       [0.        , 1.7265836 ],
       [0.        , 1.72946203],
       [0.        , 1.72972155],
       [0.        , 1.7557739 ],
       [0.        , 1.76976335],
       [0.        , 1.77539909],
       [0.        , 1.78610659],
       [0.        , 1.79107094],
       [0.        , 1.81984484],
       [0.        , 1.82882655],
       [0.        , 1.84483862],
       [0.        , 1.91337478],
       [0.        , 1.92867863],
       [0.        , 1.93455756],
       [0.        , 1.96059465],
       [0.        , 1.96299124],
       [0.        , 1.97204602],
       [0.        , 1.97412741],
       [0.        , 1.98181832],
       [0.        , 1.98978388],
       [0.        , 1.99195361],
       [0.        , 2.00470781],
       [0.        , 2.0068481 ],
       [0.        , 2.02440143],
       [0.        , 2.02757215],
       [0.        , 2.0395937 ],
       [0.        , 2.04703259],
       [0.        , 2.04983521],
       [0.        , 2.05279255],
       [0.        , 2.05574155],
       [0.        , 2.060179  ],
       [0.        , 2.06182861],
       [0.        , 2.0622108 ],
       [0.        , 2.0661869 ],
       [0.        , 2.07330561],
       [0.        , 2.08308339],
       [0.        , 2.08365822],
       [0.        , 2.08547115],
       [0.        , 2.08904099],
       [0.        , 2.09443045],
       [0.        , 2.10308409],
       [0.        , 2.10675669],
       [0.        , 2.11084342],
       [0.        , 2.11523342],
       [0.        , 2.13144016],
       [0.        , 2.13294578],
       [0.        , 2.13347268],
       [0.        , 2.13708043],
       [0.        , 2.13762665],
       [0.        , 2.13974285],
       [0.        , 2.14492989],
       [0.        , 2.14764476],
       [0.        , 2.1479187 ],
       [0.        , 2.14940763],
       [0.        , 2.15062404],
       [0.        , 2.15119767],
       [0.        , 2.15877438],
       [0.        , 2.16162705],
       [0.        , 2.16400838],
       [0.        , 2.16780853],
       [0.        , 2.16827893],
       [0.        , 2.17021012],
       [0.        , 2.1746428 ],
       [0.        , 2.17605448],
       [0.        , 2.17780161],
       [0.        , 2.18157864],
       [0.        , 2.1820538 ],
       [0.        , 2.18597937],
       [0.        , 2.18650937],
       [0.        , 2.18781638],
       [0.        , 2.18849683],
       [0.        , 2.19513369],
       [0.        , 2.19980693],
       [0.        , 2.20312476],
       [0.        , 2.20759177],
       [0.        , 2.20816755],
       [0.        , 2.20962119],
       [0.        , 2.21354055],
       [0.        , 2.21886158],
       [0.        , 2.22259736],
       [0.        , 2.22688079],
       [0.        , 2.23466587],
       [0.        , 2.24157977],
       [0.        ,        inf]]), array([[2.01203489, 2.08961177],
       [2.01100516, 2.01155353],
       [1.79648423, 1.82543945],
       [1.7660917 , 1.7806108 ]])]",True
120,2.2499783039093018,0.015312433242797852,2.022940356532733,106.86,4.782760918444914,4,0.07091236114501953,0.04195713996887207,0.028733760118484497,0.36,0.932117847887993,"[array([[0.        , 1.21763885],
       [0.        , 1.50050235],
       [0.        , 1.56075501],
       [0.        , 1.5756526 ],
       [0.        , 1.6373446 ],
       [0.        , 1.64819396],
       [0.        , 1.65699244],
       [0.        , 1.67304981],
       [0.        , 1.67745805],
       [0.        , 1.68891656],
       [0.        , 1.69761336],
       [0.        , 1.70768595],
       [0.        , 1.70929575],
       [0.        , 1.7265836 ],
       [0.        , 1.72946203],
       [0.        , 1.72972155],
       [0.        , 1.75499403],
       [0.        , 1.7557739 ],
       [0.        , 1.76976335],
       [0.        , 1.78610659],
       [0.        , 1.79155624],
       [0.        , 1.81373537],
       [0.        , 1.87525451],
       [0.        , 1.88418293],
       [0.        , 1.91337478],
       [0.        , 1.93455756],
       [0.        , 1.95050824],
       [0.        , 1.96008956],
       [0.        , 1.96059465],
       [0.        , 1.96299124],
       [0.        , 1.96401691],
       [0.        , 1.97029352],
       [0.        , 1.9710902 ],
       [0.        , 1.98181832],
       [0.        , 1.98323786],
       [0.        , 1.98377514],
       [0.        , 1.9874872 ],
       [0.        , 2.00470781],
       [0.        , 2.00982809],
       [0.        , 2.01361704],
       [0.        , 2.01461411],
       [0.        , 2.0146904 ],
       [0.        , 2.01827669],
       [0.        , 2.02307391],
       [0.        , 2.03044891],
       [0.        , 2.03195524],
       [0.        , 2.03266811],
       [0.        , 2.03542757],
       [0.        , 2.03621316],
       [0.        , 2.0386107 ],
       [0.        , 2.04526162],
       [0.        , 2.04549408],
       [0.        , 2.05272818],
       [0.        , 2.05456567],
       [0.        , 2.05574155],
       [0.        , 2.06182861],
       [0.        , 2.07097721],
       [0.        , 2.07295799],
       [0.        , 2.07749653],
       [0.        , 2.08904099],
       [0.        , 2.08965707],
       [0.        , 2.09228992],
       [0.        , 2.1020503 ],
       [0.        , 2.10367632],
       [0.        , 2.10409355],
       [0.        , 2.10436535],
       [0.        , 2.10549188],
       [0.        , 2.11110353],
       [0.        , 2.11209249],
       [0.        , 2.11341453],
       [0.        , 2.11351418],
       [0.        , 2.11358333],
       [0.        , 2.11789274],
       [0.        , 2.1204989 ],
       [0.        , 2.12694192],
       [0.        , 2.13144016],
       [0.        , 2.13294578],
       [0.        , 2.13762665],
       [0.        , 2.13938236],
       [0.        , 2.14299417],
       [0.        , 2.14492989],
       [0.        , 2.1470499 ],
       [0.        , 2.1477015 ],
       [0.        , 2.1491127 ],
       [0.        , 2.15253854],
       [0.        , 2.15423894],
       [0.        , 2.15457726],
       [0.        , 2.157758  ],
       [0.        , 2.15877438],
       [0.        , 2.15934467],
       [0.        , 2.16497636],
       [0.        , 2.16780853],
       [0.        , 2.16827893],
       [0.        , 2.1706934 ],
       [0.        , 2.17419267],
       [0.        , 2.17658663],
       [0.        , 2.17695165],
       [0.        , 2.17780161],
       [0.        , 2.18105125],
       [0.        , 2.18157864],
       [0.        , 2.18287706],
       [0.        , 2.18527269],
       [0.        , 2.18597937],
       [0.        , 2.18871474],
       [0.        , 2.19002247],
       [0.        , 2.19331551],
       [0.        , 2.19774055],
       [0.        , 2.19848704],
       [0.        , 2.20295262],
       [0.        , 2.20312476],
       [0.        , 2.20559263],
       [0.        , 2.20816755],
       [0.        , 2.21046376],
       [0.        , 2.2121172 ],
       [0.        , 2.22259736],
       [0.        , 2.22295904],
       [0.        , 2.22688079],
       [0.        , 2.22764015],
       [0.        , 2.23466587],
       [0.        , 2.2499783 ],
       [0.        ,        inf]]), array([[2.01479149, 2.08570385],
       [2.01100516, 2.01155353],
       [1.79648423, 1.82543945],
       [1.7660917 , 1.7806108 ]])]",False
68,2.2499783039093018,0.007076263427734375,1.9921650641104753,59.68,4.2146500015520685,2,0.02895522117614746,0.028406858444213867,0.014751791954040527,0.14,0.0924850797144974,"[array([[0.        , 1.48658133],
       [0.        , 1.5756526 ],
       [0.        , 1.61924696],
       [0.        , 1.62295961],
       [0.        , 1.65699244],
       [0.        , 1.67745805],
       [0.        , 1.70768595],
       [0.        , 1.70929575],
       [0.        , 1.7265836 ],
       [0.        , 1.72946203],
       [0.        , 1.7557739 ],
       [0.        , 1.76976335],
       [0.        , 1.78610659],
       [0.        , 1.79107094],
       [0.        , 1.81984484],
       [0.        , 1.8433857 ],
       [0.        , 1.84483862],
       [0.        , 1.84579301],
       [0.        , 1.88051164],
       [0.        , 1.88051307],
       [0.        , 1.88843322],
       [0.        , 1.91337478],
       [0.        , 1.92370021],
       [0.        , 1.92589796],
       [0.        , 1.96008956],
       [0.        , 1.96059465],
       [0.        , 1.96572685],
       [0.        , 1.98181832],
       [0.        , 1.98978388],
       [0.        , 1.99097192],
       [0.        , 2.00470781],
       [0.        , 2.011168  ],
       [0.        , 2.01361704],
       [0.        , 2.01493216],
       [0.        , 2.02165651],
       [0.        , 2.0379529 ],
       [0.        , 2.0395937 ],
       [0.        , 2.04508257],
       [0.        , 2.06912827],
       [0.        , 2.09818912],
       [0.        , 2.11015511],
       [0.        , 2.11790848],
       [0.        , 2.12187171],
       [0.        , 2.12563491],
       [0.        , 2.12689543],
       [0.        , 2.12727642],
       [0.        , 2.13708043],
       [0.        , 2.13974285],
       [0.        , 2.14789391],
       [0.        , 2.14940763],
       [0.        , 2.15062404],
       [0.        , 2.15568066],
       [0.        , 2.16186452],
       [0.        , 2.16320729],
       [0.        , 2.17021012],
       [0.        , 2.17239165],
       [0.        , 2.18597937],
       [0.        , 2.19513369],
       [0.        , 2.19848013],
       [0.        , 2.19980693],
       [0.        , 2.20487118],
       [0.        , 2.20962119],
       [0.        , 2.21354055],
       [0.        , 2.22688079],
       [0.        , 2.23466587],
       [0.        , 2.24157977],
       [0.        , 2.24290204],
       [0.        , 2.2499783 ],
       [0.        ,        inf]]), array([[2.01100516, 2.01155353],
       [1.79648423, 1.82543945]])]",True
187,2.234592914581299,0.012833118438720703,1.9964773457318066,165.52,5.2275279007531115,6,0.08970129489898682,0.01603233814239502,0.03705147902170817,0.68,1.371986489287978,"[array([[0.        , 1.21763885],
       [0.        , 1.50050235],
       [0.        , 1.56075501],
       [0.        , 1.5756526 ],
       [0.        , 1.62399459],
       [0.        , 1.63462257],
       [0.        , 1.64819396],
       [0.        , 1.65699244],
       [0.        , 1.67304981],
       [0.        , 1.67745805],
       [0.        , 1.67905593],
       [0.        , 1.69761336],
       [0.        , 1.70768595],
       [0.        , 1.70929575],
       [0.        , 1.7265836 ],
       [0.        , 1.72946203],
       [0.        , 1.72972155],
       [0.        , 1.74276233],
       [0.        , 1.75499403],
       [0.        , 1.7557739 ],
       [0.        , 1.76256418],
       [0.        , 1.77019811],
       [0.        , 1.77414489],
       [0.        , 1.78610659],
       [0.        , 1.79155624],
       [0.        , 1.79306149],
       [0.        , 1.79617035],
       [0.        , 1.8010534 ],
       [0.        , 1.8029269 ],
       [0.        , 1.81373537],
       [0.        , 1.81884348],
       [0.        , 1.82882655],
       [0.        , 1.8433857 ],
       [0.        , 1.84579301],
       [0.        , 1.84758055],
       [0.        , 1.865978  ],
       [0.        , 1.87049556],
       [0.        , 1.87153375],
       [0.        , 1.87631428],
       [0.        , 1.88165975],
       [0.        , 1.88265443],
       [0.        , 1.88276994],
       [0.        , 1.88558948],
       [0.        , 1.88850021],
       [0.        , 1.89361513],
       [0.        , 1.89497316],
       [0.        , 1.89778435],
       [0.        , 1.90211844],
       [0.        , 1.92321682],
       [0.        , 1.92720628],
       [0.        , 1.93217945],
       [0.        , 1.93578124],
       [0.        , 1.94357717],
       [0.        , 1.9464941 ],
       [0.        , 1.94745266],
       [0.        , 1.94799149],
       [0.        , 1.95128989],
       [0.        , 1.95640171],
       [0.        , 1.95836568],
       [0.        , 1.95873845],
       [0.        , 1.95919824],
       [0.        , 1.96059465],
       [0.        , 1.96300077],
       [0.        , 1.9693234 ],
       [0.        , 1.97057617],
       [0.        , 1.97103405],
       [0.        , 1.97359955],
       [0.        , 1.97538769],
       [0.        , 1.97672164],
       [0.        , 1.98181832],
       [0.        , 1.98295963],
       [0.        , 1.98906004],
       [0.        , 1.98956215],
       [0.        , 1.99123776],
       [0.        , 1.99195361],
       [0.        , 1.99260271],
       [0.        , 1.99818718],
       [0.        , 2.00470781],
       [0.        , 2.00716448],
       [0.        , 2.01005602],
       [0.        , 2.01412344],
       [0.        , 2.01959729],
       [0.        , 2.02272129],
       [0.        , 2.02615976],
       [0.        , 2.02825189],
       [0.        , 2.03348184],
       [0.        , 2.0342176 ],
       [0.        , 2.03542757],
       [0.        , 2.03621292],
       [0.        , 2.03630042],
       [0.        , 2.03674674],
       [0.        , 2.03699803],
       [0.        , 2.04515815],
       [0.        , 2.04526162],
       [0.        , 2.04563761],
       [0.        , 2.04593229],
       [0.        , 2.04726458],
       [0.        , 2.04922318],
       [0.        , 2.0508523 ],
       [0.        , 2.05150676],
       [0.        , 2.05348396],
       [0.        , 2.05595374],
       [0.        , 2.06212139],
       [0.        , 2.06271768],
       [0.        , 2.06869483],
       [0.        , 2.06922007],
       [0.        , 2.06945324],
       [0.        , 2.07166862],
       [0.        , 2.07465911],
       [0.        , 2.07861066],
       [0.        , 2.07864237],
       [0.        , 2.08084226],
       [0.        , 2.08110809],
       [0.        , 2.08283377],
       [0.        , 2.08430624],
       [0.        , 2.08557439],
       [0.        , 2.08768368],
       [0.        , 2.09110475],
       [0.        , 2.09187651],
       [0.        , 2.09187841],
       [0.        , 2.09228992],
       [0.        , 2.09288502],
       [0.        , 2.09410381],
       [0.        , 2.09549308],
       [0.        , 2.09550405],
       [0.        , 2.09617257],
       [0.        , 2.1020503 ],
       [0.        , 2.10224128],
       [0.        , 2.10284162],
       [0.        , 2.10422301],
       [0.        , 2.10569787],
       [0.        , 2.10642195],
       [0.        , 2.10717511],
       [0.        , 2.1071918 ],
       [0.        , 2.1096735 ],
       [0.        , 2.11079049],
       [0.        , 2.11119032],
       [0.        , 2.1141386 ],
       [0.        , 2.11764741],
       [0.        , 2.11830401],
       [0.        , 2.11932921],
       [0.        , 2.12048459],
       [0.        , 2.12058043],
       [0.        , 2.12205553],
       [0.        , 2.12331438],
       [0.        , 2.12536979],
       [0.        , 2.12727642],
       [0.        , 2.12733245],
       [0.        , 2.1284647 ],
       [0.        , 2.12894082],
       [0.        , 2.13073277],
       [0.        , 2.13075185],
       [0.        , 2.13095951],
       [0.        , 2.13242531],
       [0.        , 2.13619876],
       [0.        , 2.13863516],
       [0.        , 2.14321041],
       [0.        , 2.14465737],
       [0.        , 2.14612484],
       [0.        , 2.14679241],
       [0.        , 2.14886189],
       [0.        , 2.15246701],
       [0.        , 2.15294361],
       [0.        , 2.15387583],
       [0.        , 2.15547705],
       [0.        , 2.15784311],
       [0.        , 2.15800285],
       [0.        , 2.15903974],
       [0.        , 2.16014266],
       [0.        , 2.16273189],
       [0.        , 2.16422725],
       [0.        , 2.16460562],
       [0.        , 2.16730094],
       [0.        , 2.16862321],
       [0.        , 2.17078352],
       [0.        , 2.17096329],
       [0.        , 2.18204975],
       [0.        , 2.18597937],
       [0.        , 2.19242644],
       [0.        , 2.19303942],
       [0.        , 2.19685197],
       [0.        , 2.1975174 ],
       [0.        , 2.20662522],
       [0.        , 2.20990038],
       [0.        , 2.2202673 ],
       [0.        , 2.2217598 ],
       [0.        , 2.23459291],
       [0.        ,        inf]]), array([[2.06964731, 2.08456326],
       [2.01203489, 2.08570385],
       [2.01100516, 2.01155353],
       [1.99991047, 2.08961177],
       [1.79648423, 1.82543945],
       [1.7660917 , 1.7806108 ]])]",True
137,2.245328903198242,0.010663032531738281,2.032803469330725,122.98,4.915232219418134,5,0.02895522117614746,0.014436125755310059,0.010339617729187012,0.18,1.1087739087975732,"[array([[0.        , 1.21763885],
       [0.        , 1.50050235],
       [0.        , 1.5276984 ],
       [0.        , 1.53689873],
       [0.        , 1.56075501],
       [0.        , 1.5756526 ],
       [0.        , 1.59647572],
       [0.        , 1.65235078],
       [0.        , 1.65699244],
       [0.        , 1.67745805],
       [0.        , 1.67905593],
       [0.        , 1.69042754],
       [0.        , 1.69761336],
       [0.        , 1.70768595],
       [0.        , 1.70929575],
       [0.        , 1.7265836 ],
       [0.        , 1.72946203],
       [0.        , 1.7557739 ],
       [0.        , 1.78610659],
       [0.        , 1.79107094],
       [0.        , 1.79155624],
       [0.        , 1.8034842 ],
       [0.        , 1.81373537],
       [0.        , 1.84579301],
       [0.        , 1.90838575],
       [0.        , 1.91337478],
       [0.        , 1.91559041],
       [0.        , 1.92589796],
       [0.        , 1.93509984],
       [0.        , 1.94292152],
       [0.        , 1.95058262],
       [0.        , 1.96059465],
       [0.        , 1.98181832],
       [0.        , 1.9874649 ],
       [0.        , 1.99097192],
       [0.        , 1.99195361],
       [0.        , 2.00100923],
       [0.        , 2.00292921],
       [0.        , 2.00470781],
       [0.        , 2.00690627],
       [0.        , 2.01025462],
       [0.        , 2.01546216],
       [0.        , 2.02072382],
       [0.        , 2.02092099],
       [0.        , 2.0235486 ],
       [0.        , 2.0258038 ],
       [0.        , 2.03058481],
       [0.        , 2.03564405],
       [0.        , 2.03637695],
       [0.        , 2.03711009],
       [0.        , 2.0379529 ],
       [0.        , 2.03975034],
       [0.        , 2.0436542 ],
       [0.        , 2.06198406],
       [0.        , 2.07194972],
       [0.        , 2.07602096],
       [0.        , 2.07735944],
       [0.        , 2.08024693],
       [0.        , 2.08470941],
       [0.        , 2.0861845 ],
       [0.        , 2.08654261],
       [0.        , 2.0871551 ],
       [0.        , 2.08730698],
       [0.        , 2.09386086],
       [0.        , 2.09398317],
       [0.        , 2.09511876],
       [0.        , 2.09582663],
       [0.        , 2.09766865],
       [0.        , 2.09818912],
       [0.        , 2.09954023],
       [0.        , 2.10042739],
       [0.        , 2.10675669],
       [0.        , 2.11183429],
       [0.        , 2.11429381],
       [0.        , 2.11449552],
       [0.        , 2.11626863],
       [0.        , 2.11790848],
       [0.        , 2.11940765],
       [0.        , 2.11991858],
       [0.        , 2.12096119],
       [0.        , 2.12128782],
       [0.        , 2.12131596],
       [0.        , 2.12456393],
       [0.        , 2.12515354],
       [0.        , 2.12543035],
       [0.        , 2.12563491],
       [0.        , 2.13086557],
       [0.        , 2.13209295],
       [0.        , 2.13347268],
       [0.        , 2.13378739],
       [0.        , 2.14306831],
       [0.        , 2.14321184],
       [0.        , 2.14341927],
       [0.        , 2.1460042 ],
       [0.        , 2.14954662],
       [0.        , 2.15484715],
       [0.        , 2.15499163],
       [0.        , 2.15568066],
       [0.        , 2.15800667],
       [0.        , 2.15934992],
       [0.        , 2.15952706],
       [0.        , 2.16127324],
       [0.        , 2.16186452],
       [0.        , 2.1630888 ],
       [0.        , 2.16521573],
       [0.        , 2.16552472],
       [0.        , 2.16815257],
       [0.        , 2.17003083],
       [0.        , 2.17691064],
       [0.        , 2.18007112],
       [0.        , 2.18422723],
       [0.        , 2.18597937],
       [0.        , 2.18650937],
       [0.        , 2.19092488],
       [0.        , 2.19159722],
       [0.        , 2.19192576],
       [0.        , 2.19303942],
       [0.        , 2.19331551],
       [0.        , 2.19565248],
       [0.        , 2.19829512],
       [0.        , 2.19861031],
       [0.        , 2.20086861],
       [0.        , 2.20143437],
       [0.        , 2.20509553],
       [0.        , 2.20688152],
       [0.        , 2.20778084],
       [0.        , 2.20800519],
       [0.        , 2.21220326],
       [0.        , 2.21627474],
       [0.        , 2.21921492],
       [0.        , 2.21982503],
       [0.        , 2.22295904],
       [0.        , 2.22688079],
       [0.        , 2.2279582 ],
       [0.        , 2.23124838],
       [0.        , 2.23466587],
       [0.        , 2.2453289 ],
       [0.        ,        inf]]), array([[2.08571601, 2.08839583],
       [2.01100516, 2.01155353],
       [1.79648423, 1.82543945],
       [1.78359962, 1.7885952 ],
       [1.7660917 , 1.7806108 ]])]",False
78,2.243035078048706,0.0014553070068359375,2.0024843445191016,68.96,4.351104306483556,5,0.0547947883605957,0.025839567184448242,0.02370767593383789,0.38,1.2807767771983098,"[array([[0.        , 1.48658133],
       [0.        , 1.50050235],
       [0.        , 1.5276984 ],
       [0.        , 1.56075501],
       [0.        , 1.61924696],
       [0.        , 1.62295961],
       [0.        , 1.63462257],
       [0.        , 1.65699244],
       [0.        , 1.67905593],
       [0.        , 1.70768595],
       [0.        , 1.71981382],
       [0.        , 1.7265836 ],
       [0.        , 1.7660917 ],
       [0.        , 1.78359962],
       [0.        , 1.78610659],
       [0.        , 1.79107094],
       [0.        , 1.79155624],
       [0.        , 1.82882655],
       [0.        , 1.84483862],
       [0.        , 1.85750794],
       [0.        , 1.86295831],
       [0.        , 1.86837685],
       [0.        , 1.88051164],
       [0.        , 1.91928923],
       [0.        , 1.94153893],
       [0.        , 1.96008956],
       [0.        , 1.96059465],
       [0.        , 1.98181832],
       [0.        , 1.98978388],
       [0.        , 1.99475837],
       [0.        , 2.00470781],
       [0.        , 2.00574136],
       [0.        , 2.01361704],
       [0.        , 2.02165651],
       [0.        , 2.03711009],
       [0.        , 2.0395937 ],
       [0.        , 2.04470396],
       [0.        , 2.05816317],
       [0.        , 2.07996297],
       [0.        , 2.08888102],
       [0.        , 2.10369468],
       [0.        , 2.10958099],
       [0.        , 2.11287212],
       [0.        , 2.120327  ],
       [0.        , 2.12727642],
       [0.        , 2.12956738],
       [0.        , 2.13708043],
       [0.        , 2.13972378],
       [0.        , 2.13974285],
       [0.        , 2.14764476],
       [0.        , 2.14817619],
       [0.        , 2.14940763],
       [0.        , 2.15062404],
       [0.        , 2.15457726],
       [0.        , 2.15499163],
       [0.        , 2.15798688],
       [0.        , 2.16238475],
       [0.        , 2.16497636],
       [0.        , 2.17021012],
       [0.        , 2.17078519],
       [0.        , 2.17605448],
       [0.        , 2.17774725],
       [0.        , 2.18045855],
       [0.        , 2.18597937],
       [0.        , 2.19147539],
       [0.        , 2.19331551],
       [0.        , 2.19513369],
       [0.        , 2.19871211],
       [0.        , 2.19980693],
       [0.        , 2.20312476],
       [0.        , 2.2062335 ],
       [0.        , 2.20962119],
       [0.        , 2.21354055],
       [0.        , 2.21883011],
       [0.        , 2.22688079],
       [0.        , 2.23466587],
       [0.        , 2.24157977],
       [0.        , 2.24303508],
       [0.        ,        inf]]), array([[2.06964731, 2.08961177],
       [2.01100516, 2.01155353],
       [2.00916958, 2.06396437],
       [1.79648423, 1.82543945],
       [1.76633525, 1.7806108 ]])]",True
92,2.2445621490478516,0.0029823780059814453,1.9977861500304679,81.04,4.515278359101052,3,0.02895522117614746,0.014436125755310059,0.014674226442972818,0.16,0.6960262320639133,"[array([[0.        , 1.124704  ],
       [0.        , 1.21763885],
       [0.        , 1.56075501],
       [0.        , 1.5756526 ],
       [0.        , 1.63462257],
       [0.        , 1.65699244],
       [0.        , 1.67304981],
       [0.        , 1.67905593],
       [0.        , 1.69042754],
       [0.        , 1.69761336],
       [0.        , 1.70768595],
       [0.        , 1.70929575],
       [0.        , 1.7265836 ],
       [0.        , 1.72946203],
       [0.        , 1.72972155],
       [0.        , 1.7557739 ],
       [0.        , 1.77539909],
       [0.        , 1.78610659],
       [0.        , 1.79107094],
       [0.        , 1.81373537],
       [0.        , 1.81984484],
       [0.        , 1.8433857 ],
       [0.        , 1.84579301],
       [0.        , 1.86029947],
       [0.        , 1.89947259],
       [0.        , 1.91337478],
       [0.        , 1.91730165],
       [0.        , 1.93831027],
       [0.        , 1.94013143],
       [0.        , 1.95300901],
       [0.        , 1.96059465],
       [0.        , 1.96976614],
       [0.        , 1.97272146],
       [0.        , 1.98181832],
       [0.        , 1.99475837],
       [0.        , 2.00470781],
       [0.        , 2.01419878],
       [0.        , 2.0215106 ],
       [0.        , 2.03044891],
       [0.        , 2.03711009],
       [0.        , 2.04504609],
       [0.        , 2.0704391 ],
       [0.        , 2.07890224],
       [0.        , 2.08319497],
       [0.        , 2.08969164],
       [0.        , 2.09228992],
       [0.        , 2.09398317],
       [0.        , 2.09462237],
       [0.        , 2.09553981],
       [0.        , 2.09710646],
       [0.        , 2.10042739],
       [0.        , 2.1020503 ],
       [0.        , 2.10601258],
       [0.        , 2.10696721],
       [0.        , 2.11391783],
       [0.        , 2.12194061],
       [0.        , 2.12219048],
       [0.        , 2.12263894],
       [0.        , 2.12460232],
       [0.        , 2.12727642],
       [0.        , 2.1274488 ],
       [0.        , 2.13319135],
       [0.        , 2.13563204],
       [0.        , 2.14299417],
       [0.        , 2.14321184],
       [0.        , 2.14749479],
       [0.        , 2.15012217],
       [0.        , 2.15199518],
       [0.        , 2.15499163],
       [0.        , 2.15670729],
       [0.        , 2.1630888 ],
       [0.        , 2.17409492],
       [0.        , 2.17455602],
       [0.        , 2.17605448],
       [0.        , 2.17744231],
       [0.        , 2.18373609],
       [0.        , 2.18422723],
       [0.        , 2.18577552],
       [0.        , 2.18597937],
       [0.        , 2.19217825],
       [0.        , 2.19303942],
       [0.        , 2.19688654],
       [0.        , 2.19781995],
       [0.        , 2.19833231],
       [0.        , 2.20312476],
       [0.        , 2.20858359],
       [0.        , 2.22688079],
       [0.        , 2.22989893],
       [0.        , 2.23466587],
       [0.        , 2.2372849 ],
       [0.        , 2.24157977],
       [0.        , 2.24456215],
       [0.        ,        inf]]), array([[2.01100516, 2.01155353],
       [1.79648423, 1.82543945],
       [1.7660917 , 1.7806108 ]])]",False
92,2.24157977104187,0.0028905868530273438,2.005804416926011,81.54,4.51557521379217,5,0.07757687568664551,0.04862165451049805,0.0283128023147583,0.42,1.1855342813000675,"[array([[0.        , 1.124704  ],
       [0.        , 1.48658133],
       [0.        , 1.50050235],
       [0.        , 1.56075501],
       [0.        , 1.61924696],
       [0.        , 1.62295961],
       [0.        , 1.63462257],
       [0.        , 1.64819396],
       [0.        , 1.65699244],
       [0.        , 1.69042754],
       [0.        , 1.70768595],
       [0.        , 1.70929575],
       [0.        , 1.7265836 ],
       [0.        , 1.72946203],
       [0.        , 1.72972155],
       [0.        , 1.7557739 ],
       [0.        , 1.77539909],
       [0.        , 1.78610659],
       [0.        , 1.79107094],
       [0.        , 1.79155624],
       [0.        , 1.8433857 ],
       [0.        , 1.84483862],
       [0.        , 1.91337478],
       [0.        , 1.92888141],
       [0.        , 1.94292152],
       [0.        , 1.96059465],
       [0.        , 1.96826851],
       [0.        , 1.98181832],
       [0.        , 1.9874649 ],
       [0.        , 1.98897111],
       [0.        , 1.99195361],
       [0.        , 1.99475837],
       [0.        , 1.99992895],
       [0.        , 2.00222373],
       [0.        , 2.00470781],
       [0.        , 2.00913954],
       [0.        , 2.01361704],
       [0.        , 2.01362753],
       [0.        , 2.02165651],
       [0.        , 2.02227783],
       [0.        , 2.03711009],
       [0.        , 2.0395937 ],
       [0.        , 2.03971052],
       [0.        , 2.06774354],
       [0.        , 2.07194972],
       [0.        , 2.07274628],
       [0.        , 2.08809376],
       [0.        , 2.08852363],
       [0.        , 2.09157562],
       [0.        , 2.09398317],
       [0.        , 2.09761524],
       [0.        , 2.09895802],
       [0.        , 2.10042739],
       [0.        , 2.1020503 ],
       [0.        , 2.10501933],
       [0.        , 2.10633206],
       [0.        , 2.12727642],
       [0.        , 2.14321184],
       [0.        , 2.14865184],
       [0.        , 2.15499163],
       [0.        , 2.15800667],
       [0.        , 2.16238475],
       [0.        , 2.1630888 ],
       [0.        , 2.16345382],
       [0.        , 2.16360092],
       [0.        , 2.16442323],
       [0.        , 2.17774701],
       [0.        , 2.17868209],
       [0.        , 2.17926145],
       [0.        , 2.1803658 ],
       [0.        , 2.18045855],
       [0.        , 2.18129277],
       [0.        , 2.18257213],
       [0.        , 2.18422723],
       [0.        , 2.18597937],
       [0.        , 2.18656969],
       [0.        , 2.1927197 ],
       [0.        , 2.19303942],
       [0.        , 2.19308186],
       [0.        , 2.19334626],
       [0.        , 2.19580245],
       [0.        , 2.19852424],
       [0.        , 2.19877744],
       [0.        , 2.20962119],
       [0.        , 2.20968628],
       [0.        , 2.21883011],
       [0.        , 2.21921492],
       [0.        , 2.21981668],
       [0.        , 2.22688079],
       [0.        , 2.23466587],
       [0.        , 2.23868918],
       [0.        , 2.24157977],
       [0.        ,        inf]]), array([[2.06964731, 2.08961177],
       [2.01203489, 2.08961177],
       [2.01100516, 2.01155353],
       [1.79648423, 1.82543945],
       [1.7660917 , 1.7806108 ]])]",True
159,2.2381412982940674,0.0034754276275634766,2.0455894117835185,144.02,5.0649672061323665,3,0.02895522117614746,0.014436125755310059,0.014674226442972818,0.16,0.6960262320639133,"[array([[0.        , 1.21763885],
       [0.        , 1.50050235],
       [0.        , 1.56075501],
       [0.        , 1.5756526 ],
       [0.        , 1.64819396],
       [0.        , 1.65699244],
       [0.        , 1.67304981],
       [0.        , 1.67905593],
       [0.        , 1.69761336],
       [0.        , 1.70768595],
       [0.        , 1.70929575],
       [0.        , 1.7265836 ],
       [0.        , 1.72946203],
       [0.        , 1.72972155],
       [0.        , 1.75499403],
       [0.        , 1.7557739 ],
       [0.        , 1.77019811],
       [0.        , 1.77414489],
       [0.        , 1.78610659],
       [0.        , 1.79155624],
       [0.        , 1.8010534 ],
       [0.        , 1.8029269 ],
       [0.        , 1.81373537],
       [0.        , 1.82882655],
       [0.        , 1.8433857 ],
       [0.        , 1.84579301],
       [0.        , 1.86635852],
       [0.        , 1.87631428],
       [0.        , 1.87676966],
       [0.        , 1.94486237],
       [0.        , 1.94510925],
       [0.        , 1.95873845],
       [0.        , 1.96059465],
       [0.        , 1.97433877],
       [0.        , 1.97574365],
       [0.        , 1.98181832],
       [0.        , 1.9874649 ],
       [0.        , 1.99125147],
       [0.        , 1.99195361],
       [0.        , 1.99267936],
       [0.        , 1.99645805],
       [0.        , 2.0026114 ],
       [0.        , 2.00460958],
       [0.        , 2.00470781],
       [0.        , 2.01024032],
       [0.        , 2.01046205],
       [0.        , 2.0142951 ],
       [0.        , 2.01552868],
       [0.        , 2.02092099],
       [0.        , 2.02193737],
       [0.        , 2.02317476],
       [0.        , 2.02751303],
       [0.        , 2.03542757],
       [0.        , 2.03667521],
       [0.        , 2.04326797],
       [0.        , 2.04795194],
       [0.        , 2.05087781],
       [0.        , 2.05130482],
       [0.        , 2.05150676],
       [0.        , 2.05316973],
       [0.        , 2.05327082],
       [0.        , 2.05622935],
       [0.        , 2.06180239],
       [0.        , 2.0622108 ],
       [0.        , 2.06392837],
       [0.        , 2.06451464],
       [0.        , 2.06519318],
       [0.        , 2.06693387],
       [0.        , 2.06722999],
       [0.        , 2.06924367],
       [0.        , 2.07166862],
       [0.        , 2.0756588 ],
       [0.        , 2.0789113 ],
       [0.        , 2.08365822],
       [0.        , 2.08557439],
       [0.        , 2.08700299],
       [0.        , 2.0913229 ],
       [0.        , 2.0921917 ],
       [0.        , 2.09348655],
       [0.        , 2.09697104],
       [0.        , 2.09713435],
       [0.        , 2.09822941],
       [0.        , 2.09948468],
       [0.        , 2.10366654],
       [0.        , 2.10369468],
       [0.        , 2.10751581],
       [0.        , 2.10874772],
       [0.        , 2.11578846],
       [0.        , 2.11628366],
       [0.        , 2.11681676],
       [0.        , 2.11730123],
       [0.        , 2.12013197],
       [0.        , 2.12494302],
       [0.        , 2.13054109],
       [0.        , 2.13220453],
       [0.        , 2.13229799],
       [0.        , 2.13598084],
       [0.        , 2.1390698 ],
       [0.        , 2.14349127],
       [0.        , 2.14418268],
       [0.        , 2.14657283],
       [0.        , 2.14723301],
       [0.        , 2.15000725],
       [0.        , 2.15099502],
       [0.        , 2.15263677],
       [0.        , 2.15387583],
       [0.        , 2.15457726],
       [0.        , 2.15689397],
       [0.        , 2.16251564],
       [0.        , 2.16441751],
       [0.        , 2.16727161],
       [0.        , 2.16766   ],
       [0.        , 2.16782904],
       [0.        , 2.16818404],
       [0.        , 2.16840696],
       [0.        , 2.16862965],
       [0.        , 2.16923356],
       [0.        , 2.17196155],
       [0.        , 2.17249274],
       [0.        , 2.1728127 ],
       [0.        , 2.17396736],
       [0.        , 2.17411685],
       [0.        , 2.17646122],
       [0.        , 2.17878675],
       [0.        , 2.18018913],
       [0.        , 2.18186307],
       [0.        , 2.18241668],
       [0.        , 2.18438745],
       [0.        , 2.18597937],
       [0.        , 2.18656754],
       [0.        , 2.1905427 ],
       [0.        , 2.19258404],
       [0.        , 2.19303942],
       [0.        , 2.19316936],
       [0.        , 2.19685197],
       [0.        , 2.19795966],
       [0.        , 2.19833231],
       [0.        , 2.19856477],
       [0.        , 2.19904375],
       [0.        , 2.20312476],
       [0.        , 2.20348501],
       [0.        , 2.20580697],
       [0.        , 2.20742154],
       [0.        , 2.20745826],
       [0.        , 2.20772576],
       [0.        , 2.20908308],
       [0.        , 2.21003032],
       [0.        , 2.2131846 ],
       [0.        , 2.21769738],
       [0.        , 2.21883011],
       [0.        , 2.21898317],
       [0.        , 2.22274661],
       [0.        , 2.22295904],
       [0.        , 2.22579598],
       [0.        , 2.22618675],
       [0.        , 2.22688079],
       [0.        , 2.22763276],
       [0.        , 2.23466587],
       [0.        , 2.2381413 ],
       [0.        ,        inf]]), array([[2.01100516, 2.01155353],
       [1.79648423, 1.82543945],
       [1.7660917 , 1.7806108 ]])]",True
141,2.245328903198242,0.010663032531738281,2.052492654915397,127.76,4.944598020130259,5,0.07091236114501953,0.04195713996887207,0.023986124992370607,0.38,1.066456793615407,"[array([[0.        , 1.21763885],
       [0.        , 1.5276984 ],
       [0.        , 1.56075501],
       [0.        , 1.5756526 ],
       [0.        , 1.64819396],
       [0.        , 1.65235078],
       [0.        , 1.65699244],
       [0.        , 1.67745805],
       [0.        , 1.67905593],
       [0.        , 1.69761336],
       [0.        , 1.70768595],
       [0.        , 1.70929575],
       [0.        , 1.71981382],
       [0.        , 1.7265836 ],
       [0.        , 1.72946203],
       [0.        , 1.7557739 ],
       [0.        , 1.78610659],
       [0.        , 1.79107094],
       [0.        , 1.81373537],
       [0.        , 1.81984484],
       [0.        , 1.82882655],
       [0.        , 1.86837685],
       [0.        , 1.88051164],
       [0.        , 1.90838575],
       [0.        , 1.93509984],
       [0.        , 1.94153893],
       [0.        , 1.94292152],
       [0.        , 1.95006311],
       [0.        , 1.95058262],
       [0.        , 1.96008956],
       [0.        , 1.96059465],
       [0.        , 1.98181832],
       [0.        , 1.98683667],
       [0.        , 1.9874649 ],
       [0.        , 2.00100923],
       [0.        , 2.00470781],
       [0.        , 2.00574136],
       [0.        , 2.02092099],
       [0.        , 2.02165651],
       [0.        , 2.0258038 ],
       [0.        , 2.03058481],
       [0.        , 2.03637695],
       [0.        , 2.03683925],
       [0.        , 2.03857708],
       [0.        , 2.03975034],
       [0.        , 2.0436542 ],
       [0.        , 2.04470396],
       [0.        , 2.05400038],
       [0.        , 2.05428958],
       [0.        , 2.05859876],
       [0.        , 2.06024313],
       [0.        , 2.0646708 ],
       [0.        , 2.06519318],
       [0.        , 2.06940532],
       [0.        , 2.07148981],
       [0.        , 2.07602096],
       [0.        , 2.08464313],
       [0.        , 2.0871551 ],
       [0.        , 2.08868122],
       [0.        , 2.09114599],
       [0.        , 2.09386086],
       [0.        , 2.09582663],
       [0.        , 2.09766865],
       [0.        , 2.09954023],
       [0.        , 2.10369468],
       [0.        , 2.11141968],
       [0.        , 2.11183429],
       [0.        , 2.11341453],
       [0.        , 2.11449552],
       [0.        , 2.1173892 ],
       [0.        , 2.11790848],
       [0.        , 2.11940765],
       [0.        , 2.12096119],
       [0.        , 2.12131596],
       [0.        , 2.12515354],
       [0.        , 2.12543035],
       [0.        , 2.12800503],
       [0.        , 2.13172412],
       [0.        , 2.13209295],
       [0.        , 2.13229799],
       [0.        , 2.13316774],
       [0.        , 2.13378739],
       [0.        , 2.13655329],
       [0.        , 2.14160085],
       [0.        , 2.14306831],
       [0.        , 2.14680791],
       [0.        , 2.14743471],
       [0.        , 2.14954662],
       [0.        , 2.15101671],
       [0.        , 2.15263557],
       [0.        , 2.15484715],
       [0.        , 2.15577865],
       [0.        , 2.15670276],
       [0.        , 2.1571095 ],
       [0.        , 2.15952706],
       [0.        , 2.16127324],
       [0.        , 2.16191506],
       [0.        , 2.16238475],
       [0.        , 2.16521573],
       [0.        , 2.16727161],
       [0.        , 2.16815257],
       [0.        , 2.1697464 ],
       [0.        , 2.17187238],
       [0.        , 2.17214417],
       [0.        , 2.17691064],
       [0.        , 2.17702127],
       [0.        , 2.18007112],
       [0.        , 2.18402314],
       [0.        , 2.18438745],
       [0.        , 2.18597937],
       [0.        , 2.18652058],
       [0.        , 2.1905427 ],
       [0.        , 2.19092488],
       [0.        , 2.19320178],
       [0.        , 2.19331551],
       [0.        , 2.19366407],
       [0.        , 2.19829512],
       [0.        , 2.19861031],
       [0.        , 2.19871211],
       [0.        , 2.19892955],
       [0.        , 2.19900918],
       [0.        , 2.20136881],
       [0.        , 2.20143437],
       [0.        , 2.20745826],
       [0.        , 2.20778084],
       [0.        , 2.20791936],
       [0.        , 2.20800519],
       [0.        , 2.20908308],
       [0.        , 2.21003032],
       [0.        , 2.21318412],
       [0.        , 2.21354055],
       [0.        , 2.21393681],
       [0.        , 2.21497726],
       [0.        , 2.21627474],
       [0.        , 2.21982503],
       [0.        , 2.22113872],
       [0.        , 2.22579598],
       [0.        , 2.22688079],
       [0.        , 2.2279582 ],
       [0.        , 2.23466587],
       [0.        , 2.2453289 ],
       [0.        ,        inf]]), array([[2.01479149, 2.08570385],
       [2.01100516, 2.01155353],
       [1.79648423, 1.82543945],
       [1.78359962, 1.7885952 ],
       [1.7660917 , 1.7806108 ]])]",True
76,2.234665870666504,0.0033423900604248047,2.0005881237356284,67.38,4.324996020361262,3,0.02895522117614746,0.014436125755310059,0.014674226442972818,0.16,0.6960262320639133,"[array([[0.        , 1.21763885],
       [0.        , 1.50050235],
       [0.        , 1.56075501],
       [0.        , 1.5756526 ],
       [0.        , 1.65699244],
       [0.        , 1.67304981],
       [0.        , 1.67745805],
       [0.        , 1.69042754],
       [0.        , 1.69761336],
       [0.        , 1.70768595],
       [0.        , 1.70929575],
       [0.        , 1.7265836 ],
       [0.        , 1.72946203],
       [0.        , 1.7557739 ],
       [0.        , 1.78610659],
       [0.        , 1.79155624],
       [0.        , 1.81373537],
       [0.        , 1.8433857 ],
       [0.        , 1.8943994 ],
       [0.        , 1.89702773],
       [0.        , 1.94267654],
       [0.        , 1.95873845],
       [0.        , 1.96059465],
       [0.        , 1.9671334 ],
       [0.        , 1.98181832],
       [0.        , 2.00470781],
       [0.        , 2.00913954],
       [0.        , 2.01546216],
       [0.        , 2.01611137],
       [0.        , 2.02072382],
       [0.        , 2.02171588],
       [0.        , 2.03711009],
       [0.        , 2.0395937 ],
       [0.        , 2.0482471 ],
       [0.        , 2.04918122],
       [0.        , 2.06071544],
       [0.        , 2.06199408],
       [0.        , 2.06915665],
       [0.        , 2.07586312],
       [0.        , 2.07922649],
       [0.        , 2.09228992],
       [0.        , 2.09398317],
       [0.        , 2.09725118],
       [0.        , 2.09895802],
       [0.        , 2.10042739],
       [0.        , 2.1020503 ],
       [0.        , 2.10526919],
       [0.        , 2.10971403],
       [0.        , 2.11901355],
       [0.        , 2.13004947],
       [0.        , 2.1366992 ],
       [0.        , 2.14321184],
       [0.        , 2.1495316 ],
       [0.        , 2.15499163],
       [0.        , 2.15632153],
       [0.        , 2.1579268 ],
       [0.        , 2.15957975],
       [0.        , 2.16186142],
       [0.        , 2.1630888 ],
       [0.        , 2.16433668],
       [0.        , 2.16715312],
       [0.        , 2.17437792],
       [0.        , 2.17446303],
       [0.        , 2.17642307],
       [0.        , 2.17905164],
       [0.        , 2.18257213],
       [0.        , 2.18362045],
       [0.        , 2.18568301],
       [0.        , 2.18597937],
       [0.        , 2.19303942],
       [0.        , 2.19861031],
       [0.        , 2.2063272 ],
       [0.        , 2.22295904],
       [0.        , 2.22688079],
       [0.        , 2.23132348],
       [0.        , 2.23466587],
       [0.        ,        inf]]), array([[2.01100516, 2.01155353],
       [1.79648423, 1.82543945],
       [1.7660917 , 1.7806108 ]])]",True
130,2.1734702587127686,0.0148773193359375,1.9094475755324731,113.14,4.862128664650212,10,0.04845893383026123,0.01950371265411377,0.015276813507080078,0.4,1.9540940167015939,"[array([[0.        , 1.21763885],
       [0.        , 1.36758363],
       [0.        , 1.48658133],
       [0.        , 1.49107373],
       [0.        , 1.50050235],
       [0.        , 1.5276984 ],
       [0.        , 1.56075501],
       [0.        , 1.56762123],
       [0.        , 1.56965613],
       [0.        , 1.57512724],
       [0.        , 1.5756526 ],
       [0.        , 1.59732878],
       [0.        , 1.62295961],
       [0.        , 1.63279319],
       [0.        , 1.63462257],
       [0.        , 1.6373446 ],
       [0.        , 1.65699244],
       [0.        , 1.67745805],
       [0.        , 1.67905593],
       [0.        , 1.68343854],
       [0.        , 1.69761336],
       [0.        , 1.70768595],
       [0.        , 1.70797837],
       [0.        , 1.70929575],
       [0.        , 1.7265836 ],
       [0.        , 1.72946203],
       [0.        , 1.72972155],
       [0.        , 1.73924649],
       [0.        , 1.75499403],
       [0.        , 1.7557739 ],
       [0.        , 1.75854194],
       [0.        , 1.76629996],
       [0.        , 1.7736516 ],
       [0.        , 1.78610659],
       [0.        , 1.79107094],
       [0.        , 1.79155624],
       [0.        , 1.80106235],
       [0.        , 1.8034842 ],
       [0.        , 1.80705523],
       [0.        , 1.82382715],
       [0.        , 1.83650219],
       [0.        , 1.84102678],
       [0.        , 1.8433857 ],
       [0.        , 1.84526014],
       [0.        , 1.84579301],
       [0.        , 1.8568604 ],
       [0.        , 1.8627671 ],
       [0.        , 1.86849189],
       [0.        , 1.87571609],
       [0.        , 1.88051164],
       [0.        , 1.88226736],
       [0.        , 1.8964082 ],
       [0.        , 1.89660835],
       [0.        , 1.90838575],
       [0.        , 1.91287637],
       [0.        , 1.91337478],
       [0.        , 1.92112136],
       [0.        , 1.92813778],
       [0.        , 1.94013143],
       [0.        , 1.95270967],
       [0.        , 1.95357704],
       [0.        , 1.95579135],
       [0.        , 1.96008956],
       [0.        , 1.96059465],
       [0.        , 1.96291184],
       [0.        , 1.98181832],
       [0.        , 1.98408091],
       [0.        , 1.98467636],
       [0.        , 1.98791277],
       [0.        , 1.98836827],
       [0.        , 1.99134004],
       [0.        , 1.99286366],
       [0.        , 1.99865103],
       [0.        , 2.00311327],
       [0.        , 2.00602341],
       [0.        , 2.00744295],
       [0.        , 2.01081491],
       [0.        , 2.01097631],
       [0.        , 2.0131247 ],
       [0.        , 2.01955724],
       [0.        , 2.02006102],
       [0.        , 2.0281353 ],
       [0.        , 2.03109813],
       [0.        , 2.03374028],
       [0.        , 2.03921771],
       [0.        , 2.0395937 ],
       [0.        , 2.04112434],
       [0.        , 2.04150629],
       [0.        , 2.04362416],
       [0.        , 2.04507303],
       [0.        , 2.05061364],
       [0.        , 2.05225372],
       [0.        , 2.05274534],
       [0.        , 2.06141925],
       [0.        , 2.06177616],
       [0.        , 2.06433964],
       [0.        , 2.06512642],
       [0.        , 2.06519318],
       [0.        , 2.06743789],
       [0.        , 2.06877065],
       [0.        , 2.0706501 ],
       [0.        , 2.07692909],
       [0.        , 2.07883906],
       [0.        , 2.07941675],
       [0.        , 2.08401728],
       [0.        , 2.08419514],
       [0.        , 2.08517885],
       [0.        , 2.08842206],
       [0.        , 2.09327316],
       [0.        , 2.10170174],
       [0.        , 2.10176921],
       [0.        , 2.1041913 ],
       [0.        , 2.10489058],
       [0.        , 2.10751247],
       [0.        , 2.10853004],
       [0.        , 2.11076856],
       [0.        , 2.11549902],
       [0.        , 2.11841679],
       [0.        , 2.11851597],
       [0.        , 2.12073612],
       [0.        , 2.12187743],
       [0.        , 2.12427545],
       [0.        , 2.12706017],
       [0.        , 2.12727642],
       [0.        , 2.12971759],
       [0.        , 2.13486266],
       [0.        , 2.14516521],
       [0.        , 2.15462351],
       [0.        , 2.15859294],
       [0.        , 2.17347026],
       [0.        ,        inf]]), array([[2.02184224, 2.02462697],
       [2.00470781, 2.01155353],
       [1.99991047, 2.04836941],
       [1.91665983, 1.9192555 ],
       [1.84556353, 1.85533714],
       [1.79648423, 1.82543945],
       [1.78359962, 1.7885952 ],
       [1.7660917 , 1.7806108 ],
       [1.69908237, 1.71222293],
       [1.65235078, 1.67304981]])]",True
48,2.234665870666504,0.003281831741333008,1.9813707719246547,42.1,3.8646227422783115,3,0.02895522117614746,0.014436125755310059,0.014674226442972818,0.16,0.6960262320639133,"[array([[0.        , 1.21763885],
       [0.        , 1.56075501],
       [0.        , 1.64819396],
       [0.        , 1.65699244],
       [0.        , 1.67304981],
       [0.        , 1.69761336],
       [0.        , 1.70768595],
       [0.        , 1.70929575],
       [0.        , 1.72946203],
       [0.        , 1.7557739 ],
       [0.        , 1.78610659],
       [0.        , 1.79107094],
       [0.        , 1.81373537],
       [0.        , 1.81984484],
       [0.        , 1.90504086],
       [0.        , 1.94977689],
       [0.        , 1.96059465],
       [0.        , 1.96147311],
       [0.        , 1.98130596],
       [0.        , 1.98181832],
       [0.        , 1.98501658],
       [0.        , 2.00470781],
       [0.        , 2.02092099],
       [0.        , 2.04791188],
       [0.        , 2.04848933],
       [0.        , 2.06693387],
       [0.        , 2.08086586],
       [0.        , 2.09228992],
       [0.        , 2.10330892],
       [0.        , 2.10462499],
       [0.        , 2.11892271],
       [0.        , 2.12415433],
       [0.        , 2.12727642],
       [0.        , 2.14234829],
       [0.        , 2.15370131],
       [0.        , 2.16436553],
       [0.        , 2.16552472],
       [0.        , 2.1746645 ],
       [0.        , 2.17605448],
       [0.        , 2.17976665],
       [0.        , 2.18129277],
       [0.        , 2.18597937],
       [0.        , 2.21469593],
       [0.        , 2.21886158],
       [0.        , 2.22295904],
       [0.        , 2.22688079],
       [0.        , 2.23138404],
       [0.        , 2.23466587],
       [0.        ,        inf]]), array([[2.01100516, 2.01155353],
       [1.79648423, 1.82543945],
       [1.7660917 , 1.7806108 ]])]",False
85,2.2371702194213867,0.002171039581298828,1.9657388518838321,74.0,4.435919723252858,8,0.07757687568664551,0.04862165451049805,0.02081400156021118,0.38,1.5257312864817605,"[array([[0.        , 1.36758363],
       [0.        , 1.4371264 ],
       [0.        , 1.48658133],
       [0.        , 1.5276984 ],
       [0.        , 1.56075501],
       [0.        , 1.5756526 ],
       [0.        , 1.59647572],
       [0.        , 1.61924696],
       [0.        , 1.62295961],
       [0.        , 1.63462257],
       [0.        , 1.64819396],
       [0.        , 1.65699244],
       [0.        , 1.70768595],
       [0.        , 1.70929575],
       [0.        , 1.7265836 ],
       [0.        , 1.72946203],
       [0.        , 1.72972155],
       [0.        , 1.7557739 ],
       [0.        , 1.77539909],
       [0.        , 1.78610659],
       [0.        , 1.79107094],
       [0.        , 1.80106235],
       [0.        , 1.8034842 ],
       [0.        , 1.81984484],
       [0.        , 1.8433857 ],
       [0.        , 1.84483862],
       [0.        , 1.84526014],
       [0.        , 1.85426533],
       [0.        , 1.86624229],
       [0.        , 1.88051164],
       [0.        , 1.91337478],
       [0.        , 1.92013252],
       [0.        , 1.92639875],
       [0.        , 1.95267034],
       [0.        , 1.96008956],
       [0.        , 1.96059465],
       [0.        , 1.9751544 ],
       [0.        , 1.98181832],
       [0.        , 1.99853539],
       [0.        , 2.00470781],
       [0.        , 2.01230621],
       [0.        , 2.01546216],
       [0.        , 2.03036046],
       [0.        , 2.03969002],
       [0.        , 2.05150676],
       [0.        , 2.05684733],
       [0.        , 2.0650053 ],
       [0.        , 2.06518173],
       [0.        , 2.07357311],
       [0.        , 2.07459521],
       [0.        , 2.08046317],
       [0.        , 2.10144496],
       [0.        , 2.1020503 ],
       [0.        , 2.11429381],
       [0.        , 2.11847854],
       [0.        , 2.11956429],
       [0.        , 2.12101603],
       [0.        , 2.12957788],
       [0.        , 2.13347268],
       [0.        , 2.1362679 ],
       [0.        , 2.14050961],
       [0.        , 2.14314079],
       [0.        , 2.14874005],
       [0.        , 2.16127324],
       [0.        , 2.16206336],
       [0.        , 2.16607618],
       [0.        , 2.17464161],
       [0.        , 2.18053675],
       [0.        , 2.18186307],
       [0.        , 2.18597937],
       [0.        , 2.1873188 ],
       [0.        , 2.192137  ],
       [0.        , 2.19725418],
       [0.        , 2.19962859],
       [0.        , 2.20136881],
       [0.        , 2.20580697],
       [0.        , 2.20693851],
       [0.        , 2.20722914],
       [0.        , 2.21079731],
       [0.        , 2.22688079],
       [0.        , 2.2279582 ],
       [0.        , 2.23430729],
       [0.        , 2.23466587],
       [0.        , 2.23499918],
       [0.        , 2.23717022],
       [0.        ,        inf]]), array([[2.16787982, 2.19542742],
       [2.01203489, 2.08961177],
       [2.01100516, 2.01155353],
       [1.91665983, 1.9192555 ],
       [1.84556353, 1.85533714],
       [1.79648423, 1.82543945],
       [1.78359962, 1.7885952 ],
       [1.7660917 , 1.7806108 ]])]",False
74,2.24157977104187,0.002184629440307617,1.978273910445136,64.72,4.297849716753511,5,0.02895522117614746,0.014679670333862305,0.012268710136413574,0.18,1.2905421294703903,"[array([[0.        , 1.48658133],
       [0.        , 1.50050235],
       [0.        , 1.5276984 ],
       [0.        , 1.56075501],
       [0.        , 1.56965613],
       [0.        , 1.59732878],
       [0.        , 1.61924696],
       [0.        , 1.62295961],
       [0.        , 1.63279319],
       [0.        , 1.65699244],
       [0.        , 1.70768595],
       [0.        , 1.72166169],
       [0.        , 1.7265836 ],
       [0.        , 1.7660917 ],
       [0.        , 1.77539909],
       [0.        , 1.78359962],
       [0.        , 1.78610659],
       [0.        , 1.79107094],
       [0.        , 1.79155624],
       [0.        , 1.8034842 ],
       [0.        , 1.82882655],
       [0.        , 1.84483862],
       [0.        , 1.88051164],
       [0.        , 1.91097915],
       [0.        , 1.91337478],
       [0.        , 1.94013143],
       [0.        , 1.9417032 ],
       [0.        , 1.95267034],
       [0.        , 1.96008956],
       [0.        , 1.96059465],
       [0.        , 1.98038495],
       [0.        , 1.98181832],
       [0.        , 1.99433672],
       [0.        , 1.99475837],
       [0.        , 2.00470781],
       [0.        , 2.01546216],
       [0.        , 2.02165651],
       [0.        , 2.02504492],
       [0.        , 2.0395937 ],
       [0.        , 2.046628  ],
       [0.        , 2.0482471 ],
       [0.        , 2.06212139],
       [0.        , 2.07642269],
       [0.        , 2.10675669],
       [0.        , 2.11109328],
       [0.        , 2.11642814],
       [0.        , 2.1268878 ],
       [0.        , 2.13078094],
       [0.        , 2.13347268],
       [0.        , 2.13906145],
       [0.        , 2.14120102],
       [0.        , 2.15012217],
       [0.        , 2.15722322],
       [0.        , 2.15820789],
       [0.        , 2.16137886],
       [0.        , 2.16238475],
       [0.        , 2.16688085],
       [0.        , 2.17695165],
       [0.        , 2.18241668],
       [0.        , 2.18479896],
       [0.        , 2.18597937],
       [0.        , 2.18668437],
       [0.        , 2.19316936],
       [0.        , 2.20878911],
       [0.        , 2.20962119],
       [0.        , 2.21220326],
       [0.        , 2.21705937],
       [0.        , 2.21729445],
       [0.        , 2.22295904],
       [0.        , 2.22688079],
       [0.        , 2.23466587],
       [0.        , 2.2372849 ],
       [0.        , 2.23939514],
       [0.        , 2.24157977],
       [0.        ,        inf]]), array([[2.11777306, 2.12556386],
       [2.01100516, 2.01155353],
       [1.84556353, 1.85533714],
       [1.79648423, 1.82543945],
       [1.76633525, 1.7806108 ]])]",False
81,2.2372848987579346,0.002619028091430664,1.9682313130225664,70.62,4.386697178848525,7,0.02895522117614746,0.008197546005249023,0.0132958037512643,0.22,1.6091325122177622,"[array([[0.        , 1.21763885],
       [0.        , 1.36758363],
       [0.        , 1.48658133],
       [0.        , 1.49107373],
       [0.        , 1.5276984 ],
       [0.        , 1.56075501],
       [0.        , 1.5756526 ],
       [0.        , 1.62295961],
       [0.        , 1.63462257],
       [0.        , 1.64941728],
       [0.        , 1.65699244],
       [0.        , 1.67905593],
       [0.        , 1.69761336],
       [0.        , 1.70768595],
       [0.        , 1.70929575],
       [0.        , 1.7265836 ],
       [0.        , 1.72946203],
       [0.        , 1.7557739 ],
       [0.        , 1.78610659],
       [0.        , 1.79107094],
       [0.        , 1.8010534 ],
       [0.        , 1.8060379 ],
       [0.        , 1.81817877],
       [0.        , 1.81984484],
       [0.        , 1.8433857 ],
       [0.        , 1.84556353],
       [0.        , 1.84579301],
       [0.        , 1.88051164],
       [0.        , 1.91337478],
       [0.        , 1.94013143],
       [0.        , 1.95267034],
       [0.        , 1.96008956],
       [0.        , 1.96059465],
       [0.        , 1.96299124],
       [0.        , 1.9763602 ],
       [0.        , 1.98181832],
       [0.        , 2.00470781],
       [0.        , 2.01546216],
       [0.        , 2.03388834],
       [0.        , 2.03813744],
       [0.        , 2.0482471 ],
       [0.        , 2.06539202],
       [0.        , 2.07266116],
       [0.        , 2.08180428],
       [0.        , 2.10526919],
       [0.        , 2.10558653],
       [0.        , 2.10637903],
       [0.        , 2.11818337],
       [0.        , 2.11912012],
       [0.        , 2.1264751 ],
       [0.        , 2.12727642],
       [0.        , 2.13078094],
       [0.        , 2.13607287],
       [0.        , 2.13702488],
       [0.        , 2.13901687],
       [0.        , 2.15514255],
       [0.        , 2.15934992],
       [0.        , 2.16137886],
       [0.        , 2.16219473],
       [0.        , 2.16233611],
       [0.        , 2.16773796],
       [0.        , 2.17066979],
       [0.        , 2.17419267],
       [0.        , 2.18171811],
       [0.        , 2.18666887],
       [0.        , 2.19022584],
       [0.        , 2.19776535],
       [0.        , 2.20041704],
       [0.        , 2.20097113],
       [0.        , 2.202209  ],
       [0.        , 2.20243835],
       [0.        , 2.20295262],
       [0.        , 2.20312476],
       [0.        , 2.20541906],
       [0.        , 2.20580697],
       [0.        , 2.20878911],
       [0.        , 2.21272111],
       [0.        , 2.21440625],
       [0.        , 2.23264098],
       [0.        , 2.23466587],
       [0.        , 2.2372849 ],
       [0.        ,        inf]]), array([[2.09991527, 2.12067294],
       [2.01100516, 2.01155353],
       [1.91665983, 1.9192555 ],
       [1.79648423, 1.82543945],
       [1.78359962, 1.7885952 ],
       [1.7660917 , 1.7806108 ],
       [1.65235078, 1.67304981]])]",True
177,2.2381412982940674,0.0034754276275634766,2.033463253139776,159.34,5.172271171076492,5,0.07091236114501953,0.04195713996887207,0.025142741203308106,0.38,1.1447670816498634,"[array([[0.        , 1.21763885],
       [0.        , 1.50050235],
       [0.        , 1.56075501],
       [0.        , 1.5756526 ],
       [0.        , 1.6373446 ],
       [0.        , 1.64819396],
       [0.        , 1.65699244],
       [0.        , 1.67304981],
       [0.        , 1.67745805],
       [0.        , 1.67905593],
       [0.        , 1.69761336],
       [0.        , 1.70768595],
       [0.        , 1.70929575],
       [0.        , 1.7265836 ],
       [0.        , 1.72946203],
       [0.        , 1.72972155],
       [0.        , 1.75499403],
       [0.        , 1.7557739 ],
       [0.        , 1.77019811],
       [0.        , 1.77414489],
       [0.        , 1.78610659],
       [0.        , 1.79107094],
       [0.        , 1.79155624],
       [0.        , 1.8010534 ],
       [0.        , 1.8029269 ],
       [0.        , 1.81373537],
       [0.        , 1.82882655],
       [0.        , 1.8422159 ],
       [0.        , 1.8433857 ],
       [0.        , 1.84579301],
       [0.        , 1.87049556],
       [0.        , 1.87631428],
       [0.        , 1.87676966],
       [0.        , 1.88051164],
       [0.        , 1.88398516],
       [0.        , 1.92659819],
       [0.        , 1.93765187],
       [0.        , 1.93976963],
       [0.        , 1.94013143],
       [0.        , 1.94486237],
       [0.        , 1.94889605],
       [0.        , 1.95553291],
       [0.        , 1.95604289],
       [0.        , 1.95873845],
       [0.        , 1.96008956],
       [0.        , 1.96059465],
       [0.        , 1.97574365],
       [0.        , 1.98181832],
       [0.        , 1.99195361],
       [0.        , 1.99645805],
       [0.        , 1.99712288],
       [0.        , 2.00099325],
       [0.        , 2.00460958],
       [0.        , 2.00470781],
       [0.        , 2.0079143 ],
       [0.        , 2.01046205],
       [0.        , 2.0142951 ],
       [0.        , 2.01552868],
       [0.        , 2.02092099],
       [0.        , 2.02317476],
       [0.        , 2.02440143],
       [0.        , 2.02474332],
       [0.        , 2.02751303],
       [0.        , 2.03542757],
       [0.        , 2.03667521],
       [0.        , 2.04326797],
       [0.        , 2.04795194],
       [0.        , 2.05087781],
       [0.        , 2.05130482],
       [0.        , 2.05150676],
       [0.        , 2.05160666],
       [0.        , 2.05316401],
       [0.        , 2.05316973],
       [0.        , 2.05462241],
       [0.        , 2.05546045],
       [0.        , 2.06017375],
       [0.        , 2.06180239],
       [0.        , 2.0622108 ],
       [0.        , 2.06392837],
       [0.        , 2.06451464],
       [0.        , 2.06693387],
       [0.        , 2.06722999],
       [0.        , 2.07092977],
       [0.        , 2.07166862],
       [0.        , 2.07330561],
       [0.        , 2.07408428],
       [0.        , 2.07417774],
       [0.        , 2.07834554],
       [0.        , 2.0789113 ],
       [0.        , 2.08470941],
       [0.        , 2.08557439],
       [0.        , 2.08700299],
       [0.        , 2.0913229 ],
       [0.        , 2.0921917 ],
       [0.        , 2.09228992],
       [0.        , 2.09262013],
       [0.        , 2.09307671],
       [0.        , 2.09348655],
       [0.        , 2.09697104],
       [0.        , 2.09822941],
       [0.        , 2.09948468],
       [0.        , 2.10017586],
       [0.        , 2.10366654],
       [0.        , 2.1064949 ],
       [0.        , 2.10675669],
       [0.        , 2.10751581],
       [0.        , 2.10874772],
       [0.        , 2.11578846],
       [0.        , 2.11628366],
       [0.        , 2.11681676],
       [0.        , 2.11730123],
       [0.        , 2.12013197],
       [0.        , 2.12494302],
       [0.        , 2.12939334],
       [0.        , 2.13054109],
       [0.        , 2.13209295],
       [0.        , 2.13220453],
       [0.        , 2.1390698 ],
       [0.        , 2.14418268],
       [0.        , 2.14492989],
       [0.        , 2.14723301],
       [0.        , 2.15000725],
       [0.        , 2.15099502],
       [0.        , 2.15263677],
       [0.        , 2.15387583],
       [0.        , 2.15457726],
       [0.        , 2.15689397],
       [0.        , 2.15920997],
       [0.        , 2.16162705],
       [0.        , 2.16251564],
       [0.        , 2.16465259],
       [0.        , 2.16632867],
       [0.        , 2.16766   ],
       [0.        , 2.16782904],
       [0.        , 2.16818404],
       [0.        , 2.16840696],
       [0.        , 2.16862965],
       [0.        , 2.16923356],
       [0.        , 2.17196155],
       [0.        , 2.17249274],
       [0.        , 2.1728127 ],
       [0.        , 2.17411685],
       [0.        , 2.17646122],
       [0.        , 2.18018913],
       [0.        , 2.18186307],
       [0.        , 2.1820538 ],
       [0.        , 2.18241668],
       [0.        , 2.18580914],
       [0.        , 2.18597937],
       [0.        , 2.18611789],
       [0.        , 2.18656754],
       [0.        , 2.1905427 ],
       [0.        , 2.19258404],
       [0.        , 2.19303942],
       [0.        , 2.19316936],
       [0.        , 2.19685197],
       [0.        , 2.19795966],
       [0.        , 2.19833231],
       [0.        , 2.19856477],
       [0.        , 2.19904375],
       [0.        , 2.20312476],
       [0.        , 2.20348501],
       [0.        , 2.20580697],
       [0.        , 2.20742154],
       [0.        , 2.20759177],
       [0.        , 2.20908308],
       [0.        , 2.2131846 ],
       [0.        , 2.21769738],
       [0.        , 2.21898317],
       [0.        , 2.22259736],
       [0.        , 2.22274661],
       [0.        , 2.22295904],
       [0.        , 2.22618675],
       [0.        , 2.22688079],
       [0.        , 2.22763276],
       [0.        , 2.23466587],
       [0.        , 2.2381413 ],
       [0.        ,        inf]]), array([[2.03370261, 2.04448128],
       [2.01479149, 2.08570385],
       [2.01100516, 2.01155353],
       [1.79648423, 1.82543945],
       [1.7660917 , 1.7806108 ]])]",True
111,2.234665870666504,0.00778508186340332,1.992958190204861,98.12,4.703333114909766,7,0.02895522117614746,0.014436125755310059,0.009167466844831194,0.24,1.4872666733183464,"[array([[0.        , 1.21763885],
       [0.        , 1.4371264 ],
       [0.        , 1.50050235],
       [0.        , 1.5276984 ],
       [0.        , 1.56075501],
       [0.        , 1.56762123],
       [0.        , 1.5756526 ],
       [0.        , 1.59647572],
       [0.        , 1.59732878],
       [0.        , 1.63222909],
       [0.        , 1.64819396],
       [0.        , 1.65235078],
       [0.        , 1.65699244],
       [0.        , 1.69761336],
       [0.        , 1.70768595],
       [0.        , 1.70929575],
       [0.        , 1.7265836 ],
       [0.        , 1.72946203],
       [0.        , 1.75499403],
       [0.        , 1.7557739 ],
       [0.        , 1.77539909],
       [0.        , 1.78610659],
       [0.        , 1.79107094],
       [0.        , 1.79155624],
       [0.        , 1.80106235],
       [0.        , 1.8034842 ],
       [0.        , 1.81373537],
       [0.        , 1.84526014],
       [0.        , 1.84671748],
       [0.        , 1.86624229],
       [0.        , 1.91337478],
       [0.        , 1.92013252],
       [0.        , 1.94101059],
       [0.        , 1.94352698],
       [0.        , 1.95267034],
       [0.        , 1.95579851],
       [0.        , 1.96008956],
       [0.        , 1.96059465],
       [0.        , 1.96572685],
       [0.        , 1.98181832],
       [0.        , 1.99434733],
       [0.        , 1.99931061],
       [0.        , 2.00470781],
       [0.        , 2.01546216],
       [0.        , 2.02083921],
       [0.        , 2.02092099],
       [0.        , 2.03036046],
       [0.        , 2.0395937 ],
       [0.        , 2.03969002],
       [0.        , 2.05130482],
       [0.        , 2.05793333],
       [0.        , 2.0650053 ],
       [0.        , 2.06518173],
       [0.        , 2.06540775],
       [0.        , 2.07169318],
       [0.        , 2.07194972],
       [0.        , 2.07838488],
       [0.        , 2.07853556],
       [0.        , 2.08553839],
       [0.        , 2.08654261],
       [0.        , 2.10052919],
       [0.        , 2.10526919],
       [0.        , 2.1122725 ],
       [0.        , 2.11288309],
       [0.        , 2.11578846],
       [0.        , 2.11681676],
       [0.        , 2.11956429],
       [0.        , 2.12013197],
       [0.        , 2.12966013],
       [0.        , 2.13086557],
       [0.        , 2.13161111],
       [0.        , 2.13347268],
       [0.        , 2.13901687],
       [0.        , 2.14191079],
       [0.        , 2.14422202],
       [0.        , 2.1460042 ],
       [0.        , 2.14874005],
       [0.        , 2.1495316 ],
       [0.        , 2.15020084],
       [0.        , 2.15361881],
       [0.        , 2.15934992],
       [0.        , 2.15985823],
       [0.        , 2.16044307],
       [0.        , 2.16127324],
       [0.        , 2.1624589 ],
       [0.        , 2.16353106],
       [0.        , 2.16359258],
       [0.        , 2.16552472],
       [0.        , 2.16687608],
       [0.        , 2.16917896],
       [0.        , 2.17385387],
       [0.        , 2.18007112],
       [0.        , 2.18018913],
       [0.        , 2.18053675],
       [0.        , 2.18241668],
       [0.        , 2.18597937],
       [0.        , 2.18866825],
       [0.        , 2.18928003],
       [0.        , 2.18998146],
       [0.        , 2.19316936],
       [0.        , 2.19364977],
       [0.        , 2.19833231],
       [0.        , 2.19981503],
       [0.        , 2.20086861],
       [0.        , 2.20688152],
       [0.        , 2.21220326],
       [0.        , 2.21469593],
       [0.        , 2.21921492],
       [0.        , 2.22274661],
       [0.        , 2.22688079],
       [0.        , 2.23466587],
       [0.        ,        inf]]), array([[2.02184224, 2.02462697],
       [2.01100516, 2.01155353],
       [1.91665983, 1.9192555 ],
       [1.84556353, 1.85533714],
       [1.79648423, 1.82543945],
       [1.78359962, 1.7885952 ],
       [1.7660917 , 1.7806108 ]])]",True
197,2.2429020404815674,0.0013222694396972656,2.0542072045621533,178.84,5.278926163695189,5,0.07757687568664551,0.04862165451049805,0.0283128023147583,0.42,1.1855342813000675,"[array([[0.        , 1.21763885],
       [0.        , 1.36758363],
       [0.        , 1.48658133],
       [0.        , 1.49107373],
       [0.        , 1.50050235],
       [0.        , 1.56075501],
       [0.        , 1.5756526 ],
       [0.        , 1.62295961],
       [0.        , 1.63462257],
       [0.        , 1.64819396],
       [0.        , 1.65699244],
       [0.        , 1.67905593],
       [0.        , 1.69761336],
       [0.        , 1.70768595],
       [0.        , 1.70929575],
       [0.        , 1.7265836 ],
       [0.        , 1.72946203],
       [0.        , 1.72972155],
       [0.        , 1.75499403],
       [0.        , 1.7557739 ],
       [0.        , 1.77019811],
       [0.        , 1.77414489],
       [0.        , 1.78610659],
       [0.        , 1.79107094],
       [0.        , 1.79155624],
       [0.        , 1.8010534 ],
       [0.        , 1.8029269 ],
       [0.        , 1.82882655],
       [0.        , 1.8433857 ],
       [0.        , 1.84579301],
       [0.        , 1.87631428],
       [0.        , 1.87676966],
       [0.        , 1.94469023],
       [0.        , 1.94510925],
       [0.        , 1.95873845],
       [0.        , 1.96059465],
       [0.        , 1.97574365],
       [0.        , 1.98181832],
       [0.        , 1.98683667],
       [0.        , 1.99195361],
       [0.        , 1.99645805],
       [0.        , 2.0026114 ],
       [0.        , 2.00460958],
       [0.        , 2.00470781],
       [0.        , 2.00729322],
       [0.        , 2.01024032],
       [0.        , 2.01046205],
       [0.        , 2.01361704],
       [0.        , 2.0142951 ],
       [0.        , 2.01518345],
       [0.        , 2.01552868],
       [0.        , 2.02317476],
       [0.        , 2.02662611],
       [0.        , 2.02751303],
       [0.        , 2.03508449],
       [0.        , 2.03542757],
       [0.        , 2.03667521],
       [0.        , 2.0395937 ],
       [0.        , 2.04142165],
       [0.        , 2.04326797],
       [0.        , 2.04795194],
       [0.        , 2.05087781],
       [0.        , 2.05150676],
       [0.        , 2.05316973],
       [0.        , 2.05400038],
       [0.        , 2.06024313],
       [0.        , 2.06180239],
       [0.        , 2.0622108 ],
       [0.        , 2.06317329],
       [0.        , 2.06392837],
       [0.        , 2.06451464],
       [0.        , 2.0646708 ],
       [0.        , 2.06722999],
       [0.        , 2.06940532],
       [0.        , 2.07166862],
       [0.        , 2.0756588 ],
       [0.        , 2.0789113 ],
       [0.        , 2.08557439],
       [0.        , 2.08664417],
       [0.        , 2.08700299],
       [0.        , 2.08868122],
       [0.        , 2.08895373],
       [0.        , 2.0913229 ],
       [0.        , 2.0921917 ],
       [0.        , 2.09228992],
       [0.        , 2.09290934],
       [0.        , 2.09348655],
       [0.        , 2.09582663],
       [0.        , 2.09697104],
       [0.        , 2.09713435],
       [0.        , 2.09822941],
       [0.        , 2.09948468],
       [0.        , 2.10366654],
       [0.        , 2.10675669],
       [0.        , 2.10751581],
       [0.        , 2.10874772],
       [0.        , 2.10881996],
       [0.        , 2.11039424],
       [0.        , 2.11117697],
       [0.        , 2.11381197],
       [0.        , 2.11604142],
       [0.        , 2.11628366],
       [0.        , 2.11730123],
       [0.        , 2.11741185],
       [0.        , 2.12451553],
       [0.        , 2.12490082],
       [0.        , 2.12494302],
       [0.        , 2.13054109],
       [0.        , 2.13172412],
       [0.        , 2.13220453],
       [0.        , 2.13598084],
       [0.        , 2.1390698 ],
       [0.        , 2.14160085],
       [0.        , 2.14314079],
       [0.        , 2.14333415],
       [0.        , 2.14418268],
       [0.        , 2.14645815],
       [0.        , 2.14680791],
       [0.        , 2.14723301],
       [0.        , 2.14743471],
       [0.        , 2.14832163],
       [0.        , 2.14998245],
       [0.        , 2.15000725],
       [0.        , 2.15099502],
       [0.        , 2.15263677],
       [0.        , 2.1534338 ],
       [0.        , 2.15387583],
       [0.        , 2.15443277],
       [0.        , 2.15457726],
       [0.        , 2.15530205],
       [0.        , 2.15689397],
       [0.        , 2.15777159],
       [0.        , 2.16130137],
       [0.        , 2.16191506],
       [0.        , 2.16251564],
       [0.        , 2.16256356],
       [0.        , 2.16373086],
       [0.        , 2.16766   ],
       [0.        , 2.16782904],
       [0.        , 2.16818404],
       [0.        , 2.16840696],
       [0.        , 2.16862965],
       [0.        , 2.16923356],
       [0.        , 2.17187238],
       [0.        , 2.17196155],
       [0.        , 2.17249274],
       [0.        , 2.1728127 ],
       [0.        , 2.17411685],
       [0.        , 2.17625737],
       [0.        , 2.17646122],
       [0.        , 2.17677999],
       [0.        , 2.17702127],
       [0.        , 2.17812157],
       [0.        , 2.18045855],
       [0.        , 2.18186307],
       [0.        , 2.1837945 ],
       [0.        , 2.18402314],
       [0.        , 2.18597937],
       [0.        , 2.18652058],
       [0.        , 2.18656754],
       [0.        , 2.1905427 ],
       [0.        , 2.19064283],
       [0.        , 2.19258404],
       [0.        , 2.19303942],
       [0.        , 2.19316936],
       [0.        , 2.19320178],
       [0.        , 2.19685197],
       [0.        , 2.19725323],
       [0.        , 2.19795966],
       [0.        , 2.19829512],
       [0.        , 2.19856477],
       [0.        , 2.19900918],
       [0.        , 2.19904375],
       [0.        , 2.20105386],
       [0.        , 2.20312476],
       [0.        , 2.20348501],
       [0.        , 2.20580697],
       [0.        , 2.20742154],
       [0.        , 2.20908308],
       [0.        , 2.20962119],
       [0.        , 2.2131846 ],
       [0.        , 2.21354055],
       [0.        , 2.21393681],
       [0.        , 2.21440625],
       [0.        , 2.21497726],
       [0.        , 2.21769738],
       [0.        , 2.21883011],
       [0.        , 2.21898317],
       [0.        , 2.22113872],
       [0.        , 2.22618675],
       [0.        , 2.22688079],
       [0.        , 2.22763276],
       [0.        , 2.23466587],
       [0.        , 2.2372849 ],
       [0.        , 2.2381413 ],
       [0.        , 2.24157977],
       [0.        , 2.24290204],
       [0.        ,        inf]]), array([[2.06964731, 2.08961177],
       [2.01203489, 2.08961177],
       [2.01100516, 2.01155353],
       [1.79648423, 1.82543945],
       [1.7660917 , 1.7806108 ]])]",True
106,2.245328903198242,0.010663032531738281,2.0383847479550345,95.32,4.6590742544714185,4,0.02895522117614746,0.01317286491394043,0.014951258897781372,0.16,1.0894406417480462,"[array([[0.        , 1.21763885],
       [0.        , 1.56075501],
       [0.        , 1.5756526 ],
       [0.        , 1.65699244],
       [0.        , 1.67304981],
       [0.        , 1.67905593],
       [0.        , 1.69042754],
       [0.        , 1.69761336],
       [0.        , 1.70768595],
       [0.        , 1.70929575],
       [0.        , 1.7265836 ],
       [0.        , 1.72946203],
       [0.        , 1.72972155],
       [0.        , 1.7557739 ],
       [0.        , 1.77539909],
       [0.        , 1.78610659],
       [0.        , 1.81373537],
       [0.        , 1.81984484],
       [0.        , 1.90838575],
       [0.        , 1.91337478],
       [0.        , 1.93509984],
       [0.        , 1.94013143],
       [0.        , 1.94535494],
       [0.        , 1.95058262],
       [0.        , 1.96059465],
       [0.        , 1.96299124],
       [0.        , 1.98181832],
       [0.        , 2.00100923],
       [0.        , 2.00470781],
       [0.        , 2.01362753],
       [0.        , 2.02092099],
       [0.        , 2.02165651],
       [0.        , 2.02227783],
       [0.        , 2.0258038 ],
       [0.        , 2.03058481],
       [0.        , 2.03637695],
       [0.        , 2.03975034],
       [0.        , 2.0436542 ],
       [0.        , 2.0482471 ],
       [0.        , 2.05955958],
       [0.        , 2.07194972],
       [0.        , 2.07602096],
       [0.        , 2.08411264],
       [0.        , 2.0871551 ],
       [0.        , 2.08809376],
       [0.        , 2.08852363],
       [0.        , 2.09157562],
       [0.        , 2.09386086],
       [0.        , 2.09582663],
       [0.        , 2.09766865],
       [0.        , 2.09895802],
       [0.        , 2.09912777],
       [0.        , 2.09954023],
       [0.        , 2.10052919],
       [0.        , 2.1020503 ],
       [0.        , 2.10252976],
       [0.        , 2.10633206],
       [0.        , 2.10839272],
       [0.        , 2.11183429],
       [0.        , 2.11681676],
       [0.        , 2.11790848],
       [0.        , 2.11940765],
       [0.        , 2.12096119],
       [0.        , 2.12131596],
       [0.        , 2.12515354],
       [0.        , 2.12543035],
       [0.        , 2.13161111],
       [0.        , 2.13209295],
       [0.        , 2.13378739],
       [0.        , 2.13524771],
       [0.        , 2.14306831],
       [0.        , 2.14492416],
       [0.        , 2.1495316 ],
       [0.        , 2.14954662],
       [0.        , 2.15484715],
       [0.        , 2.15800667],
       [0.        , 2.15952706],
       [0.        , 2.16238475],
       [0.        , 2.16360092],
       [0.        , 2.16442323],
       [0.        , 2.16521573],
       [0.        , 2.16815257],
       [0.        , 2.17691064],
       [0.        , 2.17702127],
       [0.        , 2.17709446],
       [0.        , 2.18007112],
       [0.        , 2.18116689],
       [0.        , 2.18192935],
       [0.        , 2.18597937],
       [0.        , 2.18928003],
       [0.        , 2.19092488],
       [0.        , 2.19331551],
       [0.        , 2.19580245],
       [0.        , 2.19829512],
       [0.        , 2.19861031],
       [0.        , 2.20143437],
       [0.        , 2.20382833],
       [0.        , 2.20778084],
       [0.        , 2.20800519],
       [0.        , 2.21627474],
       [0.        , 2.21921492],
       [0.        , 2.21982503],
       [0.        , 2.22079468],
       [0.        , 2.22688079],
       [0.        , 2.23466587],
       [0.        , 2.2453289 ],
       [0.        ,        inf]]), array([[2.11449552, 2.13027787],
       [2.01100516, 2.01155353],
       [1.79648423, 1.82543945],
       [1.7660917 , 1.7806108 ]])]",False
184,2.2485976219177246,0.0007674694061279297,2.04993646170782,166.18,5.211550340507566,4,0.02895522117614746,0.01045083999633789,0.015631765127182007,0.2,1.0974294883938673,"[array([[0.        , 1.48658133],
       [0.        , 1.50050235],
       [0.        , 1.56075501],
       [0.        , 1.5756526 ],
       [0.        , 1.61924696],
       [0.        , 1.62295961],
       [0.        , 1.65699244],
       [0.        , 1.67745805],
       [0.        , 1.67905593],
       [0.        , 1.69042754],
       [0.        , 1.70768595],
       [0.        , 1.70929575],
       [0.        , 1.7265836 ],
       [0.        , 1.72946203],
       [0.        , 1.72972155],
       [0.        , 1.75499403],
       [0.        , 1.7557739 ],
       [0.        , 1.77019811],
       [0.        , 1.77414489],
       [0.        , 1.78610659],
       [0.        , 1.79155624],
       [0.        , 1.8010534 ],
       [0.        , 1.8029269 ],
       [0.        , 1.81165028],
       [0.        , 1.82882655],
       [0.        , 1.8433857 ],
       [0.        , 1.84483862],
       [0.        , 1.84579301],
       [0.        , 1.87457061],
       [0.        , 1.87631428],
       [0.        , 1.87676966],
       [0.        , 1.91337478],
       [0.        , 1.92794871],
       [0.        , 1.94789433],
       [0.        , 1.95873845],
       [0.        , 1.96059465],
       [0.        , 1.96299124],
       [0.        , 1.96867371],
       [0.        , 1.98181832],
       [0.        , 1.99008143],
       [0.        , 1.99195361],
       [0.        , 1.99645805],
       [0.        , 1.99833608],
       [0.        , 1.9993248 ],
       [0.        , 2.00182891],
       [0.        , 2.00460958],
       [0.        , 2.00470781],
       [0.        , 2.00740266],
       [0.        , 2.01024032],
       [0.        , 2.01046205],
       [0.        , 2.0142951 ],
       [0.        , 2.02092099],
       [0.        , 2.02165651],
       [0.        , 2.02227783],
       [0.        , 2.02317476],
       [0.        , 2.0265727 ],
       [0.        , 2.0266037 ],
       [0.        , 2.02751303],
       [0.        , 2.0275476 ],
       [0.        , 2.03315282],
       [0.        , 2.03542757],
       [0.        , 2.0377214 ],
       [0.        , 2.0395937 ],
       [0.        , 2.04326797],
       [0.        , 2.04795194],
       [0.        , 2.04880381],
       [0.        , 2.05150676],
       [0.        , 2.05316973],
       [0.        , 2.05565572],
       [0.        , 2.05699229],
       [0.        , 2.0572319 ],
       [0.        , 2.06151748],
       [0.        , 2.06212139],
       [0.        , 2.0622108 ],
       [0.        , 2.06273961],
       [0.        , 2.06392837],
       [0.        , 2.06547904],
       [0.        , 2.06722999],
       [0.        , 2.07166862],
       [0.        , 2.07194972],
       [0.        , 2.0756588 ],
       [0.        , 2.0789113 ],
       [0.        , 2.08557439],
       [0.        , 2.08700299],
       [0.        , 2.08752799],
       [0.        , 2.08792472],
       [0.        , 2.08809376],
       [0.        , 2.0913229 ],
       [0.        , 2.0921917 ],
       [0.        , 2.09225893],
       [0.        , 2.09228992],
       [0.        , 2.09697104],
       [0.        , 2.09766865],
       [0.        , 2.09822941],
       [0.        , 2.09874105],
       [0.        , 2.09895802],
       [0.        , 2.09948468],
       [0.        , 2.10197496],
       [0.        , 2.1020503 ],
       [0.        , 2.10366654],
       [0.        , 2.10675669],
       [0.        , 2.10751581],
       [0.        , 2.10806036],
       [0.        , 2.10852623],
       [0.        , 2.10874772],
       [0.        , 2.11730123],
       [0.        , 2.11826229],
       [0.        , 2.11943054],
       [0.        , 2.12494302],
       [0.        , 2.13054109],
       [0.        , 2.130687  ],
       [0.        , 2.13220453],
       [0.        , 2.13284302],
       [0.        , 2.13458204],
       [0.        , 2.1390698 ],
       [0.        , 2.13978243],
       [0.        , 2.14060926],
       [0.        , 2.14362812],
       [0.        , 2.14418268],
       [0.        , 2.14511824],
       [0.        , 2.14723301],
       [0.        , 2.15000725],
       [0.        , 2.15099502],
       [0.        , 2.15240145],
       [0.        , 2.15263677],
       [0.        , 2.15387583],
       [0.        , 2.15573001],
       [0.        , 2.15689397],
       [0.        , 2.15800667],
       [0.        , 2.16238475],
       [0.        , 2.16251564],
       [0.        , 2.16252661],
       [0.        , 2.16279006],
       [0.        , 2.1634779 ],
       [0.        , 2.16360092],
       [0.        , 2.16442323],
       [0.        , 2.16766   ],
       [0.        , 2.16782904],
       [0.        , 2.16818404],
       [0.        , 2.16840696],
       [0.        , 2.16862965],
       [0.        , 2.16923356],
       [0.        , 2.17047191],
       [0.        , 2.17196155],
       [0.        , 2.17249274],
       [0.        , 2.1728127 ],
       [0.        , 2.17641354],
       [0.        , 2.17646122],
       [0.        , 2.17695165],
       [0.        , 2.18186307],
       [0.        , 2.18597937],
       [0.        , 2.18656754],
       [0.        , 2.1905427 ],
       [0.        , 2.19064236],
       [0.        , 2.1910255 ],
       [0.        , 2.19258404],
       [0.        , 2.19303942],
       [0.        , 2.19505739],
       [0.        , 2.19580245],
       [0.        , 2.19685197],
       [0.        , 2.19856477],
       [0.        , 2.19904375],
       [0.        , 2.20189357],
       [0.        , 2.20312476],
       [0.        , 2.20449376],
       [0.        , 2.20580697],
       [0.        , 2.20742154],
       [0.        , 2.20908308],
       [0.        , 2.20962119],
       [0.        , 2.21079731],
       [0.        , 2.2131846 ],
       [0.        , 2.21594048],
       [0.        , 2.21705937],
       [0.        , 2.21769738],
       [0.        , 2.21898317],
       [0.        , 2.21921492],
       [0.        , 2.22618675],
       [0.        , 2.22688079],
       [0.        , 2.22763276],
       [0.        , 2.23466587],
       [0.        , 2.2381413 ],
       [0.        , 2.24157977],
       [0.        , 2.24783015],
       [0.        , 2.24859762],
       [0.        ,        inf]]), array([[2.06443596, 2.08294034],
       [2.01100516, 2.01155353],
       [1.79648423, 1.82543945],
       [1.7660917 , 1.7806108 ]])]",True
169,2.2381412982940674,0.0034754276275634766,2.029194690772062,151.84,5.125880910832583,5,0.07757687568664551,0.04862165451049805,0.0283128023147583,0.42,1.1855342813000675,"[array([[0.        , 1.21763885],
       [0.        , 1.50050235],
       [0.        , 1.56075501],
       [0.        , 1.5756526 ],
       [0.        , 1.63462257],
       [0.        , 1.64819396],
       [0.        , 1.65699244],
       [0.        , 1.67304981],
       [0.        , 1.67905593],
       [0.        , 1.69042754],
       [0.        , 1.69761336],
       [0.        , 1.70768595],
       [0.        , 1.70929575],
       [0.        , 1.71348464],
       [0.        , 1.7265836 ],
       [0.        , 1.72946203],
       [0.        , 1.72972155],
       [0.        , 1.75499403],
       [0.        , 1.7557739 ],
       [0.        , 1.77019811],
       [0.        , 1.77414489],
       [0.        , 1.78610659],
       [0.        , 1.79155624],
       [0.        , 1.8010534 ],
       [0.        , 1.8029269 ],
       [0.        , 1.81373537],
       [0.        , 1.81828833],
       [0.        , 1.82882655],
       [0.        , 1.8433857 ],
       [0.        , 1.84579301],
       [0.        , 1.8465364 ],
       [0.        , 1.85697579],
       [0.        , 1.86982596],
       [0.        , 1.87631428],
       [0.        , 1.88051164],
       [0.        , 1.91484058],
       [0.        , 1.92313075],
       [0.        , 1.95873845],
       [0.        , 1.96059465],
       [0.        , 1.96299124],
       [0.        , 1.96575296],
       [0.        , 1.97433877],
       [0.        , 1.98181832],
       [0.        , 1.98338747],
       [0.        , 1.98348165],
       [0.        , 1.98482132],
       [0.        , 1.99195361],
       [0.        , 1.99267936],
       [0.        , 1.99645805],
       [0.        , 1.99856722],
       [0.        , 2.0026114 ],
       [0.        , 2.00327134],
       [0.        , 2.00460958],
       [0.        , 2.00470781],
       [0.        , 2.00869513],
       [0.        , 2.01024032],
       [0.        , 2.01089811],
       [0.        , 2.01106501],
       [0.        , 2.01320791],
       [0.        , 2.01546383],
       [0.        , 2.01552868],
       [0.        , 2.01598787],
       [0.        , 2.02751303],
       [0.        , 2.03241014],
       [0.        , 2.03542757],
       [0.        , 2.03874779],
       [0.        , 2.0403173 ],
       [0.        , 2.04326797],
       [0.        , 2.045928  ],
       [0.        , 2.04621291],
       [0.        , 2.04858279],
       [0.        , 2.05150676],
       [0.        , 2.05327082],
       [0.        , 2.05397868],
       [0.        , 2.06216621],
       [0.        , 2.0622108 ],
       [0.        , 2.06693387],
       [0.        , 2.06722999],
       [0.        , 2.07152772],
       [0.        , 2.07166862],
       [0.        , 2.0789113 ],
       [0.        , 2.07905054],
       [0.        , 2.08365822],
       [0.        , 2.08557439],
       [0.        , 2.08634329],
       [0.        , 2.0913229 ],
       [0.        , 2.0921917 ],
       [0.        , 2.09228992],
       [0.        , 2.09348655],
       [0.        , 2.09697104],
       [0.        , 2.09713435],
       [0.        , 2.09822941],
       [0.        , 2.09948468],
       [0.        , 2.1020503 ],
       [0.        , 2.10366654],
       [0.        , 2.10526919],
       [0.        , 2.10751581],
       [0.        , 2.10874772],
       [0.        , 2.11133051],
       [0.        , 2.11206102],
       [0.        , 2.11590862],
       [0.        , 2.11626363],
       [0.        , 2.11681676],
       [0.        , 2.11730123],
       [0.        , 2.11756635],
       [0.        , 2.11790848],
       [0.        , 2.12230802],
       [0.        , 2.12494302],
       [0.        , 2.12508869],
       [0.        , 2.12727642],
       [0.        , 2.12933064],
       [0.        , 2.13054109],
       [0.        , 2.13220453],
       [0.        , 2.1390698 ],
       [0.        , 2.13922262],
       [0.        , 2.14180303],
       [0.        , 2.14349127],
       [0.        , 2.14418268],
       [0.        , 2.14723301],
       [0.        , 2.15000725],
       [0.        , 2.15099502],
       [0.        , 2.15263677],
       [0.        , 2.15387583],
       [0.        , 2.15457726],
       [0.        , 2.15689397],
       [0.        , 2.16251564],
       [0.        , 2.16376066],
       [0.        , 2.16643238],
       [0.        , 2.16766   ],
       [0.        , 2.16782904],
       [0.        , 2.16818404],
       [0.        , 2.16840696],
       [0.        , 2.16862965],
       [0.        , 2.16923356],
       [0.        , 2.17196155],
       [0.        , 2.17249274],
       [0.        , 2.1728127 ],
       [0.        , 2.17300463],
       [0.        , 2.17646122],
       [0.        , 2.17879725],
       [0.        , 2.18171811],
       [0.        , 2.18186307],
       [0.        , 2.18347907],
       [0.        , 2.18597937],
       [0.        , 2.18656754],
       [0.        , 2.1905427 ],
       [0.        , 2.19232368],
       [0.        , 2.19258404],
       [0.        , 2.19303942],
       [0.        , 2.19316936],
       [0.        , 2.19625998],
       [0.        , 2.19685197],
       [0.        , 2.19795966],
       [0.        , 2.19856477],
       [0.        , 2.19904375],
       [0.        , 2.20312476],
       [0.        , 2.20348501],
       [0.        , 2.20487118],
       [0.        , 2.20580697],
       [0.        , 2.20742154],
       [0.        , 2.20908308],
       [0.        , 2.21769738],
       [0.        , 2.21865511],
       [0.        , 2.22295904],
       [0.        , 2.22618675],
       [0.        , 2.22688079],
       [0.        , 2.22763276],
       [0.        , 2.23466587],
       [0.        , 2.2381413 ],
       [0.        ,        inf]]), array([[2.06964731, 2.08961177],
       [2.01203489, 2.08961177],
       [2.01100516, 2.01155353],
       [1.79648423, 1.82543945],
       [1.7660917 , 1.7806108 ]])]",True
62,2.24157977104187,0.006913900375366211,1.9660527533100498,53.96,4.120591351140769,5,0.02895522117614746,0.01918160915374756,0.009373688697814941,0.22,1.0753542238588472,"[array([[0.        , 1.48658133],
       [0.        , 1.50050235],
       [0.        , 1.5276984 ],
       [0.        , 1.5756526 ],
       [0.        , 1.61924696],
       [0.        , 1.62295961],
       [0.        , 1.63279319],
       [0.        , 1.64819396],
       [0.        , 1.65699244],
       [0.        , 1.67905593],
       [0.        , 1.70768595],
       [0.        , 1.70929575],
       [0.        , 1.7265836 ],
       [0.        , 1.72946203],
       [0.        , 1.7557739 ],
       [0.        , 1.77539909],
       [0.        , 1.78610659],
       [0.        , 1.79107094],
       [0.        , 1.79155624],
       [0.        , 1.8034842 ],
       [0.        , 1.84483862],
       [0.        , 1.84579301],
       [0.        , 1.96059465],
       [0.        , 1.97247899],
       [0.        , 1.98181832],
       [0.        , 1.99143577],
       [0.        , 1.99475837],
       [0.        , 2.00470781],
       [0.        , 2.01991987],
       [0.        , 2.03813744],
       [0.        , 2.0395937 ],
       [0.        , 2.06519318],
       [0.        , 2.07357311],
       [0.        , 2.07890224],
       [0.        , 2.08180428],
       [0.        , 2.08259463],
       [0.        , 2.08362341],
       [0.        , 2.09861994],
       [0.        , 2.10601258],
       [0.        , 2.11795974],
       [0.        , 2.12212706],
       [0.        , 2.12263894],
       [0.        , 2.13209295],
       [0.        , 2.13990784],
       [0.        , 2.14053345],
       [0.        , 2.14495254],
       [0.        , 2.15143609],
       [0.        , 2.15722322],
       [0.        , 2.1630888 ],
       [0.        , 2.16439629],
       [0.        , 2.16521573],
       [0.        , 2.17695165],
       [0.        , 2.18433046],
       [0.        , 2.18597937],
       [0.        , 2.19781995],
       [0.        , 2.20487118],
       [0.        , 2.20580697],
       [0.        , 2.20962119],
       [0.        , 2.21469593],
       [0.        , 2.22688079],
       [0.        , 2.23466587],
       [0.        , 2.24157977],
       [0.        ,        inf]]), array([[2.01100516, 2.01155353],
       [1.91665983, 1.9192555 ],
       [1.84556353, 1.85533714],
       [1.79648423, 1.82543945],
       [1.78359962, 1.7885952 ]])]",True
113,2.245328903198242,0.010663032531738281,2.029473792135188,101.2,4.722503973821235,5,0.07091236114501953,0.04195713996887207,0.023986124992370607,0.38,1.066456793615407,"[array([[0.        , 1.21763885],
       [0.        , 1.5276984 ],
       [0.        , 1.56075501],
       [0.        , 1.5756526 ],
       [0.        , 1.64819396],
       [0.        , 1.65235078],
       [0.        , 1.65699244],
       [0.        , 1.67745805],
       [0.        , 1.69761336],
       [0.        , 1.70768595],
       [0.        , 1.70929575],
       [0.        , 1.71981382],
       [0.        , 1.7265836 ],
       [0.        , 1.72946203],
       [0.        , 1.72972155],
       [0.        , 1.7557739 ],
       [0.        , 1.76976335],
       [0.        , 1.78610659],
       [0.        , 1.79107094],
       [0.        , 1.81373537],
       [0.        , 1.81984484],
       [0.        , 1.82882655],
       [0.        , 1.86837685],
       [0.        , 1.88051164],
       [0.        , 1.90838575],
       [0.        , 1.91337478],
       [0.        , 1.93509984],
       [0.        , 1.95006311],
       [0.        , 1.95058262],
       [0.        , 1.96008956],
       [0.        , 1.96059465],
       [0.        , 1.98181832],
       [0.        , 1.98978388],
       [0.        , 2.00100923],
       [0.        , 2.00470781],
       [0.        , 2.00557971],
       [0.        , 2.00574136],
       [0.        , 2.02092099],
       [0.        , 2.02165651],
       [0.        , 2.0258038 ],
       [0.        , 2.03058481],
       [0.        , 2.03637695],
       [0.        , 2.03975034],
       [0.        , 2.0436542 ],
       [0.        , 2.04470396],
       [0.        , 2.0482471 ],
       [0.        , 2.07602096],
       [0.        , 2.0871551 ],
       [0.        , 2.09386086],
       [0.        , 2.09503651],
       [0.        , 2.09582663],
       [0.        , 2.0968256 ],
       [0.        , 2.09766865],
       [0.        , 2.0994451 ],
       [0.        , 2.09954023],
       [0.        , 2.10369468],
       [0.        , 2.11183429],
       [0.        , 2.11449552],
       [0.        , 2.11735415],
       [0.        , 2.11790848],
       [0.        , 2.11940765],
       [0.        , 2.1209538 ],
       [0.        , 2.12096119],
       [0.        , 2.12131596],
       [0.        , 2.12515354],
       [0.        , 2.12543035],
       [0.        , 2.12711382],
       [0.        , 2.12727642],
       [0.        , 2.13209295],
       [0.        , 2.13378739],
       [0.        , 2.13708043],
       [0.        , 2.13972378],
       [0.        , 2.13974285],
       [0.        , 2.14160514],
       [0.        , 2.14306831],
       [0.        , 2.14940763],
       [0.        , 2.14954662],
       [0.        , 2.15062404],
       [0.        , 2.15484715],
       [0.        , 2.15877438],
       [0.        , 2.15952706],
       [0.        , 2.16127324],
       [0.        , 2.16238475],
       [0.        , 2.16521573],
       [0.        , 2.16815257],
       [0.        , 2.16923356],
       [0.        , 2.17021012],
       [0.        , 2.17691064],
       [0.        , 2.17702127],
       [0.        , 2.18007112],
       [0.        , 2.18597937],
       [0.        , 2.18652058],
       [0.        , 2.19092488],
       [0.        , 2.19331551],
       [0.        , 2.19513369],
       [0.        , 2.19596434],
       [0.        , 2.19829512],
       [0.        , 2.19861031],
       [0.        , 2.19871211],
       [0.        , 2.19980693],
       [0.        , 2.20143437],
       [0.        , 2.20428205],
       [0.        , 2.20688152],
       [0.        , 2.20778084],
       [0.        , 2.20800519],
       [0.        , 2.21354055],
       [0.        , 2.21627474],
       [0.        , 2.21982503],
       [0.        , 2.22688079],
       [0.        , 2.22709179],
       [0.        , 2.23124838],
       [0.        , 2.23466587],
       [0.        , 2.2453289 ],
       [0.        ,        inf]]), array([[2.01479149, 2.08570385],
       [2.01100516, 2.01155353],
       [1.79648423, 1.82543945],
       [1.78359962, 1.7885952 ],
       [1.7660917 , 1.7806108 ]])]",False
182,2.234665870666504,0.00778508186340332,2.018624762912373,162.82,5.2007713472027755,3,0.02895522117614746,0.014436125755310059,0.014674226442972818,0.16,0.6960262320639133,"[array([[0.        , 1.48658133],
       [0.        , 1.50050235],
       [0.        , 1.56075501],
       [0.        , 1.5756526 ],
       [0.        , 1.61924696],
       [0.        , 1.62295961],
       [0.        , 1.64819396],
       [0.        , 1.65699244],
       [0.        , 1.67905593],
       [0.        , 1.70768595],
       [0.        , 1.70929575],
       [0.        , 1.7265836 ],
       [0.        , 1.72946203],
       [0.        , 1.72972155],
       [0.        , 1.74276233],
       [0.        , 1.75499403],
       [0.        , 1.7557739 ],
       [0.        , 1.77019811],
       [0.        , 1.77414489],
       [0.        , 1.78610659],
       [0.        , 1.7890563 ],
       [0.        , 1.79155624],
       [0.        , 1.80054021],
       [0.        , 1.8010534 ],
       [0.        , 1.8029269 ],
       [0.        , 1.8049649 ],
       [0.        , 1.81884348],
       [0.        , 1.82882655],
       [0.        , 1.8433857 ],
       [0.        , 1.84483862],
       [0.        , 1.84579301],
       [0.        , 1.87153375],
       [0.        , 1.87631428],
       [0.        , 1.88051164],
       [0.        , 1.89361513],
       [0.        , 1.89521074],
       [0.        , 1.90363264],
       [0.        , 1.91093719],
       [0.        , 1.91480112],
       [0.        , 1.92720628],
       [0.        , 1.93220365],
       [0.        , 1.93578124],
       [0.        , 1.93794847],
       [0.        , 1.94745266],
       [0.        , 1.95640171],
       [0.        , 1.95800948],
       [0.        , 1.95873845],
       [0.        , 1.95936441],
       [0.        , 1.96059465],
       [0.        , 1.96153438],
       [0.        , 1.96299124],
       [0.        , 1.96418703],
       [0.        , 1.969679  ],
       [0.        , 1.97103405],
       [0.        , 1.97538769],
       [0.        , 1.97996604],
       [0.        , 1.9809978 ],
       [0.        , 1.98181832],
       [0.        , 1.98818099],
       [0.        , 1.98958814],
       [0.        , 1.99195361],
       [0.        , 1.9920181 ],
       [0.        , 1.99260271],
       [0.        , 2.00470781],
       [0.        , 2.01320791],
       [0.        , 2.01520133],
       [0.        , 2.01821327],
       [0.        , 2.02008677],
       [0.        , 2.02352524],
       [0.        , 2.02832246],
       [0.        , 2.03215981],
       [0.        , 2.0342176 ],
       [0.        , 2.03542757],
       [0.        , 2.03584075],
       [0.        , 2.03621101],
       [0.        , 2.03674674],
       [0.        , 2.03699803],
       [0.        , 2.03866816],
       [0.        , 2.03866839],
       [0.        , 2.0395937 ],
       [0.        , 2.04278898],
       [0.        , 2.04526162],
       [0.        , 2.04563761],
       [0.        , 2.04922318],
       [0.        , 2.04950714],
       [0.        , 2.0500567 ],
       [0.        , 2.05024529],
       [0.        , 2.0508523 ],
       [0.        , 2.05150676],
       [0.        , 2.05339718],
       [0.        , 2.05696583],
       [0.        , 2.05820608],
       [0.        , 2.06147575],
       [0.        , 2.06212139],
       [0.        , 2.06616306],
       [0.        , 2.06869483],
       [0.        , 2.06906772],
       [0.        , 2.07166862],
       [0.        , 2.07228422],
       [0.        , 2.07465911],
       [0.        , 2.07861066],
       [0.        , 2.07863498],
       [0.        , 2.08205009],
       [0.        , 2.08206177],
       [0.        , 2.08430624],
       [0.        , 2.08557439],
       [0.        , 2.09110475],
       [0.        , 2.09187841],
       [0.        , 2.09228992],
       [0.        , 2.09592819],
       [0.        , 2.09669566],
       [0.        , 2.09952545],
       [0.        , 2.1020503 ],
       [0.        , 2.10224128],
       [0.        , 2.10479641],
       [0.        , 2.10490918],
       [0.        , 2.10642195],
       [0.        , 2.1071918 ],
       [0.        , 2.11174393],
       [0.        , 2.1141386 ],
       [0.        , 2.11816692],
       [0.        , 2.11830401],
       [0.        , 2.12015653],
       [0.        , 2.12101603],
       [0.        , 2.12205553],
       [0.        , 2.12331438],
       [0.        , 2.12379146],
       [0.        , 2.12476468],
       [0.        , 2.12727642],
       [0.        , 2.12733245],
       [0.        , 2.12908363],
       [0.        , 2.13095951],
       [0.        , 2.13179731],
       [0.        , 2.13240814],
       [0.        , 2.13276267],
       [0.        , 2.1327641 ],
       [0.        , 2.13435173],
       [0.        , 2.13512135],
       [0.        , 2.13619876],
       [0.        , 2.13718772],
       [0.        , 2.13841701],
       [0.        , 2.14085221],
       [0.        , 2.14358783],
       [0.        , 2.14418817],
       [0.        , 2.14465737],
       [0.        , 2.14547348],
       [0.        , 2.15387583],
       [0.        , 2.15391922],
       [0.        , 2.15456843],
       [0.        , 2.15550804],
       [0.        , 2.15903974],
       [0.        , 2.15929127],
       [0.        , 2.16083479],
       [0.        , 2.16180277],
       [0.        , 2.16273189],
       [0.        , 2.16422725],
       [0.        , 2.16460562],
       [0.        , 2.17096329],
       [0.        , 2.17150474],
       [0.        , 2.17151928],
       [0.        , 2.17443347],
       [0.        , 2.17477584],
       [0.        , 2.17515063],
       [0.        , 2.17898417],
       [0.        , 2.17898846],
       [0.        , 2.18472242],
       [0.        , 2.18597937],
       [0.        , 2.18762803],
       [0.        , 2.18874383],
       [0.        , 2.18972039],
       [0.        , 2.19236636],
       [0.        , 2.19303942],
       [0.        , 2.19548631],
       [0.        , 2.19685197],
       [0.        , 2.19795966],
       [0.        , 2.20580697],
       [0.        , 2.20889091],
       [0.        , 2.21335101],
       [0.        , 2.2217598 ],
       [0.        , 2.22275496],
       [0.        , 2.22688079],
       [0.        , 2.23466587],
       [0.        ,        inf]]), array([[2.01100516, 2.01155353],
       [1.79648423, 1.82543945],
       [1.7660917 , 1.7806108 ]])]",True
66,2.234665870666504,0.00778508186340332,1.9860616597262295,58.1,4.184355747464621,3,0.07757687568664551,0.04862165451049805,0.03569348653157552,0.34,0.6141613501365079,"[array([[0.        , 1.21763885],
       [0.        , 1.5756526 ],
       [0.        , 1.63462257],
       [0.        , 1.64819396],
       [0.        , 1.65699244],
       [0.        , 1.67304981],
       [0.        , 1.69761336],
       [0.        , 1.70768595],
       [0.        , 1.70929575],
       [0.        , 1.72946203],
       [0.        , 1.73666823],
       [0.        , 1.7557739 ],
       [0.        , 1.78610659],
       [0.        , 1.79107094],
       [0.        , 1.81373537],
       [0.        , 1.81984484],
       [0.        , 1.8433857 ],
       [0.        , 1.90838575],
       [0.        , 1.92621613],
       [0.        , 1.95801938],
       [0.        , 1.96008956],
       [0.        , 1.96059465],
       [0.        , 1.97433877],
       [0.        , 1.98181832],
       [0.        , 1.99267936],
       [0.        , 2.00470781],
       [0.        , 2.00575018],
       [0.        , 2.00732613],
       [0.        , 2.01343679],
       [0.        , 2.02092099],
       [0.        , 2.03011322],
       [0.        , 2.03219962],
       [0.        , 2.05221295],
       [0.        , 2.05327082],
       [0.        , 2.06005812],
       [0.        , 2.06693387],
       [0.        , 2.07005   ],
       [0.        , 2.07261229],
       [0.        , 2.0756588 ],
       [0.        , 2.07938075],
       [0.        , 2.08365822],
       [0.        , 2.08700299],
       [0.        , 2.09342027],
       [0.        , 2.10185742],
       [0.        , 2.10671592],
       [0.        , 2.10675669],
       [0.        , 2.1073246 ],
       [0.        , 2.11449552],
       [0.        , 2.1201067 ],
       [0.        , 2.14062572],
       [0.        , 2.14954662],
       [0.        , 2.15143609],
       [0.        , 2.15669513],
       [0.        , 2.15722322],
       [0.        , 2.16057587],
       [0.        , 2.16111183],
       [0.        , 2.16302228],
       [0.        , 2.17983413],
       [0.        , 2.18084216],
       [0.        , 2.18287706],
       [0.        , 2.18597937],
       [0.        , 2.18816781],
       [0.        , 2.21272111],
       [0.        , 2.22295904],
       [0.        , 2.22688079],
       [0.        , 2.23466587],
       [0.        ,        inf]]), array([[2.01203489, 2.08961177],
       [2.01100516, 2.01155353],
       [1.79648423, 1.82543945]])]",True
127,2.245328903198242,0.010663032531738281,2.0431744958472065,114.42,4.839905264071382,6,0.08970129489898682,0.01603233814239502,0.03687139352162679,0.54,1.365322824298569,"[array([[0.        , 1.21763885],
       [0.        , 1.56075501],
       [0.        , 1.5756526 ],
       [0.        , 1.63462257],
       [0.        , 1.64819396],
       [0.        , 1.65699244],
       [0.        , 1.67304981],
       [0.        , 1.67745805],
       [0.        , 1.69042754],
       [0.        , 1.69761336],
       [0.        , 1.70768595],
       [0.        , 1.70929575],
       [0.        , 1.7265836 ],
       [0.        , 1.72946203],
       [0.        , 1.7557739 ],
       [0.        , 1.78610659],
       [0.        , 1.80390668],
       [0.        , 1.81356204],
       [0.        , 1.81373537],
       [0.        , 1.81984484],
       [0.        , 1.82882655],
       [0.        , 1.8433857 ],
       [0.        , 1.88414478],
       [0.        , 1.90504086],
       [0.        , 1.90838575],
       [0.        , 1.93509984],
       [0.        , 1.94486237],
       [0.        , 1.95058262],
       [0.        , 1.9540143 ],
       [0.        , 1.95796752],
       [0.        , 1.96059465],
       [0.        , 1.96469414],
       [0.        , 1.96590459],
       [0.        , 1.98181832],
       [0.        , 2.00100923],
       [0.        , 2.00470781],
       [0.        , 2.01338983],
       [0.        , 2.02092099],
       [0.        , 2.0258038 ],
       [0.        , 2.03058481],
       [0.        , 2.03637695],
       [0.        , 2.03754568],
       [0.        , 2.03975034],
       [0.        , 2.0436542 ],
       [0.        , 2.0482471 ],
       [0.        , 2.05130482],
       [0.        , 2.05643654],
       [0.        , 2.05737686],
       [0.        , 2.06201553],
       [0.        , 2.06672382],
       [0.        , 2.06693387],
       [0.        , 2.07602096],
       [0.        , 2.0871551 ],
       [0.        , 2.09228992],
       [0.        , 2.09386086],
       [0.        , 2.09582663],
       [0.        , 2.09766865],
       [0.        , 2.09828806],
       [0.        , 2.09954023],
       [0.        , 2.10300159],
       [0.        , 2.10526919],
       [0.        , 2.10696721],
       [0.        , 2.11183429],
       [0.        , 2.11449552],
       [0.        , 2.11578846],
       [0.        , 2.11599731],
       [0.        , 2.11681676],
       [0.        , 2.11790848],
       [0.        , 2.11818337],
       [0.        , 2.11940765],
       [0.        , 2.12013197],
       [0.        , 2.12096119],
       [0.        , 2.12131596],
       [0.        , 2.12515354],
       [0.        , 2.12543035],
       [0.        , 2.13196135],
       [0.        , 2.13209295],
       [0.        , 2.13378739],
       [0.        , 2.1394186 ],
       [0.        , 2.14302421],
       [0.        , 2.14306831],
       [0.        , 2.14387822],
       [0.        , 2.14954662],
       [0.        , 2.15099502],
       [0.        , 2.15174818],
       [0.        , 2.15484715],
       [0.        , 2.15906549],
       [0.        , 2.15952706],
       [0.        , 2.16077447],
       [0.        , 2.16512728],
       [0.        , 2.16521573],
       [0.        , 2.16815257],
       [0.        , 2.16922569],
       [0.        , 2.1758132 ],
       [0.        , 2.17691064],
       [0.        , 2.17702127],
       [0.        , 2.17976665],
       [0.        , 2.18007112],
       [0.        , 2.18018913],
       [0.        , 2.18241668],
       [0.        , 2.1841104 ],
       [0.        , 2.18597937],
       [0.        , 2.18602467],
       [0.        , 2.18998671],
       [0.        , 2.19064236],
       [0.        , 2.19066429],
       [0.        , 2.19092488],
       [0.        , 2.19316936],
       [0.        , 2.19331551],
       [0.        , 2.19685197],
       [0.        , 2.19829512],
       [0.        , 2.19833231],
       [0.        , 2.19861031],
       [0.        , 2.20143437],
       [0.        , 2.20304704],
       [0.        , 2.20778084],
       [0.        , 2.20800519],
       [0.        , 2.20908308],
       [0.        , 2.21627474],
       [0.        , 2.21982503],
       [0.        , 2.22274661],
       [0.        , 2.22295904],
       [0.        , 2.22359276],
       [0.        , 2.22520614],
       [0.        , 2.22688079],
       [0.        , 2.23466587],
       [0.        , 2.2453289 ],
       [0.        ,        inf]]), array([[2.12101603, 2.13485146],
       [2.01203489, 2.08570385],
       [2.01100516, 2.01155353],
       [1.99991047, 2.08961177],
       [1.79648423, 1.82543945],
       [1.7660917 , 1.7806108 ]])]",True
121,2.245328903198242,0.0037491321563720703,2.0307951604039216,108.5,4.790504281644273,5,0.02895522117614746,0.008990764617919922,0.015564513206481934,0.16,1.3720900237325644,"[array([[0.        , 1.21763885],
       [0.        , 1.48658133],
       [0.        , 1.49107373],
       [0.        , 1.50050235],
       [0.        , 1.56075501],
       [0.        , 1.5756526 ],
       [0.        , 1.62295961],
       [0.        , 1.63462257],
       [0.        , 1.65699244],
       [0.        , 1.67905593],
       [0.        , 1.69042754],
       [0.        , 1.69761336],
       [0.        , 1.70768595],
       [0.        , 1.70929575],
       [0.        , 1.7265836 ],
       [0.        , 1.72946203],
       [0.        , 1.7557739 ],
       [0.        , 1.77539909],
       [0.        , 1.78610659],
       [0.        , 1.79107094],
       [0.        , 1.79155624],
       [0.        , 1.81356204],
       [0.        , 1.8433857 ],
       [0.        , 1.84579301],
       [0.        , 1.90838575],
       [0.        , 1.93509984],
       [0.        , 1.93718207],
       [0.        , 1.95058262],
       [0.        , 1.96059465],
       [0.        , 1.98181832],
       [0.        , 1.98780227],
       [0.        , 2.00100923],
       [0.        , 2.00470781],
       [0.        , 2.011168  ],
       [0.        , 2.01338983],
       [0.        , 2.01679778],
       [0.        , 2.02092099],
       [0.        , 2.0258038 ],
       [0.        , 2.03058481],
       [0.        , 2.03637695],
       [0.        , 2.0379529 ],
       [0.        , 2.03950429],
       [0.        , 2.0395937 ],
       [0.        , 2.03975034],
       [0.        , 2.04289722],
       [0.        , 2.0436542 ],
       [0.        , 2.0482471 ],
       [0.        , 2.06201553],
       [0.        , 2.06461287],
       [0.        , 2.06760097],
       [0.        , 2.06760812],
       [0.        , 2.07245946],
       [0.        , 2.07602096],
       [0.        , 2.08024693],
       [0.        , 2.0871551 ],
       [0.        , 2.09386086],
       [0.        , 2.09582663],
       [0.        , 2.09766865],
       [0.        , 2.09954023],
       [0.        , 2.10526919],
       [0.        , 2.10663342],
       [0.        , 2.11183429],
       [0.        , 2.11449552],
       [0.        , 2.11599731],
       [0.        , 2.11790848],
       [0.        , 2.11818337],
       [0.        , 2.118963  ],
       [0.        , 2.11940765],
       [0.        , 2.12096119],
       [0.        , 2.12131596],
       [0.        , 2.12515354],
       [0.        , 2.12543035],
       [0.        , 2.13209295],
       [0.        , 2.13378739],
       [0.        , 2.1394186 ],
       [0.        , 2.14306831],
       [0.        , 2.14569712],
       [0.        , 2.1495316 ],
       [0.        , 2.14954662],
       [0.        , 2.15099502],
       [0.        , 2.15174818],
       [0.        , 2.15370131],
       [0.        , 2.15480947],
       [0.        , 2.15484715],
       [0.        , 2.15952706],
       [0.        , 2.16077447],
       [0.        , 2.16179252],
       [0.        , 2.1630888 ],
       [0.        , 2.16512728],
       [0.        , 2.16521573],
       [0.        , 2.16815257],
       [0.        , 2.17316079],
       [0.        , 2.17691064],
       [0.        , 2.17976665],
       [0.        , 2.18007112],
       [0.        , 2.1841104 ],
       [0.        , 2.1850071 ],
       [0.        , 2.18597937],
       [0.        , 2.19066429],
       [0.        , 2.19092488],
       [0.        , 2.19331551],
       [0.        , 2.19513369],
       [0.        , 2.19685197],
       [0.        , 2.19829512],
       [0.        , 2.19861031],
       [0.        , 2.20143437],
       [0.        , 2.20304704],
       [0.        , 2.20552874],
       [0.        , 2.20778084],
       [0.        , 2.20800519],
       [0.        , 2.20908308],
       [0.        , 2.20962119],
       [0.        , 2.21627474],
       [0.        , 2.21982503],
       [0.        , 2.22359276],
       [0.        , 2.22520614],
       [0.        , 2.22688079],
       [0.        , 2.22709179],
       [0.        , 2.23466587],
       [0.        , 2.24157977],
       [0.        , 2.2453289 ],
       [0.        ,        inf]]), array([[2.12101603, 2.13485146],
       [2.06964731, 2.08961177],
       [2.01100516, 2.01155353],
       [1.79648423, 1.82543945],
       [1.7660917 , 1.7806108 ]])]",False
114,2.2445621490478516,0.009896278381347656,2.0240248295298793,101.92,4.73058848264947,4,0.02895522117614746,0.014436125755310059,0.012254565954208374,0.18,0.954357740203023,"[array([[0.        , 1.21763885],
       [0.        , 1.32466853],
       [0.        , 1.50050235],
       [0.        , 1.5276984 ],
       [0.        , 1.56075501],
       [0.        , 1.5756526 ],
       [0.        , 1.64819396],
       [0.        , 1.65235078],
       [0.        , 1.65699244],
       [0.        , 1.69761336],
       [0.        , 1.70768595],
       [0.        , 1.70929575],
       [0.        , 1.7265836 ],
       [0.        , 1.72946203],
       [0.        , 1.72972155],
       [0.        , 1.7557739 ],
       [0.        , 1.78610659],
       [0.        , 1.79107094],
       [0.        , 1.79155624],
       [0.        , 1.80106235],
       [0.        , 1.81373537],
       [0.        , 1.84526014],
       [0.        , 1.84579301],
       [0.        , 1.85815561],
       [0.        , 1.8944658 ],
       [0.        , 1.90838575],
       [0.        , 1.92324412],
       [0.        , 1.93423092],
       [0.        , 1.93943214],
       [0.        , 1.9413017 ],
       [0.        , 1.96008956],
       [0.        , 1.96059465],
       [0.        , 1.97158194],
       [0.        , 1.97534335],
       [0.        , 1.97709668],
       [0.        , 1.98181832],
       [0.        , 1.98934007],
       [0.        , 1.99475837],
       [0.        , 2.00461245],
       [0.        , 2.00470781],
       [0.        , 2.02083921],
       [0.        , 2.03681898],
       [0.        , 2.04314518],
       [0.        , 2.06199408],
       [0.        , 2.06519318],
       [0.        , 2.07072902],
       [0.        , 2.07310963],
       [0.        , 2.07513118],
       [0.        , 2.07748771],
       [0.        , 2.08064771],
       [0.        , 2.08086586],
       [0.        , 2.08784413],
       [0.        , 2.09837675],
       [0.        , 2.1020503 ],
       [0.        , 2.10265899],
       [0.        , 2.10781312],
       [0.        , 2.1122725 ],
       [0.        , 2.11391783],
       [0.        , 2.11458039],
       [0.        , 2.11578846],
       [0.        , 2.12049031],
       [0.        , 2.12296486],
       [0.        , 2.12810349],
       [0.        , 2.13294578],
       [0.        , 2.13347268],
       [0.        , 2.13484621],
       [0.        , 2.14049721],
       [0.        , 2.14159322],
       [0.        , 2.14191079],
       [0.        , 2.14220309],
       [0.        , 2.14607644],
       [0.        , 2.14680648],
       [0.        , 2.14921975],
       [0.        , 2.15361881],
       [0.        , 2.15542698],
       [0.        , 2.15663958],
       [0.        , 2.15773296],
       [0.        , 2.1609714 ],
       [0.        , 2.16127324],
       [0.        , 2.16132903],
       [0.        , 2.1624589 ],
       [0.        , 2.16345382],
       [0.        , 2.16351342],
       [0.        , 2.16353106],
       [0.        , 2.17419267],
       [0.        , 2.1746428 ],
       [0.        , 2.175107  ],
       [0.        , 2.17732716],
       [0.        , 2.17774701],
       [0.        , 2.17963266],
       [0.        , 2.17976665],
       [0.        , 2.18022084],
       [0.        , 2.18227243],
       [0.        , 2.18479896],
       [0.        , 2.18866825],
       [0.        , 2.18877649],
       [0.        , 2.18898559],
       [0.        , 2.19025874],
       [0.        , 2.19181991],
       [0.        , 2.19453406],
       [0.        , 2.19627666],
       [0.        , 2.19741559],
       [0.        , 2.19776535],
       [0.        , 2.19861031],
       [0.        , 2.20297503],
       [0.        , 2.20688152],
       [0.        , 2.21337962],
       [0.        , 2.21921492],
       [0.        , 2.22079468],
       [0.        , 2.22511172],
       [0.        , 2.22688079],
       [0.        , 2.22886848],
       [0.        , 2.23466587],
       [0.        , 2.24456215],
       [0.        ,        inf]]), array([[2.01100516, 2.01155353],
       [1.79648423, 1.82543945],
       [1.78359962, 1.7885952 ],
       [1.7660917 , 1.7806108 ]])]",True
104,2.2386891841888428,0.004023313522338867,1.973773861160645,90.8,4.639187724902877,4,0.02895522117614746,0.014436125755310059,0.012254565954208374,0.18,0.954357740203023,"[array([[0.        , 1.46674025],
       [0.        , 1.48658133],
       [0.        , 1.51786327],
       [0.        , 1.52427685],
       [0.        , 1.5276984 ],
       [0.        , 1.56075501],
       [0.        , 1.5756526 ],
       [0.        , 1.61924696],
       [0.        , 1.62295961],
       [0.        , 1.64030313],
       [0.        , 1.65699244],
       [0.        , 1.67745805],
       [0.        , 1.69042754],
       [0.        , 1.70768595],
       [0.        , 1.70929575],
       [0.        , 1.7265836 ],
       [0.        , 1.72946203],
       [0.        , 1.7557739 ],
       [0.        , 1.78610659],
       [0.        , 1.7890563 ],
       [0.        , 1.79107094],
       [0.        , 1.8010534 ],
       [0.        , 1.80106235],
       [0.        , 1.8034842 ],
       [0.        , 1.8049649 ],
       [0.        , 1.81817877],
       [0.        , 1.81984484],
       [0.        , 1.82882655],
       [0.        , 1.84483862],
       [0.        , 1.87153375],
       [0.        , 1.88650215],
       [0.        , 1.92720628],
       [0.        , 1.93492913],
       [0.        , 1.94013143],
       [0.        , 1.95304191],
       [0.        , 1.96059465],
       [0.        , 1.96299124],
       [0.        , 1.96402252],
       [0.        , 1.97007179],
       [0.        , 1.98181832],
       [0.        , 1.98427689],
       [0.        , 1.98818099],
       [0.        , 1.98883176],
       [0.        , 1.9928385 ],
       [0.        , 2.00470781],
       [0.        , 2.02319622],
       [0.        , 2.0342176 ],
       [0.        , 2.03467655],
       [0.        , 2.03678417],
       [0.        , 2.0395937 ],
       [0.        , 2.04315567],
       [0.        , 2.04515815],
       [0.        , 2.04563761],
       [0.        , 2.04810691],
       [0.        , 2.05257678],
       [0.        , 2.05574155],
       [0.        , 2.06212139],
       [0.        , 2.06835794],
       [0.        , 2.06869483],
       [0.        , 2.0737226 ],
       [0.        , 2.07620049],
       [0.        , 2.08168793],
       [0.        , 2.08283377],
       [0.        , 2.08882737],
       [0.        , 2.09187841],
       [0.        , 2.09410381],
       [0.        , 2.09468365],
       [0.        , 2.09675574],
       [0.        , 2.1020503 ],
       [0.        , 2.1071918 ],
       [0.        , 2.11174393],
       [0.        , 2.11379766],
       [0.        , 2.11830401],
       [0.        , 2.11946774],
       [0.        , 2.12205553],
       [0.        , 2.12272429],
       [0.        , 2.12331438],
       [0.        , 2.12727642],
       [0.        , 2.12848735],
       [0.        , 2.12980795],
       [0.        , 2.13095951],
       [0.        , 2.13240814],
       [0.        , 2.13462758],
       [0.        , 2.13619876],
       [0.        , 2.13906145],
       [0.        , 2.14085221],
       [0.        , 2.14417982],
       [0.        , 2.14465737],
       [0.        , 2.14696169],
       [0.        , 2.14924431],
       [0.        , 2.15798926],
       [0.        , 2.15929127],
       [0.        , 2.16137409],
       [0.        , 2.16180277],
       [0.        , 2.16337585],
       [0.        , 2.17151928],
       [0.        , 2.17477584],
       [0.        , 2.17515063],
       [0.        , 2.18597937],
       [0.        , 2.18762803],
       [0.        , 2.21335101],
       [0.        , 2.22688079],
       [0.        , 2.23466587],
       [0.        , 2.23868918],
       [0.        ,        inf]]), array([[2.01100516, 2.01155353],
       [1.79648423, 1.82543945],
       [1.78359962, 1.7885952 ],
       [1.7660917 , 1.7806108 ]])]",False
158,2.250974416732788,0.009394645690917969,2.0483771698384343,142.44,5.058949047502431,3,0.02895522117614746,0.014436125755310059,0.014674226442972818,0.16,0.6960262320639133,"[array([[0.        , 1.48658133],
       [0.        , 1.50050235],
       [0.        , 1.56075501],
       [0.        , 1.5756526 ],
       [0.        , 1.61924696],
       [0.        , 1.62295961],
       [0.        , 1.65699244],
       [0.        , 1.67745805],
       [0.        , 1.67905593],
       [0.        , 1.70768595],
       [0.        , 1.70929575],
       [0.        , 1.7265836 ],
       [0.        , 1.72946203],
       [0.        , 1.72972155],
       [0.        , 1.75499403],
       [0.        , 1.7557739 ],
       [0.        , 1.77019811],
       [0.        , 1.77414489],
       [0.        , 1.78610659],
       [0.        , 1.79155624],
       [0.        , 1.8010534 ],
       [0.        , 1.8029269 ],
       [0.        , 1.82882655],
       [0.        , 1.8433857 ],
       [0.        , 1.84483862],
       [0.        , 1.84579301],
       [0.        , 1.87631428],
       [0.        , 1.87676966],
       [0.        , 1.88051164],
       [0.        , 1.94510925],
       [0.        , 1.95873845],
       [0.        , 1.96059465],
       [0.        , 1.96299124],
       [0.        , 1.97574365],
       [0.        , 1.98034179],
       [0.        , 1.98181832],
       [0.        , 1.99195361],
       [0.        , 1.99645805],
       [0.        , 2.0026114 ],
       [0.        , 2.00460958],
       [0.        , 2.00470781],
       [0.        , 2.01024032],
       [0.        , 2.01046205],
       [0.        , 2.01320791],
       [0.        , 2.0142951 ],
       [0.        , 2.01552868],
       [0.        , 2.02317476],
       [0.        , 2.02751303],
       [0.        , 2.03353143],
       [0.        , 2.03436971],
       [0.        , 2.03542757],
       [0.        , 2.03667521],
       [0.        , 2.0395937 ],
       [0.        , 2.04326797],
       [0.        , 2.04674745],
       [0.        , 2.04795194],
       [0.        , 2.05087781],
       [0.        , 2.05150676],
       [0.        , 2.05316973],
       [0.        , 2.06180239],
       [0.        , 2.0622108 ],
       [0.        , 2.06380033],
       [0.        , 2.06392837],
       [0.        , 2.06451464],
       [0.        , 2.06722999],
       [0.        , 2.07166862],
       [0.        , 2.0756588 ],
       [0.        , 2.07864165],
       [0.        , 2.0789113 ],
       [0.        , 2.08557439],
       [0.        , 2.08700299],
       [0.        , 2.08951664],
       [0.        , 2.0913229 ],
       [0.        , 2.0921917 ],
       [0.        , 2.09228992],
       [0.        , 2.09348655],
       [0.        , 2.09697104],
       [0.        , 2.09713435],
       [0.        , 2.09822941],
       [0.        , 2.09842944],
       [0.        , 2.09948468],
       [0.        , 2.1020503 ],
       [0.        , 2.10366654],
       [0.        , 2.10509682],
       [0.        , 2.10751581],
       [0.        , 2.10874772],
       [0.        , 2.11358333],
       [0.        , 2.11628366],
       [0.        , 2.11681676],
       [0.        , 2.11730123],
       [0.        , 2.12393165],
       [0.        , 2.12494302],
       [0.        , 2.12727642],
       [0.        , 2.13054109],
       [0.        , 2.13220453],
       [0.        , 2.13395452],
       [0.        , 2.13598084],
       [0.        , 2.13745975],
       [0.        , 2.1390698 ],
       [0.        , 2.14418268],
       [0.        , 2.14723301],
       [0.        , 2.14764476],
       [0.        , 2.15000725],
       [0.        , 2.15099502],
       [0.        , 2.15263677],
       [0.        , 2.15387583],
       [0.        , 2.15457726],
       [0.        , 2.15689397],
       [0.        , 2.1575563 ],
       [0.        , 2.16251564],
       [0.        , 2.16766   ],
       [0.        , 2.16782904],
       [0.        , 2.16818404],
       [0.        , 2.16840696],
       [0.        , 2.16848421],
       [0.        , 2.16862965],
       [0.        , 2.16923356],
       [0.        , 2.17196155],
       [0.        , 2.17239165],
       [0.        , 2.17249274],
       [0.        , 2.1728127 ],
       [0.        , 2.17411685],
       [0.        , 2.1742878 ],
       [0.        , 2.17527509],
       [0.        , 2.17646122],
       [0.        , 2.18186307],
       [0.        , 2.18597937],
       [0.        , 2.18656754],
       [0.        , 2.18811703],
       [0.        , 2.1905427 ],
       [0.        , 2.19232368],
       [0.        , 2.19258404],
       [0.        , 2.19303942],
       [0.        , 2.19316936],
       [0.        , 2.19685197],
       [0.        , 2.19795966],
       [0.        , 2.19804406],
       [0.        , 2.19856477],
       [0.        , 2.19861031],
       [0.        , 2.19904375],
       [0.        , 2.20312476],
       [0.        , 2.20348501],
       [0.        , 2.20487118],
       [0.        , 2.20580697],
       [0.        , 2.20742154],
       [0.        , 2.20908308],
       [0.        , 2.20962119],
       [0.        , 2.20985579],
       [0.        , 2.2131846 ],
       [0.        , 2.21769738],
       [0.        , 2.21898317],
       [0.        , 2.22618675],
       [0.        , 2.22688079],
       [0.        , 2.22763276],
       [0.        , 2.23466587],
       [0.        , 2.2381413 ],
       [0.        , 2.24157977],
       [0.        , 2.25097442],
       [0.        ,        inf]]), array([[2.01100516, 2.01155353],
       [1.79648423, 1.82543945],
       [1.7660917 , 1.7806108 ]])]",True
184,2.24157977104187,0.0034384727478027344,2.053429368397464,167.08,5.211469288982887,4,0.07091236114501953,0.04195713996887207,0.028733760118484497,0.36,0.932117847887993,"[array([[0.        , 1.48658133],
       [0.        , 1.50050235],
       [0.        , 1.56075501],
       [0.        , 1.5756526 ],
       [0.        , 1.61924696],
       [0.        , 1.62295961],
       [0.        , 1.64819396],
       [0.        , 1.65699244],
       [0.        , 1.67745805],
       [0.        , 1.67905593],
       [0.        , 1.70768595],
       [0.        , 1.70929575],
       [0.        , 1.7265836 ],
       [0.        , 1.72946203],
       [0.        , 1.72972155],
       [0.        , 1.75499403],
       [0.        , 1.7557739 ],
       [0.        , 1.77019811],
       [0.        , 1.77414489],
       [0.        , 1.78610659],
       [0.        , 1.79107094],
       [0.        , 1.79155624],
       [0.        , 1.8010534 ],
       [0.        , 1.8029269 ],
       [0.        , 1.82882655],
       [0.        , 1.8433857 ],
       [0.        , 1.84483862],
       [0.        , 1.84579301],
       [0.        , 1.87631428],
       [0.        , 1.87676966],
       [0.        , 1.89867222],
       [0.        , 1.92448914],
       [0.        , 1.93217945],
       [0.        , 1.94510925],
       [0.        , 1.94957185],
       [0.        , 1.95873845],
       [0.        , 1.96059465],
       [0.        , 1.96299124],
       [0.        , 1.96981573],
       [0.        , 1.97258985],
       [0.        , 1.97574365],
       [0.        , 1.98181832],
       [0.        , 1.99195361],
       [0.        , 1.99662554],
       [0.        , 2.0026114 ],
       [0.        , 2.00460958],
       [0.        , 2.00470781],
       [0.        , 2.00751162],
       [0.        , 2.01046205],
       [0.        , 2.01361704],
       [0.        , 2.0142951 ],
       [0.        , 2.01552868],
       [0.        , 2.02092099],
       [0.        , 2.02317476],
       [0.        , 2.02597213],
       [0.        , 2.02751303],
       [0.        , 2.03001642],
       [0.        , 2.03542757],
       [0.        , 2.03667521],
       [0.        , 2.0395937 ],
       [0.        , 2.04326797],
       [0.        , 2.04795194],
       [0.        , 2.04848814],
       [0.        , 2.05087781],
       [0.        , 2.05150676],
       [0.        , 2.05316973],
       [0.        , 2.05428958],
       [0.        , 2.05696583],
       [0.        , 2.06022668],
       [0.        , 2.06180239],
       [0.        , 2.0622108 ],
       [0.        , 2.06392837],
       [0.        , 2.06451464],
       [0.        , 2.06722999],
       [0.        , 2.07166862],
       [0.        , 2.07418346],
       [0.        , 2.0789113 ],
       [0.        , 2.080024  ],
       [0.        , 2.0803597 ],
       [0.        , 2.08557439],
       [0.        , 2.0868392 ],
       [0.        , 2.08700299],
       [0.        , 2.09038496],
       [0.        , 2.0913229 ],
       [0.        , 2.0921917 ],
       [0.        , 2.09228992],
       [0.        , 2.09306598],
       [0.        , 2.09697104],
       [0.        , 2.09713435],
       [0.        , 2.09822941],
       [0.        , 2.09948468],
       [0.        , 2.10086083],
       [0.        , 2.10366654],
       [0.        , 2.10751581],
       [0.        , 2.10874772],
       [0.        , 2.10902238],
       [0.        , 2.10971403],
       [0.        , 2.11628366],
       [0.        , 2.11730123],
       [0.        , 2.12057447],
       [0.        , 2.12065387],
       [0.        , 2.12101603],
       [0.        , 2.12494302],
       [0.        , 2.12727642],
       [0.        , 2.13054109],
       [0.        , 2.13220453],
       [0.        , 2.13249874],
       [0.        , 2.13598084],
       [0.        , 2.1390698 ],
       [0.        , 2.14418268],
       [0.        , 2.1451304 ],
       [0.        , 2.14514685],
       [0.        , 2.14699554],
       [0.        , 2.14723301],
       [0.        , 2.14749479],
       [0.        , 2.15000725],
       [0.        , 2.15027618],
       [0.        , 2.15099502],
       [0.        , 2.15182734],
       [0.        , 2.15263677],
       [0.        , 2.15387583],
       [0.        , 2.15457726],
       [0.        , 2.15689397],
       [0.        , 2.15876627],
       [0.        , 2.15877438],
       [0.        , 2.16251564],
       [0.        , 2.16358399],
       [0.        , 2.16695833],
       [0.        , 2.16766   ],
       [0.        , 2.16782904],
       [0.        , 2.16818404],
       [0.        , 2.16840696],
       [0.        , 2.16862965],
       [0.        , 2.16923356],
       [0.        , 2.17183566],
       [0.        , 2.17196155],
       [0.        , 2.17249274],
       [0.        , 2.1728127 ],
       [0.        , 2.17411685],
       [0.        , 2.17600036],
       [0.        , 2.17646122],
       [0.        , 2.17794323],
       [0.        , 2.17983413],
       [0.        , 2.18045855],
       [0.        , 2.18053007],
       [0.        , 2.18107224],
       [0.        , 2.18186307],
       [0.        , 2.18597937],
       [0.        , 2.18656754],
       [0.        , 2.18996072],
       [0.        , 2.1905427 ],
       [0.        , 2.19258404],
       [0.        , 2.19303942],
       [0.        , 2.19316936],
       [0.        , 2.19331551],
       [0.        , 2.19511104],
       [0.        , 2.19672704],
       [0.        , 2.19685197],
       [0.        , 2.19741225],
       [0.        , 2.19795966],
       [0.        , 2.19856477],
       [0.        , 2.19904375],
       [0.        , 2.19915223],
       [0.        , 2.20348501],
       [0.        , 2.20428205],
       [0.        , 2.20487118],
       [0.        , 2.20541906],
       [0.        , 2.20580697],
       [0.        , 2.20742154],
       [0.        , 2.20908308],
       [0.        , 2.20962119],
       [0.        , 2.20968628],
       [0.        , 2.2131846 ],
       [0.        , 2.21440625],
       [0.        , 2.21769738],
       [0.        , 2.21898317],
       [0.        , 2.22082281],
       [0.        , 2.22259736],
       [0.        , 2.22618675],
       [0.        , 2.22688079],
       [0.        , 2.22763276],
       [0.        , 2.23466587],
       [0.        , 2.2381413 ],
       [0.        , 2.24157977],
       [0.        ,        inf]]), array([[2.01479149, 2.08570385],
       [2.01100516, 2.01155353],
       [1.79648423, 1.82543945],
       [1.7660917 , 1.7806108 ]])]",False
95,2.234665870666504,0.007033109664916992,2.020473437560232,85.02,4.549254002819277,3,0.07757687568664551,0.04862165451049805,0.03569348653157552,0.34,0.6141613501365079,"[array([[0.        , 1.21763885],
       [0.        , 1.5756526 ],
       [0.        , 1.62567163],
       [0.        , 1.63462257],
       [0.        , 1.64819396],
       [0.        , 1.65699244],
       [0.        , 1.67304981],
       [0.        , 1.69761336],
       [0.        , 1.70768595],
       [0.        , 1.70929575],
       [0.        , 1.7265836 ],
       [0.        , 1.72946203],
       [0.        , 1.75499403],
       [0.        , 1.7557739 ],
       [0.        , 1.77539909],
       [0.        , 1.78610659],
       [0.        , 1.81373537],
       [0.        , 1.81984484],
       [0.        , 1.85961211],
       [0.        , 1.8696779 ],
       [0.        , 1.90838575],
       [0.        , 1.93192434],
       [0.        , 1.94312537],
       [0.        , 1.96059465],
       [0.        , 1.97401583],
       [0.        , 1.97518814],
       [0.        , 1.98181832],
       [0.        , 1.98456252],
       [0.        , 1.99967933],
       [0.        , 1.99999857],
       [0.        , 2.00470781],
       [0.        , 2.0060699 ],
       [0.        , 2.00659752],
       [0.        , 2.01154661],
       [0.        , 2.02022028],
       [0.        , 2.03564405],
       [0.        , 2.03637695],
       [0.        , 2.03726459],
       [0.        , 2.03837156],
       [0.        , 2.05616641],
       [0.        , 2.06198406],
       [0.        , 2.06199408],
       [0.        , 2.08305931],
       [0.        , 2.08862042],
       [0.        , 2.08900213],
       [0.        , 2.09386086],
       [0.        , 2.09621525],
       [0.        , 2.09722781],
       [0.        , 2.09999847],
       [0.        , 2.10052919],
       [0.        , 2.10123086],
       [0.        , 2.1016283 ],
       [0.        , 2.10516858],
       [0.        , 2.10526919],
       [0.        , 2.10973835],
       [0.        , 2.11873531],
       [0.        , 2.12107897],
       [0.        , 2.12181878],
       [0.        , 2.12389302],
       [0.        , 2.12732315],
       [0.        , 2.12790895],
       [0.        , 2.13258648],
       [0.        , 2.13347268],
       [0.        , 2.13414431],
       [0.        , 2.1394186 ],
       [0.        , 2.14173055],
       [0.        , 2.14173675],
       [0.        , 2.14492416],
       [0.        , 2.1495316 ],
       [0.        , 2.15000725],
       [0.        , 2.1500299 ],
       [0.        , 2.15099502],
       [0.        , 2.15158772],
       [0.        , 2.15669513],
       [0.        , 2.15800667],
       [0.        , 2.16238475],
       [0.        , 2.16373992],
       [0.        , 2.16512728],
       [0.        , 2.16564846],
       [0.        , 2.16966462],
       [0.        , 2.17072773],
       [0.        , 2.1765914 ],
       [0.        , 2.18129277],
       [0.        , 2.18367195],
       [0.        , 2.18433046],
       [0.        , 2.18597937],
       [0.        , 2.18977261],
       [0.        , 2.18989921],
       [0.        , 2.19829512],
       [0.        , 2.20800519],
       [0.        , 2.21669054],
       [0.        , 2.22295904],
       [0.        , 2.22688079],
       [0.        , 2.22763276],
       [0.        , 2.23466587],
       [0.        ,        inf]]), array([[2.01203489, 2.08961177],
       [2.01100516, 2.01155353],
       [1.79648423, 1.82543945]])]",True
77,2.219184160232544,0.014902114868164062,1.9669748653065076,67.6,4.338814166184711,4,0.02895522117614746,0.014436125755310059,0.012251704931259155,0.12,0.9540470856065021,"[array([[0.        , 1.48658133],
       [0.        , 1.50050235],
       [0.        , 1.56075501],
       [0.        , 1.5756526 ],
       [0.        , 1.61924696],
       [0.        , 1.62295961],
       [0.        , 1.64819396],
       [0.        , 1.65699244],
       [0.        , 1.67905593],
       [0.        , 1.70768595],
       [0.        , 1.70929575],
       [0.        , 1.7265836 ],
       [0.        , 1.72946203],
       [0.        , 1.72972155],
       [0.        , 1.7557739 ],
       [0.        , 1.77074289],
       [0.        , 1.78610659],
       [0.        , 1.79107094],
       [0.        , 1.79155624],
       [0.        , 1.8433857 ],
       [0.        , 1.8443532 ],
       [0.        , 1.84483862],
       [0.        , 1.88051164],
       [0.        , 1.89820266],
       [0.        , 1.92878532],
       [0.        , 1.931831  ],
       [0.        , 1.9342159 ],
       [0.        , 1.93521023],
       [0.        , 1.94486237],
       [0.        , 1.95460725],
       [0.        , 1.96059465],
       [0.        , 1.97942924],
       [0.        , 1.98181832],
       [0.        , 1.98796117],
       [0.        , 2.00073457],
       [0.        , 2.00470781],
       [0.        , 2.00952721],
       [0.        , 2.01361704],
       [0.        , 2.02092099],
       [0.        , 2.024544  ],
       [0.        , 2.02797842],
       [0.        , 2.03859353],
       [0.        , 2.0395937 ],
       [0.        , 2.04309845],
       [0.        , 2.06123257],
       [0.        , 2.07549834],
       [0.        , 2.07780409],
       [0.        , 2.08080649],
       [0.        , 2.08130002],
       [0.        , 2.08509803],
       [0.        , 2.08960652],
       [0.        , 2.09243965],
       [0.        , 2.09422326],
       [0.        , 2.10007644],
       [0.        , 2.1149292 ],
       [0.        , 2.11554265],
       [0.        , 2.11681676],
       [0.        , 2.11784053],
       [0.        , 2.11790848],
       [0.        , 2.12727642],
       [0.        , 2.12732577],
       [0.        , 2.14289641],
       [0.        , 2.158149  ],
       [0.        , 2.15911651],
       [0.        , 2.16199851],
       [0.        , 2.16290355],
       [0.        , 2.16377473],
       [0.        , 2.17464662],
       [0.        , 2.1763432 ],
       [0.        , 2.17686939],
       [0.        , 2.18456364],
       [0.        , 2.18785715],
       [0.        , 2.19199014],
       [0.        , 2.19656944],
       [0.        , 2.19833231],
       [0.        , 2.20428205],
       [0.        , 2.21918416],
       [0.        ,        inf]]), array([[2.15678525, 2.16176939],
       [2.01100516, 2.01155353],
       [1.79648423, 1.82543945],
       [1.7660917 , 1.7806108 ]])]",True
88,2.24157977104187,0.006913900375366211,2.0232194526629015,78.82,4.4715409841929565,5,0.08970129489898682,0.060746073722839355,0.029727983474731445,0.46,1.1020240157426586,"[array([[0.        , 1.21763885],
       [0.        , 1.50050235],
       [0.        , 1.56075501],
       [0.        , 1.5756526 ],
       [0.        , 1.63462257],
       [0.        , 1.65699244],
       [0.        , 1.67304981],
       [0.        , 1.67745805],
       [0.        , 1.69042754],
       [0.        , 1.69761336],
       [0.        , 1.70768595],
       [0.        , 1.70929575],
       [0.        , 1.7265836 ],
       [0.        , 1.72946203],
       [0.        , 1.7557739 ],
       [0.        , 1.78610659],
       [0.        , 1.79155624],
       [0.        , 1.81356204],
       [0.        , 1.81373537],
       [0.        , 1.8433857 ],
       [0.        , 1.84579301],
       [0.        , 1.88051164],
       [0.        , 1.95553291],
       [0.        , 1.96059465],
       [0.        , 1.96299124],
       [0.        , 1.98181832],
       [0.        , 2.00470781],
       [0.        , 2.01338983],
       [0.        , 2.01361704],
       [0.        , 2.02227783],
       [0.        , 2.02757215],
       [0.        , 2.03388834],
       [0.        , 2.03879833],
       [0.        , 2.0395937 ],
       [0.        , 2.06461287],
       [0.        , 2.06566978],
       [0.        , 2.0714705 ],
       [0.        , 2.08013868],
       [0.        , 2.10330892],
       [0.        , 2.10519028],
       [0.        , 2.10526919],
       [0.        , 2.11062264],
       [0.        , 2.11449552],
       [0.        , 2.11599731],
       [0.        , 2.11818337],
       [0.        , 2.12101603],
       [0.        , 2.12727642],
       [0.        , 2.13607287],
       [0.        , 2.13681054],
       [0.        , 2.13702488],
       [0.        , 2.13922262],
       [0.        , 2.1394186 ],
       [0.        , 2.14718223],
       [0.        , 2.15099502],
       [0.        , 2.15170741],
       [0.        , 2.15174818],
       [0.        , 2.15263557],
       [0.        , 2.1603334 ],
       [0.        , 2.16076827],
       [0.        , 2.16077447],
       [0.        , 2.16219473],
       [0.        , 2.16353106],
       [0.        , 2.16512728],
       [0.        , 2.16773796],
       [0.        , 2.17066979],
       [0.        , 2.17594337],
       [0.        , 2.18048167],
       [0.        , 2.18129277],
       [0.        , 2.18157864],
       [0.        , 2.18186307],
       [0.        , 2.1841104 ],
       [0.        , 2.18597937],
       [0.        , 2.18920231],
       [0.        , 2.19066429],
       [0.        , 2.19685197],
       [0.        , 2.19776535],
       [0.        , 2.20097113],
       [0.        , 2.20295262],
       [0.        , 2.20304704],
       [0.        , 2.20541906],
       [0.        , 2.20908308],
       [0.        , 2.20962119],
       [0.        , 2.21440625],
       [0.        , 2.22359276],
       [0.        , 2.22520614],
       [0.        , 2.22688079],
       [0.        , 2.23466587],
       [0.        , 2.24157977],
       [0.        ,        inf]]), array([[2.06964731, 2.08456326],
       [2.01100516, 2.01155353],
       [1.99991047, 2.08961177],
       [1.79648423, 1.82543945],
       [1.7660917 , 1.7806108 ]])]",True
128,2.245328903198242,0.010663032531738281,2.0361550971865654,115.04,4.846874227317729,5,0.02895522117614746,0.008990764617919922,0.015564513206481934,0.16,1.3720900237325644,"[array([[0.        , 1.21763885],
       [0.        , 1.48658133],
       [0.        , 1.49107373],
       [0.        , 1.50050235],
       [0.        , 1.56075501],
       [0.        , 1.5756526 ],
       [0.        , 1.62295961],
       [0.        , 1.63248897],
       [0.        , 1.63462257],
       [0.        , 1.65699244],
       [0.        , 1.69042754],
       [0.        , 1.69761336],
       [0.        , 1.70768595],
       [0.        , 1.70929575],
       [0.        , 1.7265836 ],
       [0.        , 1.72946203],
       [0.        , 1.72972155],
       [0.        , 1.7557739 ],
       [0.        , 1.77539909],
       [0.        , 1.78610659],
       [0.        , 1.79155624],
       [0.        , 1.81356204],
       [0.        , 1.8433857 ],
       [0.        , 1.84579301],
       [0.        , 1.86981142],
       [0.        , 1.90838575],
       [0.        , 1.93509984],
       [0.        , 1.94684029],
       [0.        , 1.95058262],
       [0.        , 1.96059465],
       [0.        , 1.98181832],
       [0.        , 1.98780227],
       [0.        , 2.00100923],
       [0.        , 2.00470781],
       [0.        , 2.01338983],
       [0.        , 2.02092099],
       [0.        , 2.0258038 ],
       [0.        , 2.02662611],
       [0.        , 2.03058481],
       [0.        , 2.03508449],
       [0.        , 2.03637695],
       [0.        , 2.03975034],
       [0.        , 2.04289722],
       [0.        , 2.0436542 ],
       [0.        , 2.0482471 ],
       [0.        , 2.0555501 ],
       [0.        , 2.06201553],
       [0.        , 2.06461287],
       [0.        , 2.06760812],
       [0.        , 2.07245946],
       [0.        , 2.07602096],
       [0.        , 2.0871551 ],
       [0.        , 2.09386086],
       [0.        , 2.09582663],
       [0.        , 2.09766865],
       [0.        , 2.09954023],
       [0.        , 2.10526919],
       [0.        , 2.10637903],
       [0.        , 2.10663342],
       [0.        , 2.10811687],
       [0.        , 2.11039424],
       [0.        , 2.11183429],
       [0.        , 2.11381197],
       [0.        , 2.11449552],
       [0.        , 2.11599731],
       [0.        , 2.11790848],
       [0.        , 2.11818337],
       [0.        , 2.118963  ],
       [0.        , 2.11940765],
       [0.        , 2.12096119],
       [0.        , 2.12131596],
       [0.        , 2.12515354],
       [0.        , 2.12543035],
       [0.        , 2.1264751 ],
       [0.        , 2.13209295],
       [0.        , 2.13378739],
       [0.        , 2.1394186 ],
       [0.        , 2.14306831],
       [0.        , 2.14569712],
       [0.        , 2.14645815],
       [0.        , 2.14954662],
       [0.        , 2.15099502],
       [0.        , 2.15174818],
       [0.        , 2.15212917],
       [0.        , 2.15480947],
       [0.        , 2.15484715],
       [0.        , 2.15952706],
       [0.        , 2.16077447],
       [0.        , 2.16130137],
       [0.        , 2.16219473],
       [0.        , 2.16512728],
       [0.        , 2.16521573],
       [0.        , 2.16742992],
       [0.        , 2.16815257],
       [0.        , 2.16959143],
       [0.        , 2.17256069],
       [0.        , 2.17316079],
       [0.        , 2.17419267],
       [0.        , 2.17691064],
       [0.        , 2.17702127],
       [0.        , 2.17976665],
       [0.        , 2.18007112],
       [0.        , 2.18095326],
       [0.        , 2.1841104 ],
       [0.        , 2.18479371],
       [0.        , 2.1850071 ],
       [0.        , 2.18943024],
       [0.        , 2.19066429],
       [0.        , 2.19092488],
       [0.        , 2.19331551],
       [0.        , 2.19685197],
       [0.        , 2.19688654],
       [0.        , 2.19755101],
       [0.        , 2.19829512],
       [0.        , 2.19861031],
       [0.        , 2.20143437],
       [0.        , 2.20304704],
       [0.        , 2.20778084],
       [0.        , 2.20800519],
       [0.        , 2.20908308],
       [0.        , 2.21354055],
       [0.        , 2.21440625],
       [0.        , 2.21627474],
       [0.        , 2.21982503],
       [0.        , 2.22359276],
       [0.        , 2.22520614],
       [0.        , 2.23466587],
       [0.        , 2.2453289 ],
       [0.        ,        inf]]), array([[2.12101603, 2.13485146],
       [2.06964731, 2.08961177],
       [2.01100516, 2.01155353],
       [1.79648423, 1.82543945],
       [1.7660917 , 1.7806108 ]])]",True
65,2.24157977104187,0.006913900375366211,1.9153371297396147,55.06,4.166315853046264,10,0.08970129489898682,0.05642521381378174,0.01980828046798706,0.56,1.6777024705043608,"[array([[0.        , 1.4371264 ],
       [0.        , 1.44018292],
       [0.        , 1.46674025],
       [0.        , 1.48658133],
       [0.        , 1.5276984 ],
       [0.        , 1.56075501],
       [0.        , 1.56965613],
       [0.        , 1.57512724],
       [0.        , 1.59647572],
       [0.        , 1.59986937],
       [0.        , 1.61924696],
       [0.        , 1.62295961],
       [0.        , 1.63462257],
       [0.        , 1.65699244],
       [0.        , 1.67745805],
       [0.        , 1.70768595],
       [0.        , 1.70929575],
       [0.        , 1.7265836 ],
       [0.        , 1.72946203],
       [0.        , 1.7557739 ],
       [0.        , 1.78610659],
       [0.        , 1.79107094],
       [0.        , 1.8034842 ],
       [0.        , 1.81984484],
       [0.        , 1.82882655],
       [0.        , 1.84483862],
       [0.        , 1.88819611],
       [0.        , 1.91337478],
       [0.        , 1.92526627],
       [0.        , 1.95267034],
       [0.        , 1.96008956],
       [0.        , 1.96059465],
       [0.        , 1.96572685],
       [0.        , 1.98181832],
       [0.        , 1.99719524],
       [0.        , 2.00470781],
       [0.        , 2.01546216],
       [0.        , 2.02165651],
       [0.        , 2.02301192],
       [0.        , 2.0395937 ],
       [0.        , 2.06212139],
       [0.        , 2.06866503],
       [0.        , 2.06888008],
       [0.        , 2.08797407],
       [0.        , 2.08880401],
       [0.        , 2.09247398],
       [0.        , 2.1020503 ],
       [0.        , 2.12187171],
       [0.        , 2.12687683],
       [0.        , 2.13941813],
       [0.        , 2.14446282],
       [0.        , 2.16044307],
       [0.        , 2.16180778],
       [0.        , 2.16238475],
       [0.        , 2.16248751],
       [0.        , 2.18227243],
       [0.        , 2.18597937],
       [0.        , 2.18793535],
       [0.        , 2.20962119],
       [0.        , 2.21244478],
       [0.        , 2.21469593],
       [0.        , 2.22628689],
       [0.        , 2.22688079],
       [0.        , 2.23466587],
       [0.        , 2.24157977],
       [0.        ,        inf]]), array([[2.11777306, 2.12556386],
       [2.01333785, 2.01926494],
       [2.01100516, 2.01155353],
       [2.00982809, 2.04310417],
       [1.99991047, 2.08961177],
       [1.91665983, 1.9192555 ],
       [1.84556353, 1.85533714],
       [1.79648423, 1.82543945],
       [1.78359962, 1.7885952 ],
       [1.7660917 , 1.7806108 ]])]",True
140,2.2628579139709473,0.017529010772705078,2.0651614776679446,126.54,4.937711594038064,4,0.07091236114501953,0.04195713996887207,0.028733760118484497,0.36,0.932117847887993,"[array([[0.        , 1.36758363],
       [0.        , 1.48658133],
       [0.        , 1.56075501],
       [0.        , 1.5756526 ],
       [0.        , 1.61924696],
       [0.        , 1.62295961],
       [0.        , 1.64819396],
       [0.        , 1.65699244],
       [0.        , 1.67745805],
       [0.        , 1.70768595],
       [0.        , 1.70929575],
       [0.        , 1.7265836 ],
       [0.        , 1.72946203],
       [0.        , 1.7557739 ],
       [0.        , 1.78610659],
       [0.        , 1.79107094],
       [0.        , 1.81984484],
       [0.        , 1.84483862],
       [0.        , 1.84579301],
       [0.        , 1.88051164],
       [0.        , 1.89024687],
       [0.        , 1.90838575],
       [0.        , 1.93509984],
       [0.        , 1.94292152],
       [0.        , 1.95058262],
       [0.        , 1.95952642],
       [0.        , 1.96008956],
       [0.        , 1.96059465],
       [0.        , 1.96299124],
       [0.        , 1.98181832],
       [0.        , 1.9874649 ],
       [0.        , 1.98978388],
       [0.        , 2.00100923],
       [0.        , 2.00470781],
       [0.        , 2.01075935],
       [0.        , 2.01361704],
       [0.        , 2.02092099],
       [0.        , 2.0258038 ],
       [0.        , 2.03058481],
       [0.        , 2.03325915],
       [0.        , 2.03637695],
       [0.        , 2.0395937 ],
       [0.        , 2.03975034],
       [0.        , 2.04261684],
       [0.        , 2.0436542 ],
       [0.        , 2.05956936],
       [0.        , 2.06291318],
       [0.        , 2.06380701],
       [0.        , 2.06519318],
       [0.        , 2.06737709],
       [0.        , 2.0871551 ],
       [0.        , 2.09228992],
       [0.        , 2.09386086],
       [0.        , 2.09582663],
       [0.        , 2.09766865],
       [0.        , 2.09880424],
       [0.        , 2.09954023],
       [0.        , 2.10365009],
       [0.        , 2.10780478],
       [0.        , 2.11183429],
       [0.        , 2.11341453],
       [0.        , 2.11358333],
       [0.        , 2.11449552],
       [0.        , 2.11790848],
       [0.        , 2.11940765],
       [0.        , 2.11943913],
       [0.        , 2.12078094],
       [0.        , 2.12079   ],
       [0.        , 2.12096119],
       [0.        , 2.12131596],
       [0.        , 2.13107896],
       [0.        , 2.13197541],
       [0.        , 2.13378739],
       [0.        , 2.13708043],
       [0.        , 2.13974285],
       [0.        , 2.14306831],
       [0.        , 2.14349127],
       [0.        , 2.14444375],
       [0.        , 2.14743471],
       [0.        , 2.14817619],
       [0.        , 2.14940763],
       [0.        , 2.14954662],
       [0.        , 2.15062404],
       [0.        , 2.15078449],
       [0.        , 2.15093565],
       [0.        , 2.15484715],
       [0.        , 2.156775  ],
       [0.        , 2.15917683],
       [0.        , 2.15938663],
       [0.        , 2.15952706],
       [0.        , 2.16126442],
       [0.        , 2.1635592 ],
       [0.        , 2.16815257],
       [0.        , 2.16941953],
       [0.        , 2.17021012],
       [0.        , 2.17125964],
       [0.        , 2.17202044],
       [0.        , 2.17691064],
       [0.        , 2.17702127],
       [0.        , 2.17724681],
       [0.        , 2.17797494],
       [0.        , 2.17870069],
       [0.        , 2.18007112],
       [0.        , 2.18045855],
       [0.        , 2.18424559],
       [0.        , 2.18597937],
       [0.        , 2.18957472],
       [0.        , 2.19092488],
       [0.        , 2.19331551],
       [0.        , 2.19513369],
       [0.        , 2.19656301],
       [0.        , 2.19741559],
       [0.        , 2.19829512],
       [0.        , 2.19856477],
       [0.        , 2.19861031],
       [0.        , 2.19980693],
       [0.        , 2.20143437],
       [0.        , 2.20778084],
       [0.        , 2.20800519],
       [0.        , 2.20962119],
       [0.        , 2.20998883],
       [0.        , 2.21062374],
       [0.        , 2.2121172 ],
       [0.        , 2.21318412],
       [0.        , 2.21354055],
       [0.        , 2.21404457],
       [0.        , 2.21627474],
       [0.        , 2.21982503],
       [0.        , 2.22009206],
       [0.        , 2.22624326],
       [0.        , 2.22688079],
       [0.        , 2.22762394],
       [0.        , 2.22922564],
       [0.        , 2.23264098],
       [0.        , 2.23347521],
       [0.        , 2.23499918],
       [0.        , 2.23728752],
       [0.        , 2.24157977],
       [0.        , 2.2453289 ],
       [0.        , 2.26285791],
       [0.        ,        inf]]), array([[2.01479149, 2.08570385],
       [2.01100516, 2.01155353],
       [1.79648423, 1.82543945],
       [1.7660917 , 1.7806108 ]])]",True
76,2.24157977104187,0.006913900375366211,1.9885535397027667,66.86,4.325577339049315,3,0.02895522117614746,0.014436125755310059,0.014674226442972818,0.16,0.6960262320639133,"[array([[0.        , 1.48658133],
       [0.        , 1.50050235],
       [0.        , 1.56075501],
       [0.        , 1.61924696],
       [0.        , 1.62295961],
       [0.        , 1.65699244],
       [0.        , 1.67745805],
       [0.        , 1.67905593],
       [0.        , 1.69042754],
       [0.        , 1.70768595],
       [0.        , 1.70929575],
       [0.        , 1.7265836 ],
       [0.        , 1.72946203],
       [0.        , 1.72972155],
       [0.        , 1.7557739 ],
       [0.        , 1.78610659],
       [0.        , 1.79107094],
       [0.        , 1.79155624],
       [0.        , 1.84483862],
       [0.        , 1.87725806],
       [0.        , 1.88843322],
       [0.        , 1.90838575],
       [0.        , 1.91337478],
       [0.        , 1.93802845],
       [0.        , 1.94292152],
       [0.        , 1.96059465],
       [0.        , 1.96572685],
       [0.        , 1.98181832],
       [0.        , 1.9874649 ],
       [0.        , 1.99195361],
       [0.        , 2.00470781],
       [0.        , 2.011168  ],
       [0.        , 2.01361704],
       [0.        , 2.01362753],
       [0.        , 2.01903033],
       [0.        , 2.02165651],
       [0.        , 2.02227783],
       [0.        , 2.0379529 ],
       [0.        , 2.0395937 ],
       [0.        , 2.06142616],
       [0.        , 2.06199408],
       [0.        , 2.07194972],
       [0.        , 2.08571601],
       [0.        , 2.08678246],
       [0.        , 2.08809376],
       [0.        , 2.08852363],
       [0.        , 2.08900213],
       [0.        , 2.09157562],
       [0.        , 2.09880424],
       [0.        , 2.09895802],
       [0.        , 2.1020503 ],
       [0.        , 2.10633206],
       [0.        , 2.10675669],
       [0.        , 2.10776448],
       [0.        , 2.13535953],
       [0.        , 2.15348697],
       [0.        , 2.15800667],
       [0.        , 2.16186452],
       [0.        , 2.16238475],
       [0.        , 2.16360092],
       [0.        , 2.16442323],
       [0.        , 2.17011428],
       [0.        , 2.18045855],
       [0.        , 2.18597937],
       [0.        , 2.1905427 ],
       [0.        , 2.19331551],
       [0.        , 2.19580245],
       [0.        , 2.19741559],
       [0.        , 2.20509553],
       [0.        , 2.20962119],
       [0.        , 2.21003032],
       [0.        , 2.21883011],
       [0.        , 2.21921492],
       [0.        , 2.22688079],
       [0.        , 2.23466587],
       [0.        , 2.24157977],
       [0.        ,        inf]]), array([[2.01100516, 2.01155353],
       [1.79648423, 1.82543945],
       [1.7660917 , 1.7806108 ]])]",False
99,2.24157977104187,0.0028905868530273438,2.0217900866209857,88.46,4.589483022942474,5,0.07757687568664551,0.04862165451049805,0.0283128023147583,0.42,1.1855342813000675,"[array([[0.        , 1.21763885],
       [0.        , 1.50050235],
       [0.        , 1.56075501],
       [0.        , 1.5756526 ],
       [0.        , 1.63462257],
       [0.        , 1.64819396],
       [0.        , 1.65699244],
       [0.        , 1.67304981],
       [0.        , 1.67905593],
       [0.        , 1.69042754],
       [0.        , 1.69761336],
       [0.        , 1.70768595],
       [0.        , 1.70929575],
       [0.        , 1.7265836 ],
       [0.        , 1.72946203],
       [0.        , 1.7557739 ],
       [0.        , 1.78610659],
       [0.        , 1.79155624],
       [0.        , 1.81356204],
       [0.        , 1.81373537],
       [0.        , 1.81685114],
       [0.        , 1.81817877],
       [0.        , 1.8433857 ],
       [0.        , 1.84579301],
       [0.        , 1.88051164],
       [0.        , 1.90232718],
       [0.        , 1.94013143],
       [0.        , 1.95712662],
       [0.        , 1.96059465],
       [0.        , 1.98181832],
       [0.        , 1.98849726],
       [0.        , 1.99179018],
       [0.        , 2.00470781],
       [0.        , 2.00574136],
       [0.        , 2.0060699 ],
       [0.        , 2.02905321],
       [0.        , 2.03892827],
       [0.        , 2.05574155],
       [0.        , 2.06124306],
       [0.        , 2.06461287],
       [0.        , 2.0743084 ],
       [0.        , 2.07961369],
       [0.        , 2.08609796],
       [0.        , 2.09228992],
       [0.        , 2.09254074],
       [0.        , 2.1004827 ],
       [0.        , 2.10371065],
       [0.        , 2.10524178],
       [0.        , 2.10526919],
       [0.        , 2.11449552],
       [0.        , 2.11599731],
       [0.        , 2.11818337],
       [0.        , 2.12101603],
       [0.        , 2.12540841],
       [0.        , 2.12727642],
       [0.        , 2.12790895],
       [0.        , 2.13608623],
       [0.        , 2.1394186 ],
       [0.        , 2.14405251],
       [0.        , 2.14513135],
       [0.        , 2.14667797],
       [0.        , 2.14887524],
       [0.        , 2.14925003],
       [0.        , 2.15099502],
       [0.        , 2.15174818],
       [0.        , 2.15325642],
       [0.        , 2.16077447],
       [0.        , 2.16235685],
       [0.        , 2.16353106],
       [0.        , 2.16400838],
       [0.        , 2.16512728],
       [0.        , 2.16552472],
       [0.        , 2.16564846],
       [0.        , 2.1674521 ],
       [0.        , 2.17072773],
       [0.        , 2.17230463],
       [0.        , 2.17605448],
       [0.        , 2.17709446],
       [0.        , 2.18011045],
       [0.        , 2.1841104 ],
       [0.        , 2.18438745],
       [0.        , 2.18597937],
       [0.        , 2.19066429],
       [0.        , 2.19505739],
       [0.        , 2.19685197],
       [0.        , 2.20304704],
       [0.        , 2.20552874],
       [0.        , 2.20908308],
       [0.        , 2.21588612],
       [0.        , 2.21594048],
       [0.        , 2.22082281],
       [0.        , 2.22295904],
       [0.        , 2.22359276],
       [0.        , 2.22520614],
       [0.        , 2.22688079],
       [0.        , 2.22886848],
       [0.        , 2.23466587],
       [0.        , 2.23868918],
       [0.        , 2.24157977],
       [0.        ,        inf]]), array([[2.06964731, 2.08961177],
       [2.01203489, 2.08961177],
       [2.01100516, 2.01155353],
       [1.79648423, 1.82543945],
       [1.7660917 , 1.7806108 ]])]",False
83,2.2445621490478516,0.009896278381347656,1.9867688833949078,72.84,4.411556305814888,2,0.014519095420837402,0.013970732688903809,0.007533729076385498,0.06,0.1563091551125922,"[array([[0.        , 1.21763885],
       [0.        , 1.36758363],
       [0.        , 1.48658133],
       [0.        , 1.49107373],
       [0.        , 1.50050235],
       [0.        , 1.56075501],
       [0.        , 1.5756526 ],
       [0.        , 1.62295961],
       [0.        , 1.6373446 ],
       [0.        , 1.65699244],
       [0.        , 1.69761336],
       [0.        , 1.70929575],
       [0.        , 1.7265836 ],
       [0.        , 1.72946203],
       [0.        , 1.72972155],
       [0.        , 1.74624395],
       [0.        , 1.75499403],
       [0.        , 1.7557739 ],
       [0.        , 1.76629996],
       [0.        , 1.78610659],
       [0.        , 1.79107094],
       [0.        , 1.85015476],
       [0.        , 1.87711573],
       [0.        , 1.94013143],
       [0.        , 1.94567668],
       [0.        , 1.95267034],
       [0.        , 1.96059465],
       [0.        , 1.98181832],
       [0.        , 1.98821962],
       [0.        , 1.99195361],
       [0.        , 1.99642277],
       [0.        , 2.00249386],
       [0.        , 2.00470781],
       [0.        , 2.00541258],
       [0.        , 2.00574136],
       [0.        , 2.011168  ],
       [0.        , 2.01786304],
       [0.        , 2.02165651],
       [0.        , 2.02455354],
       [0.        , 2.05465913],
       [0.        , 2.07748771],
       [0.        , 2.08730698],
       [0.        , 2.08929634],
       [0.        , 2.08998251],
       [0.        , 2.1016531 ],
       [0.        , 2.1020503 ],
       [0.        , 2.10637903],
       [0.        , 2.11202073],
       [0.        , 2.11476851],
       [0.        , 2.12610221],
       [0.        , 2.1264751 ],
       [0.        , 2.12727642],
       [0.        , 2.13078094],
       [0.        , 2.13233399],
       [0.        , 2.14019513],
       [0.        , 2.14309335],
       [0.        , 2.1460042 ],
       [0.        , 2.15387583],
       [0.        , 2.1547327 ],
       [0.        , 2.16044307],
       [0.        , 2.16119885],
       [0.        , 2.16219473],
       [0.        , 2.16238475],
       [0.        , 2.16359258],
       [0.        , 2.17396641],
       [0.        , 2.17757607],
       [0.        , 2.18928003],
       [0.        , 2.18943024],
       [0.        , 2.19688654],
       [0.        , 2.19755101],
       [0.        , 2.19776535],
       [0.        , 2.19963479],
       [0.        , 2.19981503],
       [0.        , 2.20097113],
       [0.        , 2.20211911],
       [0.        , 2.20391273],
       [0.        , 2.20861435],
       [0.        , 2.21220326],
       [0.        , 2.21440625],
       [0.        , 2.21469593],
       [0.        , 2.22886848],
       [0.        , 2.23466587],
       [0.        , 2.24456215],
       [0.        ,        inf]]), array([[2.01100516, 2.01155353],
       [1.7660917 , 1.7806108 ]])]",False
75,2.234665870666504,0.00778508186340332,1.9878111823399862,66.1,4.312106280722178,4,0.02895522117614746,0.01317286491394043,0.014951258897781372,0.16,1.0894406417480462,"[array([[0.        , 1.21763885],
       [0.        , 1.56075501],
       [0.        , 1.5756526 ],
       [0.        , 1.65699244],
       [0.        , 1.67304981],
       [0.        , 1.67745805],
       [0.        , 1.69042754],
       [0.        , 1.69761336],
       [0.        , 1.70768595],
       [0.        , 1.70929575],
       [0.        , 1.72946203],
       [0.        , 1.72972155],
       [0.        , 1.7557739 ],
       [0.        , 1.78610659],
       [0.        , 1.79107094],
       [0.        , 1.80553615],
       [0.        , 1.81373537],
       [0.        , 1.81984484],
       [0.        , 1.82882655],
       [0.        , 1.86187875],
       [0.        , 1.87100232],
       [0.        , 1.91337478],
       [0.        , 1.93769395],
       [0.        , 1.93802845],
       [0.        , 1.94535494],
       [0.        , 1.96059465],
       [0.        , 1.97163463],
       [0.        , 1.9744314 ],
       [0.        , 1.97511816],
       [0.        , 1.97524703],
       [0.        , 1.98151708],
       [0.        , 1.98181832],
       [0.        , 2.00470781],
       [0.        , 2.01362753],
       [0.        , 2.02136564],
       [0.        , 2.02165651],
       [0.        , 2.02757215],
       [0.        , 2.03879833],
       [0.        , 2.04791188],
       [0.        , 2.04794049],
       [0.        , 2.04848933],
       [0.        , 2.06420016],
       [0.        , 2.08809376],
       [0.        , 2.08852363],
       [0.        , 2.1020503 ],
       [0.        , 2.10330892],
       [0.        , 2.10526919],
       [0.        , 2.10610914],
       [0.        , 2.10633206],
       [0.        , 2.11062264],
       [0.        , 2.12727642],
       [0.        , 2.13347268],
       [0.        , 2.14234829],
       [0.        , 2.15729499],
       [0.        , 2.15800667],
       [0.        , 2.15876627],
       [0.        , 2.16076827],
       [0.        , 2.16127324],
       [0.        , 2.16238475],
       [0.        , 2.16360092],
       [0.        , 2.16442323],
       [0.        , 2.16715312],
       [0.        , 2.17064667],
       [0.        , 2.18048167],
       [0.        , 2.18129277],
       [0.        , 2.18157864],
       [0.        , 2.18186307],
       [0.        , 2.18597937],
       [0.        , 2.19580245],
       [0.        , 2.19776535],
       [0.        , 2.20509553],
       [0.        , 2.20688152],
       [0.        , 2.21921492],
       [0.        , 2.22688079],
       [0.        , 2.23466587],
       [0.        ,        inf]]), array([[2.11449552, 2.13027787],
       [2.01100516, 2.01155353],
       [1.79648423, 1.82543945],
       [1.7660917 , 1.7806108 ]])]",True
79,2.234665870666504,0.0042417049407958984,1.997699932207035,70.0,4.363550202304514,4,0.02895522117614746,0.014436125755310059,0.0119839608669281,0.12,0.9219478693984009,"[array([[0.        , 1.21763885],
       [0.        , 1.50050235],
       [0.        , 1.56075501],
       [0.        , 1.5756526 ],
       [0.        , 1.64819396],
       [0.        , 1.65699244],
       [0.        , 1.67304981],
       [0.        , 1.67905593],
       [0.        , 1.69761336],
       [0.        , 1.70768595],
       [0.        , 1.70929575],
       [0.        , 1.7265836 ],
       [0.        , 1.72946203],
       [0.        , 1.7557739 ],
       [0.        , 1.78610659],
       [0.        , 1.79107094],
       [0.        , 1.79155624],
       [0.        , 1.80106235],
       [0.        , 1.81373537],
       [0.        , 1.82405341],
       [0.        , 1.84579301],
       [0.        , 1.88843322],
       [0.        , 1.96059465],
       [0.        , 1.96413541],
       [0.        , 1.96601403],
       [0.        , 1.96992195],
       [0.        , 1.98181832],
       [0.        , 1.99143577],
       [0.        , 1.995646  ],
       [0.        , 2.00470781],
       [0.        , 2.00751996],
       [0.        , 2.011168  ],
       [0.        , 2.01362753],
       [0.        , 2.0162127 ],
       [0.        , 2.01991987],
       [0.        , 2.02547646],
       [0.        , 2.03813744],
       [0.        , 2.06519866],
       [0.        , 2.06660533],
       [0.        , 2.07158184],
       [0.        , 2.07295799],
       [0.        , 2.08180428],
       [0.        , 2.09228992],
       [0.        , 2.09247398],
       [0.        , 2.09950852],
       [0.        , 2.10633206],
       [0.        , 2.10780478],
       [0.        , 2.12081552],
       [0.        , 2.12099385],
       [0.        , 2.12450385],
       [0.        , 2.12727642],
       [0.        , 2.12846184],
       [0.        , 2.1295886 ],
       [0.        , 2.13793206],
       [0.        , 2.14408684],
       [0.        , 2.14438367],
       [0.        , 2.14612484],
       [0.        , 2.15093565],
       [0.        , 2.15387583],
       [0.        , 2.1563642 ],
       [0.        , 2.16216874],
       [0.        , 2.17992258],
       [0.        , 2.1824038 ],
       [0.        , 2.18570566],
       [0.        , 2.18597937],
       [0.        , 2.18626213],
       [0.        , 2.18793535],
       [0.        , 2.1905427 ],
       [0.        , 2.19235826],
       [0.        , 2.19627666],
       [0.        , 2.19829512],
       [0.        , 2.20580697],
       [0.        , 2.20985579],
       [0.        , 2.22295904],
       [0.        , 2.22390842],
       [0.        , 2.22688079],
       [0.        , 2.22764015],
       [0.        , 2.23042417],
       [0.        , 2.23466587],
       [0.        ,        inf]]), array([[2.22405267, 2.22796583],
       [2.01100516, 2.01155353],
       [1.79648423, 1.82543945],
       [1.7660917 , 1.7806108 ]])]",True
68,2.234665870666504,0.00778508186340332,2.005730993607465,60.44,4.214294746772963,4,0.07757687568664551,0.04862165451049805,0.028681814670562744,0.34,0.8181175486236936,"[array([[0.        , 1.21763885],
       [0.        , 1.5756526 ],
       [0.        , 1.63462257],
       [0.        , 1.64819396],
       [0.        , 1.65699244],
       [0.        , 1.67304981],
       [0.        , 1.69761336],
       [0.        , 1.70768595],
       [0.        , 1.70929575],
       [0.        , 1.72946203],
       [0.        , 1.7557739 ],
       [0.        , 1.78610659],
       [0.        , 1.79107094],
       [0.        , 1.81373537],
       [0.        , 1.81984484],
       [0.        , 1.87280309],
       [0.        , 1.90221179],
       [0.        , 1.96059465],
       [0.        , 1.9733566 ],
       [0.        , 1.97433877],
       [0.        , 1.98181832],
       [0.        , 1.98883486],
       [0.        , 1.99267936],
       [0.        , 2.00470781],
       [0.        , 2.01361704],
       [0.        , 2.02722764],
       [0.        , 2.03011322],
       [0.        , 2.04064131],
       [0.        , 2.04659915],
       [0.        , 2.04881978],
       [0.        , 2.05327082],
       [0.        , 2.06693387],
       [0.        , 2.07336283],
       [0.        , 2.0756588 ],
       [0.        , 2.0764277 ],
       [0.        , 2.07765341],
       [0.        , 2.08365822],
       [0.        , 2.08681154],
       [0.        , 2.08700299],
       [0.        , 2.09542203],
       [0.        , 2.1083951 ],
       [0.        , 2.11358333],
       [0.        , 2.117769  ],
       [0.        , 2.11810923],
       [0.        , 2.12069702],
       [0.        , 2.12181878],
       [0.        , 2.12504292],
       [0.        , 2.12858009],
       [0.        , 2.13075662],
       [0.        , 2.13800955],
       [0.        , 2.14764476],
       [0.        , 2.14887524],
       [0.        , 2.15669513],
       [0.        , 2.15729499],
       [0.        , 2.15784335],
       [0.        , 2.16049194],
       [0.        , 2.16465259],
       [0.        , 2.17396736],
       [0.        , 2.18106937],
       [0.        , 2.1850071 ],
       [0.        , 2.18597937],
       [0.        , 2.19596434],
       [0.        , 2.19852424],
       [0.        , 2.20348501],
       [0.        , 2.21364093],
       [0.        , 2.22295904],
       [0.        , 2.22688079],
       [0.        , 2.23466587],
       [0.        ,        inf]]), array([[2.13107753, 2.13872433],
       [2.01203489, 2.08961177],
       [2.01100516, 2.01155353],
       [1.79648423, 1.82543945]])]",True
79,2.2372848987579346,0.002619028091430664,2.0043334508243995,70.1,4.363609308910564,2,0.02895522117614746,0.028406858444213867,0.014751791954040527,0.14,0.0924850797144974,"[array([[0.        , 1.21763885],
       [0.        , 1.5756526 ],
       [0.        , 1.64819396],
       [0.        , 1.65699244],
       [0.        , 1.67304981],
       [0.        , 1.67905593],
       [0.        , 1.68009913],
       [0.        , 1.68343854],
       [0.        , 1.68959582],
       [0.        , 1.69042754],
       [0.        , 1.69761336],
       [0.        , 1.70768595],
       [0.        , 1.70929575],
       [0.        , 1.7265836 ],
       [0.        , 1.72946203],
       [0.        , 1.74624395],
       [0.        , 1.7557739 ],
       [0.        , 1.77539909],
       [0.        , 1.78610659],
       [0.        , 1.81373537],
       [0.        , 1.84579301],
       [0.        , 1.91665983],
       [0.        , 1.93217945],
       [0.        , 1.9601264 ],
       [0.        , 1.96059465],
       [0.        , 1.98181832],
       [0.        , 1.9874649 ],
       [0.        , 2.00470781],
       [0.        , 2.00512147],
       [0.        , 2.02165651],
       [0.        , 2.03639364],
       [0.        , 2.04178405],
       [0.        , 2.04703259],
       [0.        , 2.05651402],
       [0.        , 2.06420016],
       [0.        , 2.06519318],
       [0.        , 2.06759095],
       [0.        , 2.07423663],
       [0.        , 2.07488155],
       [0.        , 2.07828331],
       [0.        , 2.07915449],
       [0.        , 2.08405232],
       [0.        , 2.08553839],
       [0.        , 2.09815812],
       [0.        , 2.10369468],
       [0.        , 2.10526919],
       [0.        , 2.10789919],
       [0.        , 2.1107626 ],
       [0.        , 2.11079121],
       [0.        , 2.11552715],
       [0.        , 2.14234829],
       [0.        , 2.15090919],
       [0.        , 2.15669513],
       [0.        , 2.15877175],
       [0.        , 2.16151714],
       [0.        , 2.16238475],
       [0.        , 2.1630888 ],
       [0.        , 2.16727161],
       [0.        , 2.16935515],
       [0.        , 2.17101693],
       [0.        , 2.17605448],
       [0.        , 2.17905164],
       [0.        , 2.18129277],
       [0.        , 2.18438745],
       [0.        , 2.18534303],
       [0.        , 2.18597937],
       [0.        , 2.18656969],
       [0.        , 2.1905427 ],
       [0.        , 2.19867754],
       [0.        , 2.20312476],
       [0.        , 2.20745826],
       [0.        , 2.21003032],
       [0.        , 2.21354055],
       [0.        , 2.22295904],
       [0.        , 2.22422075],
       [0.        , 2.22579598],
       [0.        , 2.22688079],
       [0.        , 2.23466587],
       [0.        , 2.2372849 ],
       [0.        ,        inf]]), array([[2.01100516, 2.01155353],
       [1.79648423, 1.82543945]])]",True
97,2.213351011276245,0.005846738815307617,1.9580906248584236,84.98,4.568839809305734,6,0.02895522117614746,0.014436125755310059,0.010231256484985352,0.22,1.368046289634424,"[array([[0.        , 1.21763885],
       [0.        , 1.4371264 ],
       [0.        , 1.50050235],
       [0.        , 1.5276984 ],
       [0.        , 1.56075501],
       [0.        , 1.5756526 ],
       [0.        , 1.59647572],
       [0.        , 1.63620639],
       [0.        , 1.64583683],
       [0.        , 1.64819396],
       [0.        , 1.65235078],
       [0.        , 1.65699244],
       [0.        , 1.69761336],
       [0.        , 1.70768595],
       [0.        , 1.70929575],
       [0.        , 1.7265836 ],
       [0.        , 1.72946203],
       [0.        , 1.72972155],
       [0.        , 1.7557739 ],
       [0.        , 1.7820822 ],
       [0.        , 1.78610659],
       [0.        , 1.7890563 ],
       [0.        , 1.79107094],
       [0.        , 1.79155624],
       [0.        , 1.8010534 ],
       [0.        , 1.8034842 ],
       [0.        , 1.8049649 ],
       [0.        , 1.81356204],
       [0.        , 1.81373537],
       [0.        , 1.86817801],
       [0.        , 1.87153375],
       [0.        , 1.92324412],
       [0.        , 1.92720628],
       [0.        , 1.94724321],
       [0.        , 1.96008956],
       [0.        , 1.96059465],
       [0.        , 1.9785428 ],
       [0.        , 1.9789865 ],
       [0.        , 1.98164582],
       [0.        , 1.98181832],
       [0.        , 1.98204851],
       [0.        , 1.99139547],
       [0.        , 2.00470781],
       [0.        , 2.00853276],
       [0.        , 2.01799917],
       [0.        , 2.02102757],
       [0.        , 2.0342176 ],
       [0.        , 2.03717017],
       [0.        , 2.03731179],
       [0.        , 2.04563761],
       [0.        , 2.04950809],
       [0.        , 2.04993343],
       [0.        , 2.05193806],
       [0.        , 2.05255651],
       [0.        , 2.06039977],
       [0.        , 2.06212139],
       [0.        , 2.06770253],
       [0.        , 2.06808639],
       [0.        , 2.07092977],
       [0.        , 2.07875538],
       [0.        , 2.08593869],
       [0.        , 2.0875845 ],
       [0.        , 2.08965993],
       [0.        , 2.09187841],
       [0.        , 2.1020503 ],
       [0.        , 2.10398865],
       [0.        , 2.10663247],
       [0.        , 2.1071918 ],
       [0.        , 2.11174393],
       [0.        , 2.11370993],
       [0.        , 2.11690331],
       [0.        , 2.11830401],
       [0.        , 2.11886024],
       [0.        , 2.12112355],
       [0.        , 2.12150311],
       [0.        , 2.12270474],
       [0.        , 2.12727642],
       [0.        , 2.13239169],
       [0.        , 2.13240814],
       [0.        , 2.13416505],
       [0.        , 2.13553977],
       [0.        , 2.13940787],
       [0.        , 2.13963938],
       [0.        , 2.13980985],
       [0.        , 2.14292359],
       [0.        , 2.14465737],
       [0.        , 2.15344858],
       [0.        , 2.15456843],
       [0.        , 2.15929127],
       [0.        , 2.1619668 ],
       [0.        , 2.17983413],
       [0.        , 2.18581963],
       [0.        , 2.18597937],
       [0.        , 2.18711925],
       [0.        , 2.19861031],
       [0.        , 2.20750427],
       [0.        , 2.21335101],
       [0.        ,        inf]]), array([[2.01100516, 2.01155353],
       [1.91665983, 1.9192555 ],
       [1.84556353, 1.85533714],
       [1.79648423, 1.82543945],
       [1.78359962, 1.7885952 ],
       [1.7660917 , 1.7806108 ]])]",True
92,2.234665870666504,0.0033423900604248047,1.9699740267318229,80.26,4.516140850730207,7,0.02895522117614746,0.014436125755310059,0.009167466844831194,0.24,1.4872666733183464,"[array([[0.        , 1.21763885],
       [0.        , 1.5276984 ],
       [0.        , 1.56075501],
       [0.        , 1.5756526 ],
       [0.        , 1.60916722],
       [0.        , 1.62567163],
       [0.        , 1.63279319],
       [0.        , 1.64030313],
       [0.        , 1.64819396],
       [0.        , 1.65235078],
       [0.        , 1.65699244],
       [0.        , 1.69761336],
       [0.        , 1.70768595],
       [0.        , 1.70929575],
       [0.        , 1.7265836 ],
       [0.        , 1.72946203],
       [0.        , 1.75499403],
       [0.        , 1.7557739 ],
       [0.        , 1.7736516 ],
       [0.        , 1.77539909],
       [0.        , 1.78610659],
       [0.        , 1.79107094],
       [0.        , 1.8034842 ],
       [0.        , 1.81373537],
       [0.        , 1.81984484],
       [0.        , 1.82882655],
       [0.        , 1.90107846],
       [0.        , 1.90439463],
       [0.        , 1.90838575],
       [0.        , 1.91337478],
       [0.        , 1.93144989],
       [0.        , 1.94292152],
       [0.        , 1.96059465],
       [0.        , 1.97555959],
       [0.        , 1.97954142],
       [0.        , 1.98181832],
       [0.        , 1.98902893],
       [0.        , 1.99472117],
       [0.        , 1.99999857],
       [0.        , 2.00004077],
       [0.        , 2.00134254],
       [0.        , 2.00470781],
       [0.        , 2.00574136],
       [0.        , 2.00865674],
       [0.        , 2.00900197],
       [0.        , 2.03073621],
       [0.        , 2.03729081],
       [0.        , 2.04041696],
       [0.        , 2.04228735],
       [0.        , 2.04533505],
       [0.        , 2.04868007],
       [0.        , 2.06212139],
       [0.        , 2.06686068],
       [0.        , 2.06770301],
       [0.        , 2.06924248],
       [0.        , 2.07117534],
       [0.        , 2.07336283],
       [0.        , 2.07853556],
       [0.        , 2.09097958],
       [0.        , 2.0920155 ],
       [0.        , 2.09228992],
       [0.        , 2.09766865],
       [0.        , 2.09895706],
       [0.        , 2.11381197],
       [0.        , 2.11532998],
       [0.        , 2.12181878],
       [0.        , 2.12460232],
       [0.        , 2.12709022],
       [0.        , 2.12822866],
       [0.        , 2.12841249],
       [0.        , 2.13229799],
       [0.        , 2.13344145],
       [0.        , 2.13347268],
       [0.        , 2.14120102],
       [0.        , 2.1479187 ],
       [0.        , 2.14829516],
       [0.        , 2.15078449],
       [0.        , 2.16643238],
       [0.        , 2.16769361],
       [0.        , 2.1698947 ],
       [0.        , 2.17234612],
       [0.        , 2.17489386],
       [0.        , 2.18597937],
       [0.        , 2.19331551],
       [0.        , 2.19596434],
       [0.        , 2.19741559],
       [0.        , 2.20376325],
       [0.        , 2.20861435],
       [0.        , 2.22295904],
       [0.        , 2.22688079],
       [0.        , 2.23132348],
       [0.        , 2.23466587],
       [0.        ,        inf]]), array([[2.02184224, 2.02462697],
       [2.01100516, 2.01155353],
       [1.91665983, 1.9192555 ],
       [1.84556353, 1.85533714],
       [1.79648423, 1.82543945],
       [1.78359962, 1.7885952 ],
       [1.7660917 , 1.7806108 ]])]",True
51,2.24157977104187,0.006913900375366211,1.9196084971521414,43.26,3.9245770516028493,2,0.02895522117614746,0.028406858444213867,0.014751791954040527,0.14,0.0924850797144974,"[array([[0.        , 1.4371264 ],
       [0.        , 1.48658133],
       [0.        , 1.50050235],
       [0.        , 1.5276984 ],
       [0.        , 1.56965613],
       [0.        , 1.59986937],
       [0.        , 1.61924696],
       [0.        , 1.62295961],
       [0.        , 1.63222909],
       [0.        , 1.65699244],
       [0.        , 1.70768595],
       [0.        , 1.7265836 ],
       [0.        , 1.76633525],
       [0.        , 1.76976335],
       [0.        , 1.78359962],
       [0.        , 1.78534472],
       [0.        , 1.78610659],
       [0.        , 1.79155624],
       [0.        , 1.84483862],
       [0.        , 1.84556353],
       [0.        , 1.88051164],
       [0.        , 1.88051307],
       [0.        , 1.91337478],
       [0.        , 1.95006311],
       [0.        , 1.96008956],
       [0.        , 1.96059465],
       [0.        , 1.98181832],
       [0.        , 1.99143577],
       [0.        , 1.995646  ],
       [0.        , 2.00470781],
       [0.        , 2.00574136],
       [0.        , 2.02165651],
       [0.        , 2.0395937 ],
       [0.        , 2.04470396],
       [0.        , 2.0482471 ],
       [0.        , 2.07550907],
       [0.        , 2.1020503 ],
       [0.        , 2.10369468],
       [0.        , 2.12434077],
       [0.        , 2.1495316 ],
       [0.        , 2.16044307],
       [0.        , 2.16238475],
       [0.        , 2.18422723],
       [0.        , 2.18597937],
       [0.        , 2.18793535],
       [0.        , 2.19871211],
       [0.        , 2.20962119],
       [0.        , 2.21354055],
       [0.        , 2.22688079],
       [0.        , 2.23466587],
       [0.        , 2.24157977],
       [0.        ,        inf]]), array([[2.01100516, 2.01155353],
       [1.79648423, 1.82543945]])]",True
89,2.234665870666504,0.00778508186340332,1.9843966009911527,78.34,4.483788897727457,4,0.07757687568664551,0.04862165451049805,0.03039988875389099,0.36,0.9065595465594224,"[array([[0.        , 1.21763885],
       [0.        , 1.56075501],
       [0.        , 1.5756526 ],
       [0.        , 1.63462257],
       [0.        , 1.64819396],
       [0.        , 1.65699244],
       [0.        , 1.67304981],
       [0.        , 1.69761336],
       [0.        , 1.70768595],
       [0.        , 1.70929575],
       [0.        , 1.7265836 ],
       [0.        , 1.72946203],
       [0.        , 1.72972155],
       [0.        , 1.7557739 ],
       [0.        , 1.78610659],
       [0.        , 1.7890563 ],
       [0.        , 1.79107094],
       [0.        , 1.8010534 ],
       [0.        , 1.8049649 ],
       [0.        , 1.81373537],
       [0.        , 1.81984484],
       [0.        , 1.84579301],
       [0.        , 1.87137246],
       [0.        , 1.87153375],
       [0.        , 1.87680531],
       [0.        , 1.90838575],
       [0.        , 1.91916394],
       [0.        , 1.92720628],
       [0.        , 1.92931509],
       [0.        , 1.93006539],
       [0.        , 1.95506966],
       [0.        , 1.96008956],
       [0.        , 1.96059465],
       [0.        , 1.98181832],
       [0.        , 1.98818099],
       [0.        , 1.99475837],
       [0.        , 1.99774432],
       [0.        , 1.99919307],
       [0.        , 2.00470781],
       [0.        , 2.0191257 ],
       [0.        , 2.02544379],
       [0.        , 2.03101063],
       [0.        , 2.0342176 ],
       [0.        , 2.04563761],
       [0.        , 2.05329132],
       [0.        , 2.05480552],
       [0.        , 2.06212139],
       [0.        , 2.06869483],
       [0.        , 2.06893611],
       [0.        , 2.06986618],
       [0.        , 2.07043314],
       [0.        , 2.07729506],
       [0.        , 2.08283377],
       [0.        , 2.08612561],
       [0.        , 2.09187841],
       [0.        , 2.1020503 ],
       [0.        , 2.1071918 ],
       [0.        , 2.1109221 ],
       [0.        , 2.11107254],
       [0.        , 2.11174393],
       [0.        , 2.11812878],
       [0.        , 2.11830401],
       [0.        , 2.12205553],
       [0.        , 2.12270474],
       [0.        , 2.12331438],
       [0.        , 2.12695456],
       [0.        , 2.12727642],
       [0.        , 2.13240814],
       [0.        , 2.13619876],
       [0.        , 2.14085221],
       [0.        , 2.14292359],
       [0.        , 2.14425707],
       [0.        , 2.14465737],
       [0.        , 2.14924431],
       [0.        , 2.150985  ],
       [0.        , 2.15722322],
       [0.        , 2.15902829],
       [0.        , 2.15929127],
       [0.        , 2.16612482],
       [0.        , 2.17080736],
       [0.        , 2.17118883],
       [0.        , 2.17477584],
       [0.        , 2.17515063],
       [0.        , 2.18597937],
       [0.        , 2.18972039],
       [0.        , 2.19147611],
       [0.        , 2.21335101],
       [0.        , 2.22688079],
       [0.        , 2.23466587],
       [0.        ,        inf]]), array([[2.01203489, 2.08961177],
       [2.01100516, 2.01155353],
       [1.79648423, 1.82543945],
       [1.7660917 , 1.7806108 ]])]",False
189,2.229702949523926,0.0028221607208251953,2.012289975055311,168.9,5.2380807009255435,7,0.02895522117614746,0.008990764617919922,0.011621713638305664,0.26,1.5895505618014338,"[array([[0.        , 1.48658133],
       [0.        , 1.50050235],
       [0.        , 1.5276984 ],
       [0.        , 1.56075501],
       [0.        , 1.5756526 ],
       [0.        , 1.61924696],
       [0.        , 1.62295961],
       [0.        , 1.63279319],
       [0.        , 1.63462257],
       [0.        , 1.64030313],
       [0.        , 1.65699244],
       [0.        , 1.67905593],
       [0.        , 1.70768595],
       [0.        , 1.70929575],
       [0.        , 1.72636473],
       [0.        , 1.7265836 ],
       [0.        , 1.72946203],
       [0.        , 1.72972155],
       [0.        , 1.74276233],
       [0.        , 1.75499403],
       [0.        , 1.7557739 ],
       [0.        , 1.77019811],
       [0.        , 1.77414489],
       [0.        , 1.78610659],
       [0.        , 1.7890563 ],
       [0.        , 1.79107094],
       [0.        , 1.79155624],
       [0.        , 1.8010534 ],
       [0.        , 1.8029269 ],
       [0.        , 1.8034842 ],
       [0.        , 1.8049649 ],
       [0.        , 1.81884348],
       [0.        , 1.82882655],
       [0.        , 1.8433857 ],
       [0.        , 1.84483862],
       [0.        , 1.84579301],
       [0.        , 1.85380948],
       [0.        , 1.87153375],
       [0.        , 1.87631428],
       [0.        , 1.87793446],
       [0.        , 1.89361513],
       [0.        , 1.89521074],
       [0.        , 1.90838575],
       [0.        , 1.91093719],
       [0.        , 1.92720628],
       [0.        , 1.93220365],
       [0.        , 1.93578124],
       [0.        , 1.93794847],
       [0.        , 1.9385426 ],
       [0.        , 1.94745266],
       [0.        , 1.95640171],
       [0.        , 1.95873845],
       [0.        , 1.95936441],
       [0.        , 1.96059465],
       [0.        , 1.96153438],
       [0.        , 1.96418703],
       [0.        , 1.96532464],
       [0.        , 1.969679  ],
       [0.        , 1.97103405],
       [0.        , 1.97538769],
       [0.        , 1.97548592],
       [0.        , 1.97996604],
       [0.        , 1.98181832],
       [0.        , 1.98818099],
       [0.        , 1.99195361],
       [0.        , 1.9920181 ],
       [0.        , 1.99260271],
       [0.        , 2.00383329],
       [0.        , 2.00470781],
       [0.        , 2.01361704],
       [0.        , 2.01520133],
       [0.        , 2.02008677],
       [0.        , 2.02352524],
       [0.        , 2.03215981],
       [0.        , 2.0342176 ],
       [0.        , 2.03542757],
       [0.        , 2.03584075],
       [0.        , 2.03621101],
       [0.        , 2.03674674],
       [0.        , 2.03699803],
       [0.        , 2.03866816],
       [0.        , 2.03866839],
       [0.        , 2.0395937 ],
       [0.        , 2.04144549],
       [0.        , 2.04278898],
       [0.        , 2.04435492],
       [0.        , 2.04526162],
       [0.        , 2.04563761],
       [0.        , 2.04922318],
       [0.        , 2.0500567 ],
       [0.        , 2.0508523 ],
       [0.        , 2.05150676],
       [0.        , 2.05339718],
       [0.        , 2.06153893],
       [0.        , 2.06212139],
       [0.        , 2.06798482],
       [0.        , 2.06869483],
       [0.        , 2.06906772],
       [0.        , 2.07166862],
       [0.        , 2.07465911],
       [0.        , 2.07850528],
       [0.        , 2.07861066],
       [0.        , 2.08073258],
       [0.        , 2.0808146 ],
       [0.        , 2.08109784],
       [0.        , 2.08206177],
       [0.        , 2.08430624],
       [0.        , 2.08557439],
       [0.        , 2.09110475],
       [0.        , 2.09187841],
       [0.        , 2.09228992],
       [0.        , 2.09592819],
       [0.        , 2.09669566],
       [0.        , 2.09727359],
       [0.        , 2.09952545],
       [0.        , 2.1020503 ],
       [0.        , 2.10224128],
       [0.        , 2.10479641],
       [0.        , 2.10642195],
       [0.        , 2.1071918 ],
       [0.        , 2.11174393],
       [0.        , 2.11176157],
       [0.        , 2.1141386 ],
       [0.        , 2.11830401],
       [0.        , 2.12015653],
       [0.        , 2.120327  ],
       [0.        , 2.12205553],
       [0.        , 2.12331438],
       [0.        , 2.12379146],
       [0.        , 2.12727642],
       [0.        , 2.12733245],
       [0.        , 2.12908363],
       [0.        , 2.13095951],
       [0.        , 2.13179731],
       [0.        , 2.13240814],
       [0.        , 2.13276267],
       [0.        , 2.13354182],
       [0.        , 2.13435173],
       [0.        , 2.13512135],
       [0.        , 2.13619876],
       [0.        , 2.13841701],
       [0.        , 2.13906145],
       [0.        , 2.13994575],
       [0.        , 2.14085221],
       [0.        , 2.14215374],
       [0.        , 2.14418817],
       [0.        , 2.14465737],
       [0.        , 2.14547348],
       [0.        , 2.15083408],
       [0.        , 2.15341949],
       [0.        , 2.15387583],
       [0.        , 2.15391922],
       [0.        , 2.15550804],
       [0.        , 2.15929127],
       [0.        , 2.16083479],
       [0.        , 2.16094851],
       [0.        , 2.16180277],
       [0.        , 2.16273189],
       [0.        , 2.16422725],
       [0.        , 2.16460562],
       [0.        , 2.1706109 ],
       [0.        , 2.17078519],
       [0.        , 2.17096329],
       [0.        , 2.17150474],
       [0.        , 2.17151928],
       [0.        , 2.17443347],
       [0.        , 2.17455292],
       [0.        , 2.17477584],
       [0.        , 2.17515063],
       [0.        , 2.17598176],
       [0.        , 2.17723465],
       [0.        , 2.17774725],
       [0.        , 2.17790341],
       [0.        , 2.17898417],
       [0.        , 2.17898846],
       [0.        , 2.18472242],
       [0.        , 2.18597937],
       [0.        , 2.18762803],
       [0.        , 2.18782091],
       [0.        , 2.18972039],
       [0.        , 2.19548631],
       [0.        , 2.19685197],
       [0.        , 2.19795966],
       [0.        , 2.20580697],
       [0.        , 2.21335101],
       [0.        , 2.2217598 ],
       [0.        , 2.22275496],
       [0.        , 2.22688079],
       [0.        , 2.22970295],
       [0.        ,        inf]]), array([[2.06964731, 2.08961177],
       [2.01100516, 2.01155353],
       [1.91665983, 1.9192555 ],
       [1.84556353, 1.85533714],
       [1.79648423, 1.82543945],
       [1.78359962, 1.7885952 ],
       [1.7660917 , 1.7806108 ]])]",True
107,2.24157977104187,0.011876821517944336,1.9795125700603022,93.64,4.667572429602475,8,0.02895522117614746,0.008990764617919922,0.011516332626342773,0.3,1.7644750094272843,"[array([[0.        , 1.48658133],
       [0.        , 1.50050235],
       [0.        , 1.5276984 ],
       [0.        , 1.56075501],
       [0.        , 1.5756526 ],
       [0.        , 1.61924696],
       [0.        , 1.62295961],
       [0.        , 1.63279319],
       [0.        , 1.63462257],
       [0.        , 1.6373446 ],
       [0.        , 1.64030313],
       [0.        , 1.65699244],
       [0.        , 1.67905593],
       [0.        , 1.685745  ],
       [0.        , 1.70768595],
       [0.        , 1.70929575],
       [0.        , 1.7265836 ],
       [0.        , 1.72946203],
       [0.        , 1.72972155],
       [0.        , 1.75499403],
       [0.        , 1.7557739 ],
       [0.        , 1.78610659],
       [0.        , 1.79107094],
       [0.        , 1.79155624],
       [0.        , 1.8010534 ],
       [0.        , 1.8034842 ],
       [0.        , 1.84483862],
       [0.        , 1.84579301],
       [0.        , 1.86989427],
       [0.        , 1.87348056],
       [0.        , 1.88051164],
       [0.        , 1.88701081],
       [0.        , 1.90838575],
       [0.        , 1.91239095],
       [0.        , 1.92228591],
       [0.        , 1.94013143],
       [0.        , 1.94889605],
       [0.        , 1.96008956],
       [0.        , 1.96059465],
       [0.        , 1.96131027],
       [0.        , 1.96605027],
       [0.        , 1.98181832],
       [0.        , 1.98652315],
       [0.        , 1.98908103],
       [0.        , 2.00091004],
       [0.        , 2.00192618],
       [0.        , 2.00470781],
       [0.        , 2.00935292],
       [0.        , 2.01516485],
       [0.        , 2.02232337],
       [0.        , 2.02474332],
       [0.        , 2.02758431],
       [0.        , 2.03279924],
       [0.        , 2.0395937 ],
       [0.        , 2.04144549],
       [0.        , 2.0432539 ],
       [0.        , 2.0506351 ],
       [0.        , 2.05210209],
       [0.        , 2.05240917],
       [0.        , 2.06017375],
       [0.        , 2.06146288],
       [0.        , 2.07092977],
       [0.        , 2.07443666],
       [0.        , 2.08470941],
       [0.        , 2.09273577],
       [0.        , 2.0976913 ],
       [0.        , 2.10017586],
       [0.        , 2.10283232],
       [0.        , 2.10368085],
       [0.        , 2.10481715],
       [0.        , 2.1064949 ],
       [0.        , 2.10933733],
       [0.        , 2.11325455],
       [0.        , 2.11341453],
       [0.        , 2.11790299],
       [0.        , 2.11989212],
       [0.        , 2.12215281],
       [0.        , 2.12939334],
       [0.        , 2.13410544],
       [0.        , 2.13906145],
       [0.        , 2.13926172],
       [0.        , 2.14060926],
       [0.        , 2.15254211],
       [0.        , 2.15311313],
       [0.        , 2.15784335],
       [0.        , 2.16187239],
       [0.        , 2.16370654],
       [0.        , 2.16465259],
       [0.        , 2.16632867],
       [0.        , 2.16707921],
       [0.        , 2.16770816],
       [0.        , 2.18035507],
       [0.        , 2.18059278],
       [0.        , 2.18563461],
       [0.        , 2.18580914],
       [0.        , 2.18597937],
       [0.        , 2.18616462],
       [0.        , 2.2072823 ],
       [0.        , 2.20935607],
       [0.        , 2.20962119],
       [0.        , 2.2104187 ],
       [0.        , 2.21635842],
       [0.        , 2.22630453],
       [0.        , 2.22688079],
       [0.        , 2.22735333],
       [0.        , 2.22970295],
       [0.        , 2.24157977],
       [0.        ,        inf]]), array([[2.06964731, 2.08961177],
       [2.03370261, 2.04448128],
       [2.01100516, 2.01155353],
       [1.91665983, 1.9192555 ],
       [1.84556353, 1.85533714],
       [1.79648423, 1.82543945],
       [1.78359962, 1.7885952 ],
       [1.7660917 , 1.7806108 ]])]",True
204,2.2381412982940674,0.0016987323760986328,2.0324581025862227,183.52,5.314551616664227,7,0.02895522117614746,0.008990764617919922,0.01186725071498326,0.24,1.5137908879086128,"[array([[0.        , 1.48658133],
       [0.        , 1.50050235],
       [0.        , 1.56075501],
       [0.        , 1.5756526 ],
       [0.        , 1.61924696],
       [0.        , 1.62295961],
       [0.        , 1.62567163],
       [0.        , 1.63462257],
       [0.        , 1.6373446 ],
       [0.        , 1.65699244],
       [0.        , 1.67905593],
       [0.        , 1.69042754],
       [0.        , 1.70768595],
       [0.        , 1.70929575],
       [0.        , 1.7265836 ],
       [0.        , 1.72946203],
       [0.        , 1.72972155],
       [0.        , 1.75499403],
       [0.        , 1.7557739 ],
       [0.        , 1.77019811],
       [0.        , 1.77414489],
       [0.        , 1.78610659],
       [0.        , 1.79107094],
       [0.        , 1.79155624],
       [0.        , 1.8010534 ],
       [0.        , 1.8029269 ],
       [0.        , 1.81356204],
       [0.        , 1.82882655],
       [0.        , 1.83097112],
       [0.        , 1.83404255],
       [0.        , 1.8433857 ],
       [0.        , 1.84483862],
       [0.        , 1.84579301],
       [0.        , 1.8465364 ],
       [0.        , 1.85697579],
       [0.        , 1.85991991],
       [0.        , 1.86010993],
       [0.        , 1.86415946],
       [0.        , 1.87631428],
       [0.        , 1.88051164],
       [0.        , 1.88349247],
       [0.        , 1.89841378],
       [0.        , 1.90386808],
       [0.        , 1.90888596],
       [0.        , 1.91207659],
       [0.        , 1.93404925],
       [0.        , 1.94535494],
       [0.        , 1.94892621],
       [0.        , 1.95291579],
       [0.        , 1.95561421],
       [0.        , 1.95721555],
       [0.        , 1.95801592],
       [0.        , 1.95873845],
       [0.        , 1.96008956],
       [0.        , 1.96026504],
       [0.        , 1.96059465],
       [0.        , 1.96259427],
       [0.        , 1.96299124],
       [0.        , 1.97782552],
       [0.        , 1.9805907 ],
       [0.        , 1.98165452],
       [0.        , 1.98181832],
       [0.        , 1.98706329],
       [0.        , 1.99195361],
       [0.        , 1.99645805],
       [0.        , 2.0026114 ],
       [0.        , 2.00400758],
       [0.        , 2.00460958],
       [0.        , 2.00470781],
       [0.        , 2.01320791],
       [0.        , 2.01338983],
       [0.        , 2.01552868],
       [0.        , 2.01598787],
       [0.        , 2.0191257 ],
       [0.        , 2.02265048],
       [0.        , 2.02751303],
       [0.        , 2.03271914],
       [0.        , 2.03304148],
       [0.        , 2.03542757],
       [0.        , 2.03667521],
       [0.        , 2.03790426],
       [0.        , 2.03814721],
       [0.        , 2.0395937 ],
       [0.        , 2.0403173 ],
       [0.        , 2.04162693],
       [0.        , 2.04326797],
       [0.        , 2.04357195],
       [0.        , 2.05067873],
       [0.        , 2.05150676],
       [0.        , 2.05316973],
       [0.        , 2.05546618],
       [0.        , 2.06212139],
       [0.        , 2.0622108 ],
       [0.        , 2.06245303],
       [0.        , 2.06392837],
       [0.        , 2.06722999],
       [0.        , 2.07073188],
       [0.        , 2.07166862],
       [0.        , 2.07829595],
       [0.        , 2.0789113 ],
       [0.        , 2.08557439],
       [0.        , 2.08606124],
       [0.        , 2.08731794],
       [0.        , 2.09145594],
       [0.        , 2.0921917 ],
       [0.        , 2.09228992],
       [0.        , 2.09489965],
       [0.        , 2.09697104],
       [0.        , 2.09822941],
       [0.        , 2.09948468],
       [0.        , 2.1020503 ],
       [0.        , 2.10366654],
       [0.        , 2.10526919],
       [0.        , 2.10751581],
       [0.        , 2.10794091],
       [0.        , 2.10874772],
       [0.        , 2.10877752],
       [0.        , 2.11007595],
       [0.        , 2.11133051],
       [0.        , 2.11507273],
       [0.        , 2.11545372],
       [0.        , 2.11756635],
       [0.        , 2.11790562],
       [0.        , 2.12101603],
       [0.        , 2.12494302],
       [0.        , 2.12669253],
       [0.        , 2.12727642],
       [0.        , 2.13054109],
       [0.        , 2.13188028],
       [0.        , 2.13220453],
       [0.        , 2.13477063],
       [0.        , 2.13522649],
       [0.        , 2.13598084],
       [0.        , 2.1390698 ],
       [0.        , 2.13922262],
       [0.        , 2.14011645],
       [0.        , 2.14180303],
       [0.        , 2.1421771 ],
       [0.        , 2.14247847],
       [0.        , 2.14362073],
       [0.        , 2.14571404],
       [0.        , 2.14723301],
       [0.        , 2.15000629],
       [0.        , 2.15000725],
       [0.        , 2.15099502],
       [0.        , 2.15263677],
       [0.        , 2.15274501],
       [0.        , 2.15387583],
       [0.        , 2.15457726],
       [0.        , 2.15689397],
       [0.        , 2.15815377],
       [0.        , 2.16077447],
       [0.        , 2.16191983],
       [0.        , 2.16251564],
       [0.        , 2.16766   ],
       [0.        , 2.16782904],
       [0.        , 2.16818404],
       [0.        , 2.16840696],
       [0.        , 2.16862965],
       [0.        , 2.16923356],
       [0.        , 2.16945887],
       [0.        , 2.17196155],
       [0.        , 2.17265081],
       [0.        , 2.17280817],
       [0.        , 2.1728127 ],
       [0.        , 2.17646122],
       [0.        , 2.18171811],
       [0.        , 2.18186307],
       [0.        , 2.18347907],
       [0.        , 2.1841104 ],
       [0.        , 2.18538618],
       [0.        , 2.18597937],
       [0.        , 2.18656754],
       [0.        , 2.18816781],
       [0.        , 2.1905427 ],
       [0.        , 2.19066429],
       [0.        , 2.19258404],
       [0.        , 2.19303942],
       [0.        , 2.19316936],
       [0.        , 2.1946516 ],
       [0.        , 2.19632244],
       [0.        , 2.19641709],
       [0.        , 2.19685197],
       [0.        , 2.19795966],
       [0.        , 2.19856477],
       [0.        , 2.19904375],
       [0.        , 2.20304704],
       [0.        , 2.20348501],
       [0.        , 2.20487118],
       [0.        , 2.20580697],
       [0.        , 2.20742154],
       [0.        , 2.20908308],
       [0.        , 2.20962119],
       [0.        , 2.21769738],
       [0.        , 2.21865511],
       [0.        , 2.21921492],
       [0.        , 2.22110581],
       [0.        , 2.22359276],
       [0.        , 2.22618675],
       [0.        , 2.22688079],
       [0.        , 2.22763276],
       [0.        , 2.23466587],
       [0.        , 2.23644257],
       [0.        , 2.2381413 ],
       [0.        ,        inf]]), array([[2.11449552, 2.13027787],
       [2.06964731, 2.08961177],
       [2.01100516, 2.01155353],
       [1.90562677, 1.90812314],
       [1.87577808, 1.87658298],
       [1.79648423, 1.82543945],
       [1.7660917 , 1.7806108 ]])]",True
111,2.24845552444458,0.013789653778076172,2.0073792150428704,98.24,4.705215940670909,4,0.02895522117614746,0.008990764617919922,0.0159967839717865,0.2,1.099558307690108,"[array([[0.        , 1.48658133],
       [0.        , 1.50050235],
       [0.        , 1.56075501],
       [0.        , 1.5756526 ],
       [0.        , 1.61924696],
       [0.        , 1.62295961],
       [0.        , 1.63462257],
       [0.        , 1.65699244],
       [0.        , 1.67905593],
       [0.        , 1.69042754],
       [0.        , 1.70768595],
       [0.        , 1.70929575],
       [0.        , 1.7265836 ],
       [0.        , 1.72946203],
       [0.        , 1.7557739 ],
       [0.        , 1.78610659],
       [0.        , 1.7890563 ],
       [0.        , 1.79107094],
       [0.        , 1.79155624],
       [0.        , 1.8010534 ],
       [0.        , 1.8049649 ],
       [0.        , 1.8433857 ],
       [0.        , 1.84483862],
       [0.        , 1.84579301],
       [0.        , 1.87120271],
       [0.        , 1.87153375],
       [0.        , 1.87680531],
       [0.        , 1.88051164],
       [0.        , 1.92720628],
       [0.        , 1.94164908],
       [0.        , 1.94486237],
       [0.        , 1.96059465],
       [0.        , 1.96228302],
       [0.        , 1.96299124],
       [0.        , 1.97007179],
       [0.        , 1.97928655],
       [0.        , 1.98181832],
       [0.        , 1.98569119],
       [0.        , 1.98818099],
       [0.        , 1.98854053],
       [0.        , 1.99475837],
       [0.        , 2.00470781],
       [0.        , 2.00494075],
       [0.        , 2.01807857],
       [0.        , 2.02092099],
       [0.        , 2.0342176 ],
       [0.        , 2.0395937 ],
       [0.        , 2.04515815],
       [0.        , 2.04563761],
       [0.        , 2.04810691],
       [0.        , 2.06179881],
       [0.        , 2.06212139],
       [0.        , 2.06869483],
       [0.        , 2.07627726],
       [0.        , 2.07889342],
       [0.        , 2.08283377],
       [0.        , 2.08656883],
       [0.        , 2.09187841],
       [0.        , 2.09228992],
       [0.        , 2.09410381],
       [0.        , 2.09431434],
       [0.        , 2.09454465],
       [0.        , 2.1020503 ],
       [0.        , 2.10630274],
       [0.        , 2.1071918 ],
       [0.        , 2.10723805],
       [0.        , 2.10837984],
       [0.        , 2.10860562],
       [0.        , 2.11174393],
       [0.        , 2.11717749],
       [0.        , 2.11830401],
       [0.        , 2.11946774],
       [0.        , 2.12205553],
       [0.        , 2.12331438],
       [0.        , 2.12534022],
       [0.        , 2.12727642],
       [0.        , 2.12848735],
       [0.        , 2.1291151 ],
       [0.        , 2.13095951],
       [0.        , 2.13240814],
       [0.        , 2.13366389],
       [0.        , 2.13476014],
       [0.        , 2.13619876],
       [0.        , 2.13745117],
       [0.        , 2.14085221],
       [0.        , 2.14373899],
       [0.        , 2.14465737],
       [0.        , 2.14924431],
       [0.        , 2.15594578],
       [0.        , 2.15722322],
       [0.        , 2.15798926],
       [0.        , 2.15903974],
       [0.        , 2.15929127],
       [0.        , 2.16682696],
       [0.        , 2.16883302],
       [0.        , 2.17047071],
       [0.        , 2.17151928],
       [0.        , 2.17273211],
       [0.        , 2.1742878 ],
       [0.        , 2.17477584],
       [0.        , 2.17515063],
       [0.        , 2.18597937],
       [0.        , 2.18719625],
       [0.        , 2.18762803],
       [0.        , 2.19796062],
       [0.        , 2.20754695],
       [0.        , 2.21335101],
       [0.        , 2.22688079],
       [0.        , 2.23226523],
       [0.        , 2.23466587],
       [0.        , 2.24845552],
       [0.        ,        inf]]), array([[2.06964731, 2.08961177],
       [2.01100516, 2.01155353],
       [1.79648423, 1.82543945],
       [1.7660917 , 1.7806108 ]])]",False
78,2.243035078048706,0.0014553070068359375,2.015542658475729,69.4,4.351673756332661,3,0.02895522117614746,0.014679670333862305,0.014593044916788736,0.16,0.6936960068088842,"[array([[0.        , 1.48658133],
       [0.        , 1.50050235],
       [0.        , 1.5276984 ],
       [0.        , 1.56075501],
       [0.        , 1.61924696],
       [0.        , 1.62295961],
       [0.        , 1.65699244],
       [0.        , 1.70768595],
       [0.        , 1.71981382],
       [0.        , 1.7265836 ],
       [0.        , 1.7660917 ],
       [0.        , 1.78359962],
       [0.        , 1.78610659],
       [0.        , 1.79107094],
       [0.        , 1.79155624],
       [0.        , 1.82882655],
       [0.        , 1.84483862],
       [0.        , 1.86837685],
       [0.        , 1.88051164],
       [0.        , 1.94754362],
       [0.        , 1.95006311],
       [0.        , 1.96008956],
       [0.        , 1.96059465],
       [0.        , 1.98181832],
       [0.        , 1.98978388],
       [0.        , 1.99475837],
       [0.        , 1.99999857],
       [0.        , 2.00246549],
       [0.        , 2.00470781],
       [0.        , 2.00574136],
       [0.        , 2.02165651],
       [0.        , 2.02820706],
       [0.        , 2.03325915],
       [0.        , 2.03463054],
       [0.        , 2.03711009],
       [0.        , 2.0395937 ],
       [0.        , 2.04470396],
       [0.        , 2.08888102],
       [0.        , 2.09786129],
       [0.        , 2.1020503 ],
       [0.        , 2.10315824],
       [0.        , 2.10369468],
       [0.        , 2.10675669],
       [0.        , 2.10958099],
       [0.        , 2.11358333],
       [0.        , 2.12212706],
       [0.        , 2.12447214],
       [0.        , 2.13022423],
       [0.        , 2.13316774],
       [0.        , 2.13708043],
       [0.        , 2.13974285],
       [0.        , 2.14749479],
       [0.        , 2.14764476],
       [0.        , 2.14940763],
       [0.        , 2.15062404],
       [0.        , 2.1506691 ],
       [0.        , 2.15457726],
       [0.        , 2.15499163],
       [0.        , 2.16238475],
       [0.        , 2.16497636],
       [0.        , 2.17021012],
       [0.        , 2.18257213],
       [0.        , 2.18597937],
       [0.        , 2.19147539],
       [0.        , 2.19331551],
       [0.        , 2.19513369],
       [0.        , 2.19623375],
       [0.        , 2.19871211],
       [0.        , 2.19980693],
       [0.        , 2.20312476],
       [0.        , 2.20413828],
       [0.        , 2.20962119],
       [0.        , 2.21354055],
       [0.        , 2.22062683],
       [0.        , 2.22688079],
       [0.        , 2.23466587],
       [0.        , 2.24157977],
       [0.        , 2.24303508],
       [0.        ,        inf]]), array([[2.01100516, 2.01155353],
       [1.79648423, 1.82543945],
       [1.76633525, 1.7806108 ]])]",False
119,2.234665870666504,0.00778508186340332,2.019805086760962,106.5,4.774596012863626,7,0.08970129489898682,0.01603233814239502,0.03501061030796596,0.76,1.5537180477004715,"[array([[0.        , 1.21763885],
       [0.        , 1.50050235],
       [0.        , 1.56075501],
       [0.        , 1.5756526 ],
       [0.        , 1.63462257],
       [0.        , 1.64819396],
       [0.        , 1.65699244],
       [0.        , 1.67304981],
       [0.        , 1.67745805],
       [0.        , 1.68608284],
       [0.        , 1.69761336],
       [0.        , 1.70768595],
       [0.        , 1.70929575],
       [0.        , 1.7265836 ],
       [0.        , 1.72946203],
       [0.        , 1.7557739 ],
       [0.        , 1.78610659],
       [0.        , 1.79107094],
       [0.        , 1.79155624],
       [0.        , 1.81373537],
       [0.        , 1.81817877],
       [0.        , 1.82882655],
       [0.        , 1.84567678],
       [0.        , 1.90439463],
       [0.        , 1.91054118],
       [0.        , 1.92343378],
       [0.        , 1.94684029],
       [0.        , 1.9521091 ],
       [0.        , 1.95767033],
       [0.        , 1.96004057],
       [0.        , 1.96008956],
       [0.        , 1.96059465],
       [0.        , 1.96736288],
       [0.        , 1.97230148],
       [0.        , 1.98181832],
       [0.        , 2.00106883],
       [0.        , 2.00306177],
       [0.        , 2.0046072 ],
       [0.        , 2.00470781],
       [0.        , 2.00695181],
       [0.        , 2.01361704],
       [0.        , 2.02039218],
       [0.        , 2.02158737],
       [0.        , 2.02863526],
       [0.        , 2.03325915],
       [0.        , 2.03387308],
       [0.        , 2.03508449],
       [0.        , 2.03729081],
       [0.        , 2.0465858 ],
       [0.        , 2.05330896],
       [0.        , 2.05401158],
       [0.        , 2.05618095],
       [0.        , 2.06420016],
       [0.        , 2.06828809],
       [0.        , 2.0718565 ],
       [0.        , 2.07748771],
       [0.        , 2.08085537],
       [0.        , 2.08308339],
       [0.        , 2.09399199],
       [0.        , 2.09412599],
       [0.        , 2.09486794],
       [0.        , 2.09818912],
       [0.        , 2.09901571],
       [0.        , 2.10553002],
       [0.        , 2.1073246 ],
       [0.        , 2.10755777],
       [0.        , 2.10817885],
       [0.        , 2.11039424],
       [0.        , 2.11287212],
       [0.        , 2.11381197],
       [0.        , 2.11458039],
       [0.        , 2.11797023],
       [0.        , 2.12058401],
       [0.        , 2.12217736],
       [0.        , 2.12563491],
       [0.        , 2.12573433],
       [0.        , 2.12576175],
       [0.        , 2.12727642],
       [0.        , 2.12810349],
       [0.        , 2.12977982],
       [0.        , 2.13288474],
       [0.        , 2.13440895],
       [0.        , 2.13592935],
       [0.        , 2.13676858],
       [0.        , 2.13789535],
       [0.        , 2.14049721],
       [0.        , 2.14461255],
       [0.        , 2.14645815],
       [0.        , 2.1488843 ],
       [0.        , 2.1508379 ],
       [0.        , 2.15099502],
       [0.        , 2.15143609],
       [0.        , 2.15568066],
       [0.        , 2.16053653],
       [0.        , 2.16127324],
       [0.        , 2.16130137],
       [0.        , 2.16179252],
       [0.        , 2.16251564],
       [0.        , 2.16854644],
       [0.        , 2.16923213],
       [0.        , 2.16975117],
       [0.        , 2.17306662],
       [0.        , 2.1746428 ],
       [0.        , 2.17535162],
       [0.        , 2.17661572],
       [0.        , 2.17702127],
       [0.        , 2.17732716],
       [0.        , 2.18470526],
       [0.        , 2.18597937],
       [0.        , 2.18871403],
       [0.        , 2.19861031],
       [0.        , 2.20688152],
       [0.        , 2.21220326],
       [0.        , 2.21337962],
       [0.        , 2.21354055],
       [0.        , 2.21921492],
       [0.        , 2.22259736],
       [0.        , 2.22688079],
       [0.        , 2.23466587],
       [0.        ,        inf]]), array([[2.06964731, 2.08456326],
       [2.05638909, 2.07915449],
       [2.01203489, 2.08570385],
       [2.01100516, 2.01155353],
       [1.99991047, 2.08961177],
       [1.79648423, 1.82543945],
       [1.7660917 , 1.7806108 ]])]",False
107,2.234665870666504,0.00778508186340332,1.9882145473890216,94.28,4.668353596533329,4,0.02895522117614746,0.008990764617919922,0.013615906238555908,0.16,0.9691832156888901,"[array([[0.        , 1.48658133],
       [0.        , 1.50050235],
       [0.        , 1.5276984 ],
       [0.        , 1.53689873],
       [0.        , 1.5756526 ],
       [0.        , 1.59647572],
       [0.        , 1.61924696],
       [0.        , 1.62295961],
       [0.        , 1.63462257],
       [0.        , 1.65699244],
       [0.        , 1.70768595],
       [0.        , 1.70929575],
       [0.        , 1.7265836 ],
       [0.        , 1.72946203],
       [0.        , 1.7557739 ],
       [0.        , 1.77539909],
       [0.        , 1.78610659],
       [0.        , 1.7890563 ],
       [0.        , 1.79107094],
       [0.        , 1.79155624],
       [0.        , 1.8010534 ],
       [0.        , 1.8034842 ],
       [0.        , 1.8049649 ],
       [0.        , 1.84483862],
       [0.        , 1.84579301],
       [0.        , 1.87153375],
       [0.        , 1.87192452],
       [0.        , 1.88051307],
       [0.        , 1.90482116],
       [0.        , 1.91337478],
       [0.        , 1.92720628],
       [0.        , 1.93013585],
       [0.        , 1.9496479 ],
       [0.        , 1.96059465],
       [0.        , 1.97209823],
       [0.        , 1.98181832],
       [0.        , 1.9868803 ],
       [0.        , 1.98818099],
       [0.        , 1.99748921],
       [0.        , 1.99866235],
       [0.        , 1.99983001],
       [0.        , 2.00470781],
       [0.        , 2.00902033],
       [0.        , 2.0117898 ],
       [0.        , 2.01343679],
       [0.        , 2.02257347],
       [0.        , 2.03086257],
       [0.        , 2.0342176 ],
       [0.        , 2.0395937 ],
       [0.        , 2.04313183],
       [0.        , 2.04563761],
       [0.        , 2.04833794],
       [0.        , 2.05832839],
       [0.        , 2.06179881],
       [0.        , 2.06212139],
       [0.        , 2.06711197],
       [0.        , 2.06869483],
       [0.        , 2.06940746],
       [0.        , 2.06978869],
       [0.        , 2.07032609],
       [0.        , 2.07091999],
       [0.        , 2.07357907],
       [0.        , 2.07388496],
       [0.        , 2.07620049],
       [0.        , 2.07979941],
       [0.        , 2.08283377],
       [0.        , 2.08621335],
       [0.        , 2.09187841],
       [0.        , 2.09410381],
       [0.        , 2.0958674 ],
       [0.        , 2.1020503 ],
       [0.        , 2.10449815],
       [0.        , 2.1071918 ],
       [0.        , 2.11174393],
       [0.        , 2.11812878],
       [0.        , 2.11830401],
       [0.        , 2.12205553],
       [0.        , 2.12331438],
       [0.        , 2.12379146],
       [0.        , 2.12727642],
       [0.        , 2.12812185],
       [0.        , 2.12831187],
       [0.        , 2.1289041 ],
       [0.        , 2.12892461],
       [0.        , 2.13240814],
       [0.        , 2.13366389],
       [0.        , 2.13619876],
       [0.        , 2.13880396],
       [0.        , 2.13906145],
       [0.        , 2.14085221],
       [0.        , 2.14465737],
       [0.        , 2.14612484],
       [0.        , 2.15240669],
       [0.        , 2.15378761],
       [0.        , 2.15929127],
       [0.        , 2.16337585],
       [0.        , 2.1706109 ],
       [0.        , 2.17151928],
       [0.        , 2.17477584],
       [0.        , 2.17515063],
       [0.        , 2.18223858],
       [0.        , 2.18597937],
       [0.        , 2.18762803],
       [0.        , 2.19227266],
       [0.        , 2.21335101],
       [0.        , 2.22688079],
       [0.        , 2.23466587],
       [0.        ,        inf]]), array([[2.06964731, 2.08961177],
       [2.01100516, 2.01155353],
       [1.79648423, 1.82543945],
       [1.78359962, 1.7885952 ]])]",True
134,2.2499783039093018,0.00464940071105957,2.0504041874586645,121.0,4.893610842016422,6,0.02895522117614746,0.008990764617919922,0.015600820382436117,0.2,1.5944163720573625,"[array([[0.        , 1.21763885],
       [0.        , 1.50050235],
       [0.        , 1.56075501],
       [0.        , 1.5756526 ],
       [0.        , 1.63462257],
       [0.        , 1.65699244],
       [0.        , 1.67304981],
       [0.        , 1.69042754],
       [0.        , 1.69761336],
       [0.        , 1.70768595],
       [0.        , 1.70929575],
       [0.        , 1.7265836 ],
       [0.        , 1.72946203],
       [0.        , 1.72972155],
       [0.        , 1.7557739 ],
       [0.        , 1.78610659],
       [0.        , 1.79155624],
       [0.        , 1.81356204],
       [0.        , 1.81373537],
       [0.        , 1.82882655],
       [0.        , 1.8433857 ],
       [0.        , 1.84579301],
       [0.        , 1.90838575],
       [0.        , 1.91259432],
       [0.        , 1.93509984],
       [0.        , 1.94535494],
       [0.        , 1.95058262],
       [0.        , 1.95873845],
       [0.        , 1.96059465],
       [0.        , 1.9671334 ],
       [0.        , 1.98181832],
       [0.        , 1.99195361],
       [0.        , 2.0005517 ],
       [0.        , 2.00100923],
       [0.        , 2.00470781],
       [0.        , 2.0060699 ],
       [0.        , 2.01338983],
       [0.        , 2.01684141],
       [0.        , 2.02092099],
       [0.        , 2.0258038 ],
       [0.        , 2.03058481],
       [0.        , 2.03637695],
       [0.        , 2.0395937 ],
       [0.        , 2.03975034],
       [0.        , 2.0436542 ],
       [0.        , 2.0482471 ],
       [0.        , 2.05141068],
       [0.        , 2.05749822],
       [0.        , 2.06201553],
       [0.        , 2.0622108 ],
       [0.        , 2.06461287],
       [0.        , 2.06462646],
       [0.        , 2.07602096],
       [0.        , 2.07692361],
       [0.        , 2.0871551 ],
       [0.        , 2.09228992],
       [0.        , 2.09386086],
       [0.        , 2.09582663],
       [0.        , 2.09766865],
       [0.        , 2.09895802],
       [0.        , 2.09954023],
       [0.        , 2.1020503 ],
       [0.        , 2.10526919],
       [0.        , 2.10675669],
       [0.        , 2.11183429],
       [0.        , 2.11599731],
       [0.        , 2.11790848],
       [0.        , 2.1180191 ],
       [0.        , 2.11818337],
       [0.        , 2.11901355],
       [0.        , 2.11940765],
       [0.        , 2.12096119],
       [0.        , 2.12131596],
       [0.        , 2.12515354],
       [0.        , 2.12543035],
       [0.        , 2.13151741],
       [0.        , 2.13209295],
       [0.        , 2.13378739],
       [0.        , 2.13608623],
       [0.        , 2.13905978],
       [0.        , 2.1394186 ],
       [0.        , 2.1427083 ],
       [0.        , 2.14306831],
       [0.        , 2.14954662],
       [0.        , 2.15099502],
       [0.        , 2.15174818],
       [0.        , 2.15356588],
       [0.        , 2.15417361],
       [0.        , 2.15484715],
       [0.        , 2.15952706],
       [0.        , 2.16077447],
       [0.        , 2.16186142],
       [0.        , 2.16433668],
       [0.        , 2.16512728],
       [0.        , 2.16521573],
       [0.        , 2.16715312],
       [0.        , 2.16815257],
       [0.        , 2.17072773],
       [0.        , 2.17446303],
       [0.        , 2.17466116],
       [0.        , 2.17470407],
       [0.        , 2.1750102 ],
       [0.        , 2.17691064],
       [0.        , 2.17702127],
       [0.        , 2.18007112],
       [0.        , 2.18367195],
       [0.        , 2.1841104 ],
       [0.        , 2.18568301],
       [0.        , 2.18597937],
       [0.        , 2.19066429],
       [0.        , 2.19092488],
       [0.        , 2.19331551],
       [0.        , 2.19685197],
       [0.        , 2.19829512],
       [0.        , 2.19861031],
       [0.        , 2.20143437],
       [0.        , 2.20304704],
       [0.        , 2.2063272 ],
       [0.        , 2.20740485],
       [0.        , 2.20778084],
       [0.        , 2.20800519],
       [0.        , 2.20908308],
       [0.        , 2.21594048],
       [0.        , 2.21627474],
       [0.        , 2.21982503],
       [0.        , 2.22295904],
       [0.        , 2.22359276],
       [0.        , 2.22520614],
       [0.        , 2.22624326],
       [0.        , 2.22688079],
       [0.        , 2.23132348],
       [0.        , 2.23466587],
       [0.        , 2.2453289 ],
       [0.        , 2.2499783 ],
       [0.        ,        inf]]), array([[2.12101603, 2.13485146],
       [2.11449552, 2.13027787],
       [2.06964731, 2.08961177],
       [2.01100516, 2.01155353],
       [1.79648423, 1.82543945],
       [1.7660917 , 1.7806108 ]])]",False
66,2.24157977104187,0.006913900375366211,1.982002079486847,57.9,4.183246476614958,6,0.07757687568664551,0.04862165451049805,0.02665233612060547,0.38,1.374971545634812,"[array([[0.        , 1.48658133],
       [0.        , 1.51786327],
       [0.        , 1.5276984 ],
       [0.        , 1.56075501],
       [0.        , 1.61924696],
       [0.        , 1.62295961],
       [0.        , 1.63279319],
       [0.        , 1.63462257],
       [0.        , 1.64030313],
       [0.        , 1.64819396],
       [0.        , 1.65699244],
       [0.        , 1.70768595],
       [0.        , 1.7660917 ],
       [0.        , 1.78359962],
       [0.        , 1.78610659],
       [0.        , 1.79107094],
       [0.        , 1.8034842 ],
       [0.        , 1.81984484],
       [0.        , 1.82882655],
       [0.        , 1.84483862],
       [0.        , 1.90221179],
       [0.        , 1.91097915],
       [0.        , 1.92573452],
       [0.        , 1.9417032 ],
       [0.        , 1.96059465],
       [0.        , 1.98181832],
       [0.        , 1.98934007],
       [0.        , 1.99475837],
       [0.        , 1.99945664],
       [0.        , 2.00470781],
       [0.        , 2.02092099],
       [0.        , 2.02165651],
       [0.        , 2.03346038],
       [0.        , 2.0395937 ],
       [0.        , 2.07642269],
       [0.        , 2.07853556],
       [0.        , 2.09935641],
       [0.        , 2.11681676],
       [0.        , 2.1268878 ],
       [0.        , 2.12727642],
       [0.        , 2.13220453],
       [0.        , 2.14690351],
       [0.        , 2.14941764],
       [0.        , 2.15210414],
       [0.        , 2.15293503],
       [0.        , 2.15526485],
       [0.        , 2.15758777],
       [0.        , 2.15774941],
       [0.        , 2.15901637],
       [0.        , 2.16238475],
       [0.        , 2.16552472],
       [0.        , 2.16764212],
       [0.        , 2.17695165],
       [0.        , 2.18597937],
       [0.        , 2.18668437],
       [0.        , 2.19741559],
       [0.        , 2.19962859],
       [0.        , 2.20432663],
       [0.        , 2.20565629],
       [0.        , 2.20962119],
       [0.        , 2.21220326],
       [0.        , 2.21705937],
       [0.        , 2.22295904],
       [0.        , 2.22688079],
       [0.        , 2.23466587],
       [0.        , 2.24157977],
       [0.        ,        inf]]), array([[2.01203489, 2.08961177],
       [2.01100516, 2.01155353],
       [1.84556353, 1.85533714],
       [1.79648423, 1.82543945],
       [1.76633525, 1.7806108 ],
       [1.68343854, 1.71222293]])]",True
73,2.24157977104187,0.006913900375366211,2.0076636206613827,64.84,4.285025039585146,3,0.02895522117614746,0.014436125755310059,0.014674226442972818,0.16,0.6960262320639133,"[array([[0.        , 1.48658133],
       [0.        , 1.50050235],
       [0.        , 1.56075501],
       [0.        , 1.5756526 ],
       [0.        , 1.61924696],
       [0.        , 1.62295961],
       [0.        , 1.65699244],
       [0.        , 1.70768595],
       [0.        , 1.70929575],
       [0.        , 1.7265836 ],
       [0.        , 1.72946203],
       [0.        , 1.72972155],
       [0.        , 1.7557739 ],
       [0.        , 1.78610659],
       [0.        , 1.79107094],
       [0.        , 1.79155624],
       [0.        , 1.8010534 ],
       [0.        , 1.8433857 ],
       [0.        , 1.84483862],
       [0.        , 1.91115034],
       [0.        , 1.94221079],
       [0.        , 1.96059465],
       [0.        , 1.97272146],
       [0.        , 1.97490263],
       [0.        , 1.98181832],
       [0.        , 2.00470781],
       [0.        , 2.01025462],
       [0.        , 2.02877045],
       [0.        , 2.03040147],
       [0.        , 2.0395937 ],
       [0.        , 2.04242539],
       [0.        , 2.04289842],
       [0.        , 2.05134749],
       [0.        , 2.06496048],
       [0.        , 2.07282138],
       [0.        , 2.07294822],
       [0.        , 2.07505774],
       [0.        , 2.09228992],
       [0.        , 2.10188746],
       [0.        , 2.10366654],
       [0.        , 2.11084342],
       [0.        , 2.12020493],
       [0.        , 2.12059093],
       [0.        , 2.12101603],
       [0.        , 2.12460232],
       [0.        , 2.12509966],
       [0.        , 2.12727642],
       [0.        , 2.13236022],
       [0.        , 2.14817619],
       [0.        , 2.14983988],
       [0.        , 2.15000629],
       [0.        , 2.15009522],
       [0.        , 2.15918803],
       [0.        , 2.15939236],
       [0.        , 2.16015863],
       [0.        , 2.16347122],
       [0.        , 2.17446303],
       [0.        , 2.17988324],
       [0.        , 2.18597937],
       [0.        , 2.18877649],
       [0.        , 2.19632244],
       [0.        , 2.19685197],
       [0.        , 2.20022464],
       [0.        , 2.20484376],
       [0.        , 2.20693851],
       [0.        , 2.20962119],
       [0.        , 2.21220326],
       [0.        , 2.21448207],
       [0.        , 2.22009206],
       [0.        , 2.22666025],
       [0.        , 2.22688079],
       [0.        , 2.23466587],
       [0.        , 2.24157977],
       [0.        ,        inf]]), array([[2.01100516, 2.01155353],
       [1.79648423, 1.82543945],
       [1.7660917 , 1.7806108 ]])]",True
112,2.245898485183716,0.011232614517211914,2.0319300879325186,100.4,4.713974849027332,4,0.02895522117614746,0.014436125755310059,0.012254565954208374,0.18,0.954357740203023,"[array([[0.        , 1.21763885],
       [0.        , 1.5276984 ],
       [0.        , 1.56075501],
       [0.        , 1.5756526 ],
       [0.        , 1.64819396],
       [0.        , 1.65235078],
       [0.        , 1.65699244],
       [0.        , 1.69761336],
       [0.        , 1.69908237],
       [0.        , 1.70768595],
       [0.        , 1.70929575],
       [0.        , 1.7265836 ],
       [0.        , 1.72946203],
       [0.        , 1.7557739 ],
       [0.        , 1.79107094],
       [0.        , 1.8010534 ],
       [0.        , 1.8034842 ],
       [0.        , 1.81373537],
       [0.        , 1.81984484],
       [0.        , 1.8433857 ],
       [0.        , 1.88051164],
       [0.        , 1.8944658 ],
       [0.        , 1.91115034],
       [0.        , 1.94075572],
       [0.        , 1.94221079],
       [0.        , 1.95929766],
       [0.        , 1.96008956],
       [0.        , 1.96059465],
       [0.        , 1.96299124],
       [0.        , 1.97501123],
       [0.        , 1.97818017],
       [0.        , 1.97907972],
       [0.        , 1.98181832],
       [0.        , 1.99195361],
       [0.        , 2.00377011],
       [0.        , 2.00470781],
       [0.        , 2.01106143],
       [0.        , 2.02092099],
       [0.        , 2.03441167],
       [0.        , 2.05134749],
       [0.        , 2.05956221],
       [0.        , 2.06071401],
       [0.        , 2.0622108 ],
       [0.        , 2.06352925],
       [0.        , 2.06496048],
       [0.        , 2.06552815],
       [0.        , 2.07027817],
       [0.        , 2.07163835],
       [0.        , 2.07282138],
       [0.        , 2.08144689],
       [0.        , 2.08365822],
       [0.        , 2.08801341],
       [0.        , 2.08966041],
       [0.        , 2.09267449],
       [0.        , 2.09342027],
       [0.        , 2.09511566],
       [0.        , 2.10188746],
       [0.        , 2.10335755],
       [0.        , 2.10505223],
       [0.        , 2.11252546],
       [0.        , 2.11381197],
       [0.        , 2.11449552],
       [0.        , 2.11963964],
       [0.        , 2.12059093],
       [0.        , 2.12260938],
       [0.        , 2.12460232],
       [0.        , 2.12599707],
       [0.        , 2.12727642],
       [0.        , 2.13236022],
       [0.        , 2.14130855],
       [0.        , 2.14268899],
       [0.        , 2.14310312],
       [0.        , 2.14680648],
       [0.        , 2.14706731],
       [0.        , 2.14887524],
       [0.        , 2.15000629],
       [0.        , 2.15009522],
       [0.        , 2.15011525],
       [0.        , 2.15049624],
       [0.        , 2.15065241],
       [0.        , 2.15177035],
       [0.        , 2.15325642],
       [0.        , 2.15499163],
       [0.        , 2.15542698],
       [0.        , 2.15622497],
       [0.        , 2.15918803],
       [0.        , 2.15988922],
       [0.        , 2.16862965],
       [0.        , 2.16985536],
       [0.        , 2.17182302],
       [0.        , 2.17446303],
       [0.        , 2.17535162],
       [0.        , 2.18089604],
       [0.        , 2.18257213],
       [0.        , 2.18373609],
       [0.        , 2.18597937],
       [0.        , 2.18877649],
       [0.        , 2.19208837],
       [0.        , 2.19627666],
       [0.        , 2.19685197],
       [0.        , 2.19734788],
       [0.        , 2.19739938],
       [0.        , 2.19751668],
       [0.        , 2.19829512],
       [0.        , 2.20484376],
       [0.        , 2.20745826],
       [0.        , 2.21776342],
       [0.        , 2.22009206],
       [0.        , 2.22688079],
       [0.        , 2.22762394],
       [0.        , 2.23466587],
       [0.        , 2.24589849],
       [0.        ,        inf]]), array([[2.01100516, 2.01155353],
       [1.79648423, 1.82543945],
       [1.78359962, 1.7885952 ],
       [1.7660917 , 1.7806108 ]])]",False
120,2.2372848987579346,0.002619028091430664,2.021557436386744,107.52,4.782452027762017,7,0.02895522117614746,0.014436125755310059,0.008129000663757324,0.16,1.375752356401893,"[array([[0.        , 1.21763885],
       [0.        , 1.50050235],
       [0.        , 1.5276984 ],
       [0.        , 1.56075501],
       [0.        , 1.5756526 ],
       [0.        , 1.6373446 ],
       [0.        , 1.64941728],
       [0.        , 1.65235078],
       [0.        , 1.65699244],
       [0.        , 1.67745805],
       [0.        , 1.69761336],
       [0.        , 1.70768595],
       [0.        , 1.70929575],
       [0.        , 1.7265836 ],
       [0.        , 1.72946203],
       [0.        , 1.75499403],
       [0.        , 1.7557739 ],
       [0.        , 1.78610659],
       [0.        , 1.79107094],
       [0.        , 1.79155624],
       [0.        , 1.8060379 ],
       [0.        , 1.81373537],
       [0.        , 1.81817877],
       [0.        , 1.84556353],
       [0.        , 1.88051164],
       [0.        , 1.88843322],
       [0.        , 1.89024687],
       [0.        , 1.91337478],
       [0.        , 1.9336251 ],
       [0.        , 1.93723249],
       [0.        , 1.94013143],
       [0.        , 1.94292152],
       [0.        , 1.95267034],
       [0.        , 1.96008956],
       [0.        , 1.96059465],
       [0.        , 1.96650505],
       [0.        , 1.98181832],
       [0.        , 1.9874649 ],
       [0.        , 1.99286747],
       [0.        , 1.99416983],
       [0.        , 1.99475837],
       [0.        , 2.00254297],
       [0.        , 2.00470781],
       [0.        , 2.01075935],
       [0.        , 2.01361704],
       [0.        , 2.04499793],
       [0.        , 2.05284858],
       [0.        , 2.05400038],
       [0.        , 2.06018233],
       [0.        , 2.06024313],
       [0.        , 2.06036615],
       [0.        , 2.06291318],
       [0.        , 2.06380081],
       [0.        , 2.06380701],
       [0.        , 2.0646708 ],
       [0.        , 2.07097721],
       [0.        , 2.07295799],
       [0.        , 2.08370566],
       [0.        , 2.08868122],
       [0.        , 2.08904099],
       [0.        , 2.10123086],
       [0.        , 2.1030333 ],
       [0.        , 2.10365009],
       [0.        , 2.10780478],
       [0.        , 2.10814285],
       [0.        , 2.11341453],
       [0.        , 2.11358333],
       [0.        , 2.1173892 ],
       [0.        , 2.11883855],
       [0.        , 2.12727642],
       [0.        , 2.12732315],
       [0.        , 2.13078094],
       [0.        , 2.13172412],
       [0.        , 2.13316774],
       [0.        , 2.13591003],
       [0.        , 2.1374557 ],
       [0.        , 2.14160085],
       [0.        , 2.14349127],
       [0.        , 2.1470499 ],
       [0.        , 2.14743471],
       [0.        , 2.15078449],
       [0.        , 2.15093565],
       [0.        , 2.157758  ],
       [0.        , 2.15917683],
       [0.        , 2.16126442],
       [0.        , 2.16127324],
       [0.        , 2.16137886],
       [0.        , 2.16191506],
       [0.        , 2.16219473],
       [0.        , 2.16936278],
       [0.        , 2.1706934 ],
       [0.        , 2.17187238],
       [0.        , 2.17202044],
       [0.        , 2.17406511],
       [0.        , 2.17945552],
       [0.        , 2.18007112],
       [0.        , 2.18287706],
       [0.        , 2.18402314],
       [0.        , 2.18597937],
       [0.        , 2.18871474],
       [0.        , 2.19002247],
       [0.        , 2.19320178],
       [0.        , 2.19774055],
       [0.        , 2.19829512],
       [0.        , 2.19848704],
       [0.        , 2.19877744],
       [0.        , 2.19900918],
       [0.        , 2.20295262],
       [0.        , 2.20312476],
       [0.        , 2.20688152],
       [0.        , 2.20878911],
       [0.        , 2.20998883],
       [0.        , 2.21079731],
       [0.        , 2.2121172 ],
       [0.        , 2.21393681],
       [0.        , 2.21497726],
       [0.        , 2.22113872],
       [0.        , 2.22688079],
       [0.        , 2.23466587],
       [0.        , 2.2372849 ],
       [0.        ,        inf]]), array([[2.15228248, 2.15530205],
       [2.011168  , 2.01343751],
       [2.01100516, 2.01155353],
       [1.91665983, 1.9192555 ],
       [1.79648423, 1.82543945],
       [1.78359962, 1.7885952 ],
       [1.7660917 , 1.7806108 ]])]",True
71,2.234665870666504,0.00778508186340332,1.9728649502069178,62.02,4.2567007022962,4,0.07091236114501953,0.04195713996887207,0.028733760118484497,0.36,0.932117847887993,"[array([[0.        , 1.21763885],
       [0.        , 1.45689738],
       [0.        , 1.56075501],
       [0.        , 1.5756526 ],
       [0.        , 1.64819396],
       [0.        , 1.65699244],
       [0.        , 1.67304981],
       [0.        , 1.67745805],
       [0.        , 1.69761336],
       [0.        , 1.70768595],
       [0.        , 1.70929575],
       [0.        , 1.72946203],
       [0.        , 1.72972155],
       [0.        , 1.7557739 ],
       [0.        , 1.78610659],
       [0.        , 1.79107094],
       [0.        , 1.81373537],
       [0.        , 1.81817877],
       [0.        , 1.81984484],
       [0.        , 1.8433857 ],
       [0.        , 1.90838575],
       [0.        , 1.92621613],
       [0.        , 1.92960846],
       [0.        , 1.93936753],
       [0.        , 1.95801938],
       [0.        , 1.95809734],
       [0.        , 1.96059465],
       [0.        , 1.98138356],
       [0.        , 1.98181832],
       [0.        , 1.99195361],
       [0.        , 2.00470781],
       [0.        , 2.00575018],
       [0.        , 2.00732613],
       [0.        , 2.01538682],
       [0.        , 2.01546383],
       [0.        , 2.03178954],
       [0.        , 2.03219962],
       [0.        , 2.03711009],
       [0.        , 2.05150676],
       [0.        , 2.05162525],
       [0.        , 2.06005812],
       [0.        , 2.07005   ],
       [0.        , 2.07938075],
       [0.        , 2.09228992],
       [0.        , 2.09342027],
       [0.        , 2.09785366],
       [0.        , 2.1073246 ],
       [0.        , 2.11449552],
       [0.        , 2.11682892],
       [0.        , 2.1201067 ],
       [0.        , 2.1293869 ],
       [0.        , 2.14062572],
       [0.        , 2.14122891],
       [0.        , 2.14817619],
       [0.        , 2.14954662],
       [0.        , 2.15143609],
       [0.        , 2.15722322],
       [0.        , 2.16057587],
       [0.        , 2.16111183],
       [0.        , 2.16302228],
       [0.        , 2.16785216],
       [0.        , 2.17966628],
       [0.        , 2.17983413],
       [0.        , 2.18084216],
       [0.        , 2.18287706],
       [0.        , 2.18597937],
       [0.        , 2.18816781],
       [0.        , 2.21272111],
       [0.        , 2.22295904],
       [0.        , 2.22688079],
       [0.        , 2.23466587],
       [0.        ,        inf]]), array([[2.01479149, 2.08570385],
       [2.01100516, 2.01155353],
       [1.79648423, 1.82543945],
       [1.7660917 , 1.7806108 ]])]",False
115,2.234665870666504,0.00778508186340332,1.9777860361596813,100.76,4.7387179016220236,11,0.09172022342681885,0.0020189285278320312,0.029280998490073464,0.7,1.7083225247062335,"[array([[0.        , 1.21763885],
       [0.        , 1.4371264 ],
       [0.        , 1.50050235],
       [0.        , 1.5276984 ],
       [0.        , 1.56762123],
       [0.        , 1.5756526 ],
       [0.        , 1.59647572],
       [0.        , 1.59732878],
       [0.        , 1.63222909],
       [0.        , 1.63462257],
       [0.        , 1.64819396],
       [0.        , 1.65235078],
       [0.        , 1.65699244],
       [0.        , 1.67745805],
       [0.        , 1.67905593],
       [0.        , 1.69761336],
       [0.        , 1.70768595],
       [0.        , 1.70929575],
       [0.        , 1.7265836 ],
       [0.        , 1.72946203],
       [0.        , 1.73666823],
       [0.        , 1.75499403],
       [0.        , 1.7557739 ],
       [0.        , 1.76976335],
       [0.        , 1.78610659],
       [0.        , 1.79107094],
       [0.        , 1.79155624],
       [0.        , 1.80106235],
       [0.        , 1.8034842 ],
       [0.        , 1.81373537],
       [0.        , 1.84526014],
       [0.        , 1.84671748],
       [0.        , 1.88051164],
       [0.        , 1.88051307],
       [0.        , 1.90439463],
       [0.        , 1.90706468],
       [0.        , 1.91337478],
       [0.        , 1.92013252],
       [0.        , 1.92324412],
       [0.        , 1.94101059],
       [0.        , 1.94352698],
       [0.        , 1.95006311],
       [0.        , 1.9521091 ],
       [0.        , 1.95267034],
       [0.        , 1.95649695],
       [0.        , 1.96008956],
       [0.        , 1.96059465],
       [0.        , 1.98181832],
       [0.        , 1.9852463 ],
       [0.        , 1.99931061],
       [0.        , 2.0046072 ],
       [0.        , 2.00470781],
       [0.        , 2.00574136],
       [0.        , 2.0060699 ],
       [0.        , 2.02165651],
       [0.        , 2.03036046],
       [0.        , 2.0395937 ],
       [0.        , 2.03969002],
       [0.        , 2.04470396],
       [0.        , 2.07169318],
       [0.        , 2.07748771],
       [0.        , 2.07838488],
       [0.        , 2.07853556],
       [0.        , 2.08305931],
       [0.        , 2.08308339],
       [0.        , 2.08553839],
       [0.        , 2.09281993],
       [0.        , 2.09621525],
       [0.        , 2.10369468],
       [0.        , 2.10526919],
       [0.        , 2.11288309],
       [0.        , 2.11458039],
       [0.        , 2.11798358],
       [0.        , 2.12727642],
       [0.        , 2.12790895],
       [0.        , 2.12810349],
       [0.        , 2.13161111],
       [0.        , 2.13608623],
       [0.        , 2.1394186 ],
       [0.        , 2.14049721],
       [0.        , 2.14160514],
       [0.        , 2.14422202],
       [0.        , 2.15020084],
       [0.        , 2.15099502],
       [0.        , 2.15361881],
       [0.        , 2.15669513],
       [0.        , 2.15985823],
       [0.        , 2.16132903],
       [0.        , 2.16359258],
       [0.        , 2.16512728],
       [0.        , 2.16564846],
       [0.        , 2.16687608],
       [0.        , 2.16917896],
       [0.        , 2.17072773],
       [0.        , 2.17385387],
       [0.        , 2.1765914 ],
       [0.        , 2.17691064],
       [0.        , 2.17732716],
       [0.        , 2.17972779],
       [0.        , 2.18597937],
       [0.        , 2.18928003],
       [0.        , 2.18998146],
       [0.        , 2.19548512],
       [0.        , 2.19861031],
       [0.        , 2.19871211],
       [0.        , 2.19981503],
       [0.        , 2.21220326],
       [0.        , 2.21337962],
       [0.        , 2.21354055],
       [0.        , 2.21469593],
       [0.        , 2.21669054],
       [0.        , 2.21921492],
       [0.        , 2.22295904],
       [0.        , 2.22688079],
       [0.        , 2.23466587],
       [0.        ,        inf]]), array([[2.22520614, 2.22763753],
       [2.06964731, 2.08456326],
       [2.02184224, 2.02462697],
       [2.01203489, 2.08570385],
       [2.01100516, 2.01155353],
       [1.99991047, 2.08961177],
       [1.94153893, 2.03325915],
       [1.91665983, 1.9192555 ],
       [1.84556353, 1.85533714],
       [1.79648423, 1.82543945],
       [1.78359962, 1.7885952 ]])]",True
53,2.24157977104187,0.004294872283935547,1.9217626283753593,45.06,3.9615592639339776,6,0.02895522117614746,0.008256196975708008,0.01205215851465861,0.2,1.3879769431792581,"[array([[0.        , 1.21763885],
       [0.        , 1.48658133],
       [0.        , 1.49107373],
       [0.        , 1.50050235],
       [0.        , 1.5276984 ],
       [0.        , 1.56075501],
       [0.        , 1.62295961],
       [0.        , 1.64941728],
       [0.        , 1.65699244],
       [0.        , 1.69761336],
       [0.        , 1.70768595],
       [0.        , 1.70929575],
       [0.        , 1.7265836 ],
       [0.        , 1.72946203],
       [0.        , 1.7557739 ],
       [0.        , 1.77539909],
       [0.        , 1.78610659],
       [0.        , 1.79107094],
       [0.        , 1.79155624],
       [0.        , 1.8060379 ],
       [0.        , 1.84556353],
       [0.        , 1.88051164],
       [0.        , 1.88843322],
       [0.        , 1.91337478],
       [0.        , 1.94013143],
       [0.        , 1.94292152],
       [0.        , 1.95267034],
       [0.        , 1.96008956],
       [0.        , 1.96059465],
       [0.        , 1.98181832],
       [0.        , 1.9874649 ],
       [0.        , 2.00470781],
       [0.        , 2.011168  ],
       [0.        , 2.0395937 ],
       [0.        , 2.12727642],
       [0.        , 2.13078094],
       [0.        , 2.13347268],
       [0.        , 2.13522649],
       [0.        , 2.14817619],
       [0.        , 2.1606946 ],
       [0.        , 2.16137886],
       [0.        , 2.16552472],
       [0.        , 2.18597937],
       [0.        , 2.19627666],
       [0.        , 2.20878911],
       [0.        , 2.20962119],
       [0.        , 2.21220326],
       [0.        , 2.21886158],
       [0.        , 2.21949816],
       [0.        , 2.22688079],
       [0.        , 2.23466587],
       [0.        , 2.2372849 ],
       [0.        , 2.24157977],
       [0.        ,        inf]]), array([[2.01100516, 2.01155353],
       [1.91665983, 1.9192555 ],
       [1.79648423, 1.82543945],
       [1.78359962, 1.7885952 ],
       [1.7660917 , 1.7806108 ],
       [1.65235078, 1.67304981]])]",False
127,2.245328903198242,0.0037491321563720703,2.038134858364195,114.24,4.839636653223081,4,0.02895522117614746,0.014436125755310059,0.012254565954208374,0.18,0.954357740203023,"[array([[0.        , 1.48658133],
       [0.        , 1.50050235],
       [0.        , 1.5276984 ],
       [0.        , 1.56075501],
       [0.        , 1.5756526 ],
       [0.        , 1.58730698],
       [0.        , 1.61924696],
       [0.        , 1.62295961],
       [0.        , 1.64819396],
       [0.        , 1.65699244],
       [0.        , 1.69042754],
       [0.        , 1.70768595],
       [0.        , 1.70929575],
       [0.        , 1.7265836 ],
       [0.        , 1.72946203],
       [0.        , 1.72972155],
       [0.        , 1.7557739 ],
       [0.        , 1.78610659],
       [0.        , 1.79107094],
       [0.        , 1.79155624],
       [0.        , 1.80106235],
       [0.        , 1.82882655],
       [0.        , 1.8433857 ],
       [0.        , 1.84483862],
       [0.        , 1.84579301],
       [0.        , 1.90838575],
       [0.        , 1.91109312],
       [0.        , 1.93509984],
       [0.        , 1.95058262],
       [0.        , 1.96059465],
       [0.        , 1.98181832],
       [0.        , 1.99195361],
       [0.        , 2.00100923],
       [0.        , 2.00470781],
       [0.        , 2.00913954],
       [0.        , 2.01611137],
       [0.        , 2.02083921],
       [0.        , 2.02092099],
       [0.        , 2.0258038 ],
       [0.        , 2.03058481],
       [0.        , 2.0316422 ],
       [0.        , 2.03637695],
       [0.        , 2.0395937 ],
       [0.        , 2.03975034],
       [0.        , 2.0436542 ],
       [0.        , 2.0482471 ],
       [0.        , 2.0552001 ],
       [0.        , 2.06199408],
       [0.        , 2.0622108 ],
       [0.        , 2.06553316],
       [0.        , 2.06760097],
       [0.        , 2.07330561],
       [0.        , 2.07602096],
       [0.        , 2.0834949 ],
       [0.        , 2.0871551 ],
       [0.        , 2.08859658],
       [0.        , 2.09386086],
       [0.        , 2.09582663],
       [0.        , 2.09766865],
       [0.        , 2.09954023],
       [0.        , 2.10254693],
       [0.        , 2.10501933],
       [0.        , 2.11183429],
       [0.        , 2.1122725 ],
       [0.        , 2.11449552],
       [0.        , 2.11581659],
       [0.        , 2.11790848],
       [0.        , 2.11940765],
       [0.        , 2.12096119],
       [0.        , 2.12131596],
       [0.        , 2.12515354],
       [0.        , 2.12543035],
       [0.        , 2.12727642],
       [0.        , 2.13209295],
       [0.        , 2.13378739],
       [0.        , 2.13901687],
       [0.        , 2.14191079],
       [0.        , 2.14306831],
       [0.        , 2.1444602 ],
       [0.        , 2.14683366],
       [0.        , 2.14954662],
       [0.        , 2.14962745],
       [0.        , 2.14998245],
       [0.        , 2.15484715],
       [0.        , 2.15611219],
       [0.        , 2.15952706],
       [0.        , 2.1624589 ],
       [0.        , 2.16353106],
       [0.        , 2.16509628],
       [0.        , 2.16521573],
       [0.        , 2.16715312],
       [0.        , 2.16787982],
       [0.        , 2.16791177],
       [0.        , 2.16815257],
       [0.        , 2.1706934 ],
       [0.        , 2.17691064],
       [0.        , 2.17702127],
       [0.        , 2.18007112],
       [0.        , 2.18089604],
       [0.        , 2.18257213],
       [0.        , 2.18479371],
       [0.        , 2.18594718],
       [0.        , 2.18597937],
       [0.        , 2.18866825],
       [0.        , 2.19092488],
       [0.        , 2.19317985],
       [0.        , 2.19331551],
       [0.        , 2.19364977],
       [0.        , 2.19641709],
       [0.        , 2.19685197],
       [0.        , 2.1968689 ],
       [0.        , 2.19829512],
       [0.        , 2.19861031],
       [0.        , 2.20143437],
       [0.        , 2.20312476],
       [0.        , 2.2043066 ],
       [0.        , 2.20778084],
       [0.        , 2.20800519],
       [0.        , 2.20938039],
       [0.        , 2.20962119],
       [0.        , 2.21220326],
       [0.        , 2.21627474],
       [0.        , 2.21982503],
       [0.        , 2.22688079],
       [0.        , 2.23466587],
       [0.        , 2.24157977],
       [0.        , 2.2453289 ],
       [0.        ,        inf]]), array([[2.01100516, 2.01155353],
       [1.79648423, 1.82543945],
       [1.78359962, 1.7885952 ],
       [1.7660917 , 1.7806108 ]])]",True
235,2.24157977104187,0.0034384727478027344,2.044018852964361,212.32,5.455996671999991,11,0.02895522117614746,0.014436125755310059,0.007939707149158825,0.22,1.9804149716918853,"[array([[0.        , 1.36758363],
       [0.        , 1.48658133],
       [0.        , 1.50050235],
       [0.        , 1.5276984 ],
       [0.        , 1.56075501],
       [0.        , 1.5756526 ],
       [0.        , 1.61924696],
       [0.        , 1.62295961],
       [0.        , 1.63279319],
       [0.        , 1.64030313],
       [0.        , 1.65699244],
       [0.        , 1.67905593],
       [0.        , 1.685745  ],
       [0.        , 1.70768595],
       [0.        , 1.70929575],
       [0.        , 1.71423686],
       [0.        , 1.7265836 ],
       [0.        , 1.72946203],
       [0.        , 1.72972155],
       [0.        , 1.75499403],
       [0.        , 1.7557739 ],
       [0.        , 1.77019811],
       [0.        , 1.7736516 ],
       [0.        , 1.77414489],
       [0.        , 1.78610659],
       [0.        , 1.79107094],
       [0.        , 1.79155624],
       [0.        , 1.8010534 ],
       [0.        , 1.8029269 ],
       [0.        , 1.8034842 ],
       [0.        , 1.81356204],
       [0.        , 1.81817877],
       [0.        , 1.82882655],
       [0.        , 1.8433857 ],
       [0.        , 1.84412372],
       [0.        , 1.84483862],
       [0.        , 1.84579301],
       [0.        , 1.87348056],
       [0.        , 1.87631428],
       [0.        , 1.89379013],
       [0.        , 1.90478361],
       [0.        , 1.90838575],
       [0.        , 1.91166127],
       [0.        , 1.91588438],
       [0.        , 1.93849492],
       [0.        , 1.95066118],
       [0.        , 1.95873845],
       [0.        , 1.96008956],
       [0.        , 1.96059465],
       [0.        , 1.96123743],
       [0.        , 1.96605027],
       [0.        , 1.96959603],
       [0.        , 1.97095406],
       [0.        , 1.97284007],
       [0.        , 1.98181832],
       [0.        , 1.98545325],
       [0.        , 1.98652315],
       [0.        , 1.98934007],
       [0.        , 1.99152732],
       [0.        , 1.99179018],
       [0.        , 1.99195361],
       [0.        , 1.9923135 ],
       [0.        , 1.99471736],
       [0.        , 2.0026114 ],
       [0.        , 2.00384498],
       [0.        , 2.00460958],
       [0.        , 2.00470781],
       [0.        , 2.00935292],
       [0.        , 2.01024032],
       [0.        , 2.01552868],
       [0.        , 2.01611233],
       [0.        , 2.01942134],
       [0.        , 2.02232337],
       [0.        , 2.02622271],
       [0.        , 2.02656388],
       [0.        , 2.02964783],
       [0.        , 2.03219962],
       [0.        , 2.03402615],
       [0.        , 2.03542757],
       [0.        , 2.03711009],
       [0.        , 2.0395937 ],
       [0.        , 2.04144549],
       [0.        , 2.04326797],
       [0.        , 2.04476929],
       [0.        , 2.04733539],
       [0.        , 2.04795194],
       [0.        , 2.05087781],
       [0.        , 2.05150676],
       [0.        , 2.05316973],
       [0.        , 2.05400038],
       [0.        , 2.05885601],
       [0.        , 2.06166697],
       [0.        , 2.06180239],
       [0.        , 2.06212139],
       [0.        , 2.0622108 ],
       [0.        , 2.06392837],
       [0.        , 2.06451464],
       [0.        , 2.06556344],
       [0.        , 2.06722999],
       [0.        , 2.06798077],
       [0.        , 2.07166862],
       [0.        , 2.07344055],
       [0.        , 2.08040309],
       [0.        , 2.08500004],
       [0.        , 2.08557439],
       [0.        , 2.08587408],
       [0.        , 2.08678555],
       [0.        , 2.08700299],
       [0.        , 2.08890033],
       [0.        , 2.0921917 ],
       [0.        , 2.09228992],
       [0.        , 2.09299612],
       [0.        , 2.09348655],
       [0.        , 2.09553981],
       [0.        , 2.09697104],
       [0.        , 2.09713435],
       [0.        , 2.09822941],
       [0.        , 2.09828806],
       [0.        , 2.09948468],
       [0.        , 2.0999198 ],
       [0.        , 2.10185742],
       [0.        , 2.1020503 ],
       [0.        , 2.10283232],
       [0.        , 2.10366654],
       [0.        , 2.10368085],
       [0.        , 2.10421944],
       [0.        , 2.1073246 ],
       [0.        , 2.10751581],
       [0.        , 2.10827065],
       [0.        , 2.10874772],
       [0.        , 2.11094189],
       [0.        , 2.11109495],
       [0.        , 2.11141968],
       [0.        , 2.11327124],
       [0.        , 2.11391783],
       [0.        , 2.11533308],
       [0.        , 2.11581969],
       [0.        , 2.11620307],
       [0.        , 2.11730123],
       [0.        , 2.12169099],
       [0.        , 2.12215281],
       [0.        , 2.12858725],
       [0.        , 2.1295886 ],
       [0.        , 2.12995696],
       [0.        , 2.13054109],
       [0.        , 2.13220453],
       [0.        , 2.13410544],
       [0.        , 2.13598084],
       [0.        , 2.13809919],
       [0.        , 2.13906145],
       [0.        , 2.1390698 ],
       [0.        , 2.14249086],
       [0.        , 2.14252973],
       [0.        , 2.14418268],
       [0.        , 2.14444375],
       [0.        , 2.14968586],
       [0.        , 2.15000725],
       [0.        , 2.15057731],
       [0.        , 2.15099502],
       [0.        , 2.15143609],
       [0.        , 2.15263677],
       [0.        , 2.15294409],
       [0.        , 2.15311313],
       [0.        , 2.15387583],
       [0.        , 2.15457726],
       [0.        , 2.15533924],
       [0.        , 2.15689397],
       [0.        , 2.15776634],
       [0.        , 2.15918732],
       [0.        , 2.15918803],
       [0.        , 2.15925384],
       [0.        , 2.16092396],
       [0.        , 2.16187239],
       [0.        , 2.16251564],
       [0.        , 2.16370654],
       [0.        , 2.16441178],
       [0.        , 2.16684508],
       [0.        , 2.16707921],
       [0.        , 2.16714096],
       [0.        , 2.16766   ],
       [0.        , 2.16770816],
       [0.        , 2.16818404],
       [0.        , 2.16840696],
       [0.        , 2.16862965],
       [0.        , 2.16941953],
       [0.        , 2.17196155],
       [0.        , 2.17249274],
       [0.        , 2.1728127 ],
       [0.        , 2.17646122],
       [0.        , 2.17658663],
       [0.        , 2.17695165],
       [0.        , 2.17724681],
       [0.        , 2.17790341],
       [0.        , 2.17983413],
       [0.        , 2.18084216],
       [0.        , 2.18186307],
       [0.        , 2.18219829],
       [0.        , 2.18597937],
       [0.        , 2.18616462],
       [0.        , 2.18647051],
       [0.        , 2.18656754],
       [0.        , 2.1905427 ],
       [0.        , 2.19226599],
       [0.        , 2.19258404],
       [0.        , 2.1927197 ],
       [0.        , 2.1936276 ],
       [0.        , 2.19520044],
       [0.        , 2.19565248],
       [0.        , 2.1958065 ],
       [0.        , 2.19656301],
       [0.        , 2.19685197],
       [0.        , 2.19795966],
       [0.        , 2.19856477],
       [0.        , 2.19904375],
       [0.        , 2.20312476],
       [0.        , 2.2034595 ],
       [0.        , 2.20348501],
       [0.        , 2.20537782],
       [0.        , 2.20561337],
       [0.        , 2.20580697],
       [0.        , 2.2072823 ],
       [0.        , 2.20742154],
       [0.        , 2.20908308],
       [0.        , 2.20962119],
       [0.        , 2.2131846 ],
       [0.        , 2.21404457],
       [0.        , 2.21635842],
       [0.        , 2.22618675],
       [0.        , 2.22688079],
       [0.        , 2.22762394],
       [0.        , 2.22763276],
       [0.        , 2.22922564],
       [0.        , 2.23499918],
       [0.        , 2.2381413 ],
       [0.        , 2.24157977],
       [0.        ,        inf]]), array([[2.22970295, 2.23322296],
       [2.19366407, 2.20653844],
       [2.16923356, 2.17346525],
       [2.02667141, 2.02920985],
       [2.02184224, 2.02462697],
       [2.01100516, 2.01155353],
       [1.91665983, 1.9192555 ],
       [1.84556353, 1.85533714],
       [1.79648423, 1.82543945],
       [1.78359962, 1.7885952 ],
       [1.7660917 , 1.7806108 ]])]",False
132,2.234665870666504,0.007033109664916992,2.019917498032252,118.24,4.878816637449622,3,0.02895522117614746,0.016470670700073242,0.013996044794718424,0.12,0.6735754990440004,"[array([[0.        , 1.21763885],
       [0.        , 1.50050235],
       [0.        , 1.5756526 ],
       [0.        , 1.62567163],
       [0.        , 1.64819396],
       [0.        , 1.65699244],
       [0.        , 1.67304981],
       [0.        , 1.67905593],
       [0.        , 1.69761336],
       [0.        , 1.70768595],
       [0.        , 1.70929575],
       [0.        , 1.7265836 ],
       [0.        , 1.72946203],
       [0.        , 1.73666823],
       [0.        , 1.75499403],
       [0.        , 1.7557739 ],
       [0.        , 1.78610659],
       [0.        , 1.79155624],
       [0.        , 1.81373537],
       [0.        , 1.8433857 ],
       [0.        , 1.84579301],
       [0.        , 1.85961211],
       [0.        , 1.8696779 ],
       [0.        , 1.87507296],
       [0.        , 1.87725806],
       [0.        , 1.88051307],
       [0.        , 1.88905752],
       [0.        , 1.90838575],
       [0.        , 1.91006947],
       [0.        , 1.92324412],
       [0.        , 1.93192434],
       [0.        , 1.94312537],
       [0.        , 1.94622791],
       [0.        , 1.95332098],
       [0.        , 1.96059465],
       [0.        , 1.96986163],
       [0.        , 1.97401583],
       [0.        , 1.97518814],
       [0.        , 1.97679675],
       [0.        , 1.97956169],
       [0.        , 1.98020887],
       [0.        , 1.98181832],
       [0.        , 1.99580419],
       [0.        , 1.99967933],
       [0.        , 1.99999857],
       [0.        , 2.00470781],
       [0.        , 2.0060699 ],
       [0.        , 2.00659752],
       [0.        , 2.00705266],
       [0.        , 2.01154661],
       [0.        , 2.01338983],
       [0.        , 2.01493216],
       [0.        , 2.01765537],
       [0.        , 2.02488256],
       [0.        , 2.03564405],
       [0.        , 2.03726459],
       [0.        , 2.03837156],
       [0.        , 2.05364799],
       [0.        , 2.05616641],
       [0.        , 2.06162119],
       [0.        , 2.06179714],
       [0.        , 2.06199408],
       [0.        , 2.06212139],
       [0.        , 2.06457019],
       [0.        , 2.06912827],
       [0.        , 2.08862042],
       [0.        , 2.08900213],
       [0.        , 2.0928185 ],
       [0.        , 2.09621525],
       [0.        , 2.09722781],
       [0.        , 2.09999847],
       [0.        , 2.10052919],
       [0.        , 2.10123086],
       [0.        , 2.1016283 ],
       [0.        , 2.1020503 ],
       [0.        , 2.10516858],
       [0.        , 2.10526919],
       [0.        , 2.10847497],
       [0.        , 2.11599731],
       [0.        , 2.11873531],
       [0.        , 2.11916351],
       [0.        , 2.12107897],
       [0.        , 2.12181878],
       [0.        , 2.12187171],
       [0.        , 2.12326312],
       [0.        , 2.12389302],
       [0.        , 2.12563491],
       [0.        , 2.12621832],
       [0.        , 2.12689543],
       [0.        , 2.12732315],
       [0.        , 2.12790895],
       [0.        , 2.12933064],
       [0.        , 2.13229799],
       [0.        , 2.13258648],
       [0.        , 2.13347268],
       [0.        , 2.13414431],
       [0.        , 2.13535953],
       [0.        , 2.1394186 ],
       [0.        , 2.1404233 ],
       [0.        , 2.14173055],
       [0.        , 2.14302421],
       [0.        , 2.1460042 ],
       [0.        , 2.15000725],
       [0.        , 2.1500299 ],
       [0.        , 2.15099502],
       [0.        , 2.15158772],
       [0.        , 2.15467215],
       [0.        , 2.15669513],
       [0.        , 2.16186452],
       [0.        , 2.16238475],
       [0.        , 2.16353106],
       [0.        , 2.16373992],
       [0.        , 2.16552472],
       [0.        , 2.16839337],
       [0.        , 2.16966462],
       [0.        , 2.17072773],
       [0.        , 2.1712358 ],
       [0.        , 2.1765914 ],
       [0.        , 2.18129277],
       [0.        , 2.18597937],
       [0.        , 2.18989921],
       [0.        , 2.19208837],
       [0.        , 2.19685197],
       [0.        , 2.19829512],
       [0.        , 2.19994307],
       [0.        , 2.20800519],
       [0.        , 2.21669054],
       [0.        , 2.21886158],
       [0.        , 2.22295904],
       [0.        , 2.22688079],
       [0.        , 2.22763276],
       [0.        , 2.23466587],
       [0.        ,        inf]]), array([[2.11790848, 2.13039303],
       [2.01100516, 2.01155353],
       [1.79648423, 1.82543945]])]",True
82,2.24157977104187,0.006913900375366211,1.9815133795505617,71.82,4.3995351259892175,5,0.07091236114501953,0.04195713996887207,0.025222110748291015,0.3,1.1097056338026836,"[array([[0.        , 1.21763885],
       [0.        , 1.36758363],
       [0.        , 1.48658133],
       [0.        , 1.49107373],
       [0.        , 1.5276984 ],
       [0.        , 1.5756526 ],
       [0.        , 1.62295961],
       [0.        , 1.64819396],
       [0.        , 1.65699244],
       [0.        , 1.67745805],
       [0.        , 1.69761336],
       [0.        , 1.70768595],
       [0.        , 1.70929575],
       [0.        , 1.71981382],
       [0.        , 1.72946203],
       [0.        , 1.73666823],
       [0.        , 1.7557739 ],
       [0.        , 1.76976335],
       [0.        , 1.78610659],
       [0.        , 1.79107094],
       [0.        , 1.81984484],
       [0.        , 1.8433857 ],
       [0.        , 1.86837685],
       [0.        , 1.88051307],
       [0.        , 1.90221179],
       [0.        , 1.90706468],
       [0.        , 1.91337478],
       [0.        , 1.94074023],
       [0.        , 1.95006311],
       [0.        , 1.96008956],
       [0.        , 1.96059465],
       [0.        , 1.98181832],
       [0.        , 1.98978388],
       [0.        , 1.99197137],
       [0.        , 2.00470781],
       [0.        , 2.00574136],
       [0.        , 2.02165651],
       [0.        , 2.03044891],
       [0.        , 2.03699946],
       [0.        , 2.0395937 ],
       [0.        , 2.04470396],
       [0.        , 2.06565523],
       [0.        , 2.09462237],
       [0.        , 2.09553981],
       [0.        , 2.1020503 ],
       [0.        , 2.10369468],
       [0.        , 2.10637903],
       [0.        , 2.10696721],
       [0.        , 2.11391783],
       [0.        , 2.11689472],
       [0.        , 2.11798358],
       [0.        , 2.12727642],
       [0.        , 2.13347268],
       [0.        , 2.13708043],
       [0.        , 2.13972378],
       [0.        , 2.13974285],
       [0.        , 2.14299417],
       [0.        , 2.14432025],
       [0.        , 2.14940763],
       [0.        , 2.15062404],
       [0.        , 2.15143609],
       [0.        , 2.157758  ],
       [0.        , 2.16238475],
       [0.        , 2.17021012],
       [0.        , 2.18373609],
       [0.        , 2.18577552],
       [0.        , 2.18597937],
       [0.        , 2.19513369],
       [0.        , 2.19840693],
       [0.        , 2.19871211],
       [0.        , 2.19980693],
       [0.        , 2.20312476],
       [0.        , 2.20962119],
       [0.        , 2.21354055],
       [0.        , 2.21440625],
       [0.        , 2.21640301],
       [0.        , 2.2208271 ],
       [0.        , 2.22520614],
       [0.        , 2.22688079],
       [0.        , 2.23138404],
       [0.        , 2.23466587],
       [0.        , 2.24157977],
       [0.        ,        inf]]), array([[2.01479149, 2.08570385],
       [2.01100516, 2.01155353],
       [1.79648423, 1.82543945],
       [1.78359962, 1.7885952 ],
       [1.65235078, 1.67304981]])]",True
204,2.2628579139709473,0.024168729782104492,2.0521670147484423,183.46,5.314331517039122,5,0.02895522117614746,0.014436125755310059,0.010311341285705567,0.2,1.1036283686632464,"[array([[0.        , 1.21763885],
       [0.        , 1.50050235],
       [0.        , 1.5276984 ],
       [0.        , 1.53689873],
       [0.        , 1.56075501],
       [0.        , 1.5756526 ],
       [0.        , 1.59647572],
       [0.        , 1.65235078],
       [0.        , 1.65699244],
       [0.        , 1.67905593],
       [0.        , 1.69761336],
       [0.        , 1.70768595],
       [0.        , 1.70929575],
       [0.        , 1.7265836 ],
       [0.        , 1.72946203],
       [0.        , 1.72972155],
       [0.        , 1.75499403],
       [0.        , 1.7557739 ],
       [0.        , 1.77019811],
       [0.        , 1.77414489],
       [0.        , 1.78610659],
       [0.        , 1.79107094],
       [0.        , 1.79155624],
       [0.        , 1.8010534 ],
       [0.        , 1.8029269 ],
       [0.        , 1.8034842 ],
       [0.        , 1.81356204],
       [0.        , 1.81373537],
       [0.        , 1.82882655],
       [0.        , 1.8433857 ],
       [0.        , 1.84579301],
       [0.        , 1.87631428],
       [0.        , 1.87676966],
       [0.        , 1.88051164],
       [0.        , 1.91337478],
       [0.        , 1.94292152],
       [0.        , 1.94510925],
       [0.        , 1.95873845],
       [0.        , 1.96059465],
       [0.        , 1.97574365],
       [0.        , 1.98181832],
       [0.        , 1.9874649 ],
       [0.        , 1.98891318],
       [0.        , 1.98934007],
       [0.        , 1.99195361],
       [0.        , 1.99473119],
       [0.        , 1.99475837],
       [0.        , 1.99645805],
       [0.        , 2.0026114 ],
       [0.        , 2.00265813],
       [0.        , 2.00312591],
       [0.        , 2.00345302],
       [0.        , 2.00460958],
       [0.        , 2.00470781],
       [0.        , 2.00982809],
       [0.        , 2.01024032],
       [0.        , 2.01046205],
       [0.        , 2.0142951 ],
       [0.        , 2.01552868],
       [0.        , 2.02317476],
       [0.        , 2.02622271],
       [0.        , 2.02751303],
       [0.        , 2.03219962],
       [0.        , 2.03542757],
       [0.        , 2.03545594],
       [0.        , 2.03564405],
       [0.        , 2.03667521],
       [0.        , 2.03964782],
       [0.        , 2.04326797],
       [0.        , 2.04795194],
       [0.        , 2.05087781],
       [0.        , 2.05150676],
       [0.        , 2.05316973],
       [0.        , 2.06180239],
       [0.        , 2.0622108 ],
       [0.        , 2.06392837],
       [0.        , 2.06451464],
       [0.        , 2.06722999],
       [0.        , 2.07166862],
       [0.        , 2.07450914],
       [0.        , 2.0756588 ],
       [0.        , 2.07735944],
       [0.        , 2.0789113 ],
       [0.        , 2.08470941],
       [0.        , 2.08557439],
       [0.        , 2.08571601],
       [0.        , 2.08700299],
       [0.        , 2.08951664],
       [0.        , 2.0913229 ],
       [0.        , 2.09170532],
       [0.        , 2.0921917 ],
       [0.        , 2.09228992],
       [0.        , 2.09348655],
       [0.        , 2.09435344],
       [0.        , 2.09511876],
       [0.        , 2.09697104],
       [0.        , 2.09713435],
       [0.        , 2.09822941],
       [0.        , 2.09948468],
       [0.        , 2.10185742],
       [0.        , 2.10366654],
       [0.        , 2.10448861],
       [0.        , 2.1073246 ],
       [0.        , 2.10751581],
       [0.        , 2.10874772],
       [0.        , 2.10918784],
       [0.        , 2.11082435],
       [0.        , 2.112679  ],
       [0.        , 2.11391997],
       [0.        , 2.11429381],
       [0.        , 2.11583662],
       [0.        , 2.11628366],
       [0.        , 2.11730123],
       [0.        , 2.11991858],
       [0.        , 2.12098598],
       [0.        , 2.12456393],
       [0.        , 2.12494302],
       [0.        , 2.12727642],
       [0.        , 2.13054109],
       [0.        , 2.13220453],
       [0.        , 2.1325562 ],
       [0.        , 2.13350391],
       [0.        , 2.13438249],
       [0.        , 2.13598084],
       [0.        , 2.1390698 ],
       [0.        , 2.14341927],
       [0.        , 2.14418268],
       [0.        , 2.14723301],
       [0.        , 2.15000725],
       [0.        , 2.15070128],
       [0.        , 2.15099502],
       [0.        , 2.15143609],
       [0.        , 2.15263677],
       [0.        , 2.15387583],
       [0.        , 2.15435791],
       [0.        , 2.15457726],
       [0.        , 2.156775  ],
       [0.        , 2.15689397],
       [0.        , 2.15800667],
       [0.        , 2.16186452],
       [0.        , 2.16244912],
       [0.        , 2.16251564],
       [0.        , 2.16714096],
       [0.        , 2.16766   ],
       [0.        , 2.16782904],
       [0.        , 2.16818404],
       [0.        , 2.16840696],
       [0.        , 2.16862965],
       [0.        , 2.16912532],
       [0.        , 2.16923356],
       [0.        , 2.17196155],
       [0.        , 2.17249274],
       [0.        , 2.17267561],
       [0.        , 2.1728127 ],
       [0.        , 2.17411685],
       [0.        , 2.17646122],
       [0.        , 2.17726803],
       [0.        , 2.17983413],
       [0.        , 2.18035817],
       [0.        , 2.18084216],
       [0.        , 2.18129277],
       [0.        , 2.1814189 ],
       [0.        , 2.18171811],
       [0.        , 2.18186307],
       [0.        , 2.18337059],
       [0.        , 2.18565702],
       [0.        , 2.18597937],
       [0.        , 2.18650937],
       [0.        , 2.18656754],
       [0.        , 2.19014597],
       [0.        , 2.1905427 ],
       [0.        , 2.19159722],
       [0.        , 2.19192576],
       [0.        , 2.19258404],
       [0.        , 2.19303942],
       [0.        , 2.19316936],
       [0.        , 2.19685197],
       [0.        , 2.19776535],
       [0.        , 2.19795966],
       [0.        , 2.19856477],
       [0.        , 2.19871211],
       [0.        , 2.19904375],
       [0.        , 2.20312476],
       [0.        , 2.2032063 ],
       [0.        , 2.20348501],
       [0.        , 2.20382833],
       [0.        , 2.20428205],
       [0.        , 2.20509553],
       [0.        , 2.20580697],
       [0.        , 2.20742154],
       [0.        , 2.20844126],
       [0.        , 2.20908308],
       [0.        , 2.2131846 ],
       [0.        , 2.21769738],
       [0.        , 2.21898317],
       [0.        , 2.22295904],
       [0.        , 2.22618675],
       [0.        , 2.22688079],
       [0.        , 2.22763276],
       [0.        , 2.2279582 ],
       [0.        , 2.23466587],
       [0.        , 2.2381413 ],
       [0.        , 2.23868918],
       [0.        , 2.26285791],
       [0.        ,        inf]]), array([[2.02667141, 2.02920985],
       [2.01100516, 2.01155353],
       [1.79648423, 1.82543945],
       [1.78359962, 1.7885952 ],
       [1.7660917 , 1.7806108 ]])]",False
190,2.24157977104187,0.0034384727478027344,2.030769767886714,170.56,5.243321910334868,8,0.09172022342681885,0.0020189285278320312,0.03049434721469879,0.76,1.4111309688725353,"[array([[0.        , 1.48658133],
       [0.        , 1.50050235],
       [0.        , 1.56075501],
       [0.        , 1.5756526 ],
       [0.        , 1.61924696],
       [0.        , 1.62295961],
       [0.        , 1.63462257],
       [0.        , 1.6373446 ],
       [0.        , 1.65699244],
       [0.        , 1.67745805],
       [0.        , 1.67905593],
       [0.        , 1.685745  ],
       [0.        , 1.70768595],
       [0.        , 1.70929575],
       [0.        , 1.7265836 ],
       [0.        , 1.72946203],
       [0.        , 1.72972155],
       [0.        , 1.75499403],
       [0.        , 1.7557739 ],
       [0.        , 1.76976335],
       [0.        , 1.77019811],
       [0.        , 1.77414489],
       [0.        , 1.78610659],
       [0.        , 1.79107094],
       [0.        , 1.79155624],
       [0.        , 1.8010534 ],
       [0.        , 1.80127287],
       [0.        , 1.8029269 ],
       [0.        , 1.81223011],
       [0.        , 1.82882655],
       [0.        , 1.8433857 ],
       [0.        , 1.84483862],
       [0.        , 1.84579301],
       [0.        , 1.86821437],
       [0.        , 1.86989427],
       [0.        , 1.87631428],
       [0.        , 1.88051164],
       [0.        , 1.88553429],
       [0.        , 1.89584017],
       [0.        , 1.9082197 ],
       [0.        , 1.91337478],
       [0.        , 1.92142987],
       [0.        , 1.9241209 ],
       [0.        , 1.92925787],
       [0.        , 1.94013143],
       [0.        , 1.94101059],
       [0.        , 1.94605958],
       [0.        , 1.95352066],
       [0.        , 1.95873845],
       [0.        , 1.96008956],
       [0.        , 1.96059465],
       [0.        , 1.96721709],
       [0.        , 1.97574365],
       [0.        , 1.98181832],
       [0.        , 1.98227322],
       [0.        , 1.98668993],
       [0.        , 1.98889661],
       [0.        , 1.99055636],
       [0.        , 1.99169767],
       [0.        , 1.99195361],
       [0.        , 1.99579704],
       [0.        , 1.9959563 ],
       [0.        , 2.0019567 ],
       [0.        , 2.00210166],
       [0.        , 2.00470781],
       [0.        , 2.01461959],
       [0.        , 2.01552868],
       [0.        , 2.02110553],
       [0.        , 2.02317476],
       [0.        , 2.02592802],
       [0.        , 2.02733207],
       [0.        , 2.02741075],
       [0.        , 2.02751303],
       [0.        , 2.03542757],
       [0.        , 2.03876615],
       [0.        , 2.0395937 ],
       [0.        , 2.03984761],
       [0.        , 2.04012394],
       [0.        , 2.04658246],
       [0.        , 2.04795194],
       [0.        , 2.04954886],
       [0.        , 2.04967141],
       [0.        , 2.05150676],
       [0.        , 2.05316973],
       [0.        , 2.05462241],
       [0.        , 2.05684733],
       [0.        , 2.05787706],
       [0.        , 2.06061983],
       [0.        , 2.0622108 ],
       [0.        , 2.06722999],
       [0.        , 2.06780267],
       [0.        , 2.07092977],
       [0.        , 2.07166862],
       [0.        , 2.07663298],
       [0.        , 2.0789113 ],
       [0.        , 2.08470941],
       [0.        , 2.08557439],
       [0.        , 2.08700299],
       [0.        , 2.08704877],
       [0.        , 2.0913229 ],
       [0.        , 2.0921917 ],
       [0.        , 2.09228992],
       [0.        , 2.09307671],
       [0.        , 2.09948468],
       [0.        , 2.10017586],
       [0.        , 2.1020503 ],
       [0.        , 2.10366654],
       [0.        , 2.10627747],
       [0.        , 2.10648012],
       [0.        , 2.10874772],
       [0.        , 2.11057544],
       [0.        , 2.11101842],
       [0.        , 2.11628366],
       [0.        , 2.11790848],
       [0.        , 2.11894178],
       [0.        , 2.12131596],
       [0.        , 2.12313151],
       [0.        , 2.12333226],
       [0.        , 2.12494302],
       [0.        , 2.12566471],
       [0.        , 2.12939334],
       [0.        , 2.13220453],
       [0.        , 2.13335395],
       [0.        , 2.13523507],
       [0.        , 2.13708043],
       [0.        , 2.1394186 ],
       [0.        , 2.13974285],
       [0.        , 2.14338708],
       [0.        , 2.14418268],
       [0.        , 2.14723301],
       [0.        , 2.14749241],
       [0.        , 2.14883161],
       [0.        , 2.15000725],
       [0.        , 2.15062404],
       [0.        , 2.15263677],
       [0.        , 2.15387583],
       [0.        , 2.15457726],
       [0.        , 2.15689397],
       [0.        , 2.16251564],
       [0.        , 2.16340756],
       [0.        , 2.16465259],
       [0.        , 2.16632867],
       [0.        , 2.16766   ],
       [0.        , 2.16782904],
       [0.        , 2.16818404],
       [0.        , 2.16862965],
       [0.        , 2.16923356],
       [0.        , 2.17021012],
       [0.        , 2.17196155],
       [0.        , 2.17249274],
       [0.        , 2.1728127 ],
       [0.        , 2.17646122],
       [0.        , 2.17814064],
       [0.        , 2.18028116],
       [0.        , 2.18186307],
       [0.        , 2.18255734],
       [0.        , 2.18580914],
       [0.        , 2.18597937],
       [0.        , 2.18611789],
       [0.        , 2.18656754],
       [0.        , 2.189502  ],
       [0.        , 2.1905427 ],
       [0.        , 2.19258404],
       [0.        , 2.19303942],
       [0.        , 2.19513369],
       [0.        , 2.19542742],
       [0.        , 2.19616461],
       [0.        , 2.19685197],
       [0.        , 2.19795966],
       [0.        , 2.19856477],
       [0.        , 2.19904375],
       [0.        , 2.19980693],
       [0.        , 2.20312476],
       [0.        , 2.20348501],
       [0.        , 2.20580697],
       [0.        , 2.20742154],
       [0.        , 2.20908308],
       [0.        , 2.20962119],
       [0.        , 2.2108748 ],
       [0.        , 2.2131846 ],
       [0.        , 2.21705937],
       [0.        , 2.21769738],
       [0.        , 2.21982503],
       [0.        , 2.22618675],
       [0.        , 2.22630453],
       [0.        , 2.22688079],
       [0.        , 2.22763276],
       [0.        , 2.23466587],
       [0.        , 2.2381413 ],
       [0.        , 2.24157977],
       [0.        ,        inf]]), array([[2.06964731, 2.08456326],
       [2.03370261, 2.03451252],
       [2.02184224, 2.02462697],
       [2.01100516, 2.01155353],
       [1.99991047, 2.08961177],
       [1.94153893, 2.03325915],
       [1.79648423, 1.82543945],
       [1.7660917 , 1.7806108 ]])]",False
64,2.2478301525115967,0.0062503814697265625,1.9513986706733704,55.12,4.150979162677706,7,0.07091236114501953,0.04195713996887207,0.01889998572213309,0.4,1.3253308189041286,"[array([[0.        , 1.4371264 ],
       [0.        , 1.44018292],
       [0.        , 1.46674025],
       [0.        , 1.48658133],
       [0.        , 1.5276984 ],
       [0.        , 1.56075501],
       [0.        , 1.59647572],
       [0.        , 1.61924696],
       [0.        , 1.62295961],
       [0.        , 1.64819396],
       [0.        , 1.65699244],
       [0.        , 1.67745805],
       [0.        , 1.70768595],
       [0.        , 1.70929575],
       [0.        , 1.7265836 ],
       [0.        , 1.72946203],
       [0.        , 1.7557739 ],
       [0.        , 1.78610659],
       [0.        , 1.79107094],
       [0.        , 1.80106235],
       [0.        , 1.8034842 ],
       [0.        , 1.81984484],
       [0.        , 1.8433857 ],
       [0.        , 1.84483862],
       [0.        , 1.95540738],
       [0.        , 1.96059465],
       [0.        , 1.98181832],
       [0.        , 1.98269415],
       [0.        , 1.99053347],
       [0.        , 1.99475837],
       [0.        , 2.00470781],
       [0.        , 2.02092099],
       [0.        , 2.03346038],
       [0.        , 2.0395937 ],
       [0.        , 2.04006886],
       [0.        , 2.07853556],
       [0.        , 2.08308339],
       [0.        , 2.1020503 ],
       [0.        , 2.11681676],
       [0.        , 2.12727642],
       [0.        , 2.13158178],
       [0.        , 2.13347268],
       [0.        , 2.13783693],
       [0.        , 2.13929534],
       [0.        , 2.14328122],
       [0.        , 2.14941764],
       [0.        , 2.15012217],
       [0.        , 2.15526485],
       [0.        , 2.15774941],
       [0.        , 2.1633997 ],
       [0.        , 2.16500974],
       [0.        , 2.16552472],
       [0.        , 2.1716404 ],
       [0.        , 2.18417239],
       [0.        , 2.18597937],
       [0.        , 2.19316936],
       [0.        , 2.19962859],
       [0.        , 2.20962119],
       [0.        , 2.21220326],
       [0.        , 2.21886158],
       [0.        , 2.22688079],
       [0.        , 2.23466587],
       [0.        , 2.24157977],
       [0.        , 2.24783015],
       [0.        ,        inf]]), array([[2.01479149, 2.08570385],
       [2.01100516, 2.01155353],
       [1.91665983, 1.9192555 ],
       [1.84556353, 1.85533714],
       [1.79648423, 1.82543945],
       [1.78359962, 1.7885952 ],
       [1.7660917 , 1.7806108 ]])]",True
85,2.2445621490478516,0.009896278381347656,2.005475561759051,75.24,4.43691242654456,6,0.08970129489898682,0.01603233814239502,0.042835394541422524,0.86,1.4663997451011268,"[array([[0.        , 1.21763885],
       [0.        , 1.50050235],
       [0.        , 1.5756526 ],
       [0.        , 1.63462257],
       [0.        , 1.64819396],
       [0.        , 1.65699244],
       [0.        , 1.67304981],
       [0.        , 1.67745805],
       [0.        , 1.69761336],
       [0.        , 1.70768595],
       [0.        , 1.70929575],
       [0.        , 1.7265836 ],
       [0.        , 1.72946203],
       [0.        , 1.73666823],
       [0.        , 1.75499403],
       [0.        , 1.7557739 ],
       [0.        , 1.78610659],
       [0.        , 1.79108512],
       [0.        , 1.79155624],
       [0.        , 1.81373537],
       [0.        , 1.84579301],
       [0.        , 1.84671748],
       [0.        , 1.90838575],
       [0.        , 1.94013143],
       [0.        , 1.95267034],
       [0.        , 1.96008956],
       [0.        , 1.96059465],
       [0.        , 1.96365869],
       [0.        , 1.98181832],
       [0.        , 1.98821962],
       [0.        , 2.00461245],
       [0.        , 2.00470781],
       [0.        , 2.00541258],
       [0.        , 2.0060699 ],
       [0.        , 2.011168  ],
       [0.        , 2.01343679],
       [0.        , 2.02165651],
       [0.        , 2.0482471 ],
       [0.        , 2.06199408],
       [0.        , 2.07748771],
       [0.        , 2.0817523 ],
       [0.        , 2.08305931],
       [0.        , 2.08929634],
       [0.        , 2.09621525],
       [0.        , 2.09766865],
       [0.        , 2.09991527],
       [0.        , 2.1020503 ],
       [0.        , 2.10526919],
       [0.        , 2.11202073],
       [0.        , 2.11287212],
       [0.        , 2.12727642],
       [0.        , 2.12790895],
       [0.        , 2.13078094],
       [0.        , 2.13608623],
       [0.        , 2.1394186 ],
       [0.        , 2.14293599],
       [0.        , 2.1460042 ],
       [0.        , 2.15099502],
       [0.        , 2.1547327 ],
       [0.        , 2.15669513],
       [0.        , 2.16021991],
       [0.        , 2.16238475],
       [0.        , 2.16359258],
       [0.        , 2.16512728],
       [0.        , 2.16564846],
       [0.        , 2.17072773],
       [0.        , 2.17396641],
       [0.        , 2.1765914 ],
       [0.        , 2.18022084],
       [0.        , 2.1816256 ],
       [0.        , 2.18539262],
       [0.        , 2.18597937],
       [0.        , 2.19861031],
       [0.        , 2.19981503],
       [0.        , 2.20097113],
       [0.        , 2.20391273],
       [0.        , 2.20861435],
       [0.        , 2.21220326],
       [0.        , 2.21469593],
       [0.        , 2.21669054],
       [0.        , 2.22295904],
       [0.        , 2.22688079],
       [0.        , 2.22886848],
       [0.        , 2.23466587],
       [0.        , 2.24456215],
       [0.        ,        inf]]), array([[2.06964731, 2.08456326],
       [2.01203489, 2.08570385],
       [2.01100516, 2.01155353],
       [1.99991047, 2.08961177],
       [1.81383204, 1.86305463],
       [1.79648423, 1.82543945]])]",False
161,2.2477824687957764,0.009641170501708984,2.048500206159509,145.38,5.077906662875213,6,0.08970129489898682,0.060746073722839355,0.025425513585408527,0.34,1.19303962091223,"[array([[0.        , 1.50050235],
       [0.        , 1.56075501],
       [0.        , 1.5756526 ],
       [0.        , 1.63462257],
       [0.        , 1.65699244],
       [0.        , 1.67745805],
       [0.        , 1.67905593],
       [0.        , 1.69042754],
       [0.        , 1.7000953 ],
       [0.        , 1.70768595],
       [0.        , 1.70929575],
       [0.        , 1.7265836 ],
       [0.        , 1.72946203],
       [0.        , 1.72972155],
       [0.        , 1.75499403],
       [0.        , 1.7557739 ],
       [0.        , 1.77019811],
       [0.        , 1.77414489],
       [0.        , 1.78610659],
       [0.        , 1.79155624],
       [0.        , 1.8010534 ],
       [0.        , 1.8029269 ],
       [0.        , 1.81356204],
       [0.        , 1.82882655],
       [0.        , 1.8433857 ],
       [0.        , 1.84483862],
       [0.        , 1.84579301],
       [0.        , 1.86305463],
       [0.        , 1.87631428],
       [0.        , 1.87676966],
       [0.        , 1.88443696],
       [0.        , 1.94486237],
       [0.        , 1.94502854],
       [0.        , 1.94510925],
       [0.        , 1.95411682],
       [0.        , 1.95873845],
       [0.        , 1.96059465],
       [0.        , 1.96572685],
       [0.        , 1.97574365],
       [0.        , 1.98181832],
       [0.        , 1.99195361],
       [0.        , 1.99645805],
       [0.        , 2.0026114 ],
       [0.        , 2.00460958],
       [0.        , 2.00470781],
       [0.        , 2.01024032],
       [0.        , 2.01046205],
       [0.        , 2.01338983],
       [0.        , 2.0142951 ],
       [0.        , 2.01552868],
       [0.        , 2.02092099],
       [0.        , 2.02317476],
       [0.        , 2.02751303],
       [0.        , 2.0278573 ],
       [0.        , 2.03542757],
       [0.        , 2.03667521],
       [0.        , 2.04326797],
       [0.        , 2.04795194],
       [0.        , 2.05087781],
       [0.        , 2.05150676],
       [0.        , 2.05316973],
       [0.        , 2.05991197],
       [0.        , 2.06180239],
       [0.        , 2.0622108 ],
       [0.        , 2.06392837],
       [0.        , 2.06451464],
       [0.        , 2.06722999],
       [0.        , 2.07166862],
       [0.        , 2.0756588 ],
       [0.        , 2.0789113 ],
       [0.        , 2.08557439],
       [0.        , 2.08700299],
       [0.        , 2.0913229 ],
       [0.        , 2.0921917 ],
       [0.        , 2.09228992],
       [0.        , 2.09342027],
       [0.        , 2.09348655],
       [0.        , 2.09697104],
       [0.        , 2.09713435],
       [0.        , 2.09822941],
       [0.        , 2.09948468],
       [0.        , 2.10366654],
       [0.        , 2.10526919],
       [0.        , 2.10751581],
       [0.        , 2.10874772],
       [0.        , 2.11449552],
       [0.        , 2.11599731],
       [0.        , 2.11628366],
       [0.        , 2.11730123],
       [0.        , 2.11818337],
       [0.        , 2.12059093],
       [0.        , 2.12101603],
       [0.        , 2.12494302],
       [0.        , 2.12727642],
       [0.        , 2.13054109],
       [0.        , 2.13220453],
       [0.        , 2.13598084],
       [0.        , 2.1390698 ],
       [0.        , 2.1394186 ],
       [0.        , 2.14418268],
       [0.        , 2.14612484],
       [0.        , 2.14723301],
       [0.        , 2.15000725],
       [0.        , 2.15099502],
       [0.        , 2.15174818],
       [0.        , 2.15263677],
       [0.        , 2.15387583],
       [0.        , 2.15457726],
       [0.        , 2.15689397],
       [0.        , 2.15800667],
       [0.        , 2.16077447],
       [0.        , 2.16251564],
       [0.        , 2.16512728],
       [0.        , 2.16766   ],
       [0.        , 2.16782904],
       [0.        , 2.16818404],
       [0.        , 2.16840696],
       [0.        , 2.16862965],
       [0.        , 2.16923356],
       [0.        , 2.17196155],
       [0.        , 2.17249274],
       [0.        , 2.1728127 ],
       [0.        , 2.17411685],
       [0.        , 2.17646122],
       [0.        , 2.17774725],
       [0.        , 2.18186307],
       [0.        , 2.1841104 ],
       [0.        , 2.18597937],
       [0.        , 2.18656754],
       [0.        , 2.1905427 ],
       [0.        , 2.19066429],
       [0.        , 2.19191504],
       [0.        , 2.19258404],
       [0.        , 2.19303942],
       [0.        , 2.19316936],
       [0.        , 2.19685197],
       [0.        , 2.19795966],
       [0.        , 2.19856477],
       [0.        , 2.19904375],
       [0.        , 2.20246387],
       [0.        , 2.20304704],
       [0.        , 2.20312476],
       [0.        , 2.20348501],
       [0.        , 2.20391273],
       [0.        , 2.20580697],
       [0.        , 2.20742154],
       [0.        , 2.20908308],
       [0.        , 2.21003032],
       [0.        , 2.2131846 ],
       [0.        , 2.21769738],
       [0.        , 2.21898317],
       [0.        , 2.22110581],
       [0.        , 2.22295904],
       [0.        , 2.22359276],
       [0.        , 2.22618675],
       [0.        , 2.22688079],
       [0.        , 2.22763276],
       [0.        , 2.23042417],
       [0.        , 2.23466587],
       [0.        , 2.2381413 ],
       [0.        , 2.24778247],
       [0.        ,        inf]]), array([[2.22405267, 2.22796583],
       [2.06964731, 2.08456326],
       [2.01100516, 2.01155353],
       [1.99991047, 2.08961177],
       [1.79648423, 1.82543945],
       [1.7660917 , 1.7806108 ]])]",False
85,2.2569079399108887,0.022242069244384766,1.9945360870922313,74.44,4.43627535974186,4,0.02895522117614746,0.014436125755310059,0.012254565954208374,0.18,0.954357740203023,"[array([[0.        , 1.21763885],
       [0.        , 1.50050235],
       [0.        , 1.5276984 ],
       [0.        , 1.56075501],
       [0.        , 1.5756526 ],
       [0.        , 1.6373446 ],
       [0.        , 1.64819396],
       [0.        , 1.65235078],
       [0.        , 1.65699244],
       [0.        , 1.69042754],
       [0.        , 1.69761336],
       [0.        , 1.70768595],
       [0.        , 1.70929575],
       [0.        , 1.7265836 ],
       [0.        , 1.72946203],
       [0.        , 1.75499403],
       [0.        , 1.7557739 ],
       [0.        , 1.77282667],
       [0.        , 1.78610659],
       [0.        , 1.79107094],
       [0.        , 1.79155624],
       [0.        , 1.8034842 ],
       [0.        , 1.81373537],
       [0.        , 1.86982596],
       [0.        , 1.88051164],
       [0.        , 1.94453394],
       [0.        , 1.96059465],
       [0.        , 1.96299124],
       [0.        , 1.97777128],
       [0.        , 1.98181832],
       [0.        , 1.99475837],
       [0.        , 1.99774003],
       [0.        , 2.00335908],
       [0.        , 2.00470781],
       [0.        , 2.02092099],
       [0.        , 2.02504492],
       [0.        , 2.0395937 ],
       [0.        , 2.04704857],
       [0.        , 2.04791188],
       [0.        , 2.06372929],
       [0.        , 2.08634329],
       [0.        , 2.08643723],
       [0.        , 2.1020503 ],
       [0.        , 2.10330892],
       [0.        , 2.11578846],
       [0.        , 2.11681676],
       [0.        , 2.11790848],
       [0.        , 2.11817217],
       [0.        , 2.11846375],
       [0.        , 2.11949277],
       [0.        , 2.12250328],
       [0.        , 2.12508869],
       [0.        , 2.12727642],
       [0.        , 2.12933064],
       [0.        , 2.12966013],
       [0.        , 2.13086557],
       [0.        , 2.13347268],
       [0.        , 2.13906145],
       [0.        , 2.13922262],
       [0.        , 2.1460042 ],
       [0.        , 2.15073776],
       [0.        , 2.15934992],
       [0.        , 2.16127324],
       [0.        , 2.16773796],
       [0.        , 2.17420387],
       [0.        , 2.1742878 ],
       [0.        , 2.17732716],
       [0.        , 2.17879725],
       [0.        , 2.17976665],
       [0.        , 2.18018913],
       [0.        , 2.18129277],
       [0.        , 2.18479896],
       [0.        , 2.18597937],
       [0.        , 2.1876092 ],
       [0.        , 2.19316936],
       [0.        , 2.19800854],
       [0.        , 2.19833231],
       [0.        , 2.20086861],
       [0.        , 2.20367694],
       [0.        , 2.20688152],
       [0.        , 2.21220326],
       [0.        , 2.22274661],
       [0.        , 2.22688079],
       [0.        , 2.23466587],
       [0.        , 2.25690794],
       [0.        ,        inf]]), array([[2.01100516, 2.01155353],
       [1.79648423, 1.82543945],
       [1.78359962, 1.7885952 ],
       [1.7660917 , 1.7806108 ]])]",False
75,2.234665870666504,0.00778508186340332,1.9478579107920329,64.78,4.3131320227230825,3,0.02895522117614746,0.014436125755310059,0.014674226442972818,0.16,0.6960262320639133,"[array([[0.        , 1.48658133],
       [0.        , 1.56075501],
       [0.        , 1.59647572],
       [0.        , 1.61924696],
       [0.        , 1.62295961],
       [0.        , 1.65699244],
       [0.        , 1.67745805],
       [0.        , 1.69042754],
       [0.        , 1.70768595],
       [0.        , 1.70929575],
       [0.        , 1.72848952],
       [0.        , 1.72946203],
       [0.        , 1.72972155],
       [0.        , 1.7557739 ],
       [0.        , 1.78610659],
       [0.        , 1.7890563 ],
       [0.        , 1.79107094],
       [0.        , 1.80106235],
       [0.        , 1.8034842 ],
       [0.        , 1.81984484],
       [0.        , 1.82882655],
       [0.        , 1.8433857 ],
       [0.        , 1.84483862],
       [0.        , 1.84579301],
       [0.        , 1.847296  ],
       [0.        , 1.86016202],
       [0.        , 1.91337478],
       [0.        , 1.9225992 ],
       [0.        , 1.92720628],
       [0.        , 1.92931509],
       [0.        , 1.93769395],
       [0.        , 1.94226885],
       [0.        , 1.95506966],
       [0.        , 1.95673704],
       [0.        , 1.96059465],
       [0.        , 1.96299124],
       [0.        , 1.96992195],
       [0.        , 1.9763236 ],
       [0.        , 1.98181832],
       [0.        , 1.98818099],
       [0.        , 1.98873937],
       [0.        , 1.99475837],
       [0.        , 2.00100231],
       [0.        , 2.00470781],
       [0.        , 2.02217293],
       [0.        , 2.0250411 ],
       [0.        , 2.02733088],
       [0.        , 2.0342176 ],
       [0.        , 2.04308891],
       [0.        , 2.05480552],
       [0.        , 2.06582475],
       [0.        , 2.07130575],
       [0.        , 2.07729506],
       [0.        , 2.08283377],
       [0.        , 2.08492756],
       [0.        , 2.09682155],
       [0.        , 2.10060954],
       [0.        , 2.1020503 ],
       [0.        , 2.10662532],
       [0.        , 2.11812878],
       [0.        , 2.12727642],
       [0.        , 2.13366389],
       [0.        , 2.14012909],
       [0.        , 2.14194226],
       [0.        , 2.14924431],
       [0.        , 2.15453053],
       [0.        , 2.15722322],
       [0.        , 2.15902829],
       [0.        , 2.16528559],
       [0.        , 2.16898847],
       [0.        , 2.17898846],
       [0.        , 2.18597937],
       [0.        , 2.20688152],
       [0.        , 2.22688079],
       [0.        , 2.23466587],
       [0.        ,        inf]]), array([[2.01100516, 2.01155353],
       [1.79648423, 1.82543945],
       [1.7660917 , 1.7806108 ]])]",False
65,2.24157977104187,0.006913900375366211,1.9995167035322923,57.48,4.168615336087137,6,0.08970129489898682,0.060746073722839355,0.023552536964416504,0.44,1.0602304111227288,"[array([[0.        , 1.48658133],
       [0.        , 1.5276984 ],
       [0.        , 1.56075501],
       [0.        , 1.61924696],
       [0.        , 1.62295961],
       [0.        , 1.63462257],
       [0.        , 1.65699244],
       [0.        , 1.67745805],
       [0.        , 1.70768595],
       [0.        , 1.70929575],
       [0.        , 1.7265836 ],
       [0.        , 1.72946203],
       [0.        , 1.7557739 ],
       [0.        , 1.78610659],
       [0.        , 1.79107094],
       [0.        , 1.81984484],
       [0.        , 1.8433857 ],
       [0.        , 1.84483862],
       [0.        , 1.84556353],
       [0.        , 1.95267034],
       [0.        , 1.96059465],
       [0.        , 1.96147311],
       [0.        , 1.98181832],
       [0.        , 1.99475837],
       [0.        , 2.00470781],
       [0.        , 2.02092099],
       [0.        , 2.03346038],
       [0.        , 2.0395937 ],
       [0.        , 2.04301333],
       [0.        , 2.04848933],
       [0.        , 2.05574441],
       [0.        , 2.05696583],
       [0.        , 2.06212139],
       [0.        , 2.07853556],
       [0.        , 2.0834949 ],
       [0.        , 2.0868392 ],
       [0.        , 2.09397268],
       [0.        , 2.1020503 ],
       [0.        , 2.11681676],
       [0.        , 2.12727642],
       [0.        , 2.13347268],
       [0.        , 2.14941764],
       [0.        , 2.1506691 ],
       [0.        , 2.15526485],
       [0.        , 2.15774941],
       [0.        , 2.157758  ],
       [0.        , 2.15970564],
       [0.        , 2.16044307],
       [0.        , 2.16552472],
       [0.        , 2.16791177],
       [0.        , 2.17000651],
       [0.        , 2.17695165],
       [0.        , 2.18597937],
       [0.        , 2.19962859],
       [0.        , 2.20938039],
       [0.        , 2.20962119],
       [0.        , 2.21220326],
       [0.        , 2.21469593],
       [0.        , 2.21705937],
       [0.        , 2.21886158],
       [0.        , 2.21895194],
       [0.        , 2.22295904],
       [0.        , 2.22688079],
       [0.        , 2.23466587],
       [0.        , 2.24157977],
       [0.        ,        inf]]), array([[2.01100516, 2.01155353],
       [1.99991047, 2.08961177],
       [1.91665983, 1.9192555 ],
       [1.79648423, 1.82543945],
       [1.78359962, 1.7885952 ],
       [1.7660917 , 1.7806108 ]])]",True
80,2.2499783039093018,0.00839853286743164,2.0022652193903925,70.6,4.376412057335827,5,0.02895522117614746,0.0006666183471679688,0.017618727684020997,0.24,1.367310366188137,"[array([[0.        , 1.48658133],
       [0.        , 1.50050235],
       [0.        , 1.56075501],
       [0.        , 1.5756526 ],
       [0.        , 1.61924696],
       [0.        , 1.62295961],
       [0.        , 1.6373446 ],
       [0.        , 1.65699244],
       [0.        , 1.68009913],
       [0.        , 1.68343854],
       [0.        , 1.68959582],
       [0.        , 1.70768595],
       [0.        , 1.70929575],
       [0.        , 1.72946203],
       [0.        , 1.74624395],
       [0.        , 1.75499403],
       [0.        , 1.7557739 ],
       [0.        , 1.78610659],
       [0.        , 1.79107094],
       [0.        , 1.84483862],
       [0.        , 1.84579301],
       [0.        , 1.91665983],
       [0.        , 1.93217945],
       [0.        , 1.94535494],
       [0.        , 1.96059465],
       [0.        , 1.96754777],
       [0.        , 1.98181832],
       [0.        , 2.00470781],
       [0.        , 2.00732613],
       [0.        , 2.01852155],
       [0.        , 2.02092099],
       [0.        , 2.03300214],
       [0.        , 2.0395937 ],
       [0.        , 2.04703259],
       [0.        , 2.05651402],
       [0.        , 2.06420016],
       [0.        , 2.07423663],
       [0.        , 2.07828331],
       [0.        , 2.07915449],
       [0.        , 2.07961559],
       [0.        , 2.08130693],
       [0.        , 2.08405232],
       [0.        , 2.09815812],
       [0.        , 2.10029554],
       [0.        , 2.1020503 ],
       [0.        , 2.10366654],
       [0.        , 2.11079121],
       [0.        , 2.11552715],
       [0.        , 2.12020493],
       [0.        , 2.1229353 ],
       [0.        , 2.12870121],
       [0.        , 2.13347268],
       [0.        , 2.13522649],
       [0.        , 2.14120102],
       [0.        , 2.14159322],
       [0.        , 2.15020084],
       [0.        , 2.15090919],
       [0.        , 2.15877175],
       [0.        , 2.16552472],
       [0.        , 2.16582847],
       [0.        , 2.16839337],
       [0.        , 2.16922569],
       [0.        , 2.16935515],
       [0.        , 2.17101693],
       [0.        , 2.17250037],
       [0.        , 2.17605448],
       [0.        , 2.17905164],
       [0.        , 2.18597937],
       [0.        , 2.18656969],
       [0.        , 2.19685197],
       [0.        , 2.19867754],
       [0.        , 2.20312476],
       [0.        , 2.20315146],
       [0.        , 2.20962119],
       [0.        , 2.21220326],
       [0.        , 2.22422075],
       [0.        , 2.22688079],
       [0.        , 2.23466587],
       [0.        , 2.24157977],
       [0.        , 2.2499783 ],
       [0.        ,        inf]]), array([[2.11449552, 2.13027787],
       [2.01100516, 2.01155353],
       [1.79648423, 1.82543945],
       [1.79155624, 1.81984484],
       [1.7660917 , 1.7806108 ]])]",True
173,2.24157977104187,0.0034384727478027344,2.0532448381357797,157.06,5.149808494340615,4,0.02895522117614746,0.008990764617919922,0.0159967839717865,0.2,1.099558307690108,"[array([[0.        , 1.48658133],
       [0.        , 1.50050235],
       [0.        , 1.56075501],
       [0.        , 1.5756526 ],
       [0.        , 1.61924696],
       [0.        , 1.62295961],
       [0.        , 1.63462257],
       [0.        , 1.65699244],
       [0.        , 1.67905593],
       [0.        , 1.70768595],
       [0.        , 1.70929575],
       [0.        , 1.7265836 ],
       [0.        , 1.72946203],
       [0.        , 1.72972155],
       [0.        , 1.75499403],
       [0.        , 1.7557739 ],
       [0.        , 1.77019811],
       [0.        , 1.77414489],
       [0.        , 1.78610659],
       [0.        , 1.79155624],
       [0.        , 1.8010534 ],
       [0.        , 1.8029269 ],
       [0.        , 1.81356204],
       [0.        , 1.82882655],
       [0.        , 1.8433857 ],
       [0.        , 1.84483862],
       [0.        , 1.84579301],
       [0.        , 1.87631428],
       [0.        , 1.87676966],
       [0.        , 1.92621613],
       [0.        , 1.94510925],
       [0.        , 1.95873845],
       [0.        , 1.96059465],
       [0.        , 1.97574365],
       [0.        , 1.98181832],
       [0.        , 1.98891318],
       [0.        , 1.99195361],
       [0.        , 1.99645805],
       [0.        , 1.99769723],
       [0.        , 2.00202084],
       [0.        , 2.0026114 ],
       [0.        , 2.00460958],
       [0.        , 2.00470781],
       [0.        , 2.01024032],
       [0.        , 2.01046205],
       [0.        , 2.01361704],
       [0.        , 2.01422095],
       [0.        , 2.0142951 ],
       [0.        , 2.01546383],
       [0.        , 2.01552868],
       [0.        , 2.02317476],
       [0.        , 2.02399015],
       [0.        , 2.02751303],
       [0.        , 2.03241014],
       [0.        , 2.03542757],
       [0.        , 2.03545594],
       [0.        , 2.03667521],
       [0.        , 2.0395937 ],
       [0.        , 2.04326797],
       [0.        , 2.04795194],
       [0.        , 2.05087781],
       [0.        , 2.05150676],
       [0.        , 2.05316973],
       [0.        , 2.05491209],
       [0.        , 2.05815601],
       [0.        , 2.05816317],
       [0.        , 2.06180239],
       [0.        , 2.0622108 ],
       [0.        , 2.06392837],
       [0.        , 2.06451464],
       [0.        , 2.06722999],
       [0.        , 2.07166862],
       [0.        , 2.07168984],
       [0.        , 2.0756588 ],
       [0.        , 2.0789113 ],
       [0.        , 2.08557439],
       [0.        , 2.08700299],
       [0.        , 2.0913229 ],
       [0.        , 2.0921917 ],
       [0.        , 2.09228992],
       [0.        , 2.09348655],
       [0.        , 2.09697104],
       [0.        , 2.09713435],
       [0.        , 2.09822941],
       [0.        , 2.09948468],
       [0.        , 2.10039091],
       [0.        , 2.10048032],
       [0.        , 2.10185742],
       [0.        , 2.10366654],
       [0.        , 2.10526919],
       [0.        , 2.10709357],
       [0.        , 2.10751581],
       [0.        , 2.10874772],
       [0.        , 2.11358333],
       [0.        , 2.11626363],
       [0.        , 2.11628366],
       [0.        , 2.11699104],
       [0.        , 2.11730123],
       [0.        , 2.12393165],
       [0.        , 2.12494302],
       [0.        , 2.12727642],
       [0.        , 2.13054109],
       [0.        , 2.13220453],
       [0.        , 2.13309169],
       [0.        , 2.13598084],
       [0.        , 2.1390698 ],
       [0.        , 2.14349127],
       [0.        , 2.14418268],
       [0.        , 2.14492226],
       [0.        , 2.14723301],
       [0.        , 2.15000725],
       [0.        , 2.15093565],
       [0.        , 2.15099502],
       [0.        , 2.15263677],
       [0.        , 2.15387583],
       [0.        , 2.15457726],
       [0.        , 2.15689397],
       [0.        , 2.15722322],
       [0.        , 2.16251564],
       [0.        , 2.16345382],
       [0.        , 2.16359258],
       [0.        , 2.16766   ],
       [0.        , 2.16782904],
       [0.        , 2.16818404],
       [0.        , 2.16840696],
       [0.        , 2.16862965],
       [0.        , 2.16907096],
       [0.        , 2.16923356],
       [0.        , 2.17196155],
       [0.        , 2.17249274],
       [0.        , 2.1728127 ],
       [0.        , 2.17411685],
       [0.        , 2.17535162],
       [0.        , 2.17646122],
       [0.        , 2.17695165],
       [0.        , 2.18045855],
       [0.        , 2.18186307],
       [0.        , 2.18597937],
       [0.        , 2.18656754],
       [0.        , 2.18816781],
       [0.        , 2.1905427 ],
       [0.        , 2.19258404],
       [0.        , 2.19303942],
       [0.        , 2.19316936],
       [0.        , 2.19685197],
       [0.        , 2.19795966],
       [0.        , 2.19848704],
       [0.        , 2.19856477],
       [0.        , 2.19904375],
       [0.        , 2.19904971],
       [0.        , 2.20312476],
       [0.        , 2.20313573],
       [0.        , 2.20348501],
       [0.        , 2.20541906],
       [0.        , 2.20580697],
       [0.        , 2.20742154],
       [0.        , 2.20908308],
       [0.        , 2.20962119],
       [0.        , 2.2121172 ],
       [0.        , 2.2131846 ],
       [0.        , 2.21440625],
       [0.        , 2.21769738],
       [0.        , 2.21883011],
       [0.        , 2.21898317],
       [0.        , 2.21918416],
       [0.        , 2.22618675],
       [0.        , 2.22668815],
       [0.        , 2.22688079],
       [0.        , 2.22763276],
       [0.        , 2.22764015],
       [0.        , 2.23466587],
       [0.        , 2.2381413 ],
       [0.        , 2.24157977],
       [0.        ,        inf]]), array([[2.06964731, 2.08961177],
       [2.01100516, 2.01155353],
       [1.79648423, 1.82543945],
       [1.7660917 , 1.7806108 ]])]",False
117,2.234665870666504,0.00778508186340332,1.9771019668660612,102.54,4.756327813484998,11,0.08970129489898682,0.01603233814239502,0.02370774745941162,0.7,1.785444080524916,"[array([[0.        , 1.21763885],
       [0.        , 1.50050235],
       [0.        , 1.52427685],
       [0.        , 1.5276984 ],
       [0.        , 1.56075501],
       [0.        , 1.56762123],
       [0.        , 1.5756526 ],
       [0.        , 1.59732878],
       [0.        , 1.63279319],
       [0.        , 1.63462257],
       [0.        , 1.64030313],
       [0.        , 1.64819396],
       [0.        , 1.65235078],
       [0.        , 1.65699244],
       [0.        , 1.67745805],
       [0.        , 1.67905593],
       [0.        , 1.69761336],
       [0.        , 1.70768595],
       [0.        , 1.70929575],
       [0.        , 1.7265836 ],
       [0.        , 1.72946203],
       [0.        , 1.75499403],
       [0.        , 1.7557739 ],
       [0.        , 1.77539909],
       [0.        , 1.78610659],
       [0.        , 1.79155624],
       [0.        , 1.8010534 ],
       [0.        , 1.80106235],
       [0.        , 1.8034842 ],
       [0.        , 1.81373537],
       [0.        , 1.83555579],
       [0.        , 1.84526014],
       [0.        , 1.84671748],
       [0.        , 1.91337478],
       [0.        , 1.91796577],
       [0.        , 1.92013252],
       [0.        , 1.92580462],
       [0.        , 1.94101059],
       [0.        , 1.95184481],
       [0.        , 1.95732141],
       [0.        , 1.96059465],
       [0.        , 1.98181832],
       [0.        , 1.98782408],
       [0.        , 1.98939979],
       [0.        , 1.99195361],
       [0.        , 1.99834716],
       [0.        , 1.9997437 ],
       [0.        , 2.00101423],
       [0.        , 2.00470781],
       [0.        , 2.01401687],
       [0.        , 2.02048373],
       [0.        , 2.02092099],
       [0.        , 2.03150272],
       [0.        , 2.03241014],
       [0.        , 2.0395937 ],
       [0.        , 2.051651  ],
       [0.        , 2.05246282],
       [0.        , 2.05790234],
       [0.        , 2.06519318],
       [0.        , 2.06586576],
       [0.        , 2.06668758],
       [0.        , 2.06967974],
       [0.        , 2.07169318],
       [0.        , 2.07838488],
       [0.        , 2.07853556],
       [0.        , 2.07886553],
       [0.        , 2.08339953],
       [0.        , 2.08553839],
       [0.        , 2.0865891 ],
       [0.        , 2.09228992],
       [0.        , 2.09621525],
       [0.        , 2.09707022],
       [0.        , 2.09964228],
       [0.        , 2.1000762 ],
       [0.        , 2.10052919],
       [0.        , 2.1020503 ],
       [0.        , 2.10255289],
       [0.        , 2.10394359],
       [0.        , 2.11288309],
       [0.        , 2.11501694],
       [0.        , 2.11544418],
       [0.        , 2.11599183],
       [0.        , 2.11715436],
       [0.        , 2.1201067 ],
       [0.        , 2.12727642],
       [0.        , 2.12792325],
       [0.        , 2.13161111],
       [0.        , 2.13872886],
       [0.        , 2.1394186 ],
       [0.        , 2.14030409],
       [0.        , 2.14053345],
       [0.        , 2.14325142],
       [0.        , 2.14327836],
       [0.        , 2.14422202],
       [0.        , 2.15020084],
       [0.        , 2.15099502],
       [0.        , 2.15985823],
       [0.        , 2.16028643],
       [0.        , 2.163095  ],
       [0.        , 2.16519356],
       [0.        , 2.16564846],
       [0.        , 2.16687608],
       [0.        , 2.17072773],
       [0.        , 2.17143512],
       [0.        , 2.1765914 ],
       [0.        , 2.18275547],
       [0.        , 2.18597937],
       [0.        , 2.18998146],
       [0.        , 2.20105386],
       [0.        , 2.20174503],
       [0.        , 2.20347905],
       [0.        , 2.20541906],
       [0.        , 2.21407485],
       [0.        , 2.21469593],
       [0.        , 2.22295904],
       [0.        , 2.22688079],
       [0.        , 2.23466587],
       [0.        ,        inf]]), array([[2.10526919, 2.12359595],
       [2.06964731, 2.08456326],
       [2.02184224, 2.02462697],
       [2.01203489, 2.08570385],
       [2.01100516, 2.01155353],
       [1.99991047, 2.08961177],
       [1.91665983, 1.9192555 ],
       [1.84556353, 1.85533714],
       [1.79648423, 1.82543945],
       [1.78359962, 1.7885952 ],
       [1.7660917 , 1.7806108 ]])]",True
81,2.2445621490478516,0.009896278381347656,1.959706430081968,70.14,4.386873933914995,7,0.07757687568664551,0.04862165451049805,0.021727919578552246,0.44,1.3775119206927464,"[array([[0.        , 1.4371264 ],
       [0.        , 1.44018292],
       [0.        , 1.48658133],
       [0.        , 1.50050235],
       [0.        , 1.5276984 ],
       [0.        , 1.54173601],
       [0.        , 1.56075501],
       [0.        , 1.5756526 ],
       [0.        , 1.59647572],
       [0.        , 1.61924696],
       [0.        , 1.62295961],
       [0.        , 1.62567163],
       [0.        , 1.63462257],
       [0.        , 1.64819396],
       [0.        , 1.65699244],
       [0.        , 1.69042754],
       [0.        , 1.70768595],
       [0.        , 1.72972155],
       [0.        , 1.75499403],
       [0.        , 1.7660917 ],
       [0.        , 1.78359962],
       [0.        , 1.78610659],
       [0.        , 1.79107094],
       [0.        , 1.79155624],
       [0.        , 1.80106235],
       [0.        , 1.8034842 ],
       [0.        , 1.84483862],
       [0.        , 1.9234072 ],
       [0.        , 1.92715657],
       [0.        , 1.96008956],
       [0.        , 1.96059465],
       [0.        , 1.97673738],
       [0.        , 1.98181832],
       [0.        , 1.98348165],
       [0.        , 1.98501658],
       [0.        , 1.99475837],
       [0.        , 2.00470781],
       [0.        , 2.00574136],
       [0.        , 2.0205183 ],
       [0.        , 2.02092099],
       [0.        , 2.02118039],
       [0.        , 2.03346038],
       [0.        , 2.03661418],
       [0.        , 2.03696775],
       [0.        , 2.04288507],
       [0.        , 2.08178926],
       [0.        , 2.08259583],
       [0.        , 2.0885613 ],
       [0.        , 2.08929634],
       [0.        , 2.09228992],
       [0.        , 2.11681676],
       [0.        , 2.12870121],
       [0.        , 2.13347268],
       [0.        , 2.13568354],
       [0.        , 2.14941764],
       [0.        , 2.15176582],
       [0.        , 2.15492153],
       [0.        , 2.15526485],
       [0.        , 2.15774941],
       [0.        , 2.16285515],
       [0.        , 2.16345191],
       [0.        , 2.17028546],
       [0.        , 2.17452288],
       [0.        , 2.17538071],
       [0.        , 2.17761469],
       [0.        , 2.18227243],
       [0.        , 2.18597937],
       [0.        , 2.18668437],
       [0.        , 2.1888628 ],
       [0.        , 2.19214678],
       [0.        , 2.19962859],
       [0.        , 2.20315146],
       [0.        , 2.21003032],
       [0.        , 2.21220326],
       [0.        , 2.21484256],
       [0.        , 2.21895194],
       [0.        , 2.22295904],
       [0.        , 2.22688079],
       [0.        , 2.22886848],
       [0.        , 2.23466587],
       [0.        , 2.24456215],
       [0.        ,        inf]]), array([[2.08692193, 2.08792329],
       [2.06964731, 2.08961177],
       [2.01203489, 2.08961177],
       [2.01100516, 2.01155353],
       [1.84556353, 1.85533714],
       [1.79648423, 1.82543945],
       [1.76633525, 1.7806108 ]])]",True
165,2.2381412982940674,0.0034754276275634766,2.034337545163704,148.66,5.102073476400163,5,0.07757687568664551,0.04862165451049805,0.0283128023147583,0.42,1.1855342813000675,"[array([[0.        , 1.21763885],
       [0.        , 1.50050235],
       [0.        , 1.56075501],
       [0.        , 1.5756526 ],
       [0.        , 1.63462257],
       [0.        , 1.64819396],
       [0.        , 1.65699244],
       [0.        , 1.67304981],
       [0.        , 1.67905593],
       [0.        , 1.69761336],
       [0.        , 1.70768595],
       [0.        , 1.70929575],
       [0.        , 1.7265836 ],
       [0.        , 1.72946203],
       [0.        , 1.72972155],
       [0.        , 1.75499403],
       [0.        , 1.7557739 ],
       [0.        , 1.77019811],
       [0.        , 1.77414489],
       [0.        , 1.78610659],
       [0.        , 1.79107094],
       [0.        , 1.79155624],
       [0.        , 1.8010534 ],
       [0.        , 1.8029269 ],
       [0.        , 1.81373537],
       [0.        , 1.82882655],
       [0.        , 1.8433857 ],
       [0.        , 1.84579301],
       [0.        , 1.87631428],
       [0.        , 1.87676966],
       [0.        , 1.88051164],
       [0.        , 1.94510925],
       [0.        , 1.95873845],
       [0.        , 1.96008956],
       [0.        , 1.96059465],
       [0.        , 1.97340119],
       [0.        , 1.97433877],
       [0.        , 1.97574365],
       [0.        , 1.98181832],
       [0.        , 1.98679972],
       [0.        , 1.98683667],
       [0.        , 1.99195361],
       [0.        , 1.99267936],
       [0.        , 1.99645805],
       [0.        , 2.00202084],
       [0.        , 2.00254297],
       [0.        , 2.0026114 ],
       [0.        , 2.00460958],
       [0.        , 2.00470781],
       [0.        , 2.00531459],
       [0.        , 2.01024032],
       [0.        , 2.01046205],
       [0.        , 2.01284933],
       [0.        , 2.0142951 ],
       [0.        , 2.01546383],
       [0.        , 2.01552868],
       [0.        , 2.02232337],
       [0.        , 2.02317476],
       [0.        , 2.02600646],
       [0.        , 2.02751303],
       [0.        , 2.03241014],
       [0.        , 2.03542757],
       [0.        , 2.03667521],
       [0.        , 2.04326797],
       [0.        , 2.04583955],
       [0.        , 2.04669452],
       [0.        , 2.04795194],
       [0.        , 2.05087781],
       [0.        , 2.05150676],
       [0.        , 2.05316973],
       [0.        , 2.05327082],
       [0.        , 2.05491209],
       [0.        , 2.05565572],
       [0.        , 2.05577874],
       [0.        , 2.06180239],
       [0.        , 2.0622108 ],
       [0.        , 2.06392837],
       [0.        , 2.06451464],
       [0.        , 2.06693387],
       [0.        , 2.06722999],
       [0.        , 2.07166862],
       [0.        , 2.07168984],
       [0.        , 2.0789113 ],
       [0.        , 2.08365822],
       [0.        , 2.08557439],
       [0.        , 2.08700299],
       [0.        , 2.0913229 ],
       [0.        , 2.0921917 ],
       [0.        , 2.09228992],
       [0.        , 2.09348655],
       [0.        , 2.09640694],
       [0.        , 2.09697104],
       [0.        , 2.09713435],
       [0.        , 2.09822941],
       [0.        , 2.09948468],
       [0.        , 2.10366654],
       [0.        , 2.10420179],
       [0.        , 2.10526919],
       [0.        , 2.10751581],
       [0.        , 2.10874772],
       [0.        , 2.11523342],
       [0.        , 2.11626363],
       [0.        , 2.11628366],
       [0.        , 2.11730123],
       [0.        , 2.12393165],
       [0.        , 2.12494302],
       [0.        , 2.12727642],
       [0.        , 2.13054109],
       [0.        , 2.13220453],
       [0.        , 2.13598084],
       [0.        , 2.13608289],
       [0.        , 2.1390698 ],
       [0.        , 2.14349127],
       [0.        , 2.14418268],
       [0.        , 2.14723301],
       [0.        , 2.15000725],
       [0.        , 2.15099502],
       [0.        , 2.15263677],
       [0.        , 2.15387583],
       [0.        , 2.15457726],
       [0.        , 2.15689397],
       [0.        , 2.16251564],
       [0.        , 2.16345382],
       [0.        , 2.16766   ],
       [0.        , 2.16782904],
       [0.        , 2.16818404],
       [0.        , 2.16840696],
       [0.        , 2.16862965],
       [0.        , 2.16923356],
       [0.        , 2.17196155],
       [0.        , 2.17249274],
       [0.        , 2.1728127 ],
       [0.        , 2.17411685],
       [0.        , 2.17646122],
       [0.        , 2.17879725],
       [0.        , 2.18186307],
       [0.        , 2.18597937],
       [0.        , 2.18656754],
       [0.        , 2.1875    ],
       [0.        , 2.1905427 ],
       [0.        , 2.19258404],
       [0.        , 2.19303942],
       [0.        , 2.19316936],
       [0.        , 2.19596434],
       [0.        , 2.19685197],
       [0.        , 2.19795966],
       [0.        , 2.19856477],
       [0.        , 2.19904375],
       [0.        , 2.20312476],
       [0.        , 2.20348501],
       [0.        , 2.20428205],
       [0.        , 2.20541906],
       [0.        , 2.20580697],
       [0.        , 2.20742154],
       [0.        , 2.20908308],
       [0.        , 2.20985579],
       [0.        , 2.2131846 ],
       [0.        , 2.21769738],
       [0.        , 2.21898317],
       [0.        , 2.22295904],
       [0.        , 2.22618675],
       [0.        , 2.22688079],
       [0.        , 2.22763276],
       [0.        , 2.23466587],
       [0.        , 2.2381413 ],
       [0.        ,        inf]]), array([[2.06964731, 2.08961177],
       [2.01203489, 2.08961177],
       [2.01100516, 2.01155353],
       [1.79648423, 1.82543945],
       [1.7660917 , 1.7806108 ]])]",False
70,2.24157977104187,0.006913900375366211,1.9290304286139353,59.7,4.240780057881398,7,0.08970129489898682,0.060746073722839355,0.02158411911555699,0.46,1.2313224446194266,"[array([[0.        , 1.4371264 ],
       [0.        , 1.48658133],
       [0.        , 1.5276984 ],
       [0.        , 1.53689873],
       [0.        , 1.56075501],
       [0.        , 1.56965613],
       [0.        , 1.5756526 ],
       [0.        , 1.59647572],
       [0.        , 1.59732878],
       [0.        , 1.61924696],
       [0.        , 1.62295961],
       [0.        , 1.63462257],
       [0.        , 1.64166176],
       [0.        , 1.65699244],
       [0.        , 1.67745805],
       [0.        , 1.69042754],
       [0.        , 1.70768595],
       [0.        , 1.70929575],
       [0.        , 1.7265836 ],
       [0.        , 1.72946203],
       [0.        , 1.7557739 ],
       [0.        , 1.77539909],
       [0.        , 1.78610659],
       [0.        , 1.79107094],
       [0.        , 1.8034842 ],
       [0.        , 1.81984484],
       [0.        , 1.84483862],
       [0.        , 1.88051164],
       [0.        , 1.88843322],
       [0.        , 1.91337478],
       [0.        , 1.91729438],
       [0.        , 1.94013143],
       [0.        , 1.95267034],
       [0.        , 1.96008956],
       [0.        , 1.96059465],
       [0.        , 1.98181832],
       [0.        , 1.99433672],
       [0.        , 1.99475837],
       [0.        , 2.00470781],
       [0.        , 2.00880957],
       [0.        , 2.01361704],
       [0.        , 2.02504492],
       [0.        , 2.0395937 ],
       [0.        , 2.04735804],
       [0.        , 2.08870411],
       [0.        , 2.120327  ],
       [0.        , 2.12956738],
       [0.        , 2.13078094],
       [0.        , 2.13542008],
       [0.        , 2.13906145],
       [0.        , 2.15294409],
       [0.        , 2.16100836],
       [0.        , 2.16137886],
       [0.        , 2.16446328],
       [0.        , 2.16661263],
       [0.        , 2.17078519],
       [0.        , 2.17774725],
       [0.        , 2.18045855],
       [0.        , 2.18597937],
       [0.        , 2.19316936],
       [0.        , 2.19782519],
       [0.        , 2.19840693],
       [0.        , 2.20878911],
       [0.        , 2.20962119],
       [0.        , 2.21220326],
       [0.        , 2.21440625],
       [0.        , 2.22511172],
       [0.        , 2.22688079],
       [0.        , 2.23466587],
       [0.        , 2.24157977],
       [0.        ,        inf]]), array([[2.01100516, 2.01155353],
       [1.99991047, 2.08961177],
       [1.91665983, 1.9192555 ],
       [1.84556353, 1.85533714],
       [1.79648423, 1.82543945],
       [1.78359962, 1.7885952 ],
       [1.7660917 , 1.7806108 ]])]",False
91,2.234665870666504,0.00778508186340332,1.9790017277329832,79.82,4.505484569601598,7,0.07091236114501953,0.04195713996887207,0.01889998572213309,0.4,1.3253308189041286,"[array([[0.        , 1.21763885],
       [0.        , 1.5276984 ],
       [0.        , 1.56075501],
       [0.        , 1.5756526 ],
       [0.        , 1.63279319],
       [0.        , 1.64819396],
       [0.        , 1.65235078],
       [0.        , 1.65699244],
       [0.        , 1.67745805],
       [0.        , 1.69761336],
       [0.        , 1.70768595],
       [0.        , 1.70929575],
       [0.        , 1.7265836 ],
       [0.        , 1.72946203],
       [0.        , 1.72972155],
       [0.        , 1.7557739 ],
       [0.        , 1.77539909],
       [0.        , 1.78610659],
       [0.        , 1.7890563 ],
       [0.        , 1.8010534 ],
       [0.        , 1.8034842 ],
       [0.        , 1.8049649 ],
       [0.        , 1.81373537],
       [0.        , 1.81984484],
       [0.        , 1.86241019],
       [0.        , 1.86256707],
       [0.        , 1.87153375],
       [0.        , 1.92255938],
       [0.        , 1.92720628],
       [0.        , 1.94048047],
       [0.        , 1.95506966],
       [0.        , 1.96008956],
       [0.        , 1.96059465],
       [0.        , 1.96213865],
       [0.        , 1.969679  ],
       [0.        , 1.98181832],
       [0.        , 1.98427689],
       [0.        , 1.98788929],
       [0.        , 1.98818099],
       [0.        , 1.99026108],
       [0.        , 2.00470781],
       [0.        , 2.00533581],
       [0.        , 2.01356077],
       [0.        , 2.0342176 ],
       [0.        , 2.03748941],
       [0.        , 2.04563761],
       [0.        , 2.06179881],
       [0.        , 2.06212139],
       [0.        , 2.06869483],
       [0.        , 2.08283377],
       [0.        , 2.08384776],
       [0.        , 2.08534193],
       [0.        , 2.0899055 ],
       [0.        , 2.09060526],
       [0.        , 2.09187841],
       [0.        , 2.09410381],
       [0.        , 2.09903955],
       [0.        , 2.10056829],
       [0.        , 2.1020503 ],
       [0.        , 2.10256696],
       [0.        , 2.1071918 ],
       [0.        , 2.11174393],
       [0.        , 2.11830401],
       [0.        , 2.12205553],
       [0.        , 2.12331438],
       [0.        , 2.12727642],
       [0.        , 2.12912297],
       [0.        , 2.13240814],
       [0.        , 2.13619876],
       [0.        , 2.14085221],
       [0.        , 2.14465737],
       [0.        , 2.14924431],
       [0.        , 2.15468597],
       [0.        , 2.15609336],
       [0.        , 2.15902829],
       [0.        , 2.15929127],
       [0.        , 2.15956831],
       [0.        , 2.16244912],
       [0.        , 2.17159677],
       [0.        , 2.1742878 ],
       [0.        , 2.17477584],
       [0.        , 2.17515063],
       [0.        , 2.17898846],
       [0.        , 2.18011355],
       [0.        , 2.18597937],
       [0.        , 2.19259501],
       [0.        , 2.19802952],
       [0.        , 2.20688152],
       [0.        , 2.21335101],
       [0.        , 2.22688079],
       [0.        , 2.23466587],
       [0.        ,        inf]]), array([[2.01479149, 2.08570385],
       [2.01100516, 2.01155353],
       [1.91665983, 1.9192555 ],
       [1.84556353, 1.85533714],
       [1.79648423, 1.82543945],
       [1.78359962, 1.7885952 ],
       [1.7660917 , 1.7806108 ]])]",True
53,2.234665870666504,0.00778508186340332,1.9893499612808228,46.68,3.964609564733043,2,0.02895522117614746,0.028406858444213867,0.014751791954040527,0.14,0.0924850797144974,"[array([[0.        , 1.21763885],
       [0.        , 1.64819396],
       [0.        , 1.65699244],
       [0.        , 1.67304981],
       [0.        , 1.69761336],
       [0.        , 1.70768595],
       [0.        , 1.70929575],
       [0.        , 1.7265836 ],
       [0.        , 1.72946203],
       [0.        , 1.7557739 ],
       [0.        , 1.78610659],
       [0.        , 1.79107094],
       [0.        , 1.81373537],
       [0.        , 1.81984484],
       [0.        , 1.90504086],
       [0.        , 1.91337478],
       [0.        , 1.95267034],
       [0.        , 1.96059465],
       [0.        , 1.97892046],
       [0.        , 1.98130596],
       [0.        , 1.98181832],
       [0.        , 2.00470781],
       [0.        , 2.01546216],
       [0.        , 2.01639318],
       [0.        , 2.02301192],
       [0.        , 2.04178405],
       [0.        , 2.04791188],
       [0.        , 2.05400038],
       [0.        , 2.06199408],
       [0.        , 2.06693387],
       [0.        , 2.07295799],
       [0.        , 2.08076334],
       [0.        , 2.09134436],
       [0.        , 2.10330892],
       [0.        , 2.11170745],
       [0.        , 2.11799717],
       [0.        , 2.12727642],
       [0.        , 2.13968992],
       [0.        , 2.14011645],
       [0.        , 2.15632153],
       [0.        , 2.15669513],
       [0.        , 2.16552472],
       [0.        , 2.17976665],
       [0.        , 2.18129277],
       [0.        , 2.18334293],
       [0.        , 2.18597937],
       [0.        , 2.18656969],
       [0.        , 2.20509553],
       [0.        , 2.20745826],
       [0.        , 2.21886158],
       [0.        , 2.22295904],
       [0.        , 2.22688079],
       [0.        , 2.23466587],
       [0.        ,        inf]]), array([[2.01100516, 2.01155353],
       [1.79648423, 1.82543945]])]",False
96,2.2499783039093018,0.015312433242797852,2.015595231205225,85.2,4.559749580413555,4,0.02895522117614746,0.008990764617919922,0.0159967839717865,0.2,1.099558307690108,"[array([[0.        , 1.48658133],
       [0.        , 1.50050235],
       [0.        , 1.56075501],
       [0.        , 1.5756526 ],
       [0.        , 1.61924696],
       [0.        , 1.62295961],
       [0.        , 1.63462257],
       [0.        , 1.65699244],
       [0.        , 1.67905593],
       [0.        , 1.68891656],
       [0.        , 1.70768595],
       [0.        , 1.70929575],
       [0.        , 1.7265836 ],
       [0.        , 1.72946203],
       [0.        , 1.72972155],
       [0.        , 1.7557739 ],
       [0.        , 1.78610659],
       [0.        , 1.79155624],
       [0.        , 1.84483862],
       [0.        , 1.91337478],
       [0.        , 1.92618322],
       [0.        , 1.94684029],
       [0.        , 1.96008956],
       [0.        , 1.96059465],
       [0.        , 1.96299124],
       [0.        , 1.98181832],
       [0.        , 1.98226094],
       [0.        , 1.9874872 ],
       [0.        , 2.00377011],
       [0.        , 2.00470781],
       [0.        , 2.01362753],
       [0.        , 2.01607585],
       [0.        , 2.01611137],
       [0.        , 2.01903033],
       [0.        , 2.01993418],
       [0.        , 2.02662611],
       [0.        , 2.02964783],
       [0.        , 2.03508449],
       [0.        , 2.03624129],
       [0.        , 2.04175019],
       [0.        , 2.04549408],
       [0.        , 2.05511498],
       [0.        , 2.05821085],
       [0.        , 2.06198406],
       [0.        , 2.06327343],
       [0.        , 2.0639596 ],
       [0.        , 2.06467533],
       [0.        , 2.06519866],
       [0.        , 2.06643987],
       [0.        , 2.0886066 ],
       [0.        , 2.08863115],
       [0.        , 2.08966041],
       [0.        , 2.09228992],
       [0.        , 2.09412599],
       [0.        , 2.09545064],
       [0.        , 2.1020503 ],
       [0.        , 2.11039424],
       [0.        , 2.11110353],
       [0.        , 2.1130147 ],
       [0.        , 2.11341453],
       [0.        , 2.11381197],
       [0.        , 2.11429381],
       [0.        , 2.11720872],
       [0.        , 2.11873531],
       [0.        , 2.11883855],
       [0.        , 2.12727642],
       [0.        , 2.13847566],
       [0.        , 2.14283538],
       [0.        , 2.14299417],
       [0.        , 2.14645815],
       [0.        , 2.15143609],
       [0.        , 2.1534338 ],
       [0.        , 2.15575957],
       [0.        , 2.1566782 ],
       [0.        , 2.15856552],
       [0.        , 2.16130137],
       [0.        , 2.16247058],
       [0.        , 2.16457534],
       [0.        , 2.17047191],
       [0.        , 2.17343354],
       [0.        , 2.17658663],
       [0.        , 2.17695165],
       [0.        , 2.17702127],
       [0.        , 2.18597937],
       [0.        , 2.18602467],
       [0.        , 2.19002247],
       [0.        , 2.19150114],
       [0.        , 2.20085931],
       [0.        , 2.21046376],
       [0.        , 2.21087456],
       [0.        , 2.21354055],
       [0.        , 2.2154479 ],
       [0.        , 2.22688079],
       [0.        , 2.22764015],
       [0.        , 2.23466587],
       [0.        , 2.2499783 ],
       [0.        ,        inf]]), array([[2.06964731, 2.08961177],
       [2.01100516, 2.01155353],
       [1.79648423, 1.82543945],
       [1.7660917 , 1.7806108 ]])]",False
151,2.245328903198242,0.008044004440307617,2.0220204939115916,134.78,5.012121543183335,10,0.08970129489898682,0.060746073722839355,0.01826249361038208,0.42,1.6393843987774204,"[array([[0.        , 1.21763885],
       [0.        , 1.50050235],
       [0.        , 1.5276984 ],
       [0.        , 1.56075501],
       [0.        , 1.56762123],
       [0.        , 1.5756526 ],
       [0.        , 1.58730698],
       [0.        , 1.59732878],
       [0.        , 1.63013804],
       [0.        , 1.63279319],
       [0.        , 1.63462257],
       [0.        , 1.65235078],
       [0.        , 1.65699244],
       [0.        , 1.67745805],
       [0.        , 1.69042754],
       [0.        , 1.69761336],
       [0.        , 1.70768595],
       [0.        , 1.70929575],
       [0.        , 1.7265836 ],
       [0.        , 1.72946203],
       [0.        , 1.75499403],
       [0.        , 1.7557739 ],
       [0.        , 1.7736516 ],
       [0.        , 1.78610659],
       [0.        , 1.79155624],
       [0.        , 1.80106235],
       [0.        , 1.8034842 ],
       [0.        , 1.81356204],
       [0.        , 1.81373537],
       [0.        , 1.8433857 ],
       [0.        , 1.84526014],
       [0.        , 1.84671748],
       [0.        , 1.86394942],
       [0.        , 1.88051164],
       [0.        , 1.90838575],
       [0.        , 1.91337478],
       [0.        , 1.92013252],
       [0.        , 1.93509984],
       [0.        , 1.94352698],
       [0.        , 1.95058262],
       [0.        , 1.95267034],
       [0.        , 1.96059465],
       [0.        , 1.96572685],
       [0.        , 1.98181832],
       [0.        , 1.99931061],
       [0.        , 2.00100923],
       [0.        , 2.00470781],
       [0.        , 2.0060699 ],
       [0.        , 2.01338983],
       [0.        , 2.01546216],
       [0.        , 2.02092099],
       [0.        , 2.02436256],
       [0.        , 2.0258038 ],
       [0.        , 2.03036046],
       [0.        , 2.03058481],
       [0.        , 2.03637695],
       [0.        , 2.0395937 ],
       [0.        , 2.03969002],
       [0.        , 2.03975034],
       [0.        , 2.04288507],
       [0.        , 2.0436542 ],
       [0.        , 2.06122804],
       [0.        , 2.06201553],
       [0.        , 2.06461287],
       [0.        , 2.06540775],
       [0.        , 2.06899405],
       [0.        , 2.07169318],
       [0.        , 2.07602096],
       [0.        , 2.07838488],
       [0.        , 2.07853556],
       [0.        , 2.08339953],
       [0.        , 2.08553839],
       [0.        , 2.0871551 ],
       [0.        , 2.09228992],
       [0.        , 2.09582663],
       [0.        , 2.09766865],
       [0.        , 2.09954023],
       [0.        , 2.10052919],
       [0.        , 2.10526919],
       [0.        , 2.11183429],
       [0.        , 2.11288309],
       [0.        , 2.11449552],
       [0.        , 2.11599731],
       [0.        , 2.11790848],
       [0.        , 2.11818337],
       [0.        , 2.11940765],
       [0.        , 2.12096119],
       [0.        , 2.12131596],
       [0.        , 2.12456012],
       [0.        , 2.12543035],
       [0.        , 2.12790895],
       [0.        , 2.12870121],
       [0.        , 2.13028502],
       [0.        , 2.13161111],
       [0.        , 2.13378739],
       [0.        , 2.13608623],
       [0.        , 2.1394186 ],
       [0.        , 2.14306831],
       [0.        , 2.14422202],
       [0.        , 2.1495316 ],
       [0.        , 2.14954662],
       [0.        , 2.15020084],
       [0.        , 2.15099502],
       [0.        , 2.15174818],
       [0.        , 2.15361881],
       [0.        , 2.15484715],
       [0.        , 2.15952706],
       [0.        , 2.15985823],
       [0.        , 2.16077447],
       [0.        , 2.16359258],
       [0.        , 2.16512728],
       [0.        , 2.16521573],
       [0.        , 2.16687608],
       [0.        , 2.16815257],
       [0.        , 2.16917896],
       [0.        , 2.17072773],
       [0.        , 2.17385387],
       [0.        , 2.17691064],
       [0.        , 2.17702127],
       [0.        , 2.17761469],
       [0.        , 2.18007112],
       [0.        , 2.18381262],
       [0.        , 2.1841104 ],
       [0.        , 2.18597937],
       [0.        , 2.18928003],
       [0.        , 2.18998146],
       [0.        , 2.19066429],
       [0.        , 2.19092488],
       [0.        , 2.19331551],
       [0.        , 2.19685197],
       [0.        , 2.19829512],
       [0.        , 2.19861031],
       [0.        , 2.19981503],
       [0.        , 2.20143437],
       [0.        , 2.20304704],
       [0.        , 2.20580697],
       [0.        , 2.20778084],
       [0.        , 2.20800519],
       [0.        , 2.20908308],
       [0.        , 2.21469593],
       [0.        , 2.21594048],
       [0.        , 2.21627474],
       [0.        , 2.21895194],
       [0.        , 2.21982503],
       [0.        , 2.22295904],
       [0.        , 2.22359276],
       [0.        , 2.22520614],
       [0.        , 2.22688079],
       [0.        , 2.23466587],
       [0.        , 2.2372849 ],
       [0.        , 2.2453289 ],
       [0.        ,        inf]]), array([[2.12101603, 2.13485146],
       [2.06964731, 2.08456326],
       [2.02184224, 2.02462697],
       [2.01100516, 2.01155353],
       [1.99991047, 2.08961177],
       [1.91665983, 1.9192555 ],
       [1.84556353, 1.85533714],
       [1.79648423, 1.82543945],
       [1.78359962, 1.7885952 ],
       [1.7660917 , 1.7806108 ]])]",True
89,2.234665870666504,0.00778508186340332,2.018147049325236,79.56,4.483830719482207,3,0.02895522117614746,0.021164417266845703,0.012431462605794271,0.14,0.5856607568823339,"[array([[0.        , 1.21763885],
       [0.        , 1.50050235],
       [0.        , 1.5756526 ],
       [0.        , 1.64819396],
       [0.        , 1.65699244],
       [0.        , 1.67304981],
       [0.        , 1.67905593],
       [0.        , 1.69761336],
       [0.        , 1.70768595],
       [0.        , 1.70929575],
       [0.        , 1.7265836 ],
       [0.        , 1.72946203],
       [0.        , 1.7557739 ],
       [0.        , 1.78610659],
       [0.        , 1.79107094],
       [0.        , 1.79155624],
       [0.        , 1.81373537],
       [0.        , 1.90133345],
       [0.        , 1.9077493 ],
       [0.        , 1.95801938],
       [0.        , 1.96059465],
       [0.        , 1.97433877],
       [0.        , 1.98181832],
       [0.        , 1.99267936],
       [0.        , 2.0006578 ],
       [0.        , 2.00377011],
       [0.        , 2.00388503],
       [0.        , 2.00470781],
       [0.        , 2.00575018],
       [0.        , 2.00822401],
       [0.        , 2.01343679],
       [0.        , 2.02017236],
       [0.        , 2.02081823],
       [0.        , 2.02820706],
       [0.        , 2.03011322],
       [0.        , 2.03219962],
       [0.        , 2.03406954],
       [0.        , 2.03492188],
       [0.        , 2.046628  ],
       [0.        , 2.05327082],
       [0.        , 2.06212139],
       [0.        , 2.06693387],
       [0.        , 2.07005   ],
       [0.        , 2.07295799],
       [0.        , 2.0756588 ],
       [0.        , 2.08042026],
       [0.        , 2.08365822],
       [0.        , 2.08700299],
       [0.        , 2.08966041],
       [0.        , 2.10185742],
       [0.        , 2.10631227],
       [0.        , 2.10671592],
       [0.        , 2.1073246 ],
       [0.        , 2.11341453],
       [0.        , 2.11449552],
       [0.        , 2.11883855],
       [0.        , 2.11897397],
       [0.        , 2.1201067 ],
       [0.        , 2.12727642],
       [0.        , 2.12732315],
       [0.        , 2.12782001],
       [0.        , 2.12927389],
       [0.        , 2.13209319],
       [0.        , 2.13698649],
       [0.        , 2.14120102],
       [0.        , 2.15143609],
       [0.        , 2.15171146],
       [0.        , 2.1564548 ],
       [0.        , 2.15646577],
       [0.        , 2.15669513],
       [0.        , 2.16111183],
       [0.        , 2.16959143],
       [0.        , 2.17983413],
       [0.        , 2.18011045],
       [0.        , 2.18025613],
       [0.        , 2.18084216],
       [0.        , 2.18579721],
       [0.        , 2.18597937],
       [0.        , 2.18816781],
       [0.        , 2.19095421],
       [0.        , 2.19829512],
       [0.        , 2.20394945],
       [0.        , 2.20449376],
       [0.        , 2.21272111],
       [0.        , 2.21588612],
       [0.        , 2.22295904],
       [0.        , 2.22401524],
       [0.        , 2.22688079],
       [0.        , 2.23466587],
       [0.        ,        inf]]), array([[2.11777306, 2.12556386],
       [2.01100516, 2.01155353],
       [1.79648423, 1.82543945]])]",False
120,2.2478301525115967,0.01138758659362793,2.0060184826453527,106.24,4.782722462783509,3,0.02895522117614746,0.014679670333862305,0.014593044916788736,0.16,0.6936960068088842,"[array([[0.        , 1.48658133],
       [0.        , 1.50050235],
       [0.        , 1.5276984 ],
       [0.        , 1.53689873],
       [0.        , 1.56075501],
       [0.        , 1.5756526 ],
       [0.        , 1.59647572],
       [0.        , 1.61924696],
       [0.        , 1.62295961],
       [0.        , 1.65699244],
       [0.        , 1.685745  ],
       [0.        , 1.69042754],
       [0.        , 1.70768595],
       [0.        , 1.7265836 ],
       [0.        , 1.75499403],
       [0.        , 1.7660917 ],
       [0.        , 1.78359962],
       [0.        , 1.78610659],
       [0.        , 1.79107094],
       [0.        , 1.79155624],
       [0.        , 1.80106235],
       [0.        , 1.8034842 ],
       [0.        , 1.82156527],
       [0.        , 1.82882655],
       [0.        , 1.8433857 ],
       [0.        , 1.84483862],
       [0.        , 1.84579301],
       [0.        , 1.8526063 ],
       [0.        , 1.86394942],
       [0.        , 1.86415946],
       [0.        , 1.91337478],
       [0.        , 1.92324412],
       [0.        , 1.92370021],
       [0.        , 1.92906737],
       [0.        , 1.94292152],
       [0.        , 1.95398283],
       [0.        , 1.95561421],
       [0.        , 1.95563412],
       [0.        , 1.95693326],
       [0.        , 1.96059465],
       [0.        , 1.97745407],
       [0.        , 1.97972572],
       [0.        , 1.98181832],
       [0.        , 1.99195361],
       [0.        , 2.00470781],
       [0.        , 2.00982809],
       [0.        , 2.01338983],
       [0.        , 2.01361704],
       [0.        , 2.01493216],
       [0.        , 2.0191257 ],
       [0.        , 2.02453995],
       [0.        , 2.02562547],
       [0.        , 2.03564405],
       [0.        , 2.03790426],
       [0.        , 2.0395937 ],
       [0.        , 2.04330158],
       [0.        , 2.05349326],
       [0.        , 2.05546618],
       [0.        , 2.06912827],
       [0.        , 2.07418346],
       [0.        , 2.07735944],
       [0.        , 2.08505177],
       [0.        , 2.08571601],
       [0.        , 2.08731794],
       [0.        , 2.09038496],
       [0.        , 2.09170532],
       [0.        , 2.09489965],
       [0.        , 2.09584212],
       [0.        , 2.1020503 ],
       [0.        , 2.10794091],
       [0.        , 2.10933948],
       [0.        , 2.11259604],
       [0.        , 2.11276007],
       [0.        , 2.11394501],
       [0.        , 2.11790848],
       [0.        , 2.11850858],
       [0.        , 2.11991858],
       [0.        , 2.12003064],
       [0.        , 2.12101603],
       [0.        , 2.12128782],
       [0.        , 2.12187171],
       [0.        , 2.12456393],
       [0.        , 2.12563491],
       [0.        , 2.12689543],
       [0.        , 2.12727642],
       [0.        , 2.14341927],
       [0.        , 2.14699554],
       [0.        , 2.14817619],
       [0.        , 2.15170741],
       [0.        , 2.15525794],
       [0.        , 2.15689397],
       [0.        , 2.15800667],
       [0.        , 2.15815377],
       [0.        , 2.15915704],
       [0.        , 2.16186452],
       [0.        , 2.16507411],
       [0.        , 2.16695833],
       [0.        , 2.17605448],
       [0.        , 2.17789125],
       [0.        , 2.18427968],
       [0.        , 2.18573713],
       [0.        , 2.18597937],
       [0.        , 2.18647981],
       [0.        , 2.18650937],
       [0.        , 2.19052052],
       [0.        , 2.19192576],
       [0.        , 2.19632244],
       [0.        , 2.20509553],
       [0.        , 2.20541906],
       [0.        , 2.20580697],
       [0.        , 2.20676446],
       [0.        , 2.20719576],
       [0.        , 2.20962119],
       [0.        , 2.22259736],
       [0.        , 2.22295904],
       [0.        , 2.22688079],
       [0.        , 2.2279582 ],
       [0.        , 2.23466587],
       [0.        , 2.23644257],
       [0.        , 2.24783015],
       [0.        ,        inf]]), array([[2.01100516, 2.01155353],
       [1.79648423, 1.82543945],
       [1.76633525, 1.7806108 ]])]",True
99,2.242981195449829,0.0014014244079589844,2.0114646391435103,87.94,4.590674564686434,2,0.02895522117614746,0.028406858444213867,0.014751791954040527,0.14,0.0924850797144974,"[array([[0.        , 1.48658133],
       [0.        , 1.50050235],
       [0.        , 1.5756526 ],
       [0.        , 1.61924696],
       [0.        , 1.62295961],
       [0.        , 1.65699244],
       [0.        , 1.67745805],
       [0.        , 1.67905593],
       [0.        , 1.70768595],
       [0.        , 1.70929575],
       [0.        , 1.7265836 ],
       [0.        , 1.72946203],
       [0.        , 1.73666823],
       [0.        , 1.75499403],
       [0.        , 1.7557739 ],
       [0.        , 1.78610659],
       [0.        , 1.79107094],
       [0.        , 1.79155624],
       [0.        , 1.81817877],
       [0.        , 1.8433857 ],
       [0.        , 1.84483862],
       [0.        , 1.84579301],
       [0.        , 1.84671748],
       [0.        , 1.88051307],
       [0.        , 1.89772367],
       [0.        , 1.89820266],
       [0.        , 1.91006947],
       [0.        , 1.94484818],
       [0.        , 1.96059465],
       [0.        , 1.96413541],
       [0.        , 1.96601403],
       [0.        , 1.97097707],
       [0.        , 1.98181832],
       [0.        , 1.99254453],
       [0.        , 1.99995315],
       [0.        , 2.00470781],
       [0.        , 2.01167607],
       [0.        , 2.01361704],
       [0.        , 2.01725316],
       [0.        , 2.01828861],
       [0.        , 2.01963401],
       [0.        , 2.0395937 ],
       [0.        , 2.04726934],
       [0.        , 2.04881978],
       [0.        , 2.05376506],
       [0.        , 2.06720638],
       [0.        , 2.06888008],
       [0.        , 2.07414055],
       [0.        , 2.07851958],
       [0.        , 2.07955861],
       [0.        , 2.080024  ],
       [0.        , 2.0831356 ],
       [0.        , 2.08681154],
       [0.        , 2.09143233],
       [0.        , 2.0920155 ],
       [0.        , 2.09247398],
       [0.        , 2.09701657],
       [0.        , 2.09895706],
       [0.        , 2.09948325],
       [0.        , 2.1020503 ],
       [0.        , 2.10461116],
       [0.        , 2.10597706],
       [0.        , 2.12447214],
       [0.        , 2.12563491],
       [0.        , 2.12727642],
       [0.        , 2.12732315],
       [0.        , 2.13440895],
       [0.        , 2.13793182],
       [0.        , 2.13800955],
       [0.        , 2.14416242],
       [0.        , 2.14513135],
       [0.        , 2.14730549],
       [0.        , 2.1479187 ],
       [0.        , 2.15137005],
       [0.        , 2.15288234],
       [0.        , 2.15325642],
       [0.        , 2.15505004],
       [0.        , 2.15622497],
       [0.        , 2.15722322],
       [0.        , 2.15893126],
       [0.        , 2.16521573],
       [0.        , 2.18028116],
       [0.        , 2.18045855],
       [0.        , 2.18170094],
       [0.        , 2.18189573],
       [0.        , 2.18597937],
       [0.        , 2.19366407],
       [0.        , 2.19596434],
       [0.        , 2.20312476],
       [0.        , 2.20348501],
       [0.        , 2.20962119],
       [0.        , 2.21364093],
       [0.        , 2.21440625],
       [0.        , 2.21776342],
       [0.        , 2.22630453],
       [0.        , 2.22688079],
       [0.        , 2.23466587],
       [0.        , 2.24157977],
       [0.        , 2.2429812 ],
       [0.        ,        inf]]), array([[2.01100516, 2.01155353],
       [1.79648423, 1.82543945]])]",True
84,2.250225782394409,0.005663633346557617,2.0075129511810483,74.26,4.4251059198574625,4,0.02895522117614746,0.014436125755310059,0.0119839608669281,0.12,0.9219478693984009,"[array([[0.        , 1.21763885],
       [0.        , 1.50050235],
       [0.        , 1.56075501],
       [0.        , 1.5756526 ],
       [0.        , 1.64819396],
       [0.        , 1.65699244],
       [0.        , 1.67304981],
       [0.        , 1.69761336],
       [0.        , 1.70768595],
       [0.        , 1.70929575],
       [0.        , 1.7265836 ],
       [0.        , 1.72946203],
       [0.        , 1.72972155],
       [0.        , 1.7557739 ],
       [0.        , 1.78610659],
       [0.        , 1.79155624],
       [0.        , 1.80106235],
       [0.        , 1.81373537],
       [0.        , 1.82405341],
       [0.        , 1.84579301],
       [0.        , 1.87747157],
       [0.        , 1.88843322],
       [0.        , 1.90838575],
       [0.        , 1.95553291],
       [0.        , 1.96008956],
       [0.        , 1.96059465],
       [0.        , 1.96413541],
       [0.        , 1.96992195],
       [0.        , 1.98181832],
       [0.        , 1.98591614],
       [0.        , 1.995646  ],
       [0.        , 2.00461245],
       [0.        , 2.00470781],
       [0.        , 2.00751996],
       [0.        , 2.01025462],
       [0.        , 2.011168  ],
       [0.        , 2.0162127 ],
       [0.        , 2.02092099],
       [0.        , 2.02227783],
       [0.        , 2.06199408],
       [0.        , 2.06660533],
       [0.        , 2.08929634],
       [0.        , 2.08969617],
       [0.        , 2.09228992],
       [0.        , 2.1020503 ],
       [0.        , 2.10675669],
       [0.        , 2.11287212],
       [0.        , 2.11681676],
       [0.        , 2.12450385],
       [0.        , 2.12846184],
       [0.        , 2.1295886 ],
       [0.        , 2.13395452],
       [0.        , 2.13793206],
       [0.        , 2.14293599],
       [0.        , 2.14438367],
       [0.        , 2.14612484],
       [0.        , 2.1563642 ],
       [0.        , 2.15663958],
       [0.        , 2.16021991],
       [0.        , 2.1603334 ],
       [0.        , 2.16216874],
       [0.        , 2.16998148],
       [0.        , 2.1742878 ],
       [0.        , 2.17527509],
       [0.        , 2.17594337],
       [0.        , 2.17983413],
       [0.        , 2.17992258],
       [0.        , 2.18022084],
       [0.        , 2.1824038 ],
       [0.        , 2.18422723],
       [0.        , 2.18570566],
       [0.        , 2.18597937],
       [0.        , 2.18626213],
       [0.        , 2.18793535],
       [0.        , 2.19235826],
       [0.        , 2.21220326],
       [0.        , 2.22295904],
       [0.        , 2.22390842],
       [0.        , 2.22688079],
       [0.        , 2.22764015],
       [0.        , 2.22886848],
       [0.        , 2.23466587],
       [0.        , 2.24456215],
       [0.        , 2.25022578],
       [0.        ,        inf]]), array([[2.22405267, 2.22796583],
       [2.01100516, 2.01155353],
       [1.79648423, 1.82543945],
       [1.7660917 , 1.7806108 ]])]",True
67,2.250974416732788,0.01630854606628418,1.989677991440047,58.68,4.196941984782655,6,0.02895522117614746,0.014436125755310059,0.010231256484985352,0.22,1.368046289634424,"[array([[0.        , 1.21763885],
       [0.        , 1.4371264 ],
       [0.        , 1.44018292],
       [0.        , 1.5276984 ],
       [0.        , 1.56075501],
       [0.        , 1.59647572],
       [0.        , 1.63462257],
       [0.        , 1.65235078],
       [0.        , 1.65699244],
       [0.        , 1.69761336],
       [0.        , 1.70768595],
       [0.        , 1.70929575],
       [0.        , 1.7265836 ],
       [0.        , 1.72946203],
       [0.        , 1.7557739 ],
       [0.        , 1.78610659],
       [0.        , 1.8034842 ],
       [0.        , 1.81373537],
       [0.        , 1.81984484],
       [0.        , 1.88897538],
       [0.        , 1.91337478],
       [0.        , 1.96059465],
       [0.        , 1.98181832],
       [0.        , 2.00470781],
       [0.        , 2.01063418],
       [0.        , 2.02092099],
       [0.        , 2.03342247],
       [0.        , 2.05130482],
       [0.        , 2.07853556],
       [0.        , 2.08998251],
       [0.        , 2.09228992],
       [0.        , 2.09689689],
       [0.        , 2.09894609],
       [0.        , 2.1020503 ],
       [0.        , 2.1030333 ],
       [0.        , 2.10338283],
       [0.        , 2.10804462],
       [0.        , 2.11578846],
       [0.        , 2.11681676],
       [0.        , 2.11868405],
       [0.        , 2.12727642],
       [0.        , 2.12966013],
       [0.        , 2.13347268],
       [0.        , 2.13395452],
       [0.        , 2.15526485],
       [0.        , 2.15774941],
       [0.        , 2.16238475],
       [0.        , 2.16552472],
       [0.        , 2.16998148],
       [0.        , 2.17302442],
       [0.        , 2.1742878 ],
       [0.        , 2.17527509],
       [0.        , 2.18018913],
       [0.        , 2.18022084],
       [0.        , 2.18241668],
       [0.        , 2.18597937],
       [0.        , 2.18803501],
       [0.        , 2.19132066],
       [0.        , 2.19316936],
       [0.        , 2.19833231],
       [0.        , 2.20169234],
       [0.        , 2.22274661],
       [0.        , 2.22295904],
       [0.        , 2.22688079],
       [0.        , 2.22735333],
       [0.        , 2.23466587],
       [0.        , 2.25097442],
       [0.        ,        inf]]), array([[2.01100516, 2.01155353],
       [1.91665983, 1.9192555 ],
       [1.84556353, 1.85533714],
       [1.79648423, 1.82543945],
       [1.78359962, 1.7885952 ],
       [1.7660917 , 1.7806108 ]])]",True
94,2.245898485183716,0.011232614517211914,2.0176870138087173,83.66,4.538893057745867,1,0.0005483627319335938,0.0005483627319335938,0.0005483627319335938,0.98,-0.0,"[array([[0.        , 1.21763885],
       [0.        , 1.5756526 ],
       [0.        , 1.63462257],
       [0.        , 1.6373446 ],
       [0.        , 1.65699244],
       [0.        , 1.67304981],
       [0.        , 1.69761336],
       [0.        , 1.70929575],
       [0.        , 1.7265836 ],
       [0.        , 1.72946203],
       [0.        , 1.73666823],
       [0.        , 1.75499403],
       [0.        , 1.7557739 ],
       [0.        , 1.77539909],
       [0.        , 1.81373537],
       [0.        , 1.82405341],
       [0.        , 1.8433857 ],
       [0.        , 1.84579301],
       [0.        , 1.85600579],
       [0.        , 1.88051164],
       [0.        , 1.90838575],
       [0.        , 1.90997446],
       [0.        , 1.94013143],
       [0.        , 1.95946801],
       [0.        , 1.96059465],
       [0.        , 1.96584356],
       [0.        , 1.97501123],
       [0.        , 1.98181832],
       [0.        , 1.98348165],
       [0.        , 1.995646  ],
       [0.        , 1.99693155],
       [0.        , 2.00470781],
       [0.        , 2.01284933],
       [0.        , 2.01343679],
       [0.        , 2.01455545],
       [0.        , 2.01566124],
       [0.        , 2.01903033],
       [0.        , 2.02600646],
       [0.        , 2.03241014],
       [0.        , 2.03362775],
       [0.        , 2.04669452],
       [0.        , 2.05491209],
       [0.        , 2.05565572],
       [0.        , 2.06005812],
       [0.        , 2.0622983 ],
       [0.        , 2.07168984],
       [0.        , 2.07810497],
       [0.        , 2.07938075],
       [0.        , 2.08365822],
       [0.        , 2.09342027],
       [0.        , 2.09542203],
       [0.        , 2.0965662 ],
       [0.        , 2.09828806],
       [0.        , 2.10123086],
       [0.        , 2.10150337],
       [0.        , 2.10526919],
       [0.        , 2.10623479],
       [0.        , 2.11449552],
       [0.        , 2.11626363],
       [0.        , 2.1190896 ],
       [0.        , 2.1201067 ],
       [0.        , 2.1209538 ],
       [0.        , 2.12230802],
       [0.        , 2.12393165],
       [0.        , 2.12563491],
       [0.        , 2.12727642],
       [0.        , 2.12933064],
       [0.        , 2.14062572],
       [0.        , 2.14349127],
       [0.        , 2.14926267],
       [0.        , 2.14954662],
       [0.        , 2.15012217],
       [0.        , 2.15722322],
       [0.        , 2.16302228],
       [0.        , 2.16345382],
       [0.        , 2.16347122],
       [0.        , 2.16873431],
       [0.        , 2.17146397],
       [0.        , 2.1746428 ],
       [0.        , 2.18129277],
       [0.        , 2.18287706],
       [0.        , 2.18597937],
       [0.        , 2.18816781],
       [0.        , 2.19232368],
       [0.        , 2.19596434],
       [0.        , 2.20324183],
       [0.        , 2.20382833],
       [0.        , 2.20428205],
       [0.        , 2.20541906],
       [0.        , 2.2062335 ],
       [0.        , 2.20653844],
       [0.        , 2.22688079],
       [0.        , 2.23466587],
       [0.        , 2.24589849],
       [0.        ,        inf]]), array([[2.01100516, 2.01155353]])]",True
119,2.24157977104187,0.006913900375366211,2.034422556893164,106.98,4.774669140697521,6,0.08970129489898682,0.060746073722839355,0.028516769409179688,0.54,1.3461566149587805,"[array([[0.        , 1.48658133],
       [0.        , 1.50050235],
       [0.        , 1.56075501],
       [0.        , 1.5756526 ],
       [0.        , 1.61924696],
       [0.        , 1.62295961],
       [0.        , 1.63462257],
       [0.        , 1.6373446 ],
       [0.        , 1.65699244],
       [0.        , 1.67745805],
       [0.        , 1.70768595],
       [0.        , 1.70929575],
       [0.        , 1.7265836 ],
       [0.        , 1.72946203],
       [0.        , 1.72972155],
       [0.        , 1.75499403],
       [0.        , 1.7557739 ],
       [0.        , 1.76976335],
       [0.        , 1.77591288],
       [0.        , 1.78610659],
       [0.        , 1.79107094],
       [0.        , 1.79155624],
       [0.        , 1.84483862],
       [0.        , 1.88861883],
       [0.        , 1.91337478],
       [0.        , 1.93455756],
       [0.        , 1.96008956],
       [0.        , 1.96059465],
       [0.        , 1.96299124],
       [0.        , 1.97097707],
       [0.        , 1.98181832],
       [0.        , 1.98978388],
       [0.        , 2.00459361],
       [0.        , 2.00470781],
       [0.        , 2.0068481 ],
       [0.        , 2.00790715],
       [0.        , 2.01804876],
       [0.        , 2.03362894],
       [0.        , 2.03637695],
       [0.        , 2.0395937 ],
       [0.        , 2.04008317],
       [0.        , 2.04983521],
       [0.        , 2.05574155],
       [0.        , 2.05875015],
       [0.        , 2.06182861],
       [0.        , 2.0646708 ],
       [0.        , 2.0661869 ],
       [0.        , 2.06888008],
       [0.        , 2.07333732],
       [0.        , 2.08040309],
       [0.        , 2.08800507],
       [0.        , 2.08883715],
       [0.        , 2.09059525],
       [0.        , 2.09247398],
       [0.        , 2.09273577],
       [0.        , 2.09386086],
       [0.        , 2.09766912],
       [0.        , 2.09944749],
       [0.        , 2.1016531 ],
       [0.        , 2.10479879],
       [0.        , 2.10958099],
       [0.        , 2.11523342],
       [0.        , 2.11533308],
       [0.        , 2.11629939],
       [0.        , 2.11925125],
       [0.        , 2.12727642],
       [0.        , 2.13144016],
       [0.        , 2.13294578],
       [0.        , 2.13579106],
       [0.        , 2.13708043],
       [0.        , 2.13712668],
       [0.        , 2.13762665],
       [0.        , 2.13923955],
       [0.        , 2.13974285],
       [0.        , 2.14408684],
       [0.        , 2.14492989],
       [0.        , 2.14764476],
       [0.        , 2.14940763],
       [0.        , 2.15062404],
       [0.        , 2.15206599],
       [0.        , 2.15457726],
       [0.        , 2.15646577],
       [0.        , 2.15853596],
       [0.        , 2.15877438],
       [0.        , 2.16185474],
       [0.        , 2.16187239],
       [0.        , 2.16343904],
       [0.        , 2.16486883],
       [0.        , 2.16497636],
       [0.        , 2.16780853],
       [0.        , 2.16827893],
       [0.        , 2.17021012],
       [0.        , 2.17102671],
       [0.        , 2.17310286],
       [0.        , 2.17419267],
       [0.        , 2.1746428 ],
       [0.        , 2.17780161],
       [0.        , 2.17854714],
       [0.        , 2.18157864],
       [0.        , 2.18336749],
       [0.        , 2.18550301],
       [0.        , 2.18597937],
       [0.        , 2.18781638],
       [0.        , 2.19147539],
       [0.        , 2.19331551],
       [0.        , 2.19513369],
       [0.        , 2.19566059],
       [0.        , 2.19697285],
       [0.        , 2.19845438],
       [0.        , 2.19980693],
       [0.        , 2.20606351],
       [0.        , 2.20816755],
       [0.        , 2.20962119],
       [0.        , 2.21354055],
       [0.        , 2.22259736],
       [0.        , 2.2252152 ],
       [0.        , 2.22688079],
       [0.        , 2.23466587],
       [0.        , 2.24157977],
       [0.        ,        inf]]), array([[2.06964731, 2.08456326],
       [2.01100516, 2.01155353],
       [2.00793624, 2.03039694],
       [1.99991047, 2.08961177],
       [1.79648423, 1.82543945],
       [1.7660917 , 1.7806108 ]])]",True
105,2.234665870666504,0.003417491912841797,2.012319360460554,93.66,4.649314852766721,5,0.07757687568664551,0.04862165451049805,0.0264756441116333,0.4,1.1149762836734511,"[array([[0.        , 1.21763885],
       [0.        , 1.56075501],
       [0.        , 1.5756526 ],
       [0.        , 1.63462257],
       [0.        , 1.63620639],
       [0.        , 1.64819396],
       [0.        , 1.65699244],
       [0.        , 1.67304981],
       [0.        , 1.69761336],
       [0.        , 1.70768595],
       [0.        , 1.70929575],
       [0.        , 1.7265836 ],
       [0.        , 1.72946203],
       [0.        , 1.75499403],
       [0.        , 1.7557739 ],
       [0.        , 1.78610659],
       [0.        , 1.81373537],
       [0.        , 1.81817877],
       [0.        , 1.81984484],
       [0.        , 1.8433857 ],
       [0.        , 1.84671748],
       [0.        , 1.87725806],
       [0.        , 1.88051164],
       [0.        , 1.89024687],
       [0.        , 1.89772367],
       [0.        , 1.89820266],
       [0.        , 1.91006947],
       [0.        , 1.95946801],
       [0.        , 1.96021163],
       [0.        , 1.96059465],
       [0.        , 1.96413541],
       [0.        , 1.96601403],
       [0.        , 1.97097707],
       [0.        , 1.98181832],
       [0.        , 1.9874649 ],
       [0.        , 1.99075532],
       [0.        , 1.99254453],
       [0.        , 2.00470781],
       [0.        , 2.00557971],
       [0.        , 2.01075935],
       [0.        , 2.0109241 ],
       [0.        , 2.01284933],
       [0.        , 2.01386952],
       [0.        , 2.01963401],
       [0.        , 2.02474332],
       [0.        , 2.02600646],
       [0.        , 2.05376506],
       [0.        , 2.05565572],
       [0.        , 2.06291318],
       [0.        , 2.06363297],
       [0.        , 2.06380701],
       [0.        , 2.06888008],
       [0.        , 2.07319736],
       [0.        , 2.07952189],
       [0.        , 2.08701396],
       [0.        , 2.09143233],
       [0.        , 2.0920155 ],
       [0.        , 2.09228992],
       [0.        , 2.09247398],
       [0.        , 2.09329057],
       [0.        , 2.09701657],
       [0.        , 2.09895706],
       [0.        , 2.10365009],
       [0.        , 2.10597706],
       [0.        , 2.10780478],
       [0.        , 2.11735415],
       [0.        , 2.12081552],
       [0.        , 2.1209538 ],
       [0.        , 2.12563491],
       [0.        , 2.12711382],
       [0.        , 2.12873316],
       [0.        , 2.13378739],
       [0.        , 2.13440895],
       [0.        , 2.13555098],
       [0.        , 2.14159322],
       [0.        , 2.14275908],
       [0.        , 2.14349127],
       [0.        , 2.14498305],
       [0.        , 2.14743471],
       [0.        , 2.15093565],
       [0.        , 2.15288234],
       [0.        , 2.15505004],
       [0.        , 2.15917683],
       [0.        , 2.16126442],
       [0.        , 2.16345382],
       [0.        , 2.1635592 ],
       [0.        , 2.17202044],
       [0.        , 2.18028116],
       [0.        , 2.18171811],
       [0.        , 2.18189573],
       [0.        , 2.18597937],
       [0.        , 2.19596434],
       [0.        , 2.19627666],
       [0.        , 2.19829512],
       [0.        , 2.20428205],
       [0.        , 2.20985579],
       [0.        , 2.20998883],
       [0.        , 2.2121172 ],
       [0.        , 2.21918416],
       [0.        , 2.21982503],
       [0.        , 2.22295904],
       [0.        , 2.22630453],
       [0.        , 2.22688079],
       [0.        , 2.23124838],
       [0.        , 2.23466587],
       [0.        ,        inf]]), array([[2.03370261, 2.04448128],
       [2.01203489, 2.08961177],
       [2.01100516, 2.01155353],
       [1.79648423, 1.82543945],
       [1.7660917 , 1.7806108 ]])]",True
81,2.234665870666504,0.00778508186340332,1.9826339188917184,71.22,4.388090837556814,8,0.07091236114501953,0.04195713996887207,0.020135536789894104,0.36,1.5579090020514994,"[array([[0.        , 1.21763885],
       [0.        , 1.51786327],
       [0.        , 1.5276984 ],
       [0.        , 1.56075501],
       [0.        , 1.5756526 ],
       [0.        , 1.63279319],
       [0.        , 1.64030313],
       [0.        , 1.64819396],
       [0.        , 1.65235078],
       [0.        , 1.65699244],
       [0.        , 1.67745805],
       [0.        , 1.69761336],
       [0.        , 1.70768595],
       [0.        , 1.70929575],
       [0.        , 1.7265836 ],
       [0.        , 1.72946203],
       [0.        , 1.7557739 ],
       [0.        , 1.78610659],
       [0.        , 1.8010534 ],
       [0.        , 1.8034842 ],
       [0.        , 1.81373537],
       [0.        , 1.81984484],
       [0.        , 1.82882655],
       [0.        , 1.88051164],
       [0.        , 1.95801938],
       [0.        , 1.96059465],
       [0.        , 1.96849251],
       [0.        , 1.97433877],
       [0.        , 1.98181832],
       [0.        , 1.99195361],
       [0.        , 1.99267936],
       [0.        , 1.99475837],
       [0.        , 2.00470781],
       [0.        , 2.00575018],
       [0.        , 2.05327082],
       [0.        , 2.06108284],
       [0.        , 2.06212139],
       [0.        , 2.0622108 ],
       [0.        , 2.0650053 ],
       [0.        , 2.06693387],
       [0.        , 2.07005   ],
       [0.        , 2.0756588 ],
       [0.        , 2.08294034],
       [0.        , 2.08365822],
       [0.        , 2.08692575],
       [0.        , 2.08700299],
       [0.        , 2.09228992],
       [0.        , 2.09498596],
       [0.        , 2.09874105],
       [0.        , 2.10283232],
       [0.        , 2.10780478],
       [0.        , 2.10852623],
       [0.        , 2.11226964],
       [0.        , 2.11376071],
       [0.        , 2.11449552],
       [0.        , 2.11669898],
       [0.        , 2.1201067 ],
       [0.        , 2.12181878],
       [0.        , 2.12727642],
       [0.        , 2.13458204],
       [0.        , 2.13906145],
       [0.        , 2.14362812],
       [0.        , 2.15546703],
       [0.        , 2.1564548 ],
       [0.        , 2.16111183],
       [0.        , 2.16393471],
       [0.        , 2.16946411],
       [0.        , 2.17983413],
       [0.        , 2.18597937],
       [0.        , 2.18816781],
       [0.        , 2.19177389],
       [0.        , 2.19232368],
       [0.        , 2.19505739],
       [0.        , 2.20394945],
       [0.        , 2.20449376],
       [0.        , 2.21594048],
       [0.        , 2.21886158],
       [0.        , 2.21949816],
       [0.        , 2.22295904],
       [0.        , 2.22688079],
       [0.        , 2.23466587],
       [0.        ,        inf]]), array([[2.01479149, 2.08570385],
       [2.01100516, 2.01155353],
       [1.91665983, 1.9192555 ],
       [1.84556353, 1.85533714],
       [1.79648423, 1.82543945],
       [1.78359962, 1.7885952 ],
       [1.7660917 , 1.7806108 ],
       [1.68343854, 1.71222293]])]",True
94,2.2445621490478516,0.0029823780059814453,2.01891257915091,83.76,4.538065092463769,5,0.02895522117614746,0.008990764617919922,0.015953898429870605,0.22,1.3794179606974681,"[array([[0.        , 1.48658133],
       [0.        , 1.50050235],
       [0.        , 1.56075501],
       [0.        , 1.5756526 ],
       [0.        , 1.61924696],
       [0.        , 1.62295961],
       [0.        , 1.63462257],
       [0.        , 1.65699244],
       [0.        , 1.67905593],
       [0.        , 1.69042754],
       [0.        , 1.70768595],
       [0.        , 1.70929575],
       [0.        , 1.7265836 ],
       [0.        , 1.72946203],
       [0.        , 1.72972155],
       [0.        , 1.7557739 ],
       [0.        , 1.78610659],
       [0.        , 1.79155624],
       [0.        , 1.81356204],
       [0.        , 1.8433857 ],
       [0.        , 1.84483862],
       [0.        , 1.84579301],
       [0.        , 1.9042232 ],
       [0.        , 1.90636992],
       [0.        , 1.90838575],
       [0.        , 1.94486237],
       [0.        , 1.94535494],
       [0.        , 1.96008956],
       [0.        , 1.96059465],
       [0.        , 1.96588087],
       [0.        , 1.97986257],
       [0.        , 1.98181832],
       [0.        , 1.99561071],
       [0.        , 2.00461245],
       [0.        , 2.00470781],
       [0.        , 2.01338983],
       [0.        , 2.02092099],
       [0.        , 2.03428555],
       [0.        , 2.0395937 ],
       [0.        , 2.0482471 ],
       [0.        , 2.05130482],
       [0.        , 2.06199408],
       [0.        , 2.0647943 ],
       [0.        , 2.08929634],
       [0.        , 2.09342027],
       [0.        , 2.1020503 ],
       [0.        , 2.10526919],
       [0.        , 2.11287212],
       [0.        , 2.11429381],
       [0.        , 2.11493444],
       [0.        , 2.11578846],
       [0.        , 2.11599731],
       [0.        , 2.11681676],
       [0.        , 2.11818337],
       [0.        , 2.12013197],
       [0.        , 2.12101603],
       [0.        , 2.12727642],
       [0.        , 2.1394186 ],
       [0.        , 2.14293599],
       [0.        , 2.15099502],
       [0.        , 2.15174818],
       [0.        , 2.15597558],
       [0.        , 2.15985823],
       [0.        , 2.16021991],
       [0.        , 2.16077447],
       [0.        , 2.16348076],
       [0.        , 2.16512728],
       [0.        , 2.17695165],
       [0.        , 2.18018913],
       [0.        , 2.18022084],
       [0.        , 2.18241668],
       [0.        , 2.1841104 ],
       [0.        , 2.18597937],
       [0.        , 2.18928003],
       [0.        , 2.19066429],
       [0.        , 2.19316936],
       [0.        , 2.19632244],
       [0.        , 2.19685197],
       [0.        , 2.19833231],
       [0.        , 2.19861031],
       [0.        , 2.20243835],
       [0.        , 2.20304704],
       [0.        , 2.20908308],
       [0.        , 2.20962119],
       [0.        , 2.21220326],
       [0.        , 2.21484256],
       [0.        , 2.22274661],
       [0.        , 2.22359276],
       [0.        , 2.22520614],
       [0.        , 2.22688079],
       [0.        , 2.22886848],
       [0.        , 2.23466587],
       [0.        , 2.24157977],
       [0.        , 2.24456215],
       [0.        ,        inf]]), array([[2.11449552, 2.13027787],
       [2.06964731, 2.08961177],
       [2.01100516, 2.01155353],
       [1.79648423, 1.82543945],
       [1.7660917 , 1.7806108 ]])]",True
103,2.2372848987579346,0.002619028091430664,2.0215291988502426,92.34,4.630195470900805,4,0.02895522117614746,0.014436125755310059,0.012307554483413696,0.12,0.9600000059516591,"[array([[0.        , 1.21763885],
       [0.        , 1.50050235],
       [0.        , 1.56075501],
       [0.        , 1.64819396],
       [0.        , 1.65699244],
       [0.        , 1.67304981],
       [0.        , 1.69042754],
       [0.        , 1.69761336],
       [0.        , 1.70768595],
       [0.        , 1.70929575],
       [0.        , 1.7265836 ],
       [0.        , 1.72946203],
       [0.        , 1.7557739 ],
       [0.        , 1.77539909],
       [0.        , 1.78610659],
       [0.        , 1.79155624],
       [0.        , 1.81356204],
       [0.        , 1.81373537],
       [0.        , 1.8433857 ],
       [0.        , 1.84579301],
       [0.        , 1.88412178],
       [0.        , 1.89102113],
       [0.        , 1.90376687],
       [0.        , 1.94484818],
       [0.        , 1.96059465],
       [0.        , 1.97635162],
       [0.        , 1.9779191 ],
       [0.        , 1.97884321],
       [0.        , 1.97951603],
       [0.        , 1.98181832],
       [0.        , 1.99006939],
       [0.        , 1.99011052],
       [0.        , 1.99313855],
       [0.        , 1.9957149 ],
       [0.        , 2.00470781],
       [0.        , 2.00913954],
       [0.        , 2.0140276 ],
       [0.        , 2.01611137],
       [0.        , 2.02022505],
       [0.        , 2.02092099],
       [0.        , 2.02687287],
       [0.        , 2.03366923],
       [0.        , 2.04377627],
       [0.        , 2.05406809],
       [0.        , 2.05846477],
       [0.        , 2.0641644 ],
       [0.        , 2.06774354],
       [0.        , 2.07295799],
       [0.        , 2.07471657],
       [0.        , 2.080024  ],
       [0.        , 2.08081198],
       [0.        , 2.08681154],
       [0.        , 2.08879066],
       [0.        , 2.09228992],
       [0.        , 2.09543824],
       [0.        , 2.09561348],
       [0.        , 2.1020503 ],
       [0.        , 2.10394526],
       [0.        , 2.10461116],
       [0.        , 2.10501933],
       [0.        , 2.10714102],
       [0.        , 2.11050105],
       [0.        , 2.11166835],
       [0.        , 2.11358333],
       [0.        , 2.114182  ],
       [0.        , 2.12012029],
       [0.        , 2.12215948],
       [0.        , 2.1232481 ],
       [0.        , 2.13462591],
       [0.        , 2.14416242],
       [0.        , 2.14647532],
       [0.        , 2.14699554],
       [0.        , 2.14865184],
       [0.        , 2.1488843 ],
       [0.        , 2.14930129],
       [0.        , 2.14994192],
       [0.        , 2.15423894],
       [0.        , 2.15455937],
       [0.        , 2.15622497],
       [0.        , 2.15722322],
       [0.        , 2.15893126],
       [0.        , 2.15970564],
       [0.        , 2.16807342],
       [0.        , 2.17125964],
       [0.        , 2.17405844],
       [0.        , 2.17478013],
       [0.        , 2.18053007],
       [0.        , 2.18257213],
       [0.        , 2.18527961],
       [0.        , 2.18597937],
       [0.        , 2.1898303 ],
       [0.        , 2.19308186],
       [0.        , 2.19334626],
       [0.        , 2.19366407],
       [0.        , 2.20312476],
       [0.        , 2.20348501],
       [0.        , 2.20968628],
       [0.        , 2.21981668],
       [0.        , 2.22295904],
       [0.        , 2.22630453],
       [0.        , 2.22688079],
       [0.        , 2.23466587],
       [0.        , 2.2372849 ],
       [0.        ,        inf]]), array([[2.17076135, 2.17596889],
       [2.01100516, 2.01155353],
       [1.79648423, 1.82543945],
       [1.7660917 , 1.7806108 ]])]",True
82,2.2268807888031006,0.0039217472076416016,1.9800796552402218,72.26,4.401689184779594,7,0.08970129489898682,0.01603233814239502,0.03875541687011719,0.82,1.5953983703498151,"[array([[0.        , 1.21763885],
       [0.        , 1.50050235],
       [0.        , 1.56075501],
       [0.        , 1.63462257],
       [0.        , 1.64819396],
       [0.        , 1.65699244],
       [0.        , 1.67304981],
       [0.        , 1.67745805],
       [0.        , 1.69761336],
       [0.        , 1.70768595],
       [0.        , 1.7660917 ],
       [0.        , 1.78043985],
       [0.        , 1.78610659],
       [0.        , 1.7885952 ],
       [0.        , 1.79107094],
       [0.        , 1.79108512],
       [0.        , 1.79155624],
       [0.        , 1.81373537],
       [0.        , 1.84200025],
       [0.        , 1.8433857 ],
       [0.        , 1.86288607],
       [0.        , 1.8948189 ],
       [0.        , 1.90280223],
       [0.        , 1.90838575],
       [0.        , 1.93665802],
       [0.        , 1.93734396],
       [0.        , 1.94292152],
       [0.        , 1.95152807],
       [0.        , 1.95836425],
       [0.        , 1.96059465],
       [0.        , 1.96449435],
       [0.        , 1.97653925],
       [0.        , 1.9782747 ],
       [0.        , 1.98181832],
       [0.        , 1.98318338],
       [0.        , 1.98668528],
       [0.        , 2.00265265],
       [0.        , 2.0027566 ],
       [0.        , 2.00470781],
       [0.        , 2.00732613],
       [0.        , 2.00748277],
       [0.        , 2.02411318],
       [0.        , 2.02728152],
       [0.        , 2.03877592],
       [0.        , 2.03879619],
       [0.        , 2.04264712],
       [0.        , 2.04981685],
       [0.        , 2.05132103],
       [0.        , 2.05340075],
       [0.        , 2.06319356],
       [0.        , 2.06553316],
       [0.        , 2.07824373],
       [0.        , 2.08998251],
       [0.        , 2.09228992],
       [0.        , 2.0939362 ],
       [0.        , 2.09432411],
       [0.        , 2.09473252],
       [0.        , 2.09935665],
       [0.        , 2.1030333 ],
       [0.        , 2.11424899],
       [0.        , 2.12727642],
       [0.        , 2.13025284],
       [0.        , 2.1406076 ],
       [0.        , 2.140697  ],
       [0.        , 2.15722322],
       [0.        , 2.15852404],
       [0.        , 2.16057134],
       [0.        , 2.16420174],
       [0.        , 2.16512728],
       [0.        , 2.16711402],
       [0.        , 2.17478013],
       [0.        , 2.18033957],
       [0.        , 2.18597937],
       [0.        , 2.19042325],
       [0.        , 2.19308186],
       [0.        , 2.1964457 ],
       [0.        , 2.20093632],
       [0.        , 2.20861435],
       [0.        , 2.21884799],
       [0.        , 2.21981668],
       [0.        , 2.22295904],
       [0.        , 2.22688079],
       [0.        ,        inf]]), array([[2.06964731, 2.08456326],
       [2.01203489, 2.08570385],
       [2.01100516, 2.01155353],
       [1.99991047, 2.08961177],
       [1.81383204, 1.86305463],
       [1.79648423, 1.82543945],
       [1.76633525, 1.7806108 ]])]",False
78,2.2386891841888428,0.004023313522338867,1.9846527973810832,68.56,4.352147770875799,4,0.02895522117614746,0.02196669578552246,0.010424911975860596,0.1,0.8693855603891717,"[array([[0.        , 1.48658133],
       [0.        , 1.5756526 ],
       [0.        , 1.61924696],
       [0.        , 1.62295961],
       [0.        , 1.64819396],
       [0.        , 1.65699244],
       [0.        , 1.67905593],
       [0.        , 1.69042754],
       [0.        , 1.70768595],
       [0.        , 1.70929575],
       [0.        , 1.7265836 ],
       [0.        , 1.72946203],
       [0.        , 1.7557739 ],
       [0.        , 1.77539909],
       [0.        , 1.78610659],
       [0.        , 1.79107094],
       [0.        , 1.80501044],
       [0.        , 1.81984484],
       [0.        , 1.84483862],
       [0.        , 1.84579301],
       [0.        , 1.88051307],
       [0.        , 1.88843322],
       [0.        , 1.89604354],
       [0.        , 1.89966106],
       [0.        , 1.90376687],
       [0.        , 1.90851367],
       [0.        , 1.92991221],
       [0.        , 1.93232524],
       [0.        , 1.94976604],
       [0.        , 1.96059465],
       [0.        , 1.97635162],
       [0.        , 1.9779191 ],
       [0.        , 1.97884321],
       [0.        , 1.98181832],
       [0.        , 1.9990046 ],
       [0.        , 2.00470781],
       [0.        , 2.011168  ],
       [0.        , 2.0160358 ],
       [0.        , 2.02387476],
       [0.        , 2.02687287],
       [0.        , 2.03934073],
       [0.        , 2.04423594],
       [0.        , 2.06063032],
       [0.        , 2.07359195],
       [0.        , 2.07753062],
       [0.        , 2.08081198],
       [0.        , 2.0830884 ],
       [0.        , 2.08763742],
       [0.        , 2.08929634],
       [0.        , 2.10516858],
       [0.        , 2.10714102],
       [0.        , 2.11050105],
       [0.        , 2.114182  ],
       [0.        , 2.12433481],
       [0.        , 2.12565613],
       [0.        , 2.12727642],
       [0.        , 2.13897324],
       [0.        , 2.14647532],
       [0.        , 2.1488843 ],
       [0.        , 2.15455937],
       [0.        , 2.15456367],
       [0.        , 2.15609169],
       [0.        , 2.16000009],
       [0.        , 2.16316366],
       [0.        , 2.16486883],
       [0.        , 2.16807342],
       [0.        , 2.16955853],
       [0.        , 2.17405844],
       [0.        , 2.18527961],
       [0.        , 2.18597937],
       [0.        , 2.18808556],
       [0.        , 2.1898303 ],
       [0.        , 2.19181466],
       [0.        , 2.19366407],
       [0.        , 2.19623375],
       [0.        , 2.22688079],
       [0.        , 2.23466587],
       [0.        , 2.23868918],
       [0.        ,        inf]]), array([[2.17076135, 2.17596889],
       [2.08879066, 2.09577918],
       [2.01100516, 2.01155353],
       [1.79648423, 1.82543945]])]",True
117,2.234592914581299,0.024692535400390625,1.9798393300455859,102.7,4.758044850421996,6,0.07757687568664551,0.018320322036743164,0.03137606382369995,0.54,1.3589482497586485,"[array([[0.        , 1.21763885],
       [0.        , 1.56075501],
       [0.        , 1.5756526 ],
       [0.        , 1.63462257],
       [0.        , 1.64819396],
       [0.        , 1.65699244],
       [0.        , 1.67304981],
       [0.        , 1.67905593],
       [0.        , 1.685745  ],
       [0.        , 1.69042754],
       [0.        , 1.69761336],
       [0.        , 1.70768595],
       [0.        , 1.70929575],
       [0.        , 1.7265836 ],
       [0.        , 1.72946203],
       [0.        , 1.72972155],
       [0.        , 1.75499403],
       [0.        , 1.7557739 ],
       [0.        , 1.76256418],
       [0.        , 1.78610659],
       [0.        , 1.79617035],
       [0.        , 1.81373537],
       [0.        , 1.81984484],
       [0.        , 1.82882655],
       [0.        , 1.85985315],
       [0.        , 1.86295831],
       [0.        , 1.86355364],
       [0.        , 1.87274814],
       [0.        , 1.88146448],
       [0.        , 1.88165975],
       [0.        , 1.88308084],
       [0.        , 1.90838575],
       [0.        , 1.90997446],
       [0.        , 1.92940104],
       [0.        , 1.93217945],
       [0.        , 1.94002187],
       [0.        , 1.9400326 ],
       [0.        , 1.94565892],
       [0.        , 1.947173  ],
       [0.        , 1.94799149],
       [0.        , 1.95808434],
       [0.        , 1.95836568],
       [0.        , 1.96008956],
       [0.        , 1.96059465],
       [0.        , 1.96299124],
       [0.        , 1.9693234 ],
       [0.        , 1.9726994 ],
       [0.        , 1.98014176],
       [0.        , 1.98181832],
       [0.        , 1.98236322],
       [0.        , 1.98547089],
       [0.        , 1.99195361],
       [0.        , 1.99490893],
       [0.        , 2.00068688],
       [0.        , 2.01372766],
       [0.        , 2.01428533],
       [0.        , 2.02072382],
       [0.        , 2.0365603 ],
       [0.        , 2.04419947],
       [0.        , 2.04525685],
       [0.        , 2.04593229],
       [0.        , 2.05321598],
       [0.        , 2.05574155],
       [0.        , 2.05595374],
       [0.        , 2.0578897 ],
       [0.        , 2.05815601],
       [0.        , 2.06323099],
       [0.        , 2.06630802],
       [0.        , 2.06800056],
       [0.        , 2.06947875],
       [0.        , 2.07196784],
       [0.        , 2.07573605],
       [0.        , 2.07624364],
       [0.        , 2.07741117],
       [0.        , 2.07771921],
       [0.        , 2.08771467],
       [0.        , 2.08812737],
       [0.        , 2.09137177],
       [0.        , 2.09217572],
       [0.        , 2.09228992],
       [0.        , 2.09288502],
       [0.        , 2.09299541],
       [0.        , 2.09398317],
       [0.        , 2.09550405],
       [0.        , 2.09614515],
       [0.        , 2.10004735],
       [0.        , 2.10422301],
       [0.        , 2.10571122],
       [0.        , 2.10916305],
       [0.        , 2.11233282],
       [0.        , 2.11502647],
       [0.        , 2.11988711],
       [0.        , 2.1212244 ],
       [0.        , 2.12264037],
       [0.        , 2.12536979],
       [0.        , 2.12727642],
       [0.        , 2.13026476],
       [0.        , 2.13182855],
       [0.        , 2.13294578],
       [0.        , 2.13867521],
       [0.        , 2.14626312],
       [0.        , 2.14667869],
       [0.        , 2.14679241],
       [0.        , 2.15833759],
       [0.        , 2.15850329],
       [0.        , 2.15886807],
       [0.        , 2.15928173],
       [0.        , 2.16104078],
       [0.        , 2.16780853],
       [0.        , 2.17110515],
       [0.        , 2.17876625],
       [0.        , 2.18597937],
       [0.        , 2.19303942],
       [0.        , 2.19370389],
       [0.        , 2.19685197],
       [0.        , 2.20990038],
       [0.        , 2.23459291],
       [0.        ,        inf]]), array([[2.1096735 , 2.11707377],
       [2.01203489, 2.08961177],
       [2.01100516, 2.01155353],
       [2.00470781, 2.06396437],
       [1.79648423, 1.82543945],
       [1.7660917 , 1.7806108 ]])]",True
94,2.234665870666504,0.00778508186340332,2.021245653324939,84.3,4.538171963423338,5,0.07757687568664551,0.04862165451049805,0.0283128023147583,0.42,1.1855342813000675,"[array([[0.        , 1.21763885],
       [0.        , 1.50050235],
       [0.        , 1.56075501],
       [0.        , 1.5756526 ],
       [0.        , 1.63462257],
       [0.        , 1.64819396],
       [0.        , 1.65699244],
       [0.        , 1.67304981],
       [0.        , 1.69761336],
       [0.        , 1.70768595],
       [0.        , 1.70929575],
       [0.        , 1.7265836 ],
       [0.        , 1.72946203],
       [0.        , 1.72972155],
       [0.        , 1.7557739 ],
       [0.        , 1.78610659],
       [0.        , 1.79155624],
       [0.        , 1.81356204],
       [0.        , 1.81373537],
       [0.        , 1.93455756],
       [0.        , 1.96008956],
       [0.        , 1.96059465],
       [0.        , 1.96299124],
       [0.        , 1.97078192],
       [0.        , 1.98181832],
       [0.        , 1.98891318],
       [0.        , 1.99195361],
       [0.        , 2.00470781],
       [0.        , 2.0068481 ],
       [0.        , 2.01347136],
       [0.        , 2.01546383],
       [0.        , 2.01566124],
       [0.        , 2.03241014],
       [0.        , 2.03639364],
       [0.        , 2.04983521],
       [0.        , 2.05221295],
       [0.        , 2.05491209],
       [0.        , 2.05574155],
       [0.        , 2.05815601],
       [0.        , 2.06182861],
       [0.        , 2.0661869 ],
       [0.        , 2.06907535],
       [0.        , 2.07088065],
       [0.        , 2.07168984],
       [0.        , 2.08235693],
       [0.        , 2.09228992],
       [0.        , 2.10048032],
       [0.        , 2.10063243],
       [0.        , 2.10185742],
       [0.        , 2.10197496],
       [0.        , 2.10526919],
       [0.        , 2.10958099],
       [0.        , 2.11523342],
       [0.        , 2.11548138],
       [0.        , 2.11626363],
       [0.        , 2.11699104],
       [0.        , 2.12393165],
       [0.        , 2.12727642],
       [0.        , 2.13144016],
       [0.        , 2.13294578],
       [0.        , 2.13409662],
       [0.        , 2.13762665],
       [0.        , 2.14492989],
       [0.        , 2.14764476],
       [0.        , 2.14817619],
       [0.        , 2.153615  ],
       [0.        , 2.15457726],
       [0.        , 2.15722322],
       [0.        , 2.15748119],
       [0.        , 2.157511  ],
       [0.        , 2.15877438],
       [0.        , 2.16119885],
       [0.        , 2.1630888 ],
       [0.        , 2.16359258],
       [0.        , 2.16497636],
       [0.        , 2.16775966],
       [0.        , 2.16780853],
       [0.        , 2.16827893],
       [0.        , 2.16907096],
       [0.        , 2.1746428 ],
       [0.        , 2.17780161],
       [0.        , 2.18157864],
       [0.        , 2.18597937],
       [0.        , 2.18781638],
       [0.        , 2.19147539],
       [0.        , 2.19331551],
       [0.        , 2.20313573],
       [0.        , 2.20541906],
       [0.        , 2.20816755],
       [0.        , 2.21354055],
       [0.        , 2.22259736],
       [0.        , 2.22295904],
       [0.        , 2.22688079],
       [0.        , 2.23466587],
       [0.        ,        inf]]), array([[2.06964731, 2.08961177],
       [2.01203489, 2.08961177],
       [2.01100516, 2.01155353],
       [1.79648423, 1.82543945],
       [1.7660917 , 1.7806108 ]])]",True
81,2.234665870666504,0.003417491912841797,2.0254124064504366,72.76,4.388889242728979,3,0.02895522117614746,0.014436125755310059,0.014674226442972818,0.16,0.6960262320639133,"[array([[0.        , 1.21763885],
       [0.        , 1.50050235],
       [0.        , 1.56075501],
       [0.        , 1.5756526 ],
       [0.        , 1.64819396],
       [0.        , 1.65699244],
       [0.        , 1.67304981],
       [0.        , 1.69761336],
       [0.        , 1.70768595],
       [0.        , 1.70929575],
       [0.        , 1.7265836 ],
       [0.        , 1.72946203],
       [0.        , 1.7557739 ],
       [0.        , 1.78610659],
       [0.        , 1.79155624],
       [0.        , 1.81373537],
       [0.        , 1.88051164],
       [0.        , 1.89024687],
       [0.        , 1.95946801],
       [0.        , 1.96059465],
       [0.        , 1.98181832],
       [0.        , 1.9874649 ],
       [0.        , 2.00176263],
       [0.        , 2.00470781],
       [0.        , 2.00557971],
       [0.        , 2.01075935],
       [0.        , 2.01284933],
       [0.        , 2.01386952],
       [0.        , 2.0144732 ],
       [0.        , 2.02600646],
       [0.        , 2.03546929],
       [0.        , 2.04289842],
       [0.        , 2.05565572],
       [0.        , 2.06291318],
       [0.        , 2.06380701],
       [0.        , 2.07665014],
       [0.        , 2.09329057],
       [0.        , 2.10365009],
       [0.        , 2.10413694],
       [0.        , 2.10709357],
       [0.        , 2.10780478],
       [0.        , 2.10811687],
       [0.        , 2.11020374],
       [0.        , 2.11358333],
       [0.        , 2.11398268],
       [0.        , 2.11735415],
       [0.        , 2.1209538 ],
       [0.        , 2.12711382],
       [0.        , 2.12727642],
       [0.        , 2.12870121],
       [0.        , 2.13378739],
       [0.        , 2.14331579],
       [0.        , 2.14349127],
       [0.        , 2.14492226],
       [0.        , 2.14743471],
       [0.        , 2.15093565],
       [0.        , 2.15917683],
       [0.        , 2.16126442],
       [0.        , 2.16345382],
       [0.        , 2.17202044],
       [0.        , 2.17535162],
       [0.        , 2.17695165],
       [0.        , 2.18084216],
       [0.        , 2.18129277],
       [0.        , 2.18597937],
       [0.        , 2.19596434],
       [0.        , 2.19685197],
       [0.        , 2.19725418],
       [0.        , 2.19848704],
       [0.        , 2.19904971],
       [0.        , 2.20428205],
       [0.        , 2.20985579],
       [0.        , 2.20998883],
       [0.        , 2.2121172 ],
       [0.        , 2.21918416],
       [0.        , 2.22666025],
       [0.        , 2.22668815],
       [0.        , 2.22688079],
       [0.        , 2.22764015],
       [0.        , 2.23124838],
       [0.        , 2.23466587],
       [0.        ,        inf]]), array([[2.01100516, 2.01155353],
       [1.79648423, 1.82543945],
       [1.7660917 , 1.7806108 ]])]",False
184,2.2477824687957764,0.00620269775390625,2.0508373152950536,166.24,5.211544512168132,3,0.02895522117614746,0.014436125755310059,0.014674226442972818,0.16,0.6960262320639133,"[array([[0.        , 1.48658133],
       [0.        , 1.50050235],
       [0.        , 1.56075501],
       [0.        , 1.5756526 ],
       [0.        , 1.61924696],
       [0.        , 1.62295961],
       [0.        , 1.65699244],
       [0.        , 1.67745805],
       [0.        , 1.67905593],
       [0.        , 1.69042754],
       [0.        , 1.70768595],
       [0.        , 1.70929575],
       [0.        , 1.7265836 ],
       [0.        , 1.72946203],
       [0.        , 1.72972155],
       [0.        , 1.75499403],
       [0.        , 1.7557739 ],
       [0.        , 1.77019811],
       [0.        , 1.77414489],
       [0.        , 1.78610659],
       [0.        , 1.79107094],
       [0.        , 1.79155624],
       [0.        , 1.8010534 ],
       [0.        , 1.8029269 ],
       [0.        , 1.81356204],
       [0.        , 1.82882655],
       [0.        , 1.8433857 ],
       [0.        , 1.84483862],
       [0.        , 1.84579301],
       [0.        , 1.87631428],
       [0.        , 1.87676966],
       [0.        , 1.91337478],
       [0.        , 1.94510925],
       [0.        , 1.95548522],
       [0.        , 1.95873845],
       [0.        , 1.96059465],
       [0.        , 1.97574365],
       [0.        , 1.98181832],
       [0.        , 1.99195361],
       [0.        , 1.99645805],
       [0.        , 2.0026114 ],
       [0.        , 2.00460958],
       [0.        , 2.00470781],
       [0.        , 2.00512147],
       [0.        , 2.00539517],
       [0.        , 2.01024032],
       [0.        , 2.01046205],
       [0.        , 2.01320791],
       [0.        , 2.01361704],
       [0.        , 2.01362753],
       [0.        , 2.0142951 ],
       [0.        , 2.01552868],
       [0.        , 2.02165651],
       [0.        , 2.02227783],
       [0.        , 2.02317476],
       [0.        , 2.02751303],
       [0.        , 2.03219962],
       [0.        , 2.03542757],
       [0.        , 2.03545594],
       [0.        , 2.03667521],
       [0.        , 2.0395937 ],
       [0.        , 2.04289842],
       [0.        , 2.04326797],
       [0.        , 2.04795194],
       [0.        , 2.05087781],
       [0.        , 2.05150676],
       [0.        , 2.05316973],
       [0.        , 2.06112456],
       [0.        , 2.06180239],
       [0.        , 2.06212139],
       [0.        , 2.0622108 ],
       [0.        , 2.06273961],
       [0.        , 2.06392837],
       [0.        , 2.06451464],
       [0.        , 2.06722999],
       [0.        , 2.07166862],
       [0.        , 2.07194972],
       [0.        , 2.0756588 ],
       [0.        , 2.0789113 ],
       [0.        , 2.08557439],
       [0.        , 2.08700299],
       [0.        , 2.08752799],
       [0.        , 2.08792472],
       [0.        , 2.08809376],
       [0.        , 2.08914661],
       [0.        , 2.0913229 ],
       [0.        , 2.0921917 ],
       [0.        , 2.09228992],
       [0.        , 2.09348655],
       [0.        , 2.09697104],
       [0.        , 2.09713435],
       [0.        , 2.09740782],
       [0.        , 2.09822941],
       [0.        , 2.09895802],
       [0.        , 2.09948468],
       [0.        , 2.10123086],
       [0.        , 2.10185742],
       [0.        , 2.1020503 ],
       [0.        , 2.10366654],
       [0.        , 2.10675669],
       [0.        , 2.1073246 ],
       [0.        , 2.10751581],
       [0.        , 2.10811687],
       [0.        , 2.10874772],
       [0.        , 2.11005735],
       [0.        , 2.11358333],
       [0.        , 2.11628366],
       [0.        , 2.11730123],
       [0.        , 2.11735415],
       [0.        , 2.11977243],
       [0.        , 2.12494302],
       [0.        , 2.13054109],
       [0.        , 2.13220453],
       [0.        , 2.13378739],
       [0.        , 2.13598084],
       [0.        , 2.13608289],
       [0.        , 2.1390698 ],
       [0.        , 2.14418268],
       [0.        , 2.14723301],
       [0.        , 2.15000725],
       [0.        , 2.15099502],
       [0.        , 2.15143609],
       [0.        , 2.15240145],
       [0.        , 2.15263677],
       [0.        , 2.15387583],
       [0.        , 2.15457726],
       [0.        , 2.15689397],
       [0.        , 2.15800667],
       [0.        , 2.15980911],
       [0.        , 2.16180778],
       [0.        , 2.16238475],
       [0.        , 2.16251564],
       [0.        , 2.16360092],
       [0.        , 2.16442323],
       [0.        , 2.16714096],
       [0.        , 2.16766   ],
       [0.        , 2.16782904],
       [0.        , 2.16818404],
       [0.        , 2.16840696],
       [0.        , 2.16862965],
       [0.        , 2.16923356],
       [0.        , 2.17196155],
       [0.        , 2.17249274],
       [0.        , 2.1728127 ],
       [0.        , 2.17411685],
       [0.        , 2.17646122],
       [0.        , 2.17726803],
       [0.        , 2.17879725],
       [0.        , 2.17983413],
       [0.        , 2.18045855],
       [0.        , 2.18084216],
       [0.        , 2.18186307],
       [0.        , 2.18597937],
       [0.        , 2.18656754],
       [0.        , 2.1905427 ],
       [0.        , 2.19258404],
       [0.        , 2.19303942],
       [0.        , 2.19316936],
       [0.        , 2.19480443],
       [0.        , 2.19580245],
       [0.        , 2.19596434],
       [0.        , 2.19685197],
       [0.        , 2.19856477],
       [0.        , 2.19904375],
       [0.        , 2.20312476],
       [0.        , 2.20348501],
       [0.        , 2.20580697],
       [0.        , 2.20742154],
       [0.        , 2.20908308],
       [0.        , 2.20962119],
       [0.        , 2.20985579],
       [0.        , 2.2131846 ],
       [0.        , 2.21769738],
       [0.        , 2.21898317],
       [0.        , 2.21921492],
       [0.        , 2.22618675],
       [0.        , 2.22630453],
       [0.        , 2.22684145],
       [0.        , 2.22688079],
       [0.        , 2.22763276],
       [0.        , 2.23466587],
       [0.        , 2.2381413 ],
       [0.        , 2.24157977],
       [0.        , 2.24778247],
       [0.        ,        inf]]), array([[2.01100516, 2.01155353],
       [1.79648423, 1.82543945],
       [1.7660917 , 1.7806108 ]])]",False
67,2.234665870666504,0.00778508186340332,1.9769067586357914,58.72,4.198084910083692,6,0.02895522117614746,0.014436125755310059,0.009962717692057291,0.22,1.3533937094694084,"[array([[0.        , 1.21763885],
       [0.        , 1.50050235],
       [0.        , 1.5276984 ],
       [0.        , 1.56075501],
       [0.        , 1.63013804],
       [0.        , 1.65235078],
       [0.        , 1.65699244],
       [0.        , 1.67745805],
       [0.        , 1.69761336],
       [0.        , 1.70768595],
       [0.        , 1.70929575],
       [0.        , 1.7265836 ],
       [0.        , 1.72946203],
       [0.        , 1.7557739 ],
       [0.        , 1.78610659],
       [0.        , 1.79107094],
       [0.        , 1.79155624],
       [0.        , 1.81373537],
       [0.        , 1.82882655],
       [0.        , 1.84556353],
       [0.        , 1.88897538],
       [0.        , 1.91706204],
       [0.        , 1.93817604],
       [0.        , 1.94875324],
       [0.        , 1.96059465],
       [0.        , 1.98181832],
       [0.        , 1.98978388],
       [0.        , 1.99475837],
       [0.        , 2.00470781],
       [0.        , 2.01063418],
       [0.        , 2.02092099],
       [0.        , 2.03342247],
       [0.        , 2.04242539],
       [0.        , 2.04674745],
       [0.        , 2.05632043],
       [0.        , 2.05842662],
       [0.        , 2.07853556],
       [0.        , 2.08813   ],
       [0.        , 2.08865762],
       [0.        , 2.09228992],
       [0.        , 2.10343838],
       [0.        , 2.11295676],
       [0.        , 2.11429381],
       [0.        , 2.11681676],
       [0.        , 2.12727642],
       [0.        , 2.13405776],
       [0.        , 2.14941764],
       [0.        , 2.15126443],
       [0.        , 2.15526485],
       [0.        , 2.15774941],
       [0.        , 2.16200829],
       [0.        , 2.16238475],
       [0.        , 2.16552472],
       [0.        , 2.16998148],
       [0.        , 2.17021012],
       [0.        , 2.1712358 ],
       [0.        , 2.18216324],
       [0.        , 2.18328404],
       [0.        , 2.18597937],
       [0.        , 2.19337535],
       [0.        , 2.19962859],
       [0.        , 2.21220326],
       [0.        , 2.21354055],
       [0.        , 2.22295904],
       [0.        , 2.22624326],
       [0.        , 2.22688079],
       [0.        , 2.23466587],
       [0.        ,        inf]]), array([[2.01100516, 2.01155353],
       [1.91665983, 1.9192555 ],
       [1.91109312, 1.9192555 ],
       [1.79648423, 1.82543945],
       [1.78359962, 1.7885952 ],
       [1.7660917 , 1.7806108 ]])]",False
70,2.234665870666504,0.00778508186340332,1.9662034341267176,61.02,4.242465175316483,4,0.07757687568664551,0.04862165451049805,0.03039988875389099,0.36,0.9065595465594224,"[array([[0.        , 1.21763885],
       [0.        , 1.56075501],
       [0.        , 1.5756526 ],
       [0.        , 1.63462257],
       [0.        , 1.64819396],
       [0.        , 1.65699244],
       [0.        , 1.67304981],
       [0.        , 1.69042754],
       [0.        , 1.69761336],
       [0.        , 1.70768595],
       [0.        , 1.70929575],
       [0.        , 1.7265836 ],
       [0.        , 1.72946203],
       [0.        , 1.72972155],
       [0.        , 1.7557739 ],
       [0.        , 1.78610659],
       [0.        , 1.79107094],
       [0.        , 1.79802346],
       [0.        , 1.80553615],
       [0.        , 1.81373537],
       [0.        , 1.81984484],
       [0.        , 1.82882655],
       [0.        , 1.86187875],
       [0.        , 1.87100232],
       [0.        , 1.91337478],
       [0.        , 1.93802845],
       [0.        , 1.96059465],
       [0.        , 1.97163463],
       [0.        , 1.9744314 ],
       [0.        , 1.97511816],
       [0.        , 1.97524703],
       [0.        , 1.98181832],
       [0.        , 1.99475837],
       [0.        , 2.00143814],
       [0.        , 2.00470781],
       [0.        , 2.01903033],
       [0.        , 2.02007747],
       [0.        , 2.02165651],
       [0.        , 2.02757215],
       [0.        , 2.03879833],
       [0.        , 2.08809376],
       [0.        , 2.08852363],
       [0.        , 2.1020503 ],
       [0.        , 2.10526919],
       [0.        , 2.10610914],
       [0.        , 2.10633206],
       [0.        , 2.11062264],
       [0.        , 2.12727642],
       [0.        , 2.12967086],
       [0.        , 2.13086557],
       [0.        , 2.14234829],
       [0.        , 2.1460042 ],
       [0.        , 2.15800667],
       [0.        , 2.16076827],
       [0.        , 2.16127324],
       [0.        , 2.16238475],
       [0.        , 2.16360092],
       [0.        , 2.16442323],
       [0.        , 2.17732716],
       [0.        , 2.18048167],
       [0.        , 2.18129277],
       [0.        , 2.18157864],
       [0.        , 2.18186307],
       [0.        , 2.18597937],
       [0.        , 2.19580245],
       [0.        , 2.20086861],
       [0.        , 2.20688152],
       [0.        , 2.21921492],
       [0.        , 2.22688079],
       [0.        , 2.23466587],
       [0.        ,        inf]]), array([[2.01203489, 2.08961177],
       [2.01100516, 2.01155353],
       [1.79648423, 1.82543945],
       [1.7660917 , 1.7806108 ]])]",False
109,2.2478301525115967,0.0062503814697265625,2.003342117738286,96.28,4.686243618387666,6,0.07091236114501953,0.04195713996887207,0.02317764361699422,0.34,1.3202938435817921,"[array([[0.        , 1.48658133],
       [0.        , 1.51786327],
       [0.        , 1.5276984 ],
       [0.        , 1.56075501],
       [0.        , 1.5756526 ],
       [0.        , 1.61924696],
       [0.        , 1.62295961],
       [0.        , 1.6373446 ],
       [0.        , 1.64030313],
       [0.        , 1.64819396],
       [0.        , 1.65699244],
       [0.        , 1.67745805],
       [0.        , 1.67905593],
       [0.        , 1.70768595],
       [0.        , 1.70929575],
       [0.        , 1.7265836 ],
       [0.        , 1.72946203],
       [0.        , 1.75499403],
       [0.        , 1.7557739 ],
       [0.        , 1.78610659],
       [0.        , 1.8010534 ],
       [0.        , 1.8034842 ],
       [0.        , 1.81356204],
       [0.        , 1.81984484],
       [0.        , 1.8433857 ],
       [0.        , 1.84483862],
       [0.        , 1.84579301],
       [0.        , 1.87348056],
       [0.        , 1.90838575],
       [0.        , 1.92324412],
       [0.        , 1.96059465],
       [0.        , 1.96299124],
       [0.        , 1.96605027],
       [0.        , 1.98181832],
       [0.        , 1.98501658],
       [0.        , 1.98652315],
       [0.        , 1.98821962],
       [0.        , 2.00470781],
       [0.        , 2.00574136],
       [0.        , 2.009202  ],
       [0.        , 2.00935292],
       [0.        , 2.01361704],
       [0.        , 2.02232337],
       [0.        , 2.03219962],
       [0.        , 2.03402615],
       [0.        , 2.03408742],
       [0.        , 2.03564405],
       [0.        , 2.0395937 ],
       [0.        , 2.04144549],
       [0.        , 2.04251957],
       [0.        , 2.04289842],
       [0.        , 2.04664636],
       [0.        , 2.04878521],
       [0.        , 2.04897189],
       [0.        , 2.04925752],
       [0.        , 2.05587578],
       [0.        , 2.05837965],
       [0.        , 2.06198406],
       [0.        , 2.06513381],
       [0.        , 2.06519318],
       [0.        , 2.09543824],
       [0.        , 2.10185742],
       [0.        , 2.10189176],
       [0.        , 2.10283232],
       [0.        , 2.10368085],
       [0.        , 2.10675669],
       [0.        , 2.1073246 ],
       [0.        , 2.11109328],
       [0.        , 2.11814213],
       [0.        , 2.12215281],
       [0.        , 2.12736011],
       [0.        , 2.13347268],
       [0.        , 2.13410544],
       [0.        , 2.14193654],
       [0.        , 2.1460042 ],
       [0.        , 2.1506691 ],
       [0.        , 2.15143609],
       [0.        , 2.15168929],
       [0.        , 2.1523726 ],
       [0.        , 2.15311313],
       [0.        , 2.15976119],
       [0.        , 2.16143966],
       [0.        , 2.16187239],
       [0.        , 2.16370654],
       [0.        , 2.16770816],
       [0.        , 2.17012501],
       [0.        , 2.17524433],
       [0.        , 2.17983413],
       [0.        , 2.18045855],
       [0.        , 2.18069959],
       [0.        , 2.18084216],
       [0.        , 2.18267488],
       [0.        , 2.18321013],
       [0.        , 2.18597937],
       [0.        , 2.18650937],
       [0.        , 2.19177389],
       [0.        , 2.20487118],
       [0.        , 2.2072823 ],
       [0.        , 2.20800519],
       [0.        , 2.20929289],
       [0.        , 2.20935607],
       [0.        , 2.20962119],
       [0.        , 2.20985579],
       [0.        , 2.21272111],
       [0.        , 2.22624326],
       [0.        , 2.22688079],
       [0.        , 2.22970295],
       [0.        , 2.24157977],
       [0.        , 2.24783015],
       [0.        ,        inf]]), array([[2.15325642, 2.17239165],
       [2.01479149, 2.08570385],
       [2.01100516, 2.01155353],
       [1.79648423, 1.82543945],
       [1.78359962, 1.7885952 ],
       [1.7660917 , 1.7806108 ]])]",False
160,2.24157977104187,0.0034384727478027344,2.019299729168415,142.82,5.070402338120842,5,0.02895522117614746,0.008990764617919922,0.013796544075012207,0.22,1.2797794907509952,"[array([[0.        , 1.44018292],
       [0.        , 1.48658133],
       [0.        , 1.50050235],
       [0.        , 1.5276984 ],
       [0.        , 1.54173601],
       [0.        , 1.56075501],
       [0.        , 1.5756526 ],
       [0.        , 1.59647572],
       [0.        , 1.60916722],
       [0.        , 1.61924696],
       [0.        , 1.62295961],
       [0.        , 1.63462257],
       [0.        , 1.65699244],
       [0.        , 1.67905593],
       [0.        , 1.69042754],
       [0.        , 1.70768595],
       [0.        , 1.70929575],
       [0.        , 1.7265836 ],
       [0.        , 1.72946203],
       [0.        , 1.72972155],
       [0.        , 1.75499403],
       [0.        , 1.7557739 ],
       [0.        , 1.77019811],
       [0.        , 1.77414489],
       [0.        , 1.78610659],
       [0.        , 1.79107094],
       [0.        , 1.79155624],
       [0.        , 1.8010534 ],
       [0.        , 1.8029269 ],
       [0.        , 1.8034842 ],
       [0.        , 1.82882655],
       [0.        , 1.8433857 ],
       [0.        , 1.84483862],
       [0.        , 1.84579301],
       [0.        , 1.86982596],
       [0.        , 1.87631428],
       [0.        , 1.87676966],
       [0.        , 1.88051164],
       [0.        , 1.92816246],
       [0.        , 1.95873845],
       [0.        , 1.96059465],
       [0.        , 1.96299124],
       [0.        , 1.97255301],
       [0.        , 1.98181832],
       [0.        , 1.98769963],
       [0.        , 1.99195361],
       [0.        , 1.99645805],
       [0.        , 2.00067472],
       [0.        , 2.0026114 ],
       [0.        , 2.00460958],
       [0.        , 2.00470781],
       [0.        , 2.00869513],
       [0.        , 2.01024032],
       [0.        , 2.01089811],
       [0.        , 2.01106501],
       [0.        , 2.01320791],
       [0.        , 2.01552868],
       [0.        , 2.02751303],
       [0.        , 2.03268266],
       [0.        , 2.03542757],
       [0.        , 2.0395937 ],
       [0.        , 2.04228735],
       [0.        , 2.04326797],
       [0.        , 2.045928  ],
       [0.        , 2.04621291],
       [0.        , 2.04858279],
       [0.        , 2.05150676],
       [0.        , 2.05397868],
       [0.        , 2.06216621],
       [0.        , 2.0622108 ],
       [0.        , 2.06451464],
       [0.        , 2.06722999],
       [0.        , 2.07166862],
       [0.        , 2.07543015],
       [0.        , 2.0789113 ],
       [0.        , 2.08384395],
       [0.        , 2.08388567],
       [0.        , 2.08557439],
       [0.        , 2.08634329],
       [0.        , 2.08648992],
       [0.        , 2.08700299],
       [0.        , 2.08914661],
       [0.        , 2.0913229 ],
       [0.        , 2.0921917 ],
       [0.        , 2.09228992],
       [0.        , 2.09348655],
       [0.        , 2.09697104],
       [0.        , 2.09713435],
       [0.        , 2.09822941],
       [0.        , 2.09948468],
       [0.        , 2.1020503 ],
       [0.        , 2.10366654],
       [0.        , 2.10751581],
       [0.        , 2.10874772],
       [0.        , 2.11590862],
       [0.        , 2.11628366],
       [0.        , 2.11681676],
       [0.        , 2.11730123],
       [0.        , 2.11790848],
       [0.        , 2.12181878],
       [0.        , 2.12494302],
       [0.        , 2.12508869],
       [0.        , 2.12727642],
       [0.        , 2.12933064],
       [0.        , 2.13054109],
       [0.        , 2.13220453],
       [0.        , 2.1390698 ],
       [0.        , 2.13922262],
       [0.        , 2.14418268],
       [0.        , 2.14723301],
       [0.        , 2.15000725],
       [0.        , 2.15099502],
       [0.        , 2.15254211],
       [0.        , 2.15263677],
       [0.        , 2.15387583],
       [0.        , 2.15457726],
       [0.        , 2.15689397],
       [0.        , 2.16251564],
       [0.        , 2.16376066],
       [0.        , 2.16766   ],
       [0.        , 2.16782904],
       [0.        , 2.16818404],
       [0.        , 2.16840696],
       [0.        , 2.16862965],
       [0.        , 2.16923356],
       [0.        , 2.17196155],
       [0.        , 2.17249274],
       [0.        , 2.1728127 ],
       [0.        , 2.17420387],
       [0.        , 2.17646122],
       [0.        , 2.17879725],
       [0.        , 2.17983413],
       [0.        , 2.18186307],
       [0.        , 2.18597937],
       [0.        , 2.18656754],
       [0.        , 2.1905427 ],
       [0.        , 2.19258404],
       [0.        , 2.19303942],
       [0.        , 2.19316936],
       [0.        , 2.19685197],
       [0.        , 2.19795966],
       [0.        , 2.19856477],
       [0.        , 2.19904375],
       [0.        , 2.20312476],
       [0.        , 2.20348501],
       [0.        , 2.20428205],
       [0.        , 2.20449376],
       [0.        , 2.20580697],
       [0.        , 2.20742154],
       [0.        , 2.20908308],
       [0.        , 2.20962119],
       [0.        , 2.2131846 ],
       [0.        , 2.21769738],
       [0.        , 2.21898317],
       [0.        , 2.22618675],
       [0.        , 2.22688079],
       [0.        , 2.22763276],
       [0.        , 2.23466587],
       [0.        , 2.2381413 ],
       [0.        , 2.24157977],
       [0.        ,        inf]]), array([[2.06964731, 2.08961177],
       [2.01100516, 2.01155353],
       [1.79648423, 1.82543945],
       [1.78359962, 1.7885952 ],
       [1.7660917 , 1.7806108 ]])]",True
113,2.234665870666504,0.00778508186340332,2.028752775318855,101.6,4.722938867086336,5,0.07206988334655762,0.043114662170410156,0.023999500274658202,0.4,1.0408918288182876,"[array([[0.        , 1.21763885],
       [0.        , 1.50050235],
       [0.        , 1.56075501],
       [0.        , 1.5756526 ],
       [0.        , 1.65699244],
       [0.        , 1.67304981],
       [0.        , 1.67745805],
       [0.        , 1.69761336],
       [0.        , 1.70768595],
       [0.        , 1.70929575],
       [0.        , 1.7265836 ],
       [0.        , 1.72946203],
       [0.        , 1.72972155],
       [0.        , 1.7557739 ],
       [0.        , 1.77591288],
       [0.        , 1.78610659],
       [0.        , 1.79107094],
       [0.        , 1.79155624],
       [0.        , 1.81373537],
       [0.        , 1.84579301],
       [0.        , 1.86390364],
       [0.        , 1.87280309],
       [0.        , 1.90839124],
       [0.        , 1.94484818],
       [0.        , 1.95256186],
       [0.        , 1.95960128],
       [0.        , 1.96008956],
       [0.        , 1.96059465],
       [0.        , 1.97097707],
       [0.        , 1.97340119],
       [0.        , 1.98181832],
       [0.        , 1.98683667],
       [0.        , 1.99723089],
       [0.        , 1.99999857],
       [0.        , 2.00254297],
       [0.        , 2.00312996],
       [0.        , 2.00426102],
       [0.        , 2.00470781],
       [0.        , 2.01338983],
       [0.        , 2.0174706 ],
       [0.        , 2.02232337],
       [0.        , 2.02820706],
       [0.        , 2.02898908],
       [0.        , 2.04583955],
       [0.        , 2.05084944],
       [0.        , 2.05598402],
       [0.        , 2.06397343],
       [0.        , 2.06420016],
       [0.        , 2.06443596],
       [0.        , 2.07021546],
       [0.        , 2.07559729],
       [0.        , 2.080024  ],
       [0.        , 2.08681154],
       [0.        , 2.09561753],
       [0.        , 2.09763741],
       [0.        , 2.1020503 ],
       [0.        , 2.10461116],
       [0.        , 2.10760045],
       [0.        , 2.10902238],
       [0.        , 2.10917068],
       [0.        , 2.10958099],
       [0.        , 2.10969567],
       [0.        , 2.11358333],
       [0.        , 2.11402774],
       [0.        , 2.11523342],
       [0.        , 2.11822581],
       [0.        , 2.12012029],
       [0.        , 2.1216538 ],
       [0.        , 2.12167788],
       [0.        , 2.12727642],
       [0.        , 2.13312721],
       [0.        , 2.13659382],
       [0.        , 2.13923955],
       [0.        , 2.14416242],
       [0.        , 2.14747167],
       [0.        , 2.14764476],
       [0.        , 2.14883351],
       [0.        , 2.14960456],
       [0.        , 2.15101671],
       [0.        , 2.15130329],
       [0.        , 2.15367317],
       [0.        , 2.15387225],
       [0.        , 2.15457726],
       [0.        , 2.15622497],
       [0.        , 2.15722322],
       [0.        , 2.15893126],
       [0.        , 2.16127324],
       [0.        , 2.16376519],
       [0.        , 2.16435504],
       [0.        , 2.16497636],
       [0.        , 2.16503048],
       [0.        , 2.16715312],
       [0.        , 2.16886616],
       [0.        , 2.1698947 ],
       [0.        , 2.17748976],
       [0.        , 2.18281889],
       [0.        , 2.18506789],
       [0.        , 2.18597937],
       [0.        , 2.18723655],
       [0.        , 2.1875    ],
       [0.        , 2.18803501],
       [0.        , 2.18827176],
       [0.        , 2.19147539],
       [0.        , 2.19331551],
       [0.        , 2.20136881],
       [0.        , 2.20312476],
       [0.        , 2.20348501],
       [0.        , 2.20985579],
       [0.        , 2.21656275],
       [0.        , 2.22082281],
       [0.        , 2.22113872],
       [0.        , 2.22688079],
       [0.        , 2.23466587],
       [0.        ,        inf]]), array([[2.01100516, 2.01155353],
       [2.01063395, 2.08270383],
       [1.95091033, 1.95481527],
       [1.79648423, 1.82543945],
       [1.7660917 , 1.7806108 ]])]",False
152,2.24157977104187,0.0015056133270263672,2.001561611890793,134.64,5.018504974886742,10,0.02895522117614746,0.008256196975708008,0.011898469924926759,0.16,2.010705088646134,"[array([[0.        , 1.23744404],
       [0.        , 1.36758363],
       [0.        , 1.47943664],
       [0.        , 1.49107373],
       [0.        , 1.50050235],
       [0.        , 1.5276984 ],
       [0.        , 1.53741133],
       [0.        , 1.56075501],
       [0.        , 1.5756526 ],
       [0.        , 1.6342026 ],
       [0.        , 1.64030313],
       [0.        , 1.65699244],
       [0.        , 1.67745805],
       [0.        , 1.67905593],
       [0.        , 1.69042754],
       [0.        , 1.69761336],
       [0.        , 1.70768595],
       [0.        , 1.70929575],
       [0.        , 1.7265836 ],
       [0.        , 1.72946203],
       [0.        , 1.72972155],
       [0.        , 1.73712456],
       [0.        , 1.7557739 ],
       [0.        , 1.78610659],
       [0.        , 1.79107094],
       [0.        , 1.79155624],
       [0.        , 1.8010534 ],
       [0.        , 1.8034842 ],
       [0.        , 1.81797981],
       [0.        , 1.81817877],
       [0.        , 1.83025181],
       [0.        , 1.84579301],
       [0.        , 1.86054921],
       [0.        , 1.87348056],
       [0.        , 1.89269435],
       [0.        , 1.90838575],
       [0.        , 1.92169607],
       [0.        , 1.9281379 ],
       [0.        , 1.9344424 ],
       [0.        , 1.94535494],
       [0.        , 1.95339537],
       [0.        , 1.95352316],
       [0.        , 1.95454144],
       [0.        , 1.95930636],
       [0.        , 1.96008956],
       [0.        , 1.96059465],
       [0.        , 1.96144211],
       [0.        , 1.96605027],
       [0.        , 1.96982658],
       [0.        , 1.97628629],
       [0.        , 1.98020506],
       [0.        , 1.98181832],
       [0.        , 1.98531985],
       [0.        , 1.98652315],
       [0.        , 1.99195361],
       [0.        , 1.99475837],
       [0.        , 2.00470781],
       [0.        , 2.00498509],
       [0.        , 2.00935292],
       [0.        , 2.01413679],
       [0.        , 2.01471376],
       [0.        , 2.01546383],
       [0.        , 2.01679778],
       [0.        , 2.02092099],
       [0.        , 2.02104092],
       [0.        , 2.02193737],
       [0.        , 2.02232337],
       [0.        , 2.02505541],
       [0.        , 2.03058481],
       [0.        , 2.0395937 ],
       [0.        , 2.04144549],
       [0.        , 2.04476929],
       [0.        , 2.04888272],
       [0.        , 2.05950665],
       [0.        , 2.06198406],
       [0.        , 2.06199861],
       [0.        , 2.06744599],
       [0.        , 2.06760097],
       [0.        , 2.06924367],
       [0.        , 2.07514048],
       [0.        , 2.08194709],
       [0.        , 2.08511114],
       [0.        , 2.08561468],
       [0.        , 2.08748817],
       [0.        , 2.09582663],
       [0.        , 2.09710646],
       [0.        , 2.09984708],
       [0.        , 2.1020503 ],
       [0.        , 2.10283232],
       [0.        , 2.10368085],
       [0.        , 2.10665631],
       [0.        , 2.11110091],
       [0.        , 2.11341453],
       [0.        , 2.11390543],
       [0.        , 2.11429381],
       [0.        , 2.11491489],
       [0.        , 2.11720872],
       [0.        , 2.11901355],
       [0.        , 2.12157583],
       [0.        , 2.12215281],
       [0.        , 2.1232481 ],
       [0.        , 2.12565613],
       [0.        , 2.12727642],
       [0.        , 2.12861657],
       [0.        , 2.12924647],
       [0.        , 2.13164592],
       [0.        , 2.13392901],
       [0.        , 2.13410544],
       [0.        , 2.13578439],
       [0.        , 2.13643074],
       [0.        , 2.13823652],
       [0.        , 2.14365005],
       [0.        , 2.14764476],
       [0.        , 2.15027618],
       [0.        , 2.15212917],
       [0.        , 2.15282011],
       [0.        , 2.15311313],
       [0.        , 2.15321875],
       [0.        , 2.15457726],
       [0.        , 2.15892601],
       [0.        , 2.16119885],
       [0.        , 2.16187239],
       [0.        , 2.16216874],
       [0.        , 2.16370654],
       [0.        , 2.16486883],
       [0.        , 2.16589189],
       [0.        , 2.16770816],
       [0.        , 2.17047191],
       [0.        , 2.17084122],
       [0.        , 2.18095326],
       [0.        , 2.1841104 ],
       [0.        , 2.19147539],
       [0.        , 2.19331551],
       [0.        , 2.19795966],
       [0.        , 2.1994381 ],
       [0.        , 2.20105386],
       [0.        , 2.20487118],
       [0.        , 2.20622087],
       [0.        , 2.20674253],
       [0.        , 2.2072823 ],
       [0.        , 2.20935607],
       [0.        , 2.20962119],
       [0.        , 2.21404457],
       [0.        , 2.21418142],
       [0.        , 2.21640301],
       [0.        , 2.21723199],
       [0.        , 2.22082281],
       [0.        , 2.22666025],
       [0.        , 2.22922564],
       [0.        , 2.23499918],
       [0.        , 2.24007416],
       [0.        , 2.24157977],
       [0.        ,        inf]]), array([[2.22970295, 2.23322296],
       [2.19776535, 2.20217466],
       [2.11449552, 2.13027787],
       [2.05651736, 2.06319523],
       [2.01100516, 2.01155353],
       [1.90518165, 1.92405951],
       [1.79648423, 1.82543945],
       [1.78359962, 1.7885952 ],
       [1.7660917 , 1.7806108 ],
       [1.65235078, 1.67304981]])]",True
77,2.24157977104187,0.004294872283935547,1.993003617633473,67.9,4.338286454264488,5,0.07757687568664551,0.04862165451049805,0.02590367794036865,0.4,1.0823218923259412,"[array([[0.        , 1.48658133],
       [0.        , 1.5276984 ],
       [0.        , 1.56075501],
       [0.        , 1.61924696],
       [0.        , 1.62295961],
       [0.        , 1.63013804],
       [0.        , 1.63462257],
       [0.        , 1.64819396],
       [0.        , 1.64941728],
       [0.        , 1.65699244],
       [0.        , 1.68153369],
       [0.        , 1.70768595],
       [0.        , 1.7265836 ],
       [0.        , 1.7660917 ],
       [0.        , 1.78359962],
       [0.        , 1.78610659],
       [0.        , 1.79107094],
       [0.        , 1.81984484],
       [0.        , 1.84483862],
       [0.        , 1.84556353],
       [0.        , 1.88051164],
       [0.        , 1.88897538],
       [0.        , 1.91337478],
       [0.        , 1.94013143],
       [0.        , 1.9416219 ],
       [0.        , 1.95267034],
       [0.        , 1.96008956],
       [0.        , 1.96059465],
       [0.        , 1.97951543],
       [0.        , 1.98181832],
       [0.        , 2.00470781],
       [0.        , 2.00941491],
       [0.        , 2.01546216],
       [0.        , 2.02092099],
       [0.        , 2.02253866],
       [0.        , 2.0226202 ],
       [0.        , 2.03196955],
       [0.        , 2.03342247],
       [0.        , 2.0395937 ],
       [0.        , 2.0482471 ],
       [0.        , 2.05130482],
       [0.        , 2.06420016],
       [0.        , 2.07748771],
       [0.        , 2.07853556],
       [0.        , 2.08168554],
       [0.        , 2.1020503 ],
       [0.        , 2.11341453],
       [0.        , 2.11578846],
       [0.        , 2.11681676],
       [0.        , 2.11868405],
       [0.        , 2.121068  ],
       [0.        , 2.12966013],
       [0.        , 2.13078094],
       [0.        , 2.1327548 ],
       [0.        , 2.15526485],
       [0.        , 2.15774941],
       [0.        , 2.16137886],
       [0.        , 2.16998148],
       [0.        , 2.17250037],
       [0.        , 2.17699933],
       [0.        , 2.18018913],
       [0.        , 2.18241668],
       [0.        , 2.18597937],
       [0.        , 2.19316936],
       [0.        , 2.19714975],
       [0.        , 2.19833231],
       [0.        , 2.20878911],
       [0.        , 2.20962119],
       [0.        , 2.21364093],
       [0.        , 2.21921492],
       [0.        , 2.2208271 ],
       [0.        , 2.22274661],
       [0.        , 2.22295904],
       [0.        , 2.22688079],
       [0.        , 2.23466587],
       [0.        , 2.2372849 ],
       [0.        , 2.24157977],
       [0.        ,        inf]]), array([[2.01203489, 2.08961177],
       [2.01100516, 2.01155353],
       [1.91109312, 1.9192555 ],
       [1.79648423, 1.82543945],
       [1.76633525, 1.7806108 ]])]",True
96,2.234665870666504,0.015713930130004883,1.9463610872626305,82.9,4.555910201327521,9,0.02895522117614746,0.008256196975708008,0.011648416519165039,0.24,1.8469713210403733,"[array([[0.        , 1.21763885],
       [0.        , 1.36758363],
       [0.        , 1.4371264 ],
       [0.        , 1.44018292],
       [0.        , 1.48658133],
       [0.        , 1.49107373],
       [0.        , 1.50050235],
       [0.        , 1.5276984 ],
       [0.        , 1.56075501],
       [0.        , 1.56762123],
       [0.        , 1.5756526 ],
       [0.        , 1.58730698],
       [0.        , 1.59647572],
       [0.        , 1.59732878],
       [0.        , 1.62295961],
       [0.        , 1.63462257],
       [0.        , 1.65699244],
       [0.        , 1.69761336],
       [0.        , 1.70768595],
       [0.        , 1.70929575],
       [0.        , 1.7265836 ],
       [0.        , 1.72946203],
       [0.        , 1.72972155],
       [0.        , 1.75499403],
       [0.        , 1.7557739 ],
       [0.        , 1.78610659],
       [0.        , 1.79107094],
       [0.        , 1.79155624],
       [0.        , 1.80106235],
       [0.        , 1.80302262],
       [0.        , 1.8034842 ],
       [0.        , 1.84526014],
       [0.        , 1.84671748],
       [0.        , 1.91337478],
       [0.        , 1.92013252],
       [0.        , 1.94101059],
       [0.        , 1.94352698],
       [0.        , 1.95267034],
       [0.        , 1.96059465],
       [0.        , 1.96572685],
       [0.        , 1.98181832],
       [0.        , 1.99931061],
       [0.        , 2.00470781],
       [0.        , 2.00982809],
       [0.        , 2.01546216],
       [0.        , 2.02757215],
       [0.        , 2.03036046],
       [0.        , 2.0395937 ],
       [0.        , 2.03969002],
       [0.        , 2.04288507],
       [0.        , 2.04791188],
       [0.        , 2.06540775],
       [0.        , 2.07169318],
       [0.        , 2.07838488],
       [0.        , 2.07972956],
       [0.        , 2.08553839],
       [0.        , 2.10052919],
       [0.        , 2.10330892],
       [0.        , 2.10526919],
       [0.        , 2.10637903],
       [0.        , 2.11288309],
       [0.        , 2.1192584 ],
       [0.        , 2.1264751 ],
       [0.        , 2.12870121],
       [0.        , 2.13161111],
       [0.        , 2.13197637],
       [0.        , 2.13347268],
       [0.        , 2.13717294],
       [0.        , 2.14309335],
       [0.        , 2.14416909],
       [0.        , 2.14422202],
       [0.        , 2.15020084],
       [0.        , 2.15361881],
       [0.        , 2.15675092],
       [0.        , 2.15985823],
       [0.        , 2.16119885],
       [0.        , 2.16219473],
       [0.        , 2.16359258],
       [0.        , 2.16552472],
       [0.        , 2.16687608],
       [0.        , 2.16917896],
       [0.        , 2.17385387],
       [0.        , 2.17761469],
       [0.        , 2.18129277],
       [0.        , 2.18928003],
       [0.        , 2.18998146],
       [0.        , 2.19688654],
       [0.        , 2.19755101],
       [0.        , 2.19981503],
       [0.        , 2.20041704],
       [0.        , 2.20509553],
       [0.        , 2.21003032],
       [0.        , 2.21440625],
       [0.        , 2.21886158],
       [0.        , 2.21895194],
       [0.        , 2.23466587],
       [0.        ,        inf]]), array([[2.06964731, 2.08961177],
       [2.02184224, 2.02462697],
       [2.01100516, 2.01155353],
       [1.91665983, 1.9192555 ],
       [1.84556353, 1.85533714],
       [1.79648423, 1.82543945],
       [1.78359962, 1.7885952 ],
       [1.7660917 , 1.7806108 ],
       [1.65235078, 1.67304981]])]",True
76,2.234665870666504,0.00778508186340332,1.9915863463753147,67.18,4.324987539128284,3,0.02895522117614746,0.023959636688232422,0.011499722798665365,0.16,0.4926804547282655,"[array([[0.        , 1.21763885],
       [0.        , 1.50050235],
       [0.        , 1.5276984 ],
       [0.        , 1.64819396],
       [0.        , 1.65235078],
       [0.        , 1.65699244],
       [0.        , 1.69761336],
       [0.        , 1.70768595],
       [0.        , 1.70929575],
       [0.        , 1.71981382],
       [0.        , 1.7265836 ],
       [0.        , 1.72946203],
       [0.        , 1.7557739 ],
       [0.        , 1.76976335],
       [0.        , 1.78610659],
       [0.        , 1.79107094],
       [0.        , 1.79155624],
       [0.        , 1.81373537],
       [0.        , 1.86837685],
       [0.        , 1.88051164],
       [0.        , 1.88051307],
       [0.        , 1.89024687],
       [0.        , 1.91337478],
       [0.        , 1.92639875],
       [0.        , 1.95006311],
       [0.        , 1.95267034],
       [0.        , 1.96008956],
       [0.        , 1.96059465],
       [0.        , 1.98016822],
       [0.        , 1.98181832],
       [0.        , 1.98530304],
       [0.        , 1.9874649 ],
       [0.        , 2.00034046],
       [0.        , 2.00470781],
       [0.        , 2.00835395],
       [0.        , 2.01075935],
       [0.        , 2.04470396],
       [0.        , 2.05684733],
       [0.        , 2.06291318],
       [0.        , 2.06380701],
       [0.        , 2.06443596],
       [0.        , 2.06888008],
       [0.        , 2.10365009],
       [0.        , 2.10369468],
       [0.        , 2.10545564],
       [0.        , 2.10780478],
       [0.        , 2.11358333],
       [0.        , 2.11493516],
       [0.        , 2.12727642],
       [0.        , 2.12809396],
       [0.        , 2.13546157],
       [0.        , 2.14349127],
       [0.        , 2.14743471],
       [0.        , 2.15078449],
       [0.        , 2.15093565],
       [0.        , 2.15358448],
       [0.        , 2.15669513],
       [0.        , 2.15917683],
       [0.        , 2.16126442],
       [0.        , 2.16238475],
       [0.        , 2.17202044],
       [0.        , 2.17799687],
       [0.        , 2.18323708],
       [0.        , 2.18597937],
       [0.        , 2.19542742],
       [0.        , 2.19669724],
       [0.        , 2.19781995],
       [0.        , 2.19868255],
       [0.        , 2.19871211],
       [0.        , 2.20294881],
       [0.        , 2.20998883],
       [0.        , 2.2121172 ],
       [0.        , 2.21354055],
       [0.        , 2.22295904],
       [0.        , 2.22688079],
       [0.        , 2.23466587],
       [0.        ,        inf]]), array([[2.01100516, 2.01155353],
       [1.79648423, 1.82543945],
       [1.78359962, 1.7885952 ]])]",True
113,2.2445621490478516,0.0029823780059814453,1.999581566954081,99.78,4.7222075476458585,7,0.02895522117614746,0.008990764617919922,0.01127190249306815,0.22,1.5830930584460496,"[array([[0.        , 1.48658133],
       [0.        , 1.50050235],
       [0.        , 1.5276984 ],
       [0.        , 1.5756526 ],
       [0.        , 1.61924696],
       [0.        , 1.62295961],
       [0.        , 1.63279319],
       [0.        , 1.63462257],
       [0.        , 1.6373446 ],
       [0.        , 1.64166176],
       [0.        , 1.64941728],
       [0.        , 1.65699244],
       [0.        , 1.67905593],
       [0.        , 1.68343854],
       [0.        , 1.70768595],
       [0.        , 1.70929575],
       [0.        , 1.7265836 ],
       [0.        , 1.72946203],
       [0.        , 1.73666823],
       [0.        , 1.75499403],
       [0.        , 1.7557739 ],
       [0.        , 1.78610659],
       [0.        , 1.79107094],
       [0.        , 1.79155624],
       [0.        , 1.8034842 ],
       [0.        , 1.8433857 ],
       [0.        , 1.84483862],
       [0.        , 1.84579301],
       [0.        , 1.88051164],
       [0.        , 1.90838575],
       [0.        , 1.91337478],
       [0.        , 1.9196701 ],
       [0.        , 1.94013143],
       [0.        , 1.94292152],
       [0.        , 1.95267034],
       [0.        , 1.95270967],
       [0.        , 1.96008956],
       [0.        , 1.96059465],
       [0.        , 1.98181832],
       [0.        , 1.98501658],
       [0.        , 1.9874649 ],
       [0.        , 1.98821962],
       [0.        , 1.99708259],
       [0.        , 2.00461245],
       [0.        , 2.00470781],
       [0.        , 2.00574136],
       [0.        , 2.00635886],
       [0.        , 2.01347136],
       [0.        , 2.01546216],
       [0.        , 2.03564405],
       [0.        , 2.03904557],
       [0.        , 2.0395937 ],
       [0.        , 2.04183149],
       [0.        , 2.06198406],
       [0.        , 2.06199408],
       [0.        , 2.06513381],
       [0.        , 2.06519318],
       [0.        , 2.07036161],
       [0.        , 2.07317114],
       [0.        , 2.07915449],
       [0.        , 2.07929635],
       [0.        , 2.08929634],
       [0.        , 2.09159088],
       [0.        , 2.0928185 ],
       [0.        , 2.09834933],
       [0.        , 2.10011673],
       [0.        , 2.1020503 ],
       [0.        , 2.11109328],
       [0.        , 2.11287212],
       [0.        , 2.11699104],
       [0.        , 2.12128782],
       [0.        , 2.12433481],
       [0.        , 2.12469912],
       [0.        , 2.12727642],
       [0.        , 2.12809396],
       [0.        , 2.12928653],
       [0.        , 2.13347268],
       [0.        , 2.13394308],
       [0.        , 2.13522649],
       [0.        , 2.14293599],
       [0.        , 2.1460042 ],
       [0.        , 2.14670062],
       [0.        , 2.1563642 ],
       [0.        , 2.15976119],
       [0.        , 2.16021991],
       [0.        , 2.16137886],
       [0.        , 2.16143966],
       [0.        , 2.16345382],
       [0.        , 2.16880751],
       [0.        , 2.16907096],
       [0.        , 2.17695165],
       [0.        , 2.18022084],
       [0.        , 2.18257213],
       [0.        , 2.18422723],
       [0.        , 2.18597937],
       [0.        , 2.18650937],
       [0.        , 2.18777299],
       [0.        , 2.18793535],
       [0.        , 2.18977261],
       [0.        , 2.18996072],
       [0.        , 2.20487118],
       [0.        , 2.20509553],
       [0.        , 2.20719576],
       [0.        , 2.20800519],
       [0.        , 2.20962119],
       [0.        , 2.21220326],
       [0.        , 2.22295904],
       [0.        , 2.22688079],
       [0.        , 2.22886848],
       [0.        , 2.23466587],
       [0.        , 2.2372849 ],
       [0.        , 2.24157977],
       [0.        , 2.24456215],
       [0.        ,        inf]]), array([[2.09667945, 2.10874987],
       [2.06964731, 2.08961177],
       [2.01100516, 2.01155353],
       [1.91665983, 1.9192555 ],
       [1.84556353, 1.85533714],
       [1.79648423, 1.82543945],
       [1.78359962, 1.7885952 ]])]",True
111,2.2386891841888428,0.011808395385742188,1.982451809419168,97.38,4.704671141004275,5,0.02895522117614746,0.014436125755310059,0.011166977882385253,0.12,1.2089041240063418,"[array([[0.        , 1.21763885],
       [0.        , 1.50050235],
       [0.        , 1.5276984 ],
       [0.        , 1.56075501],
       [0.        , 1.5756526 ],
       [0.        , 1.65235078],
       [0.        , 1.65699244],
       [0.        , 1.67745805],
       [0.        , 1.69042754],
       [0.        , 1.69761336],
       [0.        , 1.70768595],
       [0.        , 1.70929575],
       [0.        , 1.71981382],
       [0.        , 1.7265836 ],
       [0.        , 1.72946203],
       [0.        , 1.7557739 ],
       [0.        , 1.76710868],
       [0.        , 1.78610659],
       [0.        , 1.7890563 ],
       [0.        , 1.79155624],
       [0.        , 1.8010534 ],
       [0.        , 1.8049649 ],
       [0.        , 1.81373537],
       [0.        , 1.81817877],
       [0.        , 1.82882655],
       [0.        , 1.8383466 ],
       [0.        , 1.84539616],
       [0.        , 1.85155928],
       [0.        , 1.86683416],
       [0.        , 1.86837685],
       [0.        , 1.87153375],
       [0.        , 1.87655973],
       [0.        , 1.88051164],
       [0.        , 1.88650215],
       [0.        , 1.89790332],
       [0.        , 1.92720628],
       [0.        , 1.9287262 ],
       [0.        , 1.92931509],
       [0.        , 1.94013143],
       [0.        , 1.96008956],
       [0.        , 1.96059465],
       [0.        , 1.96402252],
       [0.        , 1.97007179],
       [0.        , 1.97861731],
       [0.        , 1.98181832],
       [0.        , 1.98818099],
       [0.        , 1.98883176],
       [0.        , 1.9928385 ],
       [0.        , 2.00470781],
       [0.        , 2.02319622],
       [0.        , 2.03325915],
       [0.        , 2.0342176 ],
       [0.        , 2.03804493],
       [0.        , 2.04315567],
       [0.        , 2.04515815],
       [0.        , 2.04563761],
       [0.        , 2.04810691],
       [0.        , 2.05574155],
       [0.        , 2.06212139],
       [0.        , 2.06835794],
       [0.        , 2.06869483],
       [0.        , 2.07296324],
       [0.        , 2.07729506],
       [0.        , 2.08445573],
       [0.        , 2.08544946],
       [0.        , 2.08716083],
       [0.        , 2.08882737],
       [0.        , 2.09187841],
       [0.        , 2.09468365],
       [0.        , 2.0989418 ],
       [0.        , 2.09966993],
       [0.        , 2.1020503 ],
       [0.        , 2.10369468],
       [0.        , 2.1071918 ],
       [0.        , 2.11174393],
       [0.        , 2.11379766],
       [0.        , 2.11830401],
       [0.        , 2.11946774],
       [0.        , 2.12205553],
       [0.        , 2.12331438],
       [0.        , 2.12727642],
       [0.        , 2.12848735],
       [0.        , 2.12980795],
       [0.        , 2.13095951],
       [0.        , 2.13240814],
       [0.        , 2.13577461],
       [0.        , 2.13619876],
       [0.        , 2.13748074],
       [0.        , 2.14016747],
       [0.        , 2.14085221],
       [0.        , 2.14461327],
       [0.        , 2.14465737],
       [0.        , 2.14924431],
       [0.        , 2.15604901],
       [0.        , 2.15798926],
       [0.        , 2.15902829],
       [0.        , 2.15929127],
       [0.        , 2.16137409],
       [0.        , 2.16180277],
       [0.        , 2.16337585],
       [0.        , 2.1653893 ],
       [0.        , 2.17477584],
       [0.        , 2.17515063],
       [0.        , 2.18207097],
       [0.        , 2.18597937],
       [0.        , 2.19058824],
       [0.        , 2.20688152],
       [0.        , 2.21335101],
       [0.        , 2.22195077],
       [0.        , 2.22688079],
       [0.        , 2.23868918],
       [0.        ,        inf]]), array([[2.19871211, 2.20552874],
       [2.01100516, 2.01155353],
       [1.79648423, 1.82543945],
       [1.78359962, 1.7885952 ],
       [1.7660917 , 1.7806108 ]])]",True
140,2.245328903198242,0.0037491321563720703,2.0225467128413066,125.02,4.937512270017038,9,0.07091236114501953,0.02550816535949707,0.021355642212761775,0.5,1.6729896761891248,"[array([[0.        , 1.48658133],
       [0.        , 1.50050235],
       [0.        , 1.56075501],
       [0.        , 1.5756526 ],
       [0.        , 1.61924696],
       [0.        , 1.62295961],
       [0.        , 1.6373446 ],
       [0.        , 1.64819396],
       [0.        , 1.65699244],
       [0.        , 1.67745805],
       [0.        , 1.67905593],
       [0.        , 1.685745  ],
       [0.        , 1.70768595],
       [0.        , 1.70929575],
       [0.        , 1.7265836 ],
       [0.        , 1.72946203],
       [0.        , 1.72972155],
       [0.        , 1.75499403],
       [0.        , 1.7557739 ],
       [0.        , 1.7736516 ],
       [0.        , 1.78610659],
       [0.        , 1.79107094],
       [0.        , 1.79155624],
       [0.        , 1.84426653],
       [0.        , 1.84483862],
       [0.        , 1.84618962],
       [0.        , 1.87961626],
       [0.        , 1.88051164],
       [0.        , 1.88398516],
       [0.        , 1.90838575],
       [0.        , 1.9241209 ],
       [0.        , 1.93509984],
       [0.        , 1.94013143],
       [0.        , 1.94286644],
       [0.        , 1.94535494],
       [0.        , 1.94889605],
       [0.        , 1.94932628],
       [0.        , 1.95058262],
       [0.        , 1.96008956],
       [0.        , 1.96059465],
       [0.        , 1.97295904],
       [0.        , 1.97679675],
       [0.        , 1.98181832],
       [0.        , 1.99414134],
       [0.        , 1.99537349],
       [0.        , 1.9959563 ],
       [0.        , 2.00100923],
       [0.        , 2.00470781],
       [0.        , 2.00933051],
       [0.        , 2.02092099],
       [0.        , 2.0258038 ],
       [0.        , 2.02733207],
       [0.        , 2.02763677],
       [0.        , 2.03058481],
       [0.        , 2.03279924],
       [0.        , 2.03606129],
       [0.        , 2.03647995],
       [0.        , 2.0386107 ],
       [0.        , 2.0395937 ],
       [0.        , 2.04209876],
       [0.        , 2.0436542 ],
       [0.        , 2.04886532],
       [0.        , 2.06212139],
       [0.        , 2.06323195],
       [0.        , 2.07092977],
       [0.        , 2.07589316],
       [0.        , 2.07602096],
       [0.        , 2.08258319],
       [0.        , 2.08470941],
       [0.        , 2.0871551 ],
       [0.        , 2.09127831],
       [0.        , 2.09582663],
       [0.        , 2.09766865],
       [0.        , 2.09828806],
       [0.        , 2.09954023],
       [0.        , 2.10017586],
       [0.        , 2.10105848],
       [0.        , 2.1020503 ],
       [0.        , 2.10357046],
       [0.        , 2.10366654],
       [0.        , 2.1064949 ],
       [0.        , 2.1073246 ],
       [0.        , 2.10933733],
       [0.        , 2.11183429],
       [0.        , 2.11940765],
       [0.        , 2.11972857],
       [0.        , 2.11989212],
       [0.        , 2.12096119],
       [0.        , 2.12131596],
       [0.        , 2.12512422],
       [0.        , 2.12515354],
       [0.        , 2.12543035],
       [0.        , 2.12674546],
       [0.        , 2.12727642],
       [0.        , 2.12939334],
       [0.        , 2.13378739],
       [0.        , 2.13523507],
       [0.        , 2.13599396],
       [0.        , 2.14306831],
       [0.        , 2.14362192],
       [0.        , 2.14751887],
       [0.        , 2.14764476],
       [0.        , 2.14954662],
       [0.        , 2.15457726],
       [0.        , 2.15484715],
       [0.        , 2.15496993],
       [0.        , 2.15722322],
       [0.        , 2.15893316],
       [0.        , 2.15920997],
       [0.        , 2.15952706],
       [0.        , 2.16465259],
       [0.        , 2.16632867],
       [0.        , 2.16815257],
       [0.        , 2.17691064],
       [0.        , 2.17702127],
       [0.        , 2.18007112],
       [0.        , 2.18171811],
       [0.        , 2.18294239],
       [0.        , 2.1856761 ],
       [0.        , 2.18580914],
       [0.        , 2.18597937],
       [0.        , 2.19092488],
       [0.        , 2.19147539],
       [0.        , 2.19271064],
       [0.        , 2.19331551],
       [0.        , 2.19829512],
       [0.        , 2.19861031],
       [0.        , 2.20143437],
       [0.        , 2.20778084],
       [0.        , 2.20800519],
       [0.        , 2.20962119],
       [0.        , 2.21440625],
       [0.        , 2.21469593],
       [0.        , 2.21627474],
       [0.        , 2.21982503],
       [0.        , 2.22688079],
       [0.        , 2.23466587],
       [0.        , 2.2347734 ],
       [0.        , 2.24157977],
       [0.        , 2.2453289 ],
       [0.        ,        inf]]), array([[2.11790848, 2.13039303],
       [2.11449552, 2.13027787],
       [2.06017375, 2.10557795],
       [2.03370261, 2.03451252],
       [2.02184224, 2.02462697],
       [2.01479149, 2.08570385],
       [2.01100516, 2.01155353],
       [1.79648423, 1.82543945],
       [1.7660917 , 1.7806108 ]])]",True
106,2.24157977104187,0.006806373596191406,2.0135723678570874,94.42,4.658534819471188,8,0.07757687568664551,0.04862165451049805,0.02003258466720581,0.42,1.5007921768031904,"[array([[0.        , 1.48658133],
       [0.        , 1.50050235],
       [0.        , 1.5276984 ],
       [0.        , 1.56075501],
       [0.        , 1.5756526 ],
       [0.        , 1.61924696],
       [0.        , 1.62295961],
       [0.        , 1.63462257],
       [0.        , 1.64819396],
       [0.        , 1.65699244],
       [0.        , 1.69908237],
       [0.        , 1.70768595],
       [0.        , 1.70929575],
       [0.        , 1.7265836 ],
       [0.        , 1.72946203],
       [0.        , 1.7557739 ],
       [0.        , 1.78610659],
       [0.        , 1.79107094],
       [0.        , 1.79155624],
       [0.        , 1.8034842 ],
       [0.        , 1.82488537],
       [0.        , 1.8433857 ],
       [0.        , 1.84426653],
       [0.        , 1.84483862],
       [0.        , 1.87961626],
       [0.        , 1.90838575],
       [0.        , 1.91337478],
       [0.        , 1.94013143],
       [0.        , 1.94486237],
       [0.        , 1.94932628],
       [0.        , 1.95929766],
       [0.        , 1.96008956],
       [0.        , 1.96059465],
       [0.        , 1.97679675],
       [0.        , 1.98181832],
       [0.        , 1.99195361],
       [0.        , 1.99414134],
       [0.        , 2.00206566],
       [0.        , 2.00377011],
       [0.        , 2.00470781],
       [0.        , 2.02092099],
       [0.        , 2.0395937 ],
       [0.        , 2.05130482],
       [0.        , 2.06199408],
       [0.        , 2.06212139],
       [0.        , 2.0622108 ],
       [0.        , 2.06352925],
       [0.        , 2.06552815],
       [0.        , 2.07163835],
       [0.        , 2.07589316],
       [0.        , 2.08801341],
       [0.        , 2.08966041],
       [0.        , 2.09267449],
       [0.        , 2.10105848],
       [0.        , 2.10188746],
       [0.        , 2.10335755],
       [0.        , 2.10366654],
       [0.        , 2.10765743],
       [0.        , 2.11381197],
       [0.        , 2.11452818],
       [0.        , 2.11578846],
       [0.        , 2.11681676],
       [0.        , 2.11963964],
       [0.        , 2.11972857],
       [0.        , 2.12013197],
       [0.        , 2.12260938],
       [0.        , 2.12674546],
       [0.        , 2.12727642],
       [0.        , 2.130687  ],
       [0.        , 2.13429618],
       [0.        , 2.14362192],
       [0.        , 2.14680648],
       [0.        , 2.15011525],
       [0.        , 2.15065241],
       [0.        , 2.15177035],
       [0.        , 2.15325642],
       [0.        , 2.15496993],
       [0.        , 2.15542698],
       [0.        , 2.15622497],
       [0.        , 2.15722322],
       [0.        , 2.16206336],
       [0.        , 2.16351342],
       [0.        , 2.16486883],
       [0.        , 2.16985536],
       [0.        , 2.17182302],
       [0.        , 2.17419267],
       [0.        , 2.17535162],
       [0.        , 2.18018913],
       [0.        , 2.18089604],
       [0.        , 2.18241668],
       [0.        , 2.18373609],
       [0.        , 2.1856761 ],
       [0.        , 2.18597937],
       [0.        , 2.18898559],
       [0.        , 2.19208837],
       [0.        , 2.19271064],
       [0.        , 2.19316936],
       [0.        , 2.19627666],
       [0.        , 2.19833231],
       [0.        , 2.20962119],
       [0.        , 2.21982503],
       [0.        , 2.22274661],
       [0.        , 2.22688079],
       [0.        , 2.23466587],
       [0.        , 2.2347734 ],
       [0.        , 2.24157977],
       [0.        ,        inf]]), array([[2.11790848, 2.13039303],
       [2.06964731, 2.08961177],
       [2.01203489, 2.08961177],
       [2.01100516, 2.01155353],
       [1.8944658 , 1.89568233],
       [1.79648423, 1.82543945],
       [1.78359962, 1.7885952 ],
       [1.7660917 , 1.7806108 ]])]",False
103,2.234665870666504,0.00778508186340332,2.01046039525745,91.82,4.6299181268972,5,0.08970129489898682,0.060746073722839355,0.02767789363861084,0.44,0.9689702288184141,"[array([[0.        , 1.21763885],
       [0.        , 1.36758363],
       [0.        , 1.5756526 ],
       [0.        , 1.63462257],
       [0.        , 1.65699244],
       [0.        , 1.67304981],
       [0.        , 1.67745805],
       [0.        , 1.69761336],
       [0.        , 1.70768595],
       [0.        , 1.70929575],
       [0.        , 1.7265836 ],
       [0.        , 1.72946203],
       [0.        , 1.75499403],
       [0.        , 1.7557739 ],
       [0.        , 1.78610659],
       [0.        , 1.79107094],
       [0.        , 1.81373537],
       [0.        , 1.81817877],
       [0.        , 1.81984484],
       [0.        , 1.8433857 ],
       [0.        , 1.84579301],
       [0.        , 1.84671748],
       [0.        , 1.88051307],
       [0.        , 1.89772367],
       [0.        , 1.89820266],
       [0.        , 1.91006947],
       [0.        , 1.94484818],
       [0.        , 1.94535494],
       [0.        , 1.96021163],
       [0.        , 1.96059465],
       [0.        , 1.96413541],
       [0.        , 1.96601403],
       [0.        , 1.97097707],
       [0.        , 1.98181832],
       [0.        , 1.99075532],
       [0.        , 1.99254453],
       [0.        , 2.00470781],
       [0.        , 2.01167607],
       [0.        , 2.01361704],
       [0.        , 2.01725316],
       [0.        , 2.01828861],
       [0.        , 2.01903033],
       [0.        , 2.01963401],
       [0.        , 2.0233686 ],
       [0.        , 2.04881978],
       [0.        , 2.0505383 ],
       [0.        , 2.05376506],
       [0.        , 2.06363297],
       [0.        , 2.06720638],
       [0.        , 2.06888008],
       [0.        , 2.07955861],
       [0.        , 2.080024  ],
       [0.        , 2.0831356 ],
       [0.        , 2.08681154],
       [0.        , 2.09143233],
       [0.        , 2.0920155 ],
       [0.        , 2.09247398],
       [0.        , 2.09701657],
       [0.        , 2.09895706],
       [0.        , 2.09948325],
       [0.        , 2.1020503 ],
       [0.        , 2.10461116],
       [0.        , 2.10592532],
       [0.        , 2.10597706],
       [0.        , 2.10902238],
       [0.        , 2.11378288],
       [0.        , 2.11921597],
       [0.        , 2.1216538 ],
       [0.        , 2.12563491],
       [0.        , 2.12732315],
       [0.        , 2.12732577],
       [0.        , 2.13440895],
       [0.        , 2.13800955],
       [0.        , 2.14275908],
       [0.        , 2.14416242],
       [0.        , 2.14730549],
       [0.        , 2.1479187 ],
       [0.        , 2.15288234],
       [0.        , 2.15325642],
       [0.        , 2.15505004],
       [0.        , 2.15622497],
       [0.        , 2.15669513],
       [0.        , 2.15722322],
       [0.        , 2.15893126],
       [0.        , 2.16178107],
       [0.        , 2.16521573],
       [0.        , 2.16814971],
       [0.        , 2.18018913],
       [0.        , 2.18028116],
       [0.        , 2.18189573],
       [0.        , 2.18597937],
       [0.        , 2.19627666],
       [0.        , 2.20295262],
       [0.        , 2.20312476],
       [0.        , 2.20315146],
       [0.        , 2.20348501],
       [0.        , 2.20487118],
       [0.        , 2.21364093],
       [0.        , 2.21393681],
       [0.        , 2.22295904],
       [0.        , 2.22630453],
       [0.        , 2.22688079],
       [0.        , 2.23466587],
       [0.        ,        inf]]), array([[2.11449552, 2.13027787],
       [2.09984708, 2.10324931],
       [2.01100516, 2.01155353],
       [1.99991047, 2.08961177],
       [1.79648423, 1.82543945]])]",True
87,2.234665870666504,0.003417491912841797,2.0213359813580567,77.98,4.460931312888008,4,0.07757687568664551,0.04862165451049805,0.03039988875389099,0.36,0.9065595465594224,"[array([[0.        , 1.21763885],
       [0.        , 1.56075501],
       [0.        , 1.5756526 ],
       [0.        , 1.63462257],
       [0.        , 1.64819396],
       [0.        , 1.65699244],
       [0.        , 1.67304981],
       [0.        , 1.69761336],
       [0.        , 1.70768595],
       [0.        , 1.70929575],
       [0.        , 1.7265836 ],
       [0.        , 1.72946203],
       [0.        , 1.7557739 ],
       [0.        , 1.78610659],
       [0.        , 1.81373537],
       [0.        , 1.81984484],
       [0.        , 1.88051164],
       [0.        , 1.89024687],
       [0.        , 1.90925598],
       [0.        , 1.90997446],
       [0.        , 1.94810545],
       [0.        , 1.95946801],
       [0.        , 1.96059465],
       [0.        , 1.98181832],
       [0.        , 1.9874649 ],
       [0.        , 1.99013102],
       [0.        , 1.99142981],
       [0.        , 2.00176263],
       [0.        , 2.00428104],
       [0.        , 2.00470781],
       [0.        , 2.00557971],
       [0.        , 2.00916576],
       [0.        , 2.01075935],
       [0.        , 2.01284933],
       [0.        , 2.01386952],
       [0.        , 2.02600646],
       [0.        , 2.04669452],
       [0.        , 2.0554769 ],
       [0.        , 2.05565572],
       [0.        , 2.06291318],
       [0.        , 2.06380701],
       [0.        , 2.09228992],
       [0.        , 2.09329057],
       [0.        , 2.09828806],
       [0.        , 2.10039091],
       [0.        , 2.10070086],
       [0.        , 2.10327077],
       [0.        , 2.10365009],
       [0.        , 2.10709357],
       [0.        , 2.10715461],
       [0.        , 2.10780478],
       [0.        , 2.11358333],
       [0.        , 2.11735415],
       [0.        , 2.1209538 ],
       [0.        , 2.1216538 ],
       [0.        , 2.12711382],
       [0.        , 2.12727642],
       [0.        , 2.13378739],
       [0.        , 2.14235044],
       [0.        , 2.14349127],
       [0.        , 2.14492226],
       [0.        , 2.14743471],
       [0.        , 2.15093565],
       [0.        , 2.15917683],
       [0.        , 2.16126442],
       [0.        , 2.16345382],
       [0.        , 2.16862965],
       [0.        , 2.17202044],
       [0.        , 2.17239165],
       [0.        , 2.17535162],
       [0.        , 2.17695165],
       [0.        , 2.18597937],
       [0.        , 2.19596434],
       [0.        , 2.19725418],
       [0.        , 2.19848704],
       [0.        , 2.19904971],
       [0.        , 2.20428205],
       [0.        , 2.20985579],
       [0.        , 2.2121172 ],
       [0.        , 2.21440625],
       [0.        , 2.21918416],
       [0.        , 2.22295904],
       [0.        , 2.22668815],
       [0.        , 2.22688079],
       [0.        , 2.22764015],
       [0.        , 2.23124838],
       [0.        , 2.23466587],
       [0.        ,        inf]]), array([[2.01203489, 2.08961177],
       [2.01100516, 2.01155353],
       [1.79648423, 1.82543945],
       [1.7660917 , 1.7806108 ]])]",False
183,2.24157977104187,0.0034384727478027344,2.0521688969408878,165.98,5.206000966057067,6,0.07091236114501953,0.04195713996887207,0.021237512429555256,0.28,1.1764518657578684,"[array([[0.        , 1.48658133],
       [0.        , 1.50050235],
       [0.        , 1.56075501],
       [0.        , 1.5756526 ],
       [0.        , 1.61924696],
       [0.        , 1.62295961],
       [0.        , 1.64819396],
       [0.        , 1.65699244],
       [0.        , 1.67745805],
       [0.        , 1.67905593],
       [0.        , 1.70768595],
       [0.        , 1.70929575],
       [0.        , 1.7265836 ],
       [0.        , 1.72946203],
       [0.        , 1.72972155],
       [0.        , 1.75499403],
       [0.        , 1.7557739 ],
       [0.        , 1.77019811],
       [0.        , 1.77414489],
       [0.        , 1.78610659],
       [0.        , 1.79107094],
       [0.        , 1.79155624],
       [0.        , 1.8010534 ],
       [0.        , 1.8029269 ],
       [0.        , 1.82882655],
       [0.        , 1.8433857 ],
       [0.        , 1.84483862],
       [0.        , 1.84579301],
       [0.        , 1.87036943],
       [0.        , 1.87631428],
       [0.        , 1.87676966],
       [0.        , 1.90838575],
       [0.        , 1.92473352],
       [0.        , 1.92807519],
       [0.        , 1.9517144 ],
       [0.        , 1.95873845],
       [0.        , 1.96008956],
       [0.        , 1.96059465],
       [0.        , 1.96299124],
       [0.        , 1.97574365],
       [0.        , 1.98181832],
       [0.        , 1.99195361],
       [0.        , 1.99328971],
       [0.        , 1.99645805],
       [0.        , 2.0026114 ],
       [0.        , 2.00460958],
       [0.        , 2.00470781],
       [0.        , 2.00557137],
       [0.        , 2.00805664],
       [0.        , 2.01024032],
       [0.        , 2.01046205],
       [0.        , 2.01361704],
       [0.        , 2.01552868],
       [0.        , 2.02232337],
       [0.        , 2.02317476],
       [0.        , 2.02751303],
       [0.        , 2.03542757],
       [0.        , 2.03667521],
       [0.        , 2.0395937 ],
       [0.        , 2.04112625],
       [0.        , 2.04326797],
       [0.        , 2.04795194],
       [0.        , 2.04809165],
       [0.        , 2.05087781],
       [0.        , 2.05150676],
       [0.        , 2.05278587],
       [0.        , 2.05316973],
       [0.        , 2.05387664],
       [0.        , 2.05574155],
       [0.        , 2.06180239],
       [0.        , 2.06182861],
       [0.        , 2.0622108 ],
       [0.        , 2.06392837],
       [0.        , 2.06451464],
       [0.        , 2.06718659],
       [0.        , 2.06722999],
       [0.        , 2.06770301],
       [0.        , 2.07166862],
       [0.        , 2.0789113 ],
       [0.        , 2.08557439],
       [0.        , 2.08700299],
       [0.        , 2.0913229 ],
       [0.        , 2.0921917 ],
       [0.        , 2.09228992],
       [0.        , 2.09348655],
       [0.        , 2.09697104],
       [0.        , 2.09713435],
       [0.        , 2.09822941],
       [0.        , 2.09948468],
       [0.        , 2.10366654],
       [0.        , 2.10751581],
       [0.        , 2.10874772],
       [0.        , 2.10916305],
       [0.        , 2.10958099],
       [0.        , 2.11523342],
       [0.        , 2.11628366],
       [0.        , 2.11644292],
       [0.        , 2.11730123],
       [0.        , 2.12101603],
       [0.        , 2.12460232],
       [0.        , 2.12472034],
       [0.        , 2.12494302],
       [0.        , 2.12653899],
       [0.        , 2.12727642],
       [0.        , 2.13054109],
       [0.        , 2.13144016],
       [0.        , 2.13220453],
       [0.        , 2.13598084],
       [0.        , 2.13762665],
       [0.        , 2.1390698 ],
       [0.        , 2.14418268],
       [0.        , 2.14492989],
       [0.        , 2.14723301],
       [0.        , 2.14764476],
       [0.        , 2.1479187 ],
       [0.        , 2.14829516],
       [0.        , 2.15000725],
       [0.        , 2.15027618],
       [0.        , 2.15099502],
       [0.        , 2.15263677],
       [0.        , 2.15387583],
       [0.        , 2.15457726],
       [0.        , 2.15689397],
       [0.        , 2.15784335],
       [0.        , 2.15877438],
       [0.        , 2.15895844],
       [0.        , 2.16052842],
       [0.        , 2.16251564],
       [0.        , 2.16715312],
       [0.        , 2.16766   ],
       [0.        , 2.16780853],
       [0.        , 2.16782904],
       [0.        , 2.16818404],
       [0.        , 2.16827893],
       [0.        , 2.16840696],
       [0.        , 2.16862965],
       [0.        , 2.16923356],
       [0.        , 2.17183566],
       [0.        , 2.17196155],
       [0.        , 2.17249274],
       [0.        , 2.1728127 ],
       [0.        , 2.17330241],
       [0.        , 2.17411685],
       [0.        , 2.17646122],
       [0.        , 2.17780161],
       [0.        , 2.18045855],
       [0.        , 2.18157864],
       [0.        , 2.18186307],
       [0.        , 2.18597937],
       [0.        , 2.18656754],
       [0.        , 2.18781638],
       [0.        , 2.1882925 ],
       [0.        , 2.1905427 ],
       [0.        , 2.19147539],
       [0.        , 2.19258404],
       [0.        , 2.19303942],
       [0.        , 2.19316936],
       [0.        , 2.19331551],
       [0.        , 2.19685197],
       [0.        , 2.19795966],
       [0.        , 2.19856477],
       [0.        , 2.19904375],
       [0.        , 2.20312476],
       [0.        , 2.20348501],
       [0.        , 2.20454001],
       [0.        , 2.20580697],
       [0.        , 2.20742154],
       [0.        , 2.20908308],
       [0.        , 2.20962119],
       [0.        , 2.2131846 ],
       [0.        , 2.21440625],
       [0.        , 2.21588612],
       [0.        , 2.21769738],
       [0.        , 2.21898317],
       [0.        , 2.22259736],
       [0.        , 2.22405267],
       [0.        , 2.22618675],
       [0.        , 2.22688079],
       [0.        , 2.22763276],
       [0.        , 2.23284101],
       [0.        , 2.23466587],
       [0.        , 2.2381413 ],
       [0.        , 2.24157977],
       [0.        ,        inf]]), array([[2.20772576, 2.20816755],
       [2.07336283, 2.08541107],
       [2.01479149, 2.08570385],
       [2.01100516, 2.01155353],
       [1.79648423, 1.82543945],
       [1.7660917 , 1.7806108 ]])]",True
82,2.2477824687957764,0.00620269775390625,2.002900241351709,72.46,4.4006350383292165,6,0.02895522117614746,0.014436125755310059,0.010231256484985352,0.22,1.368046289634424,"[array([[0.        , 1.4371264 ],
       [0.        , 1.48658133],
       [0.        , 1.5276984 ],
       [0.        , 1.56075501],
       [0.        , 1.5756526 ],
       [0.        , 1.59647572],
       [0.        , 1.61924696],
       [0.        , 1.62295961],
       [0.        , 1.65699244],
       [0.        , 1.67745805],
       [0.        , 1.70768595],
       [0.        , 1.70929575],
       [0.        , 1.72166169],
       [0.        , 1.7265836 ],
       [0.        , 1.72946203],
       [0.        , 1.7557739 ],
       [0.        , 1.78610659],
       [0.        , 1.79107094],
       [0.        , 1.8034842 ],
       [0.        , 1.81984484],
       [0.        , 1.84483862],
       [0.        , 1.84579301],
       [0.        , 1.88051164],
       [0.        , 1.94484818],
       [0.        , 1.95946801],
       [0.        , 1.96059465],
       [0.        , 1.98181832],
       [0.        , 2.00470781],
       [0.        , 2.00539517],
       [0.        , 2.00557971],
       [0.        , 2.01284933],
       [0.        , 2.01361704],
       [0.        , 2.01455545],
       [0.        , 2.01828861],
       [0.        , 2.02600145],
       [0.        , 2.02600646],
       [0.        , 2.0395937 ],
       [0.        , 2.05565572],
       [0.        , 2.06212139],
       [0.        , 2.080024  ],
       [0.        , 2.08681154],
       [0.        , 2.1006701 ],
       [0.        , 2.1020503 ],
       [0.        , 2.10461116],
       [0.        , 2.10623479],
       [0.        , 2.10675669],
       [0.        , 2.11358333],
       [0.        , 2.11735415],
       [0.        , 2.1209538 ],
       [0.        , 2.12711382],
       [0.        , 2.13378739],
       [0.        , 2.13535953],
       [0.        , 2.14349127],
       [0.        , 2.14416242],
       [0.        , 2.15348697],
       [0.        , 2.15622497],
       [0.        , 2.15722322],
       [0.        , 2.15893126],
       [0.        , 2.15980911],
       [0.        , 2.16180778],
       [0.        , 2.16345382],
       [0.        , 2.16472554],
       [0.        , 2.17277312],
       [0.        , 2.17879725],
       [0.        , 2.18045855],
       [0.        , 2.18597937],
       [0.        , 2.19596434],
       [0.        , 2.20312476],
       [0.        , 2.20348501],
       [0.        , 2.20428205],
       [0.        , 2.20487118],
       [0.        , 2.20962119],
       [0.        , 2.20985579],
       [0.        , 2.21918416],
       [0.        , 2.22306228],
       [0.        , 2.22511172],
       [0.        , 2.22630453],
       [0.        , 2.22688079],
       [0.        , 2.23124838],
       [0.        , 2.23466587],
       [0.        , 2.24157977],
       [0.        , 2.24778247],
       [0.        ,        inf]]), array([[2.01100516, 2.01155353],
       [1.91665983, 1.9192555 ],
       [1.84556353, 1.85533714],
       [1.79648423, 1.82543945],
       [1.78359962, 1.7885952 ],
       [1.7660917 , 1.7806108 ]])]",True
147,2.245328903198242,0.010663032531738281,2.019274035278632,131.1,4.985207749585999,7,0.02895522117614746,0.014436125755310059,0.009167466844831194,0.24,1.4872666733183464,"[array([[0.        , 1.21763885],
       [0.        , 1.4371264 ],
       [0.        , 1.50050235],
       [0.        , 1.5276984 ],
       [0.        , 1.56075501],
       [0.        , 1.56762123],
       [0.        , 1.5756526 ],
       [0.        , 1.59647572],
       [0.        , 1.59732878],
       [0.        , 1.63222909],
       [0.        , 1.65235078],
       [0.        , 1.65699244],
       [0.        , 1.685745  ],
       [0.        , 1.69761336],
       [0.        , 1.70768595],
       [0.        , 1.70929575],
       [0.        , 1.71423686],
       [0.        , 1.7265836 ],
       [0.        , 1.72946203],
       [0.        , 1.75499403],
       [0.        , 1.7557739 ],
       [0.        , 1.7736516 ],
       [0.        , 1.77539909],
       [0.        , 1.78610659],
       [0.        , 1.79107094],
       [0.        , 1.79155624],
       [0.        , 1.80106235],
       [0.        , 1.8034842 ],
       [0.        , 1.81373537],
       [0.        , 1.84526014],
       [0.        , 1.84671748],
       [0.        , 1.86624229],
       [0.        , 1.90838575],
       [0.        , 1.91337478],
       [0.        , 1.92013252],
       [0.        , 1.93509984],
       [0.        , 1.94352698],
       [0.        , 1.95058262],
       [0.        , 1.95267034],
       [0.        , 1.96008956],
       [0.        , 1.96059465],
       [0.        , 1.96572685],
       [0.        , 1.98181832],
       [0.        , 1.99434733],
       [0.        , 1.99931061],
       [0.        , 2.00100923],
       [0.        , 2.00470781],
       [0.        , 2.01546216],
       [0.        , 2.02083921],
       [0.        , 2.02092099],
       [0.        , 2.0258038 ],
       [0.        , 2.03036046],
       [0.        , 2.03058481],
       [0.        , 2.03637695],
       [0.        , 2.0395937 ],
       [0.        , 2.03969002],
       [0.        , 2.03975034],
       [0.        , 2.0436542 ],
       [0.        , 2.04559135],
       [0.        , 2.06080222],
       [0.        , 2.0650053 ],
       [0.        , 2.06518173],
       [0.        , 2.06540775],
       [0.        , 2.06899405],
       [0.        , 2.07169318],
       [0.        , 2.07602096],
       [0.        , 2.07838488],
       [0.        , 2.07842445],
       [0.        , 2.07853556],
       [0.        , 2.08339953],
       [0.        , 2.08553839],
       [0.        , 2.0871551 ],
       [0.        , 2.09582663],
       [0.        , 2.09766865],
       [0.        , 2.09954023],
       [0.        , 2.10052919],
       [0.        , 2.10526919],
       [0.        , 2.11183429],
       [0.        , 2.1122725 ],
       [0.        , 2.11288309],
       [0.        , 2.11449552],
       [0.        , 2.11790848],
       [0.        , 2.11888766],
       [0.        , 2.11940765],
       [0.        , 2.11956429],
       [0.        , 2.12096119],
       [0.        , 2.12131596],
       [0.        , 2.12456012],
       [0.        , 2.12543035],
       [0.        , 2.12727642],
       [0.        , 2.13161111],
       [0.        , 2.13378739],
       [0.        , 2.13819861],
       [0.        , 2.13901687],
       [0.        , 2.14068389],
       [0.        , 2.14191079],
       [0.        , 2.14306831],
       [0.        , 2.14422202],
       [0.        , 2.14539886],
       [0.        , 2.14874005],
       [0.        , 2.14954662],
       [0.        , 2.15020084],
       [0.        , 2.15143609],
       [0.        , 2.15361881],
       [0.        , 2.15387225],
       [0.        , 2.15484715],
       [0.        , 2.1592617 ],
       [0.        , 2.15952706],
       [0.        , 2.15985823],
       [0.        , 2.16082239],
       [0.        , 2.16127324],
       [0.        , 2.1624589 ],
       [0.        , 2.16353106],
       [0.        , 2.16359258],
       [0.        , 2.16521573],
       [0.        , 2.16687608],
       [0.        , 2.16815257],
       [0.        , 2.16917896],
       [0.        , 2.17385387],
       [0.        , 2.17691064],
       [0.        , 2.17702127],
       [0.        , 2.18007112],
       [0.        , 2.18053675],
       [0.        , 2.18597937],
       [0.        , 2.18866825],
       [0.        , 2.18928003],
       [0.        , 2.18998146],
       [0.        , 2.19092488],
       [0.        , 2.19331551],
       [0.        , 2.19364977],
       [0.        , 2.19829512],
       [0.        , 2.19861031],
       [0.        , 2.19981503],
       [0.        , 2.20143437],
       [0.        , 2.20688152],
       [0.        , 2.20778084],
       [0.        , 2.20800519],
       [0.        , 2.21220326],
       [0.        , 2.21244478],
       [0.        , 2.21469593],
       [0.        , 2.21627474],
       [0.        , 2.21921492],
       [0.        , 2.21982503],
       [0.        , 2.22259736],
       [0.        , 2.22688079],
       [0.        , 2.23466587],
       [0.        , 2.2453289 ],
       [0.        ,        inf]]), array([[2.02184224, 2.02462697],
       [2.01100516, 2.01155353],
       [1.91665983, 1.9192555 ],
       [1.84556353, 1.85533714],
       [1.79648423, 1.82543945],
       [1.78359962, 1.7885952 ],
       [1.7660917 , 1.7806108 ]])]",True
81,2.24157977104187,0.006913900375366211,2.0247242524300093,72.42,4.389611509546324,2,0.02895522117614746,0.028406858444213867,0.014751791954040527,0.14,0.0924850797144974,"[array([[0.        , 1.48658133],
       [0.        , 1.50050235],
       [0.        , 1.5276984 ],
       [0.        , 1.53689873],
       [0.        , 1.61924696],
       [0.        , 1.62295961],
       [0.        , 1.65447342],
       [0.        , 1.65699244],
       [0.        , 1.70768595],
       [0.        , 1.76633525],
       [0.        , 1.78359962],
       [0.        , 1.78610659],
       [0.        , 1.79107094],
       [0.        , 1.79155624],
       [0.        , 1.84483862],
       [0.        , 1.86837685],
       [0.        , 1.88051307],
       [0.        , 1.90221179],
       [0.        , 1.94700778],
       [0.        , 1.95006311],
       [0.        , 1.96008956],
       [0.        , 1.96059465],
       [0.        , 1.98181832],
       [0.        , 1.98978388],
       [0.        , 1.99011052],
       [0.        , 2.00470781],
       [0.        , 2.00574136],
       [0.        , 2.01025462],
       [0.        , 2.02165651],
       [0.        , 2.03325915],
       [0.        , 2.03542757],
       [0.        , 2.03813744],
       [0.        , 2.0395937 ],
       [0.        , 2.04470396],
       [0.        , 2.04637074],
       [0.        , 2.06443596],
       [0.        , 2.06774354],
       [0.        , 2.07598472],
       [0.        , 2.07723498],
       [0.        , 2.07853556],
       [0.        , 2.08081198],
       [0.        , 2.08180428],
       [0.        , 2.09365058],
       [0.        , 2.1020503 ],
       [0.        , 2.10369468],
       [0.        , 2.11523342],
       [0.        , 2.13123727],
       [0.        , 2.13522649],
       [0.        , 2.13708043],
       [0.        , 2.13895392],
       [0.        , 2.13906145],
       [0.        , 2.13974285],
       [0.        , 2.14359903],
       [0.        , 2.14680958],
       [0.        , 2.14864779],
       [0.        , 2.14940763],
       [0.        , 2.15062404],
       [0.        , 2.15853596],
       [0.        , 2.16238475],
       [0.        , 2.16613102],
       [0.        , 2.17021012],
       [0.        , 2.18140912],
       [0.        , 2.18227243],
       [0.        , 2.18597937],
       [0.        , 2.18616462],
       [0.        , 2.18664122],
       [0.        , 2.18931794],
       [0.        , 2.19375491],
       [0.        , 2.19513369],
       [0.        , 2.19515872],
       [0.        , 2.19871211],
       [0.        , 2.19980693],
       [0.        , 2.20315146],
       [0.        , 2.2043066 ],
       [0.        , 2.20580697],
       [0.        , 2.20962119],
       [0.        , 2.21354055],
       [0.        , 2.22295904],
       [0.        , 2.22688079],
       [0.        , 2.23466587],
       [0.        , 2.24157977],
       [0.        ,        inf]]), array([[2.01100516, 2.01155353],
       [1.79648423, 1.82543945]])]",True
73,2.254225492477417,0.0063953399658203125,1.9687107360526308,63.14,4.283455501252046,6,0.07757687568664551,0.04862165451049805,0.0207408865292867,0.38,1.0673831511361216,"[array([[0.        , 1.21763885],
       [0.        , 1.4371264 ],
       [0.        , 1.5276984 ],
       [0.        , 1.5756526 ],
       [0.        , 1.59647572],
       [0.        , 1.63462257],
       [0.        , 1.64819396],
       [0.        , 1.65235078],
       [0.        , 1.65699244],
       [0.        , 1.69761336],
       [0.        , 1.70768595],
       [0.        , 1.70929575],
       [0.        , 1.7265836 ],
       [0.        , 1.72946203],
       [0.        , 1.7557739 ],
       [0.        , 1.77539909],
       [0.        , 1.78610659],
       [0.        , 1.79107094],
       [0.        , 1.80106235],
       [0.        , 1.8034842 ],
       [0.        , 1.81373537],
       [0.        , 1.81984484],
       [0.        , 1.84526014],
       [0.        , 1.86624229],
       [0.        , 1.90504086],
       [0.        , 1.91337478],
       [0.        , 1.92013252],
       [0.        , 1.9234072 ],
       [0.        , 1.92639875],
       [0.        , 1.95267034],
       [0.        , 1.96008956],
       [0.        , 1.96059465],
       [0.        , 1.9681803 ],
       [0.        , 1.98181832],
       [0.        , 2.00470781],
       [0.        , 2.01546216],
       [0.        , 2.03036046],
       [0.        , 2.03341079],
       [0.        , 2.03969002],
       [0.        , 2.05684733],
       [0.        , 2.0650053 ],
       [0.        , 2.06518173],
       [0.        , 2.06519318],
       [0.        , 2.06693387],
       [0.        , 2.0885613 ],
       [0.        , 2.10144496],
       [0.        , 2.10912871],
       [0.        , 2.11135101],
       [0.        , 2.11956429],
       [0.        , 2.12540841],
       [0.        , 2.13294578],
       [0.        , 2.14874005],
       [0.        , 2.15669513],
       [0.        , 2.16137934],
       [0.        , 2.16876411],
       [0.        , 2.17662191],
       [0.        , 2.18129277],
       [0.        , 2.18335128],
       [0.        , 2.1845994 ],
       [0.        , 2.18597937],
       [0.        , 2.19962859],
       [0.        , 2.20315146],
       [0.        , 2.20487118],
       [0.        , 2.21469593],
       [0.        , 2.22295904],
       [0.        , 2.22688079],
       [0.        , 2.23132348],
       [0.        , 2.23138404],
       [0.        , 2.23430729],
       [0.        , 2.23466587],
       [0.        , 2.24426055],
       [0.        , 2.24783015],
       [0.        , 2.25422549],
       [0.        ,        inf]]), array([[2.01203489, 2.08961177],
       [2.01100516, 2.01155353],
       [1.91665983, 1.9192555 ],
       [1.84556353, 1.85533714],
       [1.79648423, 1.82543945],
       [1.78359962, 1.7885952 ]])]",True
112,2.245328903198242,0.0037491321563720703,2.033442276929106,100.58,4.7142735769161925,4,0.02895522117614746,0.01317286491394043,0.014951258897781372,0.16,1.0894406417480462,"[array([[0.        , 1.48658133],
       [0.        , 1.50050235],
       [0.        , 1.56075501],
       [0.        , 1.5756526 ],
       [0.        , 1.61924696],
       [0.        , 1.62295961],
       [0.        , 1.64819396],
       [0.        , 1.65699244],
       [0.        , 1.70768595],
       [0.        , 1.70929575],
       [0.        , 1.7265836 ],
       [0.        , 1.72946203],
       [0.        , 1.75499403],
       [0.        , 1.7557739 ],
       [0.        , 1.78610659],
       [0.        , 1.79107094],
       [0.        , 1.79155624],
       [0.        , 1.84483862],
       [0.        , 1.84671748],
       [0.        , 1.87835872],
       [0.        , 1.89066958],
       [0.        , 1.90838575],
       [0.        , 1.91345978],
       [0.        , 1.92324412],
       [0.        , 1.93509984],
       [0.        , 1.94013143],
       [0.        , 1.943542  ],
       [0.        , 1.94535494],
       [0.        , 1.95058262],
       [0.        , 1.96008956],
       [0.        , 1.96059465],
       [0.        , 1.96911955],
       [0.        , 1.97745728],
       [0.        , 1.98181832],
       [0.        , 1.98902893],
       [0.        , 1.99668515],
       [0.        , 2.00100923],
       [0.        , 2.00470781],
       [0.        , 2.00541258],
       [0.        , 2.02092099],
       [0.        , 2.0258038 ],
       [0.        , 2.03058481],
       [0.        , 2.03534603],
       [0.        , 2.0395937 ],
       [0.        , 2.04299068],
       [0.        , 2.0436542 ],
       [0.        , 2.07500148],
       [0.        , 2.07602096],
       [0.        , 2.07748771],
       [0.        , 2.0817523 ],
       [0.        , 2.08308339],
       [0.        , 2.0871551 ],
       [0.        , 2.08775425],
       [0.        , 2.09386086],
       [0.        , 2.09439778],
       [0.        , 2.09582663],
       [0.        , 2.09671903],
       [0.        , 2.09766865],
       [0.        , 2.09954023],
       [0.        , 2.1020503 ],
       [0.        , 2.10267186],
       [0.        , 2.11183429],
       [0.        , 2.11202073],
       [0.        , 2.11790848],
       [0.        , 2.11940765],
       [0.        , 2.12096119],
       [0.        , 2.12131596],
       [0.        , 2.12515354],
       [0.        , 2.12543035],
       [0.        , 2.12810349],
       [0.        , 2.12991571],
       [0.        , 2.13378739],
       [0.        , 2.14049721],
       [0.        , 2.14306831],
       [0.        , 2.1460042 ],
       [0.        , 2.14954662],
       [0.        , 2.1547327 ],
       [0.        , 2.15484715],
       [0.        , 2.15952706],
       [0.        , 2.16132903],
       [0.        , 2.16359258],
       [0.        , 2.16521573],
       [0.        , 2.16815257],
       [0.        , 2.17396641],
       [0.        , 2.17691064],
       [0.        , 2.17695165],
       [0.        , 2.17702127],
       [0.        , 2.17732716],
       [0.        , 2.18007112],
       [0.        , 2.18597937],
       [0.        , 2.19092488],
       [0.        , 2.19331551],
       [0.        , 2.19829512],
       [0.        , 2.19861031],
       [0.        , 2.19981503],
       [0.        , 2.20097113],
       [0.        , 2.20143437],
       [0.        , 2.20391273],
       [0.        , 2.20778084],
       [0.        , 2.20800519],
       [0.        , 2.20861435],
       [0.        , 2.20962119],
       [0.        , 2.21220326],
       [0.        , 2.21337962],
       [0.        , 2.21469593],
       [0.        , 2.21627474],
       [0.        , 2.21921492],
       [0.        , 2.21982503],
       [0.        , 2.22688079],
       [0.        , 2.23466587],
       [0.        , 2.24157977],
       [0.        , 2.2453289 ],
       [0.        ,        inf]]), array([[2.11449552, 2.13027787],
       [2.01100516, 2.01155353],
       [1.79648423, 1.82543945],
       [1.7660917 , 1.7806108 ]])]",True
107,2.234665870666504,0.003417491912841797,2.006024731653873,95.1,4.668617958526302,4,0.07757687568664551,0.04862165451049805,0.03039988875389099,0.36,0.9065595465594224,"[array([[0.        , 1.21763885],
       [0.        , 1.56075501],
       [0.        , 1.5756526 ],
       [0.        , 1.63462257],
       [0.        , 1.64819396],
       [0.        , 1.65699244],
       [0.        , 1.67304981],
       [0.        , 1.69761336],
       [0.        , 1.70768595],
       [0.        , 1.70929575],
       [0.        , 1.7265836 ],
       [0.        , 1.72946203],
       [0.        , 1.75499403],
       [0.        , 1.7557739 ],
       [0.        , 1.78610659],
       [0.        , 1.79107094],
       [0.        , 1.81373537],
       [0.        , 1.81817877],
       [0.        , 1.81984484],
       [0.        , 1.82882655],
       [0.        , 1.8433857 ],
       [0.        , 1.84671748],
       [0.        , 1.88051164],
       [0.        , 1.89772367],
       [0.        , 1.89820266],
       [0.        , 1.91006947],
       [0.        , 1.9241395 ],
       [0.        , 1.96008956],
       [0.        , 1.96059465],
       [0.        , 1.96413541],
       [0.        , 1.97097707],
       [0.        , 1.97433877],
       [0.        , 1.97469604],
       [0.        , 1.97883749],
       [0.        , 1.98016822],
       [0.        , 1.98181832],
       [0.        , 1.99254453],
       [0.        , 1.99267936],
       [0.        , 2.00470781],
       [0.        , 2.01167607],
       [0.        , 2.01559043],
       [0.        , 2.01832366],
       [0.        , 2.01963401],
       [0.        , 2.02657223],
       [0.        , 2.03219962],
       [0.        , 2.03851104],
       [0.        , 2.04120874],
       [0.        , 2.04203057],
       [0.        , 2.04959893],
       [0.        , 2.05221295],
       [0.        , 2.05327082],
       [0.        , 2.05376506],
       [0.        , 2.05406809],
       [0.        , 2.06693387],
       [0.        , 2.06888008],
       [0.        , 2.0756588 ],
       [0.        , 2.07651925],
       [0.        , 2.07799411],
       [0.        , 2.08294034],
       [0.        , 2.0831356 ],
       [0.        , 2.08365822],
       [0.        , 2.08700299],
       [0.        , 2.08900833],
       [0.        , 2.09143233],
       [0.        , 2.0920155 ],
       [0.        , 2.09228992],
       [0.        , 2.09247398],
       [0.        , 2.09626412],
       [0.        , 2.09701657],
       [0.        , 2.09895706],
       [0.        , 2.09948325],
       [0.        , 2.10597706],
       [0.        , 2.10758209],
       [0.        , 2.10916305],
       [0.        , 2.10973668],
       [0.        , 2.11381197],
       [0.        , 2.11493516],
       [0.        , 2.11795712],
       [0.        , 2.12181878],
       [0.        , 2.12185264],
       [0.        , 2.12563491],
       [0.        , 2.12809396],
       [0.        , 2.13229799],
       [0.        , 2.13440895],
       [0.        , 2.13486123],
       [0.        , 2.13595581],
       [0.        , 2.14120102],
       [0.        , 2.14730549],
       [0.        , 2.1479187 ],
       [0.        , 2.15288234],
       [0.        , 2.15358448],
       [0.        , 2.15505004],
       [0.        , 2.15722322],
       [0.        , 2.18028116],
       [0.        , 2.18189573],
       [0.        , 2.18323708],
       [0.        , 2.18479371],
       [0.        , 2.18597937],
       [0.        , 2.1882925 ],
       [0.        , 2.19685197],
       [0.        , 2.21220326],
       [0.        , 2.21705937],
       [0.        , 2.22295904],
       [0.        , 2.22630453],
       [0.        , 2.22688079],
       [0.        , 2.23124838],
       [0.        , 2.23466587],
       [0.        ,        inf]]), array([[2.01203489, 2.08961177],
       [2.01100516, 2.01155353],
       [1.79648423, 1.82543945],
       [1.7660917 , 1.7806108 ]])]",True
172,2.24157977104187,0.0034384727478027344,2.041432964940404,155.32,5.143413630012915,3,0.02895522117614746,0.014436125755310059,0.014674226442972818,0.16,0.6960262320639133,"[array([[0.        , 1.21763885],
       [0.        , 1.48658133],
       [0.        , 1.49107373],
       [0.        , 1.50050235],
       [0.        , 1.56075501],
       [0.        , 1.5756526 ],
       [0.        , 1.62295961],
       [0.        , 1.65699244],
       [0.        , 1.67905593],
       [0.        , 1.69761336],
       [0.        , 1.70768595],
       [0.        , 1.70929575],
       [0.        , 1.7265836 ],
       [0.        , 1.72946203],
       [0.        , 1.72972155],
       [0.        , 1.75499403],
       [0.        , 1.7557739 ],
       [0.        , 1.77019811],
       [0.        , 1.77414489],
       [0.        , 1.78610659],
       [0.        , 1.79107094],
       [0.        , 1.79155624],
       [0.        , 1.8010534 ],
       [0.        , 1.8029269 ],
       [0.        , 1.82882655],
       [0.        , 1.8433857 ],
       [0.        , 1.84579301],
       [0.        , 1.87631428],
       [0.        , 1.87676966],
       [0.        , 1.88051164],
       [0.        , 1.88469589],
       [0.        , 1.91965699],
       [0.        , 1.95873845],
       [0.        , 1.96008956],
       [0.        , 1.96059465],
       [0.        , 1.96299124],
       [0.        , 1.96650505],
       [0.        , 1.96972847],
       [0.        , 1.97340119],
       [0.        , 1.98181832],
       [0.        , 1.9874649 ],
       [0.        , 1.99195361],
       [0.        , 1.99645805],
       [0.        , 2.00254297],
       [0.        , 2.0026114 ],
       [0.        , 2.00460958],
       [0.        , 2.00470781],
       [0.        , 2.01024032],
       [0.        , 2.01046205],
       [0.        , 2.01075935],
       [0.        , 2.01320791],
       [0.        , 2.0142951 ],
       [0.        , 2.01552868],
       [0.        , 2.02092099],
       [0.        , 2.02232337],
       [0.        , 2.02317476],
       [0.        , 2.02353716],
       [0.        , 2.02751303],
       [0.        , 2.03388834],
       [0.        , 2.03542757],
       [0.        , 2.0395937 ],
       [0.        , 2.04326797],
       [0.        , 2.04583955],
       [0.        , 2.04795194],
       [0.        , 2.05087781],
       [0.        , 2.05150676],
       [0.        , 2.05316973],
       [0.        , 2.05577874],
       [0.        , 2.06180239],
       [0.        , 2.0622108 ],
       [0.        , 2.06291318],
       [0.        , 2.06380701],
       [0.        , 2.06392837],
       [0.        , 2.06451464],
       [0.        , 2.06722999],
       [0.        , 2.07166862],
       [0.        , 2.0756588 ],
       [0.        , 2.0789113 ],
       [0.        , 2.08360887],
       [0.        , 2.08557439],
       [0.        , 2.08700299],
       [0.        , 2.0913229 ],
       [0.        , 2.0921917 ],
       [0.        , 2.09228992],
       [0.        , 2.09348655],
       [0.        , 2.09697104],
       [0.        , 2.09713435],
       [0.        , 2.09822941],
       [0.        , 2.09948468],
       [0.        , 2.10365009],
       [0.        , 2.10366654],
       [0.        , 2.10526919],
       [0.        , 2.10751581],
       [0.        , 2.10780478],
       [0.        , 2.10874772],
       [0.        , 2.11350322],
       [0.        , 2.11358333],
       [0.        , 2.11523342],
       [0.        , 2.11628366],
       [0.        , 2.11681676],
       [0.        , 2.11730123],
       [0.        , 2.11818337],
       [0.        , 2.12494302],
       [0.        , 2.12727642],
       [0.        , 2.13054109],
       [0.        , 2.13172936],
       [0.        , 2.13220453],
       [0.        , 2.13608289],
       [0.        , 2.13702488],
       [0.        , 2.1380887 ],
       [0.        , 2.1390698 ],
       [0.        , 2.14349127],
       [0.        , 2.14418268],
       [0.        , 2.14743471],
       [0.        , 2.15000725],
       [0.        , 2.15093565],
       [0.        , 2.15099502],
       [0.        , 2.15263677],
       [0.        , 2.15387583],
       [0.        , 2.15454531],
       [0.        , 2.15457726],
       [0.        , 2.15689397],
       [0.        , 2.15917683],
       [0.        , 2.16049194],
       [0.        , 2.16126442],
       [0.        , 2.16251564],
       [0.        , 2.16766   ],
       [0.        , 2.16782904],
       [0.        , 2.16818404],
       [0.        , 2.16840696],
       [0.        , 2.16862965],
       [0.        , 2.16923356],
       [0.        , 2.17196155],
       [0.        , 2.17202044],
       [0.        , 2.17249274],
       [0.        , 2.1728127 ],
       [0.        , 2.17396736],
       [0.        , 2.17411685],
       [0.        , 2.17646122],
       [0.        , 2.18186307],
       [0.        , 2.18597937],
       [0.        , 2.18656754],
       [0.        , 2.1875    ],
       [0.        , 2.1905427 ],
       [0.        , 2.19258404],
       [0.        , 2.19303942],
       [0.        , 2.19316936],
       [0.        , 2.19685197],
       [0.        , 2.19776535],
       [0.        , 2.19795966],
       [0.        , 2.19856477],
       [0.        , 2.19904375],
       [0.        , 2.20097113],
       [0.        , 2.20295262],
       [0.        , 2.20312476],
       [0.        , 2.20348501],
       [0.        , 2.20541906],
       [0.        , 2.20580697],
       [0.        , 2.20742154],
       [0.        , 2.20908308],
       [0.        , 2.20962119],
       [0.        , 2.20998883],
       [0.        , 2.2121172 ],
       [0.        , 2.2131846 ],
       [0.        , 2.21769738],
       [0.        , 2.21898317],
       [0.        , 2.22618675],
       [0.        , 2.22688079],
       [0.        , 2.22763276],
       [0.        , 2.23466587],
       [0.        , 2.2381413 ],
       [0.        , 2.24157977],
       [0.        ,        inf]]), array([[2.01100516, 2.01155353],
       [1.79648423, 1.82543945],
       [1.7660917 , 1.7806108 ]])]",False
67,2.24157977104187,0.006913900375366211,2.0045559779921573,59.4,4.199222642254886,5,0.02895522117614746,0.008990764617919922,0.014326786994934082,0.2,1.3218447021721935,"[array([[0.        , 1.48658133],
       [0.        , 1.50050235],
       [0.        , 1.56075501],
       [0.        , 1.61924696],
       [0.        , 1.62295961],
       [0.        , 1.63462257],
       [0.        , 1.65699244],
       [0.        , 1.70768595],
       [0.        , 1.70929575],
       [0.        , 1.7265836 ],
       [0.        , 1.72946203],
       [0.        , 1.72972155],
       [0.        , 1.7557739 ],
       [0.        , 1.78610659],
       [0.        , 1.79107094],
       [0.        , 1.79155624],
       [0.        , 1.84483862],
       [0.        , 1.87725806],
       [0.        , 1.94888175],
       [0.        , 1.96008956],
       [0.        , 1.96059465],
       [0.        , 1.96299124],
       [0.        , 1.98181832],
       [0.        , 2.00470781],
       [0.        , 2.01361704],
       [0.        , 2.0395937 ],
       [0.        , 2.04064131],
       [0.        , 2.04659915],
       [0.        , 2.04881978],
       [0.        , 2.07336283],
       [0.        , 2.07414055],
       [0.        , 2.0764277 ],
       [0.        , 2.07851958],
       [0.        , 2.09542203],
       [0.        , 2.1083951 ],
       [0.        , 2.10855269],
       [0.        , 2.10958099],
       [0.        , 2.11358333],
       [0.        , 2.12069702],
       [0.        , 2.12181878],
       [0.        , 2.12727642],
       [0.        , 2.12858009],
       [0.        , 2.13222384],
       [0.        , 2.13535953],
       [0.        , 2.13793182],
       [0.        , 2.14349127],
       [0.        , 2.14764476],
       [0.        , 2.14887524],
       [0.        , 2.15170741],
       [0.        , 2.15335345],
       [0.        , 2.15457726],
       [0.        , 2.15729499],
       [0.        , 2.15784335],
       [0.        , 2.16049194],
       [0.        , 2.16497636],
       [0.        , 2.17396736],
       [0.        , 2.18045855],
       [0.        , 2.18597937],
       [0.        , 2.19147539],
       [0.        , 2.19331551],
       [0.        , 2.20962119],
       [0.        , 2.21364093],
       [0.        , 2.21440625],
       [0.        , 2.21776342],
       [0.        , 2.22688079],
       [0.        , 2.23466587],
       [0.        , 2.24157977],
       [0.        ,        inf]]), array([[2.13107753, 2.13872433],
       [2.06964731, 2.08961177],
       [2.01100516, 2.01155353],
       [1.79648423, 1.82543945],
       [1.7660917 , 1.7806108 ]])]",True
224,2.2541823387145996,0.00635218620300293,2.050948287759508,201.78,5.408479455852617,9,0.08970129489898682,0.01603233814239502,0.027091224988301594,0.52,1.6289295176439507,"[array([[0.        , 1.36758363],
       [0.        , 1.50050235],
       [0.        , 1.56075501],
       [0.        , 1.5756526 ],
       [0.        , 1.63462257],
       [0.        , 1.64819396],
       [0.        , 1.65699244],
       [0.        , 1.67304981],
       [0.        , 1.67745805],
       [0.        , 1.67905593],
       [0.        , 1.69761336],
       [0.        , 1.70768595],
       [0.        , 1.70929575],
       [0.        , 1.71155655],
       [0.        , 1.7265836 ],
       [0.        , 1.72946203],
       [0.        , 1.72972155],
       [0.        , 1.75499403],
       [0.        , 1.7557739 ],
       [0.        , 1.77019811],
       [0.        , 1.77414489],
       [0.        , 1.78610659],
       [0.        , 1.79107094],
       [0.        , 1.79155624],
       [0.        , 1.8010534 ],
       [0.        , 1.8029269 ],
       [0.        , 1.82882655],
       [0.        , 1.8433857 ],
       [0.        , 1.84412372],
       [0.        , 1.84579301],
       [0.        , 1.84671748],
       [0.        , 1.87348056],
       [0.        , 1.87631428],
       [0.        , 1.88051164],
       [0.        , 1.89269435],
       [0.        , 1.90838575],
       [0.        , 1.91166127],
       [0.        , 1.92616236],
       [0.        , 1.95873845],
       [0.        , 1.95930636],
       [0.        , 1.96008956],
       [0.        , 1.96059465],
       [0.        , 1.96491098],
       [0.        , 1.96605027],
       [0.        , 1.96959603],
       [0.        , 1.97095406],
       [0.        , 1.97628629],
       [0.        , 1.98020506],
       [0.        , 1.98181832],
       [0.        , 1.98545325],
       [0.        , 1.98652315],
       [0.        , 1.99195361],
       [0.        , 1.99430883],
       [0.        , 1.99471736],
       [0.        , 2.0026114 ],
       [0.        , 2.00460958],
       [0.        , 2.00470781],
       [0.        , 2.00498509],
       [0.        , 2.00935292],
       [0.        , 2.01023483],
       [0.        , 2.01024032],
       [0.        , 2.01322675],
       [0.        , 2.01471376],
       [0.        , 2.01552868],
       [0.        , 2.01611233],
       [0.        , 2.01942134],
       [0.        , 2.02092099],
       [0.        , 2.02199626],
       [0.        , 2.02232337],
       [0.        , 2.02656388],
       [0.        , 2.03214455],
       [0.        , 2.03542757],
       [0.        , 2.03691864],
       [0.        , 2.0395937 ],
       [0.        , 2.04213619],
       [0.        , 2.04326797],
       [0.        , 2.04476929],
       [0.        , 2.04795194],
       [0.        , 2.05087781],
       [0.        , 2.05150676],
       [0.        , 2.05316973],
       [0.        , 2.05479121],
       [0.        , 2.05696583],
       [0.        , 2.05816317],
       [0.        , 2.05950665],
       [0.        , 2.06148767],
       [0.        , 2.06166697],
       [0.        , 2.06180239],
       [0.        , 2.06199861],
       [0.        , 2.0622108 ],
       [0.        , 2.06392837],
       [0.        , 2.06451464],
       [0.        , 2.06722999],
       [0.        , 2.06744599],
       [0.        , 2.06760097],
       [0.        , 2.07012415],
       [0.        , 2.07166862],
       [0.        , 2.07551575],
       [0.        , 2.08175755],
       [0.        , 2.08500004],
       [0.        , 2.08557439],
       [0.        , 2.08700299],
       [0.        , 2.0871551 ],
       [0.        , 2.08748817],
       [0.        , 2.08850718],
       [0.        , 2.08890033],
       [0.        , 2.0921917 ],
       [0.        , 2.09228992],
       [0.        , 2.09348655],
       [0.        , 2.09697104],
       [0.        , 2.09713435],
       [0.        , 2.09766865],
       [0.        , 2.09822941],
       [0.        , 2.09948468],
       [0.        , 2.09984708],
       [0.        , 2.10283232],
       [0.        , 2.10366654],
       [0.        , 2.10368085],
       [0.        , 2.10746002],
       [0.        , 2.10751581],
       [0.        , 2.10863423],
       [0.        , 2.10874772],
       [0.        , 2.11015487],
       [0.        , 2.11342239],
       [0.        , 2.11390543],
       [0.        , 2.11429381],
       [0.        , 2.11516929],
       [0.        , 2.11581969],
       [0.        , 2.11687398],
       [0.        , 2.11730123],
       [0.        , 2.11790848],
       [0.        , 2.11901784],
       [0.        , 2.12101603],
       [0.        , 2.12215281],
       [0.        , 2.12262511],
       [0.        , 2.12289166],
       [0.        , 2.1232481 ],
       [0.        , 2.12565613],
       [0.        , 2.12858725],
       [0.        , 2.12861657],
       [0.        , 2.12924647],
       [0.        , 2.13054109],
       [0.        , 2.13220453],
       [0.        , 2.13510895],
       [0.        , 2.13532639],
       [0.        , 2.13552427],
       [0.        , 2.13598084],
       [0.        , 2.13643074],
       [0.        , 2.1390698 ],
       [0.        , 2.14418268],
       [0.        , 2.14662647],
       [0.        , 2.14764476],
       [0.        , 2.14848924],
       [0.        , 2.14968586],
       [0.        , 2.15000725],
       [0.        , 2.15027618],
       [0.        , 2.15099502],
       [0.        , 2.15170741],
       [0.        , 2.15234971],
       [0.        , 2.15263677],
       [0.        , 2.15282011],
       [0.        , 2.15387583],
       [0.        , 2.15457726],
       [0.        , 2.15533924],
       [0.        , 2.15689397],
       [0.        , 2.15892601],
       [0.        , 2.15957069],
       [0.        , 2.16187239],
       [0.        , 2.16251564],
       [0.        , 2.16370654],
       [0.        , 2.16486883],
       [0.        , 2.16684508],
       [0.        , 2.16766   ],
       [0.        , 2.16770816],
       [0.        , 2.16818404],
       [0.        , 2.16840696],
       [0.        , 2.16862965],
       [0.        , 2.17047191],
       [0.        , 2.17196155],
       [0.        , 2.17221045],
       [0.        , 2.17249274],
       [0.        , 2.1728127 ],
       [0.        , 2.17646122],
       [0.        , 2.17726803],
       [0.        , 2.17790341],
       [0.        , 2.18186307],
       [0.        , 2.18246675],
       [0.        , 2.18611789],
       [0.        , 2.18647051],
       [0.        , 2.18656754],
       [0.        , 2.1873188 ],
       [0.        , 2.18869376],
       [0.        , 2.18871474],
       [0.        , 2.1905427 ],
       [0.        , 2.19147539],
       [0.        , 2.19258404],
       [0.        , 2.19331551],
       [0.        , 2.19685197],
       [0.        , 2.19795966],
       [0.        , 2.19856477],
       [0.        , 2.19871211],
       [0.        , 2.19904375],
       [0.        , 2.20167875],
       [0.        , 2.20312476],
       [0.        , 2.20315146],
       [0.        , 2.20348501],
       [0.        , 2.20537782],
       [0.        , 2.20561337],
       [0.        , 2.20580697],
       [0.        , 2.20742154],
       [0.        , 2.20908308],
       [0.        , 2.2131846 ],
       [0.        , 2.21404457],
       [0.        , 2.22082281],
       [0.        , 2.22332525],
       [0.        , 2.22618675],
       [0.        , 2.22624326],
       [0.        , 2.22763276],
       [0.        , 2.22922564],
       [0.        , 2.23499918],
       [0.        , 2.2381413 ],
       [0.        , 2.24157977],
       [0.        , 2.24783015],
       [0.        , 2.25418234],
       [0.        ,        inf]]), array([[2.22970295, 2.23322296],
       [2.16923356, 2.17346525],
       [2.06964731, 2.08456326],
       [2.01203489, 2.08570385],
       [2.01100516, 2.01155353],
       [1.99991047, 2.08961177],
       [1.94684386, 1.96060431],
       [1.79648423, 1.82543945],
       [1.7660917 , 1.7806108 ]])]",False
174,2.250974416732788,0.012833118438720703,2.039429369329036,156.2,5.155288951174413,4,0.02895522117614746,0.014436125755310059,0.013700336217880249,0.18,1.0549015032667979,"[array([[0.        , 1.21763885],
       [0.        , 1.50050235],
       [0.        , 1.56075501],
       [0.        , 1.5756526 ],
       [0.        , 1.6373446 ],
       [0.        , 1.64819396],
       [0.        , 1.65699244],
       [0.        , 1.67304981],
       [0.        , 1.67905593],
       [0.        , 1.69761336],
       [0.        , 1.70768595],
       [0.        , 1.70929575],
       [0.        , 1.7265836 ],
       [0.        , 1.72946203],
       [0.        , 1.72972155],
       [0.        , 1.75499403],
       [0.        , 1.7557739 ],
       [0.        , 1.77019811],
       [0.        , 1.77414489],
       [0.        , 1.78610659],
       [0.        , 1.79107094],
       [0.        , 1.79155624],
       [0.        , 1.8010534 ],
       [0.        , 1.8029269 ],
       [0.        , 1.81373537],
       [0.        , 1.82882655],
       [0.        , 1.8433857 ],
       [0.        , 1.84579301],
       [0.        , 1.87631428],
       [0.        , 1.87676966],
       [0.        , 1.88051164],
       [0.        , 1.88398516],
       [0.        , 1.94013143],
       [0.        , 1.94046426],
       [0.        , 1.94510925],
       [0.        , 1.94889605],
       [0.        , 1.95873845],
       [0.        , 1.96008956],
       [0.        , 1.96059465],
       [0.        , 1.97433877],
       [0.        , 1.97574365],
       [0.        , 1.98181832],
       [0.        , 1.9874649 ],
       [0.        , 1.9893496 ],
       [0.        , 1.99195361],
       [0.        , 1.99267936],
       [0.        , 1.99645805],
       [0.        , 2.00099325],
       [0.        , 2.0026114 ],
       [0.        , 2.00460958],
       [0.        , 2.00470781],
       [0.        , 2.01024032],
       [0.        , 2.01046205],
       [0.        , 2.0142951 ],
       [0.        , 2.01552868],
       [0.        , 2.02317476],
       [0.        , 2.02474332],
       [0.        , 2.02751303],
       [0.        , 2.03542757],
       [0.        , 2.03667521],
       [0.        , 2.04326797],
       [0.        , 2.04795194],
       [0.        , 2.05087781],
       [0.        , 2.05150676],
       [0.        , 2.05316401],
       [0.        , 2.05316973],
       [0.        , 2.05327082],
       [0.        , 2.05462241],
       [0.        , 2.06017375],
       [0.        , 2.06180239],
       [0.        , 2.0622108 ],
       [0.        , 2.06380033],
       [0.        , 2.06392837],
       [0.        , 2.06451464],
       [0.        , 2.06693387],
       [0.        , 2.06720638],
       [0.        , 2.06722999],
       [0.        , 2.07092977],
       [0.        , 2.07166862],
       [0.        , 2.07408428],
       [0.        , 2.0756588 ],
       [0.        , 2.0789113 ],
       [0.        , 2.08470941],
       [0.        , 2.08557439],
       [0.        , 2.08700299],
       [0.        , 2.08708715],
       [0.        , 2.0913229 ],
       [0.        , 2.0921917 ],
       [0.        , 2.09228992],
       [0.        , 2.09307671],
       [0.        , 2.09348655],
       [0.        , 2.09697104],
       [0.        , 2.09713435],
       [0.        , 2.09822941],
       [0.        , 2.09948468],
       [0.        , 2.10017586],
       [0.        , 2.1020503 ],
       [0.        , 2.10366654],
       [0.        , 2.1064949 ],
       [0.        , 2.10751581],
       [0.        , 2.10874772],
       [0.        , 2.11599731],
       [0.        , 2.11628366],
       [0.        , 2.11681676],
       [0.        , 2.11730123],
       [0.        , 2.11894178],
       [0.        , 2.12494302],
       [0.        , 2.12727642],
       [0.        , 2.12732315],
       [0.        , 2.12939334],
       [0.        , 2.13054109],
       [0.        , 2.13209295],
       [0.        , 2.13220453],
       [0.        , 2.13395452],
       [0.        , 2.13524771],
       [0.        , 2.13598084],
       [0.        , 2.1390698 ],
       [0.        , 2.14159322],
       [0.        , 2.14418268],
       [0.        , 2.14723301],
       [0.        , 2.15000725],
       [0.        , 2.15099502],
       [0.        , 2.15263677],
       [0.        , 2.15387583],
       [0.        , 2.15457726],
       [0.        , 2.15689397],
       [0.        , 2.15920997],
       [0.        , 2.16201043],
       [0.        , 2.16251564],
       [0.        , 2.16465259],
       [0.        , 2.16632867],
       [0.        , 2.16766   ],
       [0.        , 2.16782904],
       [0.        , 2.16818404],
       [0.        , 2.16840696],
       [0.        , 2.16848421],
       [0.        , 2.16862965],
       [0.        , 2.16923356],
       [0.        , 2.17196155],
       [0.        , 2.17249274],
       [0.        , 2.1728127 ],
       [0.        , 2.17411685],
       [0.        , 2.1742878 ],
       [0.        , 2.17527509],
       [0.        , 2.17646122],
       [0.        , 2.18186307],
       [0.        , 2.18580914],
       [0.        , 2.18597937],
       [0.        , 2.18611789],
       [0.        , 2.18656754],
       [0.        , 2.1905427 ],
       [0.        , 2.19258404],
       [0.        , 2.19303942],
       [0.        , 2.19316936],
       [0.        , 2.19685197],
       [0.        , 2.19795966],
       [0.        , 2.19856477],
       [0.        , 2.19904375],
       [0.        , 2.20312476],
       [0.        , 2.20348501],
       [0.        , 2.20487118],
       [0.        , 2.20580697],
       [0.        , 2.20742154],
       [0.        , 2.20908308],
       [0.        , 2.2131846 ],
       [0.        , 2.21769738],
       [0.        , 2.21898317],
       [0.        , 2.22295904],
       [0.        , 2.22618675],
       [0.        , 2.22688079],
       [0.        , 2.22763276],
       [0.        , 2.23466587],
       [0.        , 2.2381413 ],
       [0.        , 2.25097442],
       [0.        ,        inf]]), array([[2.03370261, 2.04448128],
       [2.01100516, 2.01155353],
       [1.79648423, 1.82543945],
       [1.7660917 , 1.7806108 ]])]",True
71,2.234665870666504,0.00778508186340332,2.0033475546769695,63.02,4.257609825115399,3,0.07757687568664551,0.04862165451049805,0.03569348653157552,0.34,0.6141613501365079,"[array([[0.        , 1.21763885],
       [0.        , 1.63462257],
       [0.        , 1.64819396],
       [0.        , 1.65699244],
       [0.        , 1.67304981],
       [0.        , 1.69761336],
       [0.        , 1.70768595],
       [0.        , 1.70929575],
       [0.        , 1.7265836 ],
       [0.        , 1.72946203],
       [0.        , 1.7557739 ],
       [0.        , 1.77539909],
       [0.        , 1.78610659],
       [0.        , 1.79107094],
       [0.        , 1.81373537],
       [0.        , 1.81984484],
       [0.        , 1.8433857 ],
       [0.        , 1.91337478],
       [0.        , 1.92888141],
       [0.        , 1.93412364],
       [0.        , 1.94292152],
       [0.        , 1.96059465],
       [0.        , 1.97511208],
       [0.        , 1.98016822],
       [0.        , 1.98181832],
       [0.        , 1.9874649 ],
       [0.        , 1.99992895],
       [0.        , 2.00222373],
       [0.        , 2.00470781],
       [0.        , 2.00913954],
       [0.        , 2.011168  ],
       [0.        , 2.01639318],
       [0.        , 2.0379529 ],
       [0.        , 2.04178405],
       [0.        , 2.05400038],
       [0.        , 2.06198406],
       [0.        , 2.06199408],
       [0.        , 2.06888008],
       [0.        , 2.07295799],
       [0.        , 2.08117986],
       [0.        , 2.08294034],
       [0.        , 2.08324862],
       [0.        , 2.10501933],
       [0.        , 2.10603619],
       [0.        , 2.11799717],
       [0.        , 2.12126756],
       [0.        , 2.12809396],
       [0.        , 2.13229799],
       [0.        , 2.13347268],
       [0.        , 2.14173675],
       [0.        , 2.14281869],
       [0.        , 2.15358448],
       [0.        , 2.15639639],
       [0.        , 2.15669513],
       [0.        , 2.16552472],
       [0.        , 2.17437792],
       [0.        , 2.17868209],
       [0.        , 2.18257213],
       [0.        , 2.18323708],
       [0.        , 2.18597937],
       [0.        , 2.18656969],
       [0.        , 2.18977261],
       [0.        , 2.19308186],
       [0.        , 2.19334626],
       [0.        , 2.20509553],
       [0.        , 2.20861435],
       [0.        , 2.20968628],
       [0.        , 2.21981668],
       [0.        , 2.22295904],
       [0.        , 2.22688079],
       [0.        , 2.23466587],
       [0.        ,        inf]]), array([[2.01203489, 2.08961177],
       [2.01100516, 2.01155353],
       [1.79648423, 1.82543945]])]",False
85,2.24157977104187,0.004294872283935547,2.0033690747092754,75.22,4.436670359618047,6,0.08970129489898682,0.01603233814239502,0.039346396923065186,0.78,1.431284605777141,"[array([[0.        , 1.48658133],
       [0.        , 1.50050235],
       [0.        , 1.5756526 ],
       [0.        , 1.61924696],
       [0.        , 1.62295961],
       [0.        , 1.63462257],
       [0.        , 1.64819396],
       [0.        , 1.65699244],
       [0.        , 1.67745805],
       [0.        , 1.67905593],
       [0.        , 1.68009913],
       [0.        , 1.68343854],
       [0.        , 1.68959582],
       [0.        , 1.69042754],
       [0.        , 1.70768595],
       [0.        , 1.70929575],
       [0.        , 1.7265836 ],
       [0.        , 1.72946203],
       [0.        , 1.74624395],
       [0.        , 1.7557739 ],
       [0.        , 1.77539909],
       [0.        , 1.78610659],
       [0.        , 1.84483862],
       [0.        , 1.91220725],
       [0.        , 1.91665983],
       [0.        , 1.93217945],
       [0.        , 1.9601264 ],
       [0.        , 1.96059465],
       [0.        , 1.98181832],
       [0.        , 1.9874649 ],
       [0.        , 2.00470781],
       [0.        , 2.00512147],
       [0.        , 2.0395937 ],
       [0.        , 2.04703259],
       [0.        , 2.05638909],
       [0.        , 2.05651402],
       [0.        , 2.05696583],
       [0.        , 2.06212139],
       [0.        , 2.06420016],
       [0.        , 2.06519318],
       [0.        , 2.07423663],
       [0.        , 2.07828331],
       [0.        , 2.08405232],
       [0.        , 2.08553839],
       [0.        , 2.0868392 ],
       [0.        , 2.09815812],
       [0.        , 2.1020503 ],
       [0.        , 2.10369468],
       [0.        , 2.10526919],
       [0.        , 2.10789919],
       [0.        , 2.11079121],
       [0.        , 2.11552715],
       [0.        , 2.12687683],
       [0.        , 2.14234829],
       [0.        , 2.15090919],
       [0.        , 2.157758  ],
       [0.        , 2.15877175],
       [0.        , 2.16727161],
       [0.        , 2.16935515],
       [0.        , 2.17101693],
       [0.        , 2.17594337],
       [0.        , 2.17695165],
       [0.        , 2.17905164],
       [0.        , 2.18438745],
       [0.        , 2.18479896],
       [0.        , 2.18597937],
       [0.        , 2.18656969],
       [0.        , 2.1899066 ],
       [0.        , 2.1905427 ],
       [0.        , 2.19867754],
       [0.        , 2.20312476],
       [0.        , 2.2032063 ],
       [0.        , 2.20745826],
       [0.        , 2.20962119],
       [0.        , 2.21003032],
       [0.        , 2.21705937],
       [0.        , 2.21729445],
       [0.        , 2.22062683],
       [0.        , 2.22295904],
       [0.        , 2.22422075],
       [0.        , 2.22579598],
       [0.        , 2.22688079],
       [0.        , 2.23466587],
       [0.        , 2.2372849 ],
       [0.        , 2.24157977],
       [0.        ,        inf]]), array([[2.06964731, 2.08456326],
       [2.01203489, 2.08570385],
       [2.01100516, 2.01155353],
       [1.99991047, 2.08961177],
       [1.79648423, 1.82543945],
       [1.79155624, 1.81984484]])]",True
125,2.234665870666504,0.00778508186340332,1.9884785823822022,110.18,4.823637548367058,10,0.08970129489898682,0.01603233814239502,0.024221384525299074,0.64,1.6456639799009503,"[array([[0.        , 1.48658133],
       [0.        , 1.5276984 ],
       [0.        , 1.56075501],
       [0.        , 1.5756526 ],
       [0.        , 1.60916722],
       [0.        , 1.61924696],
       [0.        , 1.62295961],
       [0.        , 1.62567163],
       [0.        , 1.63279319],
       [0.        , 1.63462257],
       [0.        , 1.64030313],
       [0.        , 1.64819396],
       [0.        , 1.65699244],
       [0.        , 1.67745805],
       [0.        , 1.69042754],
       [0.        , 1.70768595],
       [0.        , 1.70929575],
       [0.        , 1.7265836 ],
       [0.        , 1.72946203],
       [0.        , 1.75499403],
       [0.        , 1.7557739 ],
       [0.        , 1.78610659],
       [0.        , 1.7890563 ],
       [0.        , 1.79107094],
       [0.        , 1.8010534 ],
       [0.        , 1.80106235],
       [0.        , 1.8034842 ],
       [0.        , 1.8049649 ],
       [0.        , 1.81356204],
       [0.        , 1.81984484],
       [0.        , 1.8433857 ],
       [0.        , 1.84483862],
       [0.        , 1.87153375],
       [0.        , 1.88650215],
       [0.        , 1.9035908 ],
       [0.        , 1.90482116],
       [0.        , 1.9068861 ],
       [0.        , 1.92720628],
       [0.        , 1.92931509],
       [0.        , 1.94101059],
       [0.        , 1.94535494],
       [0.        , 1.96059465],
       [0.        , 1.96816671],
       [0.        , 1.97007179],
       [0.        , 1.97142327],
       [0.        , 1.98181832],
       [0.        , 1.98280478],
       [0.        , 1.98818099],
       [0.        , 1.98934007],
       [0.        , 1.99008048],
       [0.        , 2.00470781],
       [0.        , 2.01338983],
       [0.        , 2.0342176 ],
       [0.        , 2.03432155],
       [0.        , 2.0387435 ],
       [0.        , 2.03894615],
       [0.        , 2.0395937 ],
       [0.        , 2.04515815],
       [0.        , 2.04563761],
       [0.        , 2.04810691],
       [0.        , 2.05170035],
       [0.        , 2.06198406],
       [0.        , 2.06212139],
       [0.        , 2.0679965 ],
       [0.        , 2.06869483],
       [0.        , 2.07543015],
       [0.        , 2.07729506],
       [0.        , 2.07853556],
       [0.        , 2.08283377],
       [0.        , 2.09187841],
       [0.        , 2.09431434],
       [0.        , 2.09766865],
       [0.        , 2.1020503 ],
       [0.        , 2.10229492],
       [0.        , 2.10470343],
       [0.        , 2.10642195],
       [0.        , 2.10676908],
       [0.        , 2.1071918 ],
       [0.        , 2.11043143],
       [0.        , 2.11107254],
       [0.        , 2.11174393],
       [0.        , 2.11381197],
       [0.        , 2.11812878],
       [0.        , 2.11830401],
       [0.        , 2.11946774],
       [0.        , 2.12101603],
       [0.        , 2.12205553],
       [0.        , 2.12331438],
       [0.        , 2.12727642],
       [0.        , 2.12812185],
       [0.        , 2.12848735],
       [0.        , 2.12880993],
       [0.        , 2.12898517],
       [0.        , 2.13095951],
       [0.        , 2.13143754],
       [0.        , 2.13225937],
       [0.        , 2.13240814],
       [0.        , 2.13584924],
       [0.        , 2.13619876],
       [0.        , 2.14085221],
       [0.        , 2.14374709],
       [0.        , 2.14465737],
       [0.        , 2.14612484],
       [0.        , 2.14924431],
       [0.        , 2.15047884],
       [0.        , 2.15798926],
       [0.        , 2.15929127],
       [0.        , 2.16077447],
       [0.        , 2.16244912],
       [0.        , 2.16537666],
       [0.        , 2.17145133],
       [0.        , 2.17151928],
       [0.        , 2.17477584],
       [0.        , 2.17515063],
       [0.        , 2.18023777],
       [0.        , 2.1828723 ],
       [0.        , 2.18518209],
       [0.        , 2.18597937],
       [0.        , 2.18762803],
       [0.        , 2.18972039],
       [0.        , 2.19685197],
       [0.        , 2.20027304],
       [0.        , 2.21335101],
       [0.        , 2.22688079],
       [0.        , 2.23466587],
       [0.        ,        inf]]), array([[2.11449552, 2.12916684],
       [2.02184224, 2.02462697],
       [2.01203489, 2.08570385],
       [2.01100516, 2.01155353],
       [1.99991047, 2.08961177],
       [1.91665983, 1.9192555 ],
       [1.84556353, 1.85533714],
       [1.79648423, 1.82543945],
       [1.78359962, 1.7885952 ],
       [1.7660917 , 1.7806108 ]])]",True
140,2.234665870666504,0.009276866912841797,2.018617637668337,125.42,4.935768950022182,9,0.02895522117614746,0.008256196975708008,0.010817315843370225,0.22,1.847636117729641,"[array([[0.        , 1.21763885],
       [0.        , 1.36758363],
       [0.        , 1.48658133],
       [0.        , 1.49107373],
       [0.        , 1.50050235],
       [0.        , 1.5276984 ],
       [0.        , 1.56075501],
       [0.        , 1.56762123],
       [0.        , 1.5756526 ],
       [0.        , 1.59732878],
       [0.        , 1.63279319],
       [0.        , 1.64819396],
       [0.        , 1.65699244],
       [0.        , 1.69042754],
       [0.        , 1.69761336],
       [0.        , 1.69908237],
       [0.        , 1.70768595],
       [0.        , 1.70929575],
       [0.        , 1.7265836 ],
       [0.        , 1.72946203],
       [0.        , 1.75499403],
       [0.        , 1.7557739 ],
       [0.        , 1.78610659],
       [0.        , 1.79107094],
       [0.        , 1.79155624],
       [0.        , 1.80106235],
       [0.        , 1.8034842 ],
       [0.        , 1.8433857 ],
       [0.        , 1.84526014],
       [0.        , 1.84671748],
       [0.        , 1.88051164],
       [0.        , 1.91337478],
       [0.        , 1.92013252],
       [0.        , 1.94013143],
       [0.        , 1.94101059],
       [0.        , 1.94352698],
       [0.        , 1.95267034],
       [0.        , 1.96059465],
       [0.        , 1.96572685],
       [0.        , 1.96834683],
       [0.        , 1.97679675],
       [0.        , 1.98181832],
       [0.        , 1.98531985],
       [0.        , 1.99475837],
       [0.        , 1.99931061],
       [0.        , 1.99942052],
       [0.        , 2.00470781],
       [0.        , 2.01546216],
       [0.        , 2.0173409 ],
       [0.        , 2.02757215],
       [0.        , 2.03036046],
       [0.        , 2.03879833],
       [0.        , 2.0395937 ],
       [0.        , 2.03969002],
       [0.        , 2.05440855],
       [0.        , 2.05955958],
       [0.        , 2.06212139],
       [0.        , 2.06540775],
       [0.        , 2.06669235],
       [0.        , 2.07169318],
       [0.        , 2.07748771],
       [0.        , 2.07838488],
       [0.        , 2.07853556],
       [0.        , 2.08225513],
       [0.        , 2.08411264],
       [0.        , 2.08553839],
       [0.        , 2.10052919],
       [0.        , 2.1020503 ],
       [0.        , 2.10252976],
       [0.        , 2.10526919],
       [0.        , 2.10637903],
       [0.        , 2.11062264],
       [0.        , 2.11288309],
       [0.        , 2.1158247 ],
       [0.        , 2.11890197],
       [0.        , 2.12210631],
       [0.        , 2.1264751 ],
       [0.        , 2.13161111],
       [0.        , 2.13675737],
       [0.        , 2.13906145],
       [0.        , 2.14062572],
       [0.        , 2.14309335],
       [0.        , 2.14387822],
       [0.        , 2.14422202],
       [0.        , 2.14809203],
       [0.        , 2.14867067],
       [0.        , 2.1495316 ],
       [0.        , 2.15020084],
       [0.        , 2.15263557],
       [0.        , 2.15294409],
       [0.        , 2.15361881],
       [0.        , 2.15603471],
       [0.        , 2.15689397],
       [0.        , 2.15722322],
       [0.        , 2.15934992],
       [0.        , 2.15985823],
       [0.        , 2.16076827],
       [0.        , 2.16119885],
       [0.        , 2.16219473],
       [0.        , 2.16359258],
       [0.        , 2.16661263],
       [0.        , 2.16687608],
       [0.        , 2.16773796],
       [0.        , 2.16917896],
       [0.        , 2.17249274],
       [0.        , 2.17316079],
       [0.        , 2.17385387],
       [0.        , 2.1759901 ],
       [0.        , 2.18001413],
       [0.        , 2.18048167],
       [0.        , 2.18098259],
       [0.        , 2.18129277],
       [0.        , 2.18157864],
       [0.        , 2.18168569],
       [0.        , 2.18186307],
       [0.        , 2.18216324],
       [0.        , 2.18462467],
       [0.        , 2.18616462],
       [0.        , 2.18928003],
       [0.        , 2.18943024],
       [0.        , 2.18998146],
       [0.        , 2.19423866],
       [0.        , 2.19688654],
       [0.        , 2.19755101],
       [0.        , 2.19804406],
       [0.        , 2.19833231],
       [0.        , 2.19840693],
       [0.        , 2.19981503],
       [0.        , 2.20022464],
       [0.        , 2.20246387],
       [0.        , 2.20324183],
       [0.        , 2.20487118],
       [0.        , 2.20816755],
       [0.        , 2.21272111],
       [0.        , 2.21440625],
       [0.        , 2.21469593],
       [0.        , 2.21729445],
       [0.        , 2.2208271 ],
       [0.        , 2.225389  ],
       [0.        , 2.23466587],
       [0.        ,        inf]]), array([[2.11790848, 2.13039303],
       [2.02184224, 2.02462697],
       [2.01100516, 2.01155353],
       [1.91665983, 1.9192555 ],
       [1.84556353, 1.85533714],
       [1.79648423, 1.82543945],
       [1.78359962, 1.7885952 ],
       [1.7660917 , 1.7806108 ],
       [1.65235078, 1.67304981]])]",False
93,2.234665870666504,0.01545095443725586,2.0140980020646126,83.18,4.526872902041097,4,0.07091236114501953,0.04195713996887207,0.028733760118484497,0.36,0.932117847887993,"[array([[0.        , 1.21763885],
       [0.        , 1.36758363],
       [0.        , 1.56075501],
       [0.        , 1.5756526 ],
       [0.        , 1.64819396],
       [0.        , 1.65699244],
       [0.        , 1.67304981],
       [0.        , 1.67745805],
       [0.        , 1.69042754],
       [0.        , 1.69761336],
       [0.        , 1.70768595],
       [0.        , 1.70929575],
       [0.        , 1.7265836 ],
       [0.        , 1.72946203],
       [0.        , 1.72972155],
       [0.        , 1.7557739 ],
       [0.        , 1.76976335],
       [0.        , 1.78610659],
       [0.        , 1.79107094],
       [0.        , 1.81373537],
       [0.        , 1.81984484],
       [0.        , 1.88051164],
       [0.        , 1.89024687],
       [0.        , 1.91337478],
       [0.        , 1.96059465],
       [0.        , 1.98181832],
       [0.        , 1.9874649 ],
       [0.        , 1.98798466],
       [0.        , 1.98978388],
       [0.        , 2.00470781],
       [0.        , 2.00835395],
       [0.        , 2.01075935],
       [0.        , 2.01362753],
       [0.        , 2.01364875],
       [0.        , 2.01550055],
       [0.        , 2.05981994],
       [0.        , 2.06291318],
       [0.        , 2.06380701],
       [0.        , 2.07194972],
       [0.        , 2.07372785],
       [0.        , 2.08809376],
       [0.        , 2.0884428 ],
       [0.        , 2.08852363],
       [0.        , 2.09895802],
       [0.        , 2.1020503 ],
       [0.        , 2.10365009],
       [0.        , 2.10633206],
       [0.        , 2.10637903],
       [0.        , 2.10780478],
       [0.        , 2.10973835],
       [0.        , 2.11101842],
       [0.        , 2.11341453],
       [0.        , 2.11358333],
       [0.        , 2.11790848],
       [0.        , 2.1264751 ],
       [0.        , 2.13708043],
       [0.        , 2.13974285],
       [0.        , 2.14019513],
       [0.        , 2.14273524],
       [0.        , 2.14349127],
       [0.        , 2.14743471],
       [0.        , 2.14940763],
       [0.        , 2.15062404],
       [0.        , 2.15078449],
       [0.        , 2.15093565],
       [0.        , 2.1549499 ],
       [0.        , 2.15530205],
       [0.        , 2.15800667],
       [0.        , 2.15917683],
       [0.        , 2.16119885],
       [0.        , 2.16126442],
       [0.        , 2.16219473],
       [0.        , 2.16238475],
       [0.        , 2.16360092],
       [0.        , 2.16442323],
       [0.        , 2.17021012],
       [0.        , 2.17202044],
       [0.        , 2.18164301],
       [0.        , 2.18186307],
       [0.        , 2.19052052],
       [0.        , 2.19513369],
       [0.        , 2.19580245],
       [0.        , 2.19596434],
       [0.        , 2.19688654],
       [0.        , 2.19725323],
       [0.        , 2.19776535],
       [0.        , 2.19980693],
       [0.        , 2.20998883],
       [0.        , 2.2121172 ],
       [0.        , 2.21354055],
       [0.        , 2.21440625],
       [0.        , 2.21921492],
       [0.        , 2.23466587],
       [0.        ,        inf]]), array([[2.01479149, 2.08570385],
       [2.01100516, 2.01155353],
       [1.79648423, 1.82543945],
       [1.7660917 , 1.7806108 ]])]",True
138,2.245328903198242,0.0037491321563720703,2.0258380286935447,123.4,4.922898631941545,7,0.02895522117614746,0.008990764617919922,0.012008990560259138,0.22,1.603051129865262,"[array([[0.        , 1.48658133],
       [0.        , 1.50050235],
       [0.        , 1.5276984 ],
       [0.        , 1.56075501],
       [0.        , 1.5756526 ],
       [0.        , 1.61924696],
       [0.        , 1.62295961],
       [0.        , 1.63462257],
       [0.        , 1.64941728],
       [0.        , 1.65699244],
       [0.        , 1.67905593],
       [0.        , 1.69042754],
       [0.        , 1.70768595],
       [0.        , 1.70929575],
       [0.        , 1.7265836 ],
       [0.        , 1.72946203],
       [0.        , 1.72972155],
       [0.        , 1.7557739 ],
       [0.        , 1.78610659],
       [0.        , 1.79107094],
       [0.        , 1.79155624],
       [0.        , 1.8060379 ],
       [0.        , 1.82882655],
       [0.        , 1.84426653],
       [0.        , 1.84483862],
       [0.        , 1.84556353],
       [0.        , 1.87961626],
       [0.        , 1.88051164],
       [0.        , 1.88836396],
       [0.        , 1.90838575],
       [0.        , 1.91337478],
       [0.        , 1.93509984],
       [0.        , 1.93802845],
       [0.        , 1.94013143],
       [0.        , 1.94027662],
       [0.        , 1.94932628],
       [0.        , 1.95058262],
       [0.        , 1.95267034],
       [0.        , 1.96008956],
       [0.        , 1.96059465],
       [0.        , 1.97679675],
       [0.        , 1.98181832],
       [0.        , 1.99414134],
       [0.        , 2.00100923],
       [0.        , 2.00470781],
       [0.        , 2.01362753],
       [0.        , 2.01546216],
       [0.        , 2.01620555],
       [0.        , 2.02092099],
       [0.        , 2.02227783],
       [0.        , 2.0258038 ],
       [0.        , 2.02763677],
       [0.        , 2.03058481],
       [0.        , 2.03647995],
       [0.        , 2.0395937 ],
       [0.        , 2.04209876],
       [0.        , 2.0436542 ],
       [0.        , 2.04490089],
       [0.        , 2.05151463],
       [0.        , 2.060179  ],
       [0.        , 2.06212139],
       [0.        , 2.07194972],
       [0.        , 2.07589316],
       [0.        , 2.07602096],
       [0.        , 2.0798223 ],
       [0.        , 2.08258319],
       [0.        , 2.0871551 ],
       [0.        , 2.08904099],
       [0.        , 2.09157562],
       [0.        , 2.09582663],
       [0.        , 2.09766865],
       [0.        , 2.09895802],
       [0.        , 2.09954023],
       [0.        , 2.10046721],
       [0.        , 2.10105848],
       [0.        , 2.10366654],
       [0.        , 2.10633206],
       [0.        , 2.11084342],
       [0.        , 2.11183429],
       [0.        , 2.11449552],
       [0.        , 2.11940765],
       [0.        , 2.11972857],
       [0.        , 2.12096119],
       [0.        , 2.12131596],
       [0.        , 2.12512422],
       [0.        , 2.12515354],
       [0.        , 2.12543035],
       [0.        , 2.12571526],
       [0.        , 2.12674546],
       [0.        , 2.12727642],
       [0.        , 2.13078094],
       [0.        , 2.13347268],
       [0.        , 2.13378739],
       [0.        , 2.14118361],
       [0.        , 2.14306831],
       [0.        , 2.14362192],
       [0.        , 2.14751887],
       [0.        , 2.1479187 ],
       [0.        , 2.14954662],
       [0.        , 2.15484715],
       [0.        , 2.15496993],
       [0.        , 2.15722322],
       [0.        , 2.15800667],
       [0.        , 2.15952706],
       [0.        , 2.16137886],
       [0.        , 2.16360092],
       [0.        , 2.16442323],
       [0.        , 2.16815257],
       [0.        , 2.17691064],
       [0.        , 2.17702127],
       [0.        , 2.17905164],
       [0.        , 2.18007112],
       [0.        , 2.1856761 ],
       [0.        , 2.18597937],
       [0.        , 2.19092488],
       [0.        , 2.19271064],
       [0.        , 2.19331551],
       [0.        , 2.19513369],
       [0.        , 2.19580245],
       [0.        , 2.19829512],
       [0.        , 2.19861031],
       [0.        , 2.20143437],
       [0.        , 2.20243835],
       [0.        , 2.20778084],
       [0.        , 2.20800519],
       [0.        , 2.20878911],
       [0.        , 2.20962119],
       [0.        , 2.2154479 ],
       [0.        , 2.21627474],
       [0.        , 2.21921492],
       [0.        , 2.21982503],
       [0.        , 2.22688079],
       [0.        , 2.23289132],
       [0.        , 2.23466587],
       [0.        , 2.2347734 ],
       [0.        , 2.2372849 ],
       [0.        , 2.24157977],
       [0.        , 2.2453289 ],
       [0.        ,        inf]]), array([[2.11790848, 2.13039303],
       [2.06964731, 2.08961177],
       [2.01100516, 2.01155353],
       [1.91665983, 1.9192555 ],
       [1.79648423, 1.82543945],
       [1.78359962, 1.7885952 ],
       [1.7660917 , 1.7806108 ]])]",True
94,2.24157977104187,0.006913900375366211,1.973856045844707,82.12,4.535345068893041,8,0.08970129489898682,0.060746073722839355,0.021473482251167297,0.4,1.4508618937155264,"[array([[0.        , 1.21763885],
       [0.        , 1.4371264 ],
       [0.        , 1.44018292],
       [0.        , 1.46674025],
       [0.        , 1.48658133],
       [0.        , 1.49107373],
       [0.        , 1.5276984 ],
       [0.        , 1.56075501],
       [0.        , 1.5756526 ],
       [0.        , 1.59647572],
       [0.        , 1.62295961],
       [0.        , 1.63462257],
       [0.        , 1.65699244],
       [0.        , 1.67745805],
       [0.        , 1.69042754],
       [0.        , 1.69761336],
       [0.        , 1.70768595],
       [0.        , 1.70929575],
       [0.        , 1.7265836 ],
       [0.        , 1.72946203],
       [0.        , 1.72972155],
       [0.        , 1.7557739 ],
       [0.        , 1.77539909],
       [0.        , 1.78610659],
       [0.        , 1.79107094],
       [0.        , 1.8034842 ],
       [0.        , 1.81984484],
       [0.        , 1.82882655],
       [0.        , 1.84579301],
       [0.        , 1.90504086],
       [0.        , 1.91337478],
       [0.        , 1.9234072 ],
       [0.        , 1.96059465],
       [0.        , 1.98181832],
       [0.        , 1.9891119 ],
       [0.        , 1.98934007],
       [0.        , 1.99475837],
       [0.        , 2.00470781],
       [0.        , 2.01361704],
       [0.        , 2.02092099],
       [0.        , 2.02165651],
       [0.        , 2.02837682],
       [0.        , 2.03346038],
       [0.        , 2.0395937 ],
       [0.        , 2.05460119],
       [0.        , 2.06693387],
       [0.        , 2.06722999],
       [0.        , 2.07853556],
       [0.        , 2.0885613 ],
       [0.        , 2.08870411],
       [0.        , 2.10042739],
       [0.        , 2.10048437],
       [0.        , 2.10637903],
       [0.        , 2.10675669],
       [0.        , 2.10750151],
       [0.        , 2.10755777],
       [0.        , 2.11681676],
       [0.        , 2.120327  ],
       [0.        , 2.12956738],
       [0.        , 2.1295886 ],
       [0.        , 2.13320851],
       [0.        , 2.13393998],
       [0.        , 2.14328122],
       [0.        , 2.14941764],
       [0.        , 2.15526485],
       [0.        , 2.15774941],
       [0.        , 2.15901637],
       [0.        , 2.16100836],
       [0.        , 2.16238475],
       [0.        , 2.16446328],
       [0.        , 2.16500974],
       [0.        , 2.17078519],
       [0.        , 2.17211509],
       [0.        , 2.17774725],
       [0.        , 2.18011045],
       [0.        , 2.18045855],
       [0.        , 2.1841104 ],
       [0.        , 2.18597937],
       [0.        , 2.19781995],
       [0.        , 2.19782519],
       [0.        , 2.19840693],
       [0.        , 2.19962859],
       [0.        , 2.20487118],
       [0.        , 2.2062335 ],
       [0.        , 2.20962119],
       [0.        , 2.21046376],
       [0.        , 2.21220326],
       [0.        , 2.21440625],
       [0.        , 2.21665287],
       [0.        , 2.22511172],
       [0.        , 2.22688079],
       [0.        , 2.23124838],
       [0.        , 2.23466587],
       [0.        , 2.24157977],
       [0.        ,        inf]]), array([[2.01100516, 2.01155353],
       [1.99991047, 2.08961177],
       [1.91665983, 1.9192555 ],
       [1.84556353, 1.85533714],
       [1.79648423, 1.82543945],
       [1.78359962, 1.7885952 ],
       [1.7660917 , 1.7806108 ],
       [1.65235078, 1.67304981]])]",False
