,num_tokens,num_types,avg_word_length,char_count,ttr,cttr,herdan_c,simpson_div,yules_k,num_content_words,lexical_density,avg_polysemy,num_long_words,long_word_ratio,hapax_legomena,hapax_ratio,num_stopwords,stopword_ratio,noun_ratio,verb_ratio,adj_ratio,adv_ratio,entropy,top_word_freq,unique_bigram_approx
0,56,41,4.035714285714286,226,0.7321428571428571,3.874135848344579,0.9225459915096508,0.9674744897959183,146.68367346938774,29,0.5178571428571429,10.625,5,0.08928571428571429,32,0.5714285714285714,27,0.48214285714285715,0.25,0.21428571428571427,0.08928571428571429,0.017857142857142856,5.173251796980341,4,55
1,48,34,4.333333333333333,208,0.7083333333333334,3.470110468942836,0.9109215756763671,0.9565972222222222,225.69444444444446,28,0.5833333333333334,12.76923076923077,9,0.1875,27,0.5625,20,0.4166666666666667,0.3541666666666667,0.22916666666666666,0.041666666666666664,0.0,4.8430949908370575,5,47
2,48,37,4.75,228,0.7708333333333334,3.776296686790733,0.9327642513188371,0.967013888888889,121.52777777777777,31,0.6458333333333334,12.2,9,0.1875,29,0.6041666666666666,17,0.3541666666666667,0.3333333333333333,0.1875,0.10416666666666667,0.0625,5.07944869850261,3,47
3,64,43,4.015625,257,0.671875,3.8006989488776926,0.9043774591170164,0.95703125,273.4375,32,0.5,16.428571428571427,9,0.140625,35,0.546875,32,0.5,0.265625,0.109375,0.109375,0.078125,5.069548827786958,9,63
4,54,30,4.2407407407407405,229,0.5555555555555556,2.8867513459481287,0.8526475267785586,0.9396433470507544,418.38134430727024,32,0.5925925925925926,17.157894736842106,9,0.16666666666666666,21,0.3888888888888889,22,0.4074074074074074,0.2777777777777778,0.2222222222222222,0.09259259259259259,0.05555555555555555,4.496106604922042,8,53
5,49,35,4.653061224489796,228,0.7142857142857143,3.5355339059327378,0.9135437376734581,0.9604331528529779,191.5868388171595,28,0.5714285714285714,15.304347826086957,10,0.20408163265306123,27,0.5510204081632653,21,0.42857142857142855,0.22448979591836735,0.24489795918367346,0.061224489795918366,0.04081632653061224,4.923397538382,5,48
6,90,61,4.2555555555555555,383,0.6777777777777778,4.546671554249572,0.9135661650932877,0.9681481481481481,207.40740740740742,52,0.5777777777777777,11.933333333333334,16,0.17777777777777778,50,0.5555555555555556,38,0.4222222222222222,0.2777777777777778,0.2222222222222222,0.05555555555555555,0.0,5.549697679446654,9,89
7,67,35,4.014925373134329,269,0.5223880597014925,3.0235394895347603,0.8455666997138052,0.9538872800178213,311.873468478503,39,0.582089552238806,13.16,7,0.1044776119402985,19,0.2835820895522388,28,0.417910447761194,0.31343283582089554,0.11940298507462686,0.11940298507462686,0.014925373134328358,4.800227341008019,7,66
8,51,37,4.431372549019608,226,0.7254901960784313,3.663545909013695,0.918382006208717,0.9665513264129181,138.4083044982699,28,0.5490196078431373,10.56,10,0.19607843137254902,27,0.5294117647058824,23,0.45098039215686275,0.2549019607843137,0.19607843137254902,0.0784313725490196,0.0,5.064198871213579,3,50
9,59,45,4.440677966101695,262,0.7627118644067796,4.142585780542455,0.9335689842553747,0.9704108014938236,126.40045963803504,32,0.5423728813559322,11.0,12,0.2033898305084746,36,0.6101694915254238,27,0.4576271186440678,0.2542372881355932,0.2542372881355932,0.03389830508474576,0.03389830508474576,5.321297024298045,5,58
10,76,44,3.960526315789474,301,0.5789473684210527,3.568871264876776,0.8737988087874432,0.9629501385041551,238.9196675900277,38,0.5,9.21875,9,0.11842105263157894,32,0.42105263157894735,38,0.5,0.3026315789473684,0.15789473684210525,0.02631578947368421,0.05263157894736842,5.10840963273138,6,75
11,56,39,3.9642857142857144,222,0.6964285714285714,3.6851536118399655,0.9101221278532734,0.965561224489796,165.81632653061226,32,0.5714285714285714,10.307692307692308,4,0.07142857142857142,29,0.5178571428571429,24,0.42857142857142855,0.32142857142857145,0.16071428571428573,0.07142857142857142,0.017857142857142856,5.088343091584564,4,55
12,113,59,4.592920353982301,519,0.5221238938053098,3.924621620902662,0.8625349982427232,0.9659331192732399,252.17323204636227,66,0.584070796460177,10.095238095238095,17,0.1504424778761062,35,0.30973451327433627,47,0.415929203539823,0.26548672566371684,0.1504424778761062,0.11504424778761062,0.02654867256637168,5.441820937392374,13,112
13,58,39,4.103448275862069,238,0.6724137931034483,3.6210590944525114,0.9022566347105647,0.9607609988109393,219.97621878715813,33,0.5689655172413793,11.5,7,0.1206896551724138,30,0.5172413793103449,25,0.43103448275862066,0.27586206896551724,0.20689655172413793,0.05172413793103448,0.034482758620689655,5.012816339805953,6,57
14,46,32,4.934782608695652,227,0.6956521739130435,3.3362306249131963,0.9052129839002011,0.950850661625709,274.10207939508507,30,0.6521739130434783,15.0,12,0.2608695652173913,26,0.5652173913043478,16,0.34782608695652173,0.2608695652173913,0.2391304347826087,0.10869565217391304,0.0,4.714447152820628,5,45
15,57,37,4.0701754385964914,232,0.6491228070175439,3.4653675028522675,0.8931170231185874,0.9479839950754079,344.72145275469376,31,0.543859649122807,11.727272727272727,5,0.08771929824561403,29,0.5087719298245614,26,0.45614035087719296,0.2982456140350877,0.19298245614035087,0.05263157894736842,0.03508771929824561,4.821508602028869,9,56
16,48,38,3.9375,189,0.7916666666666666,3.878358759406699,0.9396531333497671,0.9635416666666667,156.25,26,0.5416666666666666,13.0,4,0.08333333333333333,33,0.6875,22,0.4583333333333333,0.2916666666666667,0.1875,0.020833333333333332,0.041666666666666664,5.06164134491358,5,47
17,55,41,4.1454545454545455,228,0.7454545454545455,3.9091966159069287,0.9266941117821922,0.9646280991735537,171.900826446281,29,0.5272727272727272,10.666666666666666,4,0.07272727272727272,34,0.6181818181818182,26,0.4727272727272727,0.21818181818181817,0.2545454545454545,0.03636363636363636,0.07272727272727272,5.133911704898533,5,54
18,83,55,4.626506024096385,384,0.6626506024096386,4.268827891384831,0.9068743457643473,0.9690811438525184,188.70663376397155,43,0.5180722891566265,13.88888888888889,14,0.1686746987951807,42,0.5060240963855421,40,0.4819277108433735,0.20481927710843373,0.26506024096385544,0.07228915662650602,0.04819277108433735,5.462094401096118,8,82
19,47,33,4.0638297872340425,191,0.7021276595744681,3.403690112654018,0.9081489654873212,0.9606156631960163,181.07741059302853,27,0.574468085106383,14.875,3,0.06382978723404255,24,0.5106382978723404,20,0.425531914893617,0.2978723404255319,0.23404255319148937,0.0,0.0851063829787234,4.868106670688481,4,46
20,57,29,3.807017543859649,217,0.5087719298245614,2.7160988535869124,0.8328600373623238,0.938134810710988,443.21329639889194,32,0.5614035087719298,14.157894736842104,3,0.05263157894736842,20,0.3508771929824561,25,0.43859649122807015,0.3508771929824561,0.19298245614035087,0.017543859649122806,0.0,4.421970989821403,7,56
21,71,36,3.8309859154929575,272,0.5070422535211268,3.0210528898680806,0.8406727790554601,0.9474310652648283,384.8442769291807,35,0.49295774647887325,18.857142857142858,2,0.028169014084507043,23,0.323943661971831,36,0.5070422535211268,0.323943661971831,0.15492957746478872,0.014084507042253521,0.0,4.721213007318475,8,70
22,82,36,3.792682926829268,311,0.43902439024390244,2.8111277139949093,0.8131942920304722,0.9541939321832242,336.10945865556215,41,0.5,16.82608695652174,2,0.024390243902439025,17,0.2073170731707317,41,0.5,0.3048780487804878,0.17073170731707318,0.036585365853658534,0.024390243902439025,4.795904291833802,8,81
23,88,57,3.8863636363636362,342,0.6477272727272727,4.296536660233132,0.9030036013285123,0.9666838842975206,219.52479338842974,43,0.48863636363636365,9.325,9,0.10227272727272728,45,0.5113636363636364,45,0.5113636363636364,0.2840909090909091,0.14772727272727273,0.056818181818181816,0.022727272727272728,5.45144043222551,10,87
24,88,57,4.215909090909091,371,0.6477272727272727,4.296536660233132,0.9030036013285123,0.9715909090909092,170.45454545454547,45,0.5113636363636364,11.0,12,0.13636363636363635,41,0.4659090909090909,43,0.48863636363636365,0.22727272727272727,0.20454545454545456,0.07954545454545454,0.045454545454545456,5.538097454777941,7,87
25,64,37,4.03125,258,0.578125,3.270368862987782,0.8682422276048251,0.95556640625,288.0859375,34,0.53125,13.148148148148149,14,0.21875,25,0.390625,30,0.46875,0.328125,0.203125,0.03125,0.0,4.878524413893479,8,63
26,46,37,4.413043478260869,203,0.8043478260869565,3.8575166600558837,0.9431329651179853,0.9678638941398866,103.96975425330812,27,0.5869565217391305,13.92,8,0.17391304347826086,30,0.6521739130434783,19,0.41304347826086957,0.2608695652173913,0.21739130434782608,0.043478260869565216,0.0,5.099436412484686,3,45
27,87,44,4.275862068965517,372,0.5057471264367817,3.335631391747175,0.8473505350706365,0.9663099484740388,221.9579865239794,45,0.5172413793103449,9.96,8,0.09195402298850575,21,0.2413793103448276,42,0.4827586206896552,0.21839080459770116,0.22988505747126436,0.04597701149425287,0.034482758620689655,5.180984301115154,7,86
28,64,40,4.4375,284,0.625,3.5355339059327373,0.8869880158145604,0.95947265625,249.0234375,36,0.5625,14.925925925925926,7,0.109375,27,0.421875,28,0.4375,0.296875,0.1875,0.0,0.015625,5.027114648336088,8,63
29,43,34,4.093023255813954,176,0.7906976744186046,3.6663142889169062,0.9375625907014266,0.9626825310978907,140.61654948620875,25,0.5813953488372093,15.041666666666666,6,0.13953488372093023,28,0.6511627906976745,18,0.4186046511627907,0.27906976744186046,0.18604651162790697,0.06976744186046512,0.023255813953488372,4.9435929523262025,4,42
30,87,48,3.954022988505747,344,0.5517241379310345,3.638870609178736,0.8668340028621421,0.9562689919408113,322.3675518562558,38,0.4367816091954023,9.241379310344827,6,0.06896551724137931,32,0.367816091954023,49,0.5632183908045977,0.2413793103448276,0.19540229885057472,0.011494252873563218,0.08045977011494253,5.137018308030783,13,86
31,93,51,4.311827956989247,401,0.5483870967741935,3.739501433044509,0.8674548983786384,0.9561799051913515,330.67406636605386,47,0.5053763440860215,9.529411764705882,8,0.08602150537634409,36,0.3870967741935484,46,0.4946236559139785,0.26881720430107525,0.1827956989247312,0.053763440860215055,0.06451612903225806,5.181129914672577,14,92
32,56,40,4.303571428571429,241,0.7142857142857143,3.779644730092272,0.9164117169201275,0.9610969387755103,210.4591836734694,30,0.5357142857142857,12.36,11,0.19642857142857142,31,0.5535714285714286,26,0.4642857142857143,0.26785714285714285,0.2857142857142857,0.017857142857142856,0.017857142857142856,5.072332431723141,7,55
33,83,50,4.204819277108434,349,0.6024096385542169,3.8807526285316643,0.8853052989795052,0.9516620699666135,362.8973726230222,42,0.5060240963855421,13.878787878787879,9,0.10843373493975904,36,0.43373493975903615,41,0.4939759036144578,0.2891566265060241,0.20481927710843373,0.060240963855421686,0.012048192771084338,5.151333028752991,14,82
34,68,40,3.676470588235294,250,0.5882352941176471,3.4299717028501764,0.8742440378977755,0.9593425605536332,259.51557093425606,36,0.5294117647058824,10.884615384615385,5,0.07352941176470588,29,0.4264705882352941,32,0.47058823529411764,0.3088235294117647,0.19117647058823528,0.029411764705882353,0.029411764705882353,4.9774048492596945,6,67
35,46,34,4.108695652173913,189,0.7391304347826086,3.5447450389702713,0.921047483801923,0.9574669187145558,207.93950850661625,25,0.5434782608695652,14.291666666666666,8,0.17391304347826086,28,0.6086956521739131,21,0.45652173913043476,0.2826086956521739,0.30434782608695654,0.021739130434782608,0.0,4.863463521783093,5,45
36,63,43,4.095238095238095,258,0.6825396825396826,3.830744467411416,0.9078150637330067,0.9614512471655329,226.75736961451247,33,0.5238095238095238,12.793103448275861,7,0.1111111111111111,34,0.5396825396825397,30,0.47619047619047616,0.2698412698412698,0.25396825396825395,0.031746031746031744,0.031746031746031744,5.1198829007855755,7,62
37,86,51,3.9186046511627906,337,0.5930232558139535,3.888713543481419,0.8826940000909521,0.9675500270416442,208.2206598161168,47,0.5465116279069767,13.17142857142857,9,0.10465116279069768,35,0.4069767441860465,39,0.45348837209302323,0.26744186046511625,0.20930232558139536,0.13953488372093023,0.011627906976744186,5.339242156383912,8,85
38,59,37,3.847457627118644,227,0.6271186440677966,3.4061260862237965,0.8855633975945693,0.9571962079862109,258.5463947141626,38,0.6440677966101694,14.724137931034482,5,0.0847457627118644,27,0.4576271186440678,21,0.3559322033898305,0.3220338983050847,0.23728813559322035,0.11864406779661017,0.0,4.901722659854597,6,58
39,113,64,4.230088495575221,478,0.5663716814159292,4.2572166735215315,0.8797423107318663,0.9703187407001332,208.31701777742973,57,0.504424778761062,15.465116279069768,21,0.18584070796460178,42,0.37168141592920356,56,0.49557522123893805,0.2743362831858407,0.168141592920354,0.05309734513274336,0.04424778761061947,5.606386789883591,12,112
40,94,51,4.074468085106383,383,0.5425531914893617,3.7195572831963113,0.865412838292618,0.96831145314622,210.50248981439566,45,0.4787234042553192,10.941176470588236,14,0.14893617021276595,32,0.3404255319148936,49,0.5212765957446809,0.24468085106382978,0.23404255319148937,0.031914893617021274,0.0,5.3332058734810905,7,93
41,52,35,4.0,208,0.6730769230769231,3.432032364918221,0.8998047993774102,0.9622781065088757,184.9112426035503,24,0.46153846153846156,8.368421052631579,8,0.15384615384615385,24,0.46153846153846156,28,0.5384615384615384,0.21153846153846154,0.28846153846153844,0.057692307692307696,0.038461538461538464,4.940636352673267,4,51
42,65,39,4.153846153846154,270,0.6,3.420526275297414,0.8776285977465714,0.9538461538461539,307.6923076923077,40,0.6153846153846154,12.857142857142858,7,0.1076923076923077,29,0.4461538461538462,25,0.38461538461538464,0.3384615384615385,0.16923076923076924,0.046153846153846156,0.015384615384615385,4.898990120587628,8,64
43,45,30,4.022222222222222,181,0.6666666666666666,3.162277660168379,0.89348540639004,0.9530864197530864,246.91358024691357,25,0.5555555555555556,11.421052631578947,8,0.17777777777777778,21,0.4666666666666667,20,0.4444444444444444,0.3111111111111111,0.2,0.044444444444444446,0.06666666666666667,4.683752474627446,5,44
44,70,50,4.128571428571429,289,0.7142857142857143,4.225771273642583,0.9208020210800781,0.9636734693877551,220.40816326530611,37,0.5285714285714286,13.057142857142857,12,0.17142857142857143,43,0.6142857142857143,33,0.4714285714285714,0.24285714285714285,0.22857142857142856,0.04285714285714286,0.02857142857142857,5.2998850682168275,7,69
45,52,39,3.8653846153846154,201,0.75,3.824264635194589,0.9271920203001134,0.9593195266272189,214.49704142011834,26,0.5,10.538461538461538,7,0.1346153846153846,32,0.6153846153846154,26,0.5,0.25,0.21153846153846154,0.057692307692307696,0.038461538461538464,5.038778718976349,7,51
46,46,34,4.0,184,0.7391304347826086,3.5447450389702713,0.921047483801923,0.9565217391304348,217.3913043478261,23,0.5,11.333333333333334,3,0.06521739130434782,27,0.5869565217391305,23,0.5,0.2826086956521739,0.13043478260869565,0.043478260869565216,0.06521739130434782,4.8656345102637415,6,45
47,39,25,4.153846153846154,162,0.6410256410256411,2.830692585361489,0.8786192606500202,0.9401709401709402,341.88034188034186,22,0.5641025641025641,14.764705882352942,6,0.15384615384615385,18,0.46153846153846156,17,0.4358974358974359,0.3076923076923077,0.1794871794871795,0.05128205128205128,0.05128205128205128,4.372334514389509,5,38
48,85,48,3.9529411764705884,336,0.5647058823529412,3.6814319464673777,0.8713717974717039,0.9600000000000001,282.3529411764706,41,0.4823529411764706,10.935483870967742,9,0.10588235294117647,34,0.4,44,0.5176470588235295,0.2823529411764706,0.15294117647058825,0.03529411764705882,0.03529411764705882,5.159333955096163,10,84
49,41,32,4.463414634146342,183,0.7804878048780488,3.533808834395089,0.9332620561947168,0.9601427721594289,154.66983938132066,26,0.6341463414634146,10.304347826086957,8,0.1951219512195122,26,0.6341463414634146,15,0.36585365853658536,0.4146341463414634,0.24390243902439024,0.024390243902439025,0.0,4.851335236272632,4,40
50,43,30,3.558139534883721,153,0.6976744186046512,3.2349831961031525,0.9042851422530538,0.955110870740941,216.3331530557058,23,0.5348837209302325,10.842105263157896,3,0.06976744186046512,22,0.5116279069767442,20,0.46511627906976744,0.27906976744186046,0.18604651162790697,0.046511627906976744,0.0,4.711034812791319,4,42
51,51,31,3.5686274509803924,182,0.6078431372549019,3.0694573832276904,0.8733823738022096,0.9473279507881585,330.64206074586696,25,0.49019607843137253,12.842105263157896,2,0.0392156862745098,22,0.43137254901960786,26,0.5098039215686274,0.3137254901960784,0.1568627450980392,0.0196078431372549,0.0196078431372549,4.630047705525809,7,50
52,67,51,4.313432835820896,289,0.7611940298507462,4.405728970464937,0.9351041773164946,0.9717086210737358,133.66005791935842,40,0.5970149253731343,9.657894736842104,12,0.1791044776119403,42,0.6268656716417911,27,0.40298507462686567,0.40298507462686567,0.1791044776119403,0.05970149253731343,0.0,5.465124078420598,6,66
53,88,47,3.5795454545454546,315,0.5340909090909091,3.5427582987887227,0.8599191352457495,0.9535123966942148,351.2396694214876,42,0.4772727272727273,12.363636363636363,6,0.06818181818181818,32,0.36363636363636365,46,0.5227272727272727,0.2727272727272727,0.1590909090909091,0.045454545454545456,0.022727272727272728,5.052459601272244,12,87
54,81,47,4.098765432098766,332,0.5802469135802469,3.6926687461964147,0.876138843844934,0.9492455418381344,384.0877914951989,47,0.5802469135802469,11.894736842105264,7,0.08641975308641975,34,0.41975308641975306,34,0.41975308641975306,0.35802469135802467,0.13580246913580246,0.037037037037037035,0.012345679012345678,5.035955048067815,13,80
55,46,34,3.869565217391304,178,0.7391304347826086,3.5447450389702713,0.921047483801923,0.9603024574669188,179.58412098298678,25,0.5434782608695652,10.909090909090908,3,0.06521739130434782,26,0.5652173913043478,21,0.45652173913043476,0.391304347826087,0.13043478260869565,0.043478260869565216,0.0,4.906941782652657,5,45
56,53,25,3.5283018867924527,187,0.4716981132075472,2.4282146558931603,0.810740342260716,0.932004271982912,491.27803488786043,26,0.49056603773584906,14.6875,2,0.03773584905660377,15,0.2830188679245283,27,0.5094339622641509,0.37735849056603776,0.18867924528301888,0.018867924528301886,0.0,4.242466568653753,8,52
57,65,32,3.923076923076923,255,0.49230769230769234,2.806585661782494,0.8302382310796892,0.9491124260355029,355.0295857988166,33,0.5076923076923077,11.173913043478262,8,0.12307692307692308,17,0.26153846153846155,32,0.49230769230769234,0.3076923076923077,0.15384615384615385,0.09230769230769231,0.0,4.649763490738091,8,64
58,72,46,3.9583333333333335,285,0.6388888888888888,3.8333333333333335,0.8952397241077967,0.9552469135802468,308.641975308642,40,0.5555555555555556,13.411764705882353,6,0.08333333333333333,37,0.5138888888888888,32,0.4444444444444444,0.3611111111111111,0.1527777777777778,0.041666666666666664,0.013888888888888888,5.0886962315539215,10,71
59,79,48,4.253164556962025,336,0.6075949367088608,3.8186749640435043,0.8859702968470452,0.962666239384714,246.75532767184745,44,0.5569620253164557,9.194444444444445,13,0.16455696202531644,35,0.4430379746835443,35,0.4430379746835443,0.22784810126582278,0.22784810126582278,0.06329113924050633,0.06329113924050633,5.21500519794489,9,78
60,72,42,3.875,279,0.5833333333333334,3.5,0.87396806630846,0.954861111111111,312.5,35,0.4861111111111111,15.0,5,0.06944444444444445,30,0.4166666666666667,37,0.5138888888888888,0.2916666666666667,0.125,0.06944444444444445,0.05555555555555555,4.988069669083969,10,71
61,72,42,3.9166666666666665,282,0.5833333333333334,3.5,0.87396806630846,0.9448302469135802,412.80864197530866,35,0.4861111111111111,12.807692307692308,5,0.06944444444444445,33,0.4583333333333333,37,0.5138888888888888,0.2916666666666667,0.16666666666666666,0.027777777777777776,0.05555555555555555,4.868666883779662,12,71
62,72,42,4.111111111111111,296,0.5833333333333334,3.5,0.87396806630846,0.9459876543209876,401.2345679012346,39,0.5416666666666666,14.827586206896552,8,0.1111111111111111,32,0.4444444444444444,33,0.4583333333333333,0.3194444444444444,0.125,0.08333333333333333,0.041666666666666664,4.886541279304702,12,71
63,62,37,4.193548387096774,260,0.5967741935483871,3.322698087495336,0.8749213317910346,0.9432882414151926,405.82726326742977,35,0.5645161290322581,17.75,7,0.11290322580645161,29,0.46774193548387094,27,0.43548387096774194,0.3064516129032258,0.16129032258064516,0.08064516129032258,0.04838709677419355,4.735666068102446,9,61
64,67,39,3.985074626865672,267,0.582089552238806,3.3690868597673043,0.871303083900649,0.954778347070617,302.9627979505458,37,0.5522388059701493,13.481481481481481,3,0.04477611940298507,27,0.40298507462686567,30,0.44776119402985076,0.3283582089552239,0.13432835820895522,0.04477611940298507,0.1044776119402985,4.906872819033789,7,66
65,43,33,4.1395348837209305,178,0.7674418604651163,3.5584815157134675,0.9296255061987647,0.9518658734451054,248.78312601406165,23,0.5348837209302325,13.136363636363637,4,0.09302325581395349,29,0.6744186046511628,20,0.46511627906976744,0.3023255813953488,0.20930232558139536,0.046511627906976744,0.0,4.786502545299146,6,42
66,64,45,4.28125,274,0.703125,3.9774756441743295,0.9153088493882792,0.96533203125,190.4296875,36,0.5625,15.466666666666667,10,0.15625,35,0.546875,28,0.4375,0.25,0.234375,0.078125,0.015625,5.231855320957341,7,63
67,41,28,3.8536585365853657,158,0.6829268292682927,3.092082730095703,0.8973043878834545,0.9518143961927424,237.9535990481856,21,0.5121951219512195,12.052631578947368,6,0.14634146341463414,20,0.4878048780487805,20,0.4878048780487805,0.3170731707317073,0.1951219512195122,0.04878048780487805,0.04878048780487805,4.607432797248243,4,40
68,45,24,4.311111111111111,194,0.5333333333333333,2.5298221281347035,0.8348661954897131,0.9264197530864198,513.5802469135803,26,0.5777777777777777,11.823529411764707,6,0.13333333333333333,15,0.3333333333333333,19,0.4222222222222222,0.3111111111111111,0.24444444444444444,0.06666666666666667,0.0,4.194863585738558,8,44
69,60,36,4.483333333333333,269,0.6,3.2863353450309964,0.8752362884943047,0.9488888888888889,344.44444444444446,36,0.6,14.538461538461538,11,0.18333333333333332,26,0.43333333333333335,24,0.4,0.3,0.26666666666666666,0.03333333333333333,0.0,4.787582004007326,9,59
70,37,26,4.351351351351352,161,0.7027027027027027,3.0224386073393013,0.9022903917623605,0.9466764061358656,262.9656683710738,18,0.4864864864864865,11.4,11,0.2972972972972973,19,0.5135135135135135,19,0.5135135135135135,0.2972972972972973,0.2972972972972973,0.05405405405405406,0.0,4.496898555450566,5,36
71,74,45,4.364864864864865,323,0.6081081081081081,3.6989772143705393,0.8844342284183351,0.9642074506939372,222.79035792549305,40,0.5405405405405406,10.870967741935484,13,0.17567567567567569,32,0.43243243243243246,34,0.4594594594594595,0.22972972972972974,0.25675675675675674,0.06756756756756757,0.013513513513513514,5.173707380303355,7,73
72,82,51,4.341463414634147,356,0.6219512195121951,3.982430928159455,0.8922342023865606,0.9619274241522903,258.77453896490186,45,0.5487804878048781,6.617647058823529,9,0.10975609756097561,40,0.4878048780487805,37,0.45121951219512196,0.21951219512195122,0.2073170731707317,0.0975609756097561,0.12195121951219512,5.249405401683716,9,81
73,93,54,4.236559139784946,394,0.5806451612903226,3.959472105576539,0.8800654133659629,0.9642733263961152,249.7398543184183,47,0.5053763440860215,10.5,9,0.0967741935483871,39,0.41935483870967744,46,0.4946236559139785,0.21505376344086022,0.27956989247311825,0.053763440860215055,0.07526881720430108,5.326320235629847,9,92
74,143,93,4.370629370629371,625,0.6503496503496503,5.499205282698468,0.9133067486168475,0.9724680913492101,205.38901657782776,75,0.5244755244755245,11.138461538461538,18,0.1258741258741259,72,0.5034965034965035,68,0.4755244755244755,0.27972027972027974,0.15384615384615385,0.07692307692307693,0.006993006993006993,6.074280710950801,18,142
75,60,40,4.283333333333333,257,0.6666666666666666,3.6514837167011076,0.9009694709504106,0.9644444444444444,188.88888888888889,30,0.5,14.666666666666666,10,0.16666666666666666,28,0.4666666666666667,30,0.5,0.23333333333333334,0.21666666666666667,0.06666666666666667,0.03333333333333333,5.094739663055175,5,59
76,59,41,4.101694915254237,242,0.6949152542372882,3.774355933383126,0.9107389246062243,0.9663889686871588,166.61878770468257,32,0.5423728813559322,12.041666666666666,6,0.1016949152542373,30,0.5084745762711864,27,0.4576271186440678,0.22033898305084745,0.1864406779661017,0.05084745762711865,0.06779661016949153,5.151805498874317,5,58
77,81,54,3.9382716049382718,319,0.6666666666666666,4.242640687119286,0.9077324383928643,0.9678402682517909,198.14052735863436,41,0.5061728395061729,12.86111111111111,10,0.12345679012345678,43,0.5308641975308642,40,0.49382716049382713,0.2345679012345679,0.2222222222222222,0.024691358024691357,0.024691358024691357,5.419734879267573,8,80
78,76,45,4.171052631578948,317,0.5921052631578947,3.649981975442157,0.8789879659315708,0.9594875346260389,273.54570637119116,37,0.4868421052631579,10.642857142857142,10,0.13157894736842105,32,0.42105263157894735,39,0.5131578947368421,0.27631578947368424,0.17105263157894737,0.09210526315789473,0.039473684210526314,5.119656382366555,10,75
79,81,41,3.740740740740741,303,0.5061728395061729,3.2212642254053834,0.8450597415049887,0.9495503734186861,381.03947568968147,37,0.4567901234567901,12.392857142857142,8,0.09876543209876543,27,0.3333333333333333,44,0.5432098765432098,0.32098765432098764,0.13580246913580246,0.012345679012345678,0.012345679012345678,4.86048969034354,11,80
80,63,36,3.8412698412698414,242,0.5714285714285714,3.2071349029490928,0.8649293771764887,0.9528848576467625,312.4212648022172,31,0.49206349206349204,10.875,6,0.09523809523809523,23,0.36507936507936506,32,0.5079365079365079,0.3333333333333333,0.14285714285714285,0.015873015873015872,0.015873015873015872,4.826020796309745,8,62
81,60,38,3.8333333333333335,230,0.6333333333333333,3.468909530866052,0.8884416307532699,0.9588888888888889,244.44444444444446,31,0.5166666666666667,9.083333333333334,3,0.05,27,0.45,29,0.48333333333333334,0.3,0.15,0.1,0.0,4.962373354557566,7,59
82,42,30,3.8333333333333335,161,0.7142857142857143,3.2732683535398857,0.9099780689616576,0.9433106575963718,328.7981859410431,24,0.5714285714285714,9.9,3,0.07142857142857142,25,0.5952380952380952,18,0.42857142857142855,0.23809523809523808,0.21428571428571427,0.07142857142857142,0.047619047619047616,4.602763626142329,7,41
83,67,48,4.313432835820896,289,0.7164179104477612,4.146568442790529,0.9206858530050219,0.9694809534417466,155.9367342392515,38,0.5671641791044776,9.323529411764707,10,0.14925373134328357,38,0.5671641791044776,29,0.43283582089552236,0.22388059701492538,0.19402985074626866,0.07462686567164178,0.11940298507462686,5.3530378843261675,6,66
84,48,36,4.041666666666667,194,0.75,3.6742346141747673,0.9256866094937517,0.9626736111111112,164.93055555555554,23,0.4791666666666667,11.272727272727273,9,0.1875,28,0.5833333333333334,25,0.5208333333333334,0.2916666666666667,0.25,0.0,0.0,4.994034834541985,5,47
85,51,43,4.1568627450980395,212,0.8431372549019608,4.2576344347997,0.9566039969802683,0.9696270665128797,107.65090349865436,26,0.5098039215686274,12.846153846153847,7,0.13725490196078433,38,0.7450980392156863,25,0.49019607843137253,0.3137254901960784,0.1568627450980392,0.0196078431372549,0.0196078431372549,5.287922587570777,5,50
86,64,48,4.15625,266,0.75,4.242640687119285,0.9308270834535262,0.96875,156.25,33,0.515625,11.78125,13,0.203125,40,0.625,31,0.484375,0.296875,0.203125,0.046875,0.015625,5.351409765557392,6,63
87,101,68,4.306930693069307,435,0.6732673267326733,4.7844633041659845,0.914278985733633,0.9769630428389374,131.3596706205274,45,0.44554455445544555,12.473684210526315,19,0.18811881188118812,51,0.504950495049505,56,0.5544554455445545,0.19801980198019803,0.19801980198019803,0.0594059405940594,0.039603960396039604,5.811192918181145,6,100
88,68,48,4.029411764705882,274,0.7058823529411765,4.115966043420212,0.9174532389546427,0.9701557093425606,151.3840830449827,39,0.5735294117647058,9.818181818181818,6,0.08823529411764706,39,0.5735294117647058,29,0.4264705882352941,0.27941176470588236,0.17647058823529413,0.1323529411764706,0.014705882352941176,5.3482766279196,4,67
89,55,43,4.618181818181818,254,0.7818181818181819,4.099889133756047,0.938579334893854,0.9672727272727273,145.45454545454547,29,0.5272727272727272,11.035714285714286,11,0.2,35,0.6363636363636364,26,0.4727272727272727,0.23636363636363636,0.2,0.03636363636363636,0.01818181818181818,5.244818349809621,6,54
90,50,37,4.52,226,0.74,3.7,0.9230308481401767,0.9624,176.0,31,0.62,15.814814814814815,8,0.16,29,0.58,19,0.38,0.24,0.24,0.12,0.06,5.01166338028599,5,49
91,55,40,3.8181818181818183,210,0.7272727272727273,3.8138503569823694,0.9205322551436259,0.9586776859504132,231.40495867768595,28,0.509090909090909,8.535714285714286,9,0.16363636363636364,35,0.6363636363636364,27,0.4909090909090909,0.2909090909090909,0.2545454545454545,0.07272727272727272,0.0,5.02000875023507,6,54
92,46,31,3.9347826086956523,181,0.6739130434782609,3.2319734178846593,0.896920564990534,0.9574669187145558,207.93950850661625,21,0.45652173913043476,11.166666666666666,5,0.10869565217391304,20,0.43478260869565216,25,0.5434782608695652,0.2826086956521739,0.15217391304347827,0.043478260869565216,0.021739130434782608,4.776507000043962,5,45
93,59,42,4.101694915254237,242,0.711864406779661,3.866413395172958,0.9166487542302482,0.9675380637747774,155.12783682849755,32,0.5423728813559322,11.5,10,0.1694915254237288,31,0.5254237288135594,27,0.4576271186440678,0.2711864406779661,0.2033898305084746,0.06779661016949153,0.0,5.198498507385561,5,58
94,62,43,4.967741935483871,308,0.6935483870967742,3.861513993575661,0.91133453984985,0.9646201873048907,192.50780437044745,41,0.6612903225806451,8.685714285714285,18,0.2903225806451613,33,0.532258064516129,21,0.3387096774193548,0.27419354838709675,0.25806451612903225,0.14516129032258066,0.016129032258064516,5.16985452840154,6,61
95,41,32,4.121951219512195,169,0.7804878048780488,3.533808834395089,0.9332620561947168,0.958953004164188,166.56751933372993,25,0.6097560975609756,13.25,5,0.12195121951219512,27,0.6585365853658537,16,0.3902439024390244,0.3902439024390244,0.2682926829268293,0.0,0.024390243902439025,4.832923345975962,4,40
96,48,28,4.6875,225,0.5833333333333334,2.8577380332470415,0.8607676276137675,0.943576388888889,355.90277777777777,27,0.5625,11.944444444444445,8,0.16666666666666666,20,0.4166666666666667,21,0.4375,0.3333333333333333,0.1875,0.08333333333333333,0.0625,4.480388542207535,6,47
97,62,36,4.403225806451613,273,0.5806451612903226,3.2328954364819484,0.8682825912917196,0.9510926118626432,327.78355879292405,36,0.5806451612903226,8.416666666666666,10,0.16129032258064516,25,0.4032258064516129,26,0.41935483870967744,0.3548387096774194,0.14516129032258066,0.06451612903225806,0.016129032258064516,4.796544092470468,8,61
98,85,50,4.2,357,0.5882352941176471,3.834824944236852,0.8805604535609294,0.9655363321799308,226.98961937716263,44,0.5176470588235295,13.529411764705882,13,0.15294117647058825,36,0.4235294117647059,41,0.4823529411764706,0.25882352941176473,0.18823529411764706,0.07058823529411765,0.047058823529411764,5.273563436796711,7,84
99,45,33,4.5777777777777775,206,0.7333333333333333,3.478505426185217,0.9185231343368839,0.9590123456790123,187.65432098765433,25,0.5555555555555556,11.954545454545455,6,0.13333333333333333,26,0.5777777777777777,20,0.4444444444444444,0.15555555555555556,0.24444444444444444,0.1111111111111111,0.13333333333333333,4.8528555962815965,4,44
100,52,35,4.3076923076923075,224,0.6730769230769231,3.432032364918221,0.8998047993774102,0.9585798816568047,221.89349112426035,30,0.5769230769230769,14.88,7,0.1346153846153846,25,0.4807692307692308,22,0.4230769230769231,0.21153846153846154,0.19230769230769232,0.057692307692307696,0.17307692307692307,4.893244171005764,5,51
101,49,37,5.163265306122449,253,0.7551020408163265,3.7375644148431797,0.9278223648705536,0.9620991253644315,174.9271137026239,31,0.6326530612244898,11.407407407407407,18,0.3673469387755102,31,0.6326530612244898,18,0.3673469387755102,0.3877551020408163,0.20408163265306123,0.02040816326530612,0.0,5.002464946156024,4,48
102,60,48,4.15,249,0.8,4.381780460041329,0.9454995670434967,0.9744444444444444,88.88888888888889,31,0.5166666666666667,13.666666666666666,11,0.18333333333333332,40,0.6666666666666666,29,0.48333333333333334,0.2,0.25,0.06666666666666667,0.03333333333333333,5.456564762130953,3,59
103,148,68,3.7635135135135136,557,0.4594594594594595,3.9524197172898554,0.8443723168073052,0.9621073776479182,311.35865595325055,75,0.5067567567567568,14.787234042553191,15,0.10135135135135136,47,0.31756756756756754,73,0.49324324324324326,0.25675675675675674,0.17567567567567569,0.0472972972972973,0.02702702702702703,5.438042996292264,19,147
104,74,52,4.486486486486487,332,0.7027027027027027,4.27437366993929,0.9180260133194027,0.9737034331628927,127.83053323593865,45,0.6081081081081081,12.617647058823529,11,0.14864864864864866,39,0.527027027027027,29,0.3918918918918919,0.2972972972972973,0.24324324324324326,0.05405405405405406,0.04054054054054054,5.49824808883043,5,73
105,94,54,4.117021276595745,387,0.574468085106383,3.938354770443153,0.8779936670917984,0.9678587596197374,215.02942507922137,47,0.5,13.81081081081081,11,0.11702127659574468,40,0.425531914893617,47,0.5,0.2765957446808511,0.14893617021276595,0.05319148936170213,0.10638297872340426,5.365328745913581,7,93
106,65,39,3.6,234,0.6,3.420526275297414,0.8776285977465714,0.9571597633136095,274.5562130177515,34,0.5230769230769231,14.16,3,0.046153846153846156,26,0.4,31,0.47692307692307695,0.27692307692307694,0.18461538461538463,0.06153846153846154,0.03076923076923077,4.958992190278245,8,64
107,84,54,3.7976190476190474,319,0.6428571428571429,4.166190448976481,0.9002818729958816,0.9702380952380952,178.57142857142858,41,0.4880952380952381,12.135135135135135,6,0.07142857142857142,39,0.4642857142857143,43,0.5119047619047619,0.21428571428571427,0.25,0.05952380952380952,0.03571428571428571,5.455757488694747,7,83
108,115,66,4.226086956521739,486,0.5739130434782609,4.351911124412194,0.8829746408768199,0.9683175803402646,229.86767485822307,55,0.4782608695652174,8.155555555555555,15,0.13043478260869565,47,0.40869565217391307,60,0.5217391304347826,0.22608695652173913,0.21739130434782608,0.043478260869565216,0.05217391304347826,5.598621104414136,13,114
109,82,50,4.2926829268292686,352,0.6097560975609756,3.904344047215152,0.887740467663507,0.9690660321237359,187.38845925044618,40,0.4878048780487805,8.909090909090908,11,0.13414634146341464,36,0.43902439024390244,42,0.5121951219512195,0.24390243902439024,0.17073170731707318,0.04878048780487805,0.0975609756097561,5.339770152100999,5,81
110,53,35,3.8679245283018866,205,0.660377358490566,3.3995005182504245,0.8954878227854364,0.9562121751512994,249.1990032039872,26,0.49056603773584906,19.65,4,0.07547169811320754,26,0.49056603773584906,27,0.5094339622641509,0.24528301886792453,0.16981132075471697,0.09433962264150944,0.07547169811320754,4.855002294063378,6,52
111,69,40,4.028985507246377,278,0.5797101449275363,3.4050261230349945,0.8712297270058433,0.9569418189455996,285.6542743121193,42,0.6086956521739131,16.3,8,0.11594202898550725,30,0.43478260869565216,27,0.391304347826087,0.34782608695652173,0.21739130434782608,0.057971014492753624,0.014492753623188406,4.936484378469807,7,68
112,65,41,4.184615384615385,272,0.6307692307692307,3.59593787915882,0.8896088998463122,0.9533727810650888,312.4260355029586,34,0.5230769230769231,16.14814814814815,7,0.1076923076923077,34,0.5230769230769231,31,0.47692307692307695,0.3076923076923077,0.16923076923076924,0.046153846153846156,0.046153846153846156,4.929513006264497,7,64
113,59,41,3.9152542372881354,231,0.6949152542372882,3.774355933383126,0.9107389246062243,0.9594943981614478,235.56449296179258,32,0.5423728813559322,11.607142857142858,5,0.0847457627118644,34,0.576271186440678,27,0.4576271186440678,0.3389830508474576,0.13559322033898305,0.06779661016949153,0.03389830508474576,5.049401363620649,7,58
114,72,40,3.8472222222222223,277,0.5555555555555556,3.3333333333333335,0.8625596086894544,0.9506172839506173,354.9382716049383,36,0.5,16.72,3,0.041666666666666664,28,0.3888888888888889,36,0.5,0.2777777777777778,0.16666666666666666,0.041666666666666664,0.06944444444444445,4.871895669408965,10,71
115,84,51,4.238095238095238,356,0.6071428571428571,3.9347354240333434,0.8873816750335397,0.9611678004535147,269.27437641723355,47,0.5595238095238095,12.666666666666666,12,0.14285714285714285,37,0.44047619047619047,37,0.44047619047619047,0.30952380952380953,0.17857142857142858,0.023809523809523808,0.03571428571428571,5.263950711371489,11,83
116,159,85,4.163522012578617,662,0.5345911949685535,4.766563309782376,0.8764520060458807,0.9647561409754359,289.5455084846327,78,0.49056603773584906,12.21311475409836,19,0.11949685534591195,63,0.39622641509433965,81,0.5094339622641509,0.27044025157232704,0.1761006289308176,0.018867924528301886,0.0440251572327044,5.737466266106419,19,158
117,75,56,4.226666666666667,317,0.7466666666666667,4.572380853195265,0.9323364847525009,0.9749333333333333,117.33333333333333,42,0.56,13.463414634146341,13,0.17333333333333334,47,0.6266666666666667,33,0.44,0.25333333333333335,0.21333333333333335,0.09333333333333334,0.013333333333333334,5.595355023771529,4,74
118,108,66,4.074074074074074,440,0.6111111111111112,4.490731195102493,0.8948178807452444,0.9741083676268861,166.32373113854595,55,0.5092592592592593,11.69767441860465,12,0.1111111111111111,47,0.4351851851851852,53,0.49074074074074076,0.18518518518518517,0.2037037037037037,0.07407407407407407,0.07407407407407407,5.704672891028628,9,107
119,77,50,3.844155844155844,296,0.6493506493506493,4.029114820126901,0.900598122039896,0.9704840613931524,165.28925619834712,38,0.4935064935064935,16.625,5,0.06493506493506493,36,0.4675324675324675,39,0.5064935064935064,0.12987012987012986,0.22077922077922077,0.11688311688311688,0.03896103896103896,5.385637561059002,5,76
120,60,39,3.8333333333333335,230,0.65,3.56019662378358,0.894785866322238,0.956111111111111,272.22222222222223,30,0.5,12.36,4,0.06666666666666667,29,0.48333333333333334,30,0.5,0.31666666666666665,0.15,0.016666666666666666,0.03333333333333333,4.960975803905794,8,59
121,79,48,3.962025316455696,313,0.6075949367088608,3.8186749640435043,0.8859702968470452,0.9578593174170805,294.8245473481814,39,0.4936708860759494,10.4,9,0.11392405063291139,37,0.46835443037974683,40,0.5063291139240507,0.25316455696202533,0.20253164556962025,0.02531645569620253,0.012658227848101266,5.145553458476249,10,78
122,52,36,4.3076923076923075,224,0.6923076923076923,3.530090432487313,0.9069344220919539,0.9415680473372781,392.0118343195266,29,0.5576923076923077,11.583333333333334,6,0.11538461538461539,29,0.5576923076923077,23,0.4423076923076923,0.2692307692307692,0.23076923076923078,0.038461538461538464,0.038461538461538464,4.777859555621149,10,51
123,56,35,4.25,238,0.625,3.307189138830738,0.8832391141555387,0.9604591836734694,216.83673469387756,31,0.5535714285714286,11.92,9,0.16071428571428573,22,0.39285714285714285,25,0.44642857142857145,0.25,0.26785714285714285,0.0,0.0,4.907988351046887,5,55
124,71,41,4.816901408450704,342,0.5774647887323944,3.440643569016425,0.871182489378457,0.9640944257091847,218.21067248561792,40,0.5633802816901409,10.5,19,0.2676056338028169,27,0.38028169014084506,31,0.43661971830985913,0.2676056338028169,0.2112676056338028,0.04225352112676056,0.056338028169014086,5.075960767990208,5,70
125,91,56,3.912087912087912,356,0.6153846153846154,4.1509961733021665,0.8923691116780991,0.9684820673831662,205.28921627822726,48,0.5274725274725275,11.179487179487179,9,0.0989010989010989,42,0.46153846153846156,43,0.4725274725274725,0.25274725274725274,0.2087912087912088,0.054945054945054944,0.0,5.441469778224441,8,90
126,77,44,4.0,308,0.5714285714285714,3.5456210417116734,0.8711692321391754,0.9522685107100692,347.4447630291786,41,0.5324675324675324,10.4375,9,0.11688311688311688,35,0.45454545454545453,36,0.4675324675324675,0.2597402597402597,0.15584415584415584,0.07792207792207792,0.012987012987012988,4.9555152821140185,10,76
127,95,55,4.052631578947368,385,0.5789473684210527,3.9901193756050644,0.8799827664695659,0.9622160664819944,272.5761772853186,47,0.49473684210526314,13.405405405405405,12,0.12631578947368421,42,0.4421052631578947,48,0.5052631578947369,0.2,0.18947368421052632,0.09473684210526316,0.021052631578947368,5.308337737311672,11,94
128,68,44,4.5,306,0.6470588235294118,3.7729688731351945,0.8968320236211828,0.9649653979238754,203.28719723183391,33,0.4852941176470588,10.48,11,0.16176470588235295,32,0.47058823529411764,35,0.5147058823529411,0.23529411764705882,0.3235294117647059,0.04411764705882353,0.058823529411764705,5.177546620942588,6,67
129,92,60,4.206521739130435,387,0.6521739130434783,4.423258684646914,0.9054701458187384,0.9631379962192816,259.92438563327033,44,0.4782608695652174,11.833333333333334,11,0.11956521739130435,49,0.532608695652174,48,0.5217391304347826,0.1956521739130435,0.21739130434782608,0.043478260869565216,0.021739130434782608,5.45637924445502,12,91
130,48,39,3.7083333333333335,178,0.8125,3.9804208320226646,0.9463630629891915,0.9635416666666667,156.25,27,0.5625,12.333333333333334,2,0.041666666666666664,35,0.7291666666666666,21,0.4375,0.2916666666666667,0.25,0.08333333333333333,0.0,5.093094990837059,5,47
131,66,47,4.651515151515151,307,0.7121212121212122,4.090824914958899,0.9189653655918778,0.970615243342516,142.33241505968778,37,0.5606060606060606,9.741935483870968,13,0.19696969696969696,35,0.5303030303030303,29,0.4393939393939394,0.25757575757575757,0.16666666666666666,0.09090909090909091,0.030303030303030304,5.353338960654872,5,65
132,83,50,4.554216867469879,378,0.6024096385542169,3.8807526285316643,0.8853052989795052,0.9618231964000581,261.286108288576,45,0.5421686746987951,11.162162162162161,13,0.1566265060240964,36,0.43373493975903615,38,0.4578313253012048,0.1927710843373494,0.26506024096385544,0.04819277108433735,0.08433734939759036,5.244334956263022,10,82
133,41,24,3.682926829268293,151,0.5853658536585366,2.650356625796317,0.8557943061997394,0.9327781082688875,428.3164782867341,20,0.4878048780487805,11.705882352941176,4,0.0975609756097561,16,0.3902439024390244,21,0.5121951219512195,0.2682926829268293,0.3170731707317073,0.04878048780487805,0.0,4.257078456355553,6,40
134,50,27,3.58,179,0.54,2.7,0.8424891319481442,0.9392,408.0,24,0.48,8.944444444444445,4,0.08,17,0.34,26,0.52,0.22,0.28,0.1,0.0,4.4010768800263715,6,49
135,92,57,4.282608695652174,394,0.6195652173913043,4.202095750414569,0.8941265605286397,0.9747164461247637,144.1398865784499,47,0.5108695652173914,10.06060606060606,15,0.16304347826086957,38,0.41304347826086957,45,0.4891304347826087,0.2717391304347826,0.15217391304347827,0.03260869565217391,0.11956521739130435,5.580854826130924,5,91
136,67,44,4.208955223880597,282,0.6567164179104478,3.8010210725579845,0.8999919795484091,0.9623524170193807,227.22209846290934,37,0.5522388059701493,10.433333333333334,8,0.11940298507462686,33,0.4925373134328358,30,0.44776119402985076,0.31343283582089554,0.11940298507462686,0.1044776119402985,0.029850746268656716,5.149284385006716,7,66
137,83,49,4.096385542168675,340,0.5903614457831325,3.803137575961031,0.8807333514686867,0.9609522427057628,269.9956452315285,44,0.5301204819277109,11.757575757575758,7,0.08433734939759036,35,0.42168674698795183,39,0.46987951807228917,0.3253012048192771,0.14457831325301204,0.08433734939759036,0.04819277108433735,5.220482981758644,11,82
138,52,40,4.288461538461538,223,0.7692307692307693,3.922322702763681,0.9335995744242056,0.9681952662721893,125.7396449704142,27,0.5192307692307693,12.76923076923077,9,0.17307692307692307,32,0.6153846153846154,25,0.4807692307692308,0.3076923076923077,0.19230769230769232,0.0,0.038461538461538464,5.171405583442499,4,51
139,76,49,3.9210526315789473,298,0.6447368421052632,3.9744248177036825,0.8986515659847379,0.9691828254847645,176.59279778393352,39,0.5131578947368421,11.515151515151516,10,0.13157894736842105,36,0.47368421052631576,37,0.4868421052631579,0.2236842105263158,0.2631578947368421,0.07894736842105263,0.039473684210526314,5.339775539645511,6,75
140,77,49,3.948051948051948,304,0.6363636363636364,3.948532523724363,0.8959471984014016,0.9721706864564008,148.4230055658627,38,0.4935064935064935,14.161290322580646,11,0.14285714285714285,31,0.4025974025974026,39,0.5064935064935064,0.2597402597402597,0.19480519480519481,0.03896103896103896,0.03896103896103896,5.404909553985809,5,76
141,82,52,4.134146341463414,339,0.6341463414634146,4.060517809103758,0.8966406745867482,0.9732302201070792,145.7465794170137,42,0.5121951219512195,12.40625,10,0.12195121951219512,34,0.4146341463414634,40,0.4878048780487805,0.21951219512195122,0.23170731707317074,0.06097560975609756,0.06097560975609756,5.476590651477508,5,81
142,81,64,4.135802469135802,335,0.7901234567901234,5.028314888437671,0.946394630357186,0.9794238683127572,82.3045267489712,42,0.5185185185185185,12.05,6,0.07407407407407407,53,0.654320987654321,39,0.48148148148148145,0.20987654320987653,0.1728395061728395,0.07407407407407407,0.09876543209876543,5.841522497000663,5,80
143,37,21,4.5675675675675675,169,0.5675675675675675,2.441200413620205,0.843143630339124,0.9233016800584368,496.71292914536156,23,0.6216216216216216,13.533333333333333,6,0.16216216216216217,14,0.3783783783783784,14,0.3783783783783784,0.2972972972972973,0.32432432432432434,0.0,0.02702702702702703,4.057313082302175,6,36
144,54,32,4.296296296296297,232,0.5925925925925926,3.079201435678004,0.8688267143571999,0.9533607681755829,281.20713305898494,28,0.5185185185185185,11.421052631578947,10,0.18518518518518517,22,0.4074074074074074,26,0.48148148148148145,0.2777777777777778,0.25925925925925924,0.07407407407407407,0.0,4.711099947041241,5,53
145,38,26,4.2894736842105265,163,0.6842105263157895,2.9824045403173027,0.8956754273186898,0.945983379501385,277.0083102493075,22,0.5789473684210527,13.166666666666666,7,0.18421052631578946,19,0.5,16,0.42105263157894735,0.3157894736842105,0.18421052631578946,0.02631578947368421,0.0,4.481627106107698,5,37
146,55,33,4.036363636363636,222,0.6,3.1464265445104544,0.872527289308399,0.9527272727272728,290.90909090909093,28,0.509090909090909,10.714285714285714,7,0.12727272727272726,23,0.41818181818181815,27,0.4909090909090909,0.32727272727272727,0.14545454545454545,0.07272727272727272,0.01818181818181818,4.738012841065491,6,54
147,88,57,4.636363636363637,408,0.6477272727272727,4.296536660233132,0.9030036013285123,0.9620351239669421,266.0123966942149,50,0.5681818181818182,11.95,19,0.2159090909090909,44,0.5,38,0.4318181818181818,0.23863636363636365,0.22727272727272727,0.03409090909090909,0.09090909090909091,5.403819652846608,12,87
148,91,59,4.076923076923077,371,0.6483516483516484,4.373370968300497,0.9039380273348996,0.9745199855089964,144.91003501992512,44,0.4835164835164835,12.297297297297296,11,0.12087912087912088,44,0.4835164835164835,47,0.5164835164835165,0.17582417582417584,0.16483516483516483,0.10989010989010989,0.16483516483516483,5.610555733696011,6,90
149,78,57,4.269230769230769,333,0.7307692307692307,4.563652383444984,0.9280058476863207,0.9740302432610125,131.49243918474687,38,0.48717948717948717,14.942857142857143,11,0.14102564102564102,46,0.5897435897435898,40,0.5128205128205128,0.19230769230769232,0.19230769230769232,0.02564102564102564,0.16666666666666666,5.598430309561306,5,77
150,90,63,4.011111111111111,361,0.7,4.695742752749558,0.9207355488187672,0.9762962962962962,125.92592592592592,44,0.4888888888888889,11.465116279069768,9,0.1,49,0.5444444444444444,46,0.5111111111111111,0.2222222222222222,0.14444444444444443,0.05555555555555555,0.06666666666666667,5.729306535406438,6,89
151,87,48,4.413793103448276,384,0.5517241379310345,3.638870609178736,0.8668340028621421,0.9678953626634959,206.10384462940942,47,0.5402298850574713,8.93939393939394,18,0.20689655172413793,29,0.3333333333333333,40,0.45977011494252873,0.25287356321839083,0.22988505747126436,0.11494252873563218,0.10344827586206896,5.279054059455839,6,86
152,96,45,4.354166666666667,418,0.46875,3.247595264191645,0.8339991451322967,0.964626736111111,249.56597222222223,56,0.5833333333333334,11.035714285714286,19,0.19791666666666666,26,0.2708333333333333,40,0.4166666666666667,0.22916666666666666,0.2604166666666667,0.041666666666666664,0.09375,5.130121324442531,7,95
153,89,57,4.348314606741573,387,0.6404494382022472,4.27233062727641,0.9007304078133245,0.9743719227370282,143.92122206792072,49,0.550561797752809,10.868421052631579,18,0.20224719101123595,41,0.4606741573033708,40,0.449438202247191,0.25842696629213485,0.25842696629213485,0.033707865168539325,0.056179775280898875,5.574173532567219,5,88
154,51,33,4.823529411764706,246,0.6470588235294118,3.2674868918230255,0.8892834749245435,0.9534794309880815,269.1272587466359,31,0.6078431372549019,7.416666666666667,12,0.23529411764705882,23,0.45098039215686275,20,0.39215686274509803,0.35294117647058826,0.17647058823529413,0.0784313725490196,0.0,4.7729292050905725,6,50
155,61,45,4.557377049180328,278,0.7377049180327869,4.074108571913333,0.9259983681196776,0.9701693093254501,134.37248051599033,40,0.6557377049180327,12.09375,11,0.18032786885245902,35,0.5737704918032787,21,0.3442622950819672,0.32786885245901637,0.16393442622950818,0.16393442622950818,0.0,5.309847124760798,5,60
156,68,46,4.014705882352941,273,0.6764705882352942,3.9444674582777033,0.9073668456138775,0.9662629757785467,190.3114186851211,34,0.5,11.793103448275861,12,0.17647058823529413,36,0.5294117647058824,34,0.5,0.22058823529411764,0.35294117647058826,0.029411764705882353,0.0,5.243579341467193,6,67
157,90,54,4.2,378,0.6,4.024922359499621,0.886478393267576,0.9555555555555556,333.3333333333333,41,0.45555555555555555,10.566666666666666,14,0.15555555555555556,41,0.45555555555555555,49,0.5444444444444444,0.24444444444444444,0.2222222222222222,0.022222222222222223,0.03333333333333333,5.234905692502023,13,89
158,97,51,4.020618556701031,390,0.5257731958762887,3.6615866089504645,0.859469735071793,0.9463279838452546,433.62737804229994,47,0.4845360824742268,11.484848484848484,9,0.09278350515463918,38,0.3917525773195876,50,0.5154639175257731,0.27835051546391754,0.15463917525773196,0.041237113402061855,0.030927835051546393,5.040352860299746,17,96
159,70,41,3.742857142857143,262,0.5857142857142857,3.465132444386918,0.8740911440712785,0.9506122448979591,351.0204081632653,29,0.4142857142857143,13.75,5,0.07142857142857142,30,0.42857142857142855,41,0.5857142857142857,0.21428571428571427,0.14285714285714285,0.014285714285714285,0.12857142857142856,4.924734298209243,11,69
160,108,50,3.9074074074074074,422,0.46296296296296297,3.4020690871988584,0.8355218629425137,0.9538751714677641,368.6556927297668,47,0.4351851851851852,12.272727272727273,11,0.10185185185185185,31,0.28703703703703703,61,0.5648148148148148,0.2037037037037037,0.17592592592592593,0.027777777777777776,0.09259259259259259,5.085861174491883,16,107
161,105,65,3.9714285714285715,417,0.6190476190476191,4.4854261357253025,0.8969537675056355,0.9634467120181405,270.29478458049886,54,0.5142857142857142,14.369565217391305,11,0.10476190476190476,51,0.4857142857142857,51,0.4857142857142857,0.22857142857142856,0.20952380952380953,0.047619047619047616,0.05714285714285714,5.5302215279760185,14,104
162,76,50,4.197368421052632,319,0.6578947368421053,4.055535528269064,0.903316528181691,0.961218836565097,256.2326869806094,41,0.5394736842105263,9.823529411764707,8,0.10526315789473684,40,0.5263157894736842,35,0.4605263157894737,0.25,0.21052631578947367,0.039473684210526314,0.039473684210526314,5.259854040683052,10,75
163,114,65,4.026315789473684,459,0.5701754385964912,4.304730160461392,0.8813792993219478,0.963835026161896,273.9304401354263,55,0.4824561403508772,11.674418604651162,12,0.10526315789473684,48,0.42105263157894735,59,0.5175438596491229,0.22807017543859648,0.19298245614035087,0.07894736842105263,0.05263157894736842,5.507391308917856,15,113
164,52,37,4.634615384615385,241,0.7115384615384616,3.6281485000564047,0.9138686878926854,0.9534023668639052,273.6686390532544,32,0.6153846153846154,8.571428571428571,14,0.2692307692307692,29,0.5576923076923077,20,0.38461538461538464,0.3076923076923077,0.21153846153846154,0.038461538461538464,0.019230769230769232,4.916691881561027,8,51
165,64,42,4.65625,298,0.65625,3.7123106012293743,0.8987195704631268,0.96484375,195.3125,41,0.640625,11.310344827586206,14,0.21875,31,0.484375,23,0.359375,0.3125,0.25,0.0625,0.046875,5.133063383509937,5,63
166,81,59,4.135802469135802,335,0.7283950617283951,4.635477787778479,0.9278836323706784,0.9782045419905503,94.497789971041,41,0.5061728395061729,20.055555555555557,9,0.1111111111111111,44,0.5432098765432098,40,0.49382716049382713,0.1728395061728395,0.2839506172839506,0.037037037037037035,0.06172839506172839,5.719298613915601,4,80
167,76,45,4.9868421052631575,379,0.5921052631578947,3.649981975442157,0.8789879659315708,0.9608725761772854,259.69529085872574,50,0.6578947368421053,13.090909090909092,21,0.27631578947368424,33,0.4342105263157895,26,0.34210526315789475,0.19736842105263158,0.23684210526315788,0.013157894736842105,0.05263157894736842,5.114520072819672,8,75
168,87,45,4.160919540229885,362,0.5172413793103449,3.411441196105065,0.852382626026155,0.9541551063548687,343.50640771568237,43,0.4942528735632184,18.642857142857142,13,0.14942528735632185,28,0.3218390804597701,44,0.5057471264367817,0.22988505747126436,0.25287356321839083,0.011494252873563218,0.034482758620689655,5.0389800894907735,13,86
169,50,33,3.96,198,0.66,3.3,0.8937850203372742,0.9496,304.0,27,0.54,11.6,6,0.12,26,0.52,23,0.46,0.36,0.12,0.02,0.06,4.725533250556853,7,49
170,71,48,3.9295774647887325,279,0.676056338028169,4.028070519824108,0.9081613263426326,0.9716326125768697,142.8288038087681,39,0.5492957746478874,15.15625,7,0.09859154929577464,34,0.4788732394366197,32,0.4507042253521127,0.2676056338028169,0.11267605633802817,0.07042253521126761,0.08450704225352113,5.380321901432978,5,70
171,93,59,3.7204301075268815,346,0.6344086021505376,4.3260898931299225,0.8996024135962304,0.9698231009365245,194.24210891432534,45,0.4838709677419355,12.390243902439025,7,0.07526881720430108,44,0.4731182795698925,48,0.5161290322580645,0.27956989247311825,0.15053763440860216,0.053763440860215055,0.06451612903225806,5.529337273492604,9,92
172,114,62,3.9035087719298245,445,0.543859649122807,4.106050306901635,0.8714023345968815,0.9606032625423208,306.2480763311788,58,0.5087719298245614,10.268292682926829,10,0.08771929824561403,45,0.39473684210526316,56,0.49122807017543857,0.2543859649122807,0.17543859649122806,0.08771929824561403,0.05263157894736842,5.407053720796464,16,113
173,66,36,4.333333333333333,286,0.5454545454545454,3.1333978072025612,0.8553255958086076,0.9449035812672176,399.44903581267215,37,0.5606060606060606,13.73913043478261,11,0.16666666666666666,23,0.3484848484848485,29,0.4393939393939394,0.30303030303030304,0.12121212121212122,0.15151515151515152,0.015151515151515152,4.7424539559351615,11,65
174,68,53,4.588235294117647,312,0.7794117647058824,4.544712506276484,0.9409372350906553,0.9775086505190311,77.85467128027682,43,0.6323529411764706,9.68421052631579,8,0.11764705882352941,41,0.6029411764705882,25,0.36764705882352944,0.2647058823529412,0.19117647058823528,0.1323529411764706,0.04411764705882353,5.612982510272543,3,67
175,78,42,4.884615384615385,381,0.5384615384615384,3.36269122990683,0.8579112736169254,0.962853385930309,243.2610124917817,47,0.6025641025641025,12.379310344827585,16,0.20512820512820512,26,0.3333333333333333,31,0.3974358974358974,0.1794871794871795,0.23076923076923078,0.07692307692307693,0.0641025641025641,5.07456283458181,7,77
176,40,34,4.375,175,0.85,3.801315561749642,0.9559435510107197,0.965,100.0,24,0.6,10.291666666666666,8,0.2,30,0.75,16,0.4,0.3,0.25,0.125,0.025,4.98418371977919,3,39
177,37,27,4.594594594594595,170,0.7297297297297297,3.1386862460831204,0.9127421186904895,0.9525200876552228,204.52885317750182,22,0.5945945945945946,9.666666666666666,6,0.16216216216216217,20,0.5405405405405406,15,0.40540540540540543,0.2972972972972973,0.21621621621621623,0.05405405405405406,0.05405405405405406,4.5944564061110205,4,36
178,79,41,4.443037974683544,351,0.5189873417721519,3.261784865120493,0.849895042140759,0.9411953212626181,461.46450889280567,43,0.5443037974683544,9.5,15,0.189873417721519,27,0.34177215189873417,36,0.45569620253164556,0.25316455696202533,0.1518987341772152,0.11392405063291139,0.02531645569620253,4.824438704624973,15,78
179,99,59,3.9696969696969697,393,0.5959595959595959,4.192947421660339,0.8873625883308114,0.9603101724313845,295.88817467605344,45,0.45454545454545453,12.0,10,0.10101010101010101,44,0.4444444444444444,54,0.5454545454545454,0.23232323232323232,0.12121212121212122,0.10101010101010101,0.0707070707070707,5.3886621115529785,14,98
180,66,45,3.878787878787879,256,0.6818181818181818,3.9167472590032015,0.9085862020050697,0.9655647382920111,192.8374655647383,36,0.5454545454545454,14.212121212121213,5,0.07575757575757576,36,0.5454545454545454,30,0.45454545454545453,0.30303030303030304,0.12121212121212122,0.10606060606060606,0.015151515151515152,5.20964284769481,5,65
181,68,45,4.25,289,0.6617647058823529,3.8587181657064487,0.9021579662245085,0.9671280276816608,181.66089965397924,41,0.6029411764705882,12.272727272727273,8,0.11764705882352941,33,0.4852941176470588,27,0.39705882352941174,0.3235294117647059,0.17647058823529413,0.08823529411764706,0.04411764705882353,5.23783876020891,6,67
182,133,78,4.105263157894737,546,0.5864661654135338,4.782486847982733,0.8908788948313376,0.9719034428175704,205.77760189948555,69,0.518796992481203,13.526315789473685,12,0.09022556390977443,56,0.42105263157894735,64,0.48120300751879697,0.24812030075187969,0.20300751879699247,0.06766917293233082,0.022556390977443608,5.819968996640313,14,132
183,52,34,3.7884615384615383,197,0.6538461538461539,3.333974297349129,0.8924684923971717,0.9504437869822485,303.2544378698225,26,0.5,9.090909090909092,4,0.07692307692307693,27,0.5192307692307693,26,0.5,0.2692307692307692,0.15384615384615385,0.07692307692307693,0.019230769230769232,4.755030882396282,7,51
184,78,46,4.128205128205129,322,0.5897435897435898,3.682947537517004,0.8787921224008574,0.9658119658119658,213.67521367521368,41,0.5256410256410257,11.4,7,0.08974358974358974,31,0.3974358974358974,37,0.47435897435897434,0.24358974358974358,0.15384615384615385,0.11538461538461539,0.038461538461538464,5.212982468968091,6,77
185,84,52,4.380952380952381,368,0.6190476190476191,4.011887099014389,0.8917641820832942,0.9685374149659864,195.57823129251702,44,0.5238095238095238,13.882352941176471,16,0.19047619047619047,38,0.4523809523809524,40,0.47619047619047616,0.19047619047619047,0.27380952380952384,0.011904761904761904,0.05952380952380952,5.373878434425967,6,83
186,72,47,3.875,279,0.6527777777777778,3.9166666666666665,0.9002684555126956,0.9652777777777778,208.33333333333334,32,0.4444444444444444,13.821428571428571,9,0.125,37,0.5138888888888888,40,0.5555555555555556,0.2361111111111111,0.18055555555555555,0.0,0.05555555555555555,5.232648009006704,6,71
187,52,31,4.038461538461538,210,0.5961538461538461,3.0398000946418526,0.869090202747102,0.9400887573964497,406.8047337278106,27,0.5192307692307693,12.5,3,0.057692307692307696,22,0.4230769230769231,25,0.4807692307692308,0.3076923076923077,0.19230769230769232,0.057692307692307696,0.0,4.569786111997415,9,51
188,102,60,4.421568627450981,451,0.5882352941176471,4.20084025208403,0.8852688929245052,0.9669357939254133,232.60284505959245,55,0.5392156862745098,9.418604651162791,16,0.1568627450980392,42,0.4117647058823529,47,0.46078431372549017,0.3235294117647059,0.12745098039215685,0.08823529411764706,0.00980392156862745,5.48404291781718,11,101
189,87,50,4.045977011494253,352,0.5747126436781609,3.790490217894517,0.8759748076963788,0.9562689919408113,322.3675518562558,46,0.5287356321839081,13.666666666666666,5,0.05747126436781609,36,0.41379310344827586,41,0.47126436781609193,0.2988505747126437,0.14942528735632185,0.022988505747126436,0.06896551724137931,5.174615366039972,13,86
190,59,37,4.271186440677966,252,0.6271186440677966,3.4061260862237965,0.8855633975945693,0.9589198506176385,241.3099683998851,34,0.576271186440678,12.076923076923077,9,0.15254237288135594,27,0.4576271186440678,25,0.423728813559322,0.2711864406779661,0.288135593220339,0.03389830508474576,0.01694915254237288,4.9245188965994515,6,58
191,75,42,4.093333333333334,307,0.56,3.4292856398964493,0.8657046690099555,0.9607111111111111,259.55555555555554,40,0.5333333333333333,12.178571428571429,4,0.05333333333333334,26,0.3466666666666667,35,0.4666666666666667,0.26666666666666666,0.21333333333333335,0.04,0.04,5.053074564264096,7,74
192,81,49,3.950617283950617,320,0.6049382716049383,3.849803586460092,0.8856218745807111,0.9620484682213076,256.05852766346595,35,0.43209876543209874,13.548387096774194,12,0.14814814814814814,37,0.4567901234567901,46,0.5679012345679012,0.2222222222222222,0.24691358024691357,0.024691358024691357,0.04938271604938271,5.214436231328181,9,80
193,54,39,3.9444444444444446,213,0.7222222222222222,3.7527767497325675,0.9184197287740683,0.9629629629629629,185.1851851851852,29,0.5370370370370371,14.666666666666666,5,0.09259259259259259,32,0.5925925925925926,25,0.46296296296296297,0.2777777777777778,0.24074074074074073,0.09259259259259259,0.0,5.053511521035187,5,53
194,41,28,4.609756097560975,189,0.6829268292682927,3.092082730095703,0.8973043878834545,0.9482450922070197,273.64663890541345,23,0.5609756097560976,12.055555555555555,6,0.14634146341463414,21,0.5121951219512195,18,0.43902439024390244,0.2682926829268293,0.2682926829268293,0.04878048780487805,0.0,4.568173273481491,5,40
195,50,38,3.92,196,0.76,3.8,0.9298478446264339,0.9656,144.0,25,0.5,14.52,1,0.02,31,0.62,25,0.5,0.24,0.18,0.14,0.0,5.078562939644918,4,49
196,56,38,4.178571428571429,234,0.6785714285714286,3.5906624935876583,0.9036691546974007,0.9521683673469389,299.7448979591837,29,0.5178571428571429,9.64,8,0.14285714285714285,32,0.5714285714285714,27,0.48214285714285715,0.3392857142857143,0.16071428571428573,0.017857142857142856,0.0,4.8802808691845065,7,55
197,76,49,4.5,342,0.6447368421052632,3.9744248177036825,0.8986515659847379,0.9643351800554018,225.06925207756234,42,0.5526315789473685,11.181818181818182,16,0.21052631578947367,37,0.4868421052631579,34,0.4473684210526316,0.27631578947368424,0.19736842105263158,0.039473684210526314,0.013157894736842105,5.265413902087574,7,75
198,75,48,4.2,315,0.64,3.9191835884530852,0.8966326968615832,0.9671111111111111,195.55555555555554,39,0.52,12.8,12,0.16,35,0.4666666666666667,36,0.48,0.25333333333333335,0.24,0.02666666666666667,0.08,5.29006706440833,7,74
199,67,41,4.641791044776119,311,0.6119402985074627,3.5418605448835763,0.8831970378948188,0.957897081755402,271.77545110269546,37,0.5522388059701493,11.172413793103448,13,0.19402985074626866,28,0.417910447761194,30,0.44776119402985076,0.2537313432835821,0.23880597014925373,0.014925373134328358,0.08955223880597014,5.0280462796871035,9,66
200,79,54,4.405063291139241,348,0.6835443037974683,4.296009334548942,0.912926342469579,0.962666239384714,246.75532767184745,43,0.5443037974683544,16.2972972972973,11,0.13924050632911392,43,0.5443037974683544,36,0.45569620253164556,0.22784810126582278,0.21518987341772153,0.0379746835443038,0.05063291139240506,5.382152453149586,11,78
201,63,45,4.507936507936508,284,0.7142857142857143,4.008918628686366,0.918788005015163,0.9669942050894432,171.32779037540942,42,0.6666666666666666,10.151515151515152,12,0.19047619047619047,36,0.5714285714285714,21,0.3333333333333333,0.2698412698412698,0.20634920634920634,0.14285714285714285,0.047619047619047616,5.247531217927901,5,62
202,151,93,4.370860927152318,660,0.6158940397350994,5.351548640130455,0.9033977853686245,0.978290425858515,150.8705758519363,90,0.5960264900662252,9.044117647058824,26,0.17218543046357615,74,0.4900662251655629,61,0.40397350993377484,0.2847682119205298,0.15894039735099338,0.11920529801324503,0.06622516556291391,6.092214921729273,9,150
203,132,79,4.03030303030303,532,0.5984848484848485,4.8621138936836426,0.8948648586901041,0.9738292011019284,185.9504132231405,69,0.5227272727272727,13.903846153846153,15,0.11363636363636363,57,0.4318181818181818,63,0.4772727272727273,0.25757575757575757,0.17424242424242425,0.06818181818181818,0.06818181818181818,5.868950820145785,12,131
204,63,48,4.0476190476190474,255,0.7619047619047619,4.27617987059879,0.9343652250187668,0.9760644998740237,80.62484252960444,37,0.5873015873015873,15.09375,7,0.1111111111111111,34,0.5396825396825397,26,0.4126984126984127,0.30158730158730157,0.23809523809523808,0.015873015873015872,0.06349206349206349,5.48910710600526,3,62
205,72,45,3.75,270,0.625,3.75,0.8901004623307206,0.9633487654320987,227.62345679012347,42,0.5833333333333334,13.393939393939394,8,0.1111111111111111,32,0.4444444444444444,30,0.4166666666666667,0.2638888888888889,0.19444444444444445,0.06944444444444445,0.08333333333333333,5.176733681937774,8,71
206,56,35,4.303571428571429,241,0.625,3.307189138830738,0.8832391141555387,0.9617346938775511,204.08163265306123,37,0.6607142857142857,11.48,7,0.125,22,0.39285714285714285,19,0.3392857142857143,0.30357142857142855,0.23214285714285715,0.05357142857142857,0.07142857142857142,4.923251796980339,4,55
207,51,35,4.098039215686274,209,0.6862745098039216,3.4655164004183603,0.9042486604437607,0.9557862360630527,246.05920799692427,29,0.5686274509803921,11.041666666666666,8,0.1568627450980392,27,0.5294117647058824,22,0.43137254901960786,0.3333333333333333,0.17647058823529413,0.0392156862745098,0.0392156862745098,4.858508185023911,6,50
208,61,37,3.7868852459016393,231,0.6065573770491803,3.3498226035731857,0.8783820744571478,0.9524321418973395,311.74415479709756,34,0.5573770491803278,15.0,3,0.04918032786885246,28,0.45901639344262296,27,0.4426229508196721,0.36065573770491804,0.14754098360655737,0.03278688524590164,0.01639344262295082,4.82973308414108,7,60
209,80,49,4.175,334,0.6125,3.8737901337062643,0.8881325063877124,0.9684375,190.625,40,0.5,13.666666666666666,9,0.1125,33,0.4125,40,0.5,0.15,0.275,0.0875,0.0625,5.327855751945729,7,79
210,77,51,4.246753246753247,327,0.6623376623376623,4.109697116529439,0.9051569421004246,0.9681227863046045,188.90200708382525,37,0.4805194805194805,11.709677419354838,11,0.14285714285714285,40,0.5194805194805194,40,0.5194805194805194,0.16883116883116883,0.2857142857142857,0.03896103896103896,0.06493506493506493,5.363854236339962,7,76
211,100,72,4.21,421,0.72,5.091168824543142,0.9286662482156341,0.981,90.0,48,0.48,12.285714285714286,15,0.15,55,0.55,52,0.52,0.23,0.22,0.04,0.08,5.973919005177825,5,99
212,103,62,4.563106796116505,470,0.6019417475728155,4.319744688608029,0.8904801975533775,0.9661608068620983,241.3045527382411,56,0.5436893203883495,11.833333333333334,16,0.1553398058252427,48,0.46601941747572817,47,0.4563106796116505,0.3106796116504854,0.18446601941747573,0.038834951456310676,0.038834951456310676,5.490895364709332,11,102
213,50,38,4.84,242,0.76,3.8,0.9298478446264339,0.9616,184.0,27,0.54,9.0,12,0.24,31,0.62,23,0.46,0.3,0.2,0.08,0.02,5.038562939644918,6,49
214,58,38,4.224137931034483,245,0.6551724137931034,3.5282114253639856,0.8958594296923456,0.9607609988109393,219.97621878715813,28,0.4827586206896552,10.04,14,0.2413793103448276,28,0.4827586206896552,30,0.5172413793103449,0.25862068965517243,0.25862068965517243,0.06896551724137931,0.0,4.983342099382734,5,57
215,91,54,4.3076923076923075,392,0.5934065934065934,4.002746309969947,0.8843068689684038,0.9684820673831662,205.28921627822726,42,0.46153846153846156,11.2,18,0.1978021978021978,37,0.4065934065934066,49,0.5384615384615384,0.25274725274725274,0.21978021978021978,0.054945054945054944,0.02197802197802198,5.414134821817689,9,90
216,61,42,4.524590163934426,276,0.6885245901639344,3.802501333785778,0.9092153497721114,0.9599570008062349,236.49556570814298,39,0.639344262295082,10.84375,11,0.18032786885245902,32,0.5245901639344263,22,0.36065573770491804,0.3442622950819672,0.14754098360655737,0.13114754098360656,0.03278688524590164,5.0986900014618435,8,60
217,84,53,4.071428571428571,342,0.6309523809523809,4.089038773995435,0.8960632077111801,0.9637188208616779,243.7641723356009,46,0.5476190476190477,16.37837837837838,9,0.10714285714285714,38,0.4523809523809524,38,0.4523809523809524,0.2857142857142857,0.13095238095238096,0.09523809523809523,0.047619047619047616,5.35888128816955,11,83
218,61,40,4.049180327868853,247,0.6557377049180327,3.621429841700741,0.8973467870816714,0.9610319806503629,225.74576726686374,35,0.5737704918032787,19.178571428571427,4,0.06557377049180328,30,0.4918032786885246,26,0.4262295081967213,0.26229508196721313,0.13114754098360656,0.13114754098360656,0.09836065573770492,5.035176837840087,6,60
219,65,45,4.046153846153846,263,0.6923076923076923,3.9467610868816316,0.9119092800092525,0.9689940828402367,156.2130177514793,36,0.5538461538461539,16.633333333333333,8,0.12307692307692308,34,0.5230769230769231,29,0.4461538461538462,0.26153846153846155,0.2153846153846154,0.12307692307692308,0.046153846153846156,5.2742264209809075,5,64
220,94,58,3.978723404255319,374,0.6170212765957447,4.230084753438942,0.8937221125056883,0.96831145314622,210.50248981439566,50,0.5319148936170213,15.048780487804878,9,0.09574468085106383,43,0.4574468085106383,44,0.46808510638297873,0.2765957446808511,0.14893617021276595,0.09574468085106383,0.05319148936170213,5.475618872926971,9,93
221,70,48,4.057142857142857,284,0.6857142857142857,4.05674042269688,0.9111934438793271,0.9685714285714286,171.42857142857142,38,0.5428571428571428,13.516129032258064,6,0.08571428571428572,35,0.5,32,0.45714285714285713,0.24285714285714285,0.21428571428571427,0.07142857142857142,0.02857142857142857,5.341265024677394,7,69
222,72,37,4.152777777777778,299,0.5138888888888888,3.0833333333333335,0.8443300954891935,0.9544753086419753,316.358024691358,40,0.5555555555555556,12.72,12,0.16666666666666666,22,0.3055555555555556,32,0.4444444444444444,0.25,0.19444444444444445,0.09722222222222222,0.027777777777777776,4.844564974147584,8,71
223,100,61,4.22,422,0.61,4.313351365237939,0.8926649175053835,0.9732000000000001,168.0,54,0.54,13.8,12,0.12,42,0.42,46,0.46,0.2,0.19,0.08,0.05,5.620818564536751,9,99
224,125,76,4.432,554,0.608,4.806662043455937,0.8969453055273121,0.97856,134.4,70,0.56,13.938775510204081,19,0.152,53,0.424,55,0.44,0.216,0.208,0.064,0.064,5.933521736846103,9,124
225,100,66,4.25,425,0.66,4.666904755831213,0.9097719677709342,0.9692000000000001,208.0,49,0.49,12.976190476190476,11,0.11,51,0.51,51,0.51,0.21,0.18,0.01,0.06,5.660818564536751,12,99
226,87,50,4.091954022988506,356,0.5747126436781609,3.790490217894517,0.8759748076963788,0.9597040560179682,288.01691108468754,50,0.5747126436781609,11.026315789473685,10,0.11494252873563218,37,0.42528735632183906,37,0.42528735632183906,0.3563218390804598,0.13793103448275862,0.08045977011494253,0.011494252873563218,5.1821321800819335,9,86
227,53,37,3.7169811320754715,197,0.6981132075471698,3.593757690721877,0.9094842372468339,0.9498042007831968,313.2787468850125,31,0.5849056603773585,11.777777777777779,4,0.07547169811320754,31,0.5849056603773585,22,0.41509433962264153,0.3584905660377358,0.1509433962264151,0.018867924528301886,0.018867924528301886,4.8531180399103615,8,52
228,54,29,4.037037037037037,218,0.5370370370370371,2.790526301083191,0.8441487332812818,0.9135802469135802,679.0123456790124,27,0.5,10.157894736842104,5,0.09259259259259259,20,0.37037037037037035,27,0.5,0.3148148148148148,0.09259259259259259,0.05555555555555555,0.018518518518518517,4.287755431522768,13,53
229,54,37,3.9074074074074074,211,0.6851851851851852,3.560326660002692,0.9052224502512914,0.9602194787379972,212.62002743484226,28,0.5185185185185185,19.96,7,0.12962962962962962,28,0.5185185185185185,26,0.48148148148148145,0.2777777777777778,0.2222222222222222,0.037037037037037035,0.0,4.9636086882153085,5,53
230,43,34,4.232558139534884,182,0.7906976744186046,3.6663142889169062,0.9375625907014266,0.9659275283937263,108.1665765278529,22,0.5116279069767442,18.105263157894736,7,0.16279069767441862,26,0.6046511627906976,21,0.4883720930232558,0.20930232558139536,0.32558139534883723,0.046511627906976744,0.023255813953488372,4.990104580233179,3,42
231,49,33,4.244897959183674,208,0.673469387755102,3.3335033970222954,0.8984247199604617,0.9629321116201582,166.5972511453561,23,0.46938775510204084,13.894736842105264,8,0.16326530612244897,21,0.42857142857142855,26,0.5306122448979592,0.2653061224489796,0.24489795918367346,0.061224489795918366,0.04081632653061224,4.900025150061047,3,48
232,106,60,4.047169811320755,429,0.5660377358490566,4.120816918460671,0.8779667707875739,0.9693841224635101,211.8191527233891,53,0.5,12.051282051282051,15,0.14150943396226415,43,0.4056603773584906,53,0.5,0.2358490566037736,0.20754716981132076,0.08490566037735849,0.04716981132075472,5.490181214223211,8,105
233,114,67,4.078947368421052,465,0.5877192982456141,4.437183396167897,0.8877779647971248,0.9735303170206218,176.97753154816866,54,0.47368421052631576,11.304347826086957,19,0.16666666666666666,49,0.4298245614035088,60,0.5263157894736842,0.23684210526315788,0.19298245614035087,0.06140350877192982,0.06140350877192982,5.680257642092311,8,113
234,93,53,4.064516129032258,378,0.5698924731182796,3.8861485480658624,0.8759414811631755,0.9645045670019655,247.42744825991443,47,0.5053763440860215,14.542857142857143,9,0.0967741935483871,38,0.40860215053763443,46,0.4946236559139785,0.25806451612903225,0.17204301075268819,0.053763440860215055,0.06451612903225806,5.304642682608305,9,92
235,115,80,4.539130434782609,522,0.6956521739130435,5.275043787166296,0.9235172424237494,0.9789035916824196,124.00756143667297,72,0.6260869565217392,9.816666666666666,22,0.19130434782608696,66,0.5739130434782609,43,0.3739130434782609,0.2782608695652174,0.20869565217391303,0.13043478260869565,0.02608695652173913,6.007034534530731,7,114
236,102,56,4.127450980392157,421,0.5490196078431373,3.9207842352784272,0.8703514276177291,0.9700115340253749,201.84544405997693,61,0.5980392156862745,9.209302325581396,12,0.11764705882352941,36,0.35294117647058826,41,0.4019607843137255,0.3333333333333333,0.16666666666666666,0.06862745098039216,0.0392156862745098,5.459389219530137,9,101
237,88,57,4.034090909090909,355,0.6477272727272727,4.296536660233132,0.9030036013285123,0.9710743801652892,175.6198347107438,52,0.5909090909090909,10.21951219512195,7,0.07954545454545454,43,0.48863636363636365,36,0.4090909090909091,0.3409090909090909,0.17045454545454544,0.09090909090909091,0.03409090909090909,5.515845681823014,7,87
238,134,94,4.82089552238806,646,0.7014925373134329,5.741963884746346,0.9276119611579658,0.9790599242593004,134.7738917353531,83,0.6194029850746269,7.75,34,0.2537313432835821,79,0.5895522388059702,51,0.3805970149253731,0.31343283582089554,0.23134328358208955,0.09701492537313433,0.04477611940298507,6.177472306450575,9,133
239,104,71,4.259615384615385,443,0.6826923076923077,4.922964241498908,0.917812468762992,0.9768860946745562,134.9852071005917,58,0.5576923076923077,10.083333333333334,13,0.125,55,0.5288461538461539,46,0.4423076923076923,0.27884615384615385,0.21153846153846154,0.07692307692307693,0.009615384615384616,5.854534252265741,8,103
240,111,67,4.351351351351352,483,0.6036036036036037,4.496745569933963,0.8928051078681494,0.9646944241538836,262.9656683710738,62,0.5585585585585585,11.591836734693878,15,0.13513513513513514,50,0.45045045045045046,49,0.44144144144144143,0.2702702702702703,0.16216216216216217,0.09009009009009009,0.036036036036036036,5.571833912271605,14,110
241,70,45,4.285714285714286,300,0.6428571428571429,3.8031941462783245,0.8960025309888516,0.9636734693877551,220.40816326530611,37,0.5285714285714286,11.387096774193548,13,0.18571428571428572,32,0.45714285714285713,33,0.4714285714285714,0.35714285714285715,0.1,0.02857142857142857,0.04285714285714286,5.187623774646488,7,69
242,58,40,4.758620689655173,276,0.6896551724137931,3.7139067635410377,0.9084918676441462,0.961950059453032,208.0856123662307,31,0.5344827586206896,11.576923076923077,14,0.2413793103448276,31,0.5344827586206896,27,0.46551724137931033,0.22413793103448276,0.22413793103448276,0.06896551724137931,0.06896551724137931,5.060314400188082,6,57
243,75,44,3.76,282,0.5866666666666667,3.5925849560819945,0.876479456203704,0.9635555555555556,231.11111111111111,34,0.4533333333333333,14.428571428571429,7,0.09333333333333334,29,0.38666666666666666,41,0.5466666666666666,0.28,0.10666666666666667,0.04,0.08,5.141500356874088,6,74
244,35,26,4.085714285714285,143,0.7428571428571429,3.1075943842694236,0.916393129919492,0.9518367346938775,195.91836734693877,23,0.6571428571428571,12.2,4,0.11428571428571428,19,0.5428571428571428,12,0.34285714285714286,0.4,0.22857142857142856,0.05714285714285714,0.0,4.5578544455163925,4,34
245,74,53,4.6891891891891895,347,0.7162162162162162,4.3565731635919684,0.9224516422441998,0.9693206720233747,171.6581446311176,40,0.5405405405405406,9.944444444444445,16,0.21621621621621623,42,0.5675675675675675,34,0.4594594594594595,0.3108108108108108,0.17567567567567569,0.10810810810810811,0.0,5.459321270975888,8,73
246,74,43,3.824324324324324,283,0.581081081081081,3.534578227065182,0.8738715689110382,0.960189919649379,262.9656683710738,44,0.5945945945945946,15.925925925925926,4,0.05405405405405406,28,0.3783783783783784,30,0.40540540540540543,0.3108108108108108,0.17567567567567569,0.04054054054054054,0.02702702702702703,5.076016838859665,8,73
247,35,28,4.371428571428571,153,0.8,3.3466401061363023,0.9372372135006298,0.943673469387755,277.55102040816325,20,0.5714285714285714,12.842105263157896,3,0.08571428571428572,25,0.7142857142857143,15,0.42857142857142855,0.22857142857142856,0.22857142857142856,0.05714285714285714,0.08571428571428572,4.571860873964195,6,34
248,55,43,4.672727272727273,257,0.7818181818181819,4.099889133756047,0.938579334893854,0.9679338842975207,138.84297520661158,32,0.5818181818181818,14.357142857142858,10,0.18181818181818182,37,0.6727272727272727,23,0.41818181818181815,0.2909090909090909,0.2545454545454545,0.01818181818181818,0.03636363636363636,5.238190568416888,5,54
249,47,29,4.51063829787234,212,0.6170212765957447,2.991121614150501,0.8745887634258168,0.9334540516070621,452.6935264825713,28,0.5957446808510638,14.2,6,0.1276595744680851,21,0.44680851063829785,19,0.40425531914893614,0.3191489361702128,0.23404255319148937,0.02127659574468085,0.0,4.46343539390861,9,46
250,61,39,4.081967213114754,249,0.639344262295082,3.5308940956582227,0.8911880459427284,0.958344531040043,252.62026337006182,31,0.5081967213114754,11.958333333333334,5,0.08196721311475409,27,0.4426229508196721,30,0.4918032786885246,0.2459016393442623,0.2786885245901639,0.01639344262295082,0.06557377049180328,4.995990616109543,8,60
251,55,44,4.618181818181818,254,0.8,4.1952353926806065,0.9443161970817594,0.9725619834710744,92.56198347107438,34,0.6181818181818182,10.5,13,0.23636363636363636,36,0.6545454545454545,21,0.38181818181818183,0.2545454545454545,0.21818181818181817,0.07272727272727272,0.09090909090909091,5.3401840315884685,3,54
252,89,58,4.314606741573034,384,0.651685393258427,4.347283796175996,0.9046050239058966,0.9710895089003914,176.7453604342886,51,0.5730337078651685,12.023255813953488,15,0.16853932584269662,43,0.48314606741573035,38,0.42696629213483145,0.3258426966292135,0.15730337078651685,0.0449438202247191,0.06741573033707865,5.5509720542945145,9,88
253,94,63,4.372340425531915,411,0.6702127659574468,4.594747232183678,0.911922938075672,0.9737437754640109,156.17926663648709,50,0.5319148936170213,13.476190476190476,16,0.1702127659574468,49,0.5212765957446809,44,0.46808510638297873,0.23404255319148937,0.23404255319148937,0.05319148936170213,0.09574468085106383,5.670786655724186,7,93
254,87,60,4.689655172413793,408,0.6896551724137931,4.54858826147342,0.9167999997849436,0.9657814770775532,227.24270048883605,48,0.5517241379310345,11.682926829268293,18,0.20689655172413793,50,0.5747126436781609,39,0.4482758620689655,0.26436781609195403,0.16091954022988506,0.08045977011494253,0.09195402298850575,5.514405521616418,11,86
255,75,45,4.213333333333333,316,0.6,3.6742346141747673,0.8816845326882463,0.9589333333333333,277.3333333333333,37,0.49333333333333335,10.483870967741936,7,0.09333333333333334,31,0.41333333333333333,38,0.5066666666666667,0.21333333333333335,0.22666666666666666,0.04,0.06666666666666667,5.12090423809854,10,74
256,108,65,4.12037037037037,445,0.6018518518518519,4.422689813358516,0.8915570853103917,0.9727366255144032,180.0411522633745,53,0.49074074074074076,14.227272727272727,16,0.14814814814814814,48,0.4444444444444444,55,0.5092592592592593,0.25,0.16666666666666666,0.06481481481481481,0.027777777777777776,5.64819265519428,9,107
257,93,60,4.365591397849462,406,0.6451612903225806,4.399413450640599,0.9033104664126702,0.9756041160827842,136.43195745172852,47,0.5053763440860215,13.894736842105264,21,0.22580645161290322,43,0.46236559139784944,46,0.4946236559139785,0.24731182795698925,0.1827956989247312,0.06451612903225806,0.021505376344086023,5.65174671419426,6,92
258,55,39,4.8545454545454545,267,0.7090909090909091,3.71850409805781,0.9142143856743267,0.9639669421487603,178.51239669421489,33,0.6,8.518518518518519,12,0.21818181818181817,30,0.5454545454545454,22,0.4,0.32727272727272727,0.2727272727272727,0.12727272727272726,0.01818181818181818,5.07009761391077,5,54
259,62,45,4.564516129032258,283,0.7258064516129032,4.041119295602436,0.9223500217400189,0.9630593132154007,208.1165452653486,33,0.532258064516129,12.714285714285714,13,0.20967741935483872,38,0.6129032258064516,29,0.46774193548387094,0.2903225806451613,0.25806451612903225,0.06451612903225806,0.016129032258064516,5.199826956626116,7,61
260,55,45,4.4363636363636365,244,0.8181818181818182,4.290581651605166,0.949924130041982,0.9613223140495868,204.95867768595042,28,0.509090909090909,10.192307692307692,7,0.12727272727272726,41,0.7454545454545455,27,0.4909090909090909,0.21818181818181817,0.2909090909090909,0.03636363636363636,0.01818181818181818,5.2359051680701105,8,54
261,96,52,3.71875,357,0.5416666666666666,3.7527767497325675,0.8656753500899672,0.9559461805555555,336.37152777777777,42,0.4375,14.548387096774194,5,0.052083333333333336,35,0.3645833333333333,54,0.5625,0.23958333333333334,0.25,0.020833333333333332,0.041666666666666664,5.1893999655975795,14,95
262,73,38,4.2465753424657535,310,0.5205479452054794,3.1449023766889983,0.84783138254134,0.9438919121786451,424.0945768436855,42,0.5753424657534246,10.035714285714286,7,0.0958904109589041,24,0.3287671232876712,31,0.4246575342465753,0.3287671232876712,0.1232876712328767,0.0958904109589041,0.0273972602739726,4.758269853893474,12,72
263,89,46,4.191011235955056,373,0.5168539325842697,3.4478457693809625,0.8529631454012324,0.9506375457644237,381.2649917939654,47,0.5280898876404494,11.942857142857143,3,0.033707865168539325,31,0.34831460674157305,42,0.47191011235955055,0.33707865168539325,0.12359550561797752,0.056179775280898875,0.033707865168539325,4.99773567965928,14,88
264,67,39,3.91044776119403,262,0.582089552238806,3.3690868597673043,0.871303083900649,0.9561149476498106,289.59679215860996,34,0.5074626865671642,9.923076923076923,3,0.04477611940298507,26,0.3880597014925373,33,0.4925373134328358,0.29850746268656714,0.13432835820895522,0.04477611940298507,0.014925373134328358,4.935127436564974,8,66
265,64,38,3.59375,230,0.59375,3.3587572106361003,0.8746545855739309,0.953125,312.5,28,0.4375,9.875,3,0.046875,29,0.453125,36,0.5625,0.3125,0.140625,0.046875,0.0,4.851159571322961,7,63
266,59,38,3.9152542372881354,231,0.6440677966101694,3.4981835480136287,0.8921036801668408,0.9606434932490663,224.07354208560758,28,0.4745762711864407,12.19047619047619,3,0.05084745762711865,29,0.4915254237288136,31,0.5254237288135594,0.3050847457627119,0.1694915254237288,0.05084745762711865,0.0,4.969519270024088,5,58
267,134,79,4.2611940298507465,571,0.5895522388059702,4.825693052074056,0.8921173478378804,0.9744932056137224,180.44107819113387,67,0.5,14.618181818181819,26,0.19402985074626866,56,0.417910447761194,67,0.5,0.19402985074626866,0.1865671641791045,0.06716417910447761,0.06716417910447761,5.8710746543411645,11,133
268,115,71,4.260869565217392,490,0.6173913043478261,4.681601361110087,0.898364773557196,0.9743667296786389,169.37618147448015,56,0.48695652173913045,14.51063829787234,17,0.14782608695652175,52,0.45217391304347826,59,0.5130434782608696,0.1826086956521739,0.2,0.043478260869565216,0.12173913043478261,5.779677659376656,9,114
269,65,51,4.107692307692307,267,0.7846153846153846,4.472995898465849,0.9418928763700031,0.9723076923076923,123.07692307692308,33,0.5076923076923077,13.8125,8,0.12307692307692308,43,0.6615384615384615,32,0.49230769230769234,0.27692307692307694,0.18461538461538463,0.015384615384615385,0.09230769230769231,5.483605505203013,6,64
270,64,47,4.3125,276,0.734375,4.1542523394709665,0.9257648086129396,0.96435546875,200.1953125,31,0.484375,9.777777777777779,13,0.203125,38,0.59375,33,0.515625,0.265625,0.1875,0.09375,0.046875,5.28125,8,63
271,90,61,4.222222222222222,380,0.6777777777777778,4.546671554249572,0.9135661650932877,0.9753086419753086,135.80246913580248,39,0.43333333333333335,12.694444444444445,12,0.13333333333333333,47,0.5222222222222223,51,0.5666666666666667,0.18888888888888888,0.2222222222222222,0.03333333333333333,0.06666666666666667,5.6680868131361395,6,89
272,84,54,4.011904761904762,337,0.6428571428571429,4.166190448976481,0.9002818729958816,0.9719387755102041,161.56462585034015,42,0.5,12.45945945945946,6,0.07142857142857142,39,0.4642857142857143,42,0.5,0.23809523809523808,0.15476190476190477,0.023809523809523808,0.13095238095238096,5.485403024357522,7,83
273,73,48,3.9178082191780823,286,0.6575342465753424,3.972508265291366,0.9022812274556125,0.9649089885531994,213.92381309814223,35,0.4794520547945205,12.0,6,0.0821917808219178,39,0.5342465753424658,38,0.5205479452054794,0.2054794520547945,0.1780821917808219,0.0958904109589041,0.0273972602739726,5.246073148063843,6,72
274,109,52,3.981651376146789,434,0.47706422018348627,3.5218843996887013,0.8422406135236239,0.9662486322700109,245.77055803383553,50,0.45871559633027525,15.941176470588236,9,0.08256880733944955,31,0.28440366972477066,59,0.5412844036697247,0.24770642201834864,0.12844036697247707,0.05504587155963303,0.045871559633027525,5.280140087177038,8,108
275,111,56,3.684684684684685,409,0.5045045045045045,3.7584739091985364,0.8547246792500588,0.9668046424803182,241.86348510672835,50,0.45045045045045046,12.297297297297296,5,0.04504504504504504,39,0.35135135135135137,61,0.5495495495495496,0.2702702702702703,0.13513513513513514,0.018018018018018018,0.06306306306306306,5.3453001552650585,8,110
276,91,55,3.912087912087912,356,0.6043956043956044,4.076871241636057,0.8883746389004284,0.9682405506581331,207.70438352855936,43,0.4725274725274725,14.205882352941176,8,0.08791208791208792,40,0.43956043956043955,48,0.5274725274725275,0.21978021978021978,0.1978021978021978,0.04395604395604396,0.054945054945054944,5.415026130350081,7,90
277,71,44,3.971830985915493,282,0.6197183098591549,3.6923979765054322,0.8877489614690067,0.965681412418171,202.3408053957548,38,0.5352112676056338,13.366666666666667,7,0.09859154929577464,31,0.43661971830985913,33,0.4647887323943662,0.29577464788732394,0.15492957746478872,0.056338028169014086,0.028169014084507043,5.176598050070864,5,70
278,48,29,4.083333333333333,196,0.6041666666666666,2.9598001058630072,0.8698323389817366,0.9453125,338.5416666666667,30,0.625,13.476190476190476,2,0.041666666666666664,19,0.3958333333333333,18,0.375,0.3333333333333333,0.125,0.0625,0.041666666666666664,4.560769595330946,7,47
279,50,40,3.98,199,0.8,4.0,0.9429595503388948,0.964,160.0,31,0.62,13.074074074074074,1,0.02,34,0.68,19,0.38,0.36,0.18,0.02,0.02,5.133660689688188,6,49
280,36,24,4.0,144,0.6666666666666666,2.8284271247461903,0.8868528072345416,0.9320987654320987,401.2345679012346,18,0.5,8.625,5,0.1388888888888889,19,0.5277777777777778,18,0.5,0.3333333333333333,0.2777777777777778,0.0,0.0,4.273684376262022,6,35
281,48,32,4.020833333333333,193,0.6666666666666666,3.2659863237109046,0.8952611587552068,0.9583333333333334,208.33333333333334,26,0.5416666666666666,11.0,3,0.0625,23,0.4791666666666667,22,0.4583333333333333,0.2708333333333333,0.3125,0.020833333333333332,0.020833333333333332,4.79799505257913,4,47
282,45,34,3.9555555555555557,178,0.7555555555555555,3.5839146815241634,0.9263654274821012,0.9609876543209876,167.90123456790124,22,0.4888888888888889,14.631578947368421,4,0.08888888888888889,28,0.6222222222222222,23,0.5111111111111111,0.2222222222222222,0.24444444444444444,0.06666666666666667,0.06666666666666667,4.908193929518776,4,44
283,47,29,3.9148936170212765,184,0.6170212765957447,2.991121614150501,0.8745887634258168,0.9379809868718878,407.42417383431416,27,0.574468085106383,11.85,6,0.1276595744680851,22,0.46808510638297873,20,0.425531914893617,0.3404255319148936,0.2127659574468085,0.02127659574468085,0.02127659574468085,4.4764817354423805,7,46
284,47,29,4.170212765957447,196,0.6170212765957447,2.991121614150501,0.8745887634258168,0.9379809868718878,407.42417383431416,32,0.6808510638297872,9.5,9,0.19148936170212766,23,0.48936170212765956,15,0.3191489361702128,0.3617021276595745,0.23404255319148937,0.0425531914893617,0.0,4.463926619149126,7,46
285,57,44,4.456140350877193,254,0.7719298245614035,4.120977570959454,0.9359736949230092,0.9719913819636812,104.6475838719606,31,0.543859649122807,9.357142857142858,11,0.19298245614035087,34,0.5964912280701754,26,0.45614035087719296,0.24561403508771928,0.22807017543859648,0.10526315789473684,0.017543859649122806,5.328418303600467,4,56
286,80,55,4.5875,367,0.6875,4.348131782731521,0.9144931145610676,0.96625,212.5,44,0.55,10.756756756756756,14,0.175,44,0.55,36,0.45,0.2625,0.1625,0.075,0.1,5.443942707918266,10,79
287,84,49,4.535714285714286,381,0.5833333333333334,3.7804320740712516,0.8783527901958404,0.9637188208616779,243.7641723356009,43,0.5119047619047619,9.375,15,0.17857142857142858,33,0.39285714285714285,41,0.4880952380952381,0.2261904761904762,0.20238095238095238,0.05952380952380952,0.05952380952380952,5.257100203299102,10,83
288,67,40,4.119402985074627,276,0.5970149253731343,3.4554737023254405,0.8773244058559165,0.9561149476498105,289.59679215860996,29,0.43283582089552236,10.25,10,0.14925373134328357,27,0.40298507462686567,38,0.5671641791044776,0.2537313432835821,0.1791044776119403,0.029850746268656716,0.014925373134328358,4.974171048725359,9,66
289,39,26,4.282051282051282,167,0.6666666666666666,2.943920288775949,0.88932488455967,0.9441157133464826,302.4326101249178,23,0.5897435897435898,7.684210526315789,6,0.15384615384615385,19,0.48717948717948717,16,0.41025641025641024,0.3076923076923077,0.20512820512820512,0.02564102564102564,0.05128205128205128,4.455542527154548,5,38
290,57,40,4.684210526315789,267,0.7017543859649122,3.746343246326776,0.9123998707267673,0.9578331794398277,246.22960911049555,34,0.5964912280701754,7.714285714285714,14,0.24561403508771928,31,0.543859649122807,23,0.40350877192982454,0.3508771929824561,0.17543859649122806,0.03508771929824561,0.03508771929824561,5.034472908825668,8,56
291,101,59,4.485148514851486,453,0.5841584158415841,4.151225513908722,0.8835170022161243,0.9704930889128517,196.0592098813842,56,0.5544554455445545,10.813953488372093,22,0.21782178217821782,38,0.37623762376237624,45,0.44554455445544555,0.2871287128712871,0.1782178217821782,0.06930693069306931,0.0594059405940594,5.534795423518834,9,100
292,92,49,3.8369565217391304,353,0.532608695652174,3.61232792579498,0.8606816156474222,0.9605387523629489,285.91682419659736,47,0.5108695652173914,12.9375,6,0.06521739130434782,32,0.34782608695652173,45,0.4891304347826087,0.2391304347826087,0.1956521739130435,0.03260869565217391,0.03260869565217391,5.170968891951068,10,91
293,77,45,4.12987012987013,318,0.5844155844155844,3.626203338114211,0.8763427732326594,0.9660988362287064,209.14150784280653,41,0.5324675324675324,13.892857142857142,9,0.11688311688311688,30,0.38961038961038963,36,0.4675324675324675,0.22077922077922077,0.2727272727272727,0.03896103896103896,0.09090909090909091,5.193680170784635,6,76
294,94,55,4.308510638297872,405,0.5851063829787234,4.011287266192101,0.8820323965926451,0.9680851063829787,212.7659574468085,49,0.5212765957446809,14.441176470588236,13,0.13829787234042554,38,0.40425531914893614,45,0.4787234042553192,0.23404255319148937,0.2127659574468085,0.05319148936170213,0.07446808510638298,5.425725724672794,10,93
295,53,41,3.981132075471698,211,0.7735849056603774,3.982272035664783,0.9353398056270041,0.9690281238875045,121.03951584193663,30,0.5660377358490566,18.178571428571427,7,0.1320754716981132,33,0.6226415094339622,23,0.4339622641509434,0.22641509433962265,0.24528301886792453,0.05660377358490566,0.018867924528301886,5.20886809599099,4,52
296,68,52,4.352941176470588,296,0.7647058823529411,4.458963213705229,0.936422918184129,0.9753460207612457,99.48096885813149,43,0.6323529411764706,14.378378378378379,10,0.14705882352941177,42,0.6176470588235294,25,0.36764705882352944,0.25,0.22058823529411764,0.08823529411764706,0.10294117647058823,5.543057694064257,4,67
297,66,48,4.106060606060606,271,0.7272727272727273,4.177863742936748,0.9239904596614789,0.970615243342516,142.33241505968778,36,0.5454545454545454,17.096774193548388,9,0.13636363636363635,37,0.5606060606060606,30,0.45454545454545453,0.19696969696969696,0.24242424242424243,0.06060606060606061,0.045454545454545456,5.381145066164256,6,65
298,69,48,4.231884057971015,292,0.6956521739130435,4.086031347641994,0.9142899468175075,0.969964293215711,155.4295316110061,36,0.5217391304347826,10.84375,9,0.13043478260869565,36,0.5217391304347826,33,0.4782608695652174,0.2898550724637681,0.15942028985507245,0.057971014492753624,0.057971014492753624,5.358170289954726,6,68
299,80,42,4.075,326,0.525,3.320391543176798,0.8529545641526054,0.9584375,290.625,40,0.5,13.0,10,0.125,26,0.325,40,0.5,0.275,0.175,0.0375,0.025,5.007446651186466,9,79
300,72,55,4.444444444444445,320,0.7638888888888888,4.583333333333333,0.937022688634494,0.974537037037037,115.74074074074075,38,0.5277777777777778,9.833333333333334,13,0.18055555555555555,44,0.6111111111111112,34,0.4722222222222222,0.2361111111111111,0.20833333333333334,0.1111111111111111,0.013888888888888888,5.593400348604442,6,71
301,70,52,4.442857142857143,311,0.7428571428571429,4.394802124588286,0.9300336927470476,0.9714285714285714,142.85714285714286,38,0.5428571428571428,15.542857142857143,14,0.2,43,0.6142857142857143,32,0.45714285714285713,0.12857142857142856,0.2857142857142857,0.04285714285714286,0.11428571428571428,5.46835926685225,6,69
302,78,50,4.1923076923076925,327,0.6410256410256411,4.003203845127178,0.8979307915788954,0.9700854700854701,170.94017094017093,36,0.46153846153846156,15.542857142857143,14,0.1794871794871795,36,0.46153846153846156,42,0.5384615384615384,0.16666666666666666,0.24358974358974358,0.038461538461538464,0.0641025641025641,5.376506667713777,6,77
303,55,41,4.654545454545454,256,0.7454545454545455,3.9091966159069287,0.9266941117821922,0.9685950413223141,132.23140495867767,27,0.4909090909090909,12.041666666666666,10,0.18181818181818182,32,0.5818181818181818,28,0.509090909090909,0.2,0.2909090909090909,0.07272727272727272,0.01818181818181818,5.194729486133922,4,54
304,55,36,3.5090909090909093,193,0.6545454545454545,3.4324653212841323,0.8942403271237415,0.9553719008264463,264.46280991735534,30,0.5454545454545454,14.72,1,0.01818181818181818,26,0.4727272727272727,25,0.45454545454545453,0.2909090909090909,0.21818181818181817,0.01818181818181818,0.03636363636363636,4.878605450717325,7,54
305,77,48,4.35064935064935,335,0.6233766233766234,3.8679502273218254,0.891200372703593,0.9667734862540057,202.3950075898128,38,0.4935064935064935,11.827586206896552,12,0.15584415584415584,34,0.44155844155844154,39,0.5064935064935064,0.22077922077922077,0.2077922077922078,0.03896103896103896,0.03896103896103896,5.277968807092077,6,76
306,90,61,4.388888888888889,395,0.6777777777777778,4.546671554249572,0.9135661650932877,0.9740740740740741,148.14814814814815,47,0.5222222222222223,15.595238095238095,18,0.2,45,0.5,43,0.4777777777777778,0.18888888888888888,0.23333333333333334,0.06666666666666667,0.12222222222222222,5.662639868739771,8,89
307,112,65,3.9375,441,0.5803571428571429,4.342995181076897,0.8846854441971893,0.9736926020408163,173.78826530612244,47,0.41964285714285715,11.368421052631579,11,0.09821428571428571,42,0.375,65,0.5803571428571429,0.20535714285714285,0.19642857142857142,0.044642857142857144,0.08035714285714286,5.67860813254946,9,111
308,81,46,4.234567901234568,343,0.5679012345679012,3.6141013260645765,0.8712448959429321,0.9547325102880658,329.2181069958848,47,0.5802469135802469,13.75,8,0.09876543209876543,32,0.3950617283950617,34,0.41975308641975306,0.2962962962962963,0.20987654320987653,0.012345679012345678,0.037037037037037035,5.067340153333212,11,80
309,113,64,3.920353982300885,443,0.5663716814159292,4.2572166735215315,0.8797423107318663,0.9689090766700603,222.41365807815805,53,0.4690265486725664,12.452380952380953,12,0.10619469026548672,44,0.3893805309734513,60,0.5309734513274337,0.3008849557522124,0.168141592920354,0.008849557522123894,0.035398230088495575,5.569530178942171,12,112
310,32,25,3.84375,123,0.78125,3.125,0.9287712379549449,0.953125,156.25,19,0.59375,10.823529411764707,2,0.0625,19,0.59375,13,0.40625,0.3125,0.1875,0.125,0.03125,4.538909765557392,3,31
311,73,43,4.027397260273973,294,0.589041095890411,3.558705320990182,0.8766427389153535,0.9622818540063802,240.19515856633515,34,0.4657534246575342,8.724137931034482,9,0.1232876712328767,27,0.3698630136986301,39,0.5342465753424658,0.273972602739726,0.1643835616438356,0.0410958904109589,0.0410958904109589,5.110771135138007,7,72
312,53,38,3.849056603773585,204,0.7169811320754716,3.690886276957604,0.9162011859404885,0.9597721609113563,213.59914560341758,27,0.5094339622641509,15.5,6,0.11320754716981132,31,0.5849056603773585,26,0.49056603773584906,0.32075471698113206,0.20754716981132076,0.0,0.0,4.991702529871615,6,52
313,54,40,4.092592592592593,221,0.7407407407407407,3.849001794597505,0.9247666601452519,0.967764060356653,137.17421124828533,27,0.5,11.958333333333334,7,0.12962962962962962,31,0.5740740740740741,27,0.5,0.25925925925925924,0.24074074074074073,0.018518518518518517,0.07407407407407407,5.157393752043275,4,53
314,50,36,3.98,199,0.72,3.6,0.9160270615698787,0.9544,256.0,27,0.54,10.695652173913043,7,0.14,31,0.62,23,0.46,0.3,0.24,0.06,0.02,4.867277761308517,5,49
315,51,34,3.980392156862745,203,0.6666666666666666,3.366501646120693,0.89687612168416,0.9442522106881969,361.3994617454825,24,0.47058823529411764,10.2,4,0.0784313725490196,28,0.5490196078431373,27,0.5294117647058824,0.2549019607843137,0.21568627450980393,0.0196078431372549,0.0784313725490196,4.69968729345313,8,50
316,79,56,4.0,316,0.7088607594936709,4.455120791384088,0.9212495094688926,0.9693959301394007,179.45842012497997,39,0.4936708860759494,8.783783783783784,9,0.11392405063291139,44,0.5569620253164557,40,0.5063291139240507,0.26582278481012656,0.20253164556962025,0.08860759493670886,0.0379746835443038,5.518475684666879,9,78
317,62,45,4.129032258064516,256,0.7258064516129032,4.041119295602436,0.9223500217400189,0.9656607700312175,182.10197710718003,31,0.5,8.925925925925926,4,0.06451612903225806,35,0.5645161290322581,31,0.5,0.27419354838709675,0.20967741935483872,0.06451612903225806,0.04838709677419355,5.250140109509402,7,61
318,79,54,4.367088607594937,345,0.6835443037974683,4.296009334548942,0.912926342469579,0.9693959301394007,179.45842012497997,40,0.5063291139240507,9.470588235294118,8,0.10126582278481013,43,0.5443037974683544,39,0.4936708860759494,0.24050632911392406,0.25316455696202533,0.0759493670886076,0.012658227848101266,5.44775982532343,7,78
319,75,49,4.573333333333333,343,0.6533333333333333,4.000833246545858,0.901408456900873,0.9649777777777778,216.88888888888889,39,0.52,10.75,12,0.16,38,0.5066666666666667,36,0.48,0.29333333333333333,0.22666666666666666,0.06666666666666667,0.04,5.2805598174457025,8,74
320,68,38,4.764705882352941,324,0.5588235294117647,3.2584731177076676,0.8620878106856227,0.9476643598615916,376.29757785467126,40,0.5882352941176471,10.96,14,0.20588235294117646,27,0.39705882352941174,28,0.4117647058823529,0.3088235294117647,0.22058823529411764,0.029411764705882353,0.04411764705882353,4.79557355548616,10,67
321,50,36,4.02,201,0.72,3.6,0.9160270615698787,0.9664,136.0,21,0.42,16.055555555555557,3,0.06,25,0.5,29,0.58,0.22,0.2,0.08,0.02,5.038562939644916,3,49
322,45,32,3.8222222222222224,172,0.7111111111111111,3.3730961708462712,0.9104395023496913,0.9560493827160493,217.28395061728395,22,0.4888888888888889,11.842105263157896,4,0.08888888888888889,24,0.5333333333333333,23,0.5111111111111111,0.35555555555555557,0.06666666666666667,0.08888888888888889,0.0,4.78941664134219,5,44
323,75,48,4.066666666666666,305,0.64,3.9191835884530852,0.8966326968615832,0.9639111111111112,227.55555555555554,35,0.4666666666666667,11.74074074074074,6,0.08,36,0.48,40,0.5333333333333333,0.25333333333333335,0.16,0.04,0.09333333333333334,5.254703356816399,9,74
324,102,58,4.078431372549019,416,0.5686274509803921,4.060812243681228,0.8779387846094235,0.9653979238754326,247.98154555940022,47,0.46078431372549017,13.114285714285714,8,0.0784313725490196,37,0.3627450980392157,55,0.5392156862745098,0.27450980392156865,0.14705882352941177,0.029411764705882353,0.058823529411764705,5.4553192992936355,13,101
325,83,53,4.0843373493975905,339,0.6385542168674698,4.113597786243564,0.8984917687564794,0.9615328785019597,264.18928726956017,43,0.5180722891566265,12.823529411764707,7,0.08433734939759036,41,0.4939759036144578,40,0.4819277108433735,0.25301204819277107,0.18072289156626506,0.024096385542168676,0.08433734939759036,5.314462127057202,11,82
326,55,39,4.545454545454546,250,0.7090909090909091,3.71850409805781,0.9142143856743267,0.9560330578512397,257.8512396694215,30,0.5454545454545454,8.666666666666666,7,0.12727272727272726,31,0.5636363636363636,25,0.45454545454545453,0.23636363636363636,0.2,0.01818181818181818,0.12727272727272726,4.990272895264167,8,54
327,58,41,4.551724137931035,264,0.7068965517241379,3.8067544326295635,0.9145731283652637,0.961950059453032,208.0856123662307,33,0.5689655172413793,13.827586206896552,10,0.1724137931034483,32,0.5517241379310345,25,0.43103448275862066,0.22413793103448276,0.2413793103448276,0.05172413793103448,0.15517241379310345,5.100806047525958,7,57
328,85,54,4.411764705882353,375,0.6352941176470588,4.1416109397758,0.8978836771706366,0.9719031141868512,163.32179930795849,48,0.5647058823529412,12.461538461538462,20,0.23529411764705882,38,0.4470588235294118,37,0.43529411764705883,0.24705882352941178,0.24705882352941178,0.07058823529411765,0.03529411764705882,5.483849354219386,7,84
329,38,26,4.2631578947368425,162,0.6842105263157895,2.9824045403173027,0.8956754273186898,0.943213296398892,304.7091412742382,18,0.47368421052631576,7.733333333333333,8,0.21052631578947367,20,0.5263157894736842,20,0.5263157894736842,0.23684210526315788,0.3157894736842105,0.0,0.0,4.448860987743579,5,37
330,56,34,4.0,224,0.6071428571428571,3.2126980205784315,0.876037870860457,0.951530612244898,306.1224489795918,29,0.5178571428571429,10.727272727272727,6,0.10714285714285714,25,0.44642857142857145,27,0.48214285714285715,0.30357142857142855,0.19642857142857142,0.0,0.017857142857142856,4.750903860294567,7,55
331,56,36,4.267857142857143,239,0.6428571428571429,3.401680257083045,0.8902374783063122,0.9528061224489797,293.3673469387755,28,0.5,11.826086956521738,6,0.10714285714285714,26,0.4642857142857143,28,0.5,0.2857142857142857,0.21428571428571427,0.03571428571428571,0.017857142857142856,4.851823225551769,8,55
332,81,53,4.518518518518518,366,0.654320987654321,4.1640732669874465,0.9034788602186173,0.9730224051211706,146.3191586648377,45,0.5555555555555556,12.058823529411764,13,0.16049382716049382,37,0.4567901234567901,36,0.4444444444444444,0.25925925925925924,0.20987654320987653,0.037037037037037035,0.1111111111111111,5.493808953341646,6,80
333,85,48,4.094117647058823,348,0.5647058823529412,3.6814319464673777,0.8713717974717039,0.9442214532871973,440.1384083044983,47,0.5529411764705883,12.272727272727273,12,0.1411764705882353,35,0.4117647058823529,38,0.4470588235294118,0.3176470588235294,0.2,0.023529411764705882,0.023529411764705882,5.014928288926165,16,84
334,52,40,4.961538461538462,258,0.7692307692307693,3.922322702763681,0.9335995744242056,0.9615384615384616,192.30769230769232,31,0.5961538461538461,10.310344827586206,13,0.25,35,0.6730769230769231,21,0.40384615384615385,0.36538461538461536,0.17307692307692307,0.07692307692307693,0.019230769230769232,5.079965439170124,6,51
335,65,39,4.430769230769231,288,0.6,3.420526275297414,0.8776285977465714,0.949585798816568,350.29585798816566,38,0.5846153846153846,9.833333333333334,17,0.26153846153846155,31,0.47692307692307695,27,0.4153846153846154,0.36923076923076925,0.18461538461538463,0.046153846153846156,0.0,4.839782867788177,9,64
336,67,33,3.6865671641791047,247,0.4925373134328358,2.8507658044184883,0.8315726922204688,0.9333927378035196,516.8188906215192,35,0.5223880597014925,10.523809523809524,3,0.04477611940298507,20,0.29850746268656714,32,0.47761194029850745,0.31343283582089554,0.14925373134328357,0.04477611940298507,0.014925373134328358,4.536682558928899,13,66
337,71,41,3.788732394366197,269,0.5774647887323944,3.440643569016425,0.871182489378457,0.9490180519738146,368.9744098393176,39,0.5492957746478874,12.035714285714286,6,0.08450704225352113,31,0.43661971830985913,32,0.4507042253521127,0.2676056338028169,0.18309859154929578,0.07042253521126761,0.028169014084507043,4.8868824958504975,11,70
338,69,44,3.6666666666666665,253,0.6376811594202898,3.745528735338494,0.8937398314873533,0.9569418189455996,285.6542743121193,32,0.463768115942029,13.541666666666666,4,0.057971014492753624,33,0.4782608695652174,37,0.5362318840579711,0.30434782608695654,0.15942028985507245,0.028985507246376812,0.043478260869565216,5.090570384929942,10,68
339,67,38,4.059701492537314,272,0.5671641791044776,3.2827000172091685,0.8651253466069718,0.9436400089106705,414.34617955001113,35,0.5223880597014925,16.03846153846154,6,0.08955223880597014,27,0.40298507462686567,32,0.47761194029850745,0.26865671641791045,0.19402985074626866,0.029850746268656716,0.05970149253731343,4.789240309537849,12,66
340,86,59,4.465116279069767,384,0.686046511627907,4.498707824811838,0.9154062700354062,0.9756625202812331,127.09572742022715,43,0.5,8.378378378378379,13,0.1511627906976744,45,0.5232558139534884,43,0.5,0.23255813953488372,0.18604651162790697,0.08139534883720931,0.023255813953488372,5.64580643518159,5,85
341,79,54,4.329113924050633,342,0.6835443037974683,4.296009334548942,0.912926342469579,0.971639160390963,157.02611760935747,38,0.4810126582278481,10.121212121212121,11,0.13924050632911392,41,0.5189873417721519,41,0.5189873417721519,0.24050632911392406,0.22784810126582278,0.0759493670886076,0.0,5.494715596773388,7,78
342,112,67,4.223214285714286,473,0.5982142857142857,4.476625802033109,0.8911081117281049,0.9705038265306123,205.67602040816325,50,0.44642857142857145,13.333333333333334,13,0.11607142857142858,49,0.4375,62,0.5535714285714286,0.20535714285714285,0.20535714285714285,0.07142857142857142,0.044642857142857144,5.647283040040299,11,111
343,52,41,5.019230769230769,261,0.7884615384615384,4.020380770332773,0.9398489010537552,0.970414201183432,103.55029585798816,33,0.6346153846153846,10.275862068965518,15,0.28846153846153844,33,0.6346153846153846,19,0.36538461538461536,0.3076923076923077,0.23076923076923078,0.057692307692307696,0.057692307692307696,5.233811593016279,3,51
344,61,47,4.754098360655738,290,0.7704918032786885,4.255180063998371,0.936576438227524,0.9750067186240258,85.99838753023381,37,0.6065573770491803,9.32258064516129,13,0.21311475409836064,35,0.5737704918032787,24,0.39344262295081966,0.3114754098360656,0.22950819672131148,0.08196721311475409,0.01639344262295082,5.446970534213262,3,60
345,36,31,4.305555555555555,155,0.8611111111111112,3.653385036130496,0.9582723751320855,0.9629629629629629,92.5925925925926,20,0.5555555555555556,10.2,6,0.16666666666666666,27,0.75,16,0.4444444444444444,0.3611111111111111,0.16666666666666666,0.027777777777777776,0.0,4.871178126382214,3,35
346,64,39,4.421875,283,0.609375,3.447145558284419,0.8809003698103748,0.9609375,234.375,37,0.578125,11.44,7,0.109375,28,0.4375,27,0.421875,0.3125,0.15625,0.09375,0.046875,4.991729296672175,6,63
347,58,40,4.5,261,0.6896551724137931,3.7139067635410377,0.9084918676441462,0.9643281807372176,184.30439952437575,35,0.603448275862069,9.4,9,0.15517241379310345,29,0.5,23,0.39655172413793105,0.25862068965517243,0.15517241379310345,0.13793103448275862,0.0,5.103249313906583,6,57
348,73,45,3.73972602739726,273,0.6164383561643836,3.7242264987106557,0.8872388941058076,0.9652842934884593,210.17076374554324,36,0.4931506849315068,13.10344827586207,8,0.1095890410958904,31,0.4246575342465753,37,0.5068493150684932,0.2602739726027397,0.2054794520547945,0.0410958904109589,0.0136986301369863,5.199678326859557,7,72
349,63,34,3.9682539682539684,250,0.5396825396825397,3.028960741674143,0.8511334430312983,0.9423028470647519,418.241370622323,32,0.5079365079365079,9.791666666666666,9,0.14285714285714285,20,0.31746031746031744,31,0.49206349206349204,0.36507936507936506,0.07936507936507936,0.07936507936507936,0.0,4.67683467292948,11,62
350,103,55,4.359223300970874,449,0.5339805825242718,3.8320315786038974,0.8646316096171967,0.965595249316618,246.96012819304363,58,0.5631067961165048,12.0,17,0.1650485436893204,40,0.3883495145631068,45,0.4368932038834951,0.2524271844660194,0.17475728155339806,0.02912621359223301,0.038834951456310676,5.329968736766803,10,102
351,38,30,3.6842105263157894,140,0.7894736842105263,3.4412360080584263,0.9350149336168546,0.9529085872576177,207.7562326869806,19,0.5,14.947368421052632,2,0.05263157894736842,26,0.6842105263157895,19,0.5,0.34210526315789475,0.10526315789473684,0.05263157894736842,0.0,4.712018882480422,5,37
352,88,57,4.443181818181818,391,0.6477272727272727,4.296536660233132,0.9030036013285123,0.9726239669421488,160.12396694214877,50,0.5681818181818182,15.432432432432432,16,0.18181818181818182,40,0.45454545454545453,38,0.4318181818181818,0.19318181818181818,0.22727272727272727,0.045454545454545456,0.07954545454545454,5.561482186720782,8,87
353,63,37,4.4603174603174605,281,0.5873015873015873,3.2962219835865674,0.8715424795729868,0.962962962962963,211.64021164021165,38,0.6031746031746031,13.518518518518519,15,0.23809523809523808,22,0.3492063492063492,25,0.3968253968253968,0.2698412698412698,0.2698412698412698,0.047619047619047616,0.015873015873015872,4.983165788847684,5,62
354,84,52,3.8095238095238093,320,0.6190476190476191,4.011887099014389,0.8917641820832942,0.9662698412698413,218.25396825396825,45,0.5357142857142857,13.085714285714285,9,0.10714285714285714,36,0.42857142857142855,39,0.4642857142857143,0.3333333333333333,0.17857142857142858,0.047619047619047616,0.011904761904761904,5.35905566659458,9,83
355,60,34,4.55,273,0.5666666666666667,3.1037611591959413,0.861275955412585,0.9594444444444444,238.88888888888889,32,0.5333333333333333,11.458333333333334,12,0.2,19,0.31666666666666665,28,0.4666666666666667,0.3333333333333333,0.31666666666666665,0.03333333333333333,0.016666666666666666,4.854900337629122,5,59
356,67,35,4.298507462686567,288,0.5223880597014925,3.0235394895347603,0.8455666997138052,0.9369570060147026,481.17620850969035,34,0.5074626865671642,13.727272727272727,8,0.11940298507462686,24,0.3582089552238806,33,0.4925373134328358,0.3582089552238806,0.16417910447761194,0.029850746268656716,0.029850746268656716,4.608645302521285,12,66
357,58,38,4.379310344827586,254,0.6551724137931034,3.5282114253639856,0.8958594296923456,0.9565992865636147,261.59334126040426,27,0.46551724137931033,13.083333333333334,9,0.15517241379310345,29,0.5,31,0.5344827586206896,0.2413793103448276,0.1724137931034483,0.017241379310344827,0.034482758620689655,4.930835520803135,6,57
358,65,43,4.107692307692307,267,0.6615384615384615,3.771349483020226,0.9010184902627867,0.9604733727810651,241.42011834319527,36,0.5538461538461539,10.10344827586207,7,0.1076923076923077,33,0.5076923076923077,29,0.4461538461538462,0.2923076923076923,0.2,0.015384615384615385,0.015384615384615385,5.106832812961889,8,64
359,65,36,4.815384615384615,313,0.5538461538461539,3.1574088695053053,0.858453877602425,0.9514792899408284,331.3609467455621,37,0.5692307692307692,11.181818181818182,14,0.2153846153846154,25,0.38461538461538464,28,0.4307692307692308,0.26153846153846155,0.3076923076923077,0.046153846153846156,0.0,4.780382336825371,8,64
360,57,36,4.087719298245614,233,0.631578947368421,3.3717089216940983,0.8863402170943617,0.9504462911665128,320.0984918436442,33,0.5789473684210527,9.607142857142858,7,0.12280701754385964,27,0.47368421052631576,24,0.42105263157894735,0.3508771929824561,0.2807017543859649,0.03508771929824561,0.0,4.808950926855961,8,56
361,131,72,4.106870229007634,538,0.549618320610687,4.448174855149551,0.8772293377056402,0.9690577472175281,233.08664996212343,64,0.48854961832061067,9.653846153846153,18,0.13740458015267176,50,0.3816793893129771,67,0.5114503816793893,0.22137404580152673,0.183206106870229,0.08396946564885496,0.061068702290076333,5.682224628040995,15,130
362,101,58,4.3861386138613865,443,0.5742574257425742,4.080865759435693,0.8798129963733905,0.9708852073326145,192.1380256837565,50,0.49504950495049505,13.81081081081081,16,0.15841584158415842,39,0.38613861386138615,51,0.504950495049505,0.24752475247524752,0.18811881188118812,0.039603960396039604,0.09900990099009901,5.509565260292928,9,100
363,95,68,4.463157894736842,424,0.7157894736842105,4.93323850074808,0.9265748296706998,0.9757340720221607,137.39612188365652,55,0.5789473684210527,7.14,16,0.16842105263157894,58,0.6105263157894737,40,0.42105263157894735,0.3684210526315789,0.18947368421052632,0.05263157894736842,0.021052631578947368,5.793282581901292,8,94
364,99,57,3.9494949494949494,391,0.5757575757575758,4.050813610756598,0.8798576315079422,0.9641873278236914,257.1166207529844,45,0.45454545454545453,8.25,12,0.12121212121212122,44,0.4444444444444444,54,0.5454545454545454,0.2828282828282828,0.20202020202020202,0.010101010101010102,0.030303030303030304,5.354055171710614,10,98
365,88,53,4.204545454545454,370,0.6022727272727273,3.995025315655368,0.8867530136918733,0.9607438016528924,278.92561983471074,45,0.5113636363636364,7.487179487179487,11,0.125,40,0.45454545454545453,43,0.48863636363636365,0.2727272727272727,0.23863636363636365,0.056818181818181816,0.022727272727272728,5.275423513041531,11,87
366,98,61,4.346938775510204,426,0.6224489795918368,4.357142857142857,0.8965982601397369,0.9683465222823824,214.493960849646,58,0.5918367346938775,8.306122448979592,11,0.11224489795918367,45,0.45918367346938777,40,0.40816326530612246,0.336734693877551,0.19387755102040816,0.09183673469387756,0.01020408163265306,5.538343074162518,10,97
367,81,42,4.283950617283951,347,0.5185185185185185,3.2998316455372216,0.8505433756832199,0.959304983996342,283.493369913123,43,0.5308641975308642,13.222222222222221,14,0.1728395061728395,26,0.32098765432098764,38,0.4691358024691358,0.3333333333333333,0.19753086419753085,0.04938271604938271,0.0,5.012371145658318,8,80
368,99,56,3.7777777777777777,374,0.5656565656565656,3.9797467053047284,0.8760058109512091,0.9650035710641771,248.95418834812773,45,0.45454545454545453,18.34285714285714,9,0.09090909090909091,37,0.37373737373737376,54,0.5454545454545454,0.25252525252525254,0.16161616161616163,0.020202020202020204,0.09090909090909091,5.386600877887709,10,98
369,129,66,3.7674418604651163,486,0.5116279069767442,4.108980522006957,0.8621021540391597,0.9560723514211885,361.75710594315245,58,0.4496124031007752,18.42105263157895,9,0.06976744186046512,45,0.3488372093023256,71,0.5503875968992248,0.24806201550387597,0.16279069767441862,0.03875968992248062,0.05426356589147287,5.395321593670596,20,128
370,86,52,4.1395348837209305,356,0.6046511627906976,3.9649628286477214,0.8870533561459759,0.9705246078961601,178.4748512709573,47,0.5465116279069767,12.971428571428572,13,0.1511627906976744,33,0.38372093023255816,39,0.45348837209302323,0.3023255813953488,0.20930232558139536,0.046511627906976744,0.023255813953488372,5.428887574343757,8,85
371,78,46,4.141025641025641,323,0.5897435897435898,3.682947537517004,0.8787921224008574,0.9635108481262327,236.68639053254438,40,0.5128205128205128,11.741935483870968,14,0.1794871794871795,30,0.38461538461538464,38,0.48717948717948717,0.24358974358974358,0.24358974358974358,0.0641025641025641,0.01282051282051282,5.198299814766467,9,77
372,85,58,4.341176470588235,369,0.6823529411764706,4.448396935314748,0.9139684337397572,0.9575086505190312,307.2664359861592,44,0.5176470588235295,11.725,13,0.15294117647058825,46,0.5411764705882353,41,0.4823529411764706,0.2235294117647059,0.23529411764705882,0.047058823529411764,0.03529411764705882,5.410419061040725,14,84
373,67,52,4.059701492537314,272,0.7761194029850746,4.492115813023073,0.9397223712285895,0.9725996881265315,124.7493873914012,34,0.5074626865671642,11.40625,9,0.13432835820895522,44,0.6567164179104478,33,0.4925373134328358,0.23880597014925373,0.19402985074626866,0.05970149253731343,0.04477611940298507,5.4993105568602,5,66
374,82,56,4.182926829268292,343,0.6829268292682927,4.37286533288097,0.9134577142018154,0.9708506841165973,169.54193932183225,42,0.5121951219512195,16.324324324324323,12,0.14634146341463414,41,0.5,40,0.4878048780487805,0.1951219512195122,0.24390243902439024,0.06097560975609756,0.024390243902439025,5.52757814594772,7,81
375,123,21,4.1138211382113825,506,0.17073170731707318,1.3389110974330103,0.6326695348494823,0.3877321700046269,6041.377486945601,111,0.9024390243902439,9.066666666666666,6,0.04878048780487805,16,0.13008130081300814,12,0.0975609756097561,0.4878048780487805,0.024390243902439025,0.3983739837398374,0.0,1.6707985494390662,96,122
376,100,66,4.21,421,0.66,4.666904755831213,0.9097719677709342,0.9766,134.0,51,0.51,9.955555555555556,13,0.13,48,0.48,49,0.49,0.27,0.17,0.06,0.03,5.770015409922191,6,99
377,80,57,4.3375,347,0.7125,4.50624566573994,0.9226441564373198,0.9684375,190.625,39,0.4875,9.514285714285714,10,0.125,45,0.5625,41,0.5125,0.25,0.2,0.075,0.0625,5.521439344671013,9,79
378,46,33,4.108695652173913,189,0.717391304347826,3.440487831941734,0.9132502105506185,0.9565217391304348,217.3913043478261,28,0.6086956521739131,13.91304347826087,6,0.13043478260869565,26,0.5652173913043478,18,0.391304347826087,0.32608695652173914,0.17391304347826086,0.08695652173913043,0.043478260869565216,4.819985260913526,5,45
379,60,43,4.233333333333333,254,0.7166666666666667,3.9253449954536905,0.918633021362586,0.9677777777777778,155.55555555555554,33,0.55,12.290322580645162,7,0.11666666666666667,34,0.5666666666666667,27,0.45,0.36666666666666664,0.18333333333333332,0.03333333333333333,0.0,5.215061012203068,4,59
380,71,48,3.6619718309859155,260,0.676056338028169,4.028070519824108,0.9081613263426326,0.963697679031938,222.17813925808372,34,0.4788732394366197,17.071428571428573,6,0.08450704225352113,39,0.5492957746478874,37,0.5211267605633803,0.28169014084507044,0.15492957746478872,0.028169014084507043,0.028169014084507043,5.250109049350775,8,70
381,98,45,3.7244897959183674,365,0.45918367346938777,3.2142857142857144,0.8302485257483385,0.9552269887546856,345.6892961266139,50,0.5102040816326531,15.40625,3,0.030612244897959183,29,0.29591836734693877,48,0.4897959183673469,0.2755102040816326,0.1836734693877551,0.02040816326530612,0.02040816326530612,4.97535161208319,11,97
382,41,25,3.8048780487804876,156,0.6097560975609756,2.7607881518711634,0.8667869552683445,0.9339678762641285,416.41879833432483,22,0.5365853658536586,11.833333333333334,3,0.07317073170731707,20,0.4878048780487805,19,0.4634146341463415,0.2682926829268293,0.2682926829268293,0.04878048780487805,0.024390243902439025,4.28501131069035,5,40
383,62,46,5.112903225806452,317,0.7419354838709677,4.130921946615823,0.9276754860133455,0.9708636836628511,130.07284079084286,32,0.5161290322580645,9.6,16,0.25806451612903225,37,0.5967741935483871,30,0.4838709677419355,0.2903225806451613,0.1774193548387097,0.06451612903225806,0.03225806451612903,5.337024334475738,4,61
384,68,46,4.764705882352941,324,0.6764705882352942,3.9444674582777033,0.9073668456138775,0.9679930795847751,173.01038062283737,42,0.6176470588235294,11.030303030303031,15,0.22058823529411764,34,0.5,26,0.38235294117647056,0.3235294117647059,0.19117647058823528,0.08823529411764706,0.029411764705882353,5.278351811711315,6,67
385,77,43,3.9740259740259742,306,0.5584415584415584,3.465038745309135,0.8658767487077035,0.954629785798617,323.83201214370047,44,0.5714285714285714,11.969696969696969,13,0.16883116883116883,32,0.4155844155844156,33,0.42857142857142855,0.33766233766233766,0.2597402597402597,0.06493506493506493,0.0,4.964648066584638,8,76
386,55,31,4.109090909090909,226,0.5636363636363636,2.9557340266613363,0.8569258022117608,0.9447933884297521,370.24793388429754,33,0.6,12.363636363636363,4,0.07272727272727272,22,0.4,22,0.4,0.32727272727272727,0.2,0.05454545454545454,0.0,4.57444079702277,7,54
387,55,28,4.4363636363636365,244,0.509090909090909,2.6696952498876585,0.8315266927279215,0.9401652892561984,416.5289256198347,30,0.5454545454545454,17.944444444444443,9,0.16363636363636364,18,0.32727272727272727,25,0.45454545454545453,0.2727272727272727,0.2545454545454545,0.0,0.07272727272727272,4.425989941815852,7,54
388,34,27,4.911764705882353,167,0.7941176470588235,3.2742309379904952,0.9346284485087002,0.9567474048442907,138.4083044982699,21,0.6176470588235294,9.61111111111111,9,0.2647058823529412,21,0.6176470588235294,13,0.38235294117647056,0.35294117647058826,0.17647058823529413,0.11764705882352941,0.0,4.6534955617749425,3,33
389,60,41,4.216666666666667,253,0.6833333333333333,3.742770809618635,0.9070003782702797,0.965,183.33333333333334,32,0.5333333333333333,14.307692307692308,8,0.13333333333333333,31,0.5166666666666667,28,0.4666666666666667,0.25,0.23333333333333334,0.08333333333333333,0.016666666666666666,5.121567004295788,5,59
390,87,63,5.045977011494253,439,0.7241379310344828,4.7760176745470915,0.9277250262013248,0.9792574976879377,92.48249438499141,54,0.6206896551724138,8.4,22,0.25287356321839083,47,0.5402298850574713,33,0.3793103448275862,0.3103448275862069,0.26436781609195403,0.06896551724137931,0.04597701149425287,5.806344898317068,5,86
391,70,51,4.042857142857143,283,0.7285714285714285,4.3102866991154345,0.9254631131063052,0.9734693877551021,122.44897959183673,34,0.4857142857142857,11.633333333333333,7,0.1,40,0.5714285714285714,36,0.5142857142857142,0.22857142857142856,0.17142857142857143,0.08571428571428572,0.05714285714285714,5.4809390457270535,5,69
392,57,32,3.8421052631578947,219,0.5614035087719298,2.9970745970614208,0.8572080028695672,0.9362880886426593,461.6805170821791,30,0.5263157894736842,10.80952380952381,3,0.05263157894736842,23,0.40350877192982454,27,0.47368421052631576,0.3157894736842105,0.15789473684210525,0.07017543859649122,0.017543859649122806,4.535550770268701,10,56
393,56,36,3.9285714285714284,220,0.6428571428571429,3.401680257083045,0.8902374783063122,0.9572704081632654,248.72448979591837,29,0.5178571428571429,9.909090909090908,4,0.07142857142857142,26,0.4642857142857143,27,0.48214285714285715,0.30357142857142855,0.16071428571428573,0.05357142857142857,0.03571428571428571,4.889782100892353,6,55
394,46,29,3.717391304347826,171,0.6304347826086957,3.0234590038275844,0.8795014944659796,0.949905482041588,283.5538752362949,21,0.45652173913043476,10.222222222222221,4,0.08695652173913043,21,0.45652173913043476,25,0.5434782608695652,0.2826086956521739,0.2391304347826087,0.0,0.0,4.59684042381591,5,45
395,102,68,4.470588235294118,456,0.6666666666666666,4.760952285695233,0.912331353182542,0.9778931180315263,123.02960399846214,55,0.5392156862745098,7.575,24,0.23529411764705882,52,0.5098039215686274,47,0.46078431372549017,0.3333333333333333,0.2549019607843137,0.029411764705882353,0.0,5.8185666759930585,5,101
396,117,83,4.401709401709402,515,0.7094017094017094,5.425879738823092,0.9279040766460919,0.9818102125794433,96.42778873548104,63,0.5384615384615384,9.732142857142858,19,0.1623931623931624,67,0.5726495726495726,54,0.46153846153846156,0.2905982905982906,0.21367521367521367,0.05128205128205128,0.042735042735042736,6.120376634439339,6,116
397,94,66,4.212765957446808,396,0.7021276595744681,4.813544719430521,0.9221622066823305,0.9778180172023541,115.43684925305568,47,0.5,10.404761904761905,16,0.1702127659574468,50,0.5319148936170213,47,0.5,0.26595744680851063,0.23404255319148937,0.031914893617021274,0.05319148936170213,5.8160152137497505,7,93
398,92,63,4.173913043478261,384,0.6847826086956522,4.644421618879259,0.9162601602871444,0.9723534971644612,167.76937618147448,46,0.5,10.69767441860465,13,0.14130434782608695,50,0.5434782608695652,46,0.5,0.2608695652173913,0.2391304347826087,0.043478260869565216,0.03260869565217391,5.65049109825854,7,91
399,143,86,4.475524475524476,640,0.6013986013986014,5.08528660550611,0.8975391389635808,0.9765758716807668,164.3112132622622,77,0.5384615384615384,11.841269841269842,28,0.1958041958041958,61,0.42657342657342656,66,0.46153846153846156,0.3076923076923077,0.16083916083916083,0.07692307692307693,0.04195804195804196,6.009223829915977,12,142
400,139,87,4.546762589928058,632,0.6258992805755396,5.217913251965385,0.9050423974620483,0.978313751876197,144.92003519486568,79,0.5683453237410072,12.609375,24,0.17266187050359713,62,0.4460431654676259,60,0.4316546762589928,0.2949640287769784,0.16546762589928057,0.11510791366906475,0.050359712230215826,6.079950853839262,12,138
401,132,64,4.424242424242424,584,0.48484848484848486,3.938927711338647,0.8517411005598919,0.9660238751147842,264.0036730945822,74,0.5606060606060606,10.521739130434783,21,0.1590909090909091,46,0.3484848484848485,58,0.4393939393939394,0.25,0.12121212121212122,0.18181818181818182,0.022727272727272728,5.4260399991796,12,131
402,48,37,4.083333333333333,196,0.7708333333333334,3.776296686790733,0.9327642513188371,0.9635416666666667,156.25,22,0.4583333333333333,9.952380952380953,10,0.20833333333333334,31,0.6458333333333334,26,0.5416666666666666,0.16666666666666666,0.2916666666666667,0.0625,0.020833333333333332,5.027569011092753,4,47
403,65,46,4.015384615384615,261,0.7076923076923077,4.034466888812335,0.9171744615311684,0.9604733727810651,241.42011834319527,38,0.5846153846153846,8.8,4,0.06153846153846154,38,0.5846153846153846,27,0.4153846153846154,0.35384615384615387,0.18461538461538463,0.015384615384615385,0.015384615384615385,5.1875268513901425,8,64
404,89,54,4.202247191011236,374,0.6067415730337079,4.047471120577652,0.8886850522049123,0.9665446282035097,222.19416740310567,46,0.5168539325842697,9.942857142857143,11,0.12359550561797752,38,0.42696629213483145,43,0.48314606741573035,0.3146067415730337,0.15730337078651685,0.011235955056179775,0.02247191011235955,5.3829426335935775,9,88
405,60,41,3.95,237,0.6833333333333333,3.742770809618635,0.9070003782702797,0.9677777777777777,155.55555555555554,28,0.4666666666666667,11.826086956521738,4,0.06666666666666667,30,0.5,32,0.5333333333333333,0.25,0.23333333333333334,0.03333333333333333,0.05,5.164735178725504,4,59
406,113,74,4.327433628318584,489,0.6548672566371682,4.922406778759271,0.9104531420433629,0.9775236901871721,136.2675229070405,60,0.5309734513274337,10.72549019607843,20,0.17699115044247787,58,0.5132743362831859,53,0.4690265486725664,0.2920353982300885,0.24778761061946902,0.07079646017699115,0.017699115044247787,5.884864055585897,7,112
407,108,69,4.462962962962963,482,0.6388888888888888,4.694855340334424,0.9043117971723021,0.9701646090534979,205.76131687242798,51,0.4722222222222222,10.533333333333333,22,0.2037037037037037,52,0.48148148148148145,57,0.5277777777777778,0.23148148148148148,0.16666666666666666,0.07407407407407407,0.06481481481481481,5.696435049583144,10,107
408,124,83,4.32258064516129,536,0.6693548387096774,5.270505270507906,0.9167183592193229,0.9756763787721124,162.59105098855358,60,0.4838709677419355,13.285714285714286,18,0.14516129032258066,66,0.532258064516129,64,0.5161290322580645,0.20967741935483872,0.16129032258064516,0.10483870967741936,0.04838709677419355,5.985705602142367,11,123
409,65,33,4.153846153846154,270,0.5076923076923077,2.8942914637131967,0.8376097701049898,0.9188165680473371,657.9881656804733,37,0.5692307692307692,13.91304347826087,5,0.07692307692307693,23,0.35384615384615387,28,0.4307692307692308,0.3076923076923077,0.2153846153846154,0.03076923076923077,0.03076923076923077,4.416555560029301,15,64
410,47,29,4.0212765957446805,189,0.6170212765957447,2.991121614150501,0.8745887634258168,0.9443186962426438,344.04708012675417,24,0.5106382978723404,13.941176470588236,4,0.0851063829787234,20,0.425531914893617,23,0.48936170212765956,0.3191489361702128,0.1702127659574468,0.0425531914893617,0.0425531914893617,4.551157799364231,7,46
411,64,46,4.453125,285,0.71875,4.065863991822648,0.9205936593428355,0.966796875,175.78125,35,0.546875,14.933333333333334,10,0.15625,37,0.578125,29,0.453125,0.25,0.203125,0.109375,0.03125,5.271418898701707,6,63
412,70,50,4.585714285714285,321,0.7142857142857143,4.225771273642583,0.9208020210800781,0.9710204081632653,146.9387755102041,36,0.5142857142857142,8.9,12,0.17142857142857143,39,0.5571428571428572,34,0.4857142857142857,0.22857142857142856,0.21428571428571427,0.07142857142857142,0.05714285714285714,5.418219623933291,6,69
413,52,35,3.673076923076923,191,0.6730769230769231,3.432032364918221,0.8998047993774102,0.9600591715976331,207.10059171597632,31,0.5961538461538461,10.88,1,0.019230769230769232,26,0.5,21,0.40384615384615385,0.38461538461538464,0.15384615384615385,0.057692307692307696,0.0,4.904592064578513,5,51
414,53,29,3.943396226415094,209,0.5471698113207547,2.816729000836066,0.8481229852375862,0.9533641865432538,277.67888928444285,30,0.5660377358490566,9.095238095238095,3,0.05660377358490566,16,0.3018867924528302,23,0.4339622641509434,0.37735849056603776,0.1509433962264151,0.018867924528301886,0.018867924528301886,4.628587199723756,4,52
415,150,79,3.98,597,0.5266666666666666,4.561067126598043,0.8720347013911173,0.9737777777777777,195.55555555555554,73,0.4866666666666667,11.925925925925926,15,0.1,51,0.34,77,0.5133333333333333,0.26,0.18666666666666668,0.05333333333333334,0.04666666666666667,5.829517346567991,11,149
416,155,74,3.9290322580645163,609,0.4774193548387097,4.202917573428279,0.853401209183272,0.9644120707596253,291.36316337148804,72,0.4645161290322581,11.959183673469388,10,0.06451612903225806,51,0.32903225806451614,83,0.535483870967742,0.25161290322580643,0.14193548387096774,0.06451612903225806,0.05806451612903226,5.578268806235874,20,154
417,135,78,4.133333333333334,558,0.5777777777777777,4.74692883171144,0.8881681503021791,0.970315500685871,222.77091906721537,69,0.5111111111111111,11.071428571428571,17,0.1259259259259259,56,0.4148148148148148,66,0.4888888888888889,0.2962962962962963,0.16296296296296298,0.044444444444444446,0.05185185185185185,5.801402193588743,16,134
418,50,33,4.34,217,0.66,3.3,0.8937850203372742,0.9576,224.0,31,0.62,14.375,8,0.16,23,0.46,19,0.38,0.28,0.2,0.08,0.08,4.82146788019945,5,49
419,84,55,4.154761904761905,349,0.6547619047619048,4.243342123957527,0.9044231271937502,0.9739229024943311,141.7233560090703,44,0.5238095238095238,13.416666666666666,11,0.13095238095238096,39,0.4642857142857143,40,0.47619047619047616,0.23809523809523808,0.23809523809523808,0.05952380952380952,0.03571428571428571,5.541318095929189,5,83
420,56,39,4.0,224,0.6964285714285714,3.6851536118399655,0.9101221278532734,0.9623724489795918,197.70408163265307,30,0.5357142857142857,18.72,5,0.08928571428571429,30,0.5357142857142857,26,0.4642857142857143,0.25,0.21428571428571427,0.05357142857142857,0.07142857142857142,5.04790268968295,6,55
421,57,35,3.8421052631578947,219,0.6140350877192983,3.2780503405359287,0.8793724902216365,0.9553708833487228,270.8525700215451,31,0.543859649122807,14.181818181818182,6,0.10526315789473684,23,0.40350877192982454,26,0.45614035087719296,0.24561403508771928,0.19298245614035087,0.08771929824561403,0.05263157894736842,4.8433045412425155,7,56
422,53,43,4.584905660377358,243,0.8113207547169812,4.176529208136236,0.9473359132247053,0.9711641153435386,99.67960128159487,30,0.5660377358490566,12.535714285714286,11,0.20754716981132076,36,0.6792452830188679,23,0.4339622641509434,0.22641509433962265,0.2830188679245283,0.07547169811320754,0.0,5.2985829545223755,4,52
423,50,37,4.32,216,0.74,3.7,0.9230308481401767,0.964,160.0,29,0.58,13.333333333333334,11,0.22,29,0.58,21,0.42,0.26,0.26,0.06,0.04,5.028758439731456,4,49
424,71,46,4.295774647887324,305,0.647887323943662,3.86023424816477,0.8981770874022371,0.97044237254513,154.73120412616544,39,0.5492957746478874,14.448275862068966,10,0.14084507042253522,31,0.43661971830985913,32,0.4507042253521127,0.18309859154929578,0.29577464788732394,0.056338028169014086,0.07042253521126761,5.313351654923634,5,70
425,58,36,4.103448275862069,238,0.6206896551724138,3.342516087186934,0.8825438330616715,0.9613555291319857,214.0309155766944,27,0.46551724137931033,14.238095238095237,9,0.15517241379310345,24,0.41379310344827586,31,0.5344827586206896,0.20689655172413793,0.25862068965517243,0.034482758620689655,0.05172413793103448,4.9375658574507755,5,57
426,80,51,4.475,358,0.6375,4.031904016714684,0.8972619202295058,0.966875,206.25,46,0.575,10.083333333333334,10,0.125,37,0.4625,34,0.425,0.25,0.2375,0.025,0.05,5.349747626002142,8,79
427,82,50,4.548780487804878,373,0.6097560975609756,3.904344047215152,0.887740467663507,0.9693634741225461,184.41403926234383,49,0.5975609756097561,12.055555555555555,14,0.17073170731707318,35,0.4268292682926829,33,0.4024390243902439,0.2073170731707317,0.3048780487804878,0.012195121951219513,0.04878048780487805,5.355347011113403,7,81
428,72,50,4.111111111111111,296,0.6944444444444444,4.166666666666667,0.9147365954132973,0.966820987654321,192.90123456790124,36,0.5,14.870967741935484,4,0.05555555555555555,40,0.5555555555555556,36,0.5,0.20833333333333334,0.2361111111111111,0.027777777777777776,0.09722222222222222,5.341790933311199,7,71
429,38,28,4.2631578947368425,162,0.7368421052631579,3.2118202741878643,0.9160482704348776,0.9584487534626038,152.3545706371191,24,0.631578947368421,9.68421052631579,4,0.10526315789473684,19,0.5,14,0.3684210526315789,0.34210526315789475,0.23684210526315788,0.05263157894736842,0.02631578947368421,4.701746263386654,3,37
430,62,35,4.225806451612903,262,0.5645161290322581,3.143092785468561,0.8614568196209993,0.9469302809573362,369.40686784599376,35,0.5645161290322581,7.583333333333333,7,0.11290322580645161,23,0.3709677419354839,27,0.43548387096774194,0.3225806451612903,0.20967741935483872,0.016129032258064516,0.04838709677419355,4.744620206198311,10,61
431,45,32,4.111111111111111,185,0.7111111111111111,3.3730961708462712,0.9104395023496913,0.9540740740740741,237.03703703703704,25,0.5555555555555556,10.565217391304348,6,0.13333333333333333,24,0.5333333333333333,20,0.4444444444444444,0.37777777777777777,0.17777777777777778,0.0,0.022222222222222223,4.774860596185443,6,44
432,56,32,3.75,210,0.5714285714285714,3.0237157840738176,0.8609771689704905,0.9496173469387755,325.2551020408163,27,0.48214285714285715,7.65,5,0.08928571428571429,21,0.375,29,0.5178571428571429,0.2857142857142857,0.14285714285714285,0.017857142857142856,0.08928571428571429,4.672965860712419,7,55
433,48,31,4.25,204,0.6458333333333334,3.163924251094939,0.8870599059075448,0.9548611111111112,243.05555555555554,26,0.5416666666666666,12.619047619047619,9,0.1875,21,0.4375,22,0.4583333333333333,0.25,0.25,0.08333333333333333,0.020833333333333332,4.728308011580247,5,47
434,51,34,4.019607843137255,205,0.6666666666666666,3.366501646120693,0.89687612168416,0.954248366013072,261.437908496732,25,0.49019607843137253,11.523809523809524,9,0.17647058823529413,25,0.49019607843137253,26,0.5098039215686274,0.21568627450980393,0.3333333333333333,0.0196078431372549,0.0,4.812144891365082,6,50
435,44,32,4.181818181818182,184,0.7272727272727273,3.4112114616897666,0.9158462545681681,0.9586776859504132,185.9504132231405,20,0.45454545454545453,12.0,6,0.13636363636363635,26,0.5909090909090909,24,0.5454545454545454,0.25,0.25,0.06818181818181818,0.0,4.811037868342278,3,43
436,55,40,3.8363636363636364,211,0.7272727272727273,3.8138503569823694,0.9205322551436259,0.9593388429752067,224.79338842975207,31,0.5636363636363636,13.758620689655173,2,0.03636363636363636,33,0.6,24,0.43636363636363634,0.4,0.10909090909090909,0.05454545454545454,0.0,5.046698405223443,7,54
437,45,31,3.911111111111111,176,0.6888888888888889,3.2676869155073254,0.9020992046742606,0.9461728395061728,316.04938271604937,21,0.4666666666666667,8.105263157894736,3,0.06666666666666667,25,0.5555555555555556,24,0.5333333333333333,0.26666666666666666,0.2222222222222222,0.0,0.022222222222222223,4.64927205275426,7,44
438,41,26,4.463414634146342,183,0.6341463414634146,2.87121967794601,0.8773484072743342,0.9482450922070197,273.64663890541345,26,0.6341463414634146,15.047619047619047,6,0.14634146341463414,17,0.4146341463414634,15,0.36585365853658536,0.3170731707317073,0.3170731707317073,0.04878048780487805,0.024390243902439025,4.491459931341816,4,40
439,50,35,3.94,197,0.7,3.5,0.9088259594987488,0.964,160.0,28,0.56,15.636363636363637,3,0.06,24,0.48,22,0.44,0.34,0.22,0.02,0.02,4.973660689688187,4,49
440,50,33,4.04,202,0.66,3.3,0.8937850203372742,0.9568000000000001,232.0,29,0.58,12.25,6,0.12,24,0.48,21,0.42,0.32,0.28,0.08,0.0,4.806370130156181,5,49
441,43,33,4.534883720930233,195,0.7674418604651163,3.5584815157134675,0.9296255061987647,0.9583558680367766,183.8831800973499,25,0.5813953488372093,11.416666666666666,8,0.18604651162790697,28,0.6511627906976745,18,0.4186046511627907,0.32558139534883723,0.3023255813953488,0.06976744186046512,0.0,4.85056969651225,4,42
442,41,30,4.097560975609756,168,0.7317073170731707,3.312945782245396,0.915882961356025,0.9482450922070197,273.64663890541345,21,0.5121951219512195,12.5,8,0.1951219512195122,25,0.6097560975609756,20,0.4878048780487805,0.3170731707317073,0.21951219512195122,0.04878048780487805,0.0,4.649758101967989,6,40
443,48,31,4.0625,195,0.6458333333333334,3.163924251094939,0.8870599059075448,0.951388888888889,277.77777777777777,28,0.5833333333333334,12.863636363636363,4,0.08333333333333333,22,0.4583333333333333,20,0.4166666666666667,0.25,0.2708333333333333,0.0625,0.08333333333333333,4.688721875540869,6,47
444,42,28,4.642857142857143,195,0.6666666666666666,3.0550504633038935,0.8915192755066496,0.9546485260770975,215.41950113378684,26,0.6190476190476191,10.55,7,0.16666666666666666,19,0.4523809523809524,16,0.38095238095238093,0.21428571428571427,0.2857142857142857,0.047619047619047616,0.07142857142857142,4.63578319633073,3,41
445,54,37,4.111111111111111,222,0.6851851851851852,3.560326660002692,0.9052224502512914,0.9574759945130314,240.05486968449932,28,0.5185185185185185,13.84,7,0.12962962962962962,28,0.5185185185185185,26,0.48148148148148145,0.2222222222222222,0.24074074074074073,0.018518518518518517,0.018518518518518517,4.94162552140618,7,53
446,33,29,4.0606060606060606,134,0.8787878787878788,3.569653238400649,0.9630454877592735,0.960514233241506,91.82736455463728,20,0.6060606060606061,12.421052631578947,3,0.09090909090909091,26,0.7878787878787878,13,0.3939393939393939,0.3333333333333333,0.21212121212121213,0.09090909090909091,0.0,4.779094498080775,3,32
447,61,38,3.819672131147541,233,0.6229508196721312,3.440358349615704,0.8848693197396114,0.959419510884171,241.87046492878258,31,0.5081967213114754,12.130434782608695,7,0.11475409836065574,26,0.4262295081967213,30,0.4918032786885246,0.2786885245901639,0.19672131147540983,0.03278688524590164,0.01639344262295082,4.961566592009381,6,60
448,66,38,3.6515151515151514,241,0.5757575757575758,3.307475463158259,0.8682305306062001,0.9568411386593205,280.0734618916437,30,0.45454545454545453,16.318181818181817,4,0.06060606060606061,27,0.4090909090909091,36,0.5454545454545454,0.2727272727272727,0.18181818181818182,0.015151515151515152,0.015151515151515152,4.898201081604752,6,65
449,52,41,4.0,208,0.7884615384615384,4.020380770332773,0.9398489010537552,0.966715976331361,140.53254437869822,29,0.5576923076923077,14.24,5,0.09615384615384616,35,0.6730769230769231,23,0.4423076923076923,0.2692307692307692,0.21153846153846154,0.038461538461538464,0.038461538461538464,5.178912497395636,5,51
450,84,53,3.7261904761904763,313,0.6309523809523809,4.089038773995435,0.8960632077111801,0.9722222222222222,158.73015873015873,43,0.5119047619047619,16.314285714285713,8,0.09523809523809523,37,0.44047619047619047,41,0.4880952380952381,0.2261904761904762,0.20238095238095238,0.08333333333333333,0.03571428571428571,5.466431261935697,6,83
451,72,52,4.041666666666667,291,0.7222222222222222,4.333333333333333,0.9239074570288179,0.9718364197530864,142.7469135802469,37,0.5138888888888888,14.705882352941176,10,0.1388888888888889,41,0.5694444444444444,35,0.4861111111111111,0.25,0.20833333333333334,0.041666666666666664,0.05555555555555555,5.471804688852171,6,71
452,44,32,4.159090909090909,183,0.7272727272727273,3.4112114616897666,0.9158462545681681,0.9566115702479339,206.61157024793388,20,0.45454545454545453,16.105263157894736,6,0.13636363636363635,25,0.5681818181818182,24,0.5454545454545454,0.18181818181818182,0.22727272727272727,0.045454545454545456,0.13636363636363635,4.797626721392666,5,43
453,81,44,3.950617283950617,320,0.5432098765432098,3.456966485800899,0.8611294614467632,0.9571711629324797,304.83158055174516,38,0.4691358024691358,11.695652173913043,5,0.06172839506172839,29,0.35802469135802467,43,0.5308641975308642,0.24691358024691357,0.20987654320987653,0.04938271604938271,0.0,5.053520209150943,11,80
454,76,48,3.6447368421052633,277,0.631578947368421,3.893314107138301,0.8938904122533535,0.9632963988919668,235.45706371191136,39,0.5131578947368421,11.205882352941176,6,0.07894736842105263,35,0.4605263157894737,37,0.4868421052631579,0.2894736842105263,0.19736842105263158,0.09210526315789473,0.0,5.242616618786904,9,75
455,47,36,4.0212765957446805,189,0.7659574468085106,3.713116486531656,0.9307484567252631,0.965142598460842,135.80805794477138,23,0.48936170212765956,11.909090909090908,7,0.14893617021276595,29,0.6170212765957447,24,0.5106382978723404,0.2765957446808511,0.23404255319148937,0.0425531914893617,0.06382978723404255,5.022258000429685,3,46
456,46,32,4.108695652173913,189,0.6956521739130435,3.3362306249131963,0.9052129839002011,0.9555765595463138,226.8431001890359,20,0.43478260869565216,13.75,6,0.13043478260869565,24,0.5217391304347826,26,0.5652173913043478,0.1956521739130435,0.1956521739130435,0.06521739130434782,0.10869565217391304,4.776507000043962,5,45
457,50,32,4.26,213,0.64,3.2,0.8859191006777896,0.9584,216.0,25,0.5,10.863636363636363,7,0.14,21,0.42,25,0.5,0.26,0.16,0.06,0.06,4.798562939644917,4,49
458,46,34,4.130434782608695,190,0.7391304347826086,3.5447450389702713,0.921047483801923,0.9574669187145558,207.93950850661625,22,0.4782608695652174,12.090909090909092,8,0.17391304347826086,28,0.6086956521739131,24,0.5217391304347826,0.2608695652173913,0.1956521739130435,0.043478260869565216,0.06521739130434782,4.863463521783092,5,45
459,43,29,4.534883720930233,195,0.6744186046511628,3.127150422899714,0.8952716490506508,0.955110870740941,216.3331530557058,28,0.6511627906976745,12.476190476190476,8,0.18604651162790697,20,0.46511627906976744,15,0.3488372093023256,0.32558139534883723,0.2558139534883721,0.06976744186046512,0.023255813953488372,4.675923766179064,4,42
460,61,47,3.9344262295081966,240,0.7704918032786885,4.255180063998371,0.936576438227524,0.9707067992475141,128.9975812953507,30,0.4918032786885246,10.241379310344827,7,0.11475409836065574,39,0.639344262295082,31,0.5081967213114754,0.2786885245901639,0.21311475409836064,0.03278688524590164,0.03278688524590164,5.367384419913699,5,60
461,86,53,4.337209302325581,373,0.6162790697674418,4.041212113814024,0.8913296717773852,0.9648458626284478,235.26230394808005,50,0.5813953488372093,8.902439024390244,14,0.16279069767441862,40,0.46511627906976744,36,0.4186046511627907,0.3023255813953488,0.2441860465116279,0.05813953488372093,0.0,5.334703092133178,8,85
462,52,27,3.673076923076923,191,0.5192307692307693,2.6475678243654848,0.8341264423920673,0.9452662721893491,355.0295857988166,26,0.5,9.764705882352942,3,0.057692307692307696,16,0.3076923076923077,26,0.5,0.2692307692307692,0.23076923076923078,0.019230769230769232,0.019230769230769232,4.459491160199154,6,51
463,110,76,4.527272727272727,498,0.6909090909090909,5.12391895472064,0.9213384597461769,0.9737190082644629,171.900826446281,54,0.4909090909090909,8.745098039215685,24,0.21818181818181817,65,0.5909090909090909,56,0.509090909090909,0.23636363636363636,0.20909090909090908,0.045454545454545456,0.06363636363636363,5.859197660885897,11,109
464,42,31,4.761904761904762,200,0.7380952380952381,3.382377298657882,0.9187508675692698,0.95578231292517,204.08163265306123,26,0.6190476190476191,7.695652173913044,8,0.19047619047619047,24,0.5714285714285714,16,0.38095238095238093,0.3333333333333333,0.16666666666666666,0.047619047619047616,0.09523809523809523,4.764590566193041,5,41
465,39,25,4.564102564102564,178,0.6410256410256411,2.830692585361489,0.8786192606500202,0.9414858645627877,328.7310979618672,25,0.6410256410256411,8.263157894736842,9,0.23076923076923078,18,0.46153846153846156,14,0.358974358974359,0.41025641025641024,0.15384615384615385,0.05128205128205128,0.02564102564102564,4.384904386073433,5,38
466,54,36,4.777777777777778,258,0.6666666666666666,3.4641016151377544,0.8983537904952533,0.9403292181069958,411.52263374485597,32,0.5925925925925926,9.16,12,0.2222222222222222,31,0.5740740740740741,22,0.4074074074074074,0.2962962962962963,0.2037037037037037,0.05555555555555555,0.037037037037037035,4.727407067804876,10,53
467,53,33,3.9245283018867925,208,0.6226415094339622,3.2052433457789715,0.8806676278717858,0.9490922036311854,320.3987184051264,29,0.5471698113207547,9.73913043478261,5,0.09433962264150944,24,0.4528301886792453,24,0.4528301886792453,0.3018867924528302,0.18867924528301888,0.07547169811320754,0.018867924528301886,4.708750408695206,7,52
468,73,38,3.9315068493150687,287,0.5205479452054794,3.1449023766889983,0.84783138254134,0.9528992306248827,334.0213923813098,36,0.4931506849315068,9.652173913043478,4,0.0547945205479452,24,0.3287671232876712,37,0.5068493150684932,0.273972602739726,0.1780821917808219,0.0547945205479452,0.0273972602739726,4.843733291667823,8,72
469,52,35,4.615384615384615,240,0.6730769230769231,3.432032364918221,0.8998047993774102,0.9637573964497042,170.11834319526628,32,0.6153846153846154,11.583333333333334,5,0.09615384615384616,24,0.46153846153846156,20,0.38461538461538464,0.21153846153846154,0.28846153846153844,0.019230769230769232,0.11538461538461539,4.959491160199154,3,51
470,86,48,4.034883720930233,347,0.5581395348837209,3.659965687982512,0.8690837856679714,0.9494321254732289,389.3996755002704,42,0.4883720930232558,10.942857142857143,10,0.11627906976744186,38,0.4418604651162791,44,0.5116279069767442,0.32558139534883723,0.1511627906976744,0.011627906976744186,0.011627906976744186,4.992671252552245,11,85
471,51,36,4.176470588235294,213,0.7058823529411765,3.5645311547160277,0.9114134941872086,0.9611687812379854,192.23375624759709,27,0.5294117647058824,10.434782608695652,6,0.11764705882352941,28,0.5490196078431373,24,0.47058823529411764,0.3137254901960784,0.19607843137254902,0.0392156862745098,0.0196078431372549,4.9542059207344264,5,50
472,64,43,3.796875,243,0.671875,3.8006989488776926,0.9043774591170164,0.95751953125,268.5546875,33,0.515625,12.148148148148149,3,0.046875,34,0.53125,31,0.484375,0.296875,0.203125,0.046875,0.0625,5.081343945008262,9,63
473,41,24,4.585365853658536,188,0.5853658536585366,2.650356625796317,0.8557943061997394,0.9149315883402737,606.7816775728733,23,0.5609756097560976,9.444444444444445,7,0.17073170731707318,18,0.43902439024390244,18,0.43902439024390244,0.3902439024390244,0.0975609756097561,0.0975609756097561,0.0,4.12512944332587,9,40
474,53,32,4.490566037735849,238,0.6037735849056604,3.1081147595432452,0.8729171502402246,0.9512281950872197,299.03880384478464,33,0.6226415094339622,8.130434782608695,8,0.1509433962264151,19,0.3584905660377358,20,0.37735849056603776,0.3584905660377358,0.1509433962264151,0.03773584905660377,0.03773584905660377,4.722993569113386,7,52
475,73,47,4.287671232876712,313,0.6438356164383562,3.889747676431129,0.8973741983864372,0.9675361231000188,187.65246762994934,38,0.5205479452054794,9.75,16,0.2191780821917808,34,0.4657534246575342,35,0.4794520547945205,0.2876712328767123,0.2191780821917808,0.0684931506849315,0.0273972602739726,5.283238127819967,7,72
476,66,40,4.5,297,0.6060606060606061,3.481553119113957,0.8804733757917539,0.9591368227731865,257.1166207529844,38,0.5757575757575758,10.6,17,0.25757575757575757,29,0.4393939393939394,28,0.42424242424242425,0.3181818181818182,0.19696969696969696,0.06060606060606061,0.0,4.990973097611026,7,65
477,67,43,4.268656716417911,286,0.6417910447761194,3.7146342299998483,0.8945243936139042,0.9605702829137892,245.0434395188238,34,0.5074626865671642,7.655172413793103,7,0.1044776119402985,33,0.4925373134328358,33,0.4925373134328358,0.26865671641791045,0.1791044776119403,0.04477611940298507,0.014925373134328358,5.086601833660153,7,66
478,45,36,4.2444444444444445,191,0.8,3.794733192202055,0.9413807890996732,0.9639506172839506,138.2716049382716,26,0.5777777777777777,9.8,7,0.15555555555555556,31,0.6888888888888889,19,0.4222222222222222,0.3111111111111111,0.2222222222222222,0.08888888888888889,0.08888888888888889,5.01385809623352,4,44
479,40,27,4.225,169,0.675,3.018691769624716,0.8934520379430465,0.955,200.0,20,0.5,14.133333333333333,4,0.1,17,0.425,20,0.5,0.225,0.2,0.05,0.025,4.615311532225102,3,39
480,56,40,4.892857142857143,274,0.7142857142857143,3.779644730092272,0.9164117169201275,0.9661989795918368,159.4387755102041,34,0.6071428571428571,9.692307692307692,13,0.23214285714285715,31,0.5535714285714286,22,0.39285714285714285,0.375,0.21428571428571427,0.08928571428571429,0.0,5.1240573772988505,4,55
481,61,45,5.147540983606557,314,0.7377049180327869,4.074108571913333,0.9259983681196776,0.97285675893577,107.49798441279226,40,0.6557377049180327,12.121212121212121,14,0.22950819672131148,33,0.5409836065573771,21,0.3442622950819672,0.4262295081967213,0.21311475409836064,0.04918032786885246,0.01639344262295082,5.356646353814459,3,60
482,77,49,5.233766233766234,403,0.6363636363636364,3.948532523724363,0.8959471984014016,0.9701467363805026,168.66250632484397,48,0.6233766233766234,9.72972972972973,27,0.35064935064935066,35,0.45454545454545453,29,0.37662337662337664,0.36363636363636365,0.2077922077922078,0.1038961038961039,0.0,5.357187839171427,6,76
483,44,33,3.6136363636363638,159,0.75,3.517811819867572,0.9239778921560264,0.9514462809917356,258.26446280991735,21,0.4772727272727273,13.8,6,0.13636363636363635,29,0.6590909090909091,23,0.5227272727272727,0.22727272727272727,0.25,0.06818181818181818,0.045454545454545456,4.771598379853423,6,43
484,67,47,3.8059701492537314,255,0.7014925373134329,4.060181600232393,0.9156787309384194,0.9694809534417466,155.9367342392515,32,0.47761194029850745,14.433333333333334,6,0.08955223880597014,35,0.5223880597014925,35,0.5223880597014925,0.23880597014925373,0.208955223880597,0.04477611940298507,0.029850746268656716,5.334454115701742,6,66
485,68,44,4.279411764705882,291,0.6470588235294118,3.7729688731351945,0.8968320236211828,0.9606401384083044,246.53979238754326,35,0.5147058823529411,12.555555555555555,14,0.20588235294117646,32,0.47058823529411764,33,0.4852941176470588,0.3382352941176471,0.16176470588235295,0.04411764705882353,0.0,5.128355768472789,8,67
486,64,35,3.703125,237,0.546875,3.093592167691145,0.8548805028241611,0.94140625,429.6875,31,0.484375,17.363636363636363,5,0.078125,23,0.359375,33,0.515625,0.296875,0.15625,0.03125,0.046875,4.67838948721889,11,63
487,50,30,3.96,198,0.6,3.0,0.8694216207171604,0.9384000000000001,416.0,25,0.5,14.526315789473685,3,0.06,20,0.4,25,0.5,0.36,0.1,0.0,0.08,4.538171939471839,9,49
488,132,82,4.333333333333333,572,0.6212121212121212,5.046751130152642,0.9024980568800257,0.9727961432506887,196.28099173553719,68,0.5151515151515151,12.413793103448276,24,0.18181818181818182,63,0.4772727272727273,64,0.48484848484848486,0.2803030303030303,0.18181818181818182,0.030303030303030304,0.022727272727272728,5.896183299341515,13,131
489,113,64,3.8761061946902653,438,0.5663716814159292,4.2572166735215315,0.8797423107318663,0.971728404730206,194.22037747670137,53,0.4690265486725664,14.0,11,0.09734513274336283,42,0.37168141592920356,60,0.5309734513274337,0.23893805309734514,0.19469026548672566,0.035398230088495575,0.061946902654867256,5.625952406710849,11,112
490,37,28,3.5945945945945947,133,0.7567567567567568,3.25493388482694,0.9228136974554144,0.9510591672753834,219.1380569758948,19,0.5135135135135135,10.529411764705882,5,0.13513513513513514,23,0.6216216216216216,18,0.4864864864864865,0.2972972972972973,0.2702702702702703,0.05405405405405406,0.05405405405405406,4.614858771034357,4,36
491,55,42,3.981818181818182,219,0.7636363636363637,4.004542874831488,0.932707475399638,0.9659504132231406,158.67768595041323,28,0.509090909090909,10.92,6,0.10909090909090909,34,0.6181818181818182,27,0.4909090909090909,0.2545454545454545,0.18181818181818182,0.10909090909090909,0.03636363636363636,5.194729486133921,6,54
492,78,48,4.3076923076923075,336,0.6153846153846154,3.843075691322091,0.8885608758594479,0.9690992767915845,180.80210387902696,40,0.5128205128205128,10.78125,16,0.20512820512820512,34,0.4358974358974359,38,0.48717948717948717,0.2948717948717949,0.11538461538461539,0.10256410256410256,0.038461538461538464,5.307981309150362,5,77
493,109,55,4.376146788990826,477,0.5045871559633027,3.72507003813228,0.8541965519999648,0.9642286002861711,265.97087787223296,53,0.48623853211009177,10.542857142857143,26,0.23853211009174313,36,0.3302752293577982,56,0.5137614678899083,0.26605504587155965,0.1559633027522936,0.08256880733944955,0.027522935779816515,5.308502465367095,11,108
494,92,54,4.206521739130435,387,0.5869565217391305,3.9809328161822224,0.8821695173478281,0.9662098298676748,229.20604914933838,44,0.4782608695652174,11.303030303030303,14,0.15217391304347827,39,0.42391304347826086,48,0.5217391304347826,0.21739130434782608,0.22826086956521738,0.06521739130434782,0.06521739130434782,5.3690728320508825,10,91
495,65,46,4.184615384615385,272,0.7076923076923077,4.034466888812335,0.9171744615311684,0.9694674556213018,151.4792899408284,30,0.46153846153846156,9.407407407407407,12,0.18461538461538463,35,0.5384615384615384,35,0.5384615384615384,0.27692307692307694,0.16923076923076924,0.03076923076923077,0.06153846153846154,5.309067382619221,5,64
496,54,37,4.148148148148148,224,0.6851851851851852,3.560326660002692,0.9052224502512914,0.9533607681755829,281.20713305898494,25,0.46296296296296297,13.19047619047619,7,0.12962962962962962,28,0.5185185185185185,29,0.5370370370370371,0.3148148148148148,0.16666666666666666,0.037037037037037035,0.0,4.903035650311617,8,53
497,78,51,4.243589743589744,331,0.6538461538461539,4.083267922029722,0.9024761096352382,0.965154503616042,220.24983563445102,42,0.5384615384615384,12.166666666666666,13,0.16666666666666666,37,0.47435897435897434,36,0.46153846153846156,0.23076923076923078,0.2692307692307692,0.02564102564102564,0.05128205128205128,5.34246792371309,9,77
498,56,38,4.035714285714286,226,0.6785714285714286,3.5906624935876583,0.9036691546974007,0.9630102040816327,191.3265306122449,25,0.44642857142857145,10.333333333333334,8,0.14285714285714285,27,0.48214285714285715,31,0.5535714285714286,0.23214285714285715,0.3392857142857143,0.0,0.0,5.02861134215695,5,55
499,60,34,4.35,261,0.5666666666666667,3.1037611591959413,0.861275955412585,0.9533333333333333,300.0,33,0.55,14.0,8,0.13333333333333333,22,0.36666666666666664,27,0.45,0.2833333333333333,0.3,0.016666666666666666,0.016666666666666666,4.764735178725505,6,59
500,70,40,4.185714285714286,293,0.5714285714285714,3.3806170189140663,0.868279059748816,0.953877551020408,318.3673469387755,34,0.4857142857142857,14.0,10,0.14285714285714285,26,0.37142857142857144,36,0.5142857142857142,0.2714285714285714,0.3142857142857143,0.0,0.0,4.942231817947813,10,69
501,44,34,4.159090909090909,183,0.7727272727272727,3.624412178045377,0.9318667576827708,0.9617768595041323,154.95867768595042,24,0.5454545454545454,10.136363636363637,7,0.1590909090909091,28,0.6363636363636364,20,0.45454545454545453,0.29545454545454547,0.22727272727272727,0.022727272727272728,0.022727272727272728,4.925118550357139,4,43
502,55,47,4.6909090909090905,258,0.8545454545454545,4.4812741694542835,0.9607755142243571,0.9758677685950413,59.50413223140496,33,0.6,9.935483870967742,9,0.16363636363636364,40,0.7272727272727273,22,0.4,0.2909090909090909,0.2,0.03636363636363636,0.03636363636363636,5.476725395303502,3,54
503,61,46,4.540983606557377,277,0.7540983606557377,4.164644317955852,0.9313448972142149,0.971781779091642,118.24778285407149,35,0.5737704918032787,11.225806451612904,12,0.19672131147540983,35,0.5737704918032787,26,0.4262295081967213,0.19672131147540983,0.2786885245901639,0.06557377049180328,0.08196721311475409,5.367384419913698,5,60
504,45,30,4.377777777777778,197,0.6666666666666666,3.162277660168379,0.89348540639004,0.9451851851851851,325.9259259259259,24,0.5333333333333333,13.222222222222221,5,0.1111111111111111,24,0.5333333333333333,21,0.4666666666666667,0.2222222222222222,0.24444444444444444,0.044444444444444446,0.1111111111111111,4.588982196705437,6,44
505,63,38,4.333333333333333,273,0.6031746031746031,3.385309064224042,0.8779792113819443,0.9614512471655329,226.75736961451247,36,0.5714285714285714,13.4,9,0.14285714285714285,25,0.3968253968253968,27,0.42857142857142855,0.31746031746031744,0.2222222222222222,0.031746031746031744,0.015873015873015872,4.984750955039904,6,62
506,47,33,4.148936170212766,195,0.7021276595744681,3.403690112654018,0.9081489654873212,0.958804889090086,199.18515165233137,26,0.5531914893617021,12.052631578947368,5,0.10638297872340426,24,0.5106382978723404,21,0.44680851063829785,0.3191489361702128,0.1702127659574468,0.06382978723404255,0.06382978723404255,4.849920437235857,5,46
507,49,28,4.020408163265306,197,0.5714285714285714,2.8284271247461903,0.8562071871080221,0.941274468971262,383.173677634319,27,0.5510204081632653,9.666666666666666,11,0.22448979591836735,18,0.3673469387755102,22,0.4489795918367347,0.2653061224489796,0.2653061224489796,0.10204081632653061,0.0,4.4715259169518715,7,48
508,63,35,4.126984126984127,260,0.5555555555555556,3.1180478223116177,0.8581299659028823,0.9478458049886622,362.81179138321994,35,0.5555555555555556,11.28,13,0.20634920634920634,25,0.3968253968253968,28,0.4444444444444444,0.2857142857142857,0.25396825396825395,0.07936507936507936,0.031746031746031744,4.71655100341705,8,62
509,39,28,3.8974358974358974,152,0.717948717948718,3.170375695604868,0.9095532795784934,0.94543063773833,289.28336620644313,20,0.5128205128205128,14.052631578947368,3,0.07692307692307693,22,0.5641025641025641,19,0.48717948717948717,0.2564102564102564,0.23076923076923078,0.05128205128205128,0.02564102564102564,4.560667282798391,6,38
510,52,34,4.269230769230769,222,0.6538461538461539,3.333974297349129,0.8924684923971717,0.9511834319526626,295.85798816568047,29,0.5576923076923077,10.36,12,0.23076923076923078,27,0.5192307692307693,23,0.4423076923076923,0.3076923076923077,0.23076923076923078,0.057692307692307696,0.0,4.755835574318713,6,51
511,90,54,3.9555555555555557,356,0.6,4.024922359499621,0.886478393267576,0.9674074074074074,214.8148148148148,47,0.5222222222222223,13.135135135135135,10,0.1111111111111111,39,0.43333333333333335,43,0.4777777777777778,0.3,0.2,0.05555555555555555,0.044444444444444446,5.391201429374539,9,89
512,86,55,4.069767441860465,350,0.6395348837209303,4.1937106841466285,0.8996454292198963,0.9637641968631694,246.07896160086534,42,0.4883720930232558,13.823529411764707,5,0.05813953488372093,39,0.45348837209302323,44,0.5116279069767442,0.2558139534883721,0.19767441860465115,0.023255813953488372,0.023255813953488372,5.417032341684991,12,85
513,51,33,3.588235294117647,183,0.6470588235294118,3.2674868918230255,0.8892834749245435,0.9488658208381392,315.2633602460592,29,0.5686274509803921,12.521739130434783,1,0.0196078431372549,25,0.49019607843137253,22,0.43137254901960786,0.35294117647058826,0.13725490196078433,0.0784313725490196,0.0,4.716133186419205,7,50
514,52,36,3.5576923076923075,185,0.6923076923076923,3.530090432487313,0.9069344220919539,0.9585798816568047,221.89349112426035,29,0.5576923076923077,13.208333333333334,4,0.07692307692307693,27,0.5192307692307693,23,0.4423076923076923,0.3269230769230769,0.11538461538461539,0.07692307692307693,0.019230769230769232,4.92611928532397,6,51
515,61,45,4.114754098360656,251,0.7377049180327869,4.074108571913333,0.9259983681196776,0.9701693093254501,134.37248051599033,29,0.47540983606557374,12.346153846153847,7,0.11475409836065574,35,0.5737704918032787,32,0.5245901639344263,0.2786885245901639,0.19672131147540983,0.08196721311475409,0.04918032786885246,5.309847124760799,5,60
516,52,37,4.288461538461538,223,0.7115384615384616,3.6281485000564047,0.9138686878926854,0.9511834319526626,295.85798816568047,27,0.5192307692307693,8.4,8,0.15384615384615385,31,0.5961538461538461,25,0.4807692307692308,0.34615384615384615,0.15384615384615385,0.057692307692307696,0.0,4.878230343099488,8,51
517,78,42,3.782051282051282,295,0.5384615384615384,3.36269122990683,0.8579112736169254,0.9641683103221564,230.11176857330705,38,0.48717948717948717,11.32,4,0.05128205128205128,23,0.2948717948717949,40,0.5128205128205128,0.2564102564102564,0.19230769230769232,0.0,0.05128205128205128,5.105709751798105,7,77
518,74,56,4.216216216216216,312,0.7567567567567568,4.603171644550004,0.9352441479314311,0.970781592403214,157.0489408327246,40,0.5405405405405406,11.897435897435898,11,0.14864864864864866,50,0.6756756756756757,34,0.4594594594594595,0.2702702702702703,0.1891891891891892,0.08108108108108109,0.02702702702702703,5.523925582477594,6,73
519,81,55,4.209876543209877,341,0.6790123456790124,4.321208107251124,0.9119079648405163,0.9687547629934461,188.995579942082,40,0.49382716049382713,15.405405405405405,8,0.09876543209876543,44,0.5432098765432098,41,0.5061728395061729,0.2345679012345679,0.19753086419753085,0.024691358024691357,0.07407407407407407,5.456298997757497,7,80
520,87,53,4.436781609195402,386,0.6091954022988506,4.017919630968188,0.8890223014145278,0.970801955344167,177.03791782269784,51,0.5862068965517241,9.820512820512821,14,0.16091954022988506,38,0.4367816091954023,36,0.41379310344827586,0.28735632183908044,0.2413793103448276,0.04597701149425287,0.034482758620689655,5.424217168456879,6,86
521,37,26,4.405405405405405,163,0.7027027027027027,3.0224386073393013,0.9022903917623605,0.9495982468955442,233.7472607742878,20,0.5405405405405406,9.055555555555555,9,0.24324324324324326,19,0.5135135135135135,17,0.4594594594594595,0.2972972972972973,0.24324324324324326,0.02702702702702703,0.0,4.519999987133629,4,36
522,79,46,3.911392405063291,309,0.5822784810126582,3.659563507208358,0.8762300239668536,0.9681140842813651,192.2768787053357,36,0.45569620253164556,14.666666666666666,11,0.13924050632911392,30,0.379746835443038,43,0.5443037974683544,0.24050632911392406,0.24050632911392406,0.02531645569620253,0.05063291139240506,5.247021970261103,5,78
523,40,29,3.975,159,0.725,3.2422985673746947,0.912823493386637,0.9562499999999999,187.5,21,0.525,17.0625,5,0.125,21,0.525,19,0.475,0.25,0.3,0.025,0.05,4.703055907333276,4,39
524,47,34,4.127659574468085,194,0.723404255319149,3.5068322372798972,0.9159026846269256,0.958804889090086,199.18515165233137,23,0.48936170212765956,9.65,5,0.10638297872340426,28,0.5957446808510638,24,0.5106382978723404,0.23404255319148937,0.2978723404255319,0.0425531914893617,0.02127659574468085,4.868106670688481,4,46
525,58,35,4.241379310344827,246,0.603448275862069,3.2496684180984077,0.8756059504479945,0.9577883472057075,249.70273483947682,30,0.5172413793103449,11.869565217391305,7,0.1206896551724138,24,0.41379310344827586,28,0.4827586206896552,0.29310344827586204,0.20689655172413793,0.05172413793103448,0.0,4.851696030013774,5,57
526,102,60,4.049019607843137,413,0.5882352941176471,4.20084025208403,0.8852688929245052,0.9650134563629373,251.82622068435217,48,0.47058823529411764,12.35135135135135,10,0.09803921568627451,45,0.4411764705882353,54,0.5294117647058824,0.2647058823529412,0.23529411764705882,0.00980392156862745,0.049019607843137254,5.4344064108456624,10,101
527,72,48,4.097222222222222,295,0.6666666666666666,4.0,0.9051913109828058,0.9695216049382716,165.89506172839506,37,0.5138888888888888,14.34375,11,0.1527777777777778,36,0.5,35,0.4861111111111111,0.25,0.20833333333333334,0.013888888888888888,0.06944444444444445,5.331528779545088,5,71
528,48,40,4.25,204,0.8333333333333334,4.08248290463863,0.95290310260815,0.9626736111111112,164.93055555555554,29,0.6041666666666666,8.586206896551724,9,0.1875,37,0.7708333333333334,19,0.3958333333333333,0.3541666666666667,0.25,0.041666666666666664,0.0,5.121115365169276,6,47
529,58,39,4.206896551724138,244,0.6724137931034483,3.6210590944525114,0.9022566347105647,0.9625445897740784,202.14030915576694,30,0.5172413793103449,9.48,11,0.1896551724137931,28,0.4827586206896552,28,0.4827586206896552,0.3103448275862069,0.22413793103448276,0.017241379310344827,0.017241379310344827,5.047299098426643,6,57
530,61,44,4.098360655737705,250,0.7213114754098361,3.9835728258708154,0.9205316823018733,0.9658693899489385,177.37167428110723,30,0.4918032786885246,17.678571428571427,10,0.16393442622950818,35,0.5737704918032787,31,0.5081967213114754,0.2786885245901639,0.19672131147540983,0.01639344262295082,0.01639344262295082,5.217462337491951,6,60
531,57,37,4.2105263157894735,240,0.6491228070175439,3.4653675028522675,0.8931170231185874,0.9621421975992613,203.1394275161588,28,0.49122807017543857,11.833333333333334,7,0.12280701754385964,24,0.42105263157894735,29,0.5087719298245614,0.24561403508771928,0.15789473684210525,0.08771929824561403,0.05263157894736842,4.994741987659173,6,56
532,50,38,4.64,232,0.76,3.8,0.9298478446264339,0.9624,176.0,28,0.56,10.37037037037037,9,0.18,32,0.64,22,0.44,0.3,0.28,0.14,0.0,5.03656563024272,5,49
533,65,47,4.3076923076923075,280,0.7230769230769231,4.122172690743038,0.9223264045183607,0.9708875739644971,137.27810650887574,33,0.5076923076923077,11.620689655172415,6,0.09230769230769231,36,0.5538461538461539,32,0.49230769230769234,0.27692307692307694,0.24615384615384617,0.07692307692307693,0.0,5.3589921902782445,5,64
534,79,51,4.3544303797468356,344,0.6455696202531646,4.057342149296223,0.899844961075434,0.9703573145329274,169.8445761897132,39,0.4936708860759494,12.666666666666666,12,0.1518987341772152,35,0.4430379746835443,40,0.5063291139240507,0.21518987341772153,0.20253164556962025,0.05063291139240506,0.02531645569620253,5.408476242440389,6,78
535,72,49,3.8333333333333335,276,0.6805555555555556,4.083333333333333,0.9100126570100423,0.9710648148148148,150.46296296296296,32,0.4444444444444444,9.571428571428571,4,0.05555555555555555,37,0.5138888888888888,40,0.5555555555555556,0.19444444444444445,0.20833333333333334,0.013888888888888888,0.041666666666666664,5.383408466954945,5,71
536,44,30,3.5681818181818183,157,0.6818181818181818,3.198010745334156,0.8987914747127659,0.9504132231404959,268.59504132231405,22,0.5,15.105263157894736,4,0.09090909090909091,22,0.5,22,0.5,0.2727272727272727,0.22727272727272727,0.045454545454545456,0.022727272727272728,4.663532754804254,6,43
537,64,43,4.140625,265,0.671875,3.8006989488776926,0.9043774591170164,0.96484375,195.3125,34,0.53125,16.571428571428573,7,0.109375,32,0.5,30,0.46875,0.28125,0.21875,0.078125,0.015625,5.165873781480403,6,63
538,50,34,4.14,207,0.68,3.4,0.9014161010104346,0.9624,176.0,29,0.58,9.458333333333334,4,0.08,23,0.46,21,0.42,0.34,0.26,0.06,0.0,4.918562939644918,4,49
539,34,25,4.176470588235294,142,0.7352941176470589,3.031695312954162,0.9128039525166162,0.9429065743944637,276.8166089965398,18,0.5294117647058824,8.6875,7,0.20588235294117646,20,0.5882352941176471,16,0.47058823529411764,0.35294117647058826,0.20588235294117646,0.029411764705882353,0.029411764705882353,4.429682606644448,5,33
540,68,42,3.838235294117647,261,0.6176470588235294,3.601470287992685,0.8858070370859464,0.9576124567474048,276.8166089965398,33,0.4852941176470588,11.692307692307692,6,0.08823529411764706,33,0.4852941176470588,35,0.5147058823529411,0.23529411764705882,0.22058823529411764,0.014705882352941176,0.029411764705882353,5.012795099785286,7,67
541,71,40,3.887323943661972,276,0.5633802816901409,3.3567254331867566,0.8653897455406273,0.9589367189049791,269.78774052767307,33,0.4647887323943662,15.48,8,0.11267605633802817,26,0.36619718309859156,38,0.5352112676056338,0.2112676056338028,0.22535211267605634,0.056338028169014086,0.056338028169014086,4.9774190437317625,7,70
542,99,55,4.02020202020202,398,0.5555555555555556,3.908679799852858,0.8720845845000316,0.9670441791653913,228.54810733598612,44,0.4444444444444444,16.28125,8,0.08080808080808081,35,0.35353535353535354,55,0.5555555555555556,0.16161616161616163,0.21212121212121213,0.09090909090909091,0.0707070707070707,5.389860312197141,9,98
543,61,42,4.622950819672131,282,0.6885245901639344,3.802501333785778,0.9092153497721114,0.9685568395592582,150.49717817790918,37,0.6065573770491803,9.8,12,0.19672131147540983,29,0.47540983606557374,24,0.39344262295081966,0.3114754098360656,0.2459016393442623,0.06557377049180328,0.01639344262295082,5.211486469023092,5,60
544,71,52,4.492957746478873,319,0.7323943661971831,4.363743063142784,0.9269388817731129,0.9756000793493355,103.15413608411029,43,0.6056338028169014,11.636363636363637,12,0.16901408450704225,39,0.5492957746478874,28,0.39436619718309857,0.30985915492957744,0.19718309859154928,0.07042253521126761,0.07042253521126761,5.543837964453216,4,70
545,65,33,4.030769230769231,262,0.5076923076923077,2.8942914637131967,0.8376097701049898,0.923550295857988,610.6508875739645,36,0.5538461538461539,11.476190476190476,6,0.09230769230769231,25,0.38461538461538464,29,0.4461538461538462,0.3230769230769231,0.2153846153846154,0.03076923076923077,0.015384615384615385,4.402875877727466,13,64
546,79,43,4.291139240506329,339,0.5443037974683544,3.420896321955639,0.8607952864273142,0.9568979330235539,304.43839128344814,45,0.569620253164557,17.857142857142858,17,0.21518987341772153,30,0.379746835443038,34,0.43037974683544306,0.25316455696202533,0.24050632911392406,0.012658227848101266,0.02531645569620253,5.0083542111184025,10,78
547,43,30,4.046511627906977,174,0.6976744186046512,3.2349831961031525,0.9042851422530538,0.950784207679827,259.5997836668469,24,0.5581395348837209,11.947368421052632,4,0.09302325581395349,24,0.5581395348837209,19,0.4418604651162791,0.27906976744186046,0.23255813953488372,0.023255813953488372,0.0,4.656045790079685,5,42
548,61,37,3.9836065573770494,243,0.6065573770491803,3.3498226035731857,0.8783820744571478,0.9567320612738512,268.74496103198067,34,0.5573770491803278,8.041666666666666,6,0.09836065573770492,28,0.45901639344262296,27,0.4426229508196721,0.32786885245901637,0.16393442622950818,0.06557377049180328,0.01639344262295082,4.877218280079436,6,60
549,38,28,4.473684210526316,170,0.7368421052631579,3.2118202741878643,0.9160482704348776,0.9556786703601108,180.05540166204986,23,0.6052631578947368,8.421052631578947,6,0.15789473684210525,20,0.5263157894736842,15,0.39473684210526316,0.42105263157894735,0.18421052631578946,0.02631578947368421,0.02631578947368421,4.668980145022534,4,37
550,48,32,4.229166666666667,203,0.6666666666666666,3.2659863237109046,0.8952611587552068,0.9583333333333334,208.33333333333334,28,0.5833333333333334,8.9,7,0.14583333333333334,23,0.4791666666666667,20,0.4166666666666667,0.3125,0.20833333333333334,0.041666666666666664,0.041666666666666664,4.797995052579131,4,47
551,58,39,4.241379310344827,246,0.6724137931034483,3.6210590944525114,0.9022566347105647,0.9595719381688466,231.8668252080856,32,0.5517241379310345,13.107142857142858,7,0.1206896551724138,30,0.5172413793103449,26,0.4482758620689655,0.3620689655172414,0.15517241379310345,0.034482758620689655,0.017241379310344827,4.998079219594344,6,57
552,75,39,3.986666666666667,299,0.52,3.184336665618132,0.8485400653781872,0.9454222222222223,412.44444444444446,37,0.49333333333333335,11.923076923076923,4,0.05333333333333334,27,0.36,38,0.5066666666666667,0.3466666666666667,0.13333333333333333,0.013333333333333334,0.05333333333333334,4.783436983910446,12,74
553,43,35,4.604651162790698,198,0.813953488372093,3.7741470621203446,0.9452695820822632,0.9659275283937263,108.1665765278529,24,0.5581395348837209,8.952380952380953,7,0.16279069767441862,29,0.6744186046511628,19,0.4418604651162791,0.27906976744186046,0.16279069767441862,0.13953488372093023,0.0,5.019060684834029,3,42
554,93,61,4.408602150537634,410,0.6559139784946236,4.472737008151276,0.9069572262854936,0.9725979882067292,166.49323621227887,48,0.5161290322580645,9.840909090909092,21,0.22580645161290322,51,0.5483870967741935,45,0.4838709677419355,0.2903225806451613,0.1827956989247312,0.08602150537634409,0.010752688172043012,5.586434521493756,6,92
555,55,38,3.909090909090909,215,0.6909090909090909,3.623157839133251,0.9077323974785401,0.9626446280991736,191.73553719008265,30,0.5454545454545454,9.44,6,0.10909090909090909,29,0.5272727272727272,25,0.45454545454545453,0.2909090909090909,0.3090909090909091,0.05454545454545454,0.0,5.020008750235071,5,54
556,47,34,4.404255319148936,207,0.723404255319149,3.5068322372798972,0.9159026846269256,0.9615210502489815,172.02354006337708,30,0.6382978723404256,9.083333333333334,7,0.14893617021276595,26,0.5531914893617021,17,0.3617021276595745,0.3191489361702128,0.3191489361702128,0.0425531914893617,0.0425531914893617,4.910659862177843,4,46
557,62,41,4.435483870967742,275,0.6612903225806451,3.6819086915488857,0.8997943173744595,0.9640998959417274,197.71071800208117,36,0.5806451612903226,7.1,10,0.16129032258064516,31,0.5,26,0.41935483870967744,0.2903225806451613,0.27419354838709675,0.016129032258064516,0.016129032258064516,5.0974315446003615,5,61
558,55,35,4.0,220,0.6363636363636364,3.337119062359573,0.887210495646162,0.9500826446280992,317.35537190082647,31,0.5636363636363636,8.25925925925926,4,0.07272727272727272,27,0.4909090909090909,24,0.43636363636363634,0.32727272727272727,0.18181818181818182,0.01818181818181818,0.0,4.773615677793374,7,54
559,83,57,4.457831325301205,370,0.6867469879518072,4.424057996526097,0.9149574801817912,0.9740165481201916,139.35259108724054,51,0.6144578313253012,11.071428571428571,17,0.20481927710843373,44,0.5301204819277109,32,0.3855421686746988,0.3253012048192771,0.25301204819277107,0.10843373493975904,0.012048192771084338,5.582576328806961,6,82
560,104,68,4.4423076923076925,462,0.6538461538461539,4.714951667914447,0.9085169178925453,0.974112426035503,162.72189349112426,56,0.5384615384615384,12.454545454545455,18,0.17307692307692307,52,0.5,48,0.46153846153846156,0.25,0.28846153846153844,0.08653846153846154,0.019230769230769232,5.7469924537557935,9,103
561,54,38,3.814814814814815,206,0.7037037037037037,3.65655170486763,0.9119079237379881,0.9602194787379972,212.62002743484226,28,0.5185185185185185,11.5,3,0.05555555555555555,30,0.5555555555555556,26,0.48148148148148145,0.25925925925925924,0.24074074074074073,0.018518518518518517,0.0,4.9952662057069155,6,53
562,77,45,3.948051948051948,304,0.5844155844155844,3.626203338114211,0.8763427732326594,0.9630629111148592,239.50075898127847,40,0.5194805194805194,12.333333333333334,4,0.05194805194805195,29,0.37662337662337664,37,0.4805194805194805,0.2857142857142857,0.19480519480519481,0.012987012987012988,0.03896103896103896,5.162636540582516,8,76
563,60,41,3.7,222,0.6833333333333333,3.742770809618635,0.9070003782702797,0.9594444444444444,238.88888888888889,27,0.45,13.478260869565217,2,0.03333333333333333,31,0.5166666666666667,33,0.55,0.23333333333333334,0.21666666666666667,0.016666666666666666,0.016666666666666666,5.069146220500344,8,59
564,61,44,3.918032786885246,239,0.7213114754098361,3.9835728258708154,0.9205316823018733,0.9588820209621071,247.2453641494222,30,0.4918032786885246,13.37037037037037,2,0.03278688524590164,35,0.5737704918032787,31,0.5081967213114754,0.21311475409836064,0.19672131147540983,0.06557377049180328,0.04918032786885246,5.155586312724454,9,60
565,65,35,4.092307692307692,266,0.5384615384615384,3.0697030675746024,0.851705371739096,0.9377514792899408,468.6390532544379,33,0.5076923076923077,13.916666666666666,7,0.1076923076923077,24,0.36923076923076925,32,0.49230769230769234,0.3076923076923077,0.15384615384615385,0.046153846153846156,0.015384615384615385,4.635614497837415,12,64
566,120,66,4.25,510,0.55,4.260281680828158,0.8751252152743739,0.9690277777777778,226.38888888888889,63,0.525,12.688888888888888,20,0.16666666666666666,45,0.375,57,0.475,0.25833333333333336,0.175,0.05,0.075,5.582990416936709,12,119
567,43,32,4.0,172,0.7441860465116279,3.450648742510029,0.9214441657435309,0.9583558680367766,183.8831800973499,22,0.5116279069767442,11.68421052631579,5,0.11627906976744186,26,0.6046511627906976,21,0.4883720930232558,0.27906976744186046,0.16279069767441862,0.046511627906976744,0.046511627906976744,4.815458649899996,4,42
568,51,29,3.9019607843137254,199,0.5686274509803921,2.8714278746323556,0.8564204378649686,0.9427143406382161,376.7781622452903,26,0.5098039215686274,15.11111111111111,6,0.11764705882352941,18,0.35294117647058826,25,0.49019607843137253,0.3333333333333333,0.19607843137254902,0.0196078431372549,0.0196078431372549,4.529980979099137,8,50
569,74,46,4.256756756756757,315,0.6216216216216216,3.7811767080232177,0.8895407744957814,0.9528853177501826,336.01168736303873,42,0.5675675675675675,13.129032258064516,10,0.13513513513513514,37,0.5,32,0.43243243243243246,0.33783783783783783,0.1891891891891892,0.02702702702702703,0.0,5.054888152246999,11,73
570,78,45,4.0,312,0.5769230769230769,3.6028834606144606,0.873747280619343,0.9536489151873766,335.3057199211045,39,0.5,15.571428571428571,9,0.11538461538461539,31,0.3974358974358974,39,0.5,0.28205128205128205,0.20512820512820512,0.0,0.02564102564102564,5.052851379279973,12,77
571,76,45,4.407894736842105,335,0.5921052631578947,3.649981975442157,0.8789879659315708,0.9691828254847645,176.59279778393352,48,0.631578947368421,12.28125,15,0.19736842105263158,25,0.32894736842105265,28,0.3684210526315789,0.25,0.25,0.013157894736842105,0.05263157894736842,5.272414809661776,6,75
572,54,37,3.7037037037037037,200,0.6851851851851852,3.560326660002692,0.9052224502512914,0.9574759945130314,240.05486968449932,25,0.46296296296296297,14.904761904761905,5,0.09259259259259259,30,0.5555555555555556,29,0.5370370370370371,0.25925925925925924,0.24074074074074073,0.0,0.0,4.921192131632842,6,53
573,60,39,3.75,225,0.65,3.56019662378358,0.894785866322238,0.9533333333333333,300.0,29,0.48333333333333334,17.19047619047619,4,0.06666666666666667,30,0.5,31,0.5166666666666667,0.25,0.21666666666666667,0.0,0.03333333333333333,4.9351612202118815,9,59
574,72,43,4.75,342,0.5972222222222222,3.5833333333333335,0.8794701318790142,0.9637345679012346,223.76543209876544,48,0.6666666666666666,12.166666666666666,19,0.2638888888888889,29,0.4027777777777778,24,0.3333333333333333,0.16666666666666666,0.2916666666666667,0.041666666666666664,0.05555555555555555,5.124310938731977,6,71
575,115,57,4.443478260869565,511,0.4956521739130435,3.758468698355986,0.85207778709138,0.9613610586011343,299.4328922495274,58,0.5043478260869565,13.921052631578947,26,0.22608695652173913,36,0.3130434782608696,57,0.4956521739130435,0.20869565217391303,0.1826086956521739,0.06086956521739131,0.06086956521739131,5.314072930428892,14,114
576,71,46,4.042253521126761,287,0.647887323943662,3.86023424816477,0.8981770874022371,0.9648879190636779,210.27573894068638,33,0.4647887323943662,13.666666666666666,13,0.18309859154929578,32,0.4507042253521127,38,0.5352112676056338,0.22535211267605634,0.22535211267605634,0.04225352112676056,0.056338028169014086,5.237706450460124,8,70
577,83,60,4.385542168674699,364,0.7228915662650602,4.656903154237997,0.9265653427276925,0.9760487734068805,119.03033822035128,46,0.5542168674698795,12.947368421052632,14,0.1686746987951807,45,0.5421686746987951,37,0.4457831325301205,0.27710843373493976,0.1927710843373494,0.0963855421686747,0.024096385542168676,5.7013509137458005,7,82
578,53,40,4.0,212,0.7547169811320755,3.8851434494290564,0.9291204612744928,0.9690281238875045,121.03951584193663,31,0.5849056603773585,12.0,6,0.11320754716981132,30,0.5660377358490566,22,0.41509433962264153,0.3018867924528302,0.20754716981132076,0.07547169811320754,0.05660377358490566,5.185375407352566,4,52
579,50,36,4.76,238,0.72,3.6,0.9160270615698787,0.9616,184.0,33,0.66,12.03448275862069,9,0.18,28,0.56,17,0.34,0.34,0.22,0.1,0.0,4.966370130156181,5,49
580,89,59,4.213483146067416,375,0.6629213483146067,4.422236965075582,0.908413403990898,0.9738669359929303,148.9710895089004,47,0.5280898876404494,12.263157894736842,10,0.11235955056179775,44,0.4943820224719101,42,0.47191011235955055,0.25842696629213485,0.20224719101123595,0.0449438202247191,0.056179775280898875,5.607371492593996,6,88
581,114,70,3.807017543859649,434,0.6140350877192983,4.635863249727653,0.8970264418480056,0.9752231455832564,160.0492459218221,51,0.4473684210526316,11.577777777777778,14,0.12280701754385964,51,0.4473684210526316,63,0.5526315789473685,0.23684210526315788,0.17543859649122806,0.09649122807017543,0.02631578947368421,5.771541606623598,8,113
582,72,44,4.291666666666667,309,0.6111111111111112,3.6666666666666665,0.8848457019106509,0.9625771604938271,235.3395061728395,39,0.5416666666666666,13.962962962962964,10,0.1388888888888889,30,0.4166666666666667,33,0.4583333333333333,0.2222222222222222,0.2361111111111111,0.027777777777777776,0.041666666666666664,5.1382489606437876,7,71
583,64,36,4.6875,300,0.5625,3.181980515339464,0.8616541669070521,0.955078125,292.96875,38,0.59375,8.192307692307692,17,0.265625,25,0.390625,26,0.40625,0.3125,0.28125,0.078125,0.0,4.823684179450871,6,63
584,81,42,4.246913580246914,344,0.5185185185185185,3.2998316455372216,0.8505433756832199,0.9614388050602042,262.1551592745008,47,0.5802469135802469,9.32258064516129,16,0.19753086419753085,26,0.32098765432098764,34,0.41975308641975306,0.32098765432098764,0.24691358024691357,0.07407407407407407,0.0,5.041080132810078,7,80
585,64,37,4.21875,270,0.578125,3.270368862987782,0.8682422276048251,0.94775390625,366.2109375,34,0.53125,18.5,7,0.109375,26,0.40625,30,0.46875,0.265625,0.21875,0.03125,0.0625,4.795412751096862,10,63
586,78,46,4.282051282051282,334,0.5897435897435898,3.682947537517004,0.8787921224008574,0.9595660749506902,276.13412228796847,42,0.5384615384615384,16.79310344827586,12,0.15384615384615385,34,0.4358974358974359,36,0.46153846153846156,0.20512820512820512,0.24358974358974358,0.05128205128205128,0.0641025641025641,5.128494129663181,10,77
587,56,34,3.9285714285714284,220,0.6071428571428571,3.2126980205784315,0.876037870860457,0.9496173469387755,325.2551020408163,27,0.48214285714285715,16.4,5,0.08928571428571429,24,0.42857142857142855,29,0.5178571428571429,0.30357142857142855,0.16071428571428573,0.0,0.03571428571428571,4.737423726327363,7,55
588,63,38,4.285714285714286,270,0.6031746031746031,3.385309064224042,0.8779792113819443,0.9433106575963719,408.16326530612247,33,0.5238095238095238,15.321428571428571,8,0.12698412698412698,30,0.47619047619047616,30,0.47619047619047616,0.25396825396825395,0.2222222222222222,0.0,0.047619047619047616,4.77785892652631,11,62
589,79,51,4.2784810126582276,338,0.6455696202531646,4.057342149296223,0.899844961075434,0.9697163916039097,176.25380547989104,43,0.5443037974683544,14.222222222222221,11,0.13924050632911392,37,0.46835443037974683,36,0.45569620253164556,0.34177215189873417,0.12658227848101267,0.06329113924050633,0.0,5.395040875495827,7,78
590,72,47,4.444444444444445,320,0.6527777777777778,3.9166666666666665,0.9002684555126956,0.96875,173.61111111111111,44,0.6111111111111112,9.757575757575758,12,0.16666666666666666,34,0.4722222222222222,28,0.3888888888888889,0.3055555555555556,0.2361111111111111,0.08333333333333333,0.041666666666666664,5.2986881132034185,5,71
591,87,49,4.068965517241379,354,0.5632183908045977,3.7146804135366267,0.8714510452765631,0.9591755846214824,293.3016250495442,40,0.45977011494252873,9.454545454545455,7,0.08045977011494253,34,0.39080459770114945,47,0.5402298850574713,0.21839080459770116,0.28735632183908044,0.022988505747126436,0.034482758620689655,5.164857870562398,10,86
592,63,40,3.888888888888889,245,0.6349206349206349,3.5634832254989917,0.8903595218895451,0.9599395313681028,241.8745275888133,33,0.5238095238095238,8.923076923076923,5,0.07936507936507936,29,0.4603174603174603,30,0.47619047619047616,0.2857142857142857,0.23809523809523808,0.015873015873015872,0.031746031746031744,5.016496986785937,6,62
593,76,43,3.6710526315789473,279,0.5657894736842105,3.4877605543113948,0.86849035028439,0.9518698060941829,349.7229916897507,38,0.5,12.392857142857142,4,0.05263157894736842,31,0.40789473684210525,38,0.5,0.2894736842105263,0.18421052631578946,0.013157894736842105,0.039473684210526314,4.953997297290465,10,75
594,76,50,4.105263157894737,312,0.6578947368421053,4.055535528269064,0.903316528181691,0.9660664819944599,207.7562326869806,38,0.5,16.794117647058822,7,0.09210526315789473,38,0.5,38,0.5,0.3026315789473684,0.14473684210526316,0.039473684210526314,0.02631578947368421,5.3167314616913925,7,75
595,70,37,4.2,294,0.5285714285714286,3.127070742495511,0.8499286704867334,0.9555102040816326,302.0408163265306,42,0.6,14.0,3,0.04285714285714286,24,0.34285714285714286,28,0.4,0.35714285714285715,0.14285714285714285,0.014285714285714285,0.05714285714285714,4.841952532109901,6,69
596,83,45,3.963855421686747,329,0.5421686746987951,3.4926773656784977,0.8614618239575892,0.963855421686747,240.96385542168676,45,0.5421686746987951,14.096774193548388,2,0.024096385542168676,28,0.3373493975903614,38,0.4578313253012048,0.3132530120481928,0.18072289156626506,0.03614457831325301,0.060240963855421686,5.152341317426879,8,82
597,66,43,4.212121212121212,278,0.6515151515151515,3.7426696030475037,0.8977350992588877,0.9591368227731865,257.1166207529844,36,0.5454545454545454,11.074074074074074,5,0.07575757575757576,31,0.4696969696969697,30,0.45454545454545453,0.2878787878787879,0.21212121212121213,0.10606060606060606,0.045454545454545456,5.104407755459857,9,65
598,82,41,3.8292682926829267,314,0.5,3.2015621187164243,0.8427067526504531,0.9547888161808447,330.1606186793575,41,0.5,11.814814814814815,1,0.012195121951219513,25,0.3048780487804878,41,0.5,0.2682926829268293,0.13414634146341464,0.06097560975609756,0.04878048780487805,4.9393498245871355,11,81
599,71,52,3.9577464788732395,281,0.7323943661971831,4.363743063142784,0.9269388817731129,0.965681412418171,202.3408053957548,45,0.6338028169014085,13.894736842105264,8,0.11267605633802817,43,0.6056338028169014,26,0.36619718309859156,0.30985915492957744,0.18309859154929578,0.056338028169014086,0.028169014084507043,5.399265253094195,9,70
600,86,49,4.162790697674419,358,0.5697674418604651,3.7362149731488143,0.8737128111640475,0.9683612763656031,200.10816657652785,48,0.5581395348837209,11.96774193548387,12,0.13953488372093023,32,0.37209302325581395,38,0.4418604651162791,0.313953488372093,0.1511627906976744,0.08139534883720931,0.046511627906976744,5.308183616115806,7,85
601,48,30,3.875,186,0.625,3.061862178478973,0.8785897121019018,0.9496527777777778,295.1388888888889,24,0.5,13.578947368421053,6,0.125,22,0.4583333333333333,24,0.5,0.20833333333333334,0.25,0.0625,0.0625,4.625814583693913,6,47
602,104,61,4.153846153846154,432,0.5865384615384616,4.229588996217372,0.8851265867679883,0.9637573964497043,266.2721893491124,57,0.5480769230769231,12.0,18,0.17307692307692307,43,0.41346153846153844,47,0.4519230769230769,0.25,0.18269230769230768,0.04807692307692308,0.019230769230769232,5.475036502792788,14,103
603,92,49,4.3478260869565215,400,0.532608695652174,3.61232792579498,0.8606816156474222,0.9657372400756143,233.93194706994328,44,0.4782608695652174,12.882352941176471,15,0.16304347826086957,29,0.31521739130434784,48,0.5217391304347826,0.2717391304347826,0.20652173913043478,0.03260869565217391,0.03260869565217391,5.262828946063735,9,91
604,69,51,4.086956521739131,282,0.7391304347826086,4.341408306869618,0.9286081085714951,0.9703843730308759,151.22873345935727,40,0.5797101449275363,11.567567567567568,9,0.13043478260869565,41,0.5942028985507246,29,0.42028985507246375,0.3188405797101449,0.2028985507246377,0.07246376811594203,0.028985507246376812,5.443073051547823,7,68
605,82,52,4.097560975609756,336,0.6341463414634146,4.060517809103758,0.8966406745867482,0.965496728138013,223.081499107674,40,0.4878048780487805,10.971428571428572,14,0.17073170731707318,39,0.47560975609756095,42,0.5121951219512195,0.25609756097560976,0.21951219512195122,0.04878048780487805,0.012195121951219513,5.338944840772593,8,81
606,77,50,4.441558441558442,342,0.6493506493506493,4.029114820126901,0.900598122039896,0.960026986001012,269.86001011975037,43,0.5584415584415584,11.277777777777779,13,0.16883116883116883,38,0.4935064935064935,34,0.44155844155844154,0.2857142857142857,0.19480519480519481,0.05194805194805195,0.05194805194805195,5.259468062651562,11,76
607,46,33,4.217391304347826,194,0.717391304347826,3.440487831941734,0.9132502105506185,0.9612476370510397,170.13232514177693,29,0.6304347826086957,13.826086956521738,9,0.1956521739130435,24,0.5217391304347826,17,0.3695652173913043,0.30434782608695654,0.21739130434782608,0.17391304347826086,0.0,4.88204510813686,4,45
608,60,40,4.0,240,0.6666666666666666,3.6514837167011076,0.9009694709504106,0.965,183.33333333333334,35,0.5833333333333334,12.535714285714286,7,0.11666666666666667,29,0.48333333333333334,25,0.4166666666666667,0.23333333333333334,0.2,0.18333333333333332,0.08333333333333333,5.096404087557007,5,59
609,35,22,4.2,147,0.6285714285714286,2.629502940535666,0.8694064265717518,0.9338775510204081,375.51020408163265,19,0.5428571428571428,11.4,3,0.08571428571428572,16,0.45714285714285713,16,0.45714285714285713,0.34285714285714286,0.2857142857142857,0.02857142857142857,0.0,4.193429088311723,4,34
610,50,34,4.0,200,0.68,3.4,0.9014161010104346,0.9576,224.0,25,0.5,13.65,5,0.1,24,0.48,25,0.5,0.26,0.24,0.04,0.06,4.863465189601649,6,49
611,57,38,3.8771929824561404,221,0.6666666666666666,3.559026084010437,0.8997130926006459,0.9621421975992613,203.1394275161588,33,0.5789473684210527,15.038461538461538,4,0.07017543859649122,27,0.47368421052631576,24,0.42105263157894735,0.19298245614035087,0.2631578947368421,0.05263157894736842,0.07017543859649122,5.016586066568584,6,56
612,55,36,3.5636363636363635,196,0.6545454545454545,3.4324653212841323,0.8942403271237415,0.9606611570247934,211.5702479338843,27,0.4909090909090909,13.952380952380953,1,0.01818181818181818,25,0.45454545454545453,28,0.509090909090909,0.21818181818181817,0.14545454545454545,0.05454545454545454,0.10909090909090909,4.938368295768289,5,54
613,53,41,4.339622641509434,230,0.7735849056603774,3.982272035664783,0.9353398056270041,0.9647561409754362,163.75934496262016,33,0.6226415094339622,9.290322580645162,7,0.1320754716981132,34,0.6415094339622641,20,0.37735849056603776,0.32075471698113206,0.1509433962264151,0.05660377358490566,0.05660377358490566,5.156889086516208,6,52
614,77,48,4.584415584415584,353,0.6233766233766234,3.8679502273218254,0.891200372703593,0.9644122111654579,226.00775847529096,48,0.6233766233766234,11.68421052631579,17,0.22077922077922077,37,0.4805194805194805,29,0.37662337662337664,0.24675324675324675,0.2727272727272727,0.025974025974025976,0.07792207792207792,5.230546931060866,7,76
615,87,54,4.103448275862069,357,0.6206896551724138,4.093729435326078,0.8932078181147199,0.9665741841722817,219.31562954155106,41,0.47126436781609193,12.454545454545455,11,0.12643678160919541,39,0.4482758620689655,46,0.5287356321839081,0.22988505747126436,0.22988505747126436,0.06896551724137931,0.0,5.40152557706565,10,86
616,83,52,4.036144578313253,335,0.6265060240963856,4.035982733672931,0.8941810916668632,0.9624038321962549,255.47975032660764,44,0.5301204819277109,13.323529411764707,6,0.07228915662650602,38,0.4578313253012048,39,0.46987951807228917,0.2289156626506024,0.21686746987951808,0.08433734939759036,0.012048192771084338,5.31566532549226,11,82
617,47,30,4.085106382978723,192,0.6382978723404256,3.09426373877638,0.8833940236866503,0.9470348574015391,316.8854685377999,26,0.5531914893617021,14.1,9,0.19148936170212766,21,0.44680851063829785,21,0.44680851063829785,0.3191489361702128,0.1702127659574468,0.02127659574468085,0.02127659574468085,4.62020274612671,7,46
618,56,35,3.767857142857143,211,0.625,3.307189138830738,0.8832391141555387,0.9540816326530612,280.61224489795916,29,0.5178571428571429,14.565217391304348,4,0.07142857142857142,25,0.44642857142857145,27,0.48214285714285715,0.26785714285714285,0.16071428571428573,0.03571428571428571,0.03571428571428571,4.82233243172314,7,55
619,86,64,4.383720930232558,377,0.7441860465116279,4.879954250643349,0.9336683484149637,0.9770146024878313,113.57490535424554,48,0.5581395348837209,13.767441860465116,15,0.1744186046511628,52,0.6046511627906976,38,0.4418604651162791,0.313953488372093,0.1744186046511628,0.09302325581395349,0.011627906976744186,5.776563557249457,6,85
620,80,58,4.45,356,0.725,4.58530260724415,0.9266130375422981,0.9759375,115.625,48,0.6,12.0,14,0.175,44,0.55,32,0.4,0.2625,0.2375,0.05,0.025,5.659183719779184,6,79
621,87,60,4.32183908045977,376,0.6896551724137931,4.54858826147342,0.9167999997849436,0.9779363191967234,105.69427929713304,46,0.5287356321839081,12.9,13,0.14942528735632185,42,0.4827586206896552,41,0.47126436781609193,0.20689655172413793,0.21839080459770116,0.04597701149425287,0.11494252873563218,5.723067743169522,5,86
622,63,45,4.476190476190476,282,0.7142857142857143,4.008918628686366,0.918788005015163,0.9674981103552532,166.28873771730915,35,0.5555555555555556,13.21875,14,0.2222222222222222,36,0.5714285714285714,28,0.4444444444444444,0.25396825396825395,0.2857142857142857,0.047619047619047616,0.047619047619047616,5.255312567065569,5,62
623,67,43,4.08955223880597,274,0.6417910447761194,3.7146342299998483,0.8945243936139042,0.9583426152817999,267.32011583871684,36,0.5373134328358209,12.933333333333334,9,0.13432835820895522,31,0.4626865671641791,31,0.4626865671641791,0.31343283582089554,0.1791044776119403,0.04477611940298507,0.014925373134328358,5.086257242819792,9,66
624,66,41,3.8636363636363638,255,0.6212121212121212,3.5685919470918055,0.8863670863981864,0.9490358126721764,358.1267217630854,36,0.5454545454545454,13.448275862068966,6,0.09090909090909091,31,0.4696969696969697,30,0.45454545454545453,0.2878787878787879,0.18181818181818182,0.045454545454545456,0.015151515151515152,4.9297952889139545,11,65
625,86,48,3.8372093023255816,330,0.5581395348837209,3.659965687982512,0.8690837856679714,0.9518658734451055,365.06219578150353,43,0.5,17.34285714285714,8,0.09302325581395349,35,0.4069767441860465,43,0.5,0.313953488372093,0.16279069767441862,0.023255813953488372,0.011627906976744186,5.057295344919837,13,85
626,90,58,4.155555555555556,374,0.6444444444444445,4.323064756499593,0.9023588347123138,0.9681481481481481,207.40740740740742,45,0.5,10.487179487179487,16,0.17777777777777778,45,0.5,45,0.5,0.2777777777777778,0.18888888888888888,0.022222222222222223,0.05555555555555555,5.484862090961995,8,89
627,76,49,4.605263157894737,350,0.6447368421052632,3.9744248177036825,0.8986515659847379,0.9674515235457064,193.90581717451525,42,0.5526315789473685,10.771428571428572,16,0.21052631578947367,35,0.4605263157894737,34,0.4473684210526316,0.2894736842105263,0.2236842105263158,0.11842105263157894,0.013157894736842105,5.324495809925377,7,75
628,108,58,4.416666666666667,477,0.5370370370370371,3.9464001411506757,0.8672211037195462,0.968278463648834,224.62277091906722,58,0.5370370370370371,9.825,14,0.12962962962962962,38,0.35185185185185186,50,0.46296296296296297,0.3055555555555556,0.23148148148148148,0.08333333333333333,0.009259259259259259,5.449629290027094,10,107
629,109,62,4.201834862385321,458,0.5688073394495413,4.199169861167298,0.879733178747776,0.9696153522430772,212.10335830317314,61,0.5596330275229358,13.543478260869565,13,0.11926605504587157,42,0.3853211009174312,48,0.44036697247706424,0.25688073394495414,0.1834862385321101,0.11009174311926606,0.027522935779816515,5.554107051909911,11,108
630,104,55,4.163461538461538,433,0.5288461538461539,3.8135638490484505,0.8628328821274116,0.9509985207100593,393.8609467455621,49,0.47115384615384615,12.972222222222221,15,0.14423076923076922,41,0.3942307692307692,55,0.5288461538461539,0.19230769230769232,0.25961538461538464,0.09615384615384616,0.019230769230769232,5.143177727966083,16,103
631,71,48,4.295774647887324,305,0.676056338028169,4.028070519824108,0.9081613263426326,0.9640944257091847,218.21067248561792,36,0.5070422535211268,12.96875,9,0.1267605633802817,37,0.5211267605633803,35,0.49295774647887325,0.15492957746478872,0.29577464788732394,0.16901408450704225,0.04225352112676056,5.265060585516885,7,70
632,97,63,4.061855670103093,394,0.6494845360824743,4.52313639929175,0.9056604331640115,0.973110851312573,165.7987033691147,41,0.422680412371134,11.324324324324325,10,0.10309278350515463,50,0.5154639175257731,56,0.5773195876288659,0.09278350515463918,0.28865979381443296,0.08247422680412371,0.08247422680412371,5.635729466565169,7,96
633,48,37,4.291666666666667,206,0.7708333333333334,3.776296686790733,0.9327642513188371,0.9635416666666667,156.25,24,0.5,8.782608695652174,5,0.10416666666666667,30,0.625,24,0.5,0.22916666666666666,0.22916666666666666,0.08333333333333333,0.020833333333333332,5.035701501208653,5,47
634,41,27,4.097560975609756,168,0.6585365853658537,2.9816512040208565,0.887511217448728,0.9399167162403331,356.9303985722784,19,0.4634146341463415,9.352941176470589,2,0.04878048780487805,19,0.4634146341463415,22,0.5365853658536586,0.21951219512195122,0.21951219512195122,0.0975609756097561,0.04878048780487805,4.4695917129945055,7,40
635,43,23,4.0,172,0.5348837209302325,2.4801537836790835,0.8336419545576258,0.9075175770686859,692.2660897782586,25,0.5813953488372093,12.4,1,0.023255813953488372,19,0.4418604651162791,18,0.4186046511627907,0.23255813953488372,0.2558139534883721,0.11627906976744186,0.023255813953488372,3.960693824268287,8,42
636,46,24,3.9565217391304346,182,0.5217391304347826,2.5021729686848975,0.8300735172696652,0.9130434782608695,652.1739130434783,26,0.5652173913043478,10.2,1,0.021739130434782608,19,0.41304347826086957,20,0.43478260869565216,0.2608695652173913,0.21739130434782608,0.08695652173913043,0.021739130434782608,4.031623032511562,8,45
637,46,21,4.043478260869565,186,0.45652173913043476,2.189401347599285,0.7951965521020805,0.8969754253308128,812.8544423440454,28,0.6086956521739131,15.2,2,0.043478260869565216,16,0.34782608695652173,18,0.391304347826087,0.21739130434782608,0.2391304347826087,0.13043478260869565,0.0,3.7667631753367203,8,45
638,95,56,4.221052631578948,401,0.5894736842105263,4.062667000616066,0.8839395061732485,0.9713019390581717,181.71745152354572,45,0.47368421052631576,12.64864864864865,13,0.1368421052631579,38,0.4,50,0.5263157894736842,0.24210526315789474,0.21052631578947367,0.010526315789473684,0.05263157894736842,5.481874066896302,6,94
639,83,56,4.192771084337349,348,0.6746987951807228,4.346442943955464,0.9109520003126663,0.9716940049354043,162.57802293511395,38,0.4578313253012048,14.181818181818182,14,0.1686746987951807,44,0.5301204819277109,45,0.5421686746987951,0.26506024096385544,0.18072289156626506,0.012048192771084338,0.060240963855421686,5.513787100559411,6,82
640,99,55,4.1313131313131315,409,0.5555555555555556,3.908679799852858,0.8720845845000316,0.9641873278236914,257.1166207529844,50,0.5050505050505051,10.051282051282051,11,0.1111111111111111,39,0.3939393939393939,49,0.494949494949495,0.2828282828282828,0.15151515151515152,0.06060606060606061,0.030303030303030304,5.336293302217543,10,98
641,88,44,3.875,341,0.5,3.3166247903554,0.8451876172642316,0.9486053719008264,400.3099173553719,44,0.5,12.483870967741936,4,0.045454545454545456,30,0.3409090909090909,44,0.5,0.3068181818181818,0.14772727272727273,0.03409090909090909,0.03409090909090909,4.919183892883506,14,87
642,77,43,3.896103896103896,300,0.5584415584415584,3.465038745309135,0.8658767487077035,0.9569910608871648,300.2192612582223,37,0.4805194805194805,12.586206896551724,5,0.06493506493506493,28,0.36363636363636365,40,0.5194805194805194,0.3116883116883117,0.15584415584415584,0.012987012987012988,0.012987012987012988,5.033101885374239,10,76
643,74,40,3.554054054054054,263,0.5405405405405406,3.287979746107146,0.8570686953453444,0.9565376186997808,299.48867786705625,36,0.4864864864864865,12.153846153846153,2,0.02702702702702703,25,0.33783783783783783,38,0.5135135135135135,0.32432432432432434,0.0945945945945946,0.013513513513513514,0.04054054054054054,4.945591373259622,8,73
644,87,51,3.793103448275862,330,0.5862068965517241,3.8663000222524073,0.8804089847484015,0.9575901704320254,309.15576694411413,46,0.5287356321839081,11.82857142857143,4,0.04597701149425287,38,0.4367816091954023,41,0.47126436781609193,0.3218390804597701,0.12643678160919541,0.04597701149425287,0.034482758620689655,5.195776904308291,12,86
645,68,41,4.044117647058823,275,0.6029411764705882,3.515720995421431,0.8800960505769042,0.9554498269896193,298.44290657439444,39,0.5735294117647058,11.387096774193548,6,0.08823529411764706,30,0.4411764705882353,29,0.4264705882352941,0.3382352941176471,0.17647058823529413,0.029411764705882353,0.014705882352941176,4.974981363430569,9,67
646,71,43,4.28169014084507,304,0.6056338028169014,3.608479840675763,0.882355753701161,0.9597302122594723,261.8528069827415,37,0.5211267605633803,8.89655172413793,9,0.1267605633802817,30,0.4225352112676056,34,0.4788732394366197,0.30985915492957744,0.22535211267605634,0.04225352112676056,0.0,5.085678457228135,9,70
647,66,40,4.015151515151516,265,0.6060606060606061,3.481553119113957,0.8804733757917539,0.9527089072543619,321.3957759412305,36,0.5454545454545454,9.137931034482758,4,0.06060606060606061,31,0.4696969696969697,30,0.45454545454545453,0.3333333333333333,0.10606060606060606,0.06060606060606061,0.0,4.905587157862547,8,65
648,45,34,4.155555555555556,187,0.7555555555555555,3.5839146815241634,0.9263654274821012,0.9560493827160493,217.28395061728395,24,0.5333333333333333,12.380952380952381,3,0.06666666666666667,28,0.6222222222222222,21,0.4666666666666667,0.3111111111111111,0.2,0.044444444444444446,0.022222222222222223,4.863749485074331,6,44
649,64,34,3.84375,246,0.53125,3.005203820042827,0.8479104735417233,0.93115234375,532.2265625,35,0.546875,12.217391304347826,1,0.015625,22,0.34375,29,0.453125,0.390625,0.125,0.0,0.03125,4.56437259614607,13,63
650,81,37,3.962962962962963,321,0.4567901234567901,2.9069945448780286,0.8216997820545682,0.9199817101051668,676.7261088248742,43,0.5308641975308642,14.851851851851851,4,0.04938271604938271,23,0.2839506172839506,38,0.4691358024691358,0.3950617283950617,0.09876543209876543,0.024691358024691357,0.037037037037037035,4.520323370557644,19,80
651,75,45,4.333333333333333,325,0.6,3.6742346141747673,0.8816845326882463,0.9607111111111112,259.55555555555554,39,0.52,9.655172413793103,10,0.13333333333333333,33,0.44,36,0.48,0.29333333333333333,0.14666666666666667,0.08,0.013333333333333334,5.11703098402583,8,74
652,88,46,4.045454545454546,356,0.5227272727272727,3.467380462644282,0.8551157876058267,0.949638429752066,389.9793388429752,42,0.4772727272727273,9.8,11,0.125,31,0.3522727272727273,46,0.5227272727272727,0.2840909090909091,0.125,0.056818181818181816,0.022727272727272728,4.988500545952936,14,87
653,106,55,4.2075471698113205,446,0.5188679245283019,3.7774155085889483,0.8593085712842315,0.9622641509433963,283.0188679245283,51,0.4811320754716981,9.54054054054054,17,0.16037735849056603,39,0.36792452830188677,55,0.5188679245283019,0.2358490566037736,0.16037735849056603,0.0660377358490566,0.05660377358490566,5.283028798939876,12,105
654,40,24,3.8,152,0.6,2.6832815729997477,0.8615228201083382,0.9275,475.0,19,0.475,14.142857142857142,1,0.025,15,0.375,21,0.525,0.275,0.175,0.0,0.025,4.253055907333275,8,39
655,62,35,3.8225806451612905,237,0.5645161290322581,3.143092785468561,0.8614568196209993,0.949531737773153,343.3922996878252,28,0.45161290322580644,12.636363636363637,6,0.0967741935483871,23,0.3709677419354839,34,0.5483870967741935,0.27419354838709675,0.22580645161290322,0.0,0.016129032258064516,4.762044649125021,9,61
656,193,115,4.227979274611399,816,0.5958549222797928,5.853345883431808,0.9016172257996103,0.9762946656286074,185.23987221133453,100,0.5181347150259067,13.244186046511627,31,0.16062176165803108,87,0.45077720207253885,93,0.48186528497409326,0.27979274611398963,0.15025906735751296,0.09326424870466321,0.02072538860103627,6.279118668249219,17,192
657,155,97,4.290322580645161,665,0.6258064516129033,5.509229792196528,0.9070643208633231,0.9765660770031218,169.82310093652444,81,0.5225806451612903,11.128571428571428,21,0.13548387096774195,69,0.44516129032258067,74,0.4774193548387097,0.21935483870967742,0.16774193548387098,0.15483870967741936,0.04516129032258064,6.171875918202819,16,154
658,77,54,4.662337662337662,359,0.7012987012987013,4.351444005737053,0.918315545741459,0.9735199865069996,134.93000505987519,47,0.6103896103896104,11.538461538461538,11,0.14285714285714285,41,0.5324675324675324,30,0.38961038961038963,0.24675324675324675,0.14285714285714285,0.22077922077922077,0.012987012987012988,5.532639462604244,6,76
659,82,51,4.170731707317073,342,0.6219512195121951,3.982430928159455,0.8922342023865606,0.9544913741820344,333.13503866745987,42,0.5121951219512195,9.61111111111111,8,0.0975609756097561,39,0.47560975609756095,40,0.4878048780487805,0.2926829268292683,0.2073170731707317,0.036585365853658534,0.0,5.197487780904814,13,81
660,58,33,4.0344827586206895,234,0.5689655172413793,3.063973079921356,0.8611147976673488,0.9405469678953626,422.1165279429251,32,0.5517241379310345,9.25,6,0.10344827586206896,24,0.41379310344827586,26,0.4482758620689655,0.3103448275862069,0.1896551724137931,0.05172413793103448,0.017241379310344827,4.612483909652961,10,57
661,80,40,4.2,336,0.5,3.162277660168379,0.8418204090602178,0.9390625,484.375,44,0.55,10.366666666666667,16,0.2,28,0.35,36,0.45,0.2625,0.2125,0.0625,0.0375,4.715038241016002,13,79
662,72,49,4.152777777777778,299,0.6805555555555556,4.083333333333333,0.9100126570100423,0.9683641975308641,177.46913580246914,36,0.5,10.0625,9,0.125,36,0.5,36,0.5,0.2361111111111111,0.20833333333333334,0.05555555555555555,0.09722222222222222,5.353662502370551,7,71
663,57,37,3.9649122807017543,226,0.6491228070175439,3.4653675028522675,0.8931170231185874,0.9529085872576178,295.47553093259467,28,0.49122807017543857,14.318181818181818,2,0.03508771929824561,28,0.49122807017543857,29,0.5087719298245614,0.21052631578947367,0.17543859649122806,0.03508771929824561,0.12280701754385964,4.865148620151928,7,56
664,56,34,4.535714285714286,254,0.6071428571428571,3.2126980205784315,0.876037870860457,0.9432397959183674,389.03061224489795,33,0.5892857142857143,15.04,9,0.16071428571428573,26,0.4642857142857143,23,0.4107142857142857,0.23214285714285715,0.16071428571428573,0.05357142857142857,0.08928571428571429,4.670770270419311,9,55
665,53,34,4.547169811320755,241,0.6415094339622641,3.3023719320146983,0.8881867130674566,0.959060163759345,220.7191171235315,28,0.5283018867924528,18.956521739130434,9,0.16981132075471697,21,0.39622641509433965,25,0.4716981132075472,0.24528301886792453,0.20754716981132076,0.07547169811320754,0.03773584905660377,4.878494982701803,6,52
666,72,41,4.166666666666667,300,0.5694444444444444,3.4166666666666665,0.868333408163904,0.9621913580246914,239.19753086419752,48,0.6666666666666666,13.333333333333334,5,0.06944444444444445,26,0.3611111111111111,24,0.3333333333333333,0.3333333333333333,0.18055555555555555,0.1388888888888889,0.0,5.051462154039804,6,71
667,158,84,4.2025316455696204,664,0.5316455696202531,4.725369183889301,0.8752066420359307,0.9758051594295786,178.65726646370774,68,0.43037974683544306,10.057692307692308,18,0.11392405063291139,58,0.3670886075949367,90,0.569620253164557,0.20253164556962025,0.22151898734177214,0.0379746835443038,0.056962025316455694,5.91237914194817,11,157
668,117,72,4.094017094017094,479,0.6153846153846154,4.706787243316416,0.8980491215925485,0.9692453795017898,222.07611951201696,57,0.48717948717948717,13.361702127659575,12,0.10256410256410256,53,0.452991452991453,60,0.5128205128205128,0.24786324786324787,0.1794871794871795,0.03418803418803419,0.0,5.724434216660548,14,116
669,134,79,3.873134328358209,519,0.5895522388059702,4.825693052074056,0.8921173478378804,0.975607039429717,169.30274003118734,60,0.44776119402985076,13.196078431372548,10,0.07462686567164178,54,0.40298507462686567,74,0.5522388059701493,0.2462686567164179,0.17164179104477612,0.05223880597014925,0.03731343283582089,5.898778441018137,10,133
670,101,64,3.762376237623762,380,0.6336633663366337,4.503024286273868,0.9011428993421277,0.9728457994314283,172.53210469561807,51,0.504950495049505,13.181818181818182,7,0.06930693069306931,48,0.4752475247524752,50,0.49504950495049505,0.27722772277227725,0.19801980198019803,0.06930693069306931,0.0594059405940594,5.651788309566194,8,100
671,101,60,3.6831683168316833,372,0.594059405940594,4.221585268381752,0.8871587529039013,0.970100970493089,199.98039407901186,47,0.46534653465346537,17.027027027027028,9,0.0891089108910891,43,0.42574257425742573,54,0.5346534653465347,0.22772277227722773,0.18811881188118812,0.039603960396039604,0.019801980198019802,5.525758052603814,9,100
672,56,37,4.214285714285714,236,0.6607142857142857,3.4961713753353516,0.8970440821246013,0.9559948979591837,261.4795918367347,30,0.5357142857142857,14.958333333333334,5,0.08928571428571429,28,0.5,26,0.4642857142857143,0.26785714285714285,0.17857142857142858,0.07142857142857142,0.07142857142857142,4.907241137118916,7,55
673,50,33,4.06,203,0.66,3.3,0.8937850203372742,0.9560000000000001,240.0,26,0.52,15.818181818181818,4,0.08,23,0.46,24,0.48,0.3,0.16,0.08,0.08,4.808367439558379,6,49
674,59,35,3.847457627118644,227,0.5932203389830508,3.2220111626441317,0.8719351104434934,0.9405343292157425,425.1651824188452,30,0.5084745762711864,20.272727272727273,5,0.0847457627118644,24,0.4067796610169492,29,0.4915254237288136,0.2711864406779661,0.22033898305084745,0.01694915254237288,0.06779661016949153,4.703600289881546,11,58
675,53,24,4.0,212,0.4528301886792453,2.331086069657434,0.8004584800175611,0.9213243147027412,598.0776076895693,24,0.4528301886792453,17.571428571428573,2,0.03773584905660377,14,0.2641509433962264,29,0.5471698113207547,0.20754716981132076,0.24528301886792453,0.0,0.1509433962264151,4.12426538928601,10,52
676,69,45,4.2898550724637685,296,0.6521739130434783,3.8306543884143687,0.8990474107434863,0.9645032556185675,210.03990758244066,39,0.5652173913043478,12.96774193548387,9,0.13043478260869565,31,0.4492753623188406,30,0.43478260869565216,0.2753623188405797,0.2608695652173913,0.028985507246376812,0.028985507246376812,5.217078442222705,8,68
677,47,25,4.787234042553192,225,0.5319148936170213,2.5785531156469834,0.8360395906480375,0.9352648257129923,434.5857854232684,28,0.5957446808510638,19.235294117647058,11,0.23404255319148937,16,0.3404255319148936,19,0.40425531914893614,0.2765957446808511,0.2765957446808511,0.0425531914893617,0.02127659574468085,4.295838650428059,7,46
678,56,29,4.660714285714286,261,0.5178571428571429,2.7402424293168974,0.8365221448194767,0.9413265306122449,408.16326530612247,35,0.625,14.19047619047619,10,0.17857142857142858,18,0.32142857142857145,21,0.375,0.35714285714285715,0.19642857142857142,0.03571428571428571,0.017857142857142856,4.479416922475458,8,55
679,92,64,4.630434782608695,426,0.6956521739130435,4.718142596956708,0.9197429319160684,0.9763705103969754,127.5992438563327,50,0.5434782608695652,11.095238095238095,22,0.2391304347826087,49,0.532608695652174,42,0.45652173913043476,0.2717391304347826,0.14130434782608695,0.09782608695652174,0.05434782608695652,5.751436277365093,7,91
680,119,76,4.319327731092437,514,0.6386554621848739,4.92634829899645,0.906177324467239,0.9721064896546854,194.90149000776782,61,0.5126050420168067,13.074074074074074,14,0.11764705882352941,58,0.48739495798319327,58,0.48739495798319327,0.2605042016806723,0.15966386554621848,0.06722689075630252,0.04201680672268908,5.828627710627261,13,118
681,40,32,4.075,163,0.8,3.5777087639996634,0.939509123545538,0.9625,125.0,24,0.6,10.65,4,0.1,26,0.65,16,0.4,0.3,0.25,0.05,0.05,4.884183719779189,3,39
682,59,40,4.11864406779661,243,0.6779661016949152,3.6822984715932936,0.9046831586126398,0.9571962079862107,258.5463947141626,33,0.559322033898305,12.75,7,0.11864406779661017,33,0.559322033898305,26,0.4406779661016949,0.288135593220339,0.2711864406779661,0.05084745762711865,0.03389830508474576,4.988221016596295,7,58
683,40,31,4.075,163,0.775,3.465905365124674,0.9309025266888221,0.96,150.0,22,0.55,13.15,3,0.075,24,0.6,18,0.45,0.3,0.2,0.05,0.0,4.8219280948873635,4,39
684,38,30,4.026315789473684,153,0.7894736842105263,3.4412360080584263,0.9350149336168546,0.961218836565097,124.65373961218836,23,0.6052631578947368,12.857142857142858,1,0.02631578947368421,23,0.6052631578947368,15,0.39473684210526316,0.2631578947368421,0.23684210526315788,0.07894736842105263,0.05263157894736842,4.80700942128139,3,37
685,59,40,3.847457627118644,227,0.6779661016949152,3.6822984715932936,0.9046831586126398,0.9606434932490663,224.07354208560758,27,0.4576271186440678,9.24,8,0.13559322033898305,30,0.5084745762711864,32,0.5423728813559322,0.3220338983050847,0.2033898305084746,0.03389830508474576,0.0,5.049401363620649,7,58
686,75,47,5.1466666666666665,386,0.6266666666666667,3.8375339303603124,0.8917563871545975,0.9468444444444445,398.22222222222223,38,0.5066666666666667,9.7,19,0.25333333333333335,36,0.48,37,0.49333333333333335,0.29333333333333333,0.2,0.04,0.013333333333333334,5.061250271625261,14,74
687,44,31,4.068181818181818,179,0.7045454545454546,3.3046111035119616,0.9074564270526515,0.9473140495867769,299.58677685950414,25,0.5681818181818182,11.409090909090908,5,0.11363636363636363,24,0.5454545454545454,19,0.4318181818181818,0.3181818181818182,0.20454545454545456,0.0,0.022727272727272728,4.677468619624417,7,43
688,51,34,4.313725490196078,220,0.6666666666666666,3.366501646120693,0.89687612168416,0.9642445213379469,161.47635524798156,26,0.5098039215686274,11.2,8,0.1568627450980392,21,0.4117647058823529,25,0.49019607843137253,0.21568627450980393,0.2549019607843137,0.0784313725490196,0.0196078431372549,4.946551812390049,3,50
689,56,33,3.7857142857142856,212,0.5892857142857143,3.1182069023261243,0.8686216336113264,0.9438775510204083,382.6530612244898,26,0.4642857142857143,15.277777777777779,2,0.03571428571428571,23,0.4107142857142857,30,0.5357142857142857,0.2857142857142857,0.19642857142857142,0.017857142857142856,0.017857142857142856,4.657290136452105,9,55
690,69,43,3.9130434782608696,270,0.6231884057971014,3.660403082262619,0.8883102282877792,0.9594622978365889,260.4494854022264,38,0.5507246376811594,11.838709677419354,5,0.07246376811594203,33,0.4782608695652174,31,0.4492753623188406,0.36231884057971014,0.13043478260869565,0.014492753623188406,0.014492753623188406,5.060978443191298,7,68
691,73,47,3.8219178082191783,279,0.6438356164383562,3.889747676431129,0.8973741983864372,0.9675361231000188,187.65246762994934,31,0.4246575342465753,12.04,7,0.0958904109589041,35,0.4794520547945205,42,0.5753424657534246,0.1917808219178082,0.2465753424657534,0.0136986301369863,0.0547945205479452,5.2707343680608325,5,72
692,81,48,4.604938271604938,373,0.5925925925925926,3.7712361663282534,0.8809297535714574,0.9599146471574455,277.3967383020881,49,0.6049382716049383,12.323529411764707,15,0.18518518518518517,35,0.43209876543209874,32,0.3950617283950617,0.2962962962962963,0.2345679012345679,0.037037037037037035,0.0,5.187529505104934,11,80
693,57,40,4.2631578947368425,243,0.7017543859649122,3.746343246326776,0.9123998707267673,0.9689135118497999,135.42628501077255,32,0.5614035087719298,13.36,12,0.21052631578947367,28,0.49122807017543857,25,0.43859649122807015,0.2807017543859649,0.2631578947368421,0.017543859649122806,0.08771929824561403,5.170180584150399,3,56
694,83,50,4.048192771084337,336,0.6024096385542169,3.8807526285316643,0.8853052989795052,0.9705327333430106,174.19073885905067,42,0.5060240963855421,13.272727272727273,9,0.10843373493975904,32,0.3855421686746988,41,0.4939759036144578,0.27710843373493976,0.20481927710843373,0.0,0.08433734939759036,5.379507015888003,6,82
695,70,44,3.8142857142857145,267,0.6285714285714286,3.718678720805473,0.8907129273593984,0.9551020408163264,306.1224489795918,37,0.5285714285714286,16.06896551724138,11,0.15714285714285714,35,0.5,33,0.4714285714285714,0.3142857142857143,0.18571428571428572,0.05714285714285714,0.014285714285714285,5.037204845889619,9,69
696,91,43,4.054945054945055,369,0.4725274725274725,3.1873720616427352,0.8338100777157319,0.9481946624803768,408.16326530612247,46,0.5054945054945055,16.23076923076923,8,0.08791208791208792,26,0.2857142857142857,45,0.4945054945054945,0.27472527472527475,0.13186813186813187,0.07692307692307693,0.054945054945054944,4.891559404818217,14,90
697,71,47,4.464788732394366,317,0.6619718309859155,3.944152383994439,0.903222318534135,0.9688553858361437,170.60107121602857,36,0.5070422535211268,12.321428571428571,11,0.15492957746478872,32,0.4507042253521127,35,0.49295774647887325,0.22535211267605634,0.18309859154929578,0.08450704225352113,0.08450704225352113,5.3233945214334515,7,70
698,98,57,4.051020408163265,397,0.5816326530612245,4.071428571428571,0.881805876844921,0.9633486047480218,264.4731361932528,46,0.46938775510204084,14.787878787878787,11,0.11224489795918367,40,0.40816326530612246,52,0.5306122448979592,0.21428571428571427,0.21428571428571427,0.07142857142857142,0.09183673469387756,5.399409489058835,13,97
699,87,52,4.149425287356322,361,0.5977011494252874,3.9421098266102974,0.8847570558105871,0.9686880697582243,198.17677368212446,46,0.5287356321839081,12.15625,12,0.13793103448275862,35,0.40229885057471265,41,0.47126436781609193,0.25287356321839083,0.1839080459770115,0.06896551724137931,0.011494252873563218,5.3780561060315515,7,86
700,74,48,4.175675675675675,309,0.6486486486486487,3.945575695328575,0.8994290111969397,0.9693206720233747,171.6581446311176,36,0.4864864864864865,13.344827586206897,7,0.0945945945945946,35,0.47297297297297297,38,0.5135135135135135,0.21621621621621623,0.24324324324324326,0.04054054054054054,0.06756756756756757,5.327234277586463,6,73
701,55,34,3.8181818181818183,210,0.6181818181818182,3.2417728034350137,0.8799768728019036,0.9342148760330579,476.0330578512397,27,0.4909090909090909,13.791666666666666,5,0.09090909090909091,26,0.4727272727272727,28,0.509090909090909,0.2727272727272727,0.23636363636363636,0.01818181818181818,0.01818181818181818,4.616746117069924,11,54
702,59,37,3.7288135593220337,220,0.6271186440677966,3.4061260862237965,0.8855633975945693,0.9629416834243033,201.09164033323756,28,0.4745762711864407,12.909090909090908,3,0.05084745762711865,23,0.3898305084745763,31,0.5254237288135594,0.22033898305084745,0.1694915254237288,0.05084745762711865,0.06779661016949153,4.995108676877087,5,58
703,64,44,4.1875,268,0.6875,3.8890872965260113,0.9099052697728829,0.96337890625,209.9609375,32,0.5,10.592592592592593,10,0.15625,35,0.546875,32,0.5,0.296875,0.21875,0.046875,0.0,5.169355320957341,7,63
704,61,44,3.6557377049180326,223,0.7213114754098361,3.9835728258708154,0.9205316823018733,0.9610319806503629,225.74576726686374,29,0.47540983606557374,13.88888888888889,7,0.11475409836065574,36,0.5901639344262295,32,0.5245901639344263,0.26229508196721313,0.18032786885245902,0.11475409836065574,0.0,5.164263771953649,8,60
705,46,36,3.9130434782608696,180,0.782608695652174,3.753259453027346,0.9359766474191693,0.948960302457467,293.0056710775047,25,0.5434782608695652,8.375,6,0.13043478260869565,32,0.6956521739130435,21,0.45652173913043476,0.30434782608695654,0.21739130434782608,0.021739130434782608,0.0,4.871388043013533,8,45
706,76,53,4.0131578947368425,305,0.6973684210526315,4.298867659965207,0.9167712721119934,0.9681440443213297,186.98060941828254,40,0.5263157894736842,13.5,7,0.09210526315789473,43,0.5657894736842105,36,0.47368421052631576,0.25,0.18421052631578946,0.11842105263157894,0.039473684210526314,5.423859217613449,8,75
707,151,73,3.596026490066225,543,0.48344370860927155,4.200677964833583,0.8551365641730013,0.9708346125169949,225.4287092671374,75,0.4966887417218543,14.020833333333334,11,0.0728476821192053,47,0.31125827814569534,76,0.5033112582781457,0.23178807947019867,0.16556291390728478,0.08609271523178808,0.033112582781456956,5.667884664497663,14,150
708,88,43,3.284090909090909,289,0.48863636363636365,3.241246954210959,0.8400529760305505,0.9589359504132231,297.004132231405,39,0.4431818181818182,13.777777777777779,3,0.03409090909090909,26,0.29545454545454547,49,0.5568181818181818,0.23863636363636365,0.2159090909090909,0.022727272727272728,0.022727272727272728,5.015401363444515,9,87
709,97,38,3.1752577319587627,308,0.3917525773195876,2.7282410027474047,0.795151032889169,0.9363375491550644,533.5317249442023,50,0.5154639175257731,21.703703703703702,4,0.041237113402061855,23,0.23711340206185566,47,0.4845360824742268,0.24742268041237114,0.17525773195876287,0.061855670103092786,0.041237113402061855,4.603800378859485,16,96
710,121,54,3.4628099173553717,419,0.4462809917355372,3.471251471279415,0.8317677781459333,0.9544430025271498,372.9253466293286,65,0.5371900826446281,17.2972972972973,6,0.049586776859504134,35,0.2892561983471074,56,0.4628099173553719,0.2231404958677686,0.2066115702479339,0.04132231404958678,0.05785123966942149,5.135528066450192,17,120
711,107,58,3.7570093457943927,402,0.5420560747663551,3.964798376743047,0.8689475164595869,0.9702157393658835,204.38466241593153,56,0.5233644859813084,17.105263157894736,12,0.11214953271028037,39,0.3644859813084112,51,0.4766355140186916,0.19626168224299065,0.24299065420560748,0.04672897196261682,0.04672897196261682,5.471705454971536,8,106
712,90,49,3.533333333333333,318,0.5444444444444444,3.652244363249656,0.8648855358864512,0.9592592592592594,296.2962962962963,50,0.5555555555555556,15.529411764705882,4,0.044444444444444446,34,0.37777777777777777,40,0.4444444444444444,0.23333333333333334,0.2,0.03333333333333333,0.06666666666666667,5.159141282808101,11,89
713,56,42,4.267857142857143,239,0.75,3.9686269665968856,0.9285324377708617,0.9630102040816327,191.3265306122449,33,0.5892857142857143,9.857142857142858,10,0.17857142857142858,36,0.6428571428571429,23,0.4107142857142857,0.35714285714285715,0.19642857142857142,0.03571428571428571,0.017857142857142856,5.137537511266055,6,55
714,69,47,3.971014492753623,274,0.6811594202898551,4.000905694566119,0.9093176086925753,0.962402856542743,231.04389834068473,37,0.5362318840579711,13.84375,9,0.13043478260869565,37,0.5362318840579711,32,0.463768115942029,0.2898550724637681,0.15942028985507245,0.028985507246376812,0.07246376811594203,5.224183152304922,8,68
715,79,55,3.949367088607595,312,0.6962025316455697,4.3755650629665155,0.9171257606312665,0.9652299311007851,221.11841051113603,38,0.4810126582278481,13.575757575757576,8,0.10126582278481013,44,0.5569620253164557,41,0.5189873417721519,0.31645569620253167,0.13924050632911392,0.012658227848101266,0.0379746835443038,5.432528578261781,10,78
716,56,35,4.125,231,0.625,3.307189138830738,0.8832391141555387,0.9489795918367347,331.6326530612245,33,0.5892857142857143,15.964285714285714,5,0.08928571428571429,27,0.48214285714285715,23,0.4107142857142857,0.35714285714285715,0.17857142857142858,0.07142857142857142,0.017857142857142856,4.758160502376116,8,55
717,37,25,4.594594594594595,170,0.6756756756756757,2.906190968595482,0.8914286900836976,0.9495982468955442,233.7472607742878,21,0.5675675675675675,15.266666666666667,8,0.21621621621621623,16,0.43243243243243246,16,0.43243243243243246,0.21621621621621623,0.40540540540540543,0.0,0.05405405405405406,4.486348298002912,4,36
718,58,32,4.224137931034483,245,0.5517241379310345,2.9711254108328298,0.8535363983186007,0.9429250891795481,398.33531510107014,34,0.5862068965517241,17.5,8,0.13793103448275862,22,0.3793103448275862,24,0.41379310344827586,0.3275862068965517,0.1896551724137931,0.034482758620689655,0.05172413793103448,4.5966272796780645,9,57
719,52,30,4.076923076923077,212,0.5769230769230769,2.9417420270727606,0.860791594724319,0.9430473372781065,377.2189349112426,32,0.6153846153846154,16.26086956521739,7,0.1346153846153846,22,0.4230769230769231,20,0.38461538461538464,0.3269230769230769,0.25,0.038461538461538464,0.0,4.531768565580189,7,51
720,56,38,4.178571428571429,234,0.6785714285714286,3.5906624935876583,0.9036691546974007,0.944515306122449,376.2755102040816,35,0.625,16.310344827586206,5,0.08928571428571429,32,0.5714285714285714,21,0.375,0.26785714285714285,0.25,0.08928571428571429,0.03571428571428571,4.83005035146474,10,55
721,57,42,4.087719298245614,233,0.7368421052631579,3.9336604086431146,0.9244675297637907,0.9676823638042474,147.73776546629733,31,0.543859649122807,11.0,5,0.08771929824561403,33,0.5789473684210527,26,0.45614035087719296,0.24561403508771928,0.22807017543859648,0.017543859649122806,0.03508771929824561,5.2035162776572434,5,56
722,93,63,4.365591397849462,406,0.6774193548387096,4.619384123172629,0.9140747451103871,0.9730604694184299,161.86842409527114,49,0.5268817204301075,13.113636363636363,15,0.16129032258064516,48,0.5161290322580645,44,0.4731182795698925,0.23655913978494625,0.24731182795698925,0.021505376344086023,0.08602150537634409,5.673252090538347,9,92
723,84,55,4.357142857142857,366,0.6547619047619048,4.243342123957527,0.9044231271937502,0.9679705215419501,201.24716553287982,46,0.5476190476190477,10.026315789473685,15,0.17857142857142858,43,0.5119047619047619,38,0.4523809523809524,0.2857142857142857,0.23809523809523808,0.0,0.05952380952380952,5.432446107503871,8,83
724,68,51,4.647058823529412,316,0.75,4.373213921133975,0.9318209391823413,0.9731833910034602,121.10726643598616,38,0.5588235294117647,14.363636363636363,14,0.20588235294117646,41,0.6029411764705882,30,0.4411764705882353,0.25,0.27941176470588236,0.014705882352941176,0.058823529411764705,5.482765554797934,5,67
725,52,37,3.769230769230769,196,0.7115384615384616,3.6281485000564047,0.9138686878926854,0.9622781065088757,184.9112426035503,24,0.46153846153846156,16.181818181818183,5,0.09615384615384616,29,0.5576923076923077,28,0.5384615384615384,0.2692307692307692,0.19230769230769232,0.038461538461538464,0.019230769230769232,4.996032208850888,5,51
726,121,71,4.264462809917355,516,0.5867768595041323,4.564052860385898,0.888837791499276,0.974933406188102,168.0213100198074,57,0.47107438016528924,14.714285714285714,20,0.1652892561983471,53,0.4380165289256198,64,0.5289256198347108,0.15702479338842976,0.256198347107438,0.0743801652892562,0.06611570247933884,5.7597549775566454,9,120
727,57,40,3.912280701754386,223,0.7017543859649122,3.746343246326776,0.9123998707267673,0.9646044936903663,178.51646660510926,27,0.47368421052631576,16.26086956521739,4,0.07017543859649122,29,0.5087719298245614,30,0.5263157894736842,0.24561403508771928,0.19298245614035087,0.05263157894736842,0.017543859649122806,5.113248785942741,6,56
728,76,46,3.8552631578947367,293,0.6052631578947368,3.7310926860075386,0.8840630663803374,0.9643351800554018,225.06925207756234,32,0.42105263157894735,16.678571428571427,5,0.06578947368421052,33,0.4342105263157895,44,0.5789473684210527,0.23684210526315788,0.2236842105263158,0.02631578947368421,0.02631578947368421,5.190288823869854,7,75
729,41,27,4.878048780487805,200,0.6585365853658537,2.9816512040208565,0.887511217448728,0.9494348602022605,261.74895895300415,25,0.6097560975609756,8.578947368421053,12,0.2926829268292683,18,0.43902439024390244,16,0.3902439024390244,0.3170731707317073,0.3170731707317073,0.04878048780487805,0.024390243902439025,4.54976138318482,5,40
730,49,31,4.73469387755102,232,0.6326530612244898,3.1314728881118534,0.8823601660519255,0.9521032902957101,274.8854643898376,30,0.6122448979591837,13.095238095238095,11,0.22448979591836735,22,0.4489795918367347,19,0.3877551020408163,0.32653061224489793,0.2653061224489796,0.02040816326530612,0.04081632653061224,4.686466100128188,5,48
731,73,40,4.068493150684931,297,0.547945205479452,3.310423554409472,0.859786581067543,0.9506474010133232,356.53968849690375,39,0.5342465753424658,13.851851851851851,8,0.1095890410958904,28,0.3835616438356164,34,0.4657534246575342,0.3150684931506849,0.1506849315068493,0.0410958904109589,0.0410958904109589,4.86512285471238,10,72
732,98,47,4.204081632653061,412,0.47959183673469385,3.357142857142857,0.8397328050026698,0.9425239483548522,472.71970012494796,53,0.5408163265306123,13.542857142857143,13,0.1326530612244898,30,0.30612244897959184,45,0.45918367346938777,0.30612244897959184,0.17346938775510204,0.04081632653061224,0.02040816326530612,4.9238542018697435,18,97
733,71,40,3.76056338028169,267,0.5633802816901409,3.3567254331867566,0.8653897455406273,0.9482245586193215,376.90934338424915,37,0.5211267605633803,16.551724137931036,3,0.04225352112676056,28,0.39436619718309857,34,0.4788732394366197,0.323943661971831,0.16901408450704225,0.014084507042253521,0.028169014084507043,4.8590773063992705,11,70
734,91,50,4.076923076923077,371,0.5494505494505495,3.706246583305506,0.8672455880695102,0.9551986475063398,338.12341504649197,50,0.5494505494505495,10.277777777777779,11,0.12087912087912088,37,0.4065934065934066,41,0.45054945054945056,0.2857142857142857,0.2087912087912088,0.02197802197802198,0.01098901098901099,5.123682686706407,13,90
735,62,35,3.8225806451612905,237,0.5645161290322581,3.143092785468561,0.8614568196209993,0.9328824141519252,509.88553590010406,36,0.5806451612903226,14.24,4,0.06451612903225806,27,0.43548387096774194,26,0.41935483870967744,0.3387096774193548,0.22580645161290322,0.016129032258064516,0.0,4.586551350395405,12,61
736,78,47,4.230769230769231,330,0.6025641025641025,3.763011614419548,0.8837284645059836,0.9464168310322155,407.6265614727153,45,0.5769230769230769,8.324324324324325,12,0.15384615384615385,38,0.48717948717948717,33,0.4230769230769231,0.32051282051282054,0.19230769230769232,0.0641025641025641,0.0,5.013898733096435,14,77
737,115,64,4.321739130434783,497,0.5565217391304348,4.220035029733037,0.8764894777945466,0.9686200378071833,226.8431001890359,70,0.6086956521739131,9.84,19,0.16521739130434782,43,0.3739130434782609,45,0.391304347826087,0.33043478260869563,0.16521739130434782,0.10434782608695652,0.017391304347826087,5.558455313699063,11,114
738,102,58,3.950980392156863,403,0.5686274509803921,4.060812243681228,0.8779387846094235,0.967128027681661,230.68050749711648,50,0.49019607843137253,15.416666666666666,9,0.08823529411764706,38,0.37254901960784315,52,0.5098039215686274,0.23529411764705882,0.21568627450980393,0.029411764705882353,0.0784313725490196,5.4688159697116125,12,101
739,90,59,4.355555555555555,392,0.6555555555555556,4.397600355749586,0.9061577583583547,0.9607407407407408,281.48148148148147,51,0.5666666666666667,12.0,14,0.15555555555555556,46,0.5111111111111111,39,0.43333333333333335,0.3,0.17777777777777778,0.044444444444444446,0.011111111111111112,5.433331143056731,13,89
740,112,74,4.080357142857143,457,0.6607142857142857,4.944332975379851,0.9121682998353301,0.9719387755102041,191.3265306122449,59,0.5267857142857143,12.11111111111111,15,0.13392857142857142,59,0.5267857142857143,53,0.4732142857142857,0.24107142857142858,0.22321428571428573,0.08035714285714286,0.03571428571428571,5.802485837736308,12,111
741,84,46,3.7857142857142856,318,0.5476190476190477,3.548977049128114,0.8640938161759658,0.9591836734693877,289.1156462585034,43,0.5119047619047619,10.892857142857142,6,0.07142857142857142,32,0.38095238095238093,41,0.4880952380952381,0.30952380952380953,0.14285714285714285,0.011904761904761904,0.14285714285714285,5.0994202926105725,10,83
742,108,53,4.388888888888889,474,0.49074074074074076,3.60619323243079,0.8479668170237697,0.9638203017832648,269.20438957475994,61,0.5648148148148148,13.18918918918919,12,0.1111111111111111,36,0.3333333333333333,47,0.4351851851851852,0.2777777777777778,0.23148148148148148,0.0,0.05555555555555555,5.267457326687208,12,107
743,55,37,3.618181818181818,199,0.6727272727272727,3.5278115802086916,0.9010775360409045,0.9540495867768596,277.68595041322317,29,0.5272727272727272,12.25,3,0.05454545454545454,28,0.509090909090909,26,0.4727272727272727,0.3090909090909091,0.21818181818181817,0.03636363636363636,0.0,4.903820395224831,8,54
744,59,33,3.9152542372881354,231,0.559322033898305,3.0378962390644673,0.8575047095379478,0.9525998276357368,304.5101982189026,29,0.4915254237288136,16.142857142857142,4,0.06779661016949153,20,0.3389830508474576,30,0.5084745762711864,0.2033898305084746,0.288135593220339,0.01694915254237288,0.06779661016949153,4.738138177576577,7,58
745,103,59,3.621359223300971,373,0.5728155339805825,4.110724784320544,0.8797790451741708,0.9654067301347913,248.84532001131114,48,0.46601941747572817,10.736842105263158,6,0.05825242718446602,42,0.4077669902912621,55,0.5339805825242718,0.21359223300970873,0.17475728155339806,0.038834951456310676,0.04854368932038835,5.429822606889397,11,102
746,85,47,3.8705882352941177,329,0.5529411764705883,3.604735447582641,0.8666328683993227,0.9605536332179931,276.8166089965398,43,0.5058823529411764,9.64516129032258,10,0.11764705882352941,31,0.36470588235294116,42,0.49411764705882355,0.2,0.21176470588235294,0.03529411764705882,0.07058823529411765,5.16435346183385,11,84
747,54,37,4.074074074074074,220,0.6851851851851852,3.560326660002692,0.9052224502512914,0.9629629629629629,185.1851851851852,25,0.46296296296296297,14.26086956521739,5,0.09259259259259259,26,0.48148148148148145,29,0.5370370370370371,0.3148148148148148,0.2037037037037037,0.018518518518518517,0.018518518518518517,5.007396243337537,5,53
748,69,47,4.550724637681159,314,0.6811594202898551,4.000905694566119,0.9093176086925753,0.9603024574669187,252.0478890989288,33,0.4782608695652174,13.5,13,0.18840579710144928,38,0.5507246376811594,36,0.5217391304347826,0.2898550724637681,0.18840579710144928,0.028985507246376812,0.043478260869565216,5.1970193409871355,9,68
749,73,43,4.301369863013699,314,0.589041095890411,3.558705320990182,0.8766427389153535,0.9577781947832613,285.231750797523,38,0.5205479452054794,10.185185185185185,12,0.1643835616438356,29,0.3972602739726027,35,0.4794520547945205,0.3287671232876712,0.136986301369863,0.0410958904109589,0.0273972602739726,5.063265230694713,10,72
750,106,60,4.09433962264151,434,0.5660377358490566,4.120816918460671,0.8779667707875739,0.9635101459594163,270.55891776432895,54,0.5094339622641509,12.348837209302326,13,0.12264150943396226,46,0.4339622641509434,52,0.49056603773584906,0.27358490566037735,0.16037735849056603,0.04716981132075472,0.0660377358490566,5.395294219033178,12,105
751,71,38,4.014084507042254,285,0.5352112676056338,3.1888891615274186,0.853356635884935,0.9414798651061297,444.35627851616744,36,0.5070422535211268,16.16,5,0.07042253521126761,25,0.352112676056338,35,0.49295774647887325,0.2535211267605634,0.15492957746478872,0.056338028169014086,0.056338028169014086,4.759114629097287,13,70
752,85,57,4.0,340,0.6705882352941176,4.371700436430011,0.9100537121674841,0.9647058823529413,235.2941176470588,40,0.47058823529411764,13.764705882352942,6,0.07058823529411765,46,0.5411764705882353,45,0.5294117647058824,0.24705882352941178,0.17647058823529413,0.058823529411764705,0.03529411764705882,5.4455315151266745,11,84
753,83,58,4.421686746987952,367,0.6987951807228916,4.5016730490967305,0.9188932959885852,0.9751778197125852,127.73987516330382,41,0.4939759036144578,11.35135135135135,17,0.20481927710843373,43,0.5180722891566265,42,0.5060240963855421,0.21686746987951808,0.18072289156626506,0.0963855421686747,0.03614457831325301,5.633065829835195,5,82
754,71,47,4.295774647887324,305,0.6619718309859155,3.944152383994439,0.903222318534135,0.9644911723864312,214.24320571315215,39,0.5492957746478874,11.441176470588236,12,0.16901408450704225,36,0.5070422535211268,32,0.4507042253521127,0.352112676056338,0.14084507042253522,0.07042253521126761,0.014084507042253521,5.238887479179932,7,70
755,76,49,4.2894736842105265,326,0.6447368421052632,3.9744248177036825,0.8986515659847379,0.9712603878116344,155.81717451523545,38,0.5,10.9375,14,0.18421052631578946,33,0.4342105263157895,38,0.5,0.18421052631578946,0.2631578947368421,0.013157894736842105,0.09210526315789473,5.386296678504587,5,75
756,61,41,4.163934426229508,254,0.6721311475409836,3.7119655877432596,0.9033534448888034,0.9631819403386187,204.2461703843053,33,0.5409836065573771,10.964285714285714,10,0.16393442622950818,29,0.47540983606557374,28,0.45901639344262296,0.26229508196721313,0.22950819672131148,0.04918032786885246,0.03278688524590164,5.112439846400692,7,60
757,63,40,4.095238095238095,258,0.6349206349206349,3.5634832254989917,0.8903595218895451,0.9523809523809524,317.46031746031747,32,0.5079365079365079,9.178571428571429,13,0.20634920634920634,30,0.47619047619047616,31,0.49206349206349204,0.3333333333333333,0.12698412698412698,0.047619047619047616,0.031746031746031744,4.936821589823176,9,62
758,69,38,4.072463768115942,281,0.5507246376811594,3.234774816883245,0.8591154133172628,0.952320940978786,331.86305398025627,33,0.4782608695652174,10.625,9,0.13043478260869565,24,0.34782608695652173,36,0.5217391304347826,0.2898550724637681,0.17391304347826086,0.014492753623188406,0.043478260869565216,4.869626725541008,10,68
759,63,39,4.238095238095238,267,0.6190476190476191,3.474396144861517,0.8842487362993453,0.9584278155706727,256.9916855631141,32,0.5079365079365079,9.75,9,0.14285714285714285,26,0.4126984126984127,31,0.49206349206349204,0.3333333333333333,0.14285714285714285,0.06349206349206349,0.015873015873015872,4.988951947206419,8,62
760,147,95,4.3061224489795915,633,0.6462585034013606,5.5405125134381406,0.9125214723199003,0.9806099310472489,125.87347864315794,76,0.5170068027210885,11.753846153846155,28,0.19047619047619047,72,0.4897959183673469,71,0.48299319727891155,0.2789115646258503,0.20408163265306123,0.06802721088435375,0.013605442176870748,6.2047601038440305,9,146
761,116,74,3.8706896551724137,449,0.6379310344827587,4.858338015809735,0.9054346126127523,0.9710166468489894,203.62663495838288,55,0.47413793103448276,12.729166666666666,9,0.07758620689655173,58,0.5,61,0.5258620689655172,0.2672413793103448,0.14655172413793102,0.0603448275862069,0.017241379310344827,5.777033332619126,13,115
762,99,65,3.9393939393939394,390,0.6565656565656566,4.61934885437156,0.9084392586133243,0.9754106723803694,144.88317518620548,47,0.47474747474747475,12.9,10,0.10101010101010101,48,0.48484848484848486,52,0.5252525252525253,0.23232323232323232,0.20202020202020202,0.04040404040404041,0.04040404040404041,5.730007504527522,7,98
763,150,91,4.233333333333333,635,0.6066666666666667,5.253887449625594,0.9002570017082938,0.9770666666666666,162.66666666666666,72,0.48,13.688524590163935,21,0.14,68,0.4533333333333333,78,0.52,0.26,0.2,0.03333333333333333,0.05333333333333334,6.072797375033717,13,149
764,57,41,4.087719298245614,233,0.7192982456140351,3.8400018274849455,0.9185072908297028,0.9609110495537089,215.4509079716836,32,0.5614035087719298,15.1,6,0.10526315789473684,34,0.5964912280701754,25,0.43859649122807015,0.2982456140350877,0.22807017543859648,0.03508771929824561,0.0,5.076409040853093,6,56
765,72,43,3.375,243,0.5972222222222222,3.5833333333333335,0.8794701318790142,0.9463734567901234,397.37654320987656,37,0.5138888888888888,14.357142857142858,1,0.013888888888888888,32,0.4444444444444444,35,0.4861111111111111,0.2777777777777778,0.20833333333333334,0.027777777777777776,0.0,4.927898307480917,12,71
766,82,52,3.731707317073171,306,0.6341463414634146,4.060517809103758,0.8966406745867482,0.9586555621653776,291.4931588340274,43,0.524390243902439,13.36111111111111,5,0.06097560975609756,41,0.5,39,0.47560975609756095,0.32926829268292684,0.15853658536585366,0.036585365853658534,0.012195121951219513,5.26427468154803,12,81
767,52,36,3.6923076923076925,192,0.6923076923076923,3.530090432487313,0.9069344220919539,0.9615384615384616,192.30769230769232,26,0.5,13.291666666666666,4,0.07692307692307693,27,0.5192307692307693,26,0.5,0.2692307692307692,0.23076923076923078,0.019230769230769232,0.0,4.95757067038935,5,51
768,71,50,4.267605633802817,303,0.704225352112676,4.195906791483446,0.9177379297230838,0.9716326125768697,142.8288038087681,41,0.5774647887323944,11.857142857142858,6,0.08450704225352113,37,0.5211267605633803,30,0.4225352112676056,0.29577464788732394,0.22535211267605634,0.09859154929577464,0.014084507042253521,5.431161908115187,6,70
769,81,59,4.209876543209877,341,0.7283950617283951,4.635477787778479,0.9278836323706784,0.9757658893461363,118.8843164151806,41,0.5061728395061729,12.971428571428572,11,0.13580246913580246,47,0.5802469135802469,40,0.49382716049382713,0.25925925925925924,0.18518518518518517,0.06172839506172839,0.04938271604938271,5.666648459514485,6,80
770,95,63,4.378947368421053,416,0.6631578947368421,4.570500375693074,0.9098038495580311,0.9737396121883657,157.34072022160666,45,0.47368421052631576,12.41025641025641,17,0.17894736842105263,49,0.5157894736842106,50,0.5263157894736842,0.23157894736842105,0.15789473684210525,0.06315789473684211,0.07368421052631578,5.667238703469321,8,94
771,94,52,3.9893617021276597,375,0.5531914893617021,3.7924897789452587,0.8696868479679047,0.9669533725667723,224.0832956088728,39,0.4148936170212766,12.484848484848484,11,0.11702127659574468,34,0.3617021276595745,55,0.5851063829787234,0.24468085106382978,0.1276595744680851,0.02127659574468085,0.0851063829787234,5.3305606599120825,8,93
772,92,55,4.456521739130435,410,0.5978260869565217,4.054653794259671,0.8862274555631021,0.9690453686200378,200.85066162570888,41,0.44565217391304346,8.617647058823529,18,0.1956521739130435,36,0.391304347826087,51,0.5543478260869565,0.25,0.15217391304347827,0.021739130434782608,0.05434782608695652,5.449714265627984,9,91
773,96,59,4.041666666666667,388,0.6145833333333334,4.25795823527349,0.8933449581098755,0.9700520833333334,195.3125,45,0.46875,11.447368421052632,11,0.11458333333333333,45,0.46875,51,0.53125,0.23958333333333334,0.15625,0.0625,0.03125,5.511675391974727,8,95
774,79,49,4.379746835443038,346,0.620253164556962,3.8982306924610772,0.8906892654442087,0.9658708540298029,214.7091812209582,39,0.4936708860759494,10.6,16,0.20253164556962025,36,0.45569620253164556,40,0.5063291139240507,0.2911392405063291,0.16455696202531644,0.0379746835443038,0.0379746835443038,5.278014135016884,7,78
775,59,43,4.677966101694915,276,0.7288135593220338,3.9584708569627907,0.9224195160525247,0.9675380637747774,155.12783682849755,29,0.4915254237288136,10.25925925925926,14,0.23728813559322035,34,0.576271186440678,30,0.5084745762711864,0.1864406779661017,0.2711864406779661,0.01694915254237288,0.03389830508474576,5.219602109043808,5,58
776,51,41,4.392156862745098,224,0.803921568627451,4.059604926204365,0.9444905277071527,0.9611687812379854,192.23375624759709,29,0.5686274509803921,8.714285714285714,7,0.13725490196078433,36,0.7058823529411765,22,0.43137254901960786,0.37254901960784315,0.1568627450980392,0.058823529411764705,0.0,5.130239372277318,7,50
777,43,22,4.3023255813953485,185,0.5116279069767442,2.372321010475645,0.8218234495051137,0.9194159004867497,573.2828555976204,25,0.5813953488372093,7.6875,2,0.046511627906976744,16,0.37209302325581395,18,0.4186046511627907,0.37209302325581395,0.16279069767441862,0.046511627906976744,0.023255813953488372,4.022066140571777,7,42
778,67,32,4.1940298507462686,281,0.47761194029850745,2.7643789618603525,0.8242542836108019,0.9244820672755625,605.9255959010916,36,0.5373134328358209,12.571428571428571,2,0.029850746268656716,21,0.31343283582089554,31,0.4626865671641791,0.3283582089552239,0.19402985074626866,0.014925373134328358,0.05970149253731343,4.40672692344682,14,66
779,47,35,4.340425531914893,204,0.7446808510638298,3.6099743619057767,0.9234316263382452,0.9578995020371209,208.2390221819828,24,0.5106382978723404,14.363636363636363,10,0.2127659574468085,28,0.5957446808510638,23,0.48936170212765956,0.3829787234042553,0.14893617021276595,0.02127659574468085,0.0,4.910659862177843,6,46
780,46,36,3.9130434782608696,180,0.782608695652174,3.753259453027346,0.9359766474191693,0.9640831758034026,141.77693761814746,27,0.5869565217391305,15.538461538461538,6,0.13043478260869565,30,0.6521739130434783,19,0.41304347826086957,0.3695652173913043,0.17391304347826086,0.043478260869565216,0.0,5.012479890745556,4,45
781,76,47,3.75,285,0.618421052631579,3.81220339657292,0.8890290163779748,0.9660664819944599,207.7562326869806,37,0.4868421052631579,13.925925925925926,7,0.09210526315789473,32,0.42105263157894735,39,0.5131578947368421,0.3026315789473684,0.18421052631578946,0.02631578947368421,0.05263157894736842,5.26082817122446,8,75
782,60,40,3.8666666666666667,232,0.6666666666666666,3.6514837167011076,0.9009694709504106,0.9622222222222222,211.11111111111111,28,0.4666666666666667,12.869565217391305,8,0.13333333333333333,30,0.5,32,0.5333333333333333,0.26666666666666666,0.18333333333333332,0.03333333333333333,0.03333333333333333,5.056564762130953,6,59
783,89,57,4.370786516853933,389,0.6404494382022472,4.27233062727641,0.9007304078133245,0.9673021083196567,214.61936624163616,40,0.449438202247191,16.303030303030305,16,0.1797752808988764,44,0.4943820224719101,49,0.550561797752809,0.16853932584269662,0.24719101123595505,0.0449438202247191,0.06741573033707865,5.453984026814186,9,88
784,73,50,4.027397260273973,294,0.684931506849315,4.13802944301184,0.9117958249201041,0.9679114280352786,183.89941827735035,35,0.4794520547945205,13.806451612903226,11,0.1506849315068493,40,0.547945205479452,38,0.5205479452054794,0.2465753424657534,0.2054794520547945,0.0136986301369863,0.0273972602739726,5.350314798398594,6,72
785,50,34,3.62,181,0.68,3.4,0.9014161010104346,0.9544,256.0,25,0.5,14.095238095238095,3,0.06,27,0.54,25,0.5,0.34,0.12,0.0,0.04,4.804372820753984,5,49
786,56,33,3.9464285714285716,221,0.5892857142857143,3.1182069023261243,0.8686216336113264,0.9496173469387755,325.2551020408163,31,0.5535714285714286,8.545454545454545,7,0.125,22,0.39285714285714285,25,0.44642857142857145,0.375,0.14285714285714285,0.0,0.0,4.706896834460458,7,55
787,68,34,3.8088235294117645,259,0.5,2.91547594742265,0.8357279500379498,0.9407439446366781,445.5017301038062,36,0.5294117647058824,9.884615384615385,7,0.10294117647058823,22,0.3235294117647059,32,0.47058823529411764,0.25,0.17647058823529413,0.07352941176470588,0.014705882352941176,4.606831395837091,11,67
788,73,40,4.424657534246576,323,0.547945205479452,3.310423554409472,0.859786581067543,0.9630324638769,232.68905986113717,39,0.5342465753424658,11.84,10,0.136986301369863,23,0.3150684931506849,34,0.4657534246575342,0.2328767123287671,0.3150684931506849,0.0136986301369863,0.0958904109589041,5.047003710041384,7,72
789,67,49,4.492537313432836,301,0.7313432835820896,4.232955285348664,0.9255897280487396,0.9712630875473379,138.11539318333703,35,0.5223880597014925,12.633333333333333,10,0.14925373134328357,38,0.5671641791044776,32,0.47761194029850745,0.2537313432835821,0.23880597014925373,0.029850746268656716,0.05970149253731343,5.409758318054231,5,66
790,85,51,4.1647058823529415,354,0.6,3.911521443121589,0.8850178431134516,0.9680276816608997,202.07612456747404,43,0.5058823529411764,12.529411764705882,11,0.12941176470588237,32,0.3764705882352941,42,0.49411764705882355,0.3058823529411765,0.18823529411764706,0.023529411764705882,0.03529411764705882,5.366694577513107,8,84
791,107,68,4.392523364485982,470,0.6355140186915887,4.64838430376771,0.9029878591009849,0.9719626168224299,186.9158878504673,59,0.5514018691588785,11.75,21,0.19626168224299065,50,0.4672897196261682,48,0.4485981308411215,0.2803738317757009,0.2336448598130841,0.028037383177570093,0.028037383177570093,5.718292502567207,11,106
792,76,53,4.355263157894737,331,0.6973684210526315,4.298867659965207,0.9167712721119934,0.9705678670360112,162.74238227146813,40,0.5263157894736842,10.771428571428572,12,0.15789473684210525,42,0.5526315789473685,36,0.47368421052631576,0.25,0.21052631578947367,0.05263157894736842,0.02631578947368421,5.457939355321119,6,75
793,57,41,3.8947368421052633,222,0.7192982456140351,3.8400018274849455,0.9185072908297028,0.9658356417359187,166.2049861495845,30,0.5263157894736842,14.76,4,0.07017543859649122,30,0.5263157894736842,27,0.47368421052631576,0.22807017543859648,0.21052631578947367,0.03508771929824561,0.08771929824561403,5.161580145629818,6,56
794,65,42,4.415384615384616,287,0.6461538461538462,3.683643681089523,0.8953816157016053,0.9637869822485208,208.28402366863907,35,0.5384615384615384,11.310344827586206,10,0.15384615384615385,30,0.46153846153846156,30,0.46153846153846156,0.35384615384615387,0.2153846153846154,0.06153846153846154,0.0,5.120380267134754,6,64
795,76,52,4.25,323,0.6842105263157895,4.217756949399826,0.9123728957923295,0.9577562326869806,290.85872576177286,41,0.5394736842105263,10.722222222222221,9,0.11842105263157894,42,0.5526315789473685,35,0.4605263157894737,0.27631578947368424,0.17105263157894737,0.05263157894736842,0.05263157894736842,5.2935942895885795,12,75
796,66,45,4.621212121212121,305,0.6818181818181818,3.9167472590032015,0.9085862020050697,0.9651056014692379,197.42883379247016,39,0.5909090909090909,13.4,12,0.18181818181818182,36,0.5454545454545454,27,0.4090909090909091,0.3181818181818182,0.18181818181818182,0.07575757575757576,0.06060606060606061,5.205241422612183,6,65
797,75,45,4.24,318,0.6,3.6742346141747673,0.8816845326882463,0.9592888888888889,273.77777777777777,40,0.5333333333333333,13.75,10,0.13333333333333333,33,0.44,35,0.4666666666666667,0.3333333333333333,0.13333333333333333,0.04,0.05333333333333334,5.098540024720327,8,74
798,66,49,4.53030303030303,299,0.7424242424242424,4.264902570914597,0.928911936124898,0.9692378328741965,156.1065197428834,36,0.5454545454545454,13.71875,13,0.19696969696969696,40,0.6060606060606061,30,0.45454545454545453,0.2878787878787879,0.18181818181818182,0.06060606060606061,0.045454545454545456,5.379631952980775,6,65
799,63,48,4.555555555555555,287,0.7619047619047619,4.27617987059879,0.9343652250187668,0.9654824892920132,186.44494834971024,38,0.6031746031746031,10.628571428571428,11,0.1746031746031746,40,0.6349206349206349,25,0.3968253968253968,0.31746031746031744,0.20634920634920634,0.047619047619047616,0.047619047619047616,5.330376947275101,8,62
800,43,30,4.558139534883721,196,0.6976744186046512,3.2349831961031525,0.9042851422530538,0.9497025419145484,270.4164413196322,25,0.5813953488372093,12.727272727272727,6,0.13953488372093023,23,0.5348837209302325,18,0.4186046511627907,0.3953488372093023,0.16279069767441862,0.0,0.0,4.658368242872938,6,42
801,71,52,4.126760563380282,293,0.7323943661971831,4.363743063142784,0.9269388817731129,0.9712358658996232,146.79627058123387,36,0.5070422535211268,18.393939393939394,10,0.14084507042253522,43,0.6056338028169014,35,0.49295774647887325,0.22535211267605634,0.18309859154929578,0.014084507042253521,0.09859154929577464,5.459330922199695,6,70
802,73,41,3.780821917808219,276,0.5616438356164384,3.3931841432697087,0.8655418184562368,0.9544004503659222,319.0091949709139,37,0.5068493150684932,16.428571428571427,4,0.0547945205479452,28,0.3835616438356164,36,0.4931506849315068,0.2876712328767123,0.1780821917808219,0.0136986301369863,0.0410958904109589,4.952308169460331,10,72
803,64,42,4.0,256,0.65625,3.7123106012293743,0.8987195704631268,0.96337890625,209.9609375,32,0.5,12.384615384615385,5,0.078125,30,0.46875,32,0.5,0.265625,0.171875,0.078125,0.03125,5.126310203736037,7,63
804,56,42,4.464285714285714,250,0.75,3.9686269665968856,0.9285324377708617,0.9668367346938775,153.0612244897959,31,0.5535714285714286,9.703703703703704,10,0.17857142857142858,34,0.6071428571428571,25,0.44642857142857145,0.2857142857142857,0.17857142857142858,0.08928571428571429,0.017857142857142856,5.1937026367611745,5,55
805,69,49,4.913043478260869,339,0.7101449275362319,4.171157000717868,0.9191597551655846,0.969964293215711,155.4295316110061,40,0.5797101449275363,10.176470588235293,19,0.2753623188405797,38,0.5507246376811594,29,0.42028985507246375,0.2753623188405797,0.2318840579710145,0.13043478260869565,0.014492753623188406,5.380051087118885,6,68
806,70,47,4.1,287,0.6714285714285714,3.972224997224028,0.906237945991638,0.9628571428571429,228.57142857142858,36,0.5142857142857142,11.933333333333334,11,0.15714285714285714,36,0.5142857142857142,34,0.4857142857142857,0.2571428571428571,0.2,0.04285714285714286,0.04285714285714286,5.224954889676305,7,69
807,76,53,4.368421052631579,332,0.6973684210526315,4.298867659965207,0.9167712721119934,0.9702216066481995,166.2049861495845,41,0.5394736842105263,15.38888888888889,17,0.2236842105263158,42,0.5526315789473685,35,0.4605263157894737,0.27631578947368424,0.2631578947368421,0.039473684210526314,0.013157894736842105,5.448860987743581,6,75
808,77,48,4.805194805194805,370,0.6233766233766234,3.8679502273218254,0.891200372703593,0.9708213864058021,161.91600607185023,49,0.6363636363636364,15.714285714285714,25,0.3246753246753247,31,0.4025974025974026,28,0.36363636363636365,0.2597402597402597,0.3246753246753247,0.07792207792207792,0.025974025974025976,5.3545939308568835,5,76
809,80,59,5.075,406,0.7375,4.664359548748359,0.9305140711928096,0.978125,93.75,54,0.675,10.955555555555556,26,0.325,45,0.5625,26,0.325,0.25,0.3125,0.0875,0.075,5.718619813556229,4,79
810,101,61,4.158415841584159,420,0.6039603960396039,4.29194502285478,0.8907403066013385,0.9718655033820214,182.3350651896873,52,0.5148514851485149,14.461538461538462,16,0.15841584158415842,45,0.44554455445544555,49,0.48514851485148514,0.26732673267326734,0.19801980198019803,0.0297029702970297,0.0594059405940594,5.566323612083531,7,100
811,81,46,4.62962962962963,375,0.5679012345679012,3.6141013260645765,0.8712448959429321,0.958085657674135,295.6866331351928,45,0.5555555555555556,10.818181818181818,19,0.2345679012345679,33,0.4074074074074074,36,0.4444444444444444,0.2962962962962963,0.20987654320987653,0.04938271604938271,0.06172839506172839,5.090979441204725,9,80
812,73,52,4.739726027397261,346,0.7123287671232876,4.303550620732313,0.9209372032949067,0.9731656971289173,131.35672734096454,45,0.6164383561643836,8.486486486486486,15,0.2054794520547945,39,0.5342465753424658,28,0.3835616438356164,0.3698630136986301,0.136986301369863,0.0958904109589041,0.0136986301369863,5.497642024455629,6,72
813,81,58,4.703703703703703,381,0.7160493827160493,4.55691036764664,0.9239936264205298,0.9724127419600671,152.41579027587258,48,0.5925925925925926,8.25,15,0.18518518518518517,46,0.5679012345679012,33,0.4074074074074074,0.30864197530864196,0.19753086419753085,0.06172839506172839,0.06172839506172839,5.595841823792143,8,80
814,82,60,4.487804878048781,368,0.7317073170731707,4.685212856658182,0.929114003521763,0.9744199881023201,133.84889946460441,44,0.5365853658536586,8.15,18,0.21951219512195122,49,0.5975609756097561,38,0.4634146341463415,0.2073170731707317,0.24390243902439024,0.0975609756097561,0.012195121951219513,5.658964047116328,6,81
815,128,76,3.7890625,485,0.59375,4.75,0.8925610733490836,0.9652099609375,269.775390625,62,0.484375,15.021739130434783,12,0.09375,61,0.4765625,66,0.515625,0.234375,0.1796875,0.0859375,0.015625,5.680695732136641,17,127
816,121,70,3.8925619834710745,471,0.5785123966942148,4.499770425732575,0.8858800653731882,0.9652346151219179,265.00922068164743,55,0.45454545454545453,14.707317073170731,5,0.04132231404958678,48,0.39669421487603307,66,0.5454545454545454,0.24793388429752067,0.1487603305785124,0.04132231404958678,0.05785123966942149,5.644351466576614,17,120
817,166,85,3.897590361445783,647,0.5120481927710844,4.66498104956184,0.8690653108775496,0.9676295543620265,263.4634925243141,71,0.42771084337349397,12.446808510638299,14,0.08433734939759036,58,0.3493975903614458,95,0.572289156626506,0.21084337349397592,0.21686746987951808,0.030120481927710843,0.05421686746987952,5.806777300619976,21,165
818,76,51,4.171052631578948,317,0.6710526315789473,4.136646238834445,0.9078891087910689,0.96398891966759,228.53185595567868,45,0.5921052631578947,10.305555555555555,7,0.09210526315789473,41,0.5394736842105263,31,0.40789473684210525,0.3684210526315789,0.13157894736842105,0.013157894736842105,0.013157894736842105,5.3151136583175225,9,75
819,53,30,4.452830188679245,236,0.5660377358490566,2.913857587071792,0.8566617910518293,0.9334282662869349,477.0380918476326,30,0.5660377358490566,12.35,9,0.16981132075471697,21,0.39622641509433965,23,0.4339622641509434,0.3584905660377358,0.1509433962264151,0.05660377358490566,0.018867924528301886,4.468881662993375,10,52
820,70,39,3.9571428571428573,277,0.5571428571428572,3.2961015934412146,0.8623198185253099,0.950204081632653,355.1020408163265,38,0.5428571428571428,12.653846153846153,6,0.08571428571428572,27,0.38571428571428573,32,0.45714285714285713,0.34285714285714286,0.17142857142857143,0.014285714285714285,0.014285714285714285,4.8527366392836635,10,69
821,37,28,3.810810810810811,141,0.7567567567567568,3.25493388482694,0.9228136974554144,0.953981008035062,189.91964937910885,21,0.5675675675675675,12.0,1,0.02702702702702703,22,0.5945945945945946,16,0.43243243243243246,0.2702702702702703,0.1891891891891892,0.08108108108108109,0.05405405405405406,4.648510460165075,4,36
822,53,31,3.6792452830188678,195,0.5849056603773585,3.010986173307519,0.8649205849987093,0.9526521893912424,284.7988608045568,30,0.5660377358490566,10.105263157894736,2,0.03773584905660377,20,0.37735849056603776,23,0.4339622641509434,0.24528301886792453,0.24528301886792453,0.05660377358490566,0.07547169811320754,4.681053596914819,5,52
823,56,36,4.446428571428571,249,0.6428571428571429,3.401680257083045,0.8902374783063122,0.9502551020408164,318.8775510204082,33,0.5892857142857143,15.037037037037036,13,0.23214285714285715,30,0.5357142857142857,23,0.4107142857142857,0.32142857142857145,0.17857142857142858,0.07142857142857142,0.017857142857142856,4.787079423668906,7,55
824,150,82,4.026666666666666,604,0.5466666666666666,4.73427220735493,0.8794731583151618,0.9739555555555556,193.77777777777777,70,0.4666666666666667,10.690909090909091,18,0.12,59,0.3933333333333333,80,0.5333333333333333,0.29333333333333333,0.15333333333333332,0.04,0.006666666666666667,5.860949498543877,13,149
825,57,31,3.6315789473684212,207,0.543859649122807,2.903416015903251,0.8493553450101023,0.9479839950754079,344.72145275469376,26,0.45614035087719296,14.263157894736842,2,0.03508771929824561,19,0.3333333333333333,31,0.543859649122807,0.24561403508771928,0.2631578947368421,0.03508771929824561,0.07017543859649122,4.61562548810765,6,56
826,69,44,4.043478260869565,279,0.6376811594202898,3.745528735338494,0.8937398314873533,0.9649233354337323,205.83910943079184,37,0.5362318840579711,12.166666666666666,7,0.10144927536231885,30,0.43478260869565216,32,0.463768115942029,0.2608695652173913,0.2028985507246377,0.07246376811594203,0.07246376811594203,5.187860870758886,7,68
827,83,49,4.228915662650603,351,0.5903614457831325,3.803137575961031,0.8807333514686867,0.9670489185658295,209.0288866308608,42,0.5060240963855421,11.65625,9,0.10843373493975904,31,0.37349397590361444,41,0.4939759036144578,0.26506024096385544,0.18072289156626506,0.060240963855421686,0.03614457831325301,5.306014660826439,8,82
828,72,41,3.6527777777777777,263,0.5694444444444444,3.4166666666666665,0.868333408163904,0.9440586419753086,420.5246913580247,37,0.5138888888888888,13.88888888888889,5,0.06944444444444445,30,0.4166666666666667,35,0.4861111111111111,0.2916666666666667,0.1527777777777778,0.041666666666666664,0.0,4.859225295298916,13,71
829,104,58,4.6923076923076925,488,0.5576923076923077,4.021576422632911,0.8742681438156056,0.9646819526627219,257.0266272189349,54,0.5192307692307693,11.4,24,0.23076923076923078,42,0.40384615384615385,50,0.4807692307692308,0.20192307692307693,0.2403846153846154,0.019230769230769232,0.04807692307692308,5.380895973744765,10,103
830,66,43,3.9242424242424243,259,0.6515151515151515,3.7426696030475037,0.8977350992588877,0.9609733700642792,238.75114784205692,33,0.5,11.357142857142858,3,0.045454545454545456,31,0.4696969696969697,33,0.5,0.25757575757575757,0.16666666666666666,0.045454545454545456,0.030303030303030304,5.118342369680219,8,65
831,79,40,4.772151898734177,377,0.5063291139240507,3.18222913670292,0.844243844684213,0.9514500881269027,358.91684024995993,44,0.5569620253164557,12.08,17,0.21518987341772153,25,0.31645569620253167,35,0.4430379746835443,0.27848101265822783,0.25316455696202533,0.012658227848101266,0.0,4.89176967195388,12,78
832,45,29,4.177777777777778,188,0.6444444444444445,3.0568684048294332,0.884579559925641,0.9550617283950616,227.1604938271605,22,0.4888888888888889,10.9,7,0.15555555555555556,19,0.4222222222222222,23,0.5111111111111111,0.28888888888888886,0.24444444444444444,0.044444444444444446,0.0,4.669196429470699,4,44
833,84,50,4.273809523809524,359,0.5952380952380952,3.8575837490522975,0.8829123800490688,0.9688208616780045,192.7437641723356,43,0.5119047619047619,15.533333333333333,15,0.17857142857142858,33,0.39285714285714285,41,0.4880952380952381,0.16666666666666666,0.27380952380952384,0.047619047619047616,0.023809523809523808,5.3460041440653,7,83
834,85,55,4.447058823529412,378,0.6470588235294118,4.2183074386605375,0.9020138997807031,0.9724567474048443,157.78546712802768,44,0.5176470588235295,16.083333333333332,14,0.16470588235294117,39,0.4588235294117647,41,0.4823529411764706,0.21176470588235294,0.2,0.03529411764705882,0.09411764705882353,5.51481328887526,6,84
835,61,44,4.065573770491803,248,0.7213114754098361,3.9835728258708154,0.9205316823018733,0.9578070411179791,257.9951625907014,28,0.45901639344262296,14.923076923076923,6,0.09836065573770492,37,0.6065573770491803,33,0.5409836065573771,0.2786885245901639,0.16393442622950818,0.04918032786885246,0.04918032786885246,5.119101681754246,8,60
836,41,34,3.8048780487804876,156,0.8292682926829268,3.754671886544782,0.9495872064079016,0.9625223081499108,130.87447947650207,21,0.5121951219512195,14.65,2,0.04878048780487805,30,0.7317073170731707,20,0.4878048780487805,0.3170731707317073,0.17073170731707318,0.0975609756097561,0.0,4.948896211882388,4,40
837,67,46,4.3283582089552235,290,0.6865671641791045,3.9737947576742565,0.9105639206139305,0.9650256181777679,200.49008687903765,36,0.5373134328358209,10.966666666666667,8,0.11940298507462686,34,0.5074626865671642,31,0.4626865671641791,0.2537313432835821,0.2537313432835821,0.029850746268656716,0.07462686567164178,5.256168854540002,8,66
838,73,52,4.1506849315068495,303,0.7123287671232876,4.303550620732313,0.9209372032949067,0.9709138675173579,153.87502345655847,35,0.4794520547945205,14.586206896551724,6,0.0821917808219178,40,0.547945205479452,38,0.5205479452054794,0.2465753424657534,0.1643835616438356,0.0273972602739726,0.0410958904109589,5.461588127938514,7,72
839,94,63,4.680851063829787,440,0.6702127659574468,4.594747232183678,0.911922938075672,0.9735174287007696,158.44273426889995,59,0.6276595744680851,9.28888888888889,20,0.2127659574468085,49,0.5212765957446809,35,0.3723404255319149,0.2872340425531915,0.20212765957446807,0.07446808510638298,0.010638297872340425,5.66213868772092,7,93
840,94,43,3.6702127659574466,345,0.4574468085106383,3.136097317204733,0.8278573801487569,0.9438660027161611,454.9569941149842,44,0.46808510638297873,13.153846153846153,5,0.05319148936170213,27,0.2872340425531915,50,0.5319148936170213,0.26595744680851063,0.1595744680851064,0.010638297872340425,0.07446808510638298,4.835784262153199,16,93
841,83,41,3.8674698795180724,321,0.4939759036144578,3.1822171553959646,0.8403951163461485,0.9510814341704167,368.7037305849906,40,0.4819277108433735,16.16,5,0.060240963855421686,26,0.3132530120481928,43,0.5180722891566265,0.27710843373493976,0.20481927710843373,0.04819277108433735,0.04819277108433735,4.872642434731211,11,82
842,82,46,4.2926829268292686,352,0.5609756097560976,3.5919965234379396,0.8688189970046228,0.9660916121356335,217.13265913146935,41,0.5,10.633333333333333,7,0.08536585365853659,29,0.35365853658536583,41,0.5,0.23170731707317074,0.21951219512195122,0.012195121951219513,0.036585365853658534,5.212548158131125,7,81
843,69,44,4.231884057971015,292,0.6376811594202898,3.745528735338494,0.8937398314873533,0.962402856542743,231.04389834068473,34,0.4927536231884058,11.74074074074074,11,0.15942028985507245,32,0.463768115942029,35,0.5072463768115942,0.2463768115942029,0.21739130434782608,0.014492753623188406,0.043478260869565216,5.148167029147871,8,68
844,94,51,4.117021276595745,387,0.5425531914893617,3.7195572831963113,0.865412838292618,0.9592575826165685,301.04119511090994,48,0.5106382978723404,13.666666666666666,14,0.14893617021276595,36,0.3829787234042553,46,0.48936170212765956,0.26595744680851063,0.2127659574468085,0.0425531914893617,0.010638297872340425,5.193807968717684,12,93
845,45,29,3.8666666666666667,174,0.6444444444444445,3.0568684048294332,0.884579559925641,0.9441975308641974,335.8024691358025,25,0.5555555555555556,12.523809523809524,6,0.13333333333333333,22,0.4888888888888889,20,0.4444444444444444,0.3111111111111111,0.24444444444444444,0.044444444444444446,0.0,4.544537752260993,6,44
846,55,33,3.9272727272727272,216,0.6,3.1464265445104544,0.872527289308399,0.948099173553719,337.1900826446281,26,0.4727272727272727,12.55,7,0.12727272727272726,19,0.34545454545454546,29,0.5272727272727272,0.2545454545454545,0.18181818181818182,0.07272727272727272,0.03636363636363636,4.73982857688567,9,54
847,72,42,4.138888888888889,298,0.5833333333333334,3.5,0.87396806630846,0.9475308641975309,385.8024691358025,36,0.5,12.73076923076923,8,0.1111111111111111,32,0.4444444444444444,36,0.5,0.2638888888888889,0.16666666666666666,0.09722222222222222,0.041666666666666664,4.90751037658702,12,71
848,35,20,4.0,140,0.5714285714285714,2.390457218668787,0.8425988740745154,0.9322448979591836,391.83673469387753,19,0.5428571428571428,13.75,4,0.11428571428571428,11,0.3142857142857143,16,0.45714285714285713,0.3142857142857143,0.2,0.02857142857142857,0.02857142857142857,4.100711588373536,4,34
849,40,18,4.15,166,0.45,2.0124611797498106,0.7835365166711385,0.91,650.0,25,0.625,11.384615384615385,6,0.15,10,0.25,15,0.375,0.3,0.2,0.125,0.0,3.787326145256008,6,39
850,50,19,4.08,204,0.38,1.9,0.752664024490876,0.9024000000000001,776.0,32,0.64,9.4375,6,0.12,12,0.24,18,0.36,0.36,0.14,0.08,0.02,3.720294879680216,9,49
851,49,25,4.122448979591836,202,0.5102040816326531,2.5253813613805267,0.8270874753469162,0.9179508538109121,616.4098292378176,31,0.6326530612244898,12.166666666666666,5,0.10204081632653061,19,0.3877551020408163,18,0.3673469387755102,0.32653061224489793,0.16326530612244897,0.12244897959183673,0.02040816326530612,4.111674323875524,9,48
852,36,28,4.111111111111111,148,0.7777777777777778,3.299831645537222,0.9298693734853875,0.9552469135802468,169.7530864197531,19,0.5277777777777778,15.352941176470589,3,0.08333333333333333,22,0.6111111111111112,17,0.4722222222222222,0.25,0.19444444444444445,0.05555555555555555,0.05555555555555555,4.66992500144231,4,35
853,46,27,4.543478260869565,209,0.5869565217391305,2.8149445897705094,0.8608371807886335,0.944234404536862,340.26465028355386,28,0.6086956521739131,17.42105263157895,9,0.1956521739130435,17,0.3695652173913043,18,0.391304347826087,0.32608695652173914,0.1956521739130435,0.06521739130434782,0.0,4.4743301624376555,6,45
854,80,45,4.4625,357,0.5625,3.5575623676894264,0.8686990762788047,0.97,175.0,44,0.55,12.517241379310345,14,0.175,26,0.325,36,0.45,0.1875,0.25,0.0625,0.0375,5.265311532225102,4,79
855,72,47,3.8194444444444446,275,0.6527777777777778,3.9166666666666665,0.9002684555126956,0.9664351851851851,196.75925925925927,38,0.5277777777777778,14.9,2,0.027777777777777776,36,0.5,34,0.4722222222222222,0.25,0.19444444444444445,0.041666666666666664,0.0,5.255004126707212,6,71
856,85,59,4.011764705882353,341,0.6941176470588235,4.525093434199485,0.9178162337070238,0.977439446366782,107.95847750865052,45,0.5294117647058824,11.527777777777779,6,0.07058823529411765,43,0.5058823529411764,40,0.47058823529411764,0.27058823529411763,0.15294117647058825,0.058823529411764705,0.03529411764705882,5.691513877212365,4,84
857,128,76,4.0390625,517,0.59375,4.75,0.8925610733490836,0.9698486328125,223.388671875,57,0.4453125,11.4,14,0.109375,53,0.4140625,71,0.5546875,0.234375,0.15625,0.03125,0.0625,5.79578933212955,16,127
858,81,53,3.950617283950617,320,0.654320987654321,4.1640732669874465,0.9034788602186173,0.954427678707514,332.2664228014022,36,0.4444444444444444,12.424242424242424,4,0.04938271604938271,44,0.5432098765432098,45,0.5555555555555556,0.2839506172839506,0.14814814814814814,0.012345679012345678,0.04938271604938271,5.239538072705754,13,80
859,71,43,4.394366197183099,312,0.6056338028169014,3.608479840675763,0.882355753701161,0.953382265423527,325.332275342194,40,0.5633802816901409,15.580645161290322,9,0.1267605633802817,34,0.4788732394366197,31,0.43661971830985913,0.29577464788732394,0.22535211267605634,0.0,0.0,4.984912972966122,10,70
860,46,33,4.239130434782608,195,0.717391304347826,3.440487831941734,0.9132502105506185,0.9574669187145558,207.93950850661625,31,0.6739130434782609,11.36,7,0.15217391304347827,26,0.5652173913043478,15,0.32608695652173914,0.32608695652173914,0.21739130434782608,0.08695652173913043,0.021739130434782608,4.8306423260368545,5,45
861,51,35,4.019607843137255,205,0.6862745098039216,3.4655164004183603,0.9042486604437607,0.9596309111880047,207.61245674740485,32,0.6274509803921569,13.625,6,0.11764705882352941,27,0.5294117647058824,19,0.37254901960784315,0.2549019607843137,0.21568627450980393,0.09803921568627451,0.0196078431372549,4.897723871298422,4,50
862,70,43,4.1,287,0.6142857142857143,3.634163295332621,0.8853017130552937,0.9620408163265306,236.73469387755102,40,0.5714285714285714,14.1,9,0.12857142857142856,31,0.44285714285714284,30,0.42857142857142855,0.2857142857142857,0.17142857142857143,0.014285714285714285,0.02857142857142857,5.105131810206241,7,69
863,100,48,4.29,429,0.48,3.394112549695428,0.8406206186877936,0.9668,232.0,55,0.55,10.419354838709678,17,0.17,26,0.26,45,0.45,0.27,0.23,0.03,0.05,5.2462374454727385,9,99
864,101,56,3.9504950495049505,399,0.5544554455445545,3.9401462504896343,0.8722094419952944,0.9679443191843937,221.54690716596411,51,0.504950495049505,11.538461538461538,16,0.15841584158415842,40,0.39603960396039606,50,0.49504950495049505,0.24752475247524752,0.13861386138613863,0.06930693069306931,0.04950495049504951,5.3987390286106445,9,100
865,116,62,3.913793103448276,454,0.5344827586206896,4.070499418651399,0.8682141747866007,0.9664090368608799,249.70273483947682,58,0.5,13.13953488372093,15,0.12931034482758622,45,0.3879310344827586,58,0.5,0.22413793103448276,0.1724137931034483,0.034482758620689655,0.08620689655172414,5.465189372349673,13,115
866,75,44,4.373333333333333,328,0.5866666666666667,3.5925849560819945,0.876479456203704,0.9646222222222223,220.44444444444446,38,0.5066666666666667,11.814814814814815,9,0.12,30,0.4,37,0.49333333333333335,0.28,0.2,0.02666666666666667,0.06666666666666667,5.154880857909426,7,74
867,87,59,3.9655172413793105,345,0.6781609195402298,4.47277845711553,0.9130365729812941,0.9681595983617387,203.4614876469811,41,0.47126436781609193,16.135135135135137,6,0.06896551724137931,47,0.5402298850574713,46,0.5287356321839081,0.25287356321839083,0.19540229885057472,0.034482758620689655,0.034482758620689655,5.519911742701621,9,86
868,76,58,4.644736842105263,353,0.7631578947368421,4.704421212792114,0.9375878613385046,0.9788781163434903,79.6398891966759,40,0.5263157894736842,11.82857142857143,15,0.19736842105263158,44,0.5789473684210527,36,0.47368421052631576,0.18421052631578946,0.27631578947368424,0.02631578947368421,0.13157894736842105,5.72806205286034,4,75
869,106,75,4.084905660377358,433,0.7075471698113207,5.151021148075839,0.9258163399169198,0.9797080811676753,108.57956568173728,55,0.5188679245283019,9.98,15,0.14150943396226415,60,0.5660377358490566,51,0.4811320754716981,0.1792452830188679,0.2358490566037736,0.0660377358490566,0.10377358490566038,5.970950351190288,6,105
870,69,47,3.869565217391304,267,0.6811594202898551,4.000905694566119,0.9093176086925753,0.9703843730308759,151.22873345935727,32,0.463768115942029,14.814814814814815,5,0.07246376811594203,34,0.4927536231884058,37,0.5362318840579711,0.15942028985507245,0.2463768115942029,0.057971014492753624,0.08695652173913043,5.3386778556366625,5,68
871,61,39,4.278688524590164,261,0.639344262295082,3.5308940956582227,0.8911880459427284,0.9647944101048106,188.12147272238644,36,0.5901639344262295,11.25925925925926,9,0.14754098360655737,26,0.4262295081967213,25,0.4098360655737705,0.3442622950819672,0.16393442622950818,0.03278688524590164,0.0,5.065903116215942,4,60
872,84,60,4.0476190476190474,340,0.7142857142857143,4.6291004988627575,0.9240609007555783,0.9759070294784581,121.88208616780045,52,0.6190476190476191,12.931818181818182,7,0.08333333333333333,46,0.5476190476190477,32,0.38095238095238093,0.2857142857142857,0.21428571428571427,0.03571428571428571,0.07142857142857142,5.685364113430497,6,83
873,67,46,3.8208955223880596,256,0.6865671641791045,3.9737947576742565,0.9105639206139305,0.9632434840721764,218.3114279349521,42,0.6268656716417911,13.205882352941176,3,0.04477611940298507,37,0.5522388059701493,25,0.373134328358209,0.3283582089552239,0.19402985074626866,0.029850746268656716,0.029850746268656716,5.20600481873478,7,66
874,108,62,3.9444444444444446,426,0.5740740740740741,4.218565668126584,0.881464910922625,0.9701646090534979,205.76131687242798,53,0.49074074074074076,16.82051282051282,10,0.09259259259259259,43,0.39814814814814814,55,0.5092592592592593,0.2222222222222222,0.19444444444444445,0.027777777777777776,0.018518518518518517,5.5567385168277434,10,107
875,86,47,4.174418604651163,359,0.5465116279069767,3.5837164028162096,0.8643572998783383,0.9597079502433749,286.6414277988102,48,0.5581395348837209,14.264705882352942,16,0.18604651162790697,29,0.3372093023255814,38,0.4418604651162791,0.32558139534883723,0.18604651162790697,0.0,0.023255813953488372,5.153731896675768,11,85
876,97,63,4.391752577319588,426,0.6494845360824743,4.52313639929175,0.9056604331640115,0.9637581039430334,259.3261770645127,50,0.5154639175257731,15.13953488372093,14,0.14432989690721648,47,0.4845360824742268,47,0.4845360824742268,0.27835051546391754,0.16494845360824742,0.010309278350515464,0.061855670103092786,5.5394942459191165,13,96
877,56,37,4.053571428571429,227,0.6607142857142857,3.4961713753353516,0.8970440821246013,0.9477040816326532,344.38775510204084,30,0.5357142857142857,13.0,4,0.07142857142857142,29,0.5178571428571429,26,0.4642857142857143,0.30357142857142855,0.23214285714285715,0.0,0.0,4.827107547243659,9,55
878,63,39,3.857142857142857,243,0.6190476190476191,3.474396144861517,0.8842487362993453,0.9533887629125725,307.3822121441169,32,0.5079365079365079,11.035714285714286,3,0.047619047619047616,30,0.47619047619047616,31,0.49206349206349204,0.2857142857142857,0.23809523809523808,0.047619047619047616,0.0,4.898324868721551,8,62
879,46,29,4.282608695652174,197,0.6304347826086957,3.0234590038275844,0.8795014944659796,0.9395085066162572,387.523629489603,24,0.5217391304347826,9.904761904761905,4,0.08695652173913043,21,0.45652173913043476,22,0.4782608695652174,0.32608695652173914,0.1956521739130435,0.021739130434782608,0.043478260869565216,4.51780842330722,8,45
880,67,46,3.8656716417910446,259,0.6865671641791045,3.9737947576742565,0.9105639206139305,0.96458008465137,204.94542214301626,37,0.5522388059701493,14.766666666666667,5,0.07462686567164178,36,0.5373134328358209,30,0.44776119402985076,0.29850746268656714,0.1791044776119403,0.07462686567164178,0.04477611940298507,5.230029303427867,7,66
881,77,47,3.896103896103896,300,0.6103896103896104,3.787367930919287,0.8863536065266567,0.9671108112666554,199.0217574633159,40,0.5194805194805194,14.8125,5,0.06493506493506493,32,0.4155844155844156,37,0.4805194805194805,0.24675324675324675,0.19480519480519481,0.07792207792207792,0.025974025974025976,5.263095469069652,6,76
882,52,37,3.923076923076923,204,0.7115384615384616,3.6281485000564047,0.9138686878926854,0.9548816568047337,258.8757396449704,30,0.5769230769230769,17.296296296296298,4,0.07692307692307693,31,0.5961538461538461,22,0.4230769230769231,0.34615384615384615,0.15384615384615385,0.038461538461538464,0.0,4.908877036242436,7,51
883,72,46,4.361111111111111,314,0.6388888888888888,3.8333333333333335,0.8952397241077967,0.9602623456790124,258.48765432098764,36,0.5,12.714285714285714,17,0.2361111111111111,36,0.5,36,0.5,0.2916666666666667,0.1527777777777778,0.05555555555555555,0.027777777777777776,5.153834508441322,9,71
884,47,37,4.382978723404255,206,0.7872340425531915,3.816258611157535,0.9378648005703524,0.9660479855138072,126.75418741511996,26,0.5531914893617021,7.416666666666667,8,0.1702127659574468,30,0.6382978723404256,21,0.44680851063829785,0.2978723404255319,0.2553191489361702,0.0425531914893617,0.0425531914893617,5.070442309078417,4,46
885,72,52,4.208333333333333,303,0.7222222222222222,4.333333333333333,0.9239074570288179,0.9691358024691358,169.7530864197531,39,0.5416666666666666,8.147058823529411,8,0.1111111111111111,41,0.5694444444444444,33,0.4583333333333333,0.3333333333333333,0.1388888888888889,0.05555555555555555,0.013888888888888888,5.444026911074393,8,71
886,77,55,4.558441558441558,351,0.7142857142857143,4.432026302139591,0.9225397539842781,0.9718333614437511,151.79625569235958,40,0.5194805194805194,15.461538461538462,16,0.2077922077922078,45,0.5844155844155844,37,0.4805194805194805,0.2987012987012987,0.15584415584415584,0.06493506493506493,0.03896103896103896,5.520995346341389,7,76
887,76,52,4.144736842105263,315,0.6842105263157895,4.217756949399826,0.9123728957923295,0.9712603878116344,155.81717451523545,43,0.5657894736842105,18.513513513513512,7,0.09210526315789473,38,0.5,33,0.4342105263157895,0.2894736842105263,0.15789473684210525,0.05263157894736842,0.07894736842105263,5.459557158694989,7,75
888,62,34,4.5,279,0.5483870967741935,3.0532901344551737,0.8544331721773178,0.9557752341311134,280.9573361082206,35,0.5645161290322581,16.043478260869566,7,0.11290322580645161,20,0.3225806451612903,27,0.43548387096774194,0.22580645161290322,0.1774193548387097,0.0967741935483871,0.08064516129032258,4.802165310947832,7,61
889,55,32,3.8363636363636364,211,0.5818181818181818,3.0510802855858956,0.8648484522253854,0.9540495867768596,277.68595041322317,28,0.509090909090909,17.055555555555557,3,0.05454545454545454,20,0.36363636363636365,27,0.4909090909090909,0.18181818181818182,0.2545454545454545,0.07272727272727272,0.07272727272727272,4.730915395146161,6,54
890,68,52,4.529411764705882,308,0.7647058823529411,4.458963213705229,0.936422918184129,0.9753460207612457,99.48096885813149,39,0.5735294117647058,9.027777777777779,13,0.19117647058823528,42,0.6176470588235294,29,0.4264705882352941,0.23529411764705882,0.20588235294117646,0.07352941176470588,0.04411764705882353,5.543057694064257,4,67
891,75,52,4.386666666666667,329,0.6933333333333334,4.245782220824175,0.9151718811207324,0.9728,138.66666666666666,41,0.5466666666666666,11.513513513513514,11,0.14666666666666667,40,0.5333333333333333,34,0.4533333333333333,0.21333333333333335,0.22666666666666666,0.12,0.05333333333333334,5.473762817388011,5,74
892,152,81,4.197368421052632,638,0.5328947368421053,4.645668610878875,0.8747121147563022,0.9713469529085873,220.7409972299169,73,0.48026315789473684,7.796296296296297,21,0.13815789473684212,56,0.3684210526315789,79,0.5197368421052632,0.34210526315789475,0.05921052631578947,0.08552631578947369,0.013157894736842105,5.805714540370936,14,151
893,61,42,4.065573770491803,248,0.6885245901639344,3.802501333785778,0.9092153497721114,0.9615694705724268,220.37086804622413,29,0.47540983606557374,14.814814814814815,5,0.08196721311475409,33,0.5409836065573771,32,0.5245901639344263,0.2786885245901639,0.13114754098360656,0.04918032786885246,0.11475409836065574,5.10238774718615,6,60
894,71,53,4.070422535211268,289,0.7464788732394366,4.447661198972452,0.9314074779426934,0.9744098393175957,115.05653640150764,36,0.5070422535211268,16.78787878787879,10,0.14084507042253522,42,0.5915492957746479,35,0.49295774647887325,0.23943661971830985,0.18309859154929578,0.07042253521126761,0.056338028169014086,5.542431408536174,5,70
895,44,33,4.681818181818182,206,0.75,3.517811819867572,0.9239778921560264,0.953512396694215,237.60330578512398,25,0.5681818181818182,16.90909090909091,10,0.22727272727272727,28,0.6363636363636364,19,0.4318181818181818,0.3409090909090909,0.20454545454545456,0.022727272727272728,0.0,4.7998963911678905,6,43
896,60,42,4.383333333333334,263,0.7,3.8340579025361627,0.9128859482834645,0.9622222222222222,211.11111111111111,33,0.55,14.32258064516129,12,0.2,34,0.5666666666666667,27,0.45,0.3333333333333333,0.18333333333333332,0.016666666666666666,0.0,5.108985545926397,6,59
897,63,36,4.238095238095238,267,0.5714285714285714,3.2071349029490928,0.8649293771764887,0.9473418997228521,367.8508440413202,33,0.5238095238095238,8.958333333333334,7,0.1111111111111111,26,0.4126984126984127,30,0.47619047619047616,0.2857142857142857,0.20634920634920634,0.015873015873015872,0.047619047619047616,4.743175066962545,9,62
898,67,43,4.029850746268656,270,0.6417910447761194,3.7146342299998483,0.8945243936139042,0.9596792158609935,253.954110046781,36,0.5373134328358209,12.535714285714286,6,0.08955223880597014,33,0.4925373134328358,31,0.4626865671641791,0.2537313432835821,0.16417910447761194,0.07462686567164178,0.05970149253731343,5.076825385420547,7,66
899,162,91,3.95679012345679,641,0.5617283950617284,5.055555555555555,0.886638642157684,0.9718030787989635,220.24081694863588,82,0.5061728395061729,13.46031746031746,13,0.08024691358024691,66,0.4074074074074074,80,0.49382716049382713,0.2345679012345679,0.19135802469135801,0.10493827160493827,0.043209876543209874,5.938713705199647,17,161
900,87,54,4.022988505747127,350,0.6206896551724138,4.093729435326078,0.8932078181147199,0.9597040560179682,288.01691108468754,44,0.5057471264367817,10.371428571428572,9,0.10344827586206896,40,0.45977011494252873,43,0.4942528735632184,0.25287356321839083,0.21839080459770116,0.05747126436781609,0.04597701149425287,5.326561124073002,13,86
901,50,31,4.48,224,0.62,3.1,0.8778034279758328,0.9576,224.0,28,0.56,10.0,11,0.22,19,0.38,22,0.44,0.38,0.12,0.04,0.06,4.758562939644917,4,49
902,69,43,4.0144927536231885,277,0.6231884057971014,3.660403082262619,0.8883102282877792,0.9573618987607645,281.4534761604705,35,0.5072463768115942,10.379310344827585,7,0.10144927536231885,31,0.4492753623188406,34,0.4927536231884058,0.2463768115942029,0.13043478260869565,0.08695652173913043,0.043478260869565216,5.060643840491237,9,68
903,152,89,4.2105263157894735,640,0.5855263157894737,5.104500078619999,0.893460015839713,0.9750692520775623,183.5180055401662,73,0.48026315789473684,10.892857142857142,16,0.10526315789473684,65,0.4276315789473684,79,0.5197368421052632,0.27631578947368424,0.19736842105263158,0.07236842105263158,0.03289473684210526,6.006211758844425,14,151
904,113,58,4.230088495575221,478,0.5132743362831859,3.858102610378888,0.858918956146148,0.9656198605998904,255.30581877985747,60,0.5309734513274337,11.63888888888889,13,0.11504424778761062,36,0.3185840707964602,53,0.4690265486725664,0.2831858407079646,0.20353982300884957,0.017699115044247787,0.04424778761061947,5.400165826088842,12,112
905,45,30,4.2,189,0.6666666666666666,3.162277660168379,0.89348540639004,0.9540740740740741,237.03703703703704,24,0.5333333333333333,10.5,8,0.17777777777777778,21,0.4666666666666667,21,0.4666666666666667,0.3333333333333333,0.2222222222222222,0.044444444444444446,0.022222222222222223,4.694646363420181,5,44
906,78,50,4.294871794871795,335,0.6410256410256411,4.003203845127178,0.8979307915788954,0.9661406969099277,210.38790269559502,42,0.5384615384615384,9.941176470588236,10,0.1282051282051282,37,0.47435897435897434,36,0.46153846153846156,0.28205128205128205,0.15384615384615385,0.07692307692307693,0.01282051282051282,5.316586431486651,7,77
907,76,52,3.960526315789474,301,0.6842105263157895,4.217756949399826,0.9123728957923295,0.9719529085872577,148.89196675900277,40,0.5263157894736842,12.457142857142857,4,0.05263157894736842,38,0.5,36,0.47368421052631576,0.3026315789473684,0.17105263157894737,0.02631578947368421,0.013157894736842105,5.466558066269192,6,75
908,95,57,4.105263157894737,390,0.6,4.135214625627067,0.8878262113962304,0.9717451523545707,177.2853185595568,42,0.4421052631578947,14.375,12,0.12631578947368421,38,0.4,53,0.5578947368421052,0.25263157894736843,0.2,0.021052631578947368,0.031578947368421054,5.522656203537642,8,94
909,54,37,3.7962962962962963,205,0.6851851851851852,3.560326660002692,0.9052224502512914,0.9423868312757201,390.94650205761315,31,0.5740740740740741,14.464285714285714,3,0.05555555555555555,31,0.5740740740740741,23,0.42592592592592593,0.2962962962962963,0.2222222222222222,0.05555555555555555,0.0,4.792402901218338,10,53
910,59,41,4.067796610169491,240,0.6949152542372882,3.774355933383126,0.9107389246062243,0.9612180407928755,218.32806664751507,34,0.576271186440678,16.37037037037037,6,0.1016949152542373,33,0.559322033898305,25,0.423728813559322,0.2711864406779661,0.22033898305084745,0.05084745762711865,0.06779661016949153,5.071214185278326,6,58
911,62,41,4.129032258064516,256,0.6612903225806451,3.6819086915488857,0.8997943173744595,0.9552549427679501,286.1602497398543,34,0.5483870967741935,20.225806451612904,8,0.12903225806451613,32,0.5161290322580645,28,0.45161290322580644,0.3064516129032258,0.14516129032258066,0.11290322580645161,0.0,4.994361229671925,8,61
912,64,27,3.953125,253,0.421875,2.3864853865045976,0.7924812503605781,0.94677734375,375.9765625,32,0.5,11.533333333333333,10,0.15625,11,0.171875,32,0.5,0.28125,0.171875,0.125,0.015625,4.479934179450871,8,63
913,58,44,4.086206896551724,237,0.7586206896551724,4.085297439895141,0.9319647201276734,0.9702734839476813,124.85136741973841,29,0.5,14.653846153846153,8,0.13793103448275862,34,0.5862068965517241,29,0.5,0.27586206896551724,0.2413793103448276,0.05172413793103448,0.05172413793103448,5.2999718920827394,5,57
914,66,46,4.151515151515151,274,0.696969696969697,4.003786086981051,0.9138321967402218,0.9651056014692379,197.42883379247016,35,0.5303030303030303,8.176470588235293,13,0.19696969696969696,37,0.5606060606060606,31,0.4696969696969697,0.2727272727272727,0.22727272727272727,0.045454545454545456,0.015151515151515152,5.238920491195881,7,65
915,70,48,4.057142857142857,284,0.6857142857142857,4.05674042269688,0.9111934438793271,0.9693877551020409,163.26530612244898,39,0.5571428571428572,14.764705882352942,11,0.15714285714285714,36,0.5142857142857142,31,0.44285714285714284,0.3142857142857143,0.2,0.07142857142857142,0.0,5.343289445392769,6,69
916,54,30,3.740740740740741,202,0.5555555555555556,2.8867513459481287,0.8526475267785586,0.943758573388203,377.22908093278465,30,0.5555555555555556,8.947368421052632,6,0.1111111111111111,20,0.37037037037037035,24,0.4444444444444444,0.3333333333333333,0.16666666666666666,0.018518518518518517,0.0,4.543296354659384,7,53
917,49,26,3.3877551020408165,166,0.5306122448979592,2.626396615835748,0.8371652050849315,0.9229487713452728,566.4306538942108,23,0.46938775510204084,11.823529411764707,2,0.04081632653061224,19,0.3877551020408163,26,0.5306122448979592,0.30612244897959184,0.16326530612244897,0.0,0.02040816326530612,4.2107509151464075,9,48
918,59,42,4.288135593220339,253,0.711864406779661,3.866413395172958,0.9166487542302482,0.9692617064062051,137.89141051422004,34,0.576271186440678,13.148148148148149,5,0.0847457627118644,31,0.5254237288135594,25,0.423728813559322,0.2711864406779661,0.288135593220339,0.05084745762711865,0.0,5.221294744130416,4,58
919,59,46,4.52542372881356,267,0.7796610169491526,4.234643242332288,0.93895922457104,0.9709853490376329,120.65498419994255,28,0.4745762711864407,11.666666666666666,9,0.15254237288135594,38,0.6440677966101694,31,0.5254237288135594,0.13559322033898305,0.3389830508474576,0.1016949152542373,0.05084745762711865,5.355195329382791,5,58
920,85,67,4.529411764705882,385,0.788235294117647,5.138665425277382,0.9464376960150283,0.9813148788927336,69.20415224913495,43,0.5058823529411764,10.926829268292684,15,0.17647058823529413,54,0.6352941176470588,42,0.49411764705882355,0.2235294117647059,0.16470588235294117,0.16470588235294117,0.058823529411764705,5.92992167140637,4,84
921,54,32,3.7222222222222223,201,0.5925925925925926,3.079201435678004,0.8688267143571999,0.9224965706447188,589.8491083676269,30,0.5555555555555556,17.391304347826086,3,0.05555555555555555,26,0.48148148148148145,24,0.4444444444444444,0.35185185185185186,0.14814814814814814,0.018518518518518517,0.0,4.442038372726783,12,53
922,46,35,4.304347826086956,198,0.7608695652173914,3.6490022459988087,0.9286187170074757,0.947069943289225,311.9092627599244,27,0.5869565217391305,13.625,5,0.10869565217391304,31,0.6739130434782609,19,0.41304347826086957,0.3695652173913043,0.15217391304347827,0.043478260869565216,0.0,4.811499184270849,8,45
923,51,31,3.8823529411764706,198,0.6078431372549019,3.0694573832276904,0.8733823738022096,0.946559015763168,338.33141099577085,30,0.5882352941176471,12.363636363636363,2,0.0392156862745098,19,0.37254901960784315,21,0.4117647058823529,0.3137254901960784,0.13725490196078433,0.13725490196078433,0.0196078431372549,4.652817498834242,8,50
924,70,42,3.842857142857143,269,0.6,3.5496478698597698,0.8797631644470002,0.9563265306122448,293.8775510204082,37,0.5285714285714286,9.241379310344827,5,0.07142857142857142,29,0.4142857142857143,33,0.4714285714285714,0.34285714285714286,0.11428571428571428,0.07142857142857142,0.04285714285714286,5.029372753235097,10,69
925,100,65,4.1,410,0.65,4.596194077712559,0.9064566783214276,0.9778,122.0,46,0.46,10.555555555555555,8,0.08,47,0.47,54,0.54,0.21,0.2,0.11,0.02,5.773919005177824,5,99
926,97,63,4.134020618556701,401,0.6494845360824743,4.52313639929175,0.9056604331640115,0.9714103517908386,182.80369858645977,48,0.4948453608247423,13.731707317073171,8,0.08247422680412371,48,0.4948453608247423,49,0.5051546391752577,0.2268041237113402,0.20618556701030927,0.08247422680412371,0.010309278350515464,5.632402827424612,10,96
927,104,59,4.134615384615385,430,0.5673076923076923,4.090913947161065,0.8779488058723806,0.9669008875739645,234.83727810650888,54,0.5192307692307693,14.923076923076923,8,0.07692307692307693,43,0.41346153846153844,50,0.4807692307692308,0.19230769230769232,0.23076923076923078,0.07692307692307693,0.038461538461538464,5.446041873920729,11,103
928,45,31,3.911111111111111,176,0.6888888888888889,3.2676869155073254,0.9020992046742606,0.9481481481481481,296.2962962962963,23,0.5111111111111111,10.55,5,0.1111111111111111,23,0.5111111111111111,22,0.4888888888888889,0.28888888888888886,0.15555555555555556,0.044444444444444446,0.044444444444444446,4.68282260840597,7,44
929,58,28,3.603448275862069,209,0.4827586206896552,2.599734734478726,0.820650481122449,0.9393579072532698,434.0071343638526,25,0.43103448275862066,16.75,3,0.05172413793103448,15,0.25862068965517243,33,0.5689655172413793,0.20689655172413793,0.1724137931034483,0.06896551724137931,0.10344827586206896,4.437228788336055,9,57
930,51,36,4.294117647058823,219,0.7058823529411765,3.5645311547160277,0.9114134941872086,0.9511726259131105,292.19530949634753,26,0.5098039215686274,14.75,9,0.17647058823529413,29,0.5686274509803921,25,0.49019607843137253,0.27450980392156865,0.19607843137254902,0.0392156862745098,0.0784313725490196,4.858508185023912,8,50
931,62,38,4.209677419354839,261,0.6129032258064516,3.412500738508723,0.8813830179379154,0.9609781477627471,228.92819979188346,37,0.5967741935483871,9.703703703703704,9,0.14516129032258066,27,0.43548387096774194,25,0.4032258064516129,0.27419354838709675,0.27419354838709675,0.12903225806451613,0.016129032258064516,4.970426657811213,5,61
932,68,43,4.485294117647059,305,0.6323529411764706,3.68721958056394,0.8913836348917352,0.9658304498269896,194.63667820069205,39,0.5735294117647058,8.35483870967742,12,0.17647058823529413,29,0.4264705882352941,29,0.4264705882352941,0.36764705882352944,0.22058823529411764,0.058823529411764705,0.0,5.170717305549793,5,67
933,49,33,3.979591836734694,195,0.673469387755102,3.3335033970222954,0.8984247199604617,0.9404414827155352,391.50354019158686,27,0.5510204081632653,12.238095238095237,7,0.14285714285714285,26,0.5306122448979592,22,0.4489795918367347,0.32653061224489793,0.14285714285714285,0.08163265306122448,0.0,4.665131782625804,9,48
934,52,29,4.0576923076923075,211,0.5576923076923077,2.8436839595036685,0.852211624950181,0.9349112426035503,458.57988165680473,30,0.5769230769230769,11.714285714285714,8,0.15384615384615385,20,0.38461538461538464,22,0.4230769230769231,0.36538461538461536,0.11538461538461539,0.07692307692307693,0.0,4.437963939453696,9,51
935,62,41,3.7580645161290325,233,0.6612903225806451,3.6819086915488857,0.8997943173744595,0.9568158168574402,270.55150884495316,35,0.5645161290322581,13.407407407407407,4,0.06451612903225806,30,0.4838709677419355,27,0.43548387096774194,0.3870967741935484,0.12903225806451613,0.04838709677419355,0.0,5.038164253621211,9,61
936,75,44,4.24,318,0.5866666666666667,3.5925849560819945,0.876479456203704,0.9557333333333333,309.3333333333333,38,0.5066666666666667,12.03448275862069,11,0.14666666666666667,35,0.4666666666666667,37,0.49333333333333335,0.25333333333333335,0.2,0.04,0.04,5.001630690265117,8,74
937,98,54,4.346938775510204,426,0.5510204081632653,3.857142857142857,0.870013596633164,0.9641815910037486,256.143273635985,46,0.46938775510204084,12.324324324324325,20,0.20408163265306123,35,0.35714285714285715,52,0.5306122448979592,0.2653061224489796,0.16326530612244897,0.030612244897959183,0.030612244897959183,5.332843426331727,10,97
938,100,64,4.29,429,0.64,4.525483399593904,0.9030899869919434,0.9722000000000001,178.0,57,0.57,8.0,16,0.16,47,0.47,43,0.43,0.3,0.17,0.13,0.04,5.654499220079258,9,99
939,145,88,4.462068965517242,647,0.6068965517241379,5.16753793172939,0.899653677735335,0.977027348394768,160.76099881093936,73,0.503448275862069,10.55,23,0.15862068965517243,67,0.46206896551724136,72,0.496551724137931,0.2413793103448276,0.19310344827586207,0.07586206896551724,0.06206896551724138,6.024467325162014,12,144
940,70,49,4.314285714285714,302,0.7,4.141255848169731,0.9160467592364109,0.9718367346938775,138.77551020408163,34,0.4857142857142857,11.848484848484848,8,0.11428571428571428,38,0.5428571428571428,36,0.5142857142857142,0.22857142857142856,0.24285714285714285,0.05714285714285714,0.014285714285714285,5.400432302535628,4,69
941,89,63,4.415730337078652,393,0.7078651685393258,4.7220496406739265,0.9230274820944729,0.9766443630854691,121.19681858351218,47,0.5280898876404494,13.682926829268293,8,0.0898876404494382,46,0.5168539325842697,42,0.47191011235955055,0.3258426966292135,0.1797752808988764,0.056179775280898875,0.033707865168539325,5.756452392415803,7,88
942,63,42,4.015873015873016,253,0.6666666666666666,3.7416573867739413,0.902135669032104,0.9599395313681028,241.8745275888133,31,0.49206349206349204,13.538461538461538,4,0.06349206349206349,35,0.5555555555555556,32,0.5079365079365079,0.23809523809523808,0.1746031746031746,0.09523809523809523,0.06349206349206349,5.052854035285195,6,62
943,70,39,4.285714285714286,300,0.5571428571428572,3.2961015934412146,0.8623198185253099,0.950204081632653,355.1020408163265,39,0.5571428571428572,11.733333333333333,9,0.12857142857142856,29,0.4142857142857143,31,0.44285714285714284,0.32857142857142857,0.14285714285714285,0.08571428571428572,0.07142857142857142,4.821771767868818,8,69
944,93,58,3.935483870967742,366,0.6236559139784946,4.2527663356192456,0.8958309722003773,0.9735229506301307,157.24361197826337,41,0.44086021505376344,13.342857142857143,13,0.13978494623655913,40,0.43010752688172044,52,0.5591397849462365,0.24731182795698925,0.17204301075268819,0.03225806451612903,0.021505376344086023,5.5765159354593195,7,92
945,51,31,3.980392156862745,203,0.6078431372549019,3.0694573832276904,0.8733823738022096,0.9496347558631296,307.5740099961553,25,0.49019607843137253,11.368421052631579,11,0.21568627450980393,21,0.4117647058823529,26,0.5098039215686274,0.3137254901960784,0.23529411764705882,0.0196078431372549,0.0,4.664073930888741,7,50
946,42,24,3.5714285714285716,150,0.5714285714285714,2.618614682831909,0.850276818154826,0.9342403628117915,419.5011337868481,19,0.4523809523809524,10.714285714285714,4,0.09523809523809523,14,0.3333333333333333,23,0.5476190476190477,0.30952380952380953,0.14285714285714285,0.047619047619047616,0.0,4.287403804765268,7,41
947,97,52,4.402061855670103,427,0.5360824742268041,3.733382424812238,0.8637143935755428,0.9531299819321927,365.60739717291955,52,0.5360824742268041,13.323529411764707,14,0.14432989690721648,36,0.3711340206185567,45,0.4639175257731959,0.24742268041237114,0.16494845360824742,0.08247422680412371,0.061855670103092786,5.151689523475225,15,96
948,69,52,3.8115942028985508,263,0.7536231884057971,4.426533959945493,0.9331942203842278,0.969964293215711,155.4295316110061,32,0.463768115942029,14.161290322580646,6,0.08695652173913043,45,0.6521739130434783,37,0.5362318840579711,0.2753623188405797,0.21739130434782608,0.028985507246376812,0.043478260869565216,5.443679486040089,6,68
949,52,37,4.0,208,0.7115384615384616,3.6281485000564047,0.9138686878926854,0.9652366863905325,155.32544378698225,27,0.5192307692307693,15.458333333333334,7,0.1346153846153846,27,0.5192307692307693,25,0.4807692307692308,0.28846153846153844,0.17307692307692307,0.038461538461538464,0.057692307692307696,5.041503900708586,4,51
950,43,29,4.186046511627907,180,0.6744186046511628,3.127150422899714,0.8952716490506508,0.952947539210384,237.96646836127636,21,0.4883720930232558,10.842105263157896,7,0.16279069767441862,21,0.4883720930232558,22,0.5116279069767442,0.23255813953488372,0.23255813953488372,0.023255813953488372,0.046511627906976744,4.646967661578215,4,42
951,85,52,3.9176470588235293,333,0.611764705882353,3.988217942006326,0.8893886759193653,0.9694117647058823,188.23529411764707,41,0.4823529411764706,9.303030303030303,11,0.12941176470588237,36,0.4235294117647059,44,0.5176470588235295,0.2823529411764706,0.18823529411764706,0.047058823529411764,0.011764705882352941,5.395499060050834,7,84
952,61,40,4.163934426229508,254,0.6557377049180327,3.621429841700741,0.8973467870816714,0.9615694705724268,220.37086804622413,35,0.5737704918032787,15.142857142857142,7,0.11475409836065574,30,0.4918032786885246,26,0.4262295081967213,0.2786885245901639,0.18032786885245902,0.06557377049180328,0.0,5.039939035470468,5,60
953,73,50,3.9726027397260273,290,0.684931506849315,4.13802944301184,0.9117958249201041,0.9686620379057985,176.39331957215236,36,0.4931506849315068,15.1875,8,0.1095890410958904,38,0.5205479452054794,37,0.5068493150684932,0.273972602739726,0.1917808219178082,0.0273972602739726,0.0410958904109589,5.3744028131905655,7,72
954,69,47,3.9130434782608696,270,0.6811594202898551,4.000905694566119,0.9093176086925753,0.9603024574669187,252.0478890989288,33,0.4782608695652174,13.10344827586207,4,0.057971014492753624,35,0.5072463768115942,36,0.5217391304347826,0.2753623188405797,0.14492753623188406,0.043478260869565216,0.043478260869565216,5.228393211079608,10,68
955,52,36,3.7115384615384617,193,0.6923076923076923,3.530090432487313,0.9069344220919539,0.9467455621301775,340.23668639053255,26,0.5,11.5,1,0.019230769230769232,29,0.5576923076923077,26,0.5,0.2692307692307692,0.17307692307692307,0.057692307692307696,0.019230769230769232,4.815072410115944,9,51
956,66,43,4.0606060606060606,268,0.6515151515151515,3.7426696030475037,0.8977350992588877,0.9536271808999083,312.2130394857668,32,0.48484848484848486,11.464285714285714,6,0.09090909090909091,34,0.5151515151515151,34,0.5151515151515151,0.25757575757575757,0.16666666666666666,0.06060606060606061,0.015151515151515152,5.0278246658766275,10,65
957,67,45,4.134328358208955,277,0.6716417910447762,3.8874079151161203,0.905336687922196,0.9650256181777679,200.49008687903765,33,0.4925373134328358,11.612903225806452,9,0.13432835820895522,34,0.5074626865671642,34,0.5074626865671642,0.26865671641791045,0.16417910447761194,0.04477611940298507,0.029850746268656716,5.2129360642080655,7,66
958,38,31,3.8947368421052633,148,0.8157894736842105,3.555943874993707,0.9440291043837286,0.9598337950138505,138.50415512465375,24,0.631578947368421,13.136363636363637,3,0.07894736842105263,26,0.6842105263157895,14,0.3684210526315789,0.39473684210526316,0.21052631578947367,0.02631578947368421,0.0,4.82687488186464,4,37
959,52,27,3.769230769230769,196,0.5192307692307693,2.6475678243654848,0.8341264423920673,0.9304733727810651,502.9585798816568,29,0.5576923076923077,13.647058823529411,0,0.0,18,0.34615384615384615,23,0.4423076923076923,0.3269230769230769,0.23076923076923078,0.0,0.019230769230769232,4.300194642888526,7,51
960,51,37,3.980392156862745,203,0.7254901960784313,3.663545909013695,0.918382006208717,0.9580930411380238,222.9911572472126,30,0.5882352941176471,10.666666666666666,5,0.09803921568627451,31,0.6078431372549019,21,0.4117647058823529,0.3333333333333333,0.23529411764705882,0.0196078431372549,0.0196078431372549,4.94655181239005,6,50
961,116,69,4.267241379310345,495,0.5948275862068966,4.530071933660428,0.8907176122415805,0.9711652794292509,202.14030915576694,63,0.5431034482758621,8.551020408163266,22,0.1896551724137931,49,0.4224137931034483,53,0.45689655172413796,0.31896551724137934,0.14655172413793102,0.0603448275862069,0.017241379310344827,5.69282137878212,12,115
962,87,55,4.252873563218391,370,0.632183908045977,4.169539239683969,0.8973165319934382,0.9639318271898535,245.73919936583434,40,0.45977011494252873,8.117647058823529,15,0.1724137931034483,45,0.5172413793103449,47,0.5402298850574713,0.25287356321839083,0.22988505747126436,0.034482758620689655,0.034482758620689655,5.355548565571396,10,86
963,127,78,4.15748031496063,528,0.6141732283464567,4.894155280077636,0.8993684077289886,0.9735259470518941,186.000372000744,57,0.44881889763779526,11.936170212765957,17,0.13385826771653545,57,0.44881889763779526,70,0.5511811023622047,0.2047244094488189,0.2204724409448819,0.031496062992125984,0.05511811023622047,5.8657775229937945,13,126
964,102,54,3.5588235294117645,363,0.5294117647058824,3.780756226875626,0.8624881069801641,0.9592464436755095,309.49634755863127,50,0.49019607843137253,13.216216216216216,6,0.058823529411764705,38,0.37254901960784315,52,0.5098039215686274,0.24509803921568626,0.19607843137254902,0.0392156862745098,0.0392156862745098,5.234669912757591,13,101
965,89,48,3.696629213483146,329,0.5393258426966292,3.597752107180135,0.862444781005708,0.9665446282035097,222.19416740310567,47,0.5280898876404494,12.4375,5,0.056179775280898875,28,0.3146067415730337,42,0.47191011235955055,0.29213483146067415,0.15730337078651685,0.056179775280898875,0.056179775280898875,5.260688874928001,8,88
966,98,56,3.8979591836734695,382,0.5714285714285714,4.0,0.8779455273044412,0.9620991253644315,276.9679300291545,52,0.5306122448979592,10.864864864864865,12,0.12244897959183673,39,0.3979591836734694,46,0.46938775510204084,0.29591836734693877,0.15306122448979592,0.061224489795918366,0.061224489795918366,5.3546099020632925,13,97
967,68,43,4.323529411764706,294,0.6323529411764706,3.68721958056394,0.8913836348917352,0.9636678200692042,216.26297577854672,32,0.47058823529411764,9.379310344827585,14,0.20588235294117646,33,0.4852941176470588,36,0.5294117647058824,0.25,0.17647058823529413,0.029411764705882353,0.058823529411764705,5.122040186959982,6,67
968,55,30,3.9272727272727272,216,0.5454545454545454,2.860387767736777,0.8487433473702655,0.9467768595041323,350.41322314049586,28,0.509090909090909,8.380952380952381,10,0.18181818181818182,18,0.32727272727272727,27,0.4909090909090909,0.3090909090909091,0.23636363636363636,0.05454545454545454,0.0,4.581068578415503,7,54
969,69,44,4.318840579710145,298,0.6376811594202898,3.745528735338494,0.8937398314873533,0.9636630959882377,218.44150388573829,37,0.5362318840579711,9.275862068965518,12,0.17391304347826086,29,0.42028985507246375,32,0.463768115942029,0.3333333333333333,0.10144927536231885,0.11594202898550725,0.0,5.180988224894109,8,68
970,82,49,4.195121951219512,344,0.5975609756097561,3.8262571662708487,0.8831559443063494,0.9660916121356335,217.13265913146935,43,0.524390243902439,10.125,12,0.14634146341463414,33,0.4024390243902439,39,0.47560975609756095,0.34146341463414637,0.12195121951219512,0.07317073170731707,0.024390243902439025,5.295861150642945,9,81
971,89,52,4.157303370786517,370,0.5842696629213483,3.8975647827784794,0.8802770804125573,0.963009720994824,257.5432394899634,39,0.43820224719101125,12.333333333333334,13,0.14606741573033707,39,0.43820224719101125,50,0.5617977528089888,0.25842696629213485,0.16853932584269662,0.07865168539325842,0.07865168539325842,5.271705166965601,9,88
972,55,39,4.545454545454546,250,0.7090909090909091,3.71850409805781,0.9142143856743267,0.9593388429752067,224.79338842975207,34,0.6181818181818182,11.785714285714286,9,0.16363636363636364,32,0.5818181818181818,21,0.38181818181818183,0.2727272727272727,0.2,0.09090909090909091,0.05454545454545454,5.006283522923008,6,54
973,52,32,4.211538461538462,219,0.6153846153846154,3.1378581622109447,0.8771253179097726,0.9467455621301775,340.23668639053255,29,0.5576923076923077,12.1,3,0.057692307692307696,22,0.4230769230769231,23,0.4423076923076923,0.38461538461538464,0.17307692307692307,0.019230769230769232,0.019230769230769232,4.671405583442498,8,51
974,41,27,4.195121951219512,172,0.6585365853658537,2.9816512040208565,0.887511217448728,0.9446757882212968,309.3396787626413,23,0.5609756097560976,11.055555555555555,5,0.12195121951219512,21,0.5121951219512195,18,0.43902439024390244,0.2682926829268293,0.21951219512195122,0.0975609756097561,0.0,4.482569005083273,5,40
975,59,43,3.9661016949152543,234,0.7288135593220338,3.9584708569627907,0.9224195160525247,0.9669635162309681,160.87331226659006,31,0.5254237288135594,17.074074074074073,4,0.06779661016949153,33,0.559322033898305,28,0.4745762711864407,0.23728813559322035,0.1864406779661017,0.05084745762711865,0.06779661016949153,5.221294744130416,6,58
976,64,41,3.84375,246,0.640625,3.623922253581056,0.8929253341030141,0.95556640625,288.0859375,38,0.59375,14.161290322580646,7,0.109375,34,0.53125,26,0.40625,0.28125,0.1875,0.03125,0.046875,4.964364454101657,7,63
977,61,35,3.9836065573770494,243,0.5737704918032787,3.1687511114881484,0.8648643035425235,0.9551195915076592,284.8696586938995,30,0.4918032786885246,8.545454545454545,7,0.11475409836065574,23,0.3770491803278688,31,0.5081967213114754,0.3442622950819672,0.18032786885245902,0.01639344262295082,0.0,4.819418486057624,7,60
978,66,30,3.878787878787879,256,0.45454545454545453,2.6111648393354674,0.8118085119388826,0.9389348025711662,459.1368227731864,30,0.45454545454545453,8.705882352941176,9,0.13636363636363635,18,0.2727272727272727,36,0.5454545454545454,0.2727272727272727,0.22727272727272727,0.045454545454545456,0.0,4.441508514179352,8,65
979,68,44,4.294117647058823,292,0.6470588235294118,3.7729688731351945,0.8968320236211828,0.94939446366782,358.9965397923875,36,0.5294117647058824,12.5,10,0.14705882352941177,37,0.5441176470588235,32,0.47058823529411764,0.22058823529411764,0.27941176470588236,0.07352941176470588,0.04411764705882353,4.987715727159006,11,67
980,71,44,4.28169014084507,304,0.6197183098591549,3.6923979765054322,0.8877489614690067,0.9517952787145407,341.20214243205714,39,0.5492957746478874,12.2,11,0.15492957746478872,31,0.43661971830985913,32,0.4507042253521127,0.19718309859154928,0.2676056338028169,0.014084507042253521,0.08450704225352113,5.050604865739782,12,70
981,63,49,4.333333333333333,273,0.7777777777777778,4.365266951236265,0.9393419608877193,0.9750566893424036,90.70294784580499,38,0.6031746031746031,12.9375,9,0.14285714285714285,38,0.6031746031746031,25,0.3968253968253968,0.3333333333333333,0.15873015873015872,0.047619047619047616,0.031746031746031744,5.48910710600526,4,62
982,58,43,4.051724137931035,235,0.7413793103448276,3.992449770806615,0.9263028950103188,0.9613555291319856,214.0309155766944,30,0.5172413793103449,16.464285714285715,8,0.13793103448275862,37,0.6379310344827587,28,0.4827586206896552,0.27586206896551724,0.1724137931034483,0.06896551724137931,0.017241379310344827,5.137732072527273,6,57
983,76,49,4.171052631578948,317,0.6447368421052632,3.9744248177036825,0.8986515659847379,0.9653739612188366,214.6814404432133,36,0.47368421052631576,14.03125,11,0.14473684210526316,37,0.4868421052631579,40,0.5263157894736842,0.2894736842105263,0.15789473684210525,0.02631578947368421,0.02631578947368421,5.280482941926082,7,75
984,86,56,4.3023255813953485,370,0.6511627906976745,4.26995996931293,0.9036905797895058,0.9661979448350461,221.74148188209844,42,0.4883720930232558,14.91891891891892,14,0.16279069767441862,45,0.5232558139534884,44,0.5116279069767442,0.2441860465116279,0.19767441860465115,0.05813953488372093,0.046511627906976744,5.418948586294067,8,85
985,46,33,4.456521739130435,205,0.717391304347826,3.440487831941734,0.9132502105506185,0.9574669187145558,207.93950850661625,30,0.6521739130434783,10.0,11,0.2391304347826087,27,0.5869565217391305,16,0.34782608695652173,0.32608695652173914,0.2391304347826087,0.13043478260869565,0.0,4.822156249394176,4,45
986,74,52,4.013513513513513,297,0.7027027027027027,4.27437366993929,0.9180260133194027,0.9685902118334551,178.9627465303141,35,0.47297297297297297,12.129032258064516,8,0.10810810810810811,44,0.5945945945945946,39,0.527027027027027,0.22972972972972974,0.22972972972972974,0.02702702702702703,0.04054054054054054,5.395415109446149,6,73
987,80,51,4.2625,341,0.6375,4.031904016714684,0.8972619202295058,0.9584375,290.625,40,0.5,11.454545454545455,13,0.1625,38,0.475,40,0.5,0.2625,0.2,0.05,0.025,5.260754932517595,12,79
988,88,44,4.238636363636363,373,0.5,3.3166247903554,0.8451876172642316,0.9514462809917354,371.900826446281,50,0.5681818181818182,12.903225806451612,9,0.10227272727272728,30,0.3409090909090909,38,0.4318181818181818,0.3181818181818182,0.13636363636363635,0.10227272727272728,0.022727272727272728,4.937688402748267,12,87
989,90,51,3.8666666666666667,348,0.5666666666666667,3.801315561749642,0.8737759862709367,0.9641975308641976,246.91358024691357,48,0.5333333333333333,10.529411764705882,9,0.1,36,0.4,42,0.4666666666666667,0.23333333333333334,0.24444444444444444,0.05555555555555555,0.022222222222222223,5.275651852925211,10,89
990,61,46,4.409836065573771,269,0.7540983606557377,4.164644317955852,0.9313448972142149,0.9690943294813222,145.12227895726954,32,0.5245901639344263,9.166666666666666,11,0.18032786885245902,37,0.6065573770491803,29,0.47540983606557374,0.19672131147540983,0.3442622950819672,0.04918032786885246,0.01639344262295082,5.323859468568557,6,60
991,87,50,3.9655172413793105,345,0.5747126436781609,3.790490217894517,0.8759748076963788,0.9686880697582243,198.17677368212446,38,0.4367816091954023,12.37037037037037,12,0.13793103448275862,33,0.3793103448275862,49,0.5632183908045977,0.21839080459770116,0.2413793103448276,0.022988505747126436,0.04597701149425287,5.332079094537298,7,86
992,155,77,3.9096774193548387,606,0.4967741935483871,4.373306123702399,0.8612808401341107,0.9667429760665972,268.054110301769,68,0.43870967741935485,13.26530612244898,14,0.09032258064516129,55,0.3548387096774194,87,0.5612903225806452,0.23225806451612904,0.1935483870967742,0.03870967741935484,0.08387096774193549,5.641591544423921,18,154
993,103,49,4.271844660194175,440,0.47572815533980584,3.4139917700289266,0.8397082780879527,0.956546328588934,337.44933546988403,55,0.5339805825242718,11.142857142857142,12,0.11650485436893204,30,0.2912621359223301,48,0.46601941747572817,0.27184466019417475,0.20388349514563106,0.04854368932038835,0.04854368932038835,5.104920039170761,14,102
994,115,59,4.191304347826087,482,0.5130434782608696,3.890344793035143,0.85934578906448,0.9631758034026466,281.28544423440457,59,0.5130434782608696,12.642857142857142,14,0.12173913043478261,42,0.3652173913043478,56,0.48695652173913045,0.22608695652173913,0.24347826086956523,0.034782608695652174,0.0782608695652174,5.365326135515783,13,114
995,55,35,4.109090909090909,226,0.6363636363636364,3.337119062359573,0.887210495646162,0.9302479338842976,515.702479338843,27,0.4909090909090909,11.80952380952381,7,0.12727272727272726,27,0.4909090909090909,28,0.509090909090909,0.2727272727272727,0.16363636363636364,0.03636363636363636,0.07272727272727272,4.635549713367314,12,54
996,66,36,3.893939393939394,257,0.5454545454545454,3.1333978072025612,0.8553255958086076,0.9485766758494032,362.71808999081725,33,0.5,17.772727272727273,11,0.16666666666666666,25,0.3787878787878788,33,0.5,0.22727272727272727,0.24242424242424243,0.06060606060606061,0.0,4.748199043273083,9,65
997,67,45,4.2388059701492535,284,0.6716417910447762,3.8874079151161203,0.905336687922196,0.9623524170193807,227.22209846290934,33,0.4925373134328358,12.142857142857142,9,0.13432835820895522,36,0.5373134328358209,34,0.5074626865671642,0.31343283582089554,0.14925373134328357,0.04477611940298507,0.05970149253731343,5.167868153631141,7,66
998,81,52,4.395061728395062,356,0.6419753086419753,4.085505846855608,0.8991442566539268,0.9678402682517909,198.14052735863436,42,0.5185185185185185,11.764705882352942,15,0.18518518518518517,40,0.49382716049382713,39,0.48148148148148145,0.30864197530864196,0.19753086419753085,0.037037037037037035,0.037037037037037035,5.370154478884813,7,80
999,59,30,3.6440677966101696,215,0.5084745762711864,2.76172385369497,0.8341302632905503,0.9365124964090779,465.38351048549265,25,0.423728813559322,9.421052631578947,3,0.05084745762711865,20,0.3389830508474576,34,0.576271186440678,0.3220338983050847,0.22033898305084745,0.01694915254237288,0.01694915254237288,4.4461195323760165,8,58
1000,53,30,3.981132075471698,211,0.5660377358490566,2.913857587071792,0.8566617910518293,0.9476682093271627,334.6386614453542,24,0.4528301886792453,19.11111111111111,6,0.11320754716981132,20,0.37735849056603776,29,0.5471698113207547,0.3018867924528302,0.2641509433962264,0.018867924528301886,0.03773584905660377,4.592433483480479,7,52
1001,58,37,4.379310344827586,254,0.6379310344827587,3.4353637562754598,0.8892916125815292,0.9637336504161712,190.24970273483947,36,0.6206896551724138,9.76923076923077,9,0.15517241379310345,25,0.43103448275862066,22,0.3793103448275862,0.1896551724137931,0.22413793103448276,0.034482758620689655,0.05172413793103448,4.999801038044513,4,57
1002,55,34,4.2727272727272725,235,0.6181818181818182,3.2417728034350137,0.8799768728019036,0.9401652892561984,416.5289256198347,28,0.509090909090909,16.80952380952381,5,0.09090909090909091,27,0.4909090909090909,27,0.4909090909090909,0.2909090909090909,0.21818181818181817,0.0,0.03636363636363636,4.639650849534271,9,54
1003,70,48,4.057142857142857,284,0.6857142857142857,4.05674042269688,0.9111934438793271,0.9640816326530612,216.3265306122449,36,0.5142857142857142,9.03225806451613,10,0.14285714285714285,37,0.5285714285714286,34,0.4857142857142857,0.3,0.17142857142857143,0.04285714285714286,0.014285714285714285,5.271313639645399,7,69
1004,87,55,3.9885057471264367,347,0.632183908045977,4.169539239683969,0.8973165319934382,0.9660457127757961,224.6003435064077,39,0.4482758620689655,11.848484848484848,8,0.09195402298850575,43,0.4942528735632184,48,0.5517241379310345,0.26436781609195403,0.14942528735632185,0.034482758620689655,0.05747126436781609,5.401525577065649,10,86
1005,69,48,4.7101449275362315,325,0.6956521739130435,4.086031347641994,0.9142899468175075,0.9708044528460407,147.02793530770847,37,0.5362318840579711,12.6,13,0.18840579710144928,35,0.5072463768115942,32,0.463768115942029,0.2753623188405797,0.2318840579710145,0.07246376811594203,0.028985507246376812,5.376215398619024,6,68
1006,81,58,4.283950617283951,347,0.7160493827160493,4.55691036764664,0.9239936264205298,0.9724127419600671,152.41579027587258,43,0.5308641975308642,14.131578947368421,11,0.13580246913580246,46,0.5679012345679012,38,0.4691358024691358,0.24691358024691357,0.2222222222222222,0.06172839506172839,0.037037037037037035,5.595841823792143,8,80
1007,59,33,3.6779661016949152,217,0.559322033898305,3.0378962390644673,0.8575047095379478,0.9451307095662166,379.20137891410513,33,0.559322033898305,10.96,2,0.03389830508474576,23,0.3898305084745763,26,0.4406779661016949,0.3559322033898305,0.13559322033898305,0.05084745762711865,0.0,4.638845117408378,8,58
1008,55,34,3.890909090909091,214,0.6181818181818182,3.2417728034350137,0.8799768728019036,0.9560330578512397,257.8512396694215,26,0.4727272727272727,12.8,6,0.10909090909090909,24,0.43636363636363634,29,0.5272727272727272,0.32727272727272727,0.14545454545454545,0.0,0.0,4.808924377972584,5,54
1009,64,40,3.875,248,0.625,3.5355339059327373,0.8869880158145604,0.9580078125,263.671875,29,0.453125,12.91304347826087,4,0.0625,29,0.453125,35,0.546875,0.21875,0.15625,0.078125,0.015625,4.995864648336088,8,63
1010,60,31,3.566666666666667,214,0.5166666666666667,2.8298998804433584,0.8387147569772285,0.9472222222222222,361.1111111111111,27,0.45,15.6875,1,0.016666666666666666,18,0.3,33,0.55,0.23333333333333334,0.15,0.08333333333333333,0.0,4.602212679983619,7,59
1011,48,30,3.4583333333333335,166,0.625,3.061862178478973,0.8785897121019018,0.9539930555555556,251.73611111111111,19,0.3958333333333333,13.571428571428571,1,0.020833333333333332,20,0.4166666666666667,29,0.6041666666666666,0.20833333333333334,0.14583333333333334,0.10416666666666667,0.020833333333333332,4.6785088547976805,4,47
1012,47,39,4.1063829787234045,193,0.8297872340425532,4.022542860409294,0.9515379733759975,0.9696695337256678,90.53870529651427,25,0.5319148936170213,16.8,5,0.10638297872340426,33,0.7021276595744681,22,0.46808510638297873,0.2765957446808511,0.19148936170212766,0.06382978723404255,0.06382978723404255,5.182040447330258,3,46
1013,79,53,4.468354430379747,353,0.6708860759493671,4.216453606131369,0.9086484259814354,0.9684345457458741,189.07226406024677,43,0.5443037974683544,11.029411764705882,14,0.17721518987341772,42,0.5316455696202531,36,0.45569620253164556,0.20253164556962025,0.26582278481012656,0.012658227848101266,0.10126582278481013,5.40921069168271,7,78
1014,47,31,3.9148936170212765,184,0.6595744680851063,3.1974058634022593,0.891910534276641,0.9515617926663649,271.61611588954275,22,0.46808510638297873,10.882352941176471,7,0.14893617021276595,22,0.46808510638297873,25,0.5319148936170213,0.3191489361702128,0.1702127659574468,0.0,0.0,4.697893904731034,6,46
1015,50,37,3.74,187,0.74,3.7,0.9230308481401767,0.9632000000000001,168.0,22,0.44,13.052631578947368,6,0.12,29,0.58,28,0.56,0.24,0.16,0.06,0.04,5.0214678801994515,5,49
1016,165,90,4.175757575757576,689,0.5454545454545454,4.954336943068623,0.881288234144171,0.9750596877869606,188.79706152433425,81,0.4909090909090909,9.36923076923077,35,0.21212121212121213,61,0.3696969696969697,84,0.509090909090909,0.3212121212121212,0.1393939393939394,0.04242424242424243,0.012121212121212121,6.000024090406021,16,164
1017,151,91,4.357615894039735,658,0.6026490066225165,5.236461572600768,0.8990647628258341,0.9753958159729836,179.8166747072497,81,0.5364238410596026,11.388059701492537,26,0.17218543046357615,68,0.4503311258278146,70,0.46357615894039733,0.2980132450331126,0.1986754966887417,0.059602649006622516,0.019867549668874173,6.028410863365054,13,150
1018,125,84,4.496,562,0.672,5.312626469082877,0.9176737552516462,0.9771519999999999,148.48,74,0.592,12.153846153846153,24,0.192,67,0.536,51,0.408,0.336,0.176,0.104,0.016,6.018611861953237,10,124
1019,60,38,4.016666666666667,241,0.6333333333333333,3.468909530866052,0.8884416307532699,0.9588888888888889,244.44444444444446,27,0.45,9.833333333333334,12,0.2,27,0.45,33,0.55,0.23333333333333334,0.25,0.03333333333333333,0.03333333333333333,4.962373354557566,7,59
1020,53,34,3.981132075471698,211,0.6415094339622641,3.3023719320146983,0.8881867130674566,0.9562121751512994,249.1990032039872,26,0.49056603773584906,9.19047619047619,7,0.1320754716981132,25,0.4716981132075472,27,0.5094339622641509,0.2641509433962264,0.24528301886792453,0.018867924528301886,0.07547169811320754,4.815382190853758,5,52
1021,105,62,4.3428571428571425,456,0.5904761904761905,4.278406467922596,0.8868005041996974,0.9648979591836735,255.78231292517006,54,0.5142857142857142,9.333333333333334,17,0.1619047619047619,46,0.4380952380952381,51,0.4857142857142857,0.3047619047619048,0.18095238095238095,0.0380952380952381,0.0,5.4816438224036235,12,104
1022,141,80,4.531914893617022,639,0.5673758865248227,4.763930673403309,0.8854797427520819,0.9721844977616821,207.23303656757707,71,0.5035460992907801,12.017543859649123,27,0.19148936170212766,56,0.3971631205673759,70,0.49645390070921985,0.2695035460992908,0.20567375886524822,0.03546099290780142,0.0,5.8430961691894545,15,140
1023,100,60,4.5,450,0.6,4.242640687119285,0.8890756251918217,0.967,230.0,48,0.48,9.63888888888889,20,0.2,43,0.43,52,0.52,0.22,0.24,0.04,0.04,5.502466534900556,12,99
1024,118,70,4.220338983050848,498,0.5932203389830508,4.556611884328835,0.8905420451106023,0.9669635162309681,245.61907497845448,63,0.5338983050847458,12.043478260869565,13,0.11016949152542373,51,0.4322033898305085,55,0.4661016949152542,0.2966101694915254,0.17796610169491525,0.059322033898305086,0.01694915254237288,5.651723033698938,15,117
1025,144,66,4.229166666666667,609,0.4583333333333333,3.8890872965260117,0.8430205501651069,0.9565007716049384,365.54783950617286,81,0.5625,16.770833333333332,10,0.06944444444444445,35,0.24305555555555555,63,0.4375,0.2708333333333333,0.14583333333333334,0.08333333333333333,0.020833333333333332,5.445904102122878,24,143
1026,75,41,3.8533333333333335,289,0.5466666666666666,3.347635981803677,0.8601232867466183,0.9500444444444445,366.22222222222223,34,0.4533333333333333,12.04,6,0.08,27,0.36,41,0.5466666666666666,0.26666666666666666,0.17333333333333334,0.02666666666666667,0.04,4.916770317243777,12,74
1027,125,78,4.96,620,0.624,4.9331531498626715,0.9023251312421534,0.9725439999999999,194.56,64,0.512,8.11320754716981,34,0.272,62,0.496,61,0.488,0.248,0.144,0.096,0.064,5.835855130697283,13,124
1028,65,30,3.8923076923076922,253,0.46153846153846156,2.6311740579210876,0.8147776336399158,0.9240236686390532,605.9171597633136,35,0.5384615384615384,12.391304347826088,5,0.07692307692307693,20,0.3076923076923077,30,0.46153846153846156,0.3230769230769231,0.12307692307692308,0.046153846153846156,0.03076923076923077,4.329723762309565,13,64
1029,44,30,4.5,198,0.6818181818181818,3.198010745334156,0.8987914747127659,0.9545454545454546,227.27272727272728,23,0.5227272727272727,9.5,6,0.13636363636363635,22,0.5,21,0.4772727272727273,0.2727272727272727,0.3181818181818182,0.045454545454545456,0.0,4.697845823084411,4,43
1030,99,62,4.2727272727272725,423,0.6262626262626263,4.406148138015949,0.8981559827920939,0.9733700642791552,165.28925619834712,49,0.494949494949495,10.595238095238095,13,0.13131313131313133,45,0.45454545454545453,50,0.5050505050505051,0.30303030303030304,0.16161616161616163,0.06060606060606061,0.06060606060606061,5.632093428633145,8,98
1031,85,49,3.8823529411764706,330,0.5764705882352941,3.758128445352115,0.8760130096696257,0.9680276816608997,202.07612456747404,42,0.49411764705882355,14.363636363636363,6,0.07058823529411765,31,0.36470588235294116,43,0.5058823529411764,0.2823529411764706,0.1411764705882353,0.058823529411764705,0.023529411764705882,5.3079126666619345,7,84
1032,93,51,4.053763440860215,377,0.5483870967741935,3.739501433044509,0.8674548983786384,0.9575673488264539,316.79963001503063,44,0.4731182795698925,12.114285714285714,14,0.15053763440860216,39,0.41935483870967744,49,0.5268817204301075,0.21505376344086022,0.23655913978494625,0.021505376344086023,0.053763440860215055,5.149750130852759,11,92
1033,73,46,4.027397260273973,294,0.6301369863013698,3.8069870875708927,0.8923616337611422,0.9664102082942391,198.9116156877463,39,0.5342465753424658,11.75,11,0.1506849315068493,32,0.4383561643835616,34,0.4657534246575342,0.2054794520547945,0.3150684931506849,0.0410958904109589,0.0136986301369863,5.240725757302702,6,72
1034,79,43,3.810126582278481,301,0.5443037974683544,3.420896321955639,0.8607952864273142,0.9543342413074827,330.0753084441596,36,0.45569620253164556,11.64,5,0.06329113924050633,31,0.3924050632911392,43,0.5443037974683544,0.20253164556962025,0.24050632911392406,0.06329113924050633,0.012658227848101266,4.968338268602829,10,78
1035,55,35,3.709090909090909,204,0.6363636363636364,3.337119062359573,0.887210495646162,0.9467768595041323,350.41322314049586,26,0.4727272727272727,14.84,5,0.09090909090909091,28,0.509090909090909,29,0.5272727272727272,0.2727272727272727,0.2,0.03636363636363636,0.07272727272727272,4.733911704898533,8,54
1036,56,32,4.339285714285714,243,0.5714285714285714,3.0237157840738176,0.8609771689704905,0.9400510204081634,420.9183673469388,32,0.5714285714285714,16.47826086956522,8,0.14285714285714285,21,0.375,24,0.42857142857142855,0.32142857142857145,0.21428571428571427,0.03571428571428571,0.017857142857142856,4.602284503211819,10,55
1037,65,43,4.2,273,0.6615384615384615,3.771349483020226,0.9010184902627867,0.9585798816568047,260.35502958579883,35,0.5384615384615384,12.515151515151516,11,0.16923076923076924,35,0.5384615384615384,30,0.46153846153846156,0.3384615384615385,0.18461538461538463,0.015384615384615385,0.0,5.060378197444137,6,64
1038,97,62,4.546391752577319,441,0.6391752577319587,4.451340583429976,0.9021628698377977,0.9705601020299713,191.30619619513232,54,0.5567010309278351,13.195652173913043,19,0.1958762886597938,48,0.4948453608247423,43,0.44329896907216493,0.20618556701030927,0.28865979381443296,0.020618556701030927,0.030927835051546393,5.585011069260594,9,96
1039,119,60,3.8907563025210083,463,0.5042016806722689,3.8892223413129865,0.8567145352329885,0.9660334722124143,255.63166443047808,54,0.453781512605042,15.527777777777779,12,0.10084033613445378,41,0.3445378151260504,65,0.5462184873949579,0.24369747899159663,0.19327731092436976,0.05042016806722689,0.058823529411764705,5.433420050342109,14,118
1040,37,27,4.081081081081081,151,0.7297297297297297,3.1386862460831204,0.9127421186904895,0.9495982468955442,233.7472607742878,22,0.5945945945945946,9.947368421052632,5,0.13513513513513514,20,0.5405405405405406,15,0.40540540540540543,0.40540540540540543,0.13513513513513514,0.05405405405405406,0.0,4.571354974427957,5,36
1041,70,46,4.2,294,0.6571428571428571,3.8877095717511763,0.9011758701281402,0.9714285714285714,142.85714285714286,35,0.5,14.310344827586206,12,0.17142857142857143,30,0.42857142857142855,35,0.5,0.2857142857142857,0.2,0.04285714285714286,0.04285714285714286,5.338081902869909,5,69
1042,69,46,3.739130434782609,258,0.6666666666666666,3.9157800414902435,0.9042383304085706,0.969964293215711,155.4295316110061,27,0.391304347826087,12.625,7,0.10144927536231885,34,0.4927536231884058,42,0.6086956521739131,0.2318840579710145,0.2028985507246377,0.0,0.10144927536231885,5.300199275461973,4,68
1043,42,30,4.261904761904762,179,0.7142857142857143,3.2732683535398857,0.9099780689616576,0.9478458049886621,283.4467120181406,21,0.5,11.9,7,0.16666666666666666,25,0.5952380952380952,21,0.5,0.30952380952380953,0.2619047619047619,0.0,0.047619047619047616,4.631027697754069,5,41
1044,56,38,3.9642857142857144,222,0.6785714285714286,3.5906624935876583,0.9036691546974007,0.9610969387755103,210.4591836734694,31,0.5535714285714286,12.192307692307692,7,0.125,28,0.5,25,0.44642857142857145,0.2857142857142857,0.19642857142857142,0.05357142857142857,0.017857142857142856,5.003434386188788,6,55
1045,80,38,3.8125,305,0.475,3.00416377715996,0.8301150273581351,0.950625,368.75,40,0.5,14.347826086956522,9,0.1125,22,0.275,40,0.5,0.3125,0.15,0.0375,0.0125,4.811331403331342,11,79
1046,88,43,4.0,352,0.48863636363636365,3.241246954210959,0.8400529760305505,0.946797520661157,418.3884297520661,44,0.5,15.333333333333334,9,0.10227272727272728,27,0.3068181818181818,44,0.5,0.2727272727272727,0.17045454545454544,0.011363636363636364,0.11363636363636363,4.879959421131419,14,87
1047,75,41,3.6933333333333334,277,0.5466666666666666,3.347635981803677,0.8601232867466183,0.9493333333333334,373.3333333333333,38,0.5066666666666667,13.384615384615385,5,0.06666666666666667,28,0.37333333333333335,37,0.49333333333333335,0.30666666666666664,0.14666666666666667,0.013333333333333334,0.05333333333333334,4.900168817272624,12,74
1048,74,51,4.594594594594595,340,0.6891891891891891,4.192174176286611,0.9135144445032707,0.9700511322132943,164.35354273192112,41,0.5540540540540541,12.2,12,0.16216216216216217,39,0.527027027027027,33,0.44594594594594594,0.28378378378378377,0.16216216216216217,0.06756756756756757,0.05405405405405406,5.416601548560614,7,73
1049,59,43,4.338983050847458,256,0.7288135593220338,3.9584708569627907,0.9224195160525247,0.9669635162309681,160.87331226659006,31,0.5254237288135594,13.384615384615385,10,0.1694915254237288,33,0.559322033898305,28,0.4745762711864407,0.2711864406779661,0.2711864406779661,0.0,0.05084745762711865,5.221294744130415,6,58
1050,89,56,4.078651685393258,363,0.6292134831460674,4.197377458376824,0.8967872108952687,0.9703320287842445,184.32016159575812,46,0.5168539325842697,16.81081081081081,9,0.10112359550561797,42,0.47191011235955055,43,0.48314606741573035,0.2696629213483146,0.20224719101123595,0.02247191011235955,0.0449438202247191,5.473089685125088,7,88
1051,94,64,4.3936170212765955,413,0.6808510638297872,4.667679727932626,0.9153892236069556,0.9710276143051154,183.34087822544137,47,0.5,13.0,17,0.18085106382978725,53,0.5638297872340425,47,0.5,0.22340425531914893,0.19148936170212766,0.031914893617021274,0.05319148936170213,5.632556570155744,8,93
1052,82,57,4.304878048780488,353,0.6951219512195121,4.450952213825273,0.9174742117607169,0.9684711481261155,193.3372992266508,43,0.524390243902439,12.525,14,0.17073170731707318,46,0.5609756097560976,39,0.47560975609756095,0.25609756097560976,0.18292682926829268,0.06097560975609756,0.04878048780487805,5.498937712464833,8,81
1053,104,67,4.298076923076923,447,0.6442307692307693,4.645614143386294,0.9053270301103002,0.976146449704142,142.38165680473372,46,0.4423076923076923,12.414634146341463,13,0.125,51,0.49038461538461536,58,0.5576923076923077,0.17307692307692307,0.21153846153846154,0.04807692307692308,0.0673076923076923,5.756795819223618,6,103
1054,66,40,3.727272727272727,246,0.6060606060606061,3.481553119113957,0.8804733757917539,0.9614325068870524,234.15977961432506,36,0.5454545454545454,12.592592592592593,3,0.045454545454545456,25,0.3787878787878788,30,0.45454545454545453,0.3333333333333333,0.15151515151515152,0.030303030303030304,0.015151515151515152,5.044151506767495,7,65
1055,54,41,4.111111111111111,222,0.7592592592592593,3.9452268394624426,0.930956861034032,0.9650205761316872,164.6090534979424,27,0.5,11.24,8,0.14814814814814814,35,0.6481481481481481,27,0.5,0.3148148148148148,0.2222222222222222,0.018518518518518517,0.018518518518518517,5.1415649932974725,5,53
1056,67,49,4.014925373134329,269,0.7313432835820896,4.232955285348664,0.9255897280487396,0.9512140788594341,338.6054800623747,39,0.582089552238806,15.973684210526315,9,0.13432835820895522,43,0.6417910447761194,28,0.417910447761194,0.34328358208955223,0.19402985074626866,0.029850746268656716,0.014925373134328358,5.185200384358457,12,66
1057,53,40,4.320754716981132,229,0.7547169811320755,3.8851434494290564,0.9291204612744928,0.9619081523673906,192.23923104307582,30,0.5660377358490566,14.413793103448276,8,0.1509433962264151,34,0.6415094339622641,23,0.4339622641509434,0.2830188679245283,0.2641509433962264,0.018867924528301886,0.0,5.081417388403001,6,52
1058,78,47,3.8846153846153846,303,0.6025641025641025,3.763011614419548,0.8837284645059836,0.962853385930309,243.2610124917817,43,0.5512820512820513,15.441176470588236,5,0.0641025641025641,35,0.44871794871794873,35,0.44871794871794873,0.32051282051282054,0.15384615384615385,0.11538461538461539,0.01282051282051282,5.183707867684083,7,77
1059,72,42,3.9583333333333335,285,0.5833333333333334,3.5,0.87396806630846,0.9614197530864197,246.91358024691357,40,0.5555555555555556,12.633333333333333,8,0.1111111111111111,28,0.3888888888888889,32,0.4444444444444444,0.2777777777777778,0.2222222222222222,0.125,0.0,5.064013155533421,7,71
1060,80,56,4.375,350,0.7,4.427188724235731,0.9186050260132032,0.97125,162.5,40,0.5,11.2,12,0.15,44,0.55,40,0.5,0.25,0.1875,0.1,0.0375,5.526607433569355,7,79
1061,87,67,4.333333333333333,377,0.7701149425287356,5.079256891978653,0.9415089848865246,0.9808429118773946,76.62835249042146,41,0.47126436781609193,13.948717948717949,10,0.11494252873563218,54,0.6206896551724138,46,0.5287356321839081,0.1839080459770115,0.20689655172413793,0.06896551724137931,0.10344827586206896,5.911165765889065,4,86
1062,92,65,4.489130434782608,413,0.7065217391304348,4.7918635750341565,0.923171704905292,0.9782608695652174,108.69565217391305,45,0.4891304347826087,13.051282051282051,15,0.16304347826086957,49,0.532608695652174,47,0.5108695652173914,0.21739130434782608,0.20652173913043478,0.08695652173913043,0.05434782608695652,5.808622417895962,6,91
1063,81,55,4.617283950617284,374,0.6790123456790124,4.321208107251124,0.9119079648405163,0.9745465630239293,131.0775796372504,48,0.5925925925925926,11.375,15,0.18518518518518517,39,0.48148148148148145,33,0.4074074074074074,0.2345679012345679,0.2345679012345679,0.13580246913580246,0.012345679012345678,5.56788302741572,6,80
1064,85,56,4.882352941176471,415,0.6588235294117647,4.295003937545274,0.906069699901488,0.9757785467128027,124.5674740484429,57,0.6705882352941176,9.113636363636363,21,0.24705882352941178,38,0.4470588235294118,28,0.32941176470588235,0.2,0.25882352941176473,0.2,0.03529411764705882,5.601988695160166,5,84
1065,120,67,4.333333333333333,520,0.5583333333333333,4.324831403264949,0.8782662916819128,0.9731944444444445,184.72222222222223,67,0.5583333333333333,8.94,18,0.15,45,0.375,53,0.44166666666666665,0.275,0.16666666666666666,0.13333333333333333,0.041666666666666664,5.675436949685048,8,119
1066,70,49,4.4714285714285715,313,0.7,4.141255848169731,0.9160467592364109,0.969795918367347,159.18367346938774,42,0.6,14.117647058823529,8,0.11428571428571428,36,0.5142857142857142,28,0.4,0.34285714285714286,0.21428571428571427,0.04285714285714286,0.014285714285714285,5.387623774646489,7,69
1067,84,54,4.214285714285714,354,0.6428571428571429,4.166190448976481,0.9002818729958816,0.9634353741496599,246.59863945578232,40,0.47619047619047616,12.264705882352942,6,0.07142857142857142,39,0.4642857142857143,44,0.5238095238095238,0.17857142857142858,0.21428571428571427,0.047619047619047616,0.11904761904761904,5.370727690301081,9,83
1068,54,32,4.333333333333333,234,0.5925925925925926,3.079201435678004,0.8688267143571999,0.938957475994513,425.2400548696845,32,0.5925925925925926,9.541666666666666,3,0.05555555555555555,23,0.42592592592592593,22,0.4074074074074074,0.2962962962962963,0.2222222222222222,0.037037037037037035,0.05555555555555555,4.578056483244309,9,53
1069,59,31,4.593220338983051,271,0.5254237288135594,2.8537813154848024,0.8421718382053309,0.9250215455328928,580.2930192473427,35,0.5932203389830508,11.181818181818182,5,0.0847457627118644,20,0.3389830508474576,24,0.4067796610169492,0.3389830508474576,0.1694915254237288,0.03389830508474576,0.05084745762711865,4.439841924878991,13,58
1070,49,24,3.979591836734694,195,0.4897959183673469,2.424366106925306,0.8165982976888231,0.9279466888796335,516.451478550604,32,0.6530612244897959,9.235294117647058,8,0.16326530612244897,15,0.30612244897959184,17,0.3469387755102041,0.3469387755102041,0.24489795918367346,0.061224489795918366,0.02040816326530612,4.170405763846494,7,48
1071,58,36,4.017241379310345,233,0.6206896551724138,3.342516087186934,0.8825438330616715,0.9506539833531509,321.04637336504163,37,0.6379310344827587,13.592592592592593,6,0.10344827586206896,28,0.4827586206896552,21,0.3620689655172414,0.25862068965517243,0.29310344827586204,0.05172413793103448,0.017241379310344827,4.790461219939752,7,57
1072,65,49,4.369230769230769,284,0.7538461538461538,4.297584294604444,0.9323093538007855,0.9732544378698225,113.6094674556213,36,0.5538461538461539,15.515151515151516,10,0.15384615384615385,39,0.6,29,0.4461538461538462,0.24615384615384617,0.2,0.09230769230769231,0.09230769230769231,5.445294351423427,4,64
1073,50,31,3.62,181,0.62,3.1,0.8778034279758328,0.9472,328.0,31,0.62,15.043478260869565,4,0.08,22,0.44,19,0.38,0.4,0.2,0.0,0.02,4.633269689515108,6,49
1074,49,35,4.0,196,0.7142857142857143,3.5355339059327378,0.9135437376734581,0.9596001665972511,199.91670137442733,32,0.6530612244897959,14.071428571428571,2,0.04081632653061224,27,0.5510204081632653,17,0.3469387755102041,0.42857142857142855,0.1836734693877551,0.0,0.02040816326530612,4.91339294663357,5,48
1075,58,34,3.8620689655172415,224,0.5862068965517241,3.156820749009882,0.868466942020106,0.9429250891795481,398.33531510107014,31,0.5344827586206896,14.304347826086957,4,0.06896551724137931,23,0.39655172413793105,27,0.46551724137931033,0.3275862068965517,0.20689655172413793,0.0,0.0,4.686012573557968,10,57
1076,42,35,4.0,168,0.8333333333333334,3.8188130791298667,0.9512205263134811,0.9569160997732425,192.7437641723356,24,0.5714285714285714,8.695652173913043,4,0.09523809523809523,32,0.7619047619047619,18,0.42857142857142855,0.30952380952380953,0.19047619047619047,0.11904761904761904,0.0,4.927798970294787,6,41
1077,54,38,4.222222222222222,228,0.7037037037037037,3.65655170486763,0.9119079237379881,0.967764060356653,137.17421124828533,29,0.5370370370370371,12.166666666666666,6,0.1111111111111111,25,0.46296296296296297,25,0.46296296296296297,0.2037037037037037,0.2037037037037037,0.09259259259259259,0.07407407407407407,5.111278474345625,4,53
1078,56,42,4.535714285714286,254,0.75,3.9686269665968856,0.9285324377708617,0.9706632653061225,114.79591836734694,31,0.5535714285714286,8.576923076923077,9,0.16071428571428573,31,0.5535714285714286,25,0.44642857142857145,0.21428571428571427,0.26785714285714285,0.08928571428571429,0.03571428571428571,5.258160502376117,4,55
1079,77,49,4.285714285714286,330,0.6363636363636364,3.948532523724363,0.8959471984014016,0.9610389610389611,259.7402597402597,39,0.5064935064935064,13.06060606060606,13,0.16883116883116883,37,0.4805194805194805,38,0.4935064935064935,0.2857142857142857,0.15584415584415584,0.03896103896103896,0.03896103896103896,5.233230580623814,10,76
1080,103,68,4.252427184466019,438,0.6601941747572816,4.737784497183,0.9104108818211323,0.976152323498916,141.38938637006316,58,0.5631067961165048,13.74,14,0.13592233009708737,54,0.5242718446601942,45,0.4368932038834951,0.2524271844660194,0.1650485436893204,0.10679611650485436,0.07766990291262135,5.770590853128496,6,102
1081,70,45,4.4714285714285715,313,0.6428571428571429,3.8031941462783245,0.8960025309888516,0.9661224489795919,195.91836734693877,40,0.5714285714285714,13.290322580645162,11,0.15714285714285714,33,0.4714285714285714,30,0.42857142857142855,0.2857142857142857,0.24285714285714285,0.07142857142857142,0.0,5.21301208141043,6,69
1082,94,57,3.5851063829787235,337,0.6063829787234043,4.157152257689995,0.8898941102418381,0.9594839293798098,298.77772747849707,44,0.46808510638297873,13.925,5,0.05319148936170213,45,0.4787234042553192,50,0.5319148936170213,0.26595744680851063,0.20212765957446807,0.0425531914893617,0.010638297872340425,5.331189178002998,13,93
1083,54,39,4.296296296296297,232,0.7222222222222222,3.7527767497325675,0.9184197287740683,0.9636488340192044,178.32647462277092,29,0.5370370370370371,10.296296296296296,12,0.2222222222222222,31,0.5740740740740741,25,0.46296296296296297,0.35185185185185186,0.12962962962962962,0.1111111111111111,0.0,5.0674909192234,5,53
1084,70,46,4.5285714285714285,317,0.6571428571428571,3.8877095717511763,0.9011758701281402,0.9681632653061225,175.51020408163265,41,0.5857142857142857,12.727272727272727,13,0.18571428571428572,33,0.4714285714285714,29,0.4142857142857143,0.37142857142857144,0.18571428571428572,0.02857142857142857,0.0,5.275362481076149,6,69
1085,128,71,4.03125,516,0.5546875,4.4375,0.8785353027863833,0.96484375,273.4375,59,0.4609375,13.244444444444444,13,0.1015625,49,0.3828125,69,0.5390625,0.21875,0.2265625,0.0390625,0.0234375,5.619957939083381,17,127
1086,39,29,3.769230769230769,147,0.7435897435897436,3.283603399019327,0.9191317508042588,0.9493754109138725,249.83563445101908,20,0.5128205128205128,14.105263157894736,4,0.10256410256410256,24,0.6153846153846154,19,0.48717948717948717,0.38461538461538464,0.1794871794871795,0.0,0.0,4.628744770799765,5,38
1087,53,30,3.943396226415094,209,0.5660377358490566,2.913857587071792,0.8566617910518293,0.9426842292630829,384.47846208615164,31,0.5849056603773585,12.454545454545455,7,0.1320754716981132,19,0.3584905660377358,22,0.41509433962264153,0.32075471698113206,0.18867924528301888,0.03773584905660377,0.018867924528301886,4.551231247457531,8,52
1088,64,37,4.046875,259,0.578125,3.270368862987782,0.8682422276048251,0.947265625,371.09375,35,0.546875,19.208333333333332,11,0.171875,25,0.390625,29,0.453125,0.296875,0.1875,0.015625,0.0625,4.793852353126395,10,63
1089,48,31,4.25,204,0.6458333333333334,3.163924251094939,0.8870599059075448,0.9574652777777778,217.01388888888889,32,0.6666666666666666,13.347826086956522,4,0.08333333333333333,20,0.4166666666666667,16,0.3333333333333333,0.3958333333333333,0.22916666666666666,0.020833333333333332,0.020833333333333332,4.761842188131014,4,47
1090,52,36,4.019230769230769,209,0.6923076923076923,3.530090432487313,0.9069344220919539,0.9571005917159763,236.68639053254438,30,0.5769230769230769,14.2,6,0.11538461538461539,29,0.5576923076923077,22,0.4230769230769231,0.36538461538461536,0.23076923076923078,0.0,0.0,4.897085150625375,6,51
1091,44,32,4.136363636363637,182,0.7272727272727273,3.4112114616897666,0.9158462545681681,0.9576446280991736,196.28099173553719,24,0.5454545454545454,13.761904761904763,4,0.09090909090909091,24,0.5454545454545454,20,0.45454545454545453,0.29545454545454547,0.22727272727272727,0.0,0.045454545454545456,4.814783255532745,5,43
1092,77,45,4.285714285714286,330,0.5844155844155844,3.626203338114211,0.8763427732326594,0.9549671108112667,320.4587620172036,36,0.4675324675324675,13.033333333333333,10,0.12987012987012986,34,0.44155844155844154,41,0.5324675324675324,0.22077922077922077,0.16883116883116883,0.06493506493506493,0.1038961038961039,5.036331107133809,10,76
1093,42,24,4.642857142857143,195,0.5714285714285714,2.618614682831909,0.850276818154826,0.9365079365079365,396.8253968253968,25,0.5952380952380952,11.0,9,0.21428571428571427,14,0.3333333333333333,17,0.40476190476190477,0.3333333333333333,0.2619047619047619,0.047619047619047616,0.023809523809523808,4.3000721137090645,6,41
1094,68,41,3.8970588235294117,265,0.6029411764705882,3.515720995421431,0.8800960505769042,0.9628027681660899,224.9134948096886,34,0.5,8.043478260869565,6,0.08823529411764706,26,0.38235294117647056,34,0.5,0.27941176470588236,0.22058823529411764,0.08823529411764706,0.014705882352941176,5.083335268640137,7,67
1095,69,40,3.971014492753623,274,0.5797101449275363,3.4050261230349945,0.8712297270058433,0.9628229363579079,226.8431001890359,37,0.5362318840579711,12.192307692307692,6,0.08695652173913043,26,0.37681159420289856,32,0.463768115942029,0.2608695652173913,0.17391304347826086,0.10144927536231885,0.014492753623188406,5.0411514061731735,6,68
1096,85,56,4.08235294117647,347,0.6588235294117647,4.295003937545274,0.906069699901488,0.9743944636678201,138.4083044982699,44,0.5176470588235295,15.36111111111111,7,0.08235294117647059,42,0.49411764705882355,41,0.4823529411764706,0.21176470588235294,0.16470588235294117,0.12941176470588237,0.03529411764705882,5.559218436061347,4,84
1097,73,48,4.273972602739726,312,0.6575342465753424,3.972508265291366,0.9022812274556125,0.9697879527115781,165.13417151435542,38,0.5205479452054794,10.774193548387096,8,0.1095890410958904,34,0.4657534246575342,35,0.4794520547945205,0.273972602739726,0.1506849315068493,0.1095890410958904,0.0547945205479452,5.343599387498964,6,72
1098,42,34,4.619047619047619,194,0.8095238095238095,3.709704134011871,0.9434650155718534,0.9659863945578231,102.04081632653062,26,0.6190476190476191,14.434782608695652,8,0.19047619047619047,27,0.6428571428571429,16,0.38095238095238093,0.35714285714285715,0.19047619047619047,0.07142857142857142,0.023809523809523808,4.993391529870108,3,41
1099,63,45,3.8412698412698414,242,0.7142857142857143,4.008918628686366,0.918788005015163,0.9669942050894432,171.32779037540942,32,0.5079365079365079,12.866666666666667,6,0.09523809523809523,36,0.5714285714285714,31,0.49206349206349204,0.2698412698412698,0.20634920634920634,0.0,0.031746031746031744,5.247531217927901,5,62
1100,62,46,4.225806451612903,262,0.7419354838709677,4.130921946615823,0.9276754860133455,0.9640998959417274,197.71071800208117,36,0.5806451612903226,12.93939393939394,9,0.14516129032258066,39,0.6290322580645161,26,0.41935483870967744,0.3225806451612903,0.1774193548387097,0.04838709677419355,0.016129032258064516,5.24426062601585,7,61
1101,63,47,4.174603174603175,263,0.746031746031746,4.187092789961315,0.9292837081026686,0.9725371630133535,115.89821113630637,33,0.5238095238095238,13.133333333333333,8,0.12698412698412698,36,0.5714285714285714,30,0.47619047619047616,0.30158730158730157,0.14285714285714285,0.06349206349206349,0.047619047619047616,5.3938690107671645,4,62
1102,185,103,3.972972972972973,735,0.5567567567567567,5.354715022573375,0.8878185977217555,0.9781154127100072,164.7918188458729,85,0.4594594594594595,17.53968253968254,17,0.0918918918918919,72,0.3891891891891892,100,0.5405405405405406,0.21081081081081082,0.22702702702702704,0.043243243243243246,0.05945945945945946,6.185685276150709,15,184
1103,114,67,3.912280701754386,446,0.5877192982456141,4.437183396167897,0.8877779647971248,0.9722991689750693,189.28901200369344,56,0.49122807017543857,13.232558139534884,7,0.06140350877192982,47,0.41228070175438597,58,0.5087719298245614,0.2719298245614035,0.19298245614035087,0.02631578947368421,0.05263157894736842,5.672759809002194,10,113
1104,33,21,4.606060606060606,152,0.6363636363636364,2.584921310565987,0.8707324048933305,0.9329660238751147,367.30945821854914,17,0.5151515151515151,12.076923076923077,7,0.21212121212121213,15,0.45454545454545453,16,0.48484848484848486,0.24242424242424243,0.30303030303030304,0.030303030303030304,0.0,4.150158513166728,4,32
1105,43,23,3.604651162790698,155,0.5348837209302325,2.4801537836790835,0.8336419545576258,0.9204975662520283,562.466197944835,21,0.4883720930232558,10.307692307692308,6,0.13953488372093023,16,0.37209302325581395,22,0.5116279069767442,0.27906976744186046,0.3023255813953488,0.046511627906976744,0.0,4.097906255195964,8,42
1106,55,40,4.090909090909091,225,0.7272727272727273,3.8138503569823694,0.9205322551436259,0.9659504132231406,158.67768595041323,31,0.5636363636363636,13.307692307692308,8,0.14545454545454545,31,0.5636363636363636,24,0.43636363636363634,0.2727272727272727,0.2545454545454545,0.03636363636363636,0.03636363636363636,5.12909965932598,5,54
1107,43,36,4.488372093023256,193,0.8372093023255814,3.881979835323783,0.9527594459821268,0.9680908599242833,86.53326122228232,23,0.5348837209302325,9.545454545454545,7,0.16279069767441862,30,0.6976744186046512,20,0.46511627906976744,0.2558139534883721,0.16279069767441862,0.11627906976744186,0.06976744186046512,5.083127836047133,3,42
1108,38,28,3.973684210526316,151,0.7368421052631579,3.2118202741878643,0.9160482704348776,0.9473684210526316,263.1578947368421,17,0.4473684210526316,16.2,6,0.15789473684210525,23,0.6052631578947368,21,0.5526315789473685,0.3157894736842105,0.18421052631578946,0.0,0.02631578947368421,4.5739896062215655,5,37
1109,51,29,4.450980392156863,227,0.5686274509803921,2.8714278746323556,0.8564204378649686,0.940407535563245,399.8462129950019,26,0.5098039215686274,9.523809523809524,12,0.23529411764705882,20,0.39215686274509803,25,0.49019607843137253,0.23529411764705882,0.27450980392156865,0.058823529411764705,0.0,4.482797215244887,7,50
1110,43,32,4.558139534883721,196,0.7441860465116279,3.450648742510029,0.9214441657435309,0.9583558680367766,183.8831800973499,24,0.5581395348837209,13.8,5,0.11627906976744186,26,0.6046511627906976,19,0.4418604651162791,0.27906976744186046,0.20930232558139536,0.09302325581395349,0.023255813953488372,4.815458649899995,4,42
1111,45,31,4.7555555555555555,214,0.6888888888888889,3.2676869155073254,0.9020992046742606,0.9560493827160493,217.28395061728395,28,0.6222222222222222,12.1,13,0.28888888888888886,23,0.5111111111111111,17,0.37777777777777777,0.28888888888888886,0.28888888888888886,0.022222222222222223,0.0,4.747191429566855,4,44
1112,71,48,3.816901408450704,271,0.676056338028169,4.028070519824108,0.9081613263426326,0.9648879190636779,210.27573894068638,39,0.5492957746478874,13.88888888888889,8,0.11267605633802817,40,0.5633802816901409,32,0.4507042253521127,0.323943661971831,0.22535211267605634,0.056338028169014086,0.014084507042253521,5.250472873984056,6,70
1113,65,44,4.092307692307692,266,0.676923076923077,3.8590552849509288,0.9065257699515907,0.9628402366863905,217.75147928994082,30,0.46153846153846156,10.5,9,0.13846153846153847,36,0.5538461538461539,35,0.5384615384615384,0.2923076923076923,0.2,0.015384615384615385,0.03076923076923077,5.145541375187058,6,64
1114,67,40,4.223880597014926,283,0.5970149253731343,3.4554737023254405,0.8773244058559165,0.9521051459122298,329.69480953441746,35,0.5223880597014925,8.423076923076923,8,0.11940298507462686,28,0.417910447761194,32,0.47761194029850745,0.2537313432835821,0.1791044776119403,0.08955223880597014,0.0,4.917795205837658,9,66
1115,89,49,3.9887640449438204,355,0.550561797752809,3.672705276079721,0.8670384449838764,0.9640196944830198,247.44350460800405,45,0.5056179775280899,13.029411764705882,9,0.10112359550561797,34,0.38202247191011235,44,0.4943820224719101,0.29213483146067415,0.1797752808988764,0.033707865168539325,0.02247191011235955,5.2215434428452605,9,88
1116,84,47,4.178571428571429,351,0.5595238095238095,3.6261287241091598,0.8689475951059765,0.9580498866213151,300.45351473922904,44,0.5238095238095238,11.882352941176471,10,0.11904761904761904,36,0.42857142857142855,40,0.47619047619047616,0.20238095238095238,0.2619047619047619,0.03571428571428571,0.03571428571428571,5.075112626182401,8,83
1117,50,38,4.14,207,0.76,3.8,0.9298478446264339,0.9664,136.0,26,0.52,16.125,6,0.12,30,0.6,24,0.48,0.26,0.24,0.04,0.0,5.093660689688188,4,49
1118,34,28,4.029411764705882,137,0.8235294117647058,3.395498750508662,0.9449415302021363,0.9480968858131488,224.9134948096886,18,0.5294117647058824,10.055555555555555,5,0.14705882352941177,26,0.7647058823529411,16,0.47058823529411764,0.29411764705882354,0.2647058823529412,0.029411764705882353,0.0,4.606153194879742,5,33
1119,32,23,3.78125,121,0.71875,2.875,0.9047123912114026,0.943359375,253.90625,17,0.53125,10.6,3,0.09375,17,0.53125,15,0.46875,0.25,0.3125,0.03125,0.0,4.351409765557392,4,31
1120,50,35,3.98,199,0.7,3.5,0.9088259594987488,0.9560000000000001,240.0,25,0.5,13.772727272727273,8,0.16,29,0.58,25,0.5,0.24,0.3,0.0,0.02,4.8541773206674454,5,49
1121,32,22,4.21875,135,0.6875,2.75,0.8918863237274595,0.94140625,273.4375,19,0.59375,8.866666666666667,3,0.09375,15,0.46875,13,0.40625,0.3125,0.09375,0.125,0.0,4.288909765557392,4,31
1122,52,40,4.384615384615385,228,0.7692307692307693,3.922322702763681,0.9335995744242056,0.9674556213017752,133.1360946745562,31,0.5961538461538461,12.12,6,0.11538461538461539,33,0.6346153846153846,21,0.40384615384615385,0.3076923076923077,0.19230769230769232,0.09615384615384616,0.038461538461538464,5.156888516093201,4,51
1123,65,41,4.015384615384615,261,0.6307692307692307,3.59593787915882,0.8896088998463122,0.9637869822485208,208.28402366863907,35,0.5384615384615384,15.8,5,0.07692307692307693,29,0.4461538461538462,30,0.46153846153846156,0.27692307692307694,0.24615384615384617,0.06153846153846154,0.06153846153846154,5.088074644517679,5,64
1124,86,57,4.0813953488372094,351,0.6627906976744186,4.346209254479233,0.9076641310018883,0.9756625202812331,127.09572742022715,44,0.5116279069767442,12.59375,4,0.046511627906976744,39,0.45348837209302323,42,0.4883720930232558,0.27906976744186046,0.19767441860465115,0.03488372093023256,0.05813953488372093,5.620634376619026,6,85
1125,66,46,4.46969696969697,295,0.696969696969697,4.003786086981051,0.9138321967402218,0.970615243342516,142.33241505968778,37,0.5606060606060606,14.928571428571429,14,0.21212121212121213,34,0.5151515151515151,29,0.4393939393939394,0.25757575757575757,0.25757575757575757,0.09090909090909091,0.06060606060606061,5.324549043535323,4,65
1126,46,33,3.9782608695652173,183,0.717391304347826,3.440487831941734,0.9132502105506185,0.9612476370510398,170.13232514177693,20,0.43478260869565216,13.777777777777779,3,0.06521739130434782,24,0.5217391304347826,26,0.5652173913043478,0.2391304347826087,0.2391304347826087,0.021739130434782608,0.08695652173913043,4.882045108136861,4,45
1127,35,25,4.285714285714286,150,0.7142857142857143,2.988071523335984,0.9053616605738856,0.937142857142857,342.85714285714283,19,0.5428571428571428,12.352941176470589,8,0.22857142857142856,20,0.5714285714285714,16,0.45714285714285713,0.37142857142857144,0.17142857142857143,0.0,0.0,4.378864088188095,6,34
1128,52,29,4.0576923076923075,211,0.5576923076923077,2.8436839595036685,0.852211624950181,0.9326923076923077,480.7692307692308,26,0.5,14.68421052631579,6,0.11538461538461539,19,0.36538461538461536,26,0.5,0.36538461538461536,0.1346153846153846,0.0,0.0,4.441133113230245,10,51
1129,59,41,4.593220338983051,271,0.6949152542372882,3.774355933383126,0.9107389246062243,0.9612180407928755,218.32806664751507,34,0.576271186440678,10.172413793103448,16,0.2711864406779661,33,0.559322033898305,25,0.423728813559322,0.2542372881355932,0.3050847457627119,0.03389830508474576,0.06779661016949153,5.0712141852783255,6,58
1130,39,30,4.0256410256410255,157,0.7692307692307693,3.396831102433787,0.9283854647990804,0.9572649572649573,170.94017094017093,25,0.6410256410256411,14.818181818181818,3,0.07692307692307693,24,0.6153846153846154,14,0.358974358974359,0.28205128205128205,0.20512820512820512,0.10256410256410256,0.05128205128205128,4.753225616242672,4,38
1131,62,40,4.048387096774194,251,0.6451612903225806,3.5921060405354983,0.8938113252335089,0.9573361082206036,265.34859521331947,34,0.5483870967741935,11.2,6,0.0967741935483871,31,0.5,28,0.45161290322580644,0.27419354838709675,0.22580645161290322,0.016129032258064516,0.016129032258064516,4.983538093171003,7,61
1132,58,41,4.086206896551724,237,0.7068965517241379,3.8067544326295635,0.9145731283652637,0.9678953626634959,148.63258026159335,31,0.5344827586206896,16.115384615384617,8,0.13793103448275862,31,0.5344827586206896,27,0.46551724137931033,0.2413793103448276,0.20689655172413793,0.08620689655172414,0.017241379310344827,5.172214831147961,4,57
1133,86,57,4.174418604651163,359,0.6627906976744186,4.346209254479233,0.9076641310018883,0.9691725256895619,191.9956733369389,41,0.47674418604651164,11.472222222222221,11,0.12790697674418605,44,0.5116279069767442,45,0.5232558139534884,0.16279069767441862,0.23255813953488372,0.06976744186046512,0.05813953488372093,5.4922819765920945,7,85
1134,88,61,4.318181818181818,380,0.6931818181818182,4.598048004810895,0.9181515786080964,0.9705578512396694,180.78512396694214,47,0.5340909090909091,14.209302325581396,12,0.13636363636363635,48,0.5454545454545454,41,0.4659090909090909,0.2159090909090909,0.20454545454545456,0.045454545454545456,0.07954545454545454,5.61580853957449,10,87
1135,64,39,4.203125,269,0.609375,3.447145558284419,0.8809003698103748,0.9638671875,205.078125,32,0.5,13.416666666666666,6,0.09375,25,0.390625,32,0.5,0.1875,0.234375,0.015625,0.03125,5.045009133144316,5,63
1136,87,49,4.712643678160919,410,0.5632183908045977,3.7146804135366267,0.8714510452765631,0.9673668912670103,211.38855859426607,50,0.5747126436781609,11.25,19,0.21839080459770116,33,0.3793103448275862,37,0.42528735632183906,0.19540229885057472,0.28735632183908044,0.011494252873563218,0.034482758620689655,5.279054059455836,6,86
1137,53,39,3.8867924528301887,206,0.7358490566037735,3.78801486319333,0.9227436485525188,0.9619081523673906,192.23923104307582,28,0.5283018867924528,13.538461538461538,6,0.11320754716981132,31,0.5849056603773585,25,0.4716981132075472,0.33962264150943394,0.22641509433962265,0.03773584905660377,0.0,5.057924699764576,6,52
1138,81,49,4.074074074074074,330,0.6049382716049383,3.849803586460092,0.8856218745807111,0.9687547629934461,188.995579942082,44,0.5432098765432098,11.294117647058824,14,0.1728395061728395,34,0.41975308641975306,37,0.4567901234567901,0.2716049382716049,0.2345679012345679,0.037037037037037035,0.07407407407407407,5.323754169257482,6,80
1139,50,38,4.62,231,0.76,3.8,0.9298478446264339,0.9656,144.0,26,0.52,16.791666666666668,11,0.22,30,0.6,24,0.48,0.26,0.26,0.0,0.02,5.0838561897747265,4,49
1140,44,28,4.340909090909091,191,0.6363636363636364,2.9848100289785457,0.8805595999492608,0.9524793388429752,247.93388429752065,29,0.6590909090909091,14.047619047619047,7,0.1590909090909091,18,0.4090909090909091,15,0.3409090909090909,0.3181818181818182,0.22727272727272727,0.13636363636363635,0.022727272727272728,4.606936732175321,4,43
1141,42,30,4.595238095238095,193,0.7142857142857143,3.2732683535398857,0.9099780689616576,0.9546485260770975,215.41950113378684,28,0.6666666666666666,11.090909090909092,9,0.21428571428571427,23,0.5476190476190477,14,0.3333333333333333,0.35714285714285715,0.23809523809523808,0.09523809523809523,0.023809523809523808,4.707677244155821,4,41
1142,39,27,4.102564102564102,160,0.6923076923076923,3.057147992190408,0.8996264248716005,0.9559500328731099,184.08941485864563,22,0.5641025641025641,13.235294117647058,3,0.07692307692307693,17,0.4358974358974359,17,0.4358974358974359,0.2564102564102564,0.20512820512820512,0.10256410256410256,0.10256410256410256,4.631305423879506,3,38
1143,63,41,4.126984126984127,260,0.6507936507936508,3.6525703061364667,0.8963194083574123,0.963970773494583,201.5621063240111,34,0.5396825396825397,10.464285714285714,11,0.1746031746031746,29,0.4603174603174603,29,0.4603174603174603,0.23809523809523808,0.2857142857142857,0.031746031746031744,0.06349206349206349,5.103953732886363,6,62
1144,62,45,4.661290322580645,289,0.7258064516129032,4.041119295602436,0.9223500217400189,0.9667013527575442,171.6961498439126,38,0.6129032258064516,16.09375,13,0.20967741935483872,35,0.5645161290322581,24,0.3870967741935484,0.2903225806451613,0.24193548387096775,0.08064516129032258,0.016129032258064516,5.258721867181007,6,61
1145,41,35,4.2926829268292686,176,0.8536585365853658,3.8651034126196286,0.9573930430397399,0.9660916121356335,95.18143961927424,21,0.5121951219512195,9.0,6,0.14634146341463414,31,0.7560975609756098,20,0.4878048780487805,0.24390243902439024,0.2926829268292683,0.07317073170731707,0.0,5.028045297195474,3,40
1146,65,45,4.338461538461538,282,0.6923076923076923,3.9467610868816316,0.9119092800092525,0.9685207100591716,160.9467455621302,37,0.5692307692307692,15.09375,9,0.13846153846153847,33,0.5076923076923077,28,0.4307692307692308,0.26153846153846155,0.23076923076923078,0.06153846153846154,0.015384615384615385,5.272690029133063,5,64
1147,72,42,4.277777777777778,308,0.5833333333333334,3.5,0.87396806630846,0.9625771604938271,235.3395061728395,39,0.5416666666666666,15.153846153846153,7,0.09722222222222222,28,0.3888888888888889,33,0.4583333333333333,0.2222222222222222,0.2222222222222222,0.013888888888888888,0.041666666666666664,5.082693405088233,7,71
1148,75,49,4.48,336,0.6533333333333333,4.000833246545858,0.901408456900873,0.9681777777777778,184.88888888888889,45,0.6,12.323529411764707,9,0.12,36,0.48,30,0.4,0.3333333333333333,0.18666666666666668,0.08,0.05333333333333334,5.335011191300453,7,74
1149,54,32,4.648148148148148,251,0.5925925925925926,3.079201435678004,0.8688267143571999,0.9417009602194787,397.8052126200274,32,0.5925925925925926,11.217391304347826,10,0.18518518518518517,22,0.4074074074074074,22,0.4074074074074074,0.2962962962962963,0.18518518518518517,0.018518518518518517,0.05555555555555555,4.613244159723754,9,53
1150,47,29,4.51063829787234,212,0.6170212765957447,2.991121614150501,0.8745887634258168,0.9479402444545043,307.8315980081485,22,0.46808510638297873,6.764705882352941,7,0.14893617021276595,20,0.425531914893617,25,0.5319148936170213,0.2553191489361702,0.3404255319148936,0.0,0.0,4.57641505484706,5,46
1151,58,38,4.224137931034483,245,0.6551724137931034,3.5282114253639856,0.8958594296923456,0.960166468489893,225.92152199762188,29,0.5,7.458333333333333,8,0.13793103448275862,25,0.43103448275862066,29,0.5,0.3103448275862069,0.2413793103448276,0.05172413793103448,0.0,5.001920918327517,7,57
1152,74,45,4.27027027027027,316,0.6081081081081081,3.6989772143705393,0.8844342284183351,0.9638422205989773,226.4426588750913,42,0.5675675675675675,14.387096774193548,12,0.16216216216216217,30,0.40540540540540543,32,0.43243243243243246,0.33783783783783783,0.16216216216216217,0.06756756756756757,0.0,5.184124946967773,8,73
1153,60,38,4.466666666666667,268,0.6333333333333333,3.468909530866052,0.8884416307532699,0.9477777777777777,355.55555555555554,30,0.5,12.76,11,0.18333333333333332,29,0.48333333333333334,30,0.5,0.18333333333333332,0.18333333333333332,0.11666666666666667,0.03333333333333333,4.84882487135245,10,59
1154,47,40,3.893617021276596,183,0.851063829787234,4.125684985035173,0.9581137752940967,0.9633318243549118,153.91579900407424,26,0.5531914893617021,10.961538461538462,3,0.06382978723404255,37,0.7872340425531915,21,0.44680851063829785,0.40425531914893614,0.1276595744680851,0.02127659574468085,0.0425531914893617,5.139487255840896,6,46
1155,56,30,3.375,189,0.5357142857142857,2.834733547569204,0.8449441546909893,0.9362244897959184,459.18367346938777,26,0.4642857142857143,8.368421052631579,0,0.0,18,0.32142857142857145,30,0.5357142857142857,0.32142857142857145,0.19642857142857142,0.0,0.017857142857142856,4.493358334102715,10,55
1156,84,47,3.9285714285714284,330,0.5595238095238095,3.6261287241091598,0.8689475951059765,0.9492630385487527,388.3219954648526,48,0.5714285714285714,13.09375,3,0.03571428571428571,37,0.44047619047619047,36,0.42857142857142855,0.30952380952380953,0.19047619047619047,0.03571428571428571,0.023809523809523808,4.990753503239778,13,83
1157,74,44,4.243243243243243,314,0.5945945945945946,3.6167777207178604,0.8792129189433595,0.9612856099342586,252.00876552227905,42,0.5675675675675675,13.0,11,0.14864864864864866,31,0.4189189189189189,32,0.43243243243243246,0.28378378378378377,0.1891891891891892,0.06756756756756757,0.013513513513513514,5.099467345528714,6,73
1158,55,36,3.8727272727272726,213,0.6545454545454545,3.4324653212841323,0.8942403271237415,0.9626446280991736,191.73553719008265,27,0.4909090909090909,10.714285714285714,5,0.09090909090909091,25,0.45454545454545453,28,0.509090909090909,0.2909090909090909,0.2545454545454545,0.01818181818181818,0.01818181818181818,4.962822440640042,4,54
1159,56,36,4.107142857142857,230,0.6428571428571429,3.401680257083045,0.8902374783063122,0.9534438775510204,286.98979591836735,31,0.5535714285714286,10.083333333333334,7,0.125,27,0.48214285714285715,25,0.44642857142857145,0.30357142857142855,0.17857142857142858,0.07142857142857142,0.017857142857142856,4.842783271503973,7,55
1160,58,34,3.9655172413793105,230,0.5862068965517241,3.156820749009882,0.868466942020106,0.9518430439952437,309.15576694411413,32,0.5517241379310345,18.625,5,0.08620689655172414,22,0.3793103448275862,26,0.4482758620689655,0.20689655172413793,0.2413793103448276,0.06896551724137931,0.06896551724137931,4.764430616416873,7,57
1161,61,42,3.8688524590163933,236,0.6885245901639344,3.802501333785778,0.9092153497721114,0.9561945713517872,274.11986025262024,32,0.5245901639344263,15.586206896551724,5,0.08196721311475409,34,0.5573770491803278,29,0.47540983606557374,0.32786885245901637,0.16393442622950818,0.08196721311475409,0.04918032786885246,5.041152706308944,8,60
1162,63,41,3.984126984126984,251,0.6507936507936508,3.6525703061364667,0.8963194083574123,0.9518770471151424,322.49937011841774,35,0.5555555555555556,11.612903225806452,5,0.07936507936507936,33,0.5238095238095238,28,0.4444444444444444,0.38095238095238093,0.06349206349206349,0.14285714285714285,0.031746031746031744,4.948803931127358,9,62
1163,48,38,3.9791666666666665,191,0.7916666666666666,3.878358759406699,0.9396531333497671,0.967013888888889,121.52777777777777,26,0.5416666666666666,7.84,4,0.08333333333333333,31,0.6458333333333334,22,0.4583333333333333,0.2708333333333333,0.20833333333333334,0.08333333333333333,0.041666666666666664,5.110902344426087,4,47
1164,64,43,4.90625,314,0.671875,3.8006989488776926,0.9043774591170164,0.96923828125,151.3671875,43,0.671875,13.310344827586206,14,0.21875,31,0.484375,21,0.328125,0.234375,0.21875,0.078125,0.046875,5.229934179450871,4,63
1165,79,47,4.594936708860759,363,0.5949367088607594,3.739119235625931,0.8811519742789098,0.9556160871655183,317.2568498638039,42,0.5316455696202531,9.903225806451612,14,0.17721518987341772,33,0.4177215189873418,37,0.46835443037974683,0.20253164556962025,0.26582278481012656,0.02531645569620253,0.05063291139240506,5.113024289493385,11,78
1166,66,50,4.621212121212121,305,0.7575757575757576,4.351941398892446,0.933733981988216,0.9742883379247015,105.60146923783287,43,0.6515151515151515,16.571428571428573,12,0.18181818181818182,40,0.6060606060606061,23,0.3484848484848485,0.2727272727272727,0.2878787878787879,0.045454545454545456,0.045454545454545456,5.483491846500067,4,65
1167,85,56,4.423529411764706,376,0.6588235294117647,4.295003937545274,0.906069699901488,0.9763321799307958,119.03114186851211,54,0.6352941176470588,16.025,12,0.1411764705882353,37,0.43529411764705883,31,0.36470588235294116,0.23529411764705882,0.2823529411764706,0.058823529411764705,0.08235294117647059,5.616637077487654,5,84
1168,46,32,3.891304347826087,179,0.6956521739130435,3.3362306249131963,0.9052129839002011,0.9584120982986768,198.48771266540643,20,0.43478260869565216,11.588235294117647,4,0.08695652173913043,23,0.5,26,0.5652173913043478,0.2826086956521739,0.08695652173913043,0.06521739130434782,0.10869565217391304,4.81149918427085,4,45
1169,68,43,4.676470588235294,318,0.6323529411764706,3.68721958056394,0.8913836348917352,0.9628027681660899,224.9134948096886,39,0.5735294117647058,12.870967741935484,14,0.20588235294117646,32,0.47058823529411764,29,0.4264705882352941,0.2647058823529412,0.3235294117647059,0.04411764705882353,0.029411764705882353,5.113362385992584,6,67
1170,54,37,3.7777777777777777,204,0.6851851851851852,3.560326660002692,0.9052224502512914,0.9602194787379972,212.62002743484226,28,0.5185185185185185,13.478260869565217,3,0.05555555555555555,29,0.5370370370370371,26,0.48148148148148145,0.2777777777777778,0.18518518518518517,0.037037037037037035,0.0,4.956379808112287,5,53
1171,55,36,4.1454545454545455,228,0.6545454545454545,3.4324653212841323,0.8942403271237415,0.9553719008264463,264.46280991735534,33,0.6,14.583333333333334,5,0.09090909090909091,27,0.4909090909090909,22,0.4,0.36363636363636365,0.18181818181818182,0.03636363636363636,0.01818181818181818,4.873793405144773,7,54
1172,56,43,3.982142857142857,223,0.7678571428571429,4.063118084849193,0.9343780133175531,0.9661989795918368,159.4387755102041,31,0.5535714285714286,15.133333333333333,8,0.14285714285714285,36,0.6428571428571429,25,0.44642857142857145,0.26785714285714285,0.19642857142857142,0.05357142857142857,0.017857142857142856,5.2177201004745015,6,55
1173,73,39,4.506849315068493,329,0.5342465753424658,3.227662965549235,0.8538856260925407,0.9641583786826796,221.42991180334022,43,0.589041095890411,13.925925925925926,16,0.2191780821917808,21,0.2876712328767123,30,0.410958904109589,0.2465753424657534,0.2328767123287671,0.0273972602739726,0.0136986301369863,5.035867970420741,5,72
1174,42,29,4.023809523809524,169,0.6904761904761905,3.16415940842189,0.9009078313168303,0.9523809523809523,238.0952380952381,25,0.5952380952380952,14.052631578947368,5,0.11904761904761904,21,0.5,17,0.40476190476190477,0.38095238095238093,0.19047619047619047,0.023809523809523808,0.0,4.651378958998672,5,41
1175,64,44,4.0,256,0.6875,3.8890872965260113,0.9099052697728829,0.95947265625,249.0234375,31,0.484375,14.461538461538462,8,0.125,33,0.515625,33,0.515625,0.234375,0.234375,0.03125,0.015625,5.147979296672175,9,63
1176,45,28,3.911111111111111,176,0.6222222222222222,2.9514591494904874,0.8753611645712928,0.9432098765432099,345.679012345679,24,0.5333333333333333,13.894736842105264,6,0.13333333333333333,20,0.4444444444444444,21,0.4666666666666667,0.3333333333333333,0.3111111111111111,0.022222222222222223,0.022222222222222223,4.500093307816548,6,44
1177,101,65,4.128712871287129,417,0.6435643564356436,4.573384040746897,0.9045023319895283,0.9726497402215469,174.4926967944319,48,0.4752475247524752,12.575,14,0.13861386138613863,50,0.49504950495049505,53,0.5247524752475248,0.26732673267326734,0.1188118811881188,0.10891089108910891,0.019801980198019802,5.668969868907875,9,100
1178,71,47,4.394366197183099,312,0.6619718309859155,3.944152383994439,0.903222318534135,0.9640944257091847,218.21067248561792,41,0.5774647887323944,9.371428571428572,14,0.19718309859154928,37,0.5211267605633803,30,0.4225352112676056,0.323943661971831,0.15492957746478872,0.09859154929577464,0.0,5.233978809523638,8,70
1179,60,40,4.3,258,0.6666666666666666,3.6514837167011076,0.9009694709504106,0.9633333333333333,200.0,33,0.55,11.461538461538462,11,0.18333333333333332,29,0.48333333333333334,27,0.45,0.25,0.25,0.06666666666666667,0.05,5.077316637094896,6,59
1180,50,33,4.18,209,0.66,3.3,0.8937850203372742,0.9576,224.0,28,0.56,6.916666666666667,8,0.16,24,0.48,22,0.44,0.38,0.12,0.06,0.0,4.816174630069643,5,49
1181,68,37,4.352941176470588,296,0.5441176470588235,3.1727238251364134,0.8557675835535695,0.9364186851211072,488.75432525951555,37,0.5441176470588235,8.666666666666666,13,0.19117647058823528,27,0.39705882352941174,31,0.45588235294117646,0.3382352941176471,0.11764705882352941,0.07352941176470588,0.0,4.650836599019296,12,67
1182,90,47,3.6444444444444444,328,0.5222222222222223,3.50317316474967,0.8556245449882496,0.9607407407407408,281.48148148148147,46,0.5111111111111111,14.9375,10,0.1111111111111111,32,0.35555555555555557,44,0.4888888888888889,0.24444444444444444,0.18888888888888888,0.14444444444444443,0.03333333333333333,5.112353341680547,8,89
1183,40,26,4.15,166,0.65,2.9068883707497264,0.8832211999738746,0.94875,262.5,19,0.475,17.6,5,0.125,17,0.425,21,0.525,0.275,0.15,0.075,0.025,4.503055907333276,4,39
1184,49,29,4.408163265306122,216,0.5918367346938775,2.929442379201411,0.8652238726493114,0.9504373177842566,291.5451895043732,24,0.4897959183673469,12.933333333333334,7,0.14285714285714285,19,0.3877551020408163,25,0.5102040816326531,0.2653061224489796,0.16326530612244897,0.061224489795918366,0.08163265306122448,4.596866926137102,5,48
1185,50,35,4.36,218,0.7,3.5,0.9088259594987488,0.9592,208.0,28,0.56,13.4,10,0.2,27,0.54,22,0.44,0.28,0.24,0.08,0.02,4.9014678801994505,5,49
1186,78,58,4.871794871794871,380,0.7435897435897436,4.643716460347527,0.9319977928457781,0.9733727810650887,138.06706114398423,41,0.5256410256410257,12.162162162162161,19,0.24358974358974358,48,0.6153846153846154,37,0.47435897435897434,0.24358974358974358,0.3076923076923077,0.038461538461538464,0.02564102564102564,5.613525655316526,7,77
1187,55,38,4.1454545454545455,228,0.6909090909090909,3.623157839133251,0.9077323974785401,0.9553719008264463,264.46280991735534,28,0.509090909090909,11.434782608695652,6,0.10909090909090909,29,0.5272727272727272,27,0.4909090909090909,0.2727272727272727,0.2,0.03636363636363636,0.05454545454545454,4.95390925890053,8,54
1188,55,34,3.5272727272727273,194,0.6181818181818182,3.2417728034350137,0.8799768728019036,0.9560330578512397,257.8512396694215,24,0.43636363636363634,15.95,2,0.03636363636363636,23,0.41818181818181815,31,0.5636363636363636,0.2545454545454545,0.2,0.01818181818181818,0.01818181818181818,4.8173678951854955,6,54
1189,47,35,4.404255319148936,207,0.7446808510638298,3.6099743619057767,0.9234316263382452,0.9615210502489815,172.02354006337708,28,0.5957446808510638,11.08,6,0.1276595744680851,27,0.574468085106383,19,0.40425531914893614,0.2765957446808511,0.23404255319148937,0.0425531914893617,0.10638297872340426,4.951088256430825,5,46
1190,65,39,4.230769230769231,275,0.6,3.420526275297414,0.8776285977465714,0.9590532544378698,255.62130177514794,35,0.5384615384615384,12.241379310344827,10,0.15384615384615385,28,0.4307692307692308,30,0.46153846153846156,0.2923076923076923,0.26153846153846155,0.09230769230769231,0.0,4.960925990571672,6,64
1191,60,43,4.633333333333334,278,0.7166666666666667,3.9253449954536905,0.918633021362586,0.9672222222222222,161.11111111111111,34,0.5666666666666667,9.166666666666666,14,0.23333333333333334,32,0.5333333333333333,26,0.43333333333333335,0.31666666666666665,0.31666666666666665,0.016666666666666666,0.03333333333333333,5.22323142879762,6,59
1192,59,36,3.8983050847457625,230,0.6101694915254238,3.3140686244339643,0.878843907077305,0.9617925883366848,212.5825912094226,28,0.4745762711864407,15.545454545454545,7,0.11864406779661017,21,0.3559322033898305,31,0.5254237288135594,0.2542372881355932,0.2033898305084746,0.01694915254237288,0.03389830508474576,4.958417201684199,6,58
1193,32,27,4.5625,146,0.84375,3.375,0.9509775004326937,0.95703125,117.1875,18,0.5625,12.0625,4,0.125,23,0.71875,14,0.4375,0.28125,0.21875,0.0625,0.03125,4.663909765557392,3,31
1194,52,42,4.173076923076923,217,0.8076923076923077,4.118438837901865,0.9459476267450452,0.9644970414201184,162.72189349112426,26,0.5,15.44,4,0.07692307692307693,38,0.7307692307692307,26,0.5,0.21153846153846154,0.21153846153846154,0.07692307692307693,0.0,5.180832987205442,6,51
1195,47,37,4.425531914893617,208,0.7872340425531915,3.816258611157535,0.9378648005703524,0.965142598460842,135.80805794477138,24,0.5106382978723404,16.0,7,0.14893617021276595,31,0.6595744680851063,23,0.48936170212765956,0.23404255319148937,0.2553191489361702,0.06382978723404255,0.02127659574468085,5.054380872862172,4,46
1196,43,34,4.023255813953488,173,0.7906976744186046,3.6663142889169062,0.9375625907014266,0.9626825310978907,140.61654948620875,24,0.5581395348837209,14.818181818181818,6,0.13953488372093023,28,0.6511627906976745,19,0.4418604651162791,0.27906976744186046,0.18604651162790697,0.06976744186046512,0.0,4.9435929523262025,4,42
1197,81,50,4.209876543209877,341,0.6172839506172839,3.928371006591931,0.8902191987518279,0.9672306050906874,204.23715896966925,39,0.48148148148148145,11.464285714285714,6,0.07407407407407407,33,0.4074074074074074,42,0.5185185185185185,0.20987654320987653,0.2345679012345679,0.04938271604938271,0.07407407407407407,5.339608644753091,8,80
1198,63,47,4.031746031746032,254,0.746031746031746,4.187092789961315,0.9292837081026686,0.9690098261526834,151.17157974300832,36,0.5714285714285714,12.0,8,0.12698412698412698,39,0.6190476190476191,27,0.42857142857142855,0.2857142857142857,0.14285714285714285,0.047619047619047616,0.06349206349206349,5.330786971861813,5,62
1199,63,44,4.619047619047619,291,0.6984126984126984,3.919831548048891,0.9133638859999382,0.9685059208868733,156.2106324011086,35,0.5555555555555556,9.878787878787879,16,0.25396825396825395,34,0.5396825396825397,28,0.4444444444444444,0.3492063492063492,0.20634920634920634,0.06349206349206349,0.0,5.242920201174674,4,62
1200,85,54,4.4,374,0.6352941176470588,4.1416109397758,0.8978836771706366,0.9658131487889274,224.22145328719722,40,0.47058823529411764,12.057142857142857,16,0.18823529411764706,40,0.47058823529411764,45,0.5294117647058824,0.29411764705882354,0.2,0.011764705882352941,0.047058823529411764,5.3936415664007935,10,84
1201,59,40,4.016949152542373,237,0.6779661016949152,3.6822984715932936,0.9046831586126398,0.9675380637747774,155.12783682849755,33,0.559322033898305,12.75,2,0.03389830508474576,28,0.4745762711864407,26,0.4406779661016949,0.23728813559322035,0.23728813559322035,0.05084745762711865,0.03389830508474576,5.140703430534425,4,58
1202,63,46,3.8095238095238093,240,0.7301587301587301,4.09800570932384,0.9240929029174135,0.963970773494583,201.5621063240111,35,0.5555555555555556,10.516129032258064,6,0.09523809523809523,37,0.5873015873015873,28,0.4444444444444444,0.25396825396825395,0.1746031746031746,0.14285714285714285,0.0,5.254902542478854,8,62
1203,107,63,3.822429906542056,409,0.5887850467289719,4.306591340255379,0.8866438025369339,0.9696916761289196,209.6252947855708,53,0.4953271028037383,11.704545454545455,8,0.07476635514018691,46,0.42990654205607476,54,0.5046728971962616,0.2616822429906542,0.21495327102803738,0.04672897196261682,0.018691588785046728,5.563407467843642,9,106
1204,112,65,3.8392857142857144,430,0.5803571428571429,4.342995181076897,0.8846854441971893,0.9644451530612245,266.26275510204084,46,0.4107142857142857,13.609756097560975,10,0.08928571428571429,49,0.4375,66,0.5892857142857143,0.16964285714285715,0.20535714285714285,0.03571428571428571,0.08035714285714286,5.502721129163143,13,111
1205,46,35,3.9347826086956523,181,0.7608695652173914,3.6490022459988087,0.9286187170074757,0.9574669187145558,207.93950850661625,23,0.5,11.727272727272727,3,0.06521739130434782,29,0.6304347826086957,23,0.5,0.2391304347826087,0.1956521739130435,0.043478260869565216,0.08695652173913043,4.909112771133307,6,45
1206,69,47,4.043478260869565,279,0.6811594202898551,4.000905694566119,0.9093176086925753,0.9598823776517538,256.24868725057763,33,0.4782608695652174,9.666666666666666,6,0.08695652173913043,36,0.5217391304347826,36,0.5217391304347826,0.2753623188405797,0.21739130434782608,0.014492753623188406,0.028985507246376812,5.217452812497528,10,68
1207,66,44,3.727272727272727,246,0.6666666666666666,3.8297084310253524,0.9032223099338129,0.9628099173553719,220.38567493112947,34,0.5151515151515151,15.709677419354838,7,0.10606060606060606,35,0.5303030303030303,32,0.48484848484848486,0.2878787878787879,0.25757575757575757,0.015151515151515152,0.015151515151515152,5.14312224882264,6,65
1208,76,48,3.6447368421052633,277,0.631578947368421,3.893314107138301,0.8938904122533535,0.9684903047091413,183.5180055401662,32,0.42105263157894735,12.333333333333334,4,0.05263157894736842,33,0.4342105263157895,44,0.5789473684210527,0.23684210526315788,0.15789473684210525,0.02631578947368421,0.013157894736842105,5.31379963897397,6,75
1209,63,33,3.746031746031746,236,0.5238095238095238,2.939873661036668,0.8439280381576602,0.9543965734441925,297.30410682791637,30,0.47619047619047616,10.263157894736842,4,0.06349206349206349,18,0.2857142857142857,33,0.5238095238095238,0.2222222222222222,0.20634920634920634,0.047619047619047616,0.031746031746031744,4.750546391513499,6,62
1210,51,39,3.8823529411764706,198,0.7647058823529411,3.8615754176090302,0.9317711384854058,0.9527104959630912,276.8166089965398,27,0.5294117647058824,11.692307692307692,6,0.11764705882352941,35,0.6862745098039216,24,0.47058823529411764,0.3333333333333333,0.13725490196078433,0.058823529411764705,0.0196078431372549,4.966542989030321,8,50
1211,68,31,4.176470588235294,284,0.45588235294117646,2.658228069708887,0.8138359838216777,0.9381487889273356,471.4532871972318,33,0.4852941176470588,7.7368421052631575,11,0.16176470588235295,19,0.27941176470588236,35,0.5147058823529411,0.3382352941176471,0.23529411764705882,0.11764705882352941,0.0,4.4703400569403735,10,67
1212,48,36,4.166666666666667,200,0.75,3.6742346141747673,0.9256866094937517,0.9644097222222222,147.56944444444446,28,0.5833333333333334,12.5,6,0.125,28,0.5833333333333334,20,0.4166666666666667,0.3333333333333333,0.14583333333333334,0.08333333333333333,0.0,5.0118421881310145,4,47
1213,61,40,3.721311475409836,227,0.6557377049180327,3.621429841700741,0.8973467870816714,0.9561945713517872,274.11986025262024,34,0.5573770491803278,18.285714285714285,4,0.06557377049180328,28,0.45901639344262296,27,0.4426229508196721,0.3114754098360656,0.16393442622950818,0.06557377049180328,0.0,5.012063566787348,9,60
1214,104,63,3.9038461538461537,406,0.6057692307692307,4.36826404527368,0.8920727855093961,0.9619082840236688,284.76331360946745,45,0.4326923076923077,12.717948717948717,13,0.125,47,0.4519230769230769,59,0.5673076923076923,0.2692307692307692,0.17307692307692307,0.019230769230769232,0.028846153846153848,5.489022055454732,15,103
1215,50,32,4.16,208,0.64,3.2,0.8859191006777896,0.9608,192.0,30,0.6,17.681818181818183,6,0.12,20,0.4,20,0.4,0.28,0.24,0.1,0.04,4.833269689515109,3,49
1216,77,35,4.025974025974026,310,0.45454545454545453,2.820380374088831,0.8184869523856797,0.9536178107606679,333.9517625231911,42,0.5454545454545454,15.0,11,0.14285714285714285,19,0.24675324675324675,35,0.45454545454545453,0.33766233766233766,0.23376623376623376,0.03896103896103896,0.012987012987012988,4.757736905650908,7,76
1217,81,53,4.271604938271605,346,0.654320987654321,4.1640732669874465,0.9034788602186173,0.9718030787989635,158.51242188690748,43,0.5308641975308642,9.911764705882353,12,0.14814814814814814,40,0.49382716049382713,38,0.4691358024691358,0.24691358024691357,0.25925925925925924,0.07407407407407407,0.012345679012345678,5.459797996524813,6,80
1218,78,49,4.064102564102564,317,0.6282051282051282,3.9231397682246345,0.89329364273072,0.9644970414201183,226.82445759368835,33,0.4230769230769231,11.166666666666666,11,0.14102564102564102,37,0.47435897435897434,45,0.5769230769230769,0.16666666666666666,0.2564102564102564,0.05128205128205128,0.038461538461538464,5.262653020005618,8,77
1219,67,51,4.149253731343284,278,0.7611940298507462,4.405728970464937,0.9351041773164946,0.9676988193361551,173.75807529516595,38,0.5671641791044776,9.88888888888889,8,0.11940298507462686,43,0.6417910447761194,29,0.43283582089552236,0.2537313432835821,0.1791044776119403,0.16417910447761194,0.0,5.416689563527516,8,66
1220,98,58,4.081632653061225,400,0.5918367346938775,4.142857142857143,0.8855990864571539,0.9620991253644315,276.9679300291545,50,0.5102040816326531,10.658536585365853,12,0.12244897959183673,45,0.45918367346938777,48,0.4897959183673469,0.24489795918367346,0.20408163265306123,0.09183673469387756,0.01020408163265306,5.380020361202812,13,97
1221,76,42,4.473684210526316,340,0.5526315789473685,3.4066498437460138,0.8630569754812584,0.9598337950138505,270.0831024930748,44,0.5789473684210527,16.133333333333333,13,0.17105263157894737,27,0.35526315789473684,32,0.42105263157894735,0.2894736842105263,0.18421052631578946,0.039473684210526314,0.02631578947368421,5.03557270439862,8,75
1222,61,33,4.409836065573771,269,0.5409836065573771,2.9876796194031114,0.8505509234761259,0.9492072023649557,343.99355012093525,33,0.5409836065573771,14.304347826086957,8,0.13114754098360656,18,0.29508196721311475,28,0.45901639344262296,0.26229508196721313,0.2786885245901639,0.01639344262295082,0.08196721311475409,4.716981599574233,9,60
1223,71,46,3.9295774647887325,279,0.647887323943662,3.86023424816477,0.8981770874022371,0.9668716524499108,190.43840507835748,35,0.49295774647887325,15.0,5,0.07042253521126761,32,0.4507042253521127,36,0.5070422535211268,0.2676056338028169,0.22535211267605634,0.04225352112676056,0.014084507042253521,5.260151915860592,7,70
1224,77,49,4.311688311688312,332,0.6363636363636364,3.948532523724363,0.8959471984014016,0.9691347613425536,178.78225670433463,42,0.5454545454545454,10.366666666666667,9,0.11688311688311688,32,0.4155844155844156,35,0.45454545454545453,0.23376623376623376,0.24675324675324675,0.012987012987012988,0.03896103896103896,5.357487677954597,7,76
1225,93,54,4.258064516129032,396,0.5806451612903226,3.959472105576539,0.8800654133659629,0.9651982888195166,240.4902300844028,47,0.5053763440860215,11.277777777777779,10,0.10752688172043011,39,0.41935483870967744,46,0.4946236559139785,0.3010752688172043,0.13978494623655913,0.043010752688172046,0.010752688172043012,5.349425446440353,10,92
1226,123,69,4.121951219512195,507,0.5609756097560976,4.399279320137034,0.879872048100198,0.9696609161213564,222.09002577830657,68,0.5528455284552846,11.096153846153847,14,0.11382113821138211,48,0.3902439024390244,55,0.44715447154471544,0.3333333333333333,0.13008130081300814,0.07317073170731707,0.016260162601626018,5.643087269899163,12,122
1227,57,26,3.526315789473684,201,0.45614035087719296,2.4351231101124045,0.8058509086793034,0.9455216989843029,369.34441366574333,29,0.5087719298245614,8.294117647058824,4,0.07017543859649122,12,0.21052631578947367,28,0.49122807017543857,0.3333333333333333,0.22807017543859648,0.05263157894736842,0.0,4.426943251227588,6,56
1228,40,33,3.775,151,0.825,3.689512162874653,0.9478508595793452,0.965,100.0,24,0.6,13.095238095238095,1,0.025,27,0.675,16,0.4,0.35,0.2,0.05,0.025,4.953055907333277,3,39
1229,80,45,4.075,326,0.5625,3.5575623676894264,0.8686990762788047,0.9634375000000001,240.625,41,0.5125,12.655172413793103,7,0.0875,29,0.3625,39,0.4875,0.25,0.175,0.05,0.05,5.164822782008753,9,79
1230,56,37,3.9464285714285716,221,0.6607142857142857,3.4961713753353516,0.8970440821246013,0.9540816326530613,280.61224489795916,29,0.5178571428571429,13.833333333333334,3,0.05357142857142857,29,0.5178571428571429,27,0.48214285714285715,0.25,0.19642857142857142,0.05357142857142857,0.03571428571428571,4.878497557218259,7,55
1231,50,34,4.22,211,0.68,3.4,0.9014161010104346,0.9416000000000001,384.0,27,0.54,12.043478260869565,7,0.14,28,0.56,23,0.46,0.32,0.18,0.02,0.02,4.69817193947184,9,49
1232,94,49,4.223404255319149,397,0.5212765957446809,3.573692291698417,0.856607480830492,0.9655952919873245,237.66410140334995,48,0.5106382978723404,12.176470588235293,15,0.1595744680851064,31,0.32978723404255317,46,0.48936170212765956,0.2978723404255319,0.2127659574468085,0.031914893617021274,0.0425531914893617,5.240484730025179,8,93
1233,53,33,4.150943396226415,220,0.6226415094339622,3.2052433457789715,0.8806676278717858,0.9540761836952651,270.55891776432895,30,0.5660377358490566,10.818181818181818,4,0.07547169811320754,22,0.41509433962264153,23,0.4339622641509434,0.32075471698113206,0.18867924528301888,0.03773584905660377,0.018867924528301886,4.772652709599223,6,52
1234,61,39,3.6065573770491803,220,0.639344262295082,3.5308940956582227,0.8911880459427284,0.9588820209621071,247.2453641494222,32,0.5245901639344263,14.12,4,0.06557377049180328,28,0.45901639344262296,29,0.47540983606557374,0.3114754098360656,0.16393442622950818,0.03278688524590164,0.03278688524590164,4.983615411156043,6,60
1235,59,43,4.11864406779661,243,0.7288135593220338,3.9584708569627907,0.9224195160525247,0.9635162309681126,195.34616489514508,34,0.576271186440678,15.0625,8,0.13559322033898305,35,0.5932203389830508,25,0.423728813559322,0.3728813559322034,0.1016949152542373,0.1016949152542373,0.0,5.172199880533132,7,58
1236,64,39,4.546875,291,0.609375,3.447145558284419,0.8809003698103748,0.95751953125,268.5546875,35,0.546875,12.6,13,0.203125,28,0.4375,29,0.453125,0.265625,0.25,0.015625,0.015625,4.947123781480403,6,63
1237,45,29,3.533333333333333,159,0.6444444444444445,3.0568684048294332,0.884579559925641,0.9481481481481481,296.2962962962963,19,0.4222222222222222,12.75,3,0.06666666666666667,20,0.4444444444444444,26,0.5777777777777777,0.2,0.26666666666666666,0.022222222222222223,0.0,4.5970828184076655,6,44
1238,65,45,3.8923076923076922,253,0.6923076923076923,3.9467610868816316,0.9119092800092525,0.9656804733727811,189.3491124260355,33,0.5076923076923077,10.89655172413793,6,0.09230769230769231,34,0.5230769230769231,32,0.49230769230769234,0.2923076923076923,0.23076923076923078,0.0,0.03076923076923077,5.235271513663377,7,64
1239,85,59,4.541176470588235,386,0.6941176470588235,4.525093434199485,0.9178162337070238,0.9699653979238754,182.69896193771626,48,0.5647058823529412,11.119047619047619,17,0.2,48,0.5647058823529412,37,0.43529411764705883,0.3411764705882353,0.23529411764705882,0.03529411764705882,0.011764705882352941,5.554437589513505,8,84
1240,62,40,3.935483870967742,244,0.6451612903225806,3.5921060405354983,0.8938113252335089,0.9635796045785641,202.91363163371489,34,0.5483870967741935,17.037037037037038,6,0.0967741935483871,28,0.45161290322580644,28,0.45161290322580644,0.3064516129032258,0.22580645161290322,0.03225806451612903,0.0,5.074691068242021,6,61
1241,62,46,4.387096774193548,272,0.7419354838709677,4.130921946615823,0.9276754860133455,0.9698231009365245,140.4786680541103,36,0.5806451612903226,12.78125,10,0.16129032258064516,38,0.6129032258064516,26,0.41935483870967744,0.25806451612903225,0.25806451612903225,0.0,0.04838709677419355,5.316941874833213,4,61
1242,80,47,4.0875,327,0.5875,3.7156762506978454,0.8786225923970437,0.9637500000000001,237.5,43,0.5375,14.228571428571428,8,0.1,33,0.4125,37,0.4625,0.225,0.275,0.025,0.05,5.19466797654506,7,79
1243,35,26,4.057142857142857,142,0.7428571428571429,3.1075943842694236,0.916393129919492,0.9453061224489796,261.2244897959184,17,0.4857142857142857,10.9375,4,0.11428571428571428,21,0.6,18,0.5142857142857142,0.3142857142857143,0.17142857142857143,0.05714285714285714,0.0,4.490296503327814,5,34
1244,72,40,4.180555555555555,301,0.5555555555555556,3.3333333333333335,0.8625596086894544,0.9602623456790123,258.48765432098764,36,0.5,12.5,12,0.16666666666666666,23,0.3194444444444444,36,0.5,0.2361111111111111,0.2361111111111111,0.013888888888888888,0.08333333333333333,5.015488675348374,8,71
1245,63,40,4.190476190476191,264,0.6349206349206349,3.5634832254989917,0.8903595218895451,0.9518770471151424,322.49937011841774,34,0.5396825396825397,12.26923076923077,8,0.12698412698412698,34,0.5396825396825397,29,0.4603174603174603,0.31746031746031744,0.1746031746031746,0.047619047619047616,0.031746031746031744,4.887263503451392,7,62
1246,60,35,4.183333333333334,251,0.5833333333333334,3.195048252113469,0.8683558521903784,0.956111111111111,272.22222222222223,32,0.5333333333333333,11.136363636363637,5,0.08333333333333333,22,0.36666666666666664,28,0.4666666666666667,0.2833333333333333,0.26666666666666666,0.016666666666666666,0.06666666666666667,4.841621479593624,7,59
1247,50,34,3.66,183,0.68,3.4,0.9014161010104346,0.9608,192.0,25,0.5,10.476190476190476,4,0.08,23,0.46,25,0.5,0.28,0.2,0.04,0.02,4.9014678801994505,5,49
1248,36,31,4.777777777777778,172,0.8611111111111112,3.653385036130496,0.9582723751320855,0.9629629629629629,92.5925925925926,22,0.6111111111111112,9.285714285714286,11,0.3055555555555556,27,0.75,14,0.3888888888888889,0.25,0.3055555555555556,0.08333333333333333,0.05555555555555555,4.871178126382214,3,35
1249,42,33,4.571428571428571,192,0.7857142857142857,3.6005951888938745,0.935477963157255,0.9625850340136054,136.05442176870747,25,0.5952380952380952,13.583333333333334,8,0.19047619047619047,27,0.6428571428571429,17,0.40476190476190477,0.2857142857142857,0.19047619047619047,0.09523809523809523,0.0,4.9098254583385135,3,41
1250,54,35,3.5555555555555554,192,0.6481481481481481,3.367876570272817,0.8912916221240962,0.9513031550068587,301.7832647462277,25,0.46296296296296297,15.15,2,0.037037037037037035,27,0.5,29,0.5370370370370371,0.25925925925925924,0.24074074074074073,0.037037037037037035,0.037037037037037035,4.791628012700442,7,53
1251,89,55,4.52808988764045,403,0.6179775280898876,4.122424289477237,0.8927729615735412,0.9688170685519506,199.46976391869714,51,0.5730337078651685,12.846153846153847,14,0.15730337078651685,40,0.449438202247191,38,0.42696629213483145,0.3146067415730337,0.20224719101123595,0.0449438202247191,0.033707865168539325,5.434956009808083,8,88
1252,54,32,4.444444444444445,240,0.5925925925925926,3.079201435678004,0.8688267143571999,0.9519890260631001,294.9245541838134,27,0.5,18.0,10,0.18518518518518517,20,0.37037037037037035,27,0.5,0.25925925925925924,0.24074074074074073,0.018518518518518517,0.09259259259259259,4.719403299183958,7,53
1253,61,30,4.573770491803279,279,0.4918032786885246,2.7160723812755556,0.827366028255924,0.931470034936845,521.3652244020425,31,0.5081967213114754,19.0,13,0.21311475409836064,19,0.3114754098360656,30,0.4918032786885246,0.3114754098360656,0.21311475409836064,0.0,0.04918032786885246,4.411344906610411,11,60
1254,65,39,4.246153846153846,276,0.6,3.420526275297414,0.8776285977465714,0.9590532544378698,255.62130177514794,34,0.5230769230769231,9.615384615384615,9,0.13846153846153847,27,0.4153846153846154,31,0.47692307692307695,0.24615384615384617,0.2153846153846154,0.06153846153846154,0.046153846153846156,4.9718958909131645,7,64
1255,44,30,4.113636363636363,181,0.6818181818181818,3.198010745334156,0.8987914747127659,0.9545454545454546,227.27272727272728,24,0.5454545454545454,7.181818181818182,6,0.13636363636363635,22,0.5,20,0.45454545454545453,0.3181818181818182,0.22727272727272727,0.045454545454545456,0.0,4.697845823084411,4,43
1256,56,42,4.071428571428571,228,0.75,3.9686269665968856,0.9285324377708617,0.9674744897959183,146.68367346938774,29,0.5178571428571429,9.758620689655173,8,0.14285714285714285,34,0.6071428571428571,27,0.48214285714285715,0.3392857142857143,0.125,0.05357142857142857,0.03571428571428571,5.20245665454105,5,55
1257,61,43,4.459016393442623,272,0.7049180327868853,3.8930370798282965,0.9149393145999464,0.9685568395592583,150.49717817790918,33,0.5409836065573771,9.555555555555555,11,0.18032786885245902,31,0.5081967213114754,28,0.45901639344262296,0.32786885245901637,0.11475409836065574,0.08196721311475409,0.06557377049180328,5.236236878930091,5,60
1258,52,37,4.3076923076923075,224,0.7115384615384616,3.6281485000564047,0.9138686878926854,0.9622781065088757,184.9112426035503,29,0.5576923076923077,9.217391304347826,4,0.07692307692307693,28,0.5384615384615384,23,0.4423076923076923,0.34615384615384615,0.17307692307692307,0.038461538461538464,0.0,5.001121872437243,5,51
1259,107,64,4.775700934579439,511,0.5981308411214953,4.374949932957845,0.8900140002321705,0.9709144903485021,197.39715258974584,58,0.5420560747663551,10.0,23,0.21495327102803738,50,0.4672897196261682,49,0.45794392523364486,0.2897196261682243,0.2336448598130841,0.06542056074766354,0.009345794392523364,5.582705893696638,9,106
1260,122,77,4.532786885245901,553,0.6311475409836066,4.929419877416495,0.9042019969117088,0.9760816984681537,157.21580220370868,66,0.5409836065573771,12.49090909090909,20,0.16393442622950818,62,0.5081967213114754,56,0.45901639344262296,0.30327868852459017,0.18032786885245902,0.08196721311475409,0.04918032786885246,5.872593206990758,8,121
1261,70,46,4.271428571428571,299,0.6571428571428571,3.8877095717511763,0.9011758701281402,0.9677551020408164,179.59183673469389,35,0.5,17.14814814814815,7,0.1,34,0.4857142857142857,35,0.5,0.22857142857142856,0.2571428571428571,0.07142857142857142,0.08571428571428572,5.261725074756391,5,69
1262,44,30,4.363636363636363,192,0.6818181818181818,3.198010745334156,0.8987914747127659,0.9473140495867769,299.58677685950414,26,0.5909090909090909,12.181818181818182,10,0.22727272727272727,24,0.5454545454545454,18,0.4090909090909091,0.3409090909090909,0.1590909090909091,0.06818181818181818,0.045454545454545456,4.61807820934971,6,43
1263,116,64,4.077586206896552,473,0.5517241379310345,4.201805851511121,0.8748930631716322,0.9629904875148632,283.8882282996433,58,0.5,12.104166666666666,22,0.1896551724137931,49,0.4224137931034483,58,0.5,0.29310344827586204,0.19827586206896552,0.04310344827586207,0.008620689655172414,5.432515712789995,12,115
1264,148,77,3.918918918918919,580,0.5202702702702703,4.4755340916370425,0.869245728195121,0.9658509861212565,273.92257121986853,66,0.44594594594594594,13.962264150943396,15,0.10135135135135136,54,0.36486486486486486,82,0.5540540540540541,0.22972972972972974,0.22297297297297297,0.04054054054054054,0.033783783783783786,5.671321096964644,19,147
1265,79,39,3.721518987341772,294,0.4936708860759494,3.102673408285347,0.8384495638416128,0.9421567056561447,451.85066495753887,42,0.5316455696202531,11.73076923076923,1,0.012658227848101266,24,0.3037974683544304,37,0.46835443037974683,0.31645569620253167,0.11392405063291139,0.10126582278481013,0.02531645569620253,4.764012832525913,14,78
1266,107,55,4.775700934579439,511,0.514018691588785,3.7597225986356477,0.8575818475691998,0.9651497947418989,255.0441086557778,67,0.6261682242990654,13.6,23,0.21495327102803738,36,0.3364485981308411,40,0.37383177570093457,0.205607476635514,0.205607476635514,0.018691588785046728,0.09345794392523364,5.324430454225613,9,106
1267,40,23,4.3,172,0.575,2.571478174124758,0.8499855457278126,0.9325,425.0,24,0.6,10.266666666666667,3,0.075,14,0.35,16,0.4,0.375,0.125,0.1,0.0,4.225070520364181,6,39
1268,105,66,3.780952380952381,397,0.6285714285714286,4.554432691659538,0.900234300854028,0.9725170068027211,179.59183673469389,48,0.45714285714285713,14.80952380952381,10,0.09523809523809523,52,0.49523809523809526,57,0.5428571428571428,0.23809523809523808,0.18095238095238095,0.047619047619047616,0.02857142857142857,5.661432780104361,8,104
1269,117,65,3.9316239316239314,460,0.5555555555555556,4.249182927993987,0.8765717773122282,0.9680765578201476,233.7643363284389,59,0.5042735042735043,14.063829787234043,9,0.07692307692307693,47,0.4017094017094017,58,0.49572649572649574,0.3076923076923077,0.15384615384615385,0.017094017094017096,0.03418803418803419,5.537992314034064,10,116
1270,64,38,4.0625,260,0.59375,3.3587572106361003,0.8746545855739309,0.958984375,253.90625,32,0.5,12.391304347826088,7,0.109375,24,0.375,32,0.5,0.328125,0.1875,0.046875,0.03125,4.952819531114783,6,63
1271,80,47,4.1,328,0.5875,3.7156762506978454,0.8786225923970437,0.95625,312.5,43,0.5375,10.970588235294118,13,0.1625,33,0.4125,37,0.4625,0.3,0.15,0.0875,0.0375,5.112143047909724,11,79
1272,46,31,4.130434782608695,190,0.6739130434782609,3.2319734178846593,0.896920564990534,0.943289224952741,349.7164461247637,22,0.4782608695652174,8.142857142857142,8,0.17391304347826086,25,0.5434782608695652,24,0.5217391304347826,0.2608695652173913,0.30434782608695654,0.0,0.021739130434782608,4.610170381469978,7,45
1273,58,39,3.7586206896551726,218,0.6724137931034483,3.6210590944525114,0.9022566347105647,0.961950059453032,208.0856123662307,28,0.4827586206896552,11.08,8,0.13793103448275862,27,0.46551724137931033,30,0.5172413793103449,0.27586206896551724,0.29310344827586204,0.017241379310344827,0.0,5.045577279976472,6,57
1274,59,42,4.0,236,0.711864406779661,3.866413395172958,0.9166487542302482,0.9640907785119218,189.60068945705257,32,0.5423728813559322,12.071428571428571,5,0.0847457627118644,34,0.576271186440678,27,0.4576271186440678,0.23728813559322035,0.1864406779661017,0.0847457627118644,0.06779661016949153,5.137318160361208,5,58
1275,91,49,4.9010989010989015,446,0.5384615384615384,3.632121651639396,0.8627669056170125,0.9619611158072696,270.4987320371936,47,0.5164835164835165,13.166666666666666,27,0.2967032967032967,32,0.3516483516483517,44,0.4835164835164835,0.1978021978021978,0.3076923076923077,0.04395604395604396,0.02197802197802198,5.207876192258724,11,90
1276,137,64,4.321167883211679,592,0.46715328467153283,3.8663813973131327,0.845304716838847,0.9635036496350365,291.97080291970804,76,0.5547445255474452,12.613636363636363,15,0.10948905109489052,39,0.2846715328467153,61,0.44525547445255476,0.27007299270072993,0.22627737226277372,0.0072992700729927005,0.06569343065693431,5.431652934012792,15,136
1277,67,37,4.3283582089552235,290,0.5522388059701493,3.1963131746510323,0.8587828503780741,0.9561149476498106,289.59679215860996,38,0.5671641791044776,11.285714285714286,14,0.208955223880597,24,0.3582089552238806,29,0.43283582089552236,0.31343283582089554,0.19402985074626866,0.029850746268656716,0.029850746268656716,4.8663796321353265,7,66
1278,61,40,4.524590163934426,276,0.6557377049180327,3.621429841700741,0.8973467870816714,0.9599570008062349,236.49556570814298,37,0.6065573770491803,10.65625,15,0.2459016393442623,30,0.4918032786885246,24,0.39344262295081966,0.3770491803278688,0.13114754098360656,0.03278688524590164,0.04918032786885246,5.026454395616487,7,60
1279,54,33,4.5,243,0.6111111111111112,3.1754264805429417,0.8765408737289972,0.9382716049382716,432.0987654320988,30,0.5555555555555556,13.105263157894736,5,0.09259259259259259,26,0.48148148148148145,24,0.4444444444444444,0.2962962962962963,0.12962962962962962,0.14814814814814814,0.037037037037037035,4.592035881432522,9,53
1280,51,36,4.254901960784314,217,0.7058823529411765,3.5645311547160277,0.9114134941872086,0.9611687812379854,192.23375624759709,32,0.6274509803921569,12.071428571428571,6,0.11764705882352941,27,0.5294117647058824,19,0.37254901960784315,0.3333333333333333,0.2549019607843137,0.058823529411764705,0.0,4.959395381646003,5,50
1281,75,46,4.373333333333333,328,0.6133333333333333,3.7558842722675396,0.8867752025733275,0.9674666666666667,192.0,44,0.5866666666666667,14.8125,10,0.13333333333333333,30,0.4,31,0.41333333333333333,0.28,0.2,0.04,0.05333333333333334,5.255569111033339,6,74
1282,82,55,4.195121951219512,344,0.6707317073170732,4.294778451936667,0.9093688434361399,0.9699583581201666,178.4651992861392,45,0.5487804878048781,13.974358974358974,12,0.14634146341463414,41,0.5,37,0.45121951219512196,0.3048780487804878,0.1951219512195122,0.024390243902439025,0.036585365853658534,5.484776011748613,7,81
1283,53,43,4.471698113207547,237,0.8113207547169812,4.176529208136236,0.9473359132247053,0.9690281238875045,121.03951584193663,29,0.5471698113207547,12.142857142857142,8,0.1509433962264151,37,0.6981132075471698,24,0.4528301886792453,0.2641509433962264,0.20754716981132076,0.0,0.09433962264150944,5.2682123795330025,5,52
1284,70,41,4.457142857142857,312,0.5857142857142857,3.465132444386918,0.8740911440712785,0.9595918367346938,261.2244897959184,35,0.5,14.392857142857142,13,0.18571428571428572,28,0.4,35,0.5,0.18571428571428572,0.3,0.014285714285714285,0.08571428571428572,5.017990874918956,7,69
1285,81,47,4.555555555555555,369,0.5802469135802469,3.6926687461964147,0.876138843844934,0.9687547629934461,188.995579942082,42,0.5185185185185185,11.6,19,0.2345679012345679,30,0.37037037037037035,39,0.48148148148148145,0.25925925925925924,0.24691358024691357,0.04938271604938271,0.037037037037037035,5.27844051583478,5,80
1286,79,50,4.531645569620253,358,0.6329113924050633,3.97778642087865,0.8953128947904458,0.9697163916039097,176.25380547989104,45,0.569620253164557,12.114285714285714,12,0.1518987341772152,35,0.4430379746835443,34,0.43037974683544306,0.24050632911392406,0.21518987341772153,0.10126582278481013,0.0759493670886076,5.368662988924862,6,78
1287,103,63,4.359223300970874,449,0.6116504854368932,4.389417990037192,0.8939324687405549,0.9672919219530587,229.99340182863605,52,0.5048543689320388,14.878048780487806,17,0.1650485436893204,48,0.46601941747572817,51,0.49514563106796117,0.24271844660194175,0.20388349514563106,0.04854368932038835,0.05825242718446602,5.54427974570998,12,102
1288,42,26,3.9761904761904763,167,0.6190476190476191,2.836832573067901,0.8716919553520774,0.945578231292517,306.1224489795918,24,0.5714285714285714,13.894736842105264,3,0.07142857142857142,17,0.40476190476190477,18,0.42857142857142855,0.2857142857142857,0.23809523809523808,0.07142857142857142,0.0,4.460902768522481,5,41
1289,59,39,3.847457627118644,227,0.6610169491525424,3.5902410098034614,0.8984740659108352,0.9594943981614478,235.56449296179258,33,0.559322033898305,18.40740740740741,5,0.0847457627118644,30,0.5084745762711864,26,0.4406779661016949,0.2542372881355932,0.23728813559322035,0.06779661016949153,0.05084745762711865,4.990622871682335,6,58
1290,57,38,4.754385964912281,271,0.6666666666666666,3.559026084010437,0.8997130926006459,0.9615266235764851,209.2951677439212,33,0.5789473684210527,9.125,15,0.2631578947368421,28,0.49122807017543857,24,0.42105263157894735,0.3508771929824561,0.19298245614035087,0.017543859649122806,0.0,4.999838374596948,5,56
1291,50,32,3.38,169,0.64,3.2,0.8859191006777896,0.9512,288.0,26,0.52,15.136363636363637,1,0.02,24,0.48,24,0.48,0.36,0.12,0.08,0.0,4.703465189601648,6,49
1292,110,69,4.163636363636364,458,0.6272727272727273,4.6519790509963705,0.9007816595535264,0.9695867768595041,213.22314049586777,60,0.5454545454545454,11.16326530612245,19,0.17272727272727273,52,0.4727272727272727,50,0.45454545454545453,0.2727272727272727,0.20909090909090908,0.08181818181818182,0.01818181818181818,5.689724397280379,13,109
1293,100,54,3.73,373,0.54,3.8183766184073566,0.8661968799114842,0.9563999999999999,336.0,52,0.52,14.6,7,0.07,40,0.4,48,0.48,0.32,0.16,0.03,0.02,5.187976439385307,12,99
1294,42,30,4.380952380952381,184,0.7142857142857143,3.2732683535398857,0.9099780689616576,0.9387755102040816,374.1496598639456,24,0.5714285714285714,11.842105263157896,5,0.11904761904761904,27,0.6428571428571429,18,0.42857142857142855,0.2857142857142857,0.21428571428571427,0.047619047619047616,0.023809523809523808,4.5405451010926345,6,41
1295,45,30,4.6,207,0.6666666666666666,3.162277660168379,0.89348540639004,0.9530864197530864,246.91358024691357,26,0.5777777777777777,12.666666666666666,9,0.2,22,0.4888888888888889,19,0.4222222222222222,0.26666666666666666,0.28888888888888886,0.022222222222222223,0.0,4.677871085594326,5,44
1296,38,29,4.105263157894737,156,0.7631578947368421,3.3265281411231453,0.925695140163981,0.9570637119113573,166.2049861495845,19,0.5,13.722222222222221,5,0.13157894736842105,23,0.6052631578947368,19,0.5,0.21052631578947367,0.2631578947368421,0.05263157894736842,0.0,4.714646921167524,3,37
1297,60,40,4.116666666666666,247,0.6666666666666666,3.6514837167011076,0.9009694709504106,0.9338888888888888,494.44444444444446,31,0.5166666666666667,11.689655172413794,4,0.06666666666666667,33,0.55,29,0.48333333333333334,0.3333333333333333,0.16666666666666666,0.0,0.016666666666666666,4.805128656677947,13,59
1298,35,26,3.857142857142857,135,0.7428571428571429,3.1075943842694236,0.916393129919492,0.9485714285714285,228.57142857142858,20,0.5714285714285714,12.842105263157896,3,0.08571428571428572,21,0.6,15,0.42857142857142855,0.37142857142857144,0.17142857142857143,0.02857142857142857,0.0,4.514718016821337,4,34
1299,52,40,4.519230769230769,235,0.7692307692307693,3.922322702763681,0.9335995744242056,0.9674556213017752,133.1360946745562,31,0.5961538461538461,11.296296296296296,7,0.1346153846153846,33,0.6346153846153846,21,0.40384615384615385,0.3076923076923077,0.21153846153846154,0.09615384615384616,0.0,5.156888516093201,4,51
1300,85,59,4.694117647058824,399,0.6941176470588235,4.525093434199485,0.9178162337070238,0.9749480968858132,132.8719723183391,48,0.5647058823529412,12.902439024390244,16,0.18823529411764706,48,0.5647058823529412,37,0.43529411764705883,0.25882352941176473,0.23529411764705882,0.08235294117647059,0.023529411764705882,5.625518106924873,5,84
1301,100,61,4.23,423,0.61,4.313351365237939,0.8926649175053835,0.967,230.0,58,0.58,12.181818181818182,12,0.12,46,0.46,42,0.42,0.33,0.15,0.05,0.03,5.513660689688194,12,99
1302,49,38,4.285714285714286,210,0.7755102040816326,3.838579669298401,0.9346747488552685,0.9612661391087047,183.2569762598917,27,0.5510204081632653,15.8,5,0.10204081632653061,32,0.6530612244897959,22,0.4489795918367347,0.30612244897959184,0.14285714285714285,0.08163265306122448,0.0,5.0378799970439765,6,48
1303,54,40,4.222222222222222,228,0.7407407407407407,3.849001794597505,0.9247666601452519,0.9602194787379972,212.62002743484226,32,0.5925925925925926,11.7,8,0.14814814814814814,34,0.6296296296296297,22,0.4074074074074074,0.37037037037037035,0.16666666666666666,0.037037037037037035,0.0,5.053511521035187,6,53
1304,60,42,4.666666666666667,280,0.7,3.8340579025361627,0.9128859482834645,0.9672222222222222,161.11111111111111,33,0.55,16.066666666666666,13,0.21666666666666667,31,0.5166666666666667,27,0.45,0.2833333333333333,0.23333333333333334,0.03333333333333333,0.06666666666666667,5.188233670962455,5,59
1305,128,73,4.421875,566,0.5703125,4.5625,0.8842606512685739,0.9757080078125,164.794921875,72,0.5625,11.784313725490197,23,0.1796875,49,0.3828125,56,0.4375,0.2890625,0.171875,0.109375,0.0234375,5.81317653907629,9,127
1306,119,58,4.159663865546219,495,0.48739495798319327,3.7595815966025534,0.8496208596406867,0.9641974436833557,273.9919497210649,66,0.5546218487394958,13.487804878048781,13,0.1092436974789916,37,0.31092436974789917,53,0.44537815126050423,0.2605042016806723,0.14285714285714285,0.14285714285714285,0.01680672268907563,5.348975351726419,12,118
1307,90,50,4.0777777777777775,367,0.5555555555555556,3.7267799624996494,0.8693752162946531,0.9592592592592593,296.2962962962963,43,0.4777777777777778,13.65625,8,0.08888888888888889,31,0.34444444444444444,47,0.5222222222222223,0.25555555555555554,0.17777777777777778,0.1,0.044444444444444446,5.230855381650911,13,89
1308,94,60,4.542553191489362,427,0.6382978723404256,4.375949744936837,0.9011839993742183,0.9692168401991852,201.44861928474424,56,0.5957446808510638,8.847826086956522,20,0.2127659574468085,45,0.4787234042553192,38,0.40425531914893614,0.32978723404255317,0.18085106382978725,0.0851063829787234,0.010638297872340425,5.53358705964532,8,93
1309,89,50,4.617977528089888,411,0.5617977528089888,3.747658444979307,0.8715393012915406,0.963009720994824,257.5432394899634,55,0.6179775280898876,8.0,17,0.19101123595505617,34,0.38202247191011235,34,0.38202247191011235,0.3707865168539326,0.14606741573033707,0.07865168539325842,0.02247191011235955,5.229996348673107,7,88
1310,73,37,3.9178082191780823,286,0.5068493150684932,3.0621417878287613,0.8416156736066757,0.9495214862075436,367.7988365547007,41,0.5616438356164384,9.416666666666666,6,0.0821917808219178,23,0.3150684931506849,32,0.4383561643835616,0.3424657534246575,0.1917808219178082,0.0136986301369863,0.0136986301369863,4.779305560102923,10,72
1311,59,34,3.8135593220338984,225,0.576271186440678,3.1299537008542995,0.8648260311837611,0.9468543521976442,361.96495259982765,34,0.576271186440678,13.0,4,0.06779661016949153,25,0.423728813559322,25,0.423728813559322,0.3220338983050847,0.23728813559322035,0.03389830508474576,0.01694915254237288,4.682427050834154,7,58
1312,59,41,3.5084745762711864,207,0.6949152542372882,3.774355933383126,0.9107389246062243,0.9617925883366848,212.5825912094226,28,0.4745762711864407,13.36,4,0.06779661016949153,34,0.576271186440678,31,0.5254237288135594,0.2542372881355932,0.23728813559322035,0.01694915254237288,0.01694915254237288,5.069521550191717,5,58
1313,57,41,4.0701754385964914,232,0.7192982456140351,3.8400018274849455,0.9185072908297028,0.96398891966759,184.67220683287167,26,0.45614035087719296,12.458333333333334,11,0.19298245614035087,32,0.5614035087719298,31,0.543859649122807,0.22807017543859648,0.2807017543859649,0.0,0.03508771929824561,5.126492426331573,6,56
1314,88,56,4.340909090909091,382,0.6363636363636364,4.221158824088691,0.8990504528760291,0.9604855371900826,281.5082644628099,41,0.4659090909090909,9.615384615384615,19,0.2159090909090909,46,0.5227272727272727,47,0.5340909090909091,0.22727272727272727,0.22727272727272727,0.03409090909090909,0.011363636363636364,5.3412085732519845,12,87
1315,78,47,4.076923076923077,318,0.6025641025641025,3.763011614419548,0.8837284645059836,0.952662721893491,345.1676528599605,41,0.5256410256410257,12.272727272727273,6,0.07692307692307693,34,0.4358974358974359,37,0.47435897435897434,0.2948717948717949,0.19230769230769232,0.05128205128205128,0.02564102564102564,5.107451528520564,13,77
1316,49,41,4.755102040816326,233,0.8367346938775511,4.141625432664064,0.9541992646749766,0.9645980841316119,149.9375260308205,31,0.6326530612244898,17.310344827586206,10,0.20408163265306123,37,0.7551020408163265,18,0.3673469387755102,0.2857142857142857,0.30612244897959184,0.04081632653061224,0.0,5.175734844026904,6,48
1317,82,58,4.390243902439025,360,0.7073170731707317,4.529039094769576,0.921420853635546,0.971743010113028,160.61867935752528,45,0.5487804878048781,12.05,12,0.14634146341463414,46,0.5609756097560976,37,0.45121951219512196,0.2804878048780488,0.2073170731707317,0.04878048780487805,0.024390243902439025,5.578597090216534,8,81
1318,89,53,4.179775280898877,372,0.5955056179775281,3.9725179516780655,0.8845207289065944,0.9662921348314607,224.7191011235955,45,0.5056179775280899,13.909090909090908,7,0.07865168539325842,33,0.3707865168539326,44,0.4943820224719101,0.21348314606741572,0.19101123595505617,0.06741573033707865,0.0449438202247191,5.399012247642497,11,88
1319,72,50,3.5,252,0.6944444444444444,4.166666666666667,0.9147365954132973,0.9656635802469136,204.47530864197532,36,0.5,18.676470588235293,4,0.05555555555555555,41,0.5694444444444444,36,0.5,0.25,0.19444444444444445,0.041666666666666664,0.027777777777777776,5.32785291139939,8,71
1320,73,45,3.9863013698630136,291,0.6164383561643836,3.7242264987106557,0.8872388941058076,0.9600300243948208,262.7134546819291,38,0.5205479452054794,12.375,10,0.136986301369863,35,0.4794520547945205,35,0.4794520547945205,0.3561643835616438,0.1232876712328767,0.0273972602739726,0.0684931506849315,5.107364969720381,8,72
1321,50,36,4.46,223,0.72,3.6,0.9160270615698787,0.9592,208.0,27,0.54,12.583333333333334,8,0.16,28,0.56,23,0.46,0.3,0.18,0.1,0.02,4.943465189601649,6,49
1322,62,38,3.9838709677419355,247,0.6129032258064516,3.412500738508723,0.8813830179379154,0.9568158168574402,270.55150884495316,33,0.532258064516129,9.24,6,0.0967741935483871,27,0.43548387096774194,29,0.46774193548387094,0.3225806451612903,0.1935483870967742,0.03225806451612903,0.03225806451612903,4.919696867041429,6,61
1323,49,32,4.408163265306122,216,0.6530612244897959,3.232488142567074,0.8905179677700554,0.9554352353186173,241.56601416076634,25,0.5102040816326531,11.95,7,0.14285714285714285,21,0.42857142857142855,24,0.4897959183673469,0.2857142857142857,0.20408163265306123,0.02040816326530612,0.0,4.773500028832073,5,48
1324,41,29,3.682926829268293,151,0.7073170731707317,3.2025142561705495,0.906753866493523,0.9518143961927424,237.9535990481856,22,0.5365853658536586,10.736842105263158,2,0.04878048780487805,22,0.5365853658536586,19,0.4634146341463415,0.34146341463414637,0.1951219512195122,0.0,0.0,4.647322358794577,5,40
1325,59,40,4.016949152542373,237,0.6779661016949152,3.6822984715932936,0.9046831586126398,0.9548980178109738,281.5282964665326,31,0.5254237288135594,12.571428571428571,3,0.05084745762711865,30,0.5084745762711864,28,0.4745762711864407,0.2711864406779661,0.15254237288135594,0.0847457627118644,0.03389830508474576,5.00062440500069,9,58
1326,54,39,4.592592592592593,248,0.7222222222222222,3.7527767497325675,0.9184197287740683,0.9602194787379972,212.62002743484226,32,0.5925925925925926,16.0,9,0.16666666666666666,30,0.5555555555555556,22,0.4074074074074074,0.2777777777777778,0.2037037037037037,0.037037037037037035,0.05555555555555555,5.0436583918566775,7,53
1327,53,38,4.188679245283019,222,0.7169811320754716,3.690886276957604,0.9162011859404885,0.9604841580633677,206.47917408330366,31,0.5849056603773585,8.0,6,0.11320754716981132,30,0.5660377358490566,22,0.41509433962264153,0.3584905660377358,0.20754716981132076,0.03773584905660377,0.018867924528301886,5.005945690289793,6,52
1328,112,68,4.071428571428571,456,0.6071428571428571,4.543441112511214,0.8942478996541482,0.9698660714285715,212.05357142857142,62,0.5535714285714286,13.76,9,0.08035714285714286,49,0.4375,50,0.44642857142857145,0.25892857142857145,0.20535714285714285,0.08928571428571429,0.026785714285714284,5.661305722693237,11,111
1329,105,51,3.7904761904761903,398,0.4857142857142857,3.519334352646007,0.844834364046794,0.9476643990929704,428.1179138321995,56,0.5333333333333333,14.11111111111111,8,0.0761904761904762,30,0.2857142857142857,49,0.4666666666666667,0.3238095238095238,0.10476190476190476,0.09523809523809523,0.0,5.093897472707559,19,104
1330,193,73,3.989637305699482,770,0.37823834196891193,3.7156021694827994,0.8152597411479382,0.9449381191441382,498.80533705602835,97,0.5025906735751295,15.28,19,0.09844559585492228,42,0.21761658031088082,96,0.49740932642487046,0.29015544041450775,0.12953367875647667,0.08808290155440414,0.031088082901554404,5.317884543197026,38,192
1331,91,59,3.8351648351648353,349,0.6483516483516484,4.373370968300497,0.9039380273348996,0.9689651008332326,200.4588817775631,48,0.5274725274725275,9.853658536585366,4,0.04395604395604396,45,0.4945054945054945,43,0.4725274725274725,0.2967032967032967,0.2087912087912088,0.01098901098901099,0.01098901098901099,5.528744267343743,10,90
1332,71,38,4.140845070422535,294,0.5352112676056338,3.1888891615274186,0.853356635884935,0.9541757587780202,317.39734179726247,38,0.5352112676056338,14.625,4,0.056338028169014086,23,0.323943661971831,33,0.4647887323943662,0.2676056338028169,0.2112676056338028,0.04225352112676056,0.028169014084507043,4.877863140296255,9,70
1333,88,45,4.204545454545454,370,0.5113636363636364,3.3920026264998406,0.8502068634776032,0.9545454545454545,340.90909090909093,46,0.5227272727272727,13.464285714285714,9,0.10227272727272728,27,0.3068181818181818,42,0.4772727272727273,0.26136363636363635,0.23863636363636365,0.011363636363636364,0.045454545454545456,5.031605022140202,12,87
1334,37,24,4.081081081081081,151,0.6486486486486487,2.789943329851663,0.8801235329165104,0.9349890430971511,379.8392987582177,22,0.5945945945945946,13.625,7,0.1891891891891892,18,0.4864864864864865,15,0.40540540540540543,0.40540540540540543,0.1891891891891892,0.0,0.05405405405405406,4.291232596682002,5,36
1335,95,63,4.421052631578948,420,0.6631578947368421,4.570500375693074,0.9098038495580311,0.9721883656509696,172.85318559556788,52,0.5473684210526316,9.26086956521739,19,0.2,51,0.5368421052631579,43,0.45263157894736844,0.35789473684210527,0.18947368421052632,0.06315789473684211,0.010526315789473684,5.6351820554944085,9,94
1336,100,63,4.46,446,0.63,4.4547727214752495,0.8996702747267907,0.9674,226.0,53,0.53,10.840909090909092,16,0.16,48,0.48,47,0.47,0.3,0.18,0.04,0.05,5.5557698367029955,11,99
1337,65,51,4.276923076923077,278,0.7846153846153846,4.472995898465849,0.9418928763700031,0.9746745562130178,99.40828402366864,32,0.49230769230769234,11.571428571428571,8,0.12307692307692308,41,0.6307692307692307,33,0.5076923076923077,0.23076923076923078,0.16923076923076924,0.09230769230769231,0.03076923076923077,5.524451998003837,5,64
1338,69,48,4.246376811594203,293,0.6956521739130435,4.086031347641994,0.9142899468175075,0.9674438143247217,180.63432052089897,35,0.5072463768115942,12.096774193548388,9,0.13043478260869565,38,0.5507246376811594,34,0.4927536231884058,0.30434782608695654,0.2318840579710145,0.043478260869565216,0.014492753623188406,5.316190623980237,7,68
1339,49,34,4.040816326530612,198,0.6938775510204082,3.4345186514775166,0.9060954140991849,0.9612661391087047,183.2569762598917,24,0.4897959183673469,11.0,9,0.1836734693877551,24,0.4897959183673469,25,0.5102040816326531,0.32653061224489793,0.24489795918367346,0.04081632653061224,0.0,4.905426425703709,4,48
1340,49,27,4.224489795918367,207,0.5510204081632653,2.727411870290969,0.8468625510803695,0.9379425239483549,416.49312786339027,23,0.46938775510204084,10.875,6,0.12244897959183673,16,0.32653061224489793,26,0.5306122448979592,0.3673469387755102,0.10204081632653061,0.02040816326530612,0.08163265306122448,4.415630507336362,8,48
1341,48,35,4.208333333333333,202,0.7291666666666666,3.572172541558802,0.9184095714667107,0.9618055555555556,173.61111111111111,28,0.5833333333333334,13.583333333333334,8,0.16666666666666666,28,0.5833333333333334,20,0.4166666666666667,0.3333333333333333,0.25,0.0625,0.020833333333333332,4.93872187554087,4,47
1342,61,42,4.180327868852459,255,0.6885245901639344,3.802501333785778,0.9092153497721114,0.9669443697930664,166.621875839828,33,0.5409836065573771,11.25925925925926,9,0.14754098360655737,31,0.5081967213114754,28,0.45901639344262296,0.3114754098360656,0.22950819672131148,0.03278688524590164,0.01639344262295082,5.178699583777192,5,60
1343,53,41,3.9245283018867925,208,0.7735849056603774,3.982272035664783,0.9353398056270041,0.9676041295834817,135.27945888216448,27,0.5094339622641509,11.0,5,0.09433962264150944,34,0.6415094339622641,26,0.49056603773584906,0.32075471698113206,0.22641509433962265,0.018867924528301886,0.0,5.185375407352565,4,52
1344,83,38,4.289156626506024,356,0.4578313253012048,2.949371997684065,0.8231992240924536,0.9441138046160547,438.38002612861084,45,0.5421686746987951,17.44,13,0.1566265060240964,24,0.2891566265060241,38,0.4578313253012048,0.25301204819277107,0.21686746987951808,0.0,0.03614457831325301,4.716550378847302,13,82
1345,57,34,3.8421052631578947,219,0.5964912280701754,3.1843917593777595,0.8722027723642676,0.9578331794398277,246.22960911049555,28,0.49122807017543857,9.652173913043478,6,0.10526315789473684,22,0.38596491228070173,29,0.5087719298245614,0.3333333333333333,0.21052631578947367,0.03508771929824561,0.0,4.833000216626301,5,56
1346,79,48,4.265822784810126,337,0.6075949367088608,3.8186749640435043,0.8859702968470452,0.9658708540298029,214.7091812209582,41,0.5189873417721519,15.1,12,0.1518987341772152,33,0.4177215189873418,38,0.4810126582278481,0.24050632911392406,0.20253164556962025,0.012658227848101266,0.0759493670886076,5.26739716614005,8,78
1347,68,38,4.073529411764706,277,0.5588235294117647,3.2584731177076676,0.8620878106856227,0.954152249134948,311.4186851211073,35,0.5147058823529411,12.96,8,0.11764705882352941,26,0.38235294117647056,33,0.4852941176470588,0.25,0.14705882352941177,0.0,0.1323529411764706,4.877113392370957,9,67
1348,52,30,3.6538461538461537,190,0.5769230769230769,2.9417420270727606,0.860791594724319,0.9445266272189349,362.4260355029586,25,0.4807692307692308,18.105263157894736,4,0.07692307692307693,19,0.36538461538461536,27,0.5192307692307693,0.2692307692307692,0.19230769230769232,0.019230769230769232,0.038461538461538464,4.572150593851532,7,51
1349,41,26,3.951219512195122,162,0.6341463414634146,2.87121967794601,0.8773484072743342,0.9494348602022605,261.74895895300415,20,0.4878048780487805,13.214285714285714,5,0.12195121951219512,17,0.4146341463414634,21,0.5121951219512195,0.3170731707317073,0.1951219512195122,0.0,0.0975609756097561,4.503416638553355,4,40
1350,90,55,4.155555555555556,374,0.6111111111111112,4.099457958749614,0.8905561521090628,0.9661728395061728,227.1604938271605,44,0.4888888888888889,13.470588235294118,10,0.1111111111111111,40,0.4444444444444444,46,0.5111111111111111,0.26666666666666666,0.16666666666666666,0.044444444444444446,0.06666666666666667,5.3994879310110635,10,89
1351,98,54,3.826530612244898,375,0.5510204081632653,3.857142857142857,0.870013596633164,0.9648063306955436,249.89587671803415,48,0.4897959183673469,12.5,8,0.08163265306122448,36,0.3673469387755102,50,0.5102040816326531,0.25510204081632654,0.17346938775510204,0.04081632653061224,0.030612244897959183,5.33871529039377,11,97
1352,65,40,4.092307692307692,266,0.6153846153846154,3.5082320772281173,0.8836936334865167,0.9600000000000001,246.15384615384616,37,0.5692307692307692,13.892857142857142,9,0.13846153846153847,27,0.4153846153846154,28,0.4307692307692308,0.2923076923076923,0.24615384615384617,0.07692307692307693,0.0,5.016458920947623,6,64
1353,71,42,4.0,284,0.5915492957746479,3.524561704846094,0.8768356353509822,0.9565562388414997,293.59254116246774,40,0.5633802816901409,11.74074074074074,7,0.09859154929577464,31,0.43661971830985913,31,0.43661971830985913,0.2676056338028169,0.2535211267605634,0.08450704225352113,0.028169014084507043,4.994266837570769,8,70
1354,74,44,3.864864864864865,286,0.5945945945945946,3.6167777207178604,0.8792129189433595,0.9481373265157048,383.4915997078159,39,0.527027027027027,12.5,3,0.04054054054054054,33,0.44594594594594594,35,0.47297297297297297,0.2972972972972973,0.17567567567567569,0.04054054054054054,0.04054054054054054,4.963766751204843,12,73
1355,61,33,3.901639344262295,238,0.5409836065573771,2.9876796194031114,0.8505509234761259,0.9341574845471647,494.4907282988444,31,0.5081967213114754,12.916666666666666,8,0.13114754098360656,24,0.39344262295081966,30,0.4918032786885246,0.36065573770491804,0.14754098360655737,0.0,0.01639344262295082,4.526842964931998,11,60
1356,57,40,4.368421052631579,249,0.7017543859649122,3.746343246326776,0.9123998707267673,0.9621421975992613,203.1394275161588,34,0.5964912280701754,11.785714285714286,9,0.15789473684210525,30,0.5263157894736842,23,0.40350877192982454,0.24561403508771928,0.2631578947368421,0.03508771929824561,0.017543859649122806,5.076409040853093,6,56
1357,71,37,5.0,355,0.5211267605633803,3.1049710256977496,0.8471004196427078,0.9577464788732394,281.6901408450704,47,0.6619718309859155,11.518518518518519,23,0.323943661971831,23,0.323943661971831,24,0.3380281690140845,0.15492957746478872,0.28169014084507044,0.04225352112676056,0.04225352112676056,4.873643472545133,6,70
1358,52,34,3.9423076923076925,205,0.6538461538461539,3.333974297349129,0.8924684923971717,0.9578402366863905,229.28994082840237,28,0.5384615384615384,16.227272727272727,6,0.11538461538461539,24,0.46153846153846156,24,0.46153846153846156,0.25,0.15384615384615385,0.09615384615384616,0.057692307692307696,4.847275718591088,5,51
1359,57,41,3.912280701754386,223,0.7192982456140351,3.8400018274849455,0.9185072908297028,0.9535241612803941,289.31979070483226,30,0.5263157894736842,9.89655172413793,7,0.12280701754385964,35,0.6140350877192983,27,0.47368421052631576,0.38596491228070173,0.17543859649122806,0.03508771929824561,0.017543859649122806,5.01194286470033,9,56
1360,50,31,4.52,226,0.62,3.1,0.8778034279758328,0.9464,336.0,31,0.62,11.0,10,0.2,25,0.5,19,0.38,0.38,0.22,0.08,0.0,4.597082261221978,5,49
1361,59,38,4.169491525423729,246,0.6440677966101694,3.4981835480136287,0.8921036801668408,0.9566216604424016,264.2918701522551,33,0.559322033898305,13.923076923076923,8,0.13559322033898305,29,0.4915254237288136,26,0.4406779661016949,0.2711864406779661,0.23728813559322035,0.1016949152542373,0.0,4.928733304658552,7,58
1362,47,33,4.042553191489362,190,0.7021276595744681,3.403690112654018,0.9081489654873212,0.9569941149841558,217.2928927116342,23,0.48936170212765956,12.105263157894736,8,0.1702127659574468,25,0.5319148936170213,24,0.5106382978723404,0.23404255319148937,0.2553191489361702,0.02127659574468085,0.02127659574468085,4.823428681962739,5,46
1363,58,43,4.103448275862069,238,0.7413793103448276,3.992449770806615,0.9263028950103188,0.9613555291319856,214.0309155766944,30,0.5172413793103449,10.214285714285714,11,0.1896551724137931,36,0.6206896551724138,28,0.4827586206896552,0.25862068965517243,0.22413793103448276,0.06896551724137931,0.017241379310344827,5.146582289457916,7,57
1364,79,37,4.0886075949367084,323,0.46835443037974683,2.943561951450201,0.8264014206292619,0.9453613203012338,419.8045185066496,39,0.4936708860759494,15.0,10,0.12658227848101267,20,0.25316455696202533,40,0.5063291139240507,0.31645569620253167,0.11392405063291139,0.05063291139240506,0.012658227848101266,4.751438452622483,13,78
1365,77,46,4.298701298701299,331,0.5974025974025974,3.7067856345167494,0.8814026008686303,0.9333783100016867,536.3467701130039,41,0.5324675324675324,12.114285714285714,10,0.12987012987012986,35,0.45454545454545453,36,0.4675324675324675,0.2727272727272727,0.14285714285714285,0.05194805194805195,0.05194805194805195,4.9082633747206215,17,76
1366,35,28,4.085714285714285,143,0.8,3.3466401061363023,0.9372372135006298,0.9551020408163264,163.26530612244898,21,0.6,10.882352941176471,4,0.11428571428571428,24,0.6857142857142857,14,0.4,0.2571428571428571,0.22857142857142856,0.11428571428571428,0.02857142857142857,4.664578373902382,3,34
1367,59,40,3.7457627118644066,221,0.6779661016949152,3.6822984715932936,0.9046831586126398,0.9594943981614478,235.56449296179258,31,0.5254237288135594,13.423076923076923,2,0.03389830508474576,32,0.5423728813559322,28,0.4745762711864407,0.2542372881355932,0.1864406779661017,0.05084745762711865,0.06779661016949153,5.023811956767649,7,58
1368,69,40,3.8550724637681157,266,0.5797101449275363,3.4050261230349945,0.8712297270058433,0.9498004620877967,357.0678428901491,37,0.5362318840579711,17.96153846153846,6,0.08695652173913043,29,0.42028985507246375,32,0.463768115942029,0.30434782608695654,0.15942028985507245,0.057971014492753624,0.043478260869565216,4.893623220316897,11,68
1369,72,46,3.986111111111111,287,0.6388888888888888,3.8333333333333335,0.8952397241077967,0.9525462962962963,335.64814814814815,36,0.5,10.741935483870968,9,0.125,35,0.4861111111111111,36,0.5,0.2777777777777778,0.19444444444444445,0.027777777777777776,0.027777777777777776,5.096533160954198,12,71
1370,105,63,3.8,399,0.6,4.347413023856832,0.8902385097138397,0.957641723356009,328.34467120181404,51,0.4857142857142857,15.976190476190476,9,0.08571428571428572,48,0.45714285714285713,54,0.5142857142857142,0.2571428571428571,0.2,0.02857142857142857,0.02857142857142857,5.439470315019869,17,104
1371,100,48,3.93,393,0.48,3.394112549695428,0.8406206186877936,0.9383999999999999,516.0,47,0.47,20.78787878787879,9,0.09,32,0.32,53,0.53,0.3,0.17,0.02,0.02,4.908534731499248,20,99
1372,146,69,3.8493150684931505,562,0.4726027397260274,4.0379195782665045,0.8496068863368363,0.9523362732219929,408.1441170951398,64,0.4383561643835616,16.142857142857142,12,0.0821917808219178,44,0.3013698630136986,82,0.5616438356164384,0.23972602739726026,0.19863013698630136,0.0410958904109589,0.06164383561643835,5.412634054511184,26,145
1373,83,50,4.228915662650603,351,0.6024096385542169,3.8807526285316643,0.8853052989795052,0.963855421686747,240.96385542168676,42,0.5060240963855421,12.59375,14,0.1686746987951807,32,0.3855421686746988,41,0.4939759036144578,0.24096385542168675,0.1927710843373494,0.03614457831325301,0.012048192771084338,5.296919630679891,10,82
1374,44,24,3.8181818181818183,168,0.5454545454545454,2.5584085962673253,0.8398241467241946,0.9287190082644629,485.53719008264466,22,0.5,8.0,3,0.06818181818181818,18,0.4090909090909091,22,0.5,0.3181818181818182,0.13636363636363635,0.022727272727272728,0.0,4.181276369602583,6,43
1375,37,28,4.216216216216216,156,0.7567567567567568,3.25493388482694,0.9228136974554144,0.9525200876552228,204.52885317750182,21,0.5675675675675675,10.473684210526315,3,0.08108108108108109,23,0.6216216216216216,16,0.43243243243243246,0.24324324324324326,0.3783783783783784,0.05405405405405406,0.02702702702702703,4.628108095241737,4,36
1376,49,34,4.285714285714286,210,0.6938775510204082,3.4345186514775166,0.9060954140991849,0.9512703040399834,283.2153269471054,28,0.5714285714285714,10.636363636363637,7,0.14285714285714285,27,0.5510204081632653,21,0.42857142857142855,0.3469387755102041,0.24489795918367346,0.0,0.04081632653061224,4.790090008266908,7,48
1377,107,64,4.579439252336448,490,0.5981308411214953,4.374949932957845,0.8900140002321705,0.9700410516202289,206.13153987247796,64,0.5981308411214953,11.183673469387756,21,0.19626168224299065,45,0.4205607476635514,43,0.40186915887850466,0.27102803738317754,0.1308411214953271,0.102803738317757,0.07476635514018691,5.616199435056207,12,106
1378,44,33,4.090909090909091,180,0.75,3.517811819867572,0.9239778921560264,0.9545454545454546,227.27272727272728,24,0.5454545454545454,10.409090909090908,4,0.09090909090909091,27,0.6136363636363636,20,0.45454545454545453,0.3181818181818182,0.18181818181818182,0.022727272727272728,0.022727272727272728,4.817052925307968,6,43
1379,72,36,3.6666666666666665,264,0.5,3.0,0.8379234756068777,0.9351851851851851,509.25925925925924,40,0.5555555555555556,14.23076923076923,4,0.05555555555555555,24,0.3333333333333333,32,0.4444444444444444,0.3472222222222222,0.16666666666666666,0.027777777777777776,0.0,4.625796225196012,14,71
1380,50,32,4.38,219,0.64,3.2,0.8859191006777896,0.9496000000000001,304.0,25,0.5,8.842105263157896,11,0.22,24,0.48,25,0.5,0.32,0.2,0.02,0.0,4.695337750470314,7,49
1381,90,53,3.9555555555555557,356,0.5888888888888889,3.950386760249628,0.882324410236827,0.9708641975308642,180.2469135802469,42,0.4666666666666667,13.387096774193548,9,0.1,33,0.36666666666666664,48,0.5333333333333333,0.26666666666666666,0.16666666666666666,0.03333333333333333,0.044444444444444446,5.445864590913918,8,89
1382,54,36,4.055555555555555,219,0.6666666666666666,3.4641016151377544,0.8983537904952533,0.9513031550068587,301.7832647462277,25,0.46296296296296297,14.454545454545455,8,0.14814814814814814,29,0.5370370370370371,29,0.5370370370370371,0.2037037037037037,0.2777777777777778,0.018518518518518517,0.09259259259259259,4.833138659370555,8,53
1383,58,38,3.8448275862068964,223,0.6551724137931034,3.5282114253639856,0.8958594296923456,0.9506539833531509,321.04637336504163,24,0.41379310344827586,13.5,7,0.1206896551724138,31,0.5344827586206896,34,0.5862068965517241,0.1896551724137931,0.27586206896551724,0.05172413793103448,0.08620689655172414,4.861870003561756,8,57
1384,56,30,4.053571428571429,227,0.5357142857142857,2.834733547569204,0.8449441546909893,0.9400510204081634,420.9183673469388,24,0.42857142857142855,10.68421052631579,8,0.14285714285714285,19,0.3392857142857143,32,0.5714285714285714,0.16071428571428573,0.2857142857142857,0.017857142857142856,0.16071428571428573,4.514432993594963,9,55
1385,58,36,4.258620689655173,247,0.6206896551724138,3.342516087186934,0.8825438330616715,0.9577883472057075,249.70273483947682,30,0.5172413793103449,14.043478260869565,6,0.10344827586206896,25,0.43103448275862066,28,0.4827586206896552,0.25862068965517243,0.25862068965517243,0.017241379310344827,0.017241379310344827,4.890067797068646,6,57
1386,82,46,4.048780487804878,332,0.5609756097560976,3.5919965234379396,0.8688189970046228,0.9622248661511005,255.80011897679952,34,0.4146341463414634,11.48,7,0.08536585365853659,28,0.34146341463414637,48,0.5853658536585366,0.24390243902439024,0.1951219512195122,0.012195121951219513,0.07317073170731707,5.1794622615189665,10,81
1387,50,34,4.14,207,0.68,3.4,0.9014161010104346,0.9528000000000001,272.0,28,0.56,18.095238095238095,7,0.14,26,0.52,22,0.44,0.3,0.26,0.0,0.04,4.805533250556853,7,49
1388,59,42,4.237288135593221,250,0.711864406779661,3.866413395172958,0.9166487542302482,0.9692617064062051,137.89141051422004,30,0.5084745762711864,12.846153846153847,11,0.1864406779661017,31,0.5254237288135594,29,0.4915254237288136,0.1864406779661017,0.288135593220339,0.06779661016949153,0.06779661016949153,5.221294744130416,4,58
1389,41,25,4.2926829268292686,176,0.6097560975609756,2.7607881518711634,0.8667869552683445,0.9327781082688875,428.3164782867341,23,0.5609756097560976,14.0,6,0.14634146341463414,18,0.43902439024390244,18,0.43902439024390244,0.24390243902439024,0.3170731707317073,0.024390243902439025,0.04878048780487805,4.304838359283202,7,40
1390,43,27,4.465116279069767,192,0.627906976744186,2.911484876492837,0.8762726695270717,0.9475392103839914,292.0497566252028,25,0.5813953488372093,10.333333333333334,6,0.13953488372093023,18,0.4186046511627907,18,0.4186046511627907,0.2558139534883721,0.27906976744186046,0.11627906976744186,0.0,4.5165109063587545,5,42
1391,63,33,4.2063492063492065,265,0.5238095238095238,2.939873661036668,0.8439280381576602,0.9533887629125725,307.3822121441169,32,0.5079365079365079,9.583333333333334,10,0.15873015873015872,20,0.31746031746031744,31,0.49206349206349204,0.30158730158730157,0.2698412698412698,0.015873015873015872,0.015873015873015872,4.723411376520695,6,62
1392,67,39,4.432835820895522,297,0.582089552238806,3.3690868597673043,0.871303083900649,0.9587881488081977,262.86478057473823,33,0.4925373134328358,9.333333333333334,14,0.208955223880597,26,0.3880597014925373,34,0.5074626865671642,0.22388059701492538,0.29850746268656714,0.04477611940298507,0.029850746268656716,4.956556407955721,6,66
1393,72,51,4.291666666666667,309,0.7083333333333334,4.25,0.9193669843062081,0.970679012345679,154.320987654321,39,0.5416666666666666,13.151515151515152,8,0.1111111111111111,41,0.5694444444444444,33,0.4583333333333333,0.2777777777777778,0.2222222222222222,0.05555555555555555,0.013888888888888888,5.420283772955689,5,71
1394,91,53,4.164835164835165,379,0.5824175824175825,3.9286213783038364,0.8801630615664778,0.967032967032967,219.78021978021977,46,0.5054945054945055,12.588235294117647,7,0.07692307692307693,37,0.4065934065934066,45,0.4945054945054945,0.24175824175824176,0.1978021978021978,0.04395604395604396,0.08791208791208792,5.359404602132568,9,90
1395,62,41,3.870967741935484,240,0.6612903225806451,3.6819086915488857,0.8997943173744595,0.9562955254942769,275.7544224765869,31,0.5,16.17241379310345,5,0.08064516129032258,31,0.5,31,0.5,0.3548387096774194,0.14516129032258066,0.016129032258064516,0.04838709677419355,5.025988648747606,9,61
1396,83,52,3.855421686746988,320,0.6265060240963856,4.035982733672931,0.8941810916668632,0.9580490637247787,299.0274350413703,42,0.5060240963855421,14.272727272727273,4,0.04819277108433735,41,0.4939759036144578,41,0.4939759036144578,0.30120481927710846,0.18072289156626506,0.03614457831325301,0.060240963855421686,5.245538154698081,12,82
1397,41,21,3.5365853658536586,145,0.5121951219512195,2.3190620475717774,0.819836637888477,0.9185008923259965,571.0886377156454,17,0.4146341463414634,8.583333333333334,4,0.0975609756097561,15,0.36585365853658536,24,0.5853658536585366,0.3170731707317073,0.24390243902439024,0.0,0.024390243902439025,3.973916493564412,6,40
1398,106,72,4.3584905660377355,462,0.6792452830188679,4.944980302152805,0.9170627154572811,0.9793520825916696,112.13955144179424,51,0.4811320754716981,12.085106382978724,15,0.14150943396226415,54,0.5094339622641509,55,0.5188679245283019,0.20754716981132076,0.2358490566037736,0.04716981132075472,0.0660377358490566,5.918971341715506,6,105
1399,92,62,4.0978260869565215,377,0.6739130434782609,4.570700640801811,0.912721661953177,0.9730623818525519,160.68052930056712,42,0.45652173913043476,14.526315789473685,7,0.07608695652173914,49,0.532608695652174,50,0.5434782608695652,0.22826086956521738,0.22826086956521738,0.06521739130434782,0.010869565217391304,5.637412092629516,7,91
1400,55,40,4.181818181818182,230,0.7272727272727273,3.8138503569823694,0.9205322551436259,0.9540495867768596,277.68595041322317,30,0.5454545454545454,9.241379310344827,11,0.2,35,0.6363636363636364,25,0.45454545454545453,0.38181818181818183,0.14545454545454545,0.01818181818181818,0.01818181818181818,4.981359713524657,8,54
1401,67,43,4.268656716417911,286,0.6417910447761194,3.7146342299998483,0.8945243936139042,0.96458008465137,204.94542214301626,36,0.5373134328358209,12.517241379310345,10,0.14925373134328357,31,0.4626865671641791,31,0.4626865671641791,0.31343283582089554,0.19402985074626866,0.0,0.029850746268656716,5.149908922021141,6,66
1402,82,47,4.414634146341464,362,0.573170731707317,3.670083404382243,0.8736993181719662,0.9675788221296847,202.26055919095776,43,0.524390243902439,14.32258064516129,11,0.13414634146341464,30,0.36585365853658536,39,0.47560975609756095,0.3048780487804878,0.17073170731707318,0.012195121951219513,0.06097560975609756,5.2625465175227095,7,81
1403,55,35,4.054545454545455,223,0.6363636363636364,3.337119062359573,0.887210495646162,0.9428099173553719,390.08264462809916,29,0.5272727272727272,13.307692307692308,8,0.14545454545454545,26,0.4727272727272727,26,0.4727272727272727,0.36363636363636365,0.2,0.01818181818181818,0.0,4.736197105245311,10,54
1404,55,41,4.381818181818182,241,0.7454545454545455,3.9091966159069287,0.9266941117821922,0.9626446280991736,191.73553719008265,33,0.6,11.714285714285714,13,0.23636363636363636,35,0.6363636363636364,22,0.4,0.3090909090909091,0.21818181818181817,0.07272727272727272,0.0,5.1082769860945865,6,54
1405,126,71,4.015873015873016,506,0.5634920634920635,4.472579597275855,0.8813960722418415,0.962711010330058,293.52481733434115,66,0.5238095238095238,12.38,11,0.0873015873015873,53,0.42063492063492064,60,0.47619047619047616,0.2698412698412698,0.15873015873015872,0.10317460317460317,0.015873015873015872,5.582012317070034,18,125
1406,151,87,4.125827814569536,623,0.5761589403973509,5.006287437541394,0.890105448351798,0.9669751326696198,264.02350774088853,78,0.5165562913907285,12.4375,16,0.10596026490066225,66,0.4370860927152318,73,0.48344370860927155,0.2185430463576159,0.2119205298013245,0.06622516556291391,0.07947019867549669,5.8487447902257,20,150
1407,81,49,3.814814814814815,309,0.6049382716049383,3.849803586460092,0.8856218745807111,0.9675354366712391,201.18884316415182,38,0.4691358024691358,15.533333333333333,3,0.037037037037037035,32,0.3950617283950617,43,0.5308641975308642,0.25925925925925924,0.1728395061728395,0.04938271604938271,0.0,5.314719602395021,7,80
1408,59,31,4.067796610169491,240,0.5254237288135594,2.8537813154848024,0.8421718382053309,0.9491525423728813,338.9830508474576,33,0.559322033898305,13.454545454545455,11,0.1864406779661017,18,0.3050847457627119,26,0.4406779661016949,0.3728813559322034,0.1864406779661017,0.06779661016949153,0.0,4.630264822040979,7,58
1409,73,37,3.8767123287671232,283,0.5068493150684932,3.0621417878287613,0.8416156736066757,0.9513980108838431,349.03358979170577,42,0.5753424657534246,7.888888888888889,10,0.136986301369863,24,0.3287671232876712,31,0.4246575342465753,0.3835616438356164,0.2054794520547945,0.0410958904109589,0.0136986301369863,4.7833720319888275,8,72
1410,105,49,4.40952380952381,463,0.4666666666666667,3.381321240777536,0.836238387372359,0.9643537414965986,261.2244897959184,53,0.5047619047619047,13.34375,19,0.18095238095238095,29,0.2761904761904762,52,0.49523809523809526,0.22857142857142856,0.23809523809523808,0.047619047619047616,0.05714285714285714,5.191328109638174,8,104
1411,48,28,3.8125,183,0.5833333333333334,2.8577380332470415,0.8607676276137675,0.943576388888889,355.90277777777777,24,0.5,11.833333333333334,3,0.0625,20,0.4166666666666667,24,0.5,0.25,0.2708333333333333,0.020833333333333332,0.041666666666666664,4.476227480952957,5,47
1412,81,41,4.246913580246914,344,0.5061728395061729,3.2212642254053834,0.8450597415049887,0.9574759945130316,301.7832647462277,41,0.5061728395061729,13.857142857142858,12,0.14814814814814814,22,0.2716049382716049,40,0.49382716049382713,0.2222222222222222,0.24691358024691357,0.037037037037037035,0.037037037037037035,4.989748195029174,10,80
1413,59,35,3.830508474576271,226,0.5932203389830508,3.2220111626441317,0.8719351104434934,0.9491525423728813,338.9830508474576,31,0.5254237288135594,9.130434782608695,5,0.0847457627118644,25,0.423728813559322,28,0.4745762711864407,0.3220338983050847,0.13559322033898305,0.0847457627118644,0.01694915254237288,4.750223661003645,7,58
1414,74,42,3.9864864864864864,295,0.5675675675675675,3.452378733412503,0.8684045285897042,0.9554419284149014,310.445580715851,38,0.5135135135135135,11.703703703703704,6,0.08108108108108109,30,0.40540540540540543,36,0.4864864864864865,0.3108108108108108,0.13513513513513514,0.04054054054054054,0.04054054054054054,4.967343271562822,8,73
1415,97,57,4.597938144329897,446,0.5876288659793815,4.092361504121107,0.8837828852648599,0.9714103517908386,182.80369858645977,55,0.5670103092783505,12.864864864864865,19,0.1958762886597938,38,0.3917525773195876,42,0.4329896907216495,0.2268041237113402,0.23711340206185566,0.05154639175257732,0.10309278350515463,5.5107505690763645,8,96
1416,92,47,4.076086956521739,375,0.5108695652173914,3.4648859696400827,0.851465639338383,0.9569943289224953,321.36105860113423,46,0.5,6.8125,12,0.13043478260869565,32,0.34782608695652173,46,0.5,0.25,0.2391304347826087,0.021739130434782608,0.06521739130434782,5.062129017295148,10,91
1417,90,59,4.511111111111111,406,0.6555555555555556,4.397600355749586,0.9061577583583547,0.9708641975308642,180.2469135802469,41,0.45555555555555555,7.7272727272727275,15,0.16666666666666666,46,0.5111111111111111,49,0.5444444444444444,0.2111111111111111,0.28888888888888886,0.044444444444444446,0.03333333333333333,5.5485880631121,8,89
1418,52,38,4.038461538461538,210,0.7307692307692307,3.7262065676254967,0.9206180177193294,0.9622781065088757,184.9112426035503,24,0.46153846153846156,11.5,8,0.15384615384615385,29,0.5576923076923077,28,0.5384615384615384,0.25,0.1346153846153846,0.11538461538461539,0.019230769230769232,5.041503900708586,6,51
1419,85,57,3.764705882352941,320,0.6705882352941176,4.371700436430011,0.9100537121674841,0.9655363321799308,226.98961937716263,42,0.49411764705882355,13.0,7,0.08235294117647059,45,0.5294117647058824,43,0.5058823529411764,0.2235294117647059,0.17647058823529413,0.058823529411764705,0.07058823529411765,5.4644684618847545,11,84
1420,127,79,3.748031496062992,476,0.6220472440944882,4.956900860591452,0.9019981628458049,0.9712939425878853,208.3204166408333,60,0.47244094488188976,12.78,13,0.10236220472440945,63,0.49606299212598426,67,0.5275590551181102,0.2283464566929134,0.18110236220472442,0.06299212598425197,0.05511811023622047,5.842251006505866,15,126
1421,70,49,4.185714285714286,293,0.7,4.141255848169731,0.9160467592364109,0.9636734693877551,220.40816326530611,37,0.5285714285714286,13.142857142857142,9,0.12857142857142856,39,0.5571428571428572,33,0.4714285714285714,0.22857142857142856,0.22857142857142856,0.08571428571428572,0.04285714285714286,5.300153016697715,9,69
1422,65,48,4.092307692307692,266,0.7384615384615385,4.209878492673741,0.9273698774490261,0.9699408284023668,146.74556213017752,36,0.5538461538461539,15.28125,7,0.1076923076923077,38,0.5846153846153846,29,0.4461538461538462,0.2153846153846154,0.24615384615384617,0.07692307692307693,0.015384615384615385,5.372142236005527,6,64
1423,62,39,3.7903225806451615,235,0.6290322580645161,3.502303389522111,0.8876768489547547,0.9640998959417274,197.71071800208117,29,0.46774193548387094,13.818181818181818,7,0.11290322580645161,26,0.41935483870967744,33,0.532258064516129,0.20967741935483872,0.2903225806451613,0.016129032258064516,0.03225806451612903,5.052997875210628,5,61
1424,75,54,4.24,318,0.72,4.409081537009721,0.9239131508105141,0.9756444444444445,110.22222222222223,39,0.52,16.125,13,0.17333333333333334,39,0.52,36,0.48,0.2,0.28,0.05333333333333334,0.05333333333333334,5.58395831747455,5,74
1425,71,50,4.028169014084507,286,0.704225352112676,4.195906791483446,0.9177379297230838,0.9621106923229518,238.04800634794682,39,0.5492957746478874,17.4,8,0.11267605633802817,41,0.5774647887323944,32,0.4507042253521127,0.2535211267605634,0.2112676056338028,0.056338028169014086,0.056338028169014086,5.293493774160013,9,70
1426,72,48,4.375,315,0.6666666666666666,4.0,0.9051913109828058,0.9672067901234568,189.04320987654322,37,0.5138888888888888,12.4,13,0.18055555555555555,37,0.5138888888888888,35,0.4861111111111111,0.19444444444444445,0.3194444444444444,0.05555555555555555,0.06944444444444445,5.2994939672331896,7,71
1427,77,45,4.428571428571429,341,0.5844155844155844,3.626203338114211,0.8763427732326594,0.9671108112666554,199.0217574633159,40,0.5194805194805194,12.535714285714286,17,0.22077922077922077,27,0.35064935064935066,37,0.4805194805194805,0.23376623376623376,0.2597402597402597,0.06493506493506493,0.03896103896103896,5.228914502241739,7,76
1428,44,35,4.25,187,0.7954545454545454,3.7310125362231825,0.9395269279378322,0.9607438016528926,165.28925619834712,25,0.5681818181818182,8.12,5,0.11363636363636363,30,0.6818181818181818,19,0.4318181818181818,0.2727272727272727,0.22727272727272727,0.0,0.06818181818181818,4.951146891896381,5,43
1429,54,32,3.9814814814814814,215,0.5925925925925926,3.079201435678004,0.8688267143571999,0.9423868312757201,390.94650205761315,23,0.42592592592592593,14.222222222222221,4,0.07407407407407407,23,0.42592592592592593,31,0.5740740740740741,0.25925925925925924,0.25925925925925924,0.018518518518518517,0.0,4.601838196487721,8,53
1430,65,38,4.123076923076923,268,0.5846153846153846,3.332820473366711,0.8714060111191668,0.9552662721893491,293.49112426035504,30,0.46153846153846156,15.409090909090908,7,0.1076923076923077,27,0.4153846153846154,35,0.5384615384615384,0.24615384615384617,0.18461538461538463,0.015384615384615385,0.015384615384615385,4.891448197577272,8,64
1431,61,44,4.327868852459017,264,0.7213114754098361,3.9835728258708154,0.9205316823018733,0.9712442891695781,123.6226820747111,30,0.4918032786885246,11.307692307692308,6,0.09836065573770492,32,0.5245901639344263,31,0.5081967213114754,0.29508196721311475,0.14754098360655737,0.01639344262295082,0.03278688524590164,5.303447788276156,4,60
1432,54,40,3.9444444444444446,213,0.7407407407407407,3.849001794597505,0.9247666601452519,0.9609053497942386,205.76131687242798,30,0.5555555555555556,13.296296296296296,3,0.05555555555555555,33,0.6111111111111112,24,0.4444444444444444,0.2777777777777778,0.2222222222222222,0.037037037037037035,0.037037037037037035,5.067490919223399,6,53
1433,55,37,4.0181818181818185,221,0.6727272727272727,3.5278115802086916,0.9010775360409045,0.9474380165289257,343.801652892562,31,0.5636363636363636,10.807692307692308,5,0.09090909090909091,31,0.5636363636363636,24,0.43636363636363634,0.36363636363636365,0.14545454545454545,0.05454545454545454,0.01818181818181818,4.8214690313524535,9,54
1434,57,32,4.105263157894737,234,0.5614035087719298,2.9970745970614208,0.8572080028695672,0.9338257925515544,486.3034779932287,34,0.5964912280701754,11.80952380952381,3,0.05263157894736842,24,0.42105263157894735,23,0.40350877192982454,0.3333333333333333,0.21052631578947367,0.03508771929824561,0.03508771929824561,4.4987110251790545,10,56
1435,75,48,3.92,294,0.64,3.9191835884530852,0.8966326968615832,0.9710222222222222,156.44444444444446,36,0.48,14.178571428571429,5,0.06666666666666667,33,0.44,39,0.52,0.18666666666666668,0.25333333333333335,0.05333333333333334,0.10666666666666667,5.35703098402583,5,74
1436,87,49,4.011494252873563,349,0.5632183908045977,3.7146804135366267,0.8714510452765631,0.9655172413793104,229.88505747126436,38,0.4367816091954023,16.966666666666665,9,0.10344827586206896,34,0.39080459770114945,49,0.5632183908045977,0.12643678160919541,0.3103448275862069,0.04597701149425287,0.12643678160919541,5.2446119626472205,7,86
1437,83,41,4.096385542168675,340,0.4939759036144578,3.1822171553959646,0.8403951163461485,0.9571781100304835,307.73697198432285,34,0.40963855421686746,12.625,7,0.08433734939759036,25,0.30120481927710846,49,0.5903614457831325,0.1686746987951807,0.26506024096385544,0.0,0.08433734939759036,4.952688678957635,9,82
1438,84,51,3.9047619047619047,328,0.6071428571428571,3.9347354240333434,0.8873816750335397,0.9725056689342404,155.89569160997732,36,0.42857142857142855,12.580645161290322,9,0.10714285714285714,34,0.40476190476190477,48,0.5714285714285714,0.2261904761904762,0.19047619047619047,0.023809523809523808,0.08333333333333333,5.427798970294786,4,83
1439,41,32,4.2682926829268295,175,0.7804878048780488,3.533808834395089,0.9332620561947168,0.958953004164188,166.56751933372993,24,0.5853658536585366,11.043478260869565,6,0.14634146341463414,27,0.6585365853658537,17,0.4146341463414634,0.36585365853658536,0.17073170731707318,0.07317073170731707,0.0,4.832923345975962,4,40
1440,69,44,3.8550724637681157,266,0.6376811594202898,3.745528735338494,0.8937398314873533,0.9640831758034026,214.2407057340895,37,0.5362318840579711,17.214285714285715,5,0.07246376811594203,32,0.463768115942029,32,0.463768115942029,0.2608695652173913,0.18840579710144928,0.014492753623188406,0.057971014492753624,5.162376449312308,6,68
1441,95,57,4.6,437,0.6,4.135214625627067,0.8878262113962304,0.9704155124653739,190.58171745152356,49,0.5157894736842106,11.447368421052632,19,0.2,39,0.4105263157894737,46,0.4842105263157895,0.24210526315789474,0.15789473684210525,0.09473684210526316,0.042105263157894736,5.495759818675076,8,94
1442,66,39,3.9545454545454546,261,0.5909090909090909,3.3945142911361077,0.8744304415780281,0.9504132231404959,344.3526170798898,33,0.5,10.44,4,0.06060606060606061,28,0.42424242424242425,33,0.5,0.2878787878787879,0.15151515151515152,0.045454545454545456,0.045454545454545456,4.876309514361476,10,65
1443,94,53,3.9574468085106385,372,0.5638297872340425,3.8654222746942057,0.873879442964168,0.9642372114078768,251.24490719782708,50,0.5319148936170213,13.028571428571428,9,0.09574468085106383,34,0.3617021276595745,44,0.46808510638297873,0.2553191489361702,0.20212765957446807,0.09574468085106383,0.0425531914893617,5.347959298458887,12,93
1444,105,60,4.085714285714285,429,0.5714285714285714,4.140393356054125,0.8797549300314771,0.9650793650793651,253.96825396825398,62,0.5904761904761905,13.361702127659575,13,0.12380952380952381,42,0.4,43,0.4095238095238095,0.3047619047619048,0.1619047619047619,0.09523809523809523,0.01904761904761905,5.44763867519287,12,104
1445,63,40,4.285714285714286,270,0.6349206349206349,3.5634832254989917,0.8903595218895451,0.9589317208364828,251.95263290501387,33,0.5238095238095238,7.642857142857143,12,0.19047619047619047,31,0.49206349206349204,30,0.47619047619047616,0.2857142857142857,0.25396825396825395,0.09523809523809523,0.015873015873015872,4.989361971793132,6,62
1446,77,51,4.363636363636363,336,0.6623376623376623,4.109697116529439,0.9051569421004246,0.9691347613425536,178.78225670433463,44,0.5714285714285714,10.0,17,0.22077922077922077,40,0.5194805194805194,33,0.42857142857142855,0.2987012987012987,0.2077922077922078,0.1038961038961039,0.012987012987012988,5.3754983526028175,6,76
1447,53,32,3.9622641509433962,210,0.6037735849056604,3.1081147595432452,0.8729171502402246,0.9483802064791741,327.5186899252403,29,0.5471698113207547,8.0,8,0.1509433962264151,22,0.41509433962264153,24,0.4528301886792453,0.2641509433962264,0.32075471698113206,0.018867924528301886,0.018867924528301886,4.671014559638603,7,52
1448,48,27,4.333333333333333,208,0.5625,2.7556759606310757,0.8513732189875035,0.9375,416.6666666666667,24,0.5,6.529411764705882,9,0.1875,19,0.3958333333333333,24,0.5,0.22916666666666666,0.3541666666666667,0.0,0.041666666666666664,4.38388990792109,7,47
1449,69,38,4.260869565217392,294,0.5507246376811594,3.234774816883245,0.8591154133172628,0.9493803822726318,361.26864104179793,35,0.5072463768115942,7.4,15,0.21739130434782608,27,0.391304347826087,34,0.4927536231884058,0.2463768115942029,0.30434782608695654,0.014492753623188406,0.057971014492753624,4.812030081323078,10,68
1450,72,47,4.472222222222222,322,0.6527777777777778,3.9166666666666665,0.9002684555126956,0.9614197530864197,246.91358024691357,37,0.5138888888888888,10.818181818181818,15,0.20833333333333334,39,0.5416666666666666,35,0.4861111111111111,0.2638888888888889,0.3194444444444444,0.05555555555555555,0.041666666666666664,5.177092453451148,8,71
1451,81,53,4.308641975308642,349,0.654320987654321,4.1640732669874465,0.9034788602186173,0.9605243103185489,271.3001066910532,43,0.5308641975308642,15.0,17,0.20987654320987653,43,0.5308641975308642,38,0.4691358024691358,0.19753086419753085,0.3333333333333333,0.09876543209876543,0.06172839506172839,5.295795372881057,9,80
1452,73,44,4.2465753424657535,310,0.6027397260273972,3.6414659098504187,0.8820010271220229,0.9540251454306623,322.76224432351285,36,0.4931506849315068,8.333333333333334,16,0.2191780821917808,34,0.4657534246575342,37,0.5068493150684932,0.2328767123287671,0.3150684931506849,0.0410958904109589,0.0273972602739726,5.011206750423751,9,72
1453,81,44,3.9382716049382718,319,0.5432098765432098,3.456966485800899,0.8611294614467632,0.9623532998018595,253.0102118579485,40,0.49382716049382713,8.933333333333334,12,0.14814814814814814,28,0.345679012345679,41,0.5061728395061729,0.2222222222222222,0.32098765432098764,0.037037037037037035,0.037037037037037035,5.106119640021692,7,80
1454,74,47,4.013513513513513,297,0.6351351351351351,3.8633762016758966,0.8945374938193158,0.9627465303140978,237.39956172388605,38,0.5135135135135135,10.484848484848484,8,0.10810810810810811,34,0.4594594594594595,36,0.4864864864864865,0.28378378378378377,0.1891891891891892,0.02702702702702703,0.02702702702702703,5.211151973994801,8,73
1455,52,40,3.9423076923076925,205,0.7692307692307693,3.922322702763681,0.9335995744242056,0.9659763313609467,147.92899408284023,29,0.5576923076923077,11.962962962962964,7,0.1346153846153846,33,0.6346153846153846,23,0.4423076923076923,0.34615384615384615,0.23076923076923078,0.019230769230769232,0.038461538461538464,5.140450958934099,5,51
1456,80,55,4.4125,353,0.6875,4.348131782731521,0.9144931145610676,0.96875,187.5,43,0.5375,14.194444444444445,14,0.175,43,0.5375,37,0.4625,0.3375,0.1875,0.0,0.0375,5.46861981355623,8,79
1457,91,58,4.43956043956044,404,0.6373626373626373,4.299246036634387,0.9001484095614787,0.9687235841081995,202.87404902789518,52,0.5714285714285714,13.883720930232558,17,0.18681318681318682,43,0.4725274725274725,39,0.42857142857142855,0.3626373626373626,0.15384615384615385,0.06593406593406594,0.01098901098901099,5.506766245365723,10,90
1458,61,43,4.573770491803279,279,0.7049180327868853,3.8930370798282965,0.9149393145999464,0.9647944101048106,188.12147272238644,35,0.5737704918032787,15.71875,13,0.21311475409836064,35,0.5737704918032787,26,0.4262295081967213,0.3442622950819672,0.14754098360655737,0.01639344262295082,0.04918032786885246,5.164687239969433,5,60
1459,84,55,4.678571428571429,393,0.6547619047619048,4.243342123957527,0.9044231271937502,0.9685374149659864,195.57823129251702,43,0.5119047619047619,12.222222222222221,17,0.20238095238095238,43,0.5119047619047619,41,0.4880952380952381,0.3333333333333333,0.13095238095238096,0.07142857142857142,0.03571428571428571,5.442621738126173,8,83
1460,64,37,4.171875,267,0.578125,3.270368862987782,0.8682422276048251,0.95947265625,249.0234375,35,0.546875,12.88,7,0.109375,22,0.34375,29,0.453125,0.390625,0.140625,0.0625,0.03125,4.938810203736037,7,63
1461,74,44,4.756756756756757,352,0.5945945945945946,3.6167777207178604,0.8792129189433595,0.9638422205989773,226.4426588750913,42,0.5675675675675675,12.925925925925926,16,0.21621621621621623,30,0.40540540540540543,32,0.43243243243243246,0.32432432432432434,0.16216216216216217,0.05405405405405406,0.04054054054054054,5.1493794200360545,7,73
1462,86,53,4.0813953488372094,351,0.6162790697674418,4.041212113814024,0.8913296717773852,0.9680908599242835,202.8123309897242,42,0.4883720930232558,14.21875,8,0.09302325581395349,38,0.4418604651162791,44,0.5116279069767442,0.3023255813953488,0.1511627906976744,0.046511627906976744,0.011627906976744186,5.38642845278093,7,85
1463,65,47,4.384615384615385,285,0.7230769230769231,4.122172690743038,0.9223264045183607,0.9708875739644971,137.27810650887574,33,0.5076923076923077,12.481481481481481,8,0.12307692307692308,36,0.5538461538461539,32,0.49230769230769234,0.3230769230769231,0.13846153846153847,0.03076923076923077,0.03076923076923077,5.358992190278245,5,64
1464,71,53,4.549295774647887,323,0.7464788732394366,4.447661198972452,0.9314074779426934,0.973219599285856,126.95893671890498,40,0.5633802816901409,16.289473684210527,12,0.16901408450704225,43,0.6056338028169014,31,0.43661971830985913,0.352112676056338,0.14084507042253522,0.08450704225352113,0.014084507042253521,5.5197604159384746,5,70
1465,72,50,4.388888888888889,316,0.6944444444444444,4.166666666666667,0.9147365954132973,0.9645061728395061,216.0493827160494,36,0.5,12.709677419354838,11,0.1527777777777778,40,0.5555555555555556,36,0.5,0.3194444444444444,0.16666666666666666,0.05555555555555555,0.013888888888888888,5.325564063671882,9,71
1466,94,57,4.627659574468085,435,0.6063829787234043,4.157152257689995,0.8898941102418381,0.9687641466727026,205.97555454956995,48,0.5106382978723404,12.108108108108109,18,0.19148936170212766,36,0.3829787234042553,46,0.48936170212765956,0.2765957446808511,0.14893617021276595,0.11702127659574468,0.02127659574468085,5.508648316448902,11,93
1467,101,58,3.8118811881188117,385,0.5742574257425742,4.080865759435693,0.8798129963733905,0.968140378394275,219.58631506715028,50,0.49504950495049505,13.583333333333334,11,0.10891089108910891,39,0.38613861386138615,51,0.504950495049505,0.2376237623762376,0.21782178217821782,0.0297029702970297,0.0297029702970297,5.476647519185901,11,100
1468,101,59,3.712871287128713,375,0.5841584158415841,4.151225513908722,0.8835170022161243,0.968140378394275,219.58631506715028,40,0.39603960396039606,10.333333333333334,8,0.07920792079207921,43,0.42574257425742573,61,0.6039603960396039,0.18811881188118812,0.18811881188118812,0.019801980198019802,0.039603960396039604,5.463290226374948,8,100
1469,80,54,4.2,336,0.675,4.269074841227312,0.9103057509966829,0.970625,168.75,44,0.55,11.567567567567568,13,0.1625,42,0.525,36,0.45,0.2625,0.2125,0.025,0.0125,5.4668484454302755,7,79
1470,56,38,4.017857142857143,225,0.6785714285714286,3.5906624935876583,0.9036691546974007,0.9566326530612246,255.10204081632654,27,0.48214285714285715,11.434782608695652,4,0.07142857142857142,29,0.5178571428571429,29,0.5178571428571429,0.3392857142857143,0.10714285714285714,0.0,0.03571428571428571,4.94992612864683,7,55
1471,73,42,4.383561643835616,320,0.5753424657534246,3.4759447321299453,0.8711583618380362,0.9604053293300806,258.96040532933006,43,0.589041095890411,15.516129032258064,13,0.1780821917808219,27,0.3698630136986301,30,0.410958904109589,0.2876712328767123,0.2465753424657534,0.0273972602739726,0.0273972602739726,5.059285860072066,8,72
1472,116,71,4.086206896551724,474,0.6120689655172413,4.66137836652015,0.8967285158523955,0.9655172413793103,258.62068965517244,57,0.49137931034482757,15.0,13,0.11206896551724138,48,0.41379310344827586,59,0.5086206896551724,0.21551724137931033,0.23275862068965517,0.04310344827586207,0.02586206896551724,5.704950557129754,17,115
1473,77,56,4.220779220779221,325,0.7272727272727273,4.51260859854213,0.9266878462105154,0.9728453364817001,141.67650531286895,41,0.5324675324675324,8.941176470588236,14,0.18181818181818182,46,0.5974025974025974,36,0.4675324675324675,0.18181818181818182,0.22077922077922077,0.05194805194805195,0.07792207792207792,5.554722626106456,5,76
1474,46,35,3.6956521739130435,170,0.7608695652173914,3.6490022459988087,0.9286187170074757,0.9404536862003782,378.0718336483932,24,0.5217391304347826,14.782608695652174,2,0.043478260869565216,32,0.6956521739130435,22,0.4782608695652174,0.3695652173913043,0.15217391304347827,0.0,0.06521739130434782,4.7565138579017,9,45
1475,80,43,4.175,334,0.5375,3.399448484681008,0.8583243392297359,0.9656250000000001,218.75,42,0.525,13.793103448275861,8,0.1,25,0.3125,38,0.475,0.2125,0.2375,0.0875,0.1,5.140634426587137,6,79
1476,145,76,3.7103448275862068,538,0.5241379310344828,4.4628736683117465,0.870195908487553,0.9723662306777645,207.37217598097504,70,0.4827586206896552,14.53061224489796,12,0.08275862068965517,54,0.3724137931034483,75,0.5172413793103449,0.2482758620689655,0.20689655172413793,0.034482758620689655,0.027586206896551724,5.736685808984647,11,144
1477,128,69,3.7578125,481,0.5390625,4.3125,0.87264635096831,0.966796875,253.90625,65,0.5078125,14.224489795918368,10,0.078125,49,0.3828125,63,0.4921875,0.28125,0.2109375,0.03125,0.0,5.568722918913254,13,127
1478,89,42,4.247191011235955,378,0.47191011235955055,3.148033093782618,0.8326960150943158,0.9428102512309052,459.53793712915035,48,0.5393258426966292,11.586206896551724,9,0.10112359550561797,28,0.3146067415730337,41,0.4606741573033708,0.3146067415730337,0.2247191011235955,0.011235955056179775,0.033707865168539325,4.795519319689152,15,88
1479,35,28,4.2,147,0.8,3.3466401061363023,0.9372372135006298,0.9583673469387755,130.6122448979592,17,0.4857142857142857,14.8,5,0.14285714285714285,22,0.6285714285714286,18,0.5142857142857142,0.22857142857142856,0.2571428571428571,0.05714285714285714,0.0,4.707714802597437,3,34
1480,53,41,4.283018867924528,227,0.7735849056603774,3.982272035664783,0.9353398056270041,0.9654681381274475,156.63937344250624,30,0.5660377358490566,11.88888888888889,7,0.1320754716981132,35,0.660377358490566,23,0.4339622641509434,0.24528301886792453,0.2830188679245283,0.05660377358490566,0.0,5.155004832363192,5,52
1481,63,46,4.126984126984127,260,0.7301587301587301,4.09800570932384,0.9240929029174135,0.9695137314184934,146.13252708490805,37,0.5873015873015873,13.875,6,0.09523809523809523,37,0.5873015873015873,26,0.4126984126984127,0.19047619047619047,0.25396825396825395,0.12698412698412698,0.06349206349206349,5.312608447612185,5,62
1482,106,62,4.3584905660377355,462,0.5849056603773585,4.2581774824093594,0.8849980243670172,0.9676041295834817,229.6190815236739,55,0.5188679245283019,11.195121951219512,20,0.18867924528301888,44,0.41509433962264153,51,0.4811320754716981,0.2358490566037736,0.27358490566037735,0.04716981132075472,0.05660377358490566,5.527369690731291,12,105
1483,102,69,4.53921568627451,463,0.6764705882352942,4.830966289896634,0.9154878689093418,0.9746251441753171,155.70934256055364,57,0.5588235294117647,10.94,19,0.18627450980392157,53,0.5196078431372549,45,0.4411764705882353,0.28431372549019607,0.22549019607843138,0.09803921568627451,0.049019607843137254,5.795131778683615,10,101
1484,65,37,4.292307692307692,279,0.5692307692307692,3.245114671436008,0.8650174694343825,0.9595266272189349,250.88757396449705,33,0.5076923076923077,10.695652173913043,10,0.15384615384615385,23,0.35384615384615387,32,0.49230769230769234,0.23076923076923078,0.2923076923076923,0.09230769230769231,0.046153846153846156,4.92415122863993,6,64
1485,105,60,4.2,441,0.5714285714285714,4.140393356054125,0.8797549300314771,0.9638095238095238,266.6666666666667,52,0.49523809523809526,12.177777777777777,14,0.13333333333333333,46,0.4380952380952381,53,0.5047619047619047,0.2571428571428571,0.20952380952380953,0.0380952380952381,0.05714285714285714,5.4187992005544245,13,104
1486,94,56,3.8297872340425534,360,0.5957446808510638,4.084219761941048,0.8859983522187239,0.9617473970122227,276.1430511543685,42,0.44680851063829785,15.777777777777779,7,0.07446808510638298,41,0.43617021276595747,52,0.5531914893617021,0.2553191489361702,0.20212765957446807,0.02127659574468085,0.031914893617021274,5.363312050435488,13,93
1487,80,56,4.0375,323,0.7,4.427188724235731,0.9186050260132032,0.9721875,153.125,41,0.5125,10.210526315789474,7,0.0875,45,0.5625,39,0.4875,0.2625,0.2,0.05,0.0375,5.534506614141222,6,79
1488,76,50,4.328947368421052,329,0.6578947368421053,4.055535528269064,0.903316528181691,0.9684903047091413,183.5180055401662,41,0.5394736842105263,9.257142857142858,10,0.13157894736842105,39,0.5131578947368421,35,0.4605263157894737,0.3157894736842105,0.25,0.05263157894736842,0.02631578947368421,5.344911849192396,6,75
1489,65,40,4.046153846153846,263,0.6153846153846154,3.5082320772281173,0.8836936334865167,0.9609467455621302,236.68639053254438,31,0.47692307692307695,13.625,9,0.13846153846153847,29,0.4461538461538462,34,0.5230769230769231,0.24615384615384617,0.15384615384615385,0.046153846153846156,0.06153846153846154,5.016458920947623,6,64
1490,52,33,4.134615384615385,215,0.6346153846153846,3.235916229780037,0.8849131591208942,0.9460059171597632,347.63313609467457,29,0.5576923076923077,11.958333333333334,5,0.09615384615384616,24,0.46153846153846156,23,0.4423076923076923,0.3269230769230769,0.17307692307692307,0.057692307692307696,0.0,4.693429564744934,8,51
1491,93,56,3.774193548387097,351,0.6021505376344086,4.1061192205978925,0.888088986643463,0.962423401549312,268.2391027864493,46,0.4946236559139785,11.65,10,0.10752688172043011,41,0.44086021505376344,47,0.5053763440860215,0.26881720430107525,0.15053763440860216,0.08602150537634409,0.021505376344086023,5.3678072307903175,12,92
1492,117,74,4.427350427350428,518,0.6324786324786325,4.837531333408539,0.9038025809502396,0.9780115421141062,134.41449338885235,64,0.5470085470085471,10.14,16,0.13675213675213677,52,0.4444444444444444,53,0.452991452991453,0.27350427350427353,0.1794871794871795,0.05128205128205128,0.05128205128205128,5.906313544203302,8,116
1493,55,46,4.8,264,0.8363636363636363,4.385927910529725,0.955408801693386,0.9725619834710745,92.56198347107438,32,0.5818181818181818,9.419354838709678,13,0.23636363636363636,41,0.7454545454545455,23,0.41818181818181815,0.2727272727272727,0.2909090909090909,0.01818181818181818,0.01818181818181818,5.390272895264166,4,54
1494,74,54,4.513513513513513,334,0.7297297297297297,4.438772657244647,0.9267945442699305,0.9726077428780131,138.78743608473337,42,0.5675675675675675,9.657894736842104,15,0.20270270270270271,44,0.5945945945945946,32,0.43243243243243246,0.3108108108108108,0.21621621621621623,0.06756756756756757,0.013513513513513514,5.519999987133631,6,73
1495,91,63,4.351648351648351,396,0.6923076923076923,4.669870694964938,0.9184801079275325,0.9687235841081995,202.87404902789518,49,0.5384615384615384,11.69767441860465,13,0.14285714285714285,54,0.5934065934065934,42,0.46153846153846156,0.2857142857142857,0.1978021978021978,0.04395604395604396,0.02197802197802198,5.58967513446645,9,90
1496,62,40,4.32258064516129,268,0.6451612903225806,3.5921060405354983,0.8938113252335089,0.9500520291363164,338.1893860561915,32,0.5161290322580645,12.666666666666666,8,0.12903225806451613,31,0.5,30,0.4838709677419355,0.3387096774193548,0.16129032258064516,0.016129032258064516,0.06451612903225806,4.922354883757245,10,61
1497,51,37,4.2745098039215685,218,0.7254901960784313,3.663545909013695,0.918382006208717,0.9527104959630912,276.8166089965398,27,0.5294117647058824,13.666666666666666,6,0.11764705882352941,32,0.6274509803921569,24,0.47058823529411764,0.3333333333333333,0.13725490196078433,0.0196078431372549,0.11764705882352941,4.88779764724594,7,50
1498,60,41,4.816666666666666,289,0.6833333333333333,3.742770809618635,0.9070003782702797,0.9605555555555555,227.77777777777777,34,0.5666666666666667,13.357142857142858,14,0.23333333333333334,32,0.5333333333333333,26,0.43333333333333335,0.23333333333333334,0.23333333333333334,0.06666666666666667,0.08333333333333333,5.066784396332406,7,59
1499,71,52,4.52112676056338,321,0.7323943661971831,4.363743063142784,0.9269388817731129,0.9752033326720889,107.12160285657608,33,0.4647887323943662,13.3,12,0.16901408450704225,39,0.5492957746478874,38,0.5352112676056338,0.23943661971830985,0.18309859154929578,0.08450704225352113,0.056338028169014086,5.536933387049369,4,70
1500,68,38,3.6176470588235294,246,0.5588235294117647,3.2584731177076676,0.8620878106856227,0.9511245674740484,341.6955017301038,38,0.5588235294117647,10.178571428571429,1,0.014705882352941176,25,0.36764705882352944,30,0.4411764705882353,0.35294117647058826,0.11764705882352941,0.058823529411764705,0.0,4.854397084897925,10,67
1501,56,36,3.875,217,0.6428571428571429,3.401680257083045,0.8902374783063122,0.9610969387755103,210.4591836734694,30,0.5357142857142857,9.571428571428571,3,0.05357142857142857,24,0.42857142857142855,26,0.4642857142857143,0.26785714285714285,0.23214285714285715,0.05357142857142857,0.05357142857142857,4.9437026367611745,5,55
1502,64,31,3.75,240,0.484375,2.7400387770978716,0.8256993850644793,0.94482421875,395.5078125,40,0.625,14.583333333333334,3,0.046875,19,0.296875,24,0.375,0.328125,0.171875,0.078125,0.015625,4.552668898701708,8,63
1503,67,50,4.119402985074627,276,0.746268656716418,4.3193421279068005,0.9303945281010311,0.9712630875473379,138.11539318333703,36,0.5373134328358209,9.088235294117647,8,0.11940298507462686,40,0.5970149253731343,31,0.4626865671641791,0.373134328358209,0.13432835820895522,0.029850746268656716,0.014925373134328358,5.435273332151942,6,66
1504,81,51,4.419753086419753,358,0.6296296296296297,4.006938426723769,0.8947254807906414,0.9705837524767567,170.7056851089773,44,0.5432098765432098,9.235294117647058,12,0.14814814814814814,35,0.43209876543209874,37,0.4567901234567901,0.2962962962962963,0.2345679012345679,0.024691358024691357,0.037037037037037035,5.408665781091773,7,80
1505,81,55,4.037037037037037,327,0.6790123456790124,4.321208107251124,0.9119079648405163,0.9733272367017223,143.27084285932023,43,0.5308641975308642,14.657142857142857,9,0.1111111111111111,39,0.48148148148148145,38,0.4691358024691358,0.25925925925925924,0.18518518518518517,0.09876543209876543,0.024691358024691357,5.550761768799512,7,80
1506,84,49,3.857142857142857,324,0.5833333333333334,3.7804320740712516,0.8783527901958404,0.9614512471655329,266.43990929705217,44,0.5238095238095238,11.129032258064516,7,0.08333333333333333,33,0.39285714285714285,40,0.47619047619047616,0.2261904761904762,0.19047619047619047,0.09523809523809523,0.05952380952380952,5.230846913143794,11,83
1507,117,56,3.7777777777777777,442,0.47863247863247865,3.660834522579435,0.8452760747190351,0.9604792168894732,309.7377456351815,61,0.5213675213675214,12.675,8,0.06837606837606838,35,0.29914529914529914,56,0.47863247863247865,0.2564102564102564,0.19658119658119658,0.08547008547008547,0.008547008547008548,5.263612447764022,14,116
1508,56,40,3.9464285714285716,221,0.7142857142857143,3.779644730092272,0.9164117169201275,0.9661989795918368,159.4387755102041,25,0.44642857142857145,14.476190476190476,7,0.125,30,0.5357142857142857,31,0.5535714285714286,0.25,0.26785714285714285,0.03571428571428571,0.0,5.131028083112478,5,55
1509,111,67,4.396396396396397,488,0.6036036036036037,4.496745569933963,0.8928051078681494,0.9698888077266455,211.02183264345427,63,0.5675675675675675,12.23404255319149,14,0.12612612612612611,51,0.4594594594594595,48,0.43243243243243246,0.2702702702702703,0.1981981981981982,0.036036036036036036,0.05405405405405406,5.6222254705081784,10,110
1510,98,53,4.63265306122449,454,0.5408163265306123,3.7857142857142856,0.8659367666231129,0.9700124947938359,197.83423573511038,57,0.5816326530612245,7.9743589743589745,23,0.23469387755102042,34,0.3469387755102041,41,0.41836734693877553,0.25510204081632654,0.23469387755102042,0.05102040816326531,0.08163265306122448,5.393640936740234,7,97
1511,87,49,4.195402298850575,365,0.5632183908045977,3.7146804135366267,0.8714510452765631,0.9599682917162109,285.3745541022592,48,0.5517241379310345,10.285714285714286,8,0.09195402298850575,32,0.367816091954023,39,0.4482758620689655,0.26436781609195403,0.22988505747126436,0.034482758620689655,0.05747126436781609,5.194862199090209,11,86
1512,84,56,4.273809523809524,359,0.6666666666666666,4.320493798938573,0.9084897601241351,0.9733560090702948,147.3922902494331,45,0.5357142857142857,11.583333333333334,17,0.20238095238095238,41,0.4880952380952381,39,0.4642857142857143,0.25,0.21428571428571427,0.07142857142857142,0.023809523809523808,5.55149372655149,6,83
1513,77,49,4.35064935064935,335,0.6363636363636364,3.948532523724363,0.8959471984014016,0.9620509360769102,249.6205093607691,42,0.5454545454545454,13.941176470588236,10,0.12987012987012986,37,0.4805194805194805,35,0.45454545454545453,0.3116883116883117,0.18181818181818182,0.05194805194805195,0.012987012987012988,5.250697826960779,10,76
1514,82,52,4.304878048780488,353,0.6341463414634146,4.060517809103758,0.8966406745867482,0.9687685901249257,190.3628792385485,46,0.5609756097560976,13.411764705882353,14,0.17073170731707318,38,0.4634146341463415,36,0.43902439024390244,0.23170731707317074,0.18292682926829268,0.024390243902439025,0.06097560975609756,5.388943200164175,7,81
1515,52,40,4.115384615384615,214,0.7692307692307693,3.922322702763681,0.9335995744242056,0.9696745562130178,110.94674556213018,27,0.5192307692307693,14.75,8,0.15384615384615385,31,0.5961538461538461,25,0.4807692307692308,0.28846153846153844,0.23076923076923078,0.038461538461538464,0.0,5.195350054554739,3,51
1516,86,50,4.162790697674419,358,0.5813953488372093,3.8124642583151167,0.8782483145664229,0.9686316928069227,197.40400216333154,41,0.47674418604651164,11.96875,12,0.13953488372093023,33,0.38372093023255816,45,0.5232558139534884,0.2441860465116279,0.18604651162790697,0.046511627906976744,0.03488372093023256,5.331625621127475,6,85
1517,49,38,4.387755102040816,215,0.7755102040816326,3.838579669298401,0.9346747488552685,0.9687630154102457,108.28821324448147,26,0.5306122448979592,11.88,9,0.1836734693877551,29,0.5918367346938775,23,0.46938775510204084,0.2653061224489796,0.22448979591836735,0.08163265306122448,0.0,5.134918517496291,3,48
1518,107,61,4.130841121495327,442,0.5700934579439252,4.169874154850445,0.8797398770217729,0.9668966721984453,237.57533409031356,52,0.48598130841121495,15.15,17,0.1588785046728972,46,0.42990654205607476,55,0.514018691588785,0.27102803738317754,0.18691588785046728,0.009345794392523364,0.056074766355140186,5.468488241322343,11,106
1519,104,60,3.798076923076923,395,0.5769230769230769,4.160251471689219,0.881567605125365,0.9654215976331362,249.6301775147929,46,0.4423076923076923,17.194444444444443,6,0.057692307692307696,44,0.4230769230769231,58,0.5576923076923077,0.19230769230769232,0.21153846153846154,0.019230769230769232,0.057692307692307696,5.45087003565839,12,103
1520,78,54,4.269230769230769,333,0.6923076923076923,4.323460152737352,0.9155957410161079,0.9714003944773175,157.79092702169626,37,0.47435897435897434,12.9375,10,0.1282051282051282,42,0.5384615384615384,41,0.5256410256410257,0.23076923076923078,0.21794871794871795,0.05128205128205128,0.0641025641025641,5.487468488637541,6,77
1521,54,41,4.0,216,0.7592592592592593,3.9452268394624426,0.930956861034032,0.9636488340192043,178.32647462277092,26,0.48148148148148145,11.5,7,0.12962962962962962,35,0.6481481481481481,28,0.5185185185185185,0.2777777777777778,0.2222222222222222,0.018518518518518517,0.018518518518518517,5.12943495566685,6,53
1522,65,42,3.9384615384615387,256,0.6461538461538462,3.683643681089523,0.8953816157016053,0.9614201183431953,231.9526627218935,33,0.5076923076923077,9.709677419354838,12,0.18461538461538463,33,0.5076923076923077,32,0.49230769230769234,0.3384615384615385,0.16923076923076924,0.046153846153846156,0.015384615384615385,5.07045545947573,6,64
1523,89,49,4.112359550561798,366,0.550561797752809,3.672705276079721,0.8670384449838764,0.9579598535538443,308.0419138997601,46,0.5168539325842697,9.342857142857143,15,0.16853932584269662,32,0.3595505617977528,43,0.48314606741573035,0.29213483146067415,0.21348314606741572,0.0449438202247191,0.011235955056179775,5.166235257438488,12,88
1524,36,34,4.166666666666667,150,0.9444444444444444,4.00693842672377,0.9840496409195555,0.9691358024691358,30.864197530864196,20,0.5555555555555556,9.1,4,0.1111111111111111,32,0.8888888888888888,16,0.4444444444444444,0.2777777777777778,0.16666666666666666,0.08333333333333333,0.05555555555555555,5.058813890331199,2,35
1525,110,75,4.290909090909091,472,0.6818181818181818,5.056498968474315,0.9185206143943672,0.9765289256198347,143.80165289256198,60,0.5454545454545454,10.75925925925926,21,0.19090909090909092,60,0.5454545454545454,50,0.45454545454545453,0.2818181818181818,0.17272727272727273,0.08181818181818182,0.02727272727272727,5.896284745922016,9,109
1526,128,74,4.3203125,553,0.578125,4.625,0.8870647665184216,0.9759521484375,162.353515625,70,0.546875,11.018867924528301,25,0.1953125,51,0.3984375,58,0.453125,0.25,0.234375,0.09375,0.0390625,5.836641676401683,10,127
1527,46,30,3.9130434782608696,180,0.6521739130434783,3.127716210856122,0.8883562155445244,0.945179584120983,330.812854442344,24,0.5217391304347826,10.789473684210526,5,0.10869565217391304,24,0.5217391304347826,22,0.4782608695652174,0.30434782608695654,0.21739130434782608,0.043478260869565216,0.0,4.576087848981492,5,45
1528,54,35,4.148148148148148,224,0.6481481481481481,3.367876570272817,0.8912916221240962,0.9506172839506173,308.641975308642,26,0.48148148148148145,14.818181818181818,9,0.16666666666666666,28,0.5185185185185185,28,0.5185185185185185,0.25925925925925924,0.2962962962962963,0.037037037037037035,0.0,4.777648614512228,7,53
1529,31,23,3.774193548387097,117,0.7419354838709677,2.9210029210043813,0.913076848927645,0.9365244536940687,312.17481789802287,17,0.5483870967741935,11.647058823529411,2,0.06451612903225806,20,0.6451612903225806,14,0.45161290322580644,0.3225806451612903,0.1935483870967742,0.06451612903225806,0.0,4.284683810317086,4,30
1530,50,33,3.96,198,0.66,3.3,0.8937850203372742,0.9504,296.0,30,0.6,10.64,4,0.08,26,0.52,20,0.4,0.38,0.14,0.08,0.02,4.726370130156181,6,49
1531,82,46,4.048780487804878,332,0.5609756097560976,3.5919965234379396,0.8688189970046228,0.9422962522308149,455.086258179655,46,0.5609756097560976,12.82857142857143,6,0.07317073170731707,34,0.4146341463414634,36,0.43902439024390244,0.36585365853658536,0.10975609756097561,0.08536585365853659,0.0,4.960852919093928,16,81
1532,59,33,4.322033898305085,255,0.559322033898305,3.0378962390644673,0.8575047095379478,0.9261706406205112,568.8020683711577,35,0.5932203389830508,14.73076923076923,8,0.13559322033898305,24,0.4067796610169492,24,0.4067796610169492,0.3220338983050847,0.13559322033898305,0.11864406779661017,0.0,4.507638535048481,13,58
1533,55,42,4.3090909090909095,237,0.7636363636363637,4.004542874831488,0.932707475399638,0.9672727272727273,145.45454545454547,27,0.4909090909090909,13.884615384615385,11,0.2,34,0.6181818181818182,28,0.509090909090909,0.2727272727272727,0.18181818181818182,0.01818181818181818,0.05454545454545454,5.206638977625806,5,54
1534,68,45,4.3088235294117645,293,0.6617647058823529,3.8587181657064487,0.9021579662245085,0.9636678200692042,216.26297577854672,32,0.47058823529411764,12.928571428571429,14,0.20588235294117646,36,0.5294117647058824,36,0.5294117647058824,0.27941176470588236,0.16176470588235295,0.029411764705882353,0.058823529411764705,5.1721859154043495,6,67
1535,67,45,4.149253731343284,278,0.6716417910447762,3.8874079151161203,0.905336687922196,0.9636890175985743,213.85609267097348,38,0.5671641791044776,12.363636363636363,6,0.08955223880597014,37,0.5522388059701493,29,0.43283582089552236,0.373134328358209,0.1044776119402985,0.04477611940298507,0.05970149253731343,5.171337893411886,5,66
1536,105,56,3.914285714285714,411,0.5333333333333333,3.8643671323171835,0.8649303792626646,0.9563718820861677,341.04308390022675,56,0.5333333333333333,17.153846153846153,9,0.08571428571428572,43,0.4095238095238095,49,0.4666666666666667,0.2761904761904762,0.19047619047619047,0.0380952380952381,0.0380952380952381,5.206078752629847,12,104
1537,73,36,3.8493150684931505,281,0.4931506849315068,2.9793811989685244,0.8352296502532465,0.944267217113905,420.3415274910865,36,0.4931506849315068,16.95,8,0.1095890410958904,24,0.3287671232876712,37,0.5068493150684932,0.3013698630136986,0.1506849315068493,0.0273972602739726,0.0410958904109589,4.6789673155575855,11,72
1538,50,29,4.1,205,0.58,2.9,0.8607556308626424,0.9472,328.0,29,0.58,9.35,1,0.02,19,0.38,21,0.42,0.28,0.18,0.1,0.0,4.561076880026372,6,49
1539,46,25,4.282608695652174,197,0.5434782608695652,2.606430175713435,0.8407357836698793,0.9310018903591681,472.5897920604915,27,0.5869565217391305,13.555555555555555,7,0.15217391304347827,18,0.391304347826087,19,0.41304347826086957,0.30434782608695654,0.2608695652173913,0.021739130434782608,0.021739130434782608,4.240528260216711,6,45
1540,65,44,3.8461538461538463,250,0.676923076923077,3.8590552849509288,0.9065257699515907,0.954792899408284,298.2248520710059,33,0.5076923076923077,11.303030303030303,10,0.15384615384615385,37,0.5692307692307692,32,0.49230769230769234,0.27692307692307694,0.23076923076923078,0.06153846153846154,0.0,5.0563064665750534,9,64
1541,111,65,4.036036036036036,448,0.5855855855855856,4.362514358891158,0.8863702092264794,0.9664799935070205,245.10997483970456,57,0.5135135135135135,12.0,18,0.16216216216216217,51,0.4594594594594595,54,0.4864864864864865,0.2882882882882883,0.16216216216216217,0.036036036036036036,0.036036036036036036,5.520956652375718,11,110
1542,83,46,4.27710843373494,355,0.5542168674698795,3.570292418249131,0.8664357319731886,0.9536942952533024,342.57511975613295,46,0.5542168674698795,12.483870967741936,17,0.20481927710843373,33,0.39759036144578314,37,0.4457831325301205,0.2891566265060241,0.18072289156626506,0.024096385542168676,0.07228915662650602,5.040483335316709,12,82
1543,112,62,4.276785714285714,479,0.5535714285714286,4.142549249642578,0.8746710548459473,0.9646045918367346,264.6683673469388,60,0.5357142857142857,11.348837209302326,20,0.17857142857142858,44,0.39285714285714285,52,0.4642857142857143,0.29464285714285715,0.16964285714285715,0.03571428571428571,0.026785714285714284,5.464528557427175,14,111
1544,134,72,4.2164179104477615,565,0.5373134328358209,4.398099996826988,0.8731739488618877,0.9688126531521497,237.2466028068612,66,0.4925373134328358,13.215686274509803,22,0.16417910447761194,53,0.39552238805970147,68,0.5074626865671642,0.26119402985074625,0.17164179104477612,0.022388059701492536,0.09701492537313433,5.6392208361589855,12,133
1545,43,33,4.069767441860465,175,0.7674418604651163,3.5584815157134675,0.9296255061987647,0.9583558680367766,183.8831800973499,21,0.4883720930232558,13.095238095238095,7,0.16279069767441862,27,0.627906976744186,22,0.5116279069767442,0.3023255813953488,0.23255813953488372,0.023255813953488372,0.023255813953488372,4.8596478250137185,5,42
1546,69,39,4.188405797101449,289,0.5652173913043478,3.3199004699591197,0.8652502345304414,0.9645032556185675,210.03990758244066,33,0.4782608695652174,15.217391304347826,8,0.11594202898550725,21,0.30434782608695654,36,0.5217391304347826,0.14492753623188406,0.30434782608695654,0.028985507246376812,0.10144927536231885,5.0573748189088805,6,68
1547,68,29,4.088235294117647,278,0.4264705882352941,2.486729484566378,0.798030496746287,0.9459342560553633,393.598615916955,32,0.47058823529411764,16.352941176470587,8,0.11764705882352941,14,0.20588235294117646,36,0.5294117647058824,0.19117647058823528,0.23529411764705882,0.014705882352941176,0.10294117647058823,4.502309165635327,7,67
1548,49,37,4.142857142857143,203,0.7551020408163265,3.7375644148431797,0.9278223648705536,0.9620991253644315,174.9271137026239,26,0.5306122448979592,14.833333333333334,6,0.12244897959183673,30,0.6122448979591837,23,0.46938775510204084,0.3469387755102041,0.22448979591836735,0.04081632653061224,0.0,5.010431467085886,5,48
1549,58,41,3.913793103448276,227,0.7068965517241379,3.8067544326295635,0.9145731283652637,0.9667063020214031,160.52318668252082,32,0.5517241379310345,18.22222222222222,3,0.05172413793103448,30,0.5172413793103449,26,0.4482758620689655,0.25862068965517243,0.2413793103448276,0.034482758620689655,0.05172413793103448,5.16204085759998,5,57
1550,100,61,4.22,422,0.61,4.313351365237939,0.8926649175053835,0.9688,212.0,50,0.5,13.024390243902438,14,0.14,45,0.45,50,0.5,0.25,0.22,0.02,0.02,5.526790220747587,9,99
1551,74,45,4.337837837837838,321,0.6081081081081081,3.6989772143705393,0.8844342284183351,0.9627465303140978,237.39956172388605,44,0.5945945945945946,12.529411764705882,13,0.17567567567567569,33,0.44594594594594594,30,0.40540540540540543,0.2702702702702703,0.33783783783783783,0.04054054054054054,0.04054054054054054,5.145330819896464,7,73
1552,46,32,4.1521739130434785,191,0.6956521739130435,3.3362306249131963,0.9052129839002011,0.9565217391304348,217.3913043478261,23,0.5,13.55,7,0.15217391304347827,24,0.5217391304347826,23,0.5,0.30434782608695654,0.2391304347826087,0.021739130434782608,0.0,4.787164065167289,5,45
1553,98,69,4.3979591836734695,431,0.7040816326530612,4.928571428571429,0.92347579874764,0.9793835901707622,104.12328196584757,47,0.47959183673469385,8.636363636363637,19,0.19387755102040816,54,0.5510204081632653,51,0.5204081632653061,0.2755102040816326,0.16326530612244897,0.05102040816326531,0.07142857142857142,5.881298589207795,5,97
1554,69,43,4.608695652173913,318,0.6231884057971014,3.660403082262619,0.8883102282877792,0.9586221382062592,268.85108170552405,43,0.6231884057971014,14.387096774193548,12,0.17391304347826086,31,0.4492753623188406,26,0.37681159420289856,0.2898550724637681,0.2463768115942029,0.014492753623188406,0.014492753623188406,5.0754199275731775,9,68
1555,51,38,4.509803921568627,230,0.7450980392156863,3.7625606633113624,0.925164668913849,0.9619377162629758,184.5444059976932,31,0.6078431372549019,8.444444444444445,8,0.1568627450980392,30,0.5882352941176471,20,0.39215686274509803,0.43137254901960786,0.1568627450980392,0.058823529411764705,0.0,5.039784900667765,6,50
1556,79,53,4.6455696202531644,367,0.6708860759493671,4.216453606131369,0.9086484259814354,0.9674731613523474,198.68610799551354,45,0.569620253164557,8.027027027027026,16,0.20253164556962025,41,0.5189873417721519,34,0.43037974683544306,0.4050632911392405,0.13924050632911392,0.0379746835443038,0.012658227848101266,5.404799102497941,8,78
1557,44,31,4.7727272727272725,210,0.7045454545454546,3.3046111035119616,0.9074564270526515,0.953512396694215,237.60330578512398,30,0.6818181818181818,12.521739130434783,8,0.18181818181818182,24,0.5454545454545454,14,0.3181818181818182,0.36363636363636365,0.22727272727272727,0.022727272727272728,0.045454545454545456,4.723874164623654,5,43
1558,85,48,4.470588235294118,380,0.5647058823529412,3.6814319464673777,0.8713717974717039,0.9580622837370243,301.7301038062284,52,0.611764705882353,15.515151515151516,16,0.18823529411764706,34,0.4,33,0.38823529411764707,0.27058823529411763,0.21176470588235294,0.023529411764705882,0.03529411764705882,5.135360597754906,11,84
1559,93,55,4.172043010752688,388,0.5913978494623656,4.0327956630872155,0.8841136728020579,0.9712105445716268,180.3676725633021,44,0.4731182795698925,12.45945945945946,8,0.08602150537634409,37,0.3978494623655914,49,0.5268817204301075,0.24731182795698925,0.1827956989247312,0.043010752688172046,0.03225806451612903,5.4757840477792055,8,92
1560,118,68,4.3559322033898304,514,0.576271186440678,4.426422973348012,0.8844658654519021,0.9727089916690606,188.16432059752944,61,0.5169491525423728,11.125,17,0.1440677966101695,47,0.3983050847457627,57,0.4830508474576271,0.2457627118644068,0.22033898305084745,0.03389830508474576,0.025423728813559324,5.689142307524726,9,117
1561,84,56,4.035714285714286,339,0.6666666666666666,4.320493798938573,0.9084897601241351,0.9753401360544218,127.55102040816327,43,0.5119047619047619,11.676470588235293,9,0.10714285714285714,40,0.47619047619047616,41,0.4880952380952381,0.20238095238095238,0.27380952380952384,0.08333333333333333,0.0,5.590126018192402,5,83
1562,51,31,4.176470588235294,213,0.6078431372549019,3.0694573832276904,0.8733823738022096,0.9519415609381008,284.5059592464437,30,0.5882352941176471,11.545454545454545,6,0.11764705882352941,23,0.45098039215686275,21,0.4117647058823529,0.3137254901960784,0.2549019607843137,0.0784313725490196,0.0392156862745098,4.662429753651362,4,50
1563,87,51,4.080459770114943,355,0.5862068965517241,3.8663000222524073,0.8804089847484015,0.9689523054564672,195.53441669969612,44,0.5057471264367817,12.96774193548387,8,0.09195402298850575,33,0.3793103448275862,43,0.4942528735632184,0.25287356321839083,0.16091954022988506,0.06896551724137931,0.08045977011494253,5.3695632891216665,8,86
1564,126,65,3.9761904761904763,501,0.5158730158730159,4.094615124266628,0.8631397735304759,0.9646006550768456,274.6283698664651,61,0.48412698412698413,11.767441860465116,7,0.05555555555555555,44,0.3492063492063492,65,0.5158730158730159,0.2698412698412698,0.12698412698412698,0.07142857142857142,0.031746031746031744,5.49499297135303,16,125
1565,108,62,3.9074074074074074,422,0.5740740740740741,4.218565668126584,0.881464910922625,0.9561042524005487,346.36488340192045,52,0.48148148148148145,11.658536585365853,12,0.1111111111111111,45,0.4166666666666667,56,0.5185185185185185,0.25,0.1388888888888889,0.07407407407407407,0.027777777777777776,5.40255075692594,18,107
1566,79,51,4.367088607594937,345,0.6455696202531646,4.057342149296223,0.899844961075434,0.9581797788815893,291.61993270309245,40,0.5063291139240507,12.636363636363637,11,0.13924050632911392,38,0.4810126582278481,39,0.4936708860759494,0.31645569620253167,0.12658227848101267,0.02531645569620253,0.0379746835443038,5.264047007830044,12,78
1567,44,34,4.0227272727272725,177,0.7727272727272727,3.624412178045377,0.9318667576827708,0.9628099173553719,144.62809917355372,23,0.5227272727272727,13.476190476190476,5,0.11363636363636363,27,0.6136363636363636,21,0.4772727272727273,0.2727272727272727,0.20454545454545456,0.045454545454545456,0.0,4.942275084497218,4,43
1568,61,35,3.9344262295081966,240,0.5737704918032787,3.1687511114881484,0.8648643035425235,0.9561945713517872,274.11986025262024,33,0.5409836065573771,16.68,8,0.13114754098360656,22,0.36065573770491804,28,0.45901639344262296,0.21311475409836064,0.29508196721311475,0.06557377049180328,0.0,4.832479657895819,6,60
1569,70,43,3.942857142857143,276,0.6142857142857143,3.634163295332621,0.8853017130552937,0.9591836734693877,265.3061224489796,38,0.5428571428571428,10.666666666666666,3,0.04285714285714286,32,0.45714285714285713,32,0.45714285714285713,0.34285714285714286,0.11428571428571428,0.07142857142857142,0.0,5.0617250747563896,8,69
1570,58,35,4.172413793103448,242,0.603448275862069,3.2496684180984077,0.8756059504479945,0.9554102259215219,273.48394768133176,34,0.5862068965517241,13.76923076923077,6,0.10344827586206896,26,0.4482758620689655,24,0.41379310344827586,0.3620689655172414,0.13793103448275862,0.08620689655172414,0.0,4.810928306279287,5,57
1571,56,34,4.035714285714286,226,0.6071428571428571,3.2126980205784315,0.876037870860457,0.9457908163265307,363.5204081632653,28,0.5,12.043478260869565,8,0.14285714285714285,25,0.44642857142857145,28,0.5,0.25,0.2857142857142857,0.017857142857142856,0.0,4.708267868099845,9,55
1572,80,58,4.575,366,0.725,4.58530260724415,0.9266130375422981,0.97375,137.5,46,0.575,8.357142857142858,18,0.225,47,0.5875,34,0.425,0.3,0.2125,0.0625,0.0125,5.607935401402812,6,79
1573,67,47,4.388059701492537,294,0.7014925373134329,4.060181600232393,0.9156787309384194,0.9703720204945422,147.02606371129428,35,0.5223880597014925,9.32258064516129,11,0.16417910447761194,36,0.5373134328358209,32,0.47761194029850745,0.34328358208955223,0.14925373134328357,0.04477611940298507,0.04477611940298507,5.338404302365778,4,66
1574,65,48,5.184615384615385,337,0.7384615384615385,4.209878492673741,0.9273698774490261,0.9723076923076923,123.07692307692308,39,0.6,8.588235294117647,23,0.35384615384615387,38,0.5846153846153846,26,0.4,0.2923076923076923,0.24615384615384617,0.03076923076923077,0.03076923076923077,5.402911466774759,4,64
1575,91,58,4.582417582417582,417,0.6373626373626373,4.299246036634387,0.9001484095614787,0.971621784808598,173.89204202391016,51,0.5604395604395604,10.357142857142858,21,0.23076923076923078,43,0.4725274725274725,40,0.43956043956043955,0.34065934065934067,0.10989010989010989,0.04395604395604396,0.054945054945054944,5.542142959089609,8,90
1576,69,44,4.260869565217392,294,0.6376811594202898,3.745528735338494,0.8937398314873533,0.9514807813484562,340.26465028355386,33,0.4782608695652174,10.807692307692308,9,0.13043478260869565,35,0.5072463768115942,36,0.5217391304347826,0.2608695652173913,0.17391304347826086,0.08695652173913043,0.057971014492753624,5.019058322230717,11,68
1577,89,52,4.674157303370786,416,0.5842696629213483,3.8975647827784794,0.8802770804125573,0.9700795354121955,186.84509531624795,49,0.550561797752809,14.114285714285714,24,0.2696629213483146,34,0.38202247191011235,40,0.449438202247191,0.24719101123595505,0.25842696629213485,0.056179775280898875,0.0449438202247191,5.395520335602161,6,88
1578,130,62,4.338461538461538,564,0.47692307692307695,3.8450767722654624,0.8478901232345275,0.9654437869822485,268.6390532544379,67,0.5153846153846153,13.093023255813954,24,0.18461538461538463,36,0.27692307692307694,63,0.4846153846153846,0.25384615384615383,0.23076923076923078,0.03076923076923077,0.06153846153846154,5.440372274357594,13,129
1579,59,37,4.254237288135593,251,0.6271186440677966,3.4061260862237965,0.8855633975945693,0.9548980178109738,281.5282964665326,33,0.559322033898305,12.208333333333334,11,0.1864406779661017,27,0.4576271186440678,26,0.4406779661016949,0.2711864406779661,0.23728813559322035,0.01694915254237288,0.01694915254237288,4.878217203110312,7,58
1580,65,49,4.2,273,0.7538461538461538,4.297584294604444,0.9323093538007855,0.9694674556213018,151.4792899408284,35,0.5384615384615384,10.064516129032258,9,0.13846153846153847,39,0.6,30,0.46153846153846156,0.3230769230769231,0.2,0.046153846153846156,0.03076923076923077,5.40073132138897,7,64
1581,51,32,3.627450980392157,185,0.6274509803921569,3.168472137525358,0.8814571719444105,0.940407535563245,399.8462129950019,29,0.5686274509803921,13.583333333333334,5,0.09803921568627451,24,0.47058823529411764,22,0.43137254901960786,0.29411764705882354,0.23529411764705882,0.0196078431372549,0.0392156862745098,4.6128351455536984,9,50
1582,58,34,3.810344827586207,221,0.5862068965517241,3.156820749009882,0.868466942020106,0.9512485136741973,315.1010701545779,32,0.5517241379310345,10.73913043478261,7,0.1206896551724138,24,0.41379310344827586,26,0.4482758620689655,0.3448275862068966,0.1896551724137931,0.0,0.034482758620689655,4.73912146082445,6,57
1583,60,34,3.6333333333333333,218,0.5666666666666667,3.1037611591959413,0.861275955412585,0.9455555555555555,377.77777777777777,30,0.5,14.5,1,0.016666666666666666,25,0.4166666666666667,30,0.5,0.3333333333333333,0.13333333333333333,0.03333333333333333,0.03333333333333333,4.675000545637935,9,59
1584,86,54,4.232558139534884,364,0.627906976744186,4.117461398980327,0.8955260515764805,0.9726879394267172,156.8415359653867,42,0.4883720930232558,12.472222222222221,17,0.19767441860465115,37,0.43023255813953487,44,0.5116279069767442,0.2558139534883721,0.22093023255813954,0.03488372093023256,0.023255813953488372,5.4920938660086405,5,85
1585,53,43,4.471698113207547,237,0.8113207547169812,4.176529208136236,0.9473359132247053,0.9711641153435386,99.67960128159487,25,0.4716981132075472,11.5,11,0.20754716981132076,36,0.6792452830188679,28,0.5283018867924528,0.2830188679245283,0.2641509433962264,0.018867924528301886,0.018867924528301886,5.2985829545223755,4,52
1586,79,47,4.30379746835443,340,0.5949367088607594,3.739119235625931,0.8811519742789098,0.9658708540298029,214.7091812209582,40,0.5063291139240507,12.35483870967742,14,0.17721518987341772,33,0.4177215189873418,39,0.4936708860759494,0.3291139240506329,0.1518987341772152,0.0379746835443038,0.0379746835443038,5.230731381934484,7,78
1587,78,41,3.8333333333333335,299,0.5256410256410257,3.2826271530042863,0.8523801370324843,0.9598948060486522,272.84681130834974,39,0.5,16.153846153846153,7,0.08974358974358974,25,0.32051282051282054,39,0.5,0.2692307692307692,0.21794871794871795,0.01282051282051282,0.08974358974358974,5.0042206881969005,7,77
1588,69,50,4.0,276,0.7246376811594203,4.256282653793743,0.9239311767856085,0.9708044528460407,147.02793530770847,38,0.5507246376811594,13.064516129032258,5,0.07246376811594203,39,0.5652173913043478,31,0.4492753623188406,0.3188405797101449,0.17391304347826086,0.028985507246376812,0.043478260869565216,5.4199769929473405,6,68
1589,91,60,4.2967032967032965,391,0.6593406593406593,4.447495899966607,0.9076639510290646,0.9687235841081995,202.87404902789518,50,0.5494505494505495,11.465116279069768,16,0.17582417582417584,46,0.5054945054945055,41,0.45054945054945056,0.27472527472527475,0.23076923076923078,0.02197802197802198,0.054945054945054944,5.546432624205688,10,90
1590,62,32,4.290322580645161,266,0.5161290322580645,2.8736848324283986,0.8397438947852097,0.9521331945889698,317.3777315296566,32,0.5161290322580645,12.421052631578947,9,0.14516129032258066,19,0.3064516129032258,30,0.4838709677419355,0.41935483870967744,0.11290322580645161,0.0,0.016129032258064516,4.68733602903229,7,61
1591,86,47,3.941860465116279,339,0.5465116279069767,3.5837164028162096,0.8643572998783383,0.9586262844780963,297.4580854515955,44,0.5116279069767442,15.09375,8,0.09302325581395349,32,0.37209302325581395,42,0.4883720930232558,0.2558139534883721,0.19767441860465115,0.046511627906976744,0.05813953488372093,5.121698321069216,11,85
1592,87,50,4.045977011494253,352,0.5747126436781609,3.790490217894517,0.8759748076963788,0.9631391200951249,253.6662703131193,43,0.4942528735632184,14.64516129032258,12,0.13793103448275862,36,0.41379310344827586,44,0.5057471264367817,0.20689655172413793,0.2413793103448276,0.04597701149425287,0.011494252873563218,5.245092927934191,10,86
1593,92,50,3.782608695652174,348,0.5434782608695652,3.6860489038724285,0.8651494732160093,0.9619565217391304,271.7391304347826,47,0.5108695652173914,12.257142857142858,8,0.08695652173913043,32,0.34782608695652173,45,0.4891304347826087,0.25,0.18478260869565216,0.043478260869565216,0.03260869565217391,5.233075192273677,11,91
1594,52,27,4.211538461538462,219,0.5192307692307693,2.6475678243654848,0.8341264423920673,0.9415680473372781,392.0118343195266,28,0.5384615384615384,16.333333333333332,6,0.11538461538461539,16,0.3076923076923077,24,0.46153846153846156,0.2692307692307692,0.15384615384615385,0.09615384615384616,0.057692307692307696,4.425811353958516,7,51
1595,60,45,4.266666666666667,256,0.75,4.107919181288746,0.9297367214508081,0.9705555555555556,127.77777777777777,34,0.5666666666666667,8.96774193548387,10,0.16666666666666666,35,0.5833333333333334,26,0.43333333333333335,0.25,0.2,0.08333333333333333,0.016666666666666666,5.3215670042957885,5,59
1596,55,40,4.254545454545455,234,0.7272727272727273,3.8138503569823694,0.9205322551436259,0.9533884297520662,284.297520661157,32,0.5818181818181818,8.655172413793103,9,0.16363636363636364,35,0.6363636363636364,23,0.41818181818181815,0.36363636363636365,0.16363636363636364,0.09090909090909091,0.01818181818181818,4.974731932131925,8,54
1597,72,43,4.166666666666667,300,0.5972222222222222,3.5833333333333335,0.8794701318790142,0.9533179012345678,327.9320987654321,37,0.5138888888888888,10.413793103448276,9,0.125,33,0.4583333333333333,35,0.4861111111111111,0.2916666666666667,0.1388888888888889,0.09722222222222222,0.027777777777777776,4.981619760101883,10,71
1598,53,34,4.735849056603773,251,0.6415094339622641,3.3023719320146983,0.8881867130674566,0.9512281950872197,299.03880384478464,32,0.6037735849056604,10.375,9,0.16981132075471697,26,0.49056603773584906,21,0.39622641509433965,0.3018867924528302,0.20754716981132076,0.07547169811320754,0.018867924528301886,4.762613672323005,7,52
1599,58,35,4.344827586206897,252,0.603448275862069,3.2496684180984077,0.8756059504479945,0.9441141498216408,386.4447086801427,34,0.5862068965517241,8.807692307692308,7,0.1206896551724138,25,0.43103448275862066,24,0.41379310344827586,0.3620689655172414,0.13793103448275862,0.08620689655172414,0.017241379310344827,4.728947487276469,10,57
