Num_0dim,Max_0dim,Max_0dim_Minus_Second,Mean_0dim,betti_curve_0,persistence_entropy_0,Num_1dim,Max_1dim,Max_1dim_Minus_Second,Mean_1dim,betti_curve_1,persistence_entropy_1,correctness
72,0.7559814453125,0.0035400390625,0.6721581353081597,63.38,4.275468279819231,0,0.0,0.0,0.0,0.0,0.0,True
68,0.760498046875,0.0018310546875,0.6681572409237132,59.16,4.217967589991092,0,0.0,0.0,0.0,0.0,0.0,True
70,0.768310546875,0.0020751953125,0.66776123046875,60.28,4.246758858175425,0,0.0,0.0,0.0,0.0,0.0,False
84,0.767822265625,0.0152587890625,0.6723095121837798,72.92,4.429401535792682,0,0.0,0.0,0.0,0.0,0.0,False
80,0.7552490234375,0.0047607421875,0.6799972534179688,71.44,4.3806205075950135,0,0.0,0.0,0.0,0.0,0.0,False
74,0.76025390625,0.0029296875,0.6806805584881757,65.74,4.302645257190517,0,0.0,0.0,0.0,0.0,0.0,False
112,0.76513671875,0.0074462890625,0.6805354527064732,98.74,4.717246194289199,0,0.0,0.0,0.0,0.0,0.0,True
91,0.7669677734375,0.00146484375,0.6788034963083791,79.84,4.509469154314773,0,0.0,0.0,0.0,0.0,0.0,True
67,0.76025390625,0.001220703125,0.6728734258395522,58.72,4.203372175145532,0,0.0,0.0,0.0,0.0,0.0,True
79,0.7760009765625,0.0028076171875,0.6762741668314873,68.26,4.367859806522683,0,0.0,0.0,0.0,0.0,0.0,False
102,0.775634765625,0.0001220703125,0.6796168907015931,88.56,4.623487767343005,0,0.0,0.0,0.0,0.0,0.0,False
78,0.7774658203125,0.012939453125,0.6826829176682693,67.98,4.3552799802775155,0,0.0,0.0,0.0,0.0,0.0,False
139,0.829833984375,0.039306640625,0.6943684310364209,115.3,4.932992235487649,0,0.0,0.0,0.0,0.0,0.0,False
77,0.7706298828125,0.0107421875,0.686333198051948,67.94,4.342308975082785,0,0.0,0.0,0.0,0.0,0.0,False
62,0.7620849609375,0.00732421875,0.6858185798891129,55.2,4.125701073844968,0,0.0,0.0,0.0,0.0,0.0,False
78,0.758544921875,0.001953125,0.6965785882411859,71.0,4.355192666854242,0,0.0,0.0,0.0,0.0,0.0,False
67,0.7620849609375,0.0059814453125,0.6757612086054104,58.92,4.203163446305796,0,0.0,0.0,0.0,0.0,0.0,False
74,0.76806640625,0.01611328125,0.6800009237753378,64.92,4.302738606093172,0,0.0,0.0,0.0,0.0,0.0,False
101,0.7730712890625,0.0074462890625,0.6883279026144802,89.2,4.6138930497543855,0,0.0,0.0,0.0,0.0,0.0,False
65,0.75048828125,0.00244140625,0.6767765925480769,58.06,4.173165634768049,0,0.0,0.0,0.0,0.0,0.0,False
79,0.7529296875,0.000732421875,0.6825739220727848,70.94,4.3681725278228845,0,0.0,0.0,0.0,0.0,0.0,True
89,0.765625,0.0006103515625,0.6871941384304775,79.12,4.487551882764037,0,0.0,0.0,0.0,0.0,0.0,False
100,0.7783203125,0.0174560546875,0.691885986328125,88.18,4.603822538507487,0,0.0,0.0,0.0,0.0,0.0,True
107,0.7659912109375,0.0035400390625,0.6880784079293224,95.28,4.671507198596345,0,0.0,0.0,0.0,0.0,0.0,False
106,0.7666015625,0.0025634765625,0.6819319815005896,93.42,4.662070710576681,0,0.0,0.0,0.0,0.0,0.0,True
83,0.7845458984375,0.005615234375,0.6850644766566265,71.9,4.417415320141527,0,0.0,0.0,0.0,0.0,0.0,True
65,0.759521484375,0.0047607421875,0.6814058743990384,57.74,4.172834692691482,0,0.0,0.0,0.0,0.0,0.0,False
107,0.781494140625,0.012939453125,0.7041985342435748,95.6,4.671415630042135,0,0.0,0.0,0.0,0.0,0.0,False
81,0.749267578125,0.00390625,0.6803656684027778,72.86,4.39313492345132,0,0.0,0.0,0.0,0.0,0.0,True
60,0.764892578125,0.0133056640625,0.6672871907552084,51.86,4.093106290235845,0,0.0,0.0,0.0,0.0,0.0,True
110,0.7872314453125,0.0201416015625,0.6907215465198864,95.68,4.699203501625857,0,0.0,0.0,0.0,0.0,0.0,False
118,0.7667236328125,0.0048828125,0.6903552039194916,105.32,4.7695086298827825,0,0.0,0.0,0.0,0.0,0.0,False
75,0.76708984375,0.014404296875,0.6865755208333333,66.56,4.316345246550392,0,0.0,0.0,0.0,0.0,0.0,True
99,0.783203125,0.0087890625,0.699166962594697,87.6,4.593665126665593,0,0.0,0.0,0.0,0.0,0.0,False
84,0.7548828125,0.004150390625,0.6822800409226191,75.22,4.429629479946893,0,0.0,0.0,0.0,0.0,0.0,False
62,0.75830078125,0.00439453125,0.6755134828629032,54.74,4.125895945928637,0,0.0,0.0,0.0,0.0,0.0,False
81,0.7734375,0.007080078125,0.6809066960841049,70.7,4.393141982433898,0,0.0,0.0,0.0,0.0,0.0,False
105,0.7938232421875,0.0111083984375,0.7034342447916667,92.24,4.652062061957704,0,0.0,0.0,0.0,0.0,0.0,False
76,0.76708984375,0.0069580078125,0.6876590126439145,67.56,4.329019004538165,0,0.0,0.0,0.0,0.0,0.0,False
136,0.7803955078125,0.0047607421875,0.6900706571691176,119.2,4.911275771222613,0,0.0,0.0,0.0,0.0,0.0,False
112,0.7647705078125,0.008056640625,0.6757692609514508,98.08,4.717354152689421,0,0.0,0.0,0.0,0.0,0.0,False
70,0.7677001953125,0.013427734375,0.6733433314732142,60.86,4.2474983861239375,0,0.0,0.0,0.0,0.0,0.0,False
85,0.762451171875,0.0079345703125,0.6823084214154411,75.34,4.441374249981329,0,0.0,0.0,0.0,0.0,0.0,False
61,0.7666015625,0.006591796875,0.6738021100153688,53.14,4.109137786346638,0,0.0,0.0,0.0,0.0,0.0,False
88,0.7677001953125,0.0125732421875,0.6788094260475852,77.18,4.476111198581864,0,0.0,0.0,0.0,0.0,0.0,True
69,0.7689208984375,0.0072021484375,0.6676449983016305,59.42,4.232735988599691,0,0.0,0.0,0.0,0.0,0.0,False
64,0.7559814453125,0.0115966796875,0.6738071441650391,56.56,4.157533373471875,0,0.0,0.0,0.0,0.0,0.0,False
62,0.7579345703125,0.0181884765625,0.6693331810735887,54.32,4.1255925372841995,0,0.0,0.0,0.0,0.0,0.0,False
102,0.7708740234375,0.0096435546875,0.6793942918964461,89.1,4.623920740258983,0,0.0,0.0,0.0,0.0,0.0,False
60,0.76953125,0.011474609375,0.6738972981770833,52.14,4.092953764618731,0,0.0,0.0,0.0,0.0,0.0,False
60,0.7562255859375,0.000732421875,0.6724161783854167,52.88,4.093053779490654,0,0.0,0.0,0.0,0.0,0.0,False
68,0.78662109375,0.012451171875,0.6787504308363971,58.14,4.217889052611461,0,0.0,0.0,0.0,0.0,0.0,True
94,0.7750244140625,0.004150390625,0.6901128241356383,82.9,4.54200041107041,0,0.0,0.0,0.0,0.0,0.0,False
106,0.7646484375,0.0015869140625,0.6972702314268868,95.78,4.66210124096763,0,0.0,0.0,0.0,0.0,0.0,False
97,0.7796630859375,0.0130615234375,0.6927955863402062,85.5,4.573467163998988,0,0.0,0.0,0.0,0.0,0.0,False
63,0.765869140625,0.0078125,0.6740993923611112,54.96,4.141782663491052,0,0.0,0.0,0.0,0.0,0.0,True
72,0.7506103515625,0.0008544921875,0.6791907416449653,64.56,4.275316358622713,0,0.0,0.0,0.0,0.0,0.0,False
89,0.7779541015625,0.0001220703125,0.7037339799859551,79.74,4.487112909009922,0,0.0,0.0,0.0,0.0,0.0,True
91,0.783935546875,0.0086669921875,0.7096738710508241,81.68,4.509202234835529,0,0.0,0.0,0.0,0.0,0.0,False
100,0.7884521484375,0.0096435546875,0.70169677734375,88.22,4.6032756455399735,0,0.0,0.0,0.0,0.0,0.0,False
93,0.7635498046875,0.0040283203125,0.677166026125672,81.7,4.531184343786843,0,0.0,0.0,0.0,0.0,0.0,False
90,0.7607421875,0.004150390625,0.6903238932291667,80.94,4.498561682318245,0,0.0,0.0,0.0,0.0,0.0,False
95,0.76708984375,0.0018310546875,0.694664884868421,85.2,4.552585529886167,0,0.0,0.0,0.0,0.0,0.0,False
83,0.7615966796875,0.0048828125,0.6851233057228916,74.04,4.4176845605055375,0,0.0,0.0,0.0,0.0,0.0,False
87,0.7713623046875,0.005615234375,0.6986420730064655,78.06,4.464621120337604,0,0.0,0.0,0.0,0.0,0.0,True
61,0.77783203125,0.014892578125,0.6745445376536885,52.48,4.109453510070007,0,0.0,0.0,0.0,0.0,0.0,False
85,0.7635498046875,0.0059814453125,0.6939252068014706,76.54,4.44117243716851,0,0.0,0.0,0.0,0.0,0.0,False
57,0.763427734375,0.0025634765625,0.6714616742050439,49.6,4.0417265368515505,0,0.0,0.0,0.0,0.0,0.0,True
63,0.737060546875,0.003662109375,0.6741923983134921,57.06,4.141907553605497,0,0.0,0.0,0.0,0.0,0.0,False
78,0.7601318359375,0.0079345703125,0.6824622521033654,69.46,4.35570805210564,0,0.0,0.0,0.0,0.0,0.0,False
56,0.74560546875,0.00048828125,0.6717921665736607,49.98,4.023851880805507,0,0.0,0.0,0.0,0.0,0.0,False
91,0.7674560546875,0.0126953125,0.6871887877747253,80.76,4.509605895488615,0,0.0,0.0,0.0,0.0,0.0,False
102,0.772705078125,0.0040283203125,0.6922727098651961,90.58,4.623515279983208,0,0.0,0.0,0.0,0.0,0.0,False
114,0.7894287109375,0.00927734375,0.7018379077576754,100.38,4.7347596867236375,0,0.0,0.0,0.0,0.0,0.0,False
169,0.783203125,0.013427734375,0.7061955378605769,151.08,5.128386501794289,0,0.0,0.0,0.0,0.0,0.0,True
76,0.7635498046875,0.0020751953125,0.6784330669202303,66.96,4.329429277279396,0,0.0,0.0,0.0,0.0,0.0,True
76,0.7584228515625,0.0106201171875,0.6816036826685855,67.64,4.32928469723713,0,0.0,0.0,0.0,0.0,0.0,False
99,0.7652587890625,0.0140380859375,0.6808995718907829,87.36,4.593618298941207,0,0.0,0.0,0.0,0.0,0.0,False
96,0.7603759765625,0.0106201171875,0.6823081970214844,85.36,4.563073216766195,0,0.0,0.0,0.0,0.0,0.0,False
107,0.7686767578125,0.00048828125,0.6997150171582944,96.52,4.671562159265414,0,0.0,0.0,0.0,0.0,0.0,False
81,0.7711181640625,0.0052490234375,0.6894998432677469,71.76,4.393065807751588,0,0.0,0.0,0.0,0.0,0.0,True
78,0.781982421875,0.010498046875,0.702384753104968,69.48,4.355105313470629,0,0.0,0.0,0.0,0.0,0.0,False
58,0.778076171875,0.0074462890625,0.6806324925915949,50.28,4.058967384046993,0,0.0,0.0,0.0,0.0,0.0,False
88,0.801513671875,0.0191650390625,0.6912814053622159,75.24,4.475468562375793,0,0.0,0.0,0.0,0.0,0.0,True
66,0.7562255859375,0.0008544921875,0.6734341708096591,58.2,4.188445478834934,0,0.0,0.0,0.0,0.0,0.0,True
69,0.78564453125,0.0323486328125,0.6714309471240942,58.48,4.232676857195097,0,0.0,0.0,0.0,0.0,0.0,False
81,0.7701416015625,0.0135498046875,0.6777253327546297,70.58,4.393261765632305,0,0.0,0.0,0.0,0.0,0.0,False
119,0.7718505859375,0.003662109375,0.6880077714679622,105.18,4.7781589857630165,0,0.0,0.0,0.0,0.0,0.0,True
87,0.79150390625,0.0194091796875,0.6813066855244253,74.32,4.464502750799446,0,0.0,0.0,0.0,0.0,0.0,False
74,0.75048828125,0.010009765625,0.6707532728040541,65.56,4.302954716674528,0,0.0,0.0,0.0,0.0,0.0,False
73,0.760009765625,0.0040283203125,0.6721743230950342,64.04,4.288669235966513,0,0.0,0.0,0.0,0.0,0.0,False
72,0.772216796875,0.0018310546875,0.6837158203125,63.22,4.275414636397027,0,0.0,0.0,0.0,0.0,0.0,False
64,0.7547607421875,0.0120849609375,0.6697216033935547,56.32,4.157479308562143,0,0.0,0.0,0.0,0.0,0.0,False
76,0.7689208984375,0.0062255859375,0.6744143837376645,66.16,4.329393807570356,0,0.0,0.0,0.0,0.0,0.0,False
91,0.79296875,0.02099609375,0.6937872918097527,78.78,4.509225928772198,0,0.0,0.0,0.0,0.0,0.0,True
57,0.7626953125,0.0093994140625,0.6766443085252193,50.14,4.041584151770634,0,0.0,0.0,0.0,0.0,0.0,False
66,0.764892578125,0.0010986328125,0.6784520004734849,57.96,4.188269181254914,0,0.0,0.0,0.0,0.0,0.0,False
89,0.7901611328125,0.0306396484375,0.6830999824438202,76.32,4.4871289736095115,0,0.0,0.0,0.0,0.0,0.0,False
103,0.789306640625,0.008544921875,0.691552023285801,89.52,4.633110960751544,0,0.0,0.0,0.0,0.0,0.0,False
60,0.7618408203125,0.00830078125,0.67921142578125,53.0,4.0927947128062865,0,0.0,0.0,0.0,0.0,0.0,False
68,0.7689208984375,0.0054931640625,0.6772496840533089,59.38,4.217894892102053,0,0.0,0.0,0.0,0.0,0.0,False
71,0.7589111328125,0.0084228515625,0.6701746121258803,62.2,4.261218536283454,0,0.0,0.0,0.0,0.0,0.0,False
80,0.7618408203125,0.0013427734375,0.6726547241210937,69.96,4.38070268474838,0,0.0,0.0,0.0,0.0,0.0,False
174,0.8231201171875,0.0328369140625,0.7131067034841954,149.52,5.157666274130018,0,0.0,0.0,0.0,0.0,0.0,False
91,0.78076171875,0.010986328125,0.6963132082760989,80.42,4.509428843892671,0,0.0,0.0,0.0,0.0,0.0,True
109,0.78173828125,0.0098876953125,0.6944165711009175,95.9,4.690169725793416,0,0.0,0.0,0.0,0.0,0.0,False
82,0.764404296875,0.003662109375,0.6734574480754573,71.68,4.405514637176451,0,0.0,0.0,0.0,0.0,0.0,False
102,0.798828125,0.031982421875,0.6886728324142157,87.18,4.623377785207041,0,0.0,0.0,0.0,0.0,0.0,False
139,0.8221435546875,0.0367431640625,0.6977582972684353,116.98,4.932775643939468,0,0.0,0.0,0.0,0.0,0.0,False
101,0.791015625,0.0126953125,0.6870624806621287,87.04,4.613868261715991,0,0.0,0.0,0.0,0.0,0.0,False
70,0.75341796875,0.0015869140625,0.6769548688616072,62.32,4.247152638544271,0,0.0,0.0,0.0,0.0,0.0,True
89,0.778564453125,0.0047607421875,0.6880321716994382,77.94,4.487176423374714,0,0.0,0.0,0.0,0.0,0.0,False
84,0.761474609375,0.00244140625,0.6780802408854166,74.1,4.429723311999718,0,0.0,0.0,0.0,0.0,0.0,False
83,0.8201904296875,0.047607421875,0.681309711502259,68.36,4.417368728790499,0,0.0,0.0,0.0,0.0,0.0,False
97,0.8006591796875,0.0328369140625,0.6826159290431701,81.94,4.573410691295659,0,0.0,0.0,0.0,0.0,0.0,False
104,0.7701416015625,0.0137939453125,0.676666259765625,90.58,4.643089255900412,0,0.0,0.0,0.0,0.0,0.0,True
190,0.80078125,0.002197265625,0.70455322265625,165.64,5.245215109454744,0,0.0,0.0,0.0,0.0,0.0,False
96,0.7689208984375,0.01123046875,0.6883074442545573,85.16,4.56310985929775,0,0.0,0.0,0.0,0.0,0.0,False
131,0.78955078125,0.001220703125,0.7068607242962787,116.22,4.873474995803758,0,0.0,0.0,0.0,0.0,0.0,False
93,0.7515869140625,0.0030517578125,0.6859787151377689,84.06,4.531591348027801,0,0.0,0.0,0.0,0.0,0.0,False
78,0.7664794921875,0.0174560546875,0.6772476587540064,68.3,4.3553665015030685,0,0.0,0.0,0.0,0.0,0.0,True
101,0.7723388671875,0.0167236328125,0.6784075746441832,88.04,4.6138095963524925,0,0.0,0.0,0.0,0.0,0.0,False
68,0.7613525390625,0.0142822265625,0.6687711827895221,59.26,4.218358546035621,0,0.0,0.0,0.0,0.0,0.0,False
73,0.7584228515625,0.00439453125,0.6829516267123288,65.12,4.289037119435168,0,0.0,0.0,0.0,0.0,0.0,False
89,0.8155517578125,0.0352783203125,0.6930466555477528,75.0,4.486640159054491,0,0.0,0.0,0.0,0.0,0.0,False
113,0.77587890625,0.0142822265625,0.6921203073147124,99.92,4.725628970394452,0,0.0,0.0,0.0,0.0,0.0,True
97,0.771240234375,0.00244140625,0.691735965689433,86.14,4.573098301505728,0,0.0,0.0,0.0,0.0,0.0,False
114,0.7652587890625,0.00341796875,0.6948402806332237,102.52,4.734746360638973,0,0.0,0.0,0.0,0.0,0.0,False
85,0.7598876953125,0.000732421875,0.6863927504595588,76.04,4.441527485306932,0,0.0,0.0,0.0,0.0,0.0,False
111,0.770751953125,0.003662109375,0.6994024053350225,99.78,4.708193463334664,0,0.0,0.0,0.0,0.0,0.0,False
64,0.756103515625,0.0040283203125,0.6718425750732422,56.3,4.157678217288646,0,0.0,0.0,0.0,0.0,0.0,False
85,0.7532958984375,0.0057373046875,0.6833079618566177,76.4,4.441364099816456,0,0.0,0.0,0.0,0.0,0.0,False
100,0.8155517578125,0.0533447265625,0.681849365234375,82.86,4.603643893911646,0,0.0,0.0,0.0,0.0,0.0,False
60,0.7530517578125,0.0030517578125,0.673565673828125,53.32,4.09294213114586,0,0.0,0.0,0.0,0.0,0.0,False
67,0.749267578125,0.001220703125,0.6779675839552238,60.08,4.203345198929263,0,0.0,0.0,0.0,0.0,0.0,False
110,0.75537109375,0.00732421875,0.6854137073863636,98.86,4.699367841865634,0,0.0,0.0,0.0,0.0,0.0,False
87,0.7548828125,0.0001220703125,0.6771871632543104,77.32,4.464636824651288,0,0.0,0.0,0.0,0.0,0.0,False
103,0.7838134765625,0.005859375,0.685936788910801,89.38,4.633287445197361,0,0.0,0.0,0.0,0.0,0.0,False
72,0.807373046875,0.04296875,0.6714189317491319,59.34,4.275129768013598,0,0.0,0.0,0.0,0.0,0.0,False
95,0.7615966796875,0.0003662109375,0.6737523129111842,83.32,4.552752030353936,0,0.0,0.0,0.0,0.0,0.0,False
95,0.7705078125,0.001220703125,0.6730918482730263,82.36,4.552601530259731,0,0.0,0.0,0.0,0.0,0.0,False
100,0.7733154296875,0.0040283203125,0.67739990234375,86.82,4.60378639335015,0,0.0,0.0,0.0,0.0,0.0,False
100,0.81640625,0.04248046875,0.669351806640625,81.34,4.603692693256251,0,0.0,0.0,0.0,0.0,0.0,False
54,0.7548828125,0.01123046875,0.6692617910879629,47.44,3.987665255514866,0,0.0,0.0,0.0,0.0,0.0,False
71,0.766357421875,0.0009765625,0.680024482834507,62.4,4.2615300644428755,0,0.0,0.0,0.0,0.0,0.0,False
55,0.75732421875,0.0054931640625,0.6758012251420454,48.62,4.006251921029754,0,0.0,0.0,0.0,0.0,0.0,True
75,0.7750244140625,0.0140380859375,0.6808723958333334,65.26,4.3162013992740995,0,0.0,0.0,0.0,0.0,0.0,False
107,0.771484375,0.0062255859375,0.6881012248101636,94.44,4.671509195566797,0,0.0,0.0,0.0,0.0,0.0,False
113,0.7532958984375,0.0003662109375,0.6770548862693584,100.74,4.726418873781955,0,0.0,0.0,0.0,0.0,0.0,False
97,0.7628173828125,0.0032958984375,0.6770006946681701,85.26,4.573425530449682,0,0.0,0.0,0.0,0.0,0.0,True
114,0.7598876953125,0.0015869140625,0.6758829752604166,100.56,4.734983229306063,0,0.0,0.0,0.0,0.0,0.0,True
104,0.8463134765625,0.049072265625,0.6878591684194711,83.84,4.642666629161877,0,0.0,0.0,0.0,0.0,0.0,False
112,0.7933349609375,0.010498046875,0.6991860525948661,97.8,4.7169347997664595,0,0.0,0.0,0.0,0.0,0.0,False
107,0.7794189453125,0.0146484375,0.6838116512120327,93.04,4.6715078560135685,0,0.0,0.0,0.0,0.0,0.0,True
70,0.766845703125,0.00146484375,0.6798688616071429,61.54,4.247185204326216,0,0.0,0.0,0.0,0.0,0.0,True
83,0.761474609375,0.01025390625,0.6880824077560241,74.34,4.417531653715996,0,0.0,0.0,0.0,0.0,0.0,False
86,0.841552734375,0.07177734375,0.6739033543786337,68.36,4.4528021371613615,0,0.0,0.0,0.0,0.0,0.0,False
108,0.7635498046875,0.0064697265625,0.6850913718894676,95.92,4.680703356733257,0,0.0,0.0,0.0,0.0,0.0,False
115,0.7696533203125,0.00341796875,0.6917650305706522,102.42,4.743621622738249,0,0.0,0.0,0.0,0.0,0.0,True
88,0.7698974609375,0.0037841796875,0.6771767356178977,76.7,4.476077573499243,0,0.0,0.0,0.0,0.0,0.0,True
126,0.77587890625,0.00634765625,0.692017570374504,111.36,4.834917726862423,0,0.0,0.0,0.0,0.0,0.0,True
124,0.77001953125,0.0042724609375,0.6851629441784274,109.38,4.818903964830167,0,0.0,0.0,0.0,0.0,0.0,True
92,0.760498046875,0.00244140625,0.677657417629076,81.28,4.520647569445456,0,0.0,0.0,0.0,0.0,0.0,True
136,0.785400390625,0.005859375,0.6932839786305147,118.96,4.911225751062305,0,0.0,0.0,0.0,0.0,0.0,False
73,0.777099609375,0.009765625,0.683349609375,63.62,4.288874909258567,0,0.0,0.0,0.0,0.0,0.0,False
84,0.774169921875,0.0006103515625,0.6856529599144345,73.64,4.429330991094512,0,0.0,0.0,0.0,0.0,0.0,True
109,0.843505859375,0.0814208984375,0.6863375322534404,88.06,4.689705676579629,0,0.0,0.0,0.0,0.0,0.0,True
92,0.765380859375,0.0084228515625,0.6878701914911685,81.86,4.520390922858891,0,0.0,0.0,0.0,0.0,0.0,False
104,0.7677001953125,0.00244140625,0.6807650052584134,91.38,4.643156424574563,0,0.0,0.0,0.0,0.0,0.0,True
66,0.7572021484375,0.0003662109375,0.6813502456202651,58.8,4.1883102873097275,0,0.0,0.0,0.0,0.0,0.0,False
89,0.7625732421875,0.0067138671875,0.6810151860955056,78.78,4.4874087151176285,0,0.0,0.0,0.0,0.0,0.0,False
111,0.763916015625,0.0052490234375,0.6927567215653153,99.62,4.7084196839388355,0,0.0,0.0,0.0,0.0,0.0,True
131,0.791015625,0.0013427734375,0.7139053927123091,117.16,4.873250153412622,0,0.0,0.0,0.0,0.0,0.0,False
85,0.7652587890625,0.001708984375,0.6910544002757353,76.04,4.441459278494646,0,0.0,0.0,0.0,0.0,0.0,False
88,0.7744140625,0.0081787109375,0.6864804354580966,77.36,4.475639252454618,0,0.0,0.0,0.0,0.0,0.0,False
95,0.768310546875,0.0123291015625,0.6931692023026316,84.92,4.552380349680016,0,0.0,0.0,0.0,0.0,0.0,False
55,0.7513427734375,0.0035400390625,0.6746426669034091,49.02,4.006022142418831,0,0.0,0.0,0.0,0.0,0.0,False
52,0.7652587890625,0.002685546875,0.6715463491586539,45.2,3.9498717556282354,0,0.0,0.0,0.0,0.0,0.0,False
103,0.7884521484375,0.01513671875,0.6934482611498787,89.7,4.633568202529474,0,0.0,0.0,0.0,0.0,0.0,True
116,0.8543701171875,0.073974609375,0.686316128434806,92.44,4.75213456587069,0,0.0,0.0,0.0,0.0,0.0,False
86,0.7576904296875,0.0,0.6757784111555233,76.06,4.452842676075813,0,0.0,0.0,0.0,0.0,0.0,False
87,0.77001953125,0.0155029296875,0.6875519149604885,76.96,4.464606387593963,0,0.0,0.0,0.0,0.0,0.0,False
157,0.786376953125,0.0030517578125,0.7038512017316879,139.26,5.05481955877345,0,0.0,0.0,0.0,0.0,0.0,False
70,0.753662109375,0.00390625,0.6784772600446428,62.4,4.247421005782791,0,0.0,0.0,0.0,0.0,0.0,False
100,0.78369140625,0.0084228515625,0.68486083984375,86.6,4.6038699267003285,0,0.0,0.0,0.0,0.0,0.0,True
100,0.76708984375,0.0057373046875,0.686851806640625,88.7,4.603632043876602,0,0.0,0.0,0.0,0.0,0.0,False
87,0.765380859375,0.002197265625,0.6871899133441092,77.3,4.464610903875483,0,0.0,0.0,0.0,0.0,0.0,False
70,0.7559814453125,0.002197265625,0.6855817522321429,62.9,4.24734940836593,0,0.0,0.0,0.0,0.0,0.0,False
131,0.8399658203125,0.0589599609375,0.6850893442867366,105.96,4.873657662919466,0,0.0,0.0,0.0,0.0,0.0,False
108,0.792236328125,0.0250244140625,0.6809828016493056,92.12,4.680984708116387,0,0.0,0.0,0.0,0.0,0.0,False
80,0.76953125,0.0111083984375,0.6727493286132813,69.36,4.380698551099384,0,0.0,0.0,0.0,0.0,0.0,False
98,0.7789306640625,0.0018310546875,0.6875386140784439,85.72,4.583446346607718,0,0.0,0.0,0.0,0.0,0.0,False
100,0.771484375,0.0050048828125,0.697176513671875,89.56,4.6033230374007035,0,0.0,0.0,0.0,0.0,0.0,False
71,0.7664794921875,0.002197265625,0.6794467979753521,62.42,4.261224935705508,0,0.0,0.0,0.0,0.0,0.0,False
59,0.7509765625,0.0078125,0.6724832825741526,52.32,4.076225712483811,0,0.0,0.0,0.0,0.0,0.0,False
70,0.75,0.009521484375,0.6759242466517857,62.48,4.247257512426416,0,0.0,0.0,0.0,0.0,0.0,False
76,0.7589111328125,0.0010986328125,0.6785615619860197,67.38,4.329323162101814,0,0.0,0.0,0.0,0.0,0.0,True
92,0.782470703125,0.031982421875,0.6753327742866848,78.74,4.520498513505275,0,0.0,0.0,0.0,0.0,0.0,False
93,0.7733154296875,0.008056640625,0.6812862273185484,81.18,4.531254034717254,0,0.0,0.0,0.0,0.0,0.0,False
86,0.7598876953125,0.0091552734375,0.6819670921148255,76.46,4.452963400979771,0,0.0,0.0,0.0,0.0,0.0,False
96,0.765869140625,0.016845703125,0.6831461588541666,84.96,4.563234642699669,0,0.0,0.0,0.0,0.0,0.0,False
101,0.7718505859375,0.0029296875,0.6928723023669554,89.88,4.613389011652789,0,0.0,0.0,0.0,0.0,0.0,True
195,0.80517578125,0.0048828125,0.7216095753205128,173.08,5.270956970343491,0,0.0,0.0,0.0,0.0,0.0,False
157,0.7821044921875,0.0064697265625,0.69311912196457,137.82,5.054947355249255,0,0.0,0.0,0.0,0.0,0.0,False
79,0.7623291015625,0.003173828125,0.674424569818038,69.26,4.368183675385731,0,0.0,0.0,0.0,0.0,0.0,True
88,0.7890625,0.0098876953125,0.6849295876242898,75.76,4.4759774899170335,0,0.0,0.0,0.0,0.0,0.0,False
76,0.769287109375,0.0029296875,0.6782371119449013,66.38,4.329215569193267,0,0.0,0.0,0.0,0.0,0.0,False
68,0.773193359375,0.0157470703125,0.6758243336397058,59.02,4.218460155490581,0,0.0,0.0,0.0,0.0,0.0,False
81,0.7596435546875,0.0006103515625,0.6911666304976852,72.96,4.393387007701501,0,0.0,0.0,0.0,0.0,0.0,False
96,0.8046875,0.034423828125,0.6791585286458334,80.36,4.563193179525342,0,0.0,0.0,0.0,0.0,0.0,False
94,0.7628173828125,0.00048828125,0.6785148458277925,82.84,4.542046843618351,0,0.0,0.0,0.0,0.0,0.0,False
121,0.8472900390625,0.04833984375,0.6945266093104339,98.46,4.793979828970549,0,0.0,0.0,0.0,0.0,0.0,True
122,0.800537109375,0.0264892578125,0.6867085441214139,103.78,4.802705961650332,0,0.0,0.0,0.0,0.0,0.0,False
67,0.7562255859375,0.0084228515625,0.6807533378031716,59.78,4.2034996125905915,0,0.0,0.0,0.0,0.0,0.0,False
79,0.75,0.00830078125,0.6720387905458861,70.06,4.368408302355036,0,0.0,0.0,0.0,0.0,0.0,False
114,0.768310546875,0.0009765625,0.6864409864994517,100.92,4.734633451424715,0,0.0,0.0,0.0,0.0,0.0,False
79,0.7689208984375,0.0107421875,0.680447735363924,69.26,4.3680623390297075,0,0.0,0.0,0.0,0.0,0.0,True
103,0.77880859375,0.001708984375,0.6964526130157767,91.24,4.633101785320375,0,0.0,0.0,0.0,0.0,0.0,False
78,0.773681640625,0.0093994140625,0.690559582832532,69.02,4.3549665067296255,0,0.0,0.0,0.0,0.0,0.0,False
90,0.8095703125,0.024658203125,0.6800116644965277,75.08,4.498310610667789,0,0.0,0.0,0.0,0.0,0.0,False
123,0.793701171875,0.0272216796875,0.6822202108739838,104.8,4.8109664749642835,0,0.0,0.0,0.0,0.0,0.0,False
97,0.7618408203125,0.000244140625,0.6782578930412371,85.74,4.5734164942146585,0,0.0,0.0,0.0,0.0,0.0,False
90,0.7750244140625,0.0050048828125,0.6824557834201389,78.66,4.498272761622512,0,0.0,0.0,0.0,0.0,0.0,True
119,0.7789306640625,0.0150146484375,0.6893166934742647,104.48,4.7777257654390946,0,0.0,0.0,0.0,0.0,0.0,False
143,0.7635498046875,0.0040283203125,0.6832744891826923,126.8,4.961900178655762,0,0.0,0.0,0.0,0.0,0.0,False
116,0.7615966796875,0.0001220703125,0.6797811573949354,102.6,4.7527090163306145,0,0.0,0.0,0.0,0.0,0.0,False
111,0.77001953125,0.0079345703125,0.6980640308277027,99.72,4.708284050189625,0,0.0,0.0,0.0,0.0,0.0,False
71,0.75927734375,0.010498046875,0.6723460882482394,62.3,4.26146035026704,0,0.0,0.0,0.0,0.0,0.0,True
74,0.76611328125,0.015869140625,0.6875560863597973,65.92,4.302869163446916,0,0.0,0.0,0.0,0.0,0.0,False
71,0.7679443359375,0.0029296875,0.6745983714788732,61.8,4.261557664268159,0,0.0,0.0,0.0,0.0,0.0,False
58,0.7684326171875,0.0108642578125,0.6698019093480604,50.14,4.059193066739485,0,0.0,0.0,0.0,0.0,0.0,True
65,0.7569580078125,0.0084228515625,0.6744835486778846,57.4,4.1731497741933925,0,0.0,0.0,0.0,0.0,0.0,True
128,0.7733154296875,0.0057373046875,0.6982049942016602,114.52,4.850827118560149,0,0.0,0.0,0.0,0.0,0.0,False
131,0.777587890625,0.009521484375,0.6863752758229962,114.58,4.873953388394407,0,0.0,0.0,0.0,0.0,0.0,False
109,0.7801513671875,0.0081787109375,0.6900903544294725,95.58,4.690146759067347,0,0.0,0.0,0.0,0.0,0.0,False
160,0.78564453125,0.01123046875,0.7014373779296875,141.7,5.073524932874223,0,0.0,0.0,0.0,0.0,0.0,False
139,0.786376953125,0.0062255859375,0.704380831272482,123.46,4.932795106356533,0,0.0,0.0,0.0,0.0,0.0,False
121,0.771240234375,0.0,0.69249075897469,107.68,4.7945921744723785,0,0.0,0.0,0.0,0.0,0.0,False
179,0.800048828125,0.0205078125,0.7025862539280726,155.8,5.1860272535377225,0,0.0,0.0,0.0,0.0,0.0,False
141,0.7882080078125,0.0068359375,0.6943394004875887,123.1,4.947182353023749,0,0.0,0.0,0.0,0.0,0.0,False
148,0.7950439453125,0.01513671875,0.6954362199113175,128.28,4.995456515496129,0,0.0,0.0,0.0,0.0,0.0,True
87,0.7625732421875,0.0152587890625,0.6747752222521551,76.32,4.464732051659846,0,0.0,0.0,0.0,0.0,0.0,True
76,0.759521484375,0.014892578125,0.668408845600329,66.28,4.329522743195595,0,0.0,0.0,0.0,0.0,0.0,True
92,0.761962890625,0.0069580078125,0.6691337253736414,80.14,4.520851795680109,0,0.0,0.0,0.0,0.0,0.0,True
51,0.758544921875,0.010986328125,0.6712526807598039,44.7,3.9304388814913898,0,0.0,0.0,0.0,0.0,0.0,True
101,0.7786865234375,0.00244140625,0.6870636892790841,88.4,4.613634496433513,0,0.0,0.0,0.0,0.0,0.0,True
93,0.7689208984375,0.0,0.6817718834005376,81.74,4.531229246631564,0,0.0,0.0,0.0,0.0,0.0,False
53,0.744384765625,0.001953125,0.6675357458726415,47.0,3.9690681209260332,0,0.0,0.0,0.0,0.0,0.0,True
73,0.763427734375,0.0003662109375,0.6788129414597602,64.32,4.2892036305325645,0,0.0,0.0,0.0,0.0,0.0,False
65,0.7601318359375,0.0128173828125,0.6773869441105769,57.4,4.1733301652468,0,0.0,0.0,0.0,0.0,0.0,False
81,0.75732421875,0.0006103515625,0.6850857204861112,72.68,4.393264999532028,0,0.0,0.0,0.0,0.0,0.0,False
81,0.78076171875,0.0235595703125,0.6807017385223766,70.06,4.393106327480351,0,0.0,0.0,0.0,0.0,0.0,False
117,0.77978515625,0.010498046875,0.6864013671875,102.06,4.761090342258495,0,0.0,0.0,0.0,0.0,0.0,False
120,0.794189453125,0.010009765625,0.6972747802734375,104.46,4.786115758277279,0,0.0,0.0,0.0,0.0,0.0,False
114,0.783935546875,0.0009765625,0.6972452799479166,100.46,4.734822984861191,0,0.0,0.0,0.0,0.0,0.0,False
92,0.772705078125,0.004638671875,0.6812757409137228,80.4,4.520446211839664,0,0.0,0.0,0.0,0.0,0.0,False
127,0.7918701171875,0.01318359375,0.6895088736466536,109.62,4.842731048912771,0,0.0,0.0,0.0,0.0,0.0,False
112,0.7974853515625,0.0220947265625,0.6849877493722099,95.28,4.716866770991858,0,0.0,0.0,0.0,0.0,0.0,False
71,0.748291015625,0.001953125,0.6731816681338029,63.26,4.261513214339647,0,0.0,0.0,0.0,0.0,0.0,False
81,0.793212890625,0.0478515625,0.6721462673611112,68.06,4.393287471182807,0,0.0,0.0,0.0,0.0,0.0,False
75,0.8226318359375,0.0576171875,0.6703352864583333,60.52,4.315848933133768,0,0.0,0.0,0.0,0.0,0.0,False
116,0.7838134765625,0.001220703125,0.6968436405576509,102.18,4.752048656450796,0,0.0,0.0,0.0,0.0,0.0,False
98,0.7586669921875,0.0009765625,0.6895739496970663,88.32,4.5835162167422965,0,0.0,0.0,0.0,0.0,0.0,False
120,0.7823486328125,0.0240478515625,0.6994476318359375,106.36,4.786173813559113,0,0.0,0.0,0.0,0.0,0.0,True
86,0.773193359375,0.0023193359375,0.6739601312681686,74.22,4.453115760762928,0,0.0,0.0,0.0,0.0,0.0,True
80,0.77294921875,0.01025390625,0.6856353759765625,70.32,4.380762584446339,0,0.0,0.0,0.0,0.0,0.0,False
83,0.7596435546875,0.0062255859375,0.6782741316829819,73.42,4.417590370083117,0,0.0,0.0,0.0,0.0,0.0,True
159,0.7919921875,0.0074462890625,0.7117006313875787,141.52,5.067197063137609,0,0.0,0.0,0.0,0.0,0.0,False
136,0.77197265625,0.01123046875,0.6873536951401654,120.04,4.911488921417127,0,0.0,0.0,0.0,0.0,0.0,True
88,0.7589111328125,0.005859375,0.6753040660511364,77.6,4.476161567822303,0,0.0,0.0,0.0,0.0,0.0,True
87,0.7806396484375,0.0155029296875,0.6831377402119253,75.42,4.464309900715934,0,0.0,0.0,0.0,0.0,0.0,True
109,0.8173828125,0.0556640625,0.6975422430475917,92.24,4.69025212349548,0,0.0,0.0,0.0,0.0,0.0,False
106,0.8240966796875,0.0589599609375,0.6888139832694575,87.86,4.661772728613538,0,0.0,0.0,0.0,0.0,0.0,False
96,0.748779296875,0.000732421875,0.6745249430338541,85.66,4.563077792150104,0,0.0,0.0,0.0,0.0,0.0,False
133,0.7857666015625,0.013427734375,0.7005798798754699,117.6,4.888844804273273,0,0.0,0.0,0.0,0.0,0.0,True
135,0.77294921875,0.0018310546875,0.6853117766203703,118.8,4.90417381200478,0,0.0,0.0,0.0,0.0,0.0,False
115,0.7646484375,0.0030517578125,0.6822138247282609,101.72,4.743505688622872,0,0.0,0.0,0.0,0.0,0.0,False
92,0.76318359375,0.0054931640625,0.6805327042289402,81.36,4.520386280598455,0,0.0,0.0,0.0,0.0,0.0,True
63,0.746337890625,0.00390625,0.6740063864087301,56.32,4.141817279310816,0,0.0,0.0,0.0,0.0,0.0,False
67,0.7510986328125,0.000732421875,0.6732305270522388,59.48,4.203194047857864,0,0.0,0.0,0.0,0.0,0.0,True
52,0.7626953125,0.0098876953125,0.6739478478064904,45.52,3.9500090125437395,0,0.0,0.0,0.0,0.0,0.0,True
69,0.754150390625,0.00830078125,0.6774230072463768,61.42,4.232846189204329,0,0.0,0.0,0.0,0.0,0.0,True
60,0.7529296875,0.0015869140625,0.674591064453125,53.32,4.092868688907687,0,0.0,0.0,0.0,0.0,0.0,False
64,0.7567138671875,0.0101318359375,0.6807575225830078,57.1,4.157399424818118,0,0.0,0.0,0.0,0.0,0.0,False
65,0.7642822265625,0.007080078125,0.6805645282451923,57.44,4.172804840071769,0,0.0,0.0,0.0,0.0,0.0,False
76,0.7567138671875,0.0030517578125,0.673932527240954,67.12,4.329490895093173,0,0.0,0.0,0.0,0.0,0.0,False
103,0.7584228515625,0.0086669921875,0.6797005366353155,91.56,4.633552030264719,0,0.0,0.0,0.0,0.0,0.0,False
111,0.7716064453125,0.004638671875,0.6896037883586712,98.28,4.708296167651781,0,0.0,0.0,0.0,0.0,0.0,True
88,0.7598876953125,0.0169677734375,0.6833121559836648,78.48,4.476130195933072,0,0.0,0.0,0.0,0.0,0.0,False
56,0.75634765625,0.001708984375,0.6705714634486607,49.22,4.023784080023667,0,0.0,0.0,0.0,0.0,0.0,False
75,0.76123046875,0.006103515625,0.673623046875,65.8,4.316131808533762,0,0.0,0.0,0.0,0.0,0.0,False
119,0.7750244140625,0.0106201171875,0.6857592157956933,104.22,4.777908764856755,0,0.0,0.0,0.0,0.0,0.0,True
113,0.79443359375,0.004638671875,0.6880001642007744,97.1,4.725709972125862,0,0.0,0.0,0.0,0.0,0.0,True
94,0.779296875,0.0069580078125,0.6949371987200798,82.94,4.541708275375663,0,0.0,0.0,0.0,0.0,0.0,False
112,0.821533203125,0.04638671875,0.688704354422433,93.12,4.71685169765174,0,0.0,0.0,0.0,0.0,0.0,True
69,0.759765625,0.00341796875,0.6764517521512681,61.0,4.232974912843875,0,0.0,0.0,0.0,0.0,0.0,False
86,0.7659912109375,0.0074462890625,0.6789408839026163,75.54,4.453321559579648,0,0.0,0.0,0.0,0.0,0.0,False
83,0.7657470703125,0.0010986328125,0.6854042145143072,73.72,4.417592170540237,0,0.0,0.0,0.0,0.0,0.0,True
87,0.7794189453125,0.020263671875,0.6764519351652298,74.8,4.464715841553621,0,0.0,0.0,0.0,0.0,0.0,False
97,0.797119140625,0.027099609375,0.6953854904961341,83.9,4.573361106756261,0,0.0,0.0,0.0,0.0,0.0,False
94,0.7633056640625,0.012451171875,0.6770746758643617,82.7,4.541983867012015,0,0.0,0.0,0.0,0.0,0.0,False
89,0.7637939453125,0.008544921875,0.6711864685744382,77.54,4.487634154894118,0,0.0,0.0,0.0,0.0,0.0,False
96,0.775146484375,0.0145263671875,0.6780370076497396,83.24,4.563143875052741,0,0.0,0.0,0.0,0.0,0.0,False
80,0.759765625,0.00341796875,0.6777816772460937,70.78,4.3804183922386,0,0.0,0.0,0.0,0.0,0.0,False
73,0.7655029296875,0.008056640625,0.6718632946275684,63.5,4.289111596396422,0,0.0,0.0,0.0,0.0,0.0,True
95,0.7578125,0.0030517578125,0.6834459806743421,84.86,4.552712535696694,0,0.0,0.0,0.0,0.0,0.0,True
110,0.773193359375,0.0054931640625,0.692203036221591,97.64,4.699105071072139,0,0.0,0.0,0.0,0.0,0.0,False
132,0.7852783203125,0.012451171875,0.6964213053385416,116.06,4.88149596725939,0,0.0,0.0,0.0,0.0,0.0,False
100,0.7843017578125,0.0146484375,0.70130126953125,88.74,4.603702530494993,0,0.0,0.0,0.0,0.0,0.0,True
139,0.78173828125,0.0018310546875,0.7067150966726619,124.46,4.932815390987175,0,0.0,0.0,0.0,0.0,0.0,True
51,0.7470703125,0.0029296875,0.6658815870098039,45.0,3.9305654027678094,0,0.0,0.0,0.0,0.0,0.0,True
90,0.7706298828125,0.008056640625,0.6889092339409723,79.78,4.4982146490162105,0,0.0,0.0,0.0,0.0,0.0,False
72,0.787109375,0.018798828125,0.6660054524739584,60.4,4.275251812840718,0,0.0,0.0,0.0,0.0,0.0,False
70,0.75732421875,0.0010986328125,0.6768258231026786,61.98,4.247261876710311,0,0.0,0.0,0.0,0.0,0.0,False
68,0.757568359375,0.015625,0.6698500689338235,59.58,4.2182630701122426,0,0.0,0.0,0.0,0.0,0.0,True
72,0.7911376953125,0.0452880859375,0.6707543267144097,60.52,4.275511115121406,0,0.0,0.0,0.0,0.0,0.0,True
100,0.7647705078125,0.001708984375,0.671318359375,87.02,4.603826259333285,0,0.0,0.0,0.0,0.0,0.0,True
79,0.7613525390625,0.01123046875,0.6720326097705697,69.18,4.368072254949281,0,0.0,0.0,0.0,0.0,0.0,False
97,0.74609375,0.002685546875,0.6770950789304123,87.26,4.57333119202281,0,0.0,0.0,0.0,0.0,0.0,False
93,0.7659912109375,0.0052490234375,0.678233156922043,81.6,4.531080740187389,0,0.0,0.0,0.0,0.0,0.0,True
86,0.7642822265625,0.0089111328125,0.6852615711300872,76.48,4.452958025690463,0,0.0,0.0,0.0,0.0,0.0,True
68,0.7684326171875,0.0184326171875,0.674102783203125,59.12,4.218189252383007,0,0.0,0.0,0.0,0.0,0.0,False
63,0.7662353515625,0.00048828125,0.6693212115575397,54.54,4.141737192283552,0,0.0,0.0,0.0,0.0,0.0,True
94,0.7745361328125,0.01611328125,0.6782823927859043,81.6,4.541963549350396,0,0.0,0.0,0.0,0.0,0.0,True
124,0.77880859375,0.006591796875,0.6838487194430444,107.9,4.819019360192822,0,0.0,0.0,0.0,0.0,0.0,False
103,0.7784423828125,0.0103759765625,0.6752230449787622,88.48,4.633589727674612,0,0.0,0.0,0.0,0.0,0.0,True
78,0.7686767578125,0.010009765625,0.6735683343349359,67.82,4.355649399418527,0,0.0,0.0,0.0,0.0,0.0,True
78,0.75537109375,0.0009765625,0.6683474809695513,68.4,4.355435766265271,0,0.0,0.0,0.0,0.0,0.0,False
102,0.7672119140625,0.0006103515625,0.6886070101868873,90.7,4.623599822470687,0,0.0,0.0,0.0,0.0,0.0,False
55,0.743896484375,0.00390625,0.6619096235795454,48.52,4.005973826578851,0,0.0,0.0,0.0,0.0,0.0,False
74,0.7542724609375,0.0076904296875,0.6716852961359797,65.28,4.302843497934372,0,0.0,0.0,0.0,0.0,0.0,False
72,0.7587890625,0.0062255859375,0.6720767550998263,63.14,4.275521519180979,0,0.0,0.0,0.0,0.0,0.0,False
98,0.7791748046875,0.004638671875,0.6863104372608418,85.6,4.583235594720748,0,0.0,0.0,0.0,0.0,0.0,False
102,0.78369140625,0.0189208984375,0.692782532935049,89.42,4.623699519031302,0,0.0,0.0,0.0,0.0,0.0,False
73,0.8372802734375,0.0758056640625,0.6808128879494864,58.8,4.288879438695767,0,0.0,0.0,0.0,0.0,0.0,False
84,0.769287109375,0.0048828125,0.6769234793526786,73.3,4.429873356859141,0,0.0,0.0,0.0,0.0,0.0,False
83,0.7808837890625,0.0201416015625,0.6915783250188253,72.92,4.417483540957785,0,0.0,0.0,0.0,0.0,0.0,False
92,0.76806640625,0.0152587890625,0.6779267684273098,80.52,4.520640018942709,0,0.0,0.0,0.0,0.0,0.0,False
88,0.75146484375,0.005615234375,0.6795293634588068,78.74,4.476208144455489,0,0.0,0.0,0.0,0.0,0.0,False
86,0.761962890625,0.011474609375,0.6828641669694767,76.4,4.453240585347159,0,0.0,0.0,0.0,0.0,0.0,True
109,0.76123046875,0.01025390625,0.6871013116399083,97.48,4.690115083875955,0,0.0,0.0,0.0,0.0,0.0,False
106,0.82568359375,0.04833984375,0.6806640625,86.74,4.661585720365442,0,0.0,0.0,0.0,0.0,0.0,False
140,0.844970703125,0.078369140625,0.6898568289620536,113.42,4.940198592438847,0,0.0,0.0,0.0,0.0,0.0,True
76,0.7921142578125,0.010009765625,0.6903911389802632,65.68,4.328895976645036,0,0.0,0.0,0.0,0.0,0.0,False
88,0.77294921875,0.0107421875,0.6851612437855114,77.34,4.475935827989133,0,0.0,0.0,0.0,0.0,0.0,False
55,0.7742919921875,0.0257568359375,0.672183504971591,47.32,4.005642969648828,0,0.0,0.0,0.0,0.0,0.0,False
87,0.8206787109375,0.0108642578125,0.6879012886135057,72.26,4.46424780948831,0,0.0,0.0,0.0,0.0,0.0,False
82,0.8101806640625,0.05712890625,0.6771984565548781,67.92,4.405326248479359,0,0.0,0.0,0.0,0.0,0.0,False
92,0.761474609375,0.0015869140625,0.67181396484375,80.4,4.520615529306506,0,0.0,0.0,0.0,0.0,0.0,False
78,0.7576904296875,0.006591796875,0.6788267477964743,69.24,4.355169550216475,0,0.0,0.0,0.0,0.0,0.0,False
119,0.77490234375,0.001708984375,0.6935388901654411,105.52,4.777680134695119,0,0.0,0.0,0.0,0.0,0.0,False
55,0.765869140625,0.0018310546875,0.6867076526988637,48.86,4.005448990487321,0,0.0,0.0,0.0,0.0,0.0,False
105,0.7779541015625,0.02734375,0.6872047061011904,91.88,4.652482588620684,0,0.0,0.0,0.0,0.0,0.0,False
85,0.7666015625,0.004150390625,0.6806554457720588,74.8,4.441279630515469,0,0.0,0.0,0.0,0.0,0.0,False
112,0.794677734375,0.0045166015625,0.7064895629882812,98.56,4.716846029683966,0,0.0,0.0,0.0,0.0,0.0,False
89,0.787353515625,0.0029296875,0.6961409322331461,78.0,4.486912821625035,0,0.0,0.0,0.0,0.0,0.0,False
90,0.7626953125,0.0062255859375,0.6825046115451389,79.82,4.498270750036053,0,0.0,0.0,0.0,0.0,0.0,True
78,0.75634765625,0.005859375,0.6738719451121795,68.88,4.355575652384499,0,0.0,0.0,0.0,0.0,0.0,False
85,0.7705078125,0.004638671875,0.675930606617647,73.94,4.441383140390622,0,0.0,0.0,0.0,0.0,0.0,False
83,0.7685546875,0.0111083984375,0.6984436770519579,74.72,4.4172275105670025,0,0.0,0.0,0.0,0.0,0.0,False
77,0.7567138671875,0.001953125,0.6818942775974026,68.74,4.342510259729758,0,0.0,0.0,0.0,0.0,0.0,False
154,0.7713623046875,0.00244140625,0.6979132317877436,138.16,5.035357179716013,0,0.0,0.0,0.0,0.0,0.0,True
118,0.8157958984375,0.029052734375,0.7114112983315678,102.1,4.769059753909734,0,0.0,0.0,0.0,0.0,0.0,False
134,0.7689208984375,0.0169677734375,0.684395405783582,118.2,4.896203845172678,0,0.0,0.0,0.0,0.0,0.0,True
122,0.76611328125,0.005126953125,0.6925178903048156,109.32,4.802374368185683,0,0.0,0.0,0.0,0.0,0.0,False
116,0.74853515625,0.0009765625,0.6789445548221983,104.28,4.752318113522104,0,0.0,0.0,0.0,0.0,0.0,True
134,0.7677001953125,0.00927734375,0.6795453882929104,117.58,4.896399755360111,0,0.0,0.0,0.0,0.0,0.0,False
98,0.8017578125,0.0181884765625,0.7088784976881377,85.84,4.583116604921984,0,0.0,0.0,0.0,0.0,0.0,False
118,0.7713623046875,0.0030517578125,0.692997302039195,104.98,4.769213578671944,0,0.0,0.0,0.0,0.0,0.0,True
147,0.82666015625,0.0540771484375,0.7001413358312075,123.52,4.989260072450559,0,0.0,0.0,0.0,0.0,0.0,False
104,0.7713623046875,0.00341796875,0.689910888671875,92.26,4.643154316199519,0,0.0,0.0,0.0,0.0,0.0,True
95,0.756103515625,0.0013427734375,0.6867958470394737,85.54,4.552775675425817,0,0.0,0.0,0.0,0.0,0.0,True
102,0.7718505859375,0.015380859375,0.6828756893382353,89.46,4.623804116227599,0,0.0,0.0,0.0,0.0,0.0,False
88,0.764892578125,0.0057373046875,0.6781297163529829,77.32,4.47603476776617,0,0.0,0.0,0.0,0.0,0.0,False
97,0.7802734375,0.000244140625,0.6880474287210051,84.9,4.573514549101609,0,0.0,0.0,0.0,0.0,0.0,False
143,0.77490234375,0.006103515625,0.7028825666520979,128.64,4.961966287140207,0,0.0,0.0,0.0,0.0,0.0,False
120,0.79248046875,0.0108642578125,0.7021738688151041,105.3,4.785896494246752,0,0.0,0.0,0.0,0.0,0.0,False
104,0.7698974609375,0.01025390625,0.68829345703125,92.14,4.643228718967835,0,0.0,0.0,0.0,0.0,0.0,True
64,0.775634765625,0.0135498046875,0.6814975738525391,55.7,4.156694835418984,0,0.0,0.0,0.0,0.0,0.0,False
78,0.7891845703125,0.022216796875,0.6810334034455128,66.76,4.355083695329245,0,0.0,0.0,0.0,0.0,0.0,False
89,0.766357421875,0.00537109375,0.6728707645716292,77.44,4.487391848379957,0,0.0,0.0,0.0,0.0,0.0,False
117,0.8089599609375,0.0086669921875,0.6913426065037394,99.2,4.760497180615153,0,0.0,0.0,0.0,0.0,0.0,False
59,0.73974609375,0.0029296875,0.6703232587394068,52.94,4.076443160560951,0,0.0,0.0,0.0,0.0,0.0,False
80,0.852783203125,0.0869140625,0.68382568359375,63.66,4.380321931154993,0,0.0,0.0,0.0,0.0,0.0,False
85,0.7830810546875,0.00927734375,0.6932717715992647,74.56,4.440888971470784,0,0.0,0.0,0.0,0.0,0.0,False
101,0.7593994140625,0.00439453125,0.6920020981590347,91.14,4.613895037095689,0,0.0,0.0,0.0,0.0,0.0,False
75,0.7762451171875,0.0352783203125,0.6730615234375,64.5,4.31628472632427,0,0.0,0.0,0.0,0.0,0.0,False
76,0.7691650390625,0.0068359375,0.6873923853824013,67.36,4.329220696147644,0,0.0,0.0,0.0,0.0,0.0,False
51,0.7652587890625,0.0054931640625,0.6751613242953431,44.6,3.930606931075304,0,0.0,0.0,0.0,0.0,0.0,False
77,0.7724609375,0.0185546875,0.6794275060876623,67.1,4.342661669872537,0,0.0,0.0,0.0,0.0,0.0,False
129,0.7933349609375,0.00146484375,0.6974473110465116,112.4,4.857751085447227,0,0.0,0.0,0.0,0.0,0.0,False
89,0.772216796875,0.015869140625,0.6869362820400281,78.36,4.48715454876481,0,0.0,0.0,0.0,0.0,0.0,False
78,0.768310546875,0.008056640625,0.6785982572115384,68.18,4.3555977341926315,0,0.0,0.0,0.0,0.0,0.0,True
71,0.7698974609375,0.0169677734375,0.680328798965669,62.18,4.261306698409037,0,0.0,0.0,0.0,0.0,0.0,False
64,0.75341796875,0.005859375,0.6713027954101562,56.54,4.157534944386725,0,0.0,0.0,0.0,0.0,0.0,True
125,0.781005859375,0.0078125,0.6899658203125,109.48,4.827006715864297,0,0.0,0.0,0.0,0.0,0.0,True
145,0.8018798828125,0.024658203125,0.6972799366918103,125.0,4.975226029011247,0,0.0,0.0,0.0,0.0,0.0,False
115,0.793701171875,0.02001953125,0.6805515455163044,97.86,4.7433347996287605,0,0.0,0.0,0.0,0.0,0.0,False
117,0.7742919921875,0.0079345703125,0.6806724091880342,101.98,4.760964374570242,0,0.0,0.0,0.0,0.0,0.0,False
172,0.8282470703125,0.0379638671875,0.7007545648619186,144.36,5.145727760138451,0,0.0,0.0,0.0,0.0,0.0,True
170,0.8076171875,0.0291748046875,0.7012372185202206,146.54,5.1341171131162575,0,0.0,0.0,0.0,0.0,0.0,False
159,0.841064453125,0.03857421875,0.7170847766804245,134.4,5.066728085102728,0,0.0,0.0,0.0,0.0,0.0,False
69,0.764892578125,0.00830078125,0.6748011492300725,60.26,4.2327626830816385,0,0.0,0.0,0.0,0.0,0.0,False
83,0.7880859375,0.0032958984375,0.6786138695406626,70.88,4.4175053663162505,0,0.0,0.0,0.0,0.0,0.0,True
107,0.7901611328125,0.025146484375,0.6868040851343458,92.36,4.671360435221505,0,0.0,0.0,0.0,0.0,0.0,False
79,0.771240234375,0.01416015625,0.6803642948971519,69.12,4.368101279981745,0,0.0,0.0,0.0,0.0,0.0,True
142,0.7767333984375,0.002197265625,0.6939000949053697,125.72,4.954330577540201,0,0.0,0.0,0.0,0.0,0.0,True
128,0.764404296875,0.0009765625,0.6868829727172852,113.92,4.85076871579356,0,0.0,0.0,0.0,0.0,0.0,False
148,0.7735595703125,0.0032958984375,0.6970429291596284,132.2,4.995784533709111,0,0.0,0.0,0.0,0.0,0.0,True
88,0.7650146484375,0.006591796875,0.6936548406427557,79.08,4.476142225986772,0,0.0,0.0,0.0,0.0,0.0,True
68,0.7537841796875,0.0118408203125,0.6725912655101103,60.08,4.218321183557175,0,0.0,0.0,0.0,0.0,0.0,False
81,0.7667236328125,0.01220703125,0.6783763744212963,71.04,4.393148225153753,0,0.0,0.0,0.0,0.0,0.0,False
88,0.7718505859375,0.0181884765625,0.6780659068714489,76.66,4.476031455857909,0,0.0,0.0,0.0,0.0,0.0,False
68,0.765625,0.0103759765625,0.6784614114200368,59.74,4.21816356476312,0,0.0,0.0,0.0,0.0,0.0,True
72,0.7642822265625,0.013671875,0.6771240234375,63.28,4.275349489319897,0,0.0,0.0,0.0,0.0,0.0,False
178,0.8128662109375,0.0325927734375,0.6989286615607444,151.78,5.180542935764563,0,0.0,0.0,0.0,0.0,0.0,False
181,0.7823486328125,0.0048828125,0.699340145890884,160.32,5.196981828630159,0,0.0,0.0,0.0,0.0,0.0,False
168,0.8128662109375,0.01708984375,0.6935780843098959,142.1,5.122502169738198,0,0.0,0.0,0.0,0.0,0.0,False
70,0.7689208984375,0.0107421875,0.6798025948660714,61.34,4.247059165638745,0,0.0,0.0,0.0,0.0,0.0,False
102,0.77197265625,0.008056640625,0.6799471986060049,89.04,4.623565753682961,0,0.0,0.0,0.0,0.0,0.0,False
71,0.76708984375,0.009521484375,0.6770982339348591,62.08,4.261338071235538,0,0.0,0.0,0.0,0.0,0.0,True
77,0.764892578125,0.0035400390625,0.6714770824878247,66.98,4.342530869375672,0,0.0,0.0,0.0,0.0,0.0,False
72,0.7772216796875,0.01318359375,0.6732652452256944,61.92,4.275456781530359,0,0.0,0.0,0.0,0.0,0.0,False
65,0.745361328125,0.000244140625,0.6756047175480769,58.32,4.173062066108966,0,0.0,0.0,0.0,0.0,0.0,True
88,0.7567138671875,0.0118408203125,0.6764262806285511,78.04,4.476136227018998,0,0.0,0.0,0.0,0.0,0.0,True
74,0.76953125,0.00927734375,0.678432155299831,64.68,4.302761821007033,0,0.0,0.0,0.0,0.0,0.0,False
97,0.7733154296875,0.001953125,0.6854159954896907,85.38,4.573197490323075,0,0.0,0.0,0.0,0.0,0.0,False
98,0.767578125,0.0115966796875,0.6863764548788265,86.9,4.58340414981492,0,0.0,0.0,0.0,0.0,0.0,False
94,0.766357421875,0.0045166015625,0.678960272606383,82.58,4.54231367691819,0,0.0,0.0,0.0,0.0,0.0,False
55,0.7669677734375,0.01220703125,0.6763227982954545,48.12,4.005871766667923,0,0.0,0.0,0.0,0.0,0.0,False
82,0.752197265625,0.0010986328125,0.6836845584032012,73.92,4.405505423573611,0,0.0,0.0,0.0,0.0,0.0,False
60,0.77392578125,0.0118408203125,0.6736653645833334,51.76,4.092864203581742,0,0.0,0.0,0.0,0.0,0.0,True
76,0.7659912109375,0.0078125,0.6809114155016447,66.96,4.329278537392152,0,0.0,0.0,0.0,0.0,0.0,False
63,0.759521484375,0.007568359375,0.6715494791666666,55.22,4.141917686222773,0,0.0,0.0,0.0,0.0,0.0,True
69,0.818603515625,0.05859375,0.6687436311141305,56.0,4.232507692482963,0,0.0,0.0,0.0,0.0,0.0,False
64,0.7938232421875,0.0235595703125,0.6730880737304688,53.76,4.156911572319265,0,0.0,0.0,0.0,0.0,0.0,False
70,0.7667236328125,0.0233154296875,0.6802403041294642,61.54,4.247103064463311,0,0.0,0.0,0.0,0.0,0.0,False
64,0.75634765625,0.024169921875,0.6669807434082031,55.94,4.157583849118488,0,0.0,0.0,0.0,0.0,0.0,False
57,0.7508544921875,0.0093994140625,0.667833830180921,50.26,4.041901983775938,0,0.0,0.0,0.0,0.0,0.0,True
66,0.7529296875,0.00732421875,0.6727257930871212,58.44,4.188447411210239,0,0.0,0.0,0.0,0.0,0.0,True
69,0.7662353515625,0.0042724609375,0.6840855695199275,61.08,4.232795814698757,0,0.0,0.0,0.0,0.0,0.0,False
60,0.77001953125,0.0164794921875,0.6806742350260416,52.58,4.092797351478361,0,0.0,0.0,0.0,0.0,0.0,False
58,0.7528076171875,0.000732421875,0.6672994679418104,51.04,4.059165086229568,0,0.0,0.0,0.0,0.0,0.0,True
68,0.7677001953125,0.00146484375,0.6699021283318015,58.84,4.218030383250431,0,0.0,0.0,0.0,0.0,0.0,True
58,0.75390625,0.005615234375,0.6669921875,50.86,4.059070682177069,0,0.0,0.0,0.0,0.0,0.0,False
70,0.7490234375,0.001953125,0.6758021763392857,62.52,4.247162785944985,0,0.0,0.0,0.0,0.0,0.0,False
50,0.7669677734375,0.0072021484375,0.66877197265625,43.2,3.9105241586279074,0,0.0,0.0,0.0,0.0,0.0,False
77,0.783203125,0.0111083984375,0.6882974203530844,67.04,4.342513615777374,0,0.0,0.0,0.0,0.0,0.0,False
83,0.758056640625,0.0107421875,0.6777961455195783,73.56,4.417886919925849,0,0.0,0.0,0.0,0.0,0.0,True
67,0.7762451171875,0.026123046875,0.6741159923041045,57.7,4.203125128949789,0,0.0,0.0,0.0,0.0,0.0,False
100,0.757568359375,0.005615234375,0.6761572265625,88.44,4.603960253481181,0,0.0,0.0,0.0,0.0,0.0,False
90,0.7913818359375,0.0323486328125,0.6816623263888889,76.78,4.498527242021784,0,0.0,0.0,0.0,0.0,0.0,False
63,0.7701416015625,0.0089111328125,0.6717103019593254,54.48,4.141652754796565,0,0.0,0.0,0.0,0.0,0.0,False
99,0.7769775390625,0.003173828125,0.6950067077020202,87.74,4.593628024836552,0,0.0,0.0,0.0,0.0,0.0,False
94,0.78271484375,0.002685546875,0.6976746904089096,83.02,4.541614082987605,0,0.0,0.0,0.0,0.0,0.0,False
68,0.7633056640625,0.004638671875,0.6732572667738971,59.5,4.218081324417455,0,0.0,0.0,0.0,0.0,0.0,False
67,0.796142578125,0.0208740234375,0.6768343341884329,56.5,4.202910323691119,0,0.0,0.0,0.0,0.0,0.0,True
73,0.765380859375,0.001953125,0.6783062660530822,64.16,4.288891520201274,0,0.0,0.0,0.0,0.0,0.0,False
65,0.758544921875,0.00439453125,0.6711200420673077,56.96,4.173112173205438,0,0.0,0.0,0.0,0.0,0.0,False
62,0.764892578125,0.0015869140625,0.6806542181199596,54.68,4.125614640659019,0,0.0,0.0,0.0,0.0,0.0,False
77,0.77587890625,0.004638671875,0.6744432325487013,66.38,4.342315736609494,0,0.0,0.0,0.0,0.0,0.0,True
107,0.7825927734375,0.0048828125,0.6939149660484814,94.08,4.671544728725705,0,0.0,0.0,0.0,0.0,0.0,False
69,0.759033203125,0.017578125,0.6740581125452898,60.7,4.232752707107357,0,0.0,0.0,0.0,0.0,0.0,False
137,0.771484375,0.0042724609375,0.6924959725707117,121.84,4.9187394562444435,0,0.0,0.0,0.0,0.0,0.0,True
61,0.7620849609375,0.0078125,0.6763175589139344,53.62,4.10956185749307,0,0.0,0.0,0.0,0.0,0.0,False
59,0.7501220703125,0.0045166015625,0.6734536381091102,52.48,4.076193365144832,0,0.0,0.0,0.0,0.0,0.0,True
74,0.7615966796875,0.0006103515625,0.677402805637669,65.32,4.302860499918899,0,0.0,0.0,0.0,0.0,0.0,False
73,0.7669677734375,0.010498046875,0.6842057737585616,64.6,4.288809266769186,0,0.0,0.0,0.0,0.0,0.0,True
99,0.76953125,0.0035400390625,0.6928784919507576,88.32,4.593108211509645,0,0.0,0.0,0.0,0.0,0.0,False
67,0.74658203125,0.004150390625,0.6708729302705224,59.66,4.203552516466568,0,0.0,0.0,0.0,0.0,0.0,False
110,0.7606201171875,0.000732421875,0.68975830078125,98.8,4.698905213008595,0,0.0,0.0,0.0,0.0,0.0,False
74,0.7701416015625,0.00732421875,0.6822757205447635,64.94,4.3024225811572245,0,0.0,0.0,0.0,0.0,0.0,True
86,0.755126953125,0.001220703125,0.6739161291787791,76.06,4.453190094028552,0,0.0,0.0,0.0,0.0,0.0,False
59,0.769775390625,0.0050048828125,0.6832151251324152,51.96,4.076215336651159,0,0.0,0.0,0.0,0.0,0.0,False
74,0.7578125,0.001708984375,0.6911324165962838,66.86,4.302770146615463,0,0.0,0.0,0.0,0.0,0.0,False
94,0.7818603515625,0.00732421875,0.7015861348902925,83.56,4.541830844745683,0,0.0,0.0,0.0,0.0,0.0,False
88,0.7841796875,0.0135498046875,0.6933219216086648,77.1,4.475843783168715,0,0.0,0.0,0.0,0.0,0.0,False
83,0.76171875,0.003173828125,0.683117234563253,73.8,4.417552215515371,0,0.0,0.0,0.0,0.0,0.0,False
61,0.782958984375,0.0223388671875,0.6772340868340164,52.28,4.109316139249754,0,0.0,0.0,0.0,0.0,0.0,True
58,0.74658203125,0.00146484375,0.6804115032327587,52.32,4.059010101252659,0,0.0,0.0,0.0,0.0,0.0,False
72,0.761962890625,0.00439453125,0.6763763427734375,63.38,4.275340319860425,0,0.0,0.0,0.0,0.0,0.0,False
82,0.76220703125,0.0068359375,0.6801162347560976,72.5,4.4055416677006045,0,0.0,0.0,0.0,0.0,0.0,True
102,0.776123046875,0.0040283203125,0.6932205499387255,90.2,4.623407674434969,0,0.0,0.0,0.0,0.0,0.0,False
59,0.77392578125,0.013671875,0.6656349311440678,50.36,4.076239572270722,0,0.0,0.0,0.0,0.0,0.0,True
87,0.75634765625,0.0006103515625,0.6768462082435345,77.08,4.4645304207588525,0,0.0,0.0,0.0,0.0,0.0,False
87,0.7725830078125,0.0130615234375,0.6797366087464081,75.8,4.46463664594918,0,0.0,0.0,0.0,0.0,0.0,False
83,0.7685546875,0.000732421875,0.6818980021649096,73.06,4.417662464977299,0,0.0,0.0,0.0,0.0,0.0,True
67,0.7952880859375,0.0499267578125,0.6789241050606343,56.72,4.203300176558753,0,0.0,0.0,0.0,0.0,0.0,False
157,0.8065185546875,0.0213623046875,0.6989645016421179,134.84,5.054704974133937,0,0.0,0.0,0.0,0.0,0.0,False
131,0.778076171875,0.012939453125,0.6869064214575382,114.62,4.8739225230559775,0,0.0,0.0,0.0,0.0,0.0,False
54,0.73681640625,0.00439453125,0.6621997974537037,48.08,3.9877379022063772,0,0.0,0.0,0.0,0.0,0.0,True
75,0.76220703125,0.001220703125,0.6731705729166667,65.56,4.316250441737444,0,0.0,0.0,0.0,0.0,0.0,False
96,0.780517578125,0.0032958984375,0.6768480936686198,82.56,4.5628895044679645,0,0.0,0.0,0.0,0.0,0.0,False
130,0.791259765625,0.015380859375,0.6867253230168269,111.8,4.866034804042476,0,0.0,0.0,0.0,0.0,0.0,False
111,0.8251953125,0.0548095703125,0.6819661458333334,90.96,4.708048342999276,0,0.0,0.0,0.0,0.0,0.0,False
83,0.8251953125,0.0609130859375,0.6726177169615963,67.24,4.417372972239154,0,0.0,0.0,0.0,0.0,0.0,False
77,0.746826171875,0.003173828125,0.6731178977272727,68.78,4.342388280492248,0,0.0,0.0,0.0,0.0,0.0,True
95,0.767822265625,0.0028076171875,0.6787764699835527,83.22,4.552520220455517,0,0.0,0.0,0.0,0.0,0.0,False
73,0.7630615234375,0.0064697265625,0.6804349716395548,64.52,4.289378874692846,0,0.0,0.0,0.0,0.0,0.0,False
76,0.7674560546875,0.0062255859375,0.6875240928248355,67.5,4.329350731181735,0,0.0,0.0,0.0,0.0,0.0,False
88,0.7684326171875,0.010986328125,0.6914131858132102,78.48,4.476065204123681,0,0.0,0.0,0.0,0.0,0.0,True
61,0.784423828125,0.003173828125,0.675477074795082,52.02,4.1094733868236615,0,0.0,0.0,0.0,0.0,0.0,False
76,0.7530517578125,0.002685546875,0.6736514442845395,67.44,4.329324247151292,0,0.0,0.0,0.0,0.0,0.0,True
83,0.747314453125,0.001220703125,0.6710219785391566,73.9,4.417631249414509,0,0.0,0.0,0.0,0.0,0.0,False
61,0.7578125,0.000244140625,0.6861912461577869,54.74,4.109682518328347,0,0.0,0.0,0.0,0.0,0.0,False
79,0.7572021484375,0.0089111328125,0.6798281126384493,70.28,4.368670759124112,0,0.0,0.0,0.0,0.0,0.0,False
64,0.759521484375,0.00537109375,0.675445556640625,56.44,4.157445268138943,0,0.0,0.0,0.0,0.0,0.0,True
64,0.7587890625,0.001708984375,0.6875534057617188,57.44,4.157866823732675,0,0.0,0.0,0.0,0.0,0.0,False
81,0.78857421875,0.0146484375,0.6993769892939815,71.22,4.3927929012351585,0,0.0,0.0,0.0,0.0,0.0,False
56,0.752685546875,0.003662109375,0.6721409388950893,49.64,4.0239860223168264,0,0.0,0.0,0.0,0.0,0.0,False
71,0.755859375,0.00634765625,0.6738556338028169,62.76,4.261468083289611,0,0.0,0.0,0.0,0.0,0.0,False
107,0.7677001953125,0.010498046875,0.6814010477511683,94.24,4.671575799366499,0,0.0,0.0,0.0,0.0,0.0,False
104,0.7705078125,0.0086669921875,0.6811781663161057,91.14,4.642974583066024,0,0.0,0.0,0.0,0.0,0.0,False
73,0.790771484375,0.025634765625,0.6854866759417808,62.74,4.288836205091037,0,0.0,0.0,0.0,0.0,0.0,False
70,0.7884521484375,0.0277099609375,0.6821602957589286,60.02,4.246892650603322,0,0.0,0.0,0.0,0.0,0.0,False
77,0.766845703125,0.0028076171875,0.6793387276785714,67.5,4.342126959444453,0,0.0,0.0,0.0,0.0,0.0,False
69,0.763916015625,0.00927734375,0.6748701454936594,60.46,4.232776492398367,0,0.0,0.0,0.0,0.0,0.0,False
98,0.760498046875,0.001708984375,0.6820392219387755,87.08,4.58340362441415,0,0.0,0.0,0.0,0.0,0.0,False
90,0.7628173828125,0.006591796875,0.6737046983506945,78.76,4.49828098810161,0,0.0,0.0,0.0,0.0,0.0,False
97,0.776123046875,0.0179443359375,0.6787499496617269,84.04,4.573661746594776,0,0.0,0.0,0.0,0.0,0.0,False
104,0.7813720703125,0.014404296875,0.6828366793118991,90.16,4.642989103226199,0,0.0,0.0,0.0,0.0,0.0,True
59,0.771240234375,0.023681640625,0.6679935778601694,50.6,4.0762260149157985,0,0.0,0.0,0.0,0.0,0.0,False
99,0.78076171875,0.006591796875,0.6897120620265151,86.62,4.593540382705733,0,0.0,0.0,0.0,0.0,0.0,False
55,0.7637939453125,0.004638671875,0.6728648792613636,48.04,4.005593977459166,0,0.0,0.0,0.0,0.0,0.0,False
63,0.749755859375,0.00390625,0.6750604538690477,56.2,4.141954886683949,0,0.0,0.0,0.0,0.0,0.0,False
75,0.764404296875,0.00244140625,0.6792887369791667,66.08,4.316321533259495,0,0.0,0.0,0.0,0.0,0.0,False
128,0.8079833984375,0.0218505859375,0.7032785415649414,110.44,4.849833248951643,0,0.0,0.0,0.0,0.0,0.0,True
88,0.7872314453125,0.0009765625,0.6826102516867898,75.62,4.475948061937119,0,0.0,0.0,0.0,0.0,0.0,False
67,0.76025390625,0.0037841796875,0.6705504460121269,58.5,4.203463963507429,0,0.0,0.0,0.0,0.0,0.0,True
77,0.7623291015625,0.0118408203125,0.6792578759131493,67.84,4.342439399521249,0,0.0,0.0,0.0,0.0,0.0,False
79,0.758056640625,0.01513671875,0.6712291089794303,69.3,4.368227534904424,0,0.0,0.0,0.0,0.0,0.0,False
73,0.75341796875,0.007080078125,0.673945178724315,64.66,4.289168186490224,0,0.0,0.0,0.0,0.0,0.0,False
69,0.744140625,0.003173828125,0.6667126641757246,61.28,4.232572601818378,0,0.0,0.0,0.0,0.0,0.0,False
84,0.7652587890625,0.012451171875,0.6743222191220238,73.32,4.4293150692087995,0,0.0,0.0,0.0,0.0,0.0,False
95,0.765625,0.0018310546875,0.6832815069901316,83.98,4.552669608691813,0,0.0,0.0,0.0,0.0,0.0,False
87,0.7730712890625,0.0146484375,0.6734114022090517,75.26,4.464645133375302,0,0.0,0.0,0.0,0.0,0.0,False
60,0.765869140625,0.0069580078125,0.673797607421875,52.36,4.093057291565916,0,0.0,0.0,0.0,0.0,0.0,True
81,0.7742919921875,0.006591796875,0.6907099971064815,71.64,4.392600866128602,0,0.0,0.0,0.0,0.0,0.0,False
70,0.7774658203125,0.0159912109375,0.6833042689732143,61.04,4.246781601883805,0,0.0,0.0,0.0,0.0,0.0,False
50,0.743408203125,0.015380859375,0.6668359375,44.38,3.910792717061704,0,0.0,0.0,0.0,0.0,0.0,False
84,0.7646484375,0.00634765625,0.6815577915736607,74.26,4.429449104752505,0,0.0,0.0,0.0,0.0,0.0,False
89,0.755615234375,0.00341796875,0.6883270606566011,80.3,4.487217585268562,0,0.0,0.0,0.0,0.0,0.0,False
118,0.77490234375,0.0072021484375,0.6948593915519068,104.8,4.769131805700711,0,0.0,0.0,0.0,0.0,0.0,True
85,0.76171875,0.0,0.6914105583639706,76.38,4.440913511343326,0,0.0,0.0,0.0,0.0,0.0,False
96,0.761474609375,0.004638671875,0.6862614949544271,85.72,4.563091876741025,0,0.0,0.0,0.0,0.0,0.0,False
86,0.763671875,0.00732421875,0.6871238531068314,76.6,4.452840997176903,0,0.0,0.0,0.0,0.0,0.0,False
95,0.7635498046875,0.0098876953125,0.6802567331414474,83.9,4.552663844801137,0,0.0,0.0,0.0,0.0,0.0,True
59,0.7647705078125,0.0220947265625,0.6719556905455508,51.44,4.07640915500446,0,0.0,0.0,0.0,0.0,0.0,True
81,0.7562255859375,0.0157470703125,0.6798849223572531,72.22,4.393344614766931,0,0.0,0.0,0.0,0.0,0.0,True
58,0.76171875,0.01513671875,0.6814133216594828,51.42,4.0590142982824995,0,0.0,0.0,0.0,0.0,0.0,False
69,0.7838134765625,0.0047607421875,0.6815256312273551,59.44,4.232660561717754,0,0.0,0.0,0.0,0.0,0.0,True
80,0.7630615234375,0.0123291015625,0.68961181640625,71.66,4.380713635749746,0,0.0,0.0,0.0,0.0,0.0,False
104,0.7620849609375,0.00390625,0.6903639573317307,93.3,4.6429408436595345,0,0.0,0.0,0.0,0.0,0.0,False
59,0.774658203125,0.0208740234375,0.6727460440942796,50.78,4.07636738136107,0,0.0,0.0,0.0,0.0,0.0,False
120,0.7650146484375,0.0010986328125,0.6814809163411458,105.94,4.7861134592868595,0,0.0,0.0,0.0,0.0,0.0,True
75,0.774658203125,0.0135498046875,0.6862809244791667,65.9,4.3162425686623545,0,0.0,0.0,0.0,0.0,0.0,False
69,0.76806640625,0.01806640625,0.6812974128170289,60.76,4.232523584044771,0,0.0,0.0,0.0,0.0,0.0,False
86,0.772705078125,0.021728515625,0.6843715933866279,75.46,4.4530031957016165,0,0.0,0.0,0.0,0.0,0.0,False
74,0.77197265625,0.0103759765625,0.6794648041596284,64.5,4.302944135467613,0,0.0,0.0,0.0,0.0,0.0,False
101,0.7725830078125,0.0006103515625,0.6903789255878713,89.4,4.613925545959342,0,0.0,0.0,0.0,0.0,0.0,True
126,0.786376953125,0.0037841796875,0.7007833813864087,111.24,4.834869153405766,0,0.0,0.0,0.0,0.0,0.0,True
70,0.7537841796875,0.0118408203125,0.6646432059151786,61.16,4.247488849728536,0,0.0,0.0,0.0,0.0,0.0,True
100,0.7669677734375,0.0113525390625,0.672025146484375,86.86,4.603981865635966,0,0.0,0.0,0.0,0.0,0.0,True
79,0.754150390625,0.00537109375,0.6750642800632911,70.06,4.3682924537833845,0,0.0,0.0,0.0,0.0,0.0,False
79,0.7569580078125,0.0076904296875,0.6738389413568038,69.66,4.368215307525976,0,0.0,0.0,0.0,0.0,0.0,False
81,0.76513671875,0.0009765625,0.6831356095679012,71.72,4.392942002324581,0,0.0,0.0,0.0,0.0,0.0,False
140,0.77734375,0.0040283203125,0.6916652134486607,123.4,4.940125756683258,0,0.0,0.0,0.0,0.0,0.0,False
61,0.7528076171875,0.0145263671875,0.6629318487448771,53.26,4.109545580055332,0,0.0,0.0,0.0,0.0,0.0,False
70,0.7550048828125,0.0057373046875,0.6752982003348215,62.12,4.247419020140167,0,0.0,0.0,0.0,0.0,0.0,False
94,0.7742919921875,0.0074462890625,0.6863429292719415,82.58,4.542057031323725,0,0.0,0.0,0.0,0.0,0.0,False
96,0.7569580078125,0.0010986328125,0.684991200764974,86.06,4.563265875653876,0,0.0,0.0,0.0,0.0,0.0,False
92,0.7728271484375,0.00634765625,0.6804783033288043,80.3,4.5204991939773835,0,0.0,0.0,0.0,0.0,0.0,False
69,0.74853515625,0.00634765625,0.6719033061594203,61.3,4.233047629579321,0,0.0,0.0,0.0,0.0,0.0,False
79,0.7589111328125,0.0179443359375,0.6735824391811709,69.64,4.368334193842754,0,0.0,0.0,0.0,0.0,0.0,False
89,0.7574462890625,0.0103759765625,0.6864425144838483,79.98,4.487085276117396,0,0.0,0.0,0.0,0.0,0.0,False
133,0.7843017578125,0.00634765625,0.7067650816494361,118.74,4.888713442901363,0,0.0,0.0,0.0,0.0,0.0,False
88,0.7740478515625,0.013671875,0.6840404163707386,77.1,4.47597569612937,0,0.0,0.0,0.0,0.0,0.0,False
99,0.7708740234375,0.00146484375,0.6816591205018939,86.76,4.593845253138183,0,0.0,0.0,0.0,0.0,0.0,False
68,0.768798828125,0.02294921875,0.6762623506433824,59.34,4.218267656169718,0,0.0,0.0,0.0,0.0,0.0,False
70,0.77587890625,0.02783203125,0.6744419642857142,60.28,4.247175399615099,0,0.0,0.0,0.0,0.0,0.0,False
107,0.7772216796875,0.0009765625,0.6884514639310748,93.96,4.671540784775663,0,0.0,0.0,0.0,0.0,0.0,False
137,0.8018798828125,0.010498046875,0.7062943730041058,119.64,4.918189988971634,0,0.0,0.0,0.0,0.0,0.0,False
89,0.7862548828125,0.0189208984375,0.6891184603230337,77.36,4.487263482094781,0,0.0,0.0,0.0,0.0,0.0,False
79,0.7713623046875,0.0023193359375,0.6912100103837026,70.08,4.368102690239301,0,0.0,0.0,0.0,0.0,0.0,True
97,0.7718505859375,0.0028076171875,0.6965520799774485,86.7,4.573401683093131,0,0.0,0.0,0.0,0.0,0.0,False
79,0.759765625,0.009033203125,0.6790446993670886,69.98,4.368278262981562,0,0.0,0.0,0.0,0.0,0.0,True
94,0.7681884765625,0.0018310546875,0.6825379716589096,82.78,4.542201435612386,0,0.0,0.0,0.0,0.0,0.0,False
72,0.757080078125,0.01611328125,0.6770799424913194,63.78,4.275683150708301,0,0.0,0.0,0.0,0.0,0.0,True
81,0.75,0.008544921875,0.6765558690200617,72.28,4.393433742670131,0,0.0,0.0,0.0,0.0,0.0,False
96,0.76171875,0.013671875,0.6752497355143229,84.48,4.56327582838625,0,0.0,0.0,0.0,0.0,0.0,True
95,0.7750244140625,0.013671875,0.6921862150493421,84.04,4.5524385412862,0,0.0,0.0,0.0,0.0,0.0,False
104,0.795166015625,0.0140380859375,0.7047306941105769,91.26,4.64242225765676,0,0.0,0.0,0.0,0.0,0.0,False
84,0.770263671875,0.0086669921875,0.6874215262276786,74.28,4.42903224482943,0,0.0,0.0,0.0,0.0,0.0,False
102,0.76318359375,0.001220703125,0.6890414368872549,91.26,4.623090340563692,0,0.0,0.0,0.0,0.0,0.0,True
98,0.7530517578125,0.001953125,0.6779760243941326,87.4,4.584016961392274,0,0.0,0.0,0.0,0.0,0.0,True
87,0.765869140625,0.0069580078125,0.6856240458872126,77.3,4.464500244355792,0,0.0,0.0,0.0,0.0,0.0,False
99,0.783935546875,0.0106201171875,0.7012051669034091,87.72,4.593569937556944,0,0.0,0.0,0.0,0.0,0.0,False
84,0.77392578125,0.001220703125,0.6890796479724702,74.08,4.429239617475477,0,0.0,0.0,0.0,0.0,0.0,True
97,0.7808837890625,0.0008544921875,0.7043318600998711,86.64,4.57293559663695,0,0.0,0.0,0.0,0.0,0.0,False
90,0.7742919921875,0.017333984375,0.6802056206597222,78.44,4.498566381692238,0,0.0,0.0,0.0,0.0,0.0,False
104,0.7744140625,0.0118408203125,0.6843437781700721,91.08,4.6431139992496036,0,0.0,0.0,0.0,0.0,0.0,False
64,0.7745361328125,0.0172119140625,0.6820564270019531,55.8,4.15767672316268,0,0.0,0.0,0.0,0.0,0.0,True
123,0.7640380859375,0.0068359375,0.6836880319486789,109.2,4.810893898234248,0,0.0,0.0,0.0,0.0,0.0,False
108,0.7763671875,0.00634765625,0.6883194534866898,94.98,4.680601573381698,0,0.0,0.0,0.0,0.0,0.0,False
97,0.7711181640625,0.0029296875,0.6847804747905928,85.42,4.5734222624660275,0,0.0,0.0,0.0,0.0,0.0,True
99,0.7615966796875,0.002197265625,0.6957551590119949,89.56,4.593972901505717,0,0.0,0.0,0.0,0.0,0.0,False
96,0.812744140625,0.0360107421875,0.6855201721191406,80.42,4.563125761244915,0,0.0,0.0,0.0,0.0,0.0,False
65,0.7620849609375,0.0147705078125,0.6834679236778847,57.78,4.172904444065409,0,0.0,0.0,0.0,0.0,0.0,True
79,0.763427734375,0.026611328125,0.6726568680775317,69.02,4.368363543842858,0,0.0,0.0,0.0,0.0,0.0,False
50,0.745849609375,0.00927734375,0.6765087890625,44.92,3.9108690979678298,0,0.0,0.0,0.0,0.0,0.0,False
66,0.7554931640625,0.0035400390625,0.6696351947206439,57.9,4.188289375816757,0,0.0,0.0,0.0,0.0,0.0,False
75,0.7581787109375,0.0089111328125,0.6696337890625,65.74,4.316204369784219,0,0.0,0.0,0.0,0.0,0.0,False
72,0.77001953125,0.01513671875,0.6751980251736112,62.62,4.275382920662188,0,0.0,0.0,0.0,0.0,0.0,False
71,0.8114013671875,0.0635986328125,0.6761268293353874,58.68,4.261238974324284,0,0.0,0.0,0.0,0.0,0.0,False
95,0.76904296875,0.0037841796875,0.680810546875,83.32,4.552610935970668,0,0.0,0.0,0.0,0.0,0.0,False
105,0.7667236328125,0.01171875,0.6758579799107143,91.82,4.652652733110998,0,0.0,0.0,0.0,0.0,0.0,True
106,0.7677001953125,0.0087890625,0.6806963074882075,93.24,4.662180777156472,0,0.0,0.0,0.0,0.0,0.0,False
63,0.7593994140625,0.006103515625,0.6850237165178571,56.32,4.142192025807111,0,0.0,0.0,0.0,0.0,0.0,True
72,0.746826171875,0.002197265625,0.6792263454861112,64.78,4.275414616226563,0,0.0,0.0,0.0,0.0,0.0,False
105,0.7608642578125,0.0118408203125,0.6822393508184523,93.32,4.652740680506684,0,0.0,0.0,0.0,0.0,0.0,True
97,0.784912109375,0.01318359375,0.6895122724710051,84.48,4.573175719550681,0,0.0,0.0,0.0,0.0,0.0,False
105,0.7557373046875,0.003173828125,0.6816289992559523,93.86,4.65278559794509,0,0.0,0.0,0.0,0.0,0.0,False
82,0.7532958984375,0.0032958984375,0.6744727157964939,72.8,4.40551606617274,0,0.0,0.0,0.0,0.0,0.0,False
83,0.7569580078125,0.0003662109375,0.6763636577560241,73.48,4.4174042758545236,0,0.0,0.0,0.0,0.0,0.0,False
82,0.7740478515625,0.0113525390625,0.6786469250190549,71.28,4.405460792046586,0,0.0,0.0,0.0,0.0,0.0,False
104,0.7603759765625,0.0074462890625,0.6809915395883414,92.32,4.643188254482322,0,0.0,0.0,0.0,0.0,0.0,False
107,0.770263671875,0.0045166015625,0.6878844644421729,94.52,4.671641359732973,0,0.0,0.0,0.0,0.0,0.0,True
99,0.7877197265625,0.0106201171875,0.702816741635101,87.56,4.593613987809498,0,0.0,0.0,0.0,0.0,0.0,True
130,0.7847900390625,0.000244140625,0.7087242713341346,116.34,4.865857234547932,0,0.0,0.0,0.0,0.0,0.0,False
134,0.7720947265625,0.0015869140625,0.7025428885844216,120.74,4.896545362359478,0,0.0,0.0,0.0,0.0,0.0,False
122,0.7720947265625,0.002197265625,0.6944620101178278,108.88,4.80288027976055,0,0.0,0.0,0.0,0.0,0.0,False
87,0.7703857421875,0.0079345703125,0.6887403466235632,77.12,4.464754780047241,0,0.0,0.0,0.0,0.0,0.0,False
117,0.7860107421875,0.020263671875,0.6938226161858975,102.36,4.760822818073434,0,0.0,0.0,0.0,0.0,0.0,False
68,0.76708984375,0.007568359375,0.6700816434972426,58.82,4.218173207709117,0,0.0,0.0,0.0,0.0,0.0,False
62,0.7935791015625,0.023681640625,0.6771299300655242,52.48,4.125341200874243,0,0.0,0.0,0.0,0.0,0.0,True
65,0.7603759765625,0.000732421875,0.6818734975961539,57.7,4.172805738326341,0,0.0,0.0,0.0,0.0,0.0,False
68,0.755615234375,0.0003662109375,0.6864049574908089,61.16,4.218053232585667,0,0.0,0.0,0.0,0.0,0.0,False
67,0.757568359375,0.004150390625,0.6798186800373134,59.6,4.203594615440566,0,0.0,0.0,0.0,0.0,0.0,False
112,0.774658203125,0.0008544921875,0.6814346313476562,97.7,4.717052951818051,0,0.0,0.0,0.0,0.0,0.0,True
100,0.7684326171875,0.0074462890625,0.685206298828125,88.26,4.603729124302216,0,0.0,0.0,0.0,0.0,0.0,False
125,0.7869873046875,0.00341796875,0.7113662109375,112.02,4.826532765358705,0,0.0,0.0,0.0,0.0,0.0,True
111,0.77392578125,0.002685546875,0.7049615533502253,100.12,4.707992314498763,0,0.0,0.0,0.0,0.0,0.0,False
101,0.777099609375,0.00634765625,0.7001711401608911,90.18,4.613705737060354,0,0.0,0.0,0.0,0.0,0.0,False
91,0.77685546875,0.007568359375,0.6840055696256868,79.42,4.5094461773358825,0,0.0,0.0,0.0,0.0,0.0,False
109,0.774169921875,0.00048828125,0.6847438987241973,95.48,4.6900406258018785,0,0.0,0.0,0.0,0.0,0.0,False
85,0.77734375,0.0064697265625,0.6899011948529412,74.74,4.4413985144192045,0,0.0,0.0,0.0,0.0,0.0,False
92,0.7911376953125,0.011474609375,0.6881952700407609,79.32,4.52028565261306,0,0.0,0.0,0.0,0.0,0.0,False
88,0.752685546875,0.006591796875,0.6729403409090909,77.92,4.476250898365436,0,0.0,0.0,0.0,0.0,0.0,True
66,0.7735595703125,0.0242919921875,0.6761419122869318,57.26,4.188336225558631,0,0.0,0.0,0.0,0.0,0.0,False
87,0.7672119140625,0.004638671875,0.6963171246408046,78.26,4.464605111813741,0,0.0,0.0,0.0,0.0,0.0,False
107,0.779296875,0.00048828125,0.712604273145444,97.0,4.671126293319219,0,0.0,0.0,0.0,0.0,0.0,True
96,0.7701416015625,0.0086669921875,0.6844609578450521,84.62,4.5629154948068,0,0.0,0.0,0.0,0.0,0.0,False
107,0.7774658203125,0.00048828125,0.6978234977365654,95.16,4.671330401913009,0,0.0,0.0,0.0,0.0,0.0,False
128,0.7879638671875,0.01513671875,0.7001028060913086,112.74,4.850509508996673,0,0.0,0.0,0.0,0.0,0.0,False
61,0.75146484375,0.00732421875,0.6767738217213115,54.4,4.109537021924472,0,0.0,0.0,0.0,0.0,0.0,False
78,0.7598876953125,0.0238037109375,0.6765966170873398,68.9,4.3555311113104525,0,0.0,0.0,0.0,0.0,0.0,False
230,0.800048828125,0.00390625,0.7137159264605978,203.44,5.4367851588424685,0,0.0,0.0,0.0,0.0,0.0,False
188,0.79052734375,0.0157470703125,0.7052021432430187,166.24,5.23513226908435,0,0.0,0.0,0.0,0.0,0.0,True
100,0.809814453125,0.0343017578125,0.689107666015625,84.44,4.603158123588602,0,0.0,0.0,0.0,0.0,0.0,False
106,0.7669677734375,0.0072021484375,0.6892688679245284,94.36,4.662164142206133,0,0.0,0.0,0.0,0.0,0.0,True
83,0.7861328125,0.0186767578125,0.6981539439006024,73.04,4.417182330792311,0,0.0,0.0,0.0,0.0,0.0,True
103,0.77197265625,0.0030517578125,0.6991274935527912,92.34,4.633386421188933,0,0.0,0.0,0.0,0.0,0.0,False
90,0.7752685546875,0.0128173828125,0.68365478515625,78.76,4.498361557301738,0,0.0,0.0,0.0,0.0,0.0,False
75,0.7618408203125,0.0018310546875,0.6811604817708333,66.52,4.316363461018467,0,0.0,0.0,0.0,0.0,0.0,False
75,0.7645263671875,0.000732421875,0.675361328125,65.64,4.316288095695668,0,0.0,0.0,0.0,0.0,0.0,False
70,0.7652587890625,0.00439453125,0.6750662667410714,61.16,4.247258257127116,0,0.0,0.0,0.0,0.0,0.0,True
92,0.7711181640625,0.0076904296875,0.6928312882133152,81.94,4.520470416408265,0,0.0,0.0,0.0,0.0,0.0,True
182,0.787353515625,0.0172119140625,0.702833238538805,161.02,5.202818979790075,0,0.0,0.0,0.0,0.0,0.0,True
139,0.7740478515625,0.004150390625,0.6958148325089928,123.88,4.93313376046596,0,0.0,0.0,0.0,0.0,0.0,False
155,0.78857421875,0.000732421875,0.7007804624495968,136.52,5.041838905638279,0,0.0,0.0,0.0,0.0,0.0,False
117,0.78857421875,0.01025390625,0.6967063969017094,102.52,4.7604099325527,0,0.0,0.0,0.0,0.0,0.0,False
128,0.7681884765625,0.0069580078125,0.6787214279174805,112.16,4.850789853215737,0,0.0,0.0,0.0,0.0,0.0,True
72,0.7529296875,0.00390625,0.6853400336371528,64.94,4.275509195478676,0,0.0,0.0,0.0,0.0,0.0,False
66,0.7523193359375,0.0103759765625,0.6809063535748106,59.18,4.188448461012877,0,0.0,0.0,0.0,0.0,0.0,False
76,0.763427734375,0.01513671875,0.685803865131579,67.62,4.329494674386514,0,0.0,0.0,0.0,0.0,0.0,False
69,0.742431640625,0.00732421875,0.6783004981884058,62.54,4.233184566520233,0,0.0,0.0,0.0,0.0,0.0,True
85,0.7520751953125,0.0062255859375,0.6805190142463236,76.28,4.441529218773756,0,0.0,0.0,0.0,0.0,0.0,True
68,0.7705078125,0.002197265625,0.6957487218520221,60.86,4.217853447468787,0,0.0,0.0,0.0,0.0,0.0,False
78,0.7889404296875,0.0169677734375,0.6976709610376602,68.3,4.354936113322122,0,0.0,0.0,0.0,0.0,0.0,True
119,0.7601318359375,0.0032958984375,0.6780349346769958,105.28,4.7779189131985005,0,0.0,0.0,0.0,0.0,0.0,True
144,0.7750244140625,0.0018310546875,0.6901584201388888,127.16,4.968521533216716,0,0.0,0.0,0.0,0.0,0.0,True
58,0.747314453125,0.00146484375,0.6633384967672413,50.96,4.059056898291856,0,0.0,0.0,0.0,0.0,0.0,False
81,0.7606201171875,0.0130615234375,0.6671142578125,70.36,4.39325727192912,0,0.0,0.0,0.0,0.0,0.0,False
56,0.7567138671875,0.00048828125,0.6720624651227679,49.2,4.0239624534393394,0,0.0,0.0,0.0,0.0,0.0,False
57,0.7537841796875,0.0062255859375,0.6755049856085527,50.58,4.04159553942969,0,0.0,0.0,0.0,0.0,0.0,True
78,0.7545166015625,0.0145263671875,0.6744494315905448,69.16,4.355217421842066,0,0.0,0.0,0.0,0.0,0.0,False
94,0.778564453125,0.01318359375,0.6839586623171543,81.92,4.541855358651088,0,0.0,0.0,0.0,0.0,0.0,True
60,0.755859375,0.009765625,0.6708699544270833,52.84,4.092952075679156,0,0.0,0.0,0.0,0.0,0.0,True
68,0.7633056640625,0.0006103515625,0.6776859059053308,59.76,4.218159706890797,0,0.0,0.0,0.0,0.0,0.0,False
75,0.762939453125,0.0030517578125,0.6824479166666667,66.5,4.316321137730723,0,0.0,0.0,0.0,0.0,0.0,False
89,0.763916015625,0.016357421875,0.672094452247191,77.58,4.487186428198538,0,0.0,0.0,0.0,0.0,0.0,False
88,0.772216796875,0.0030517578125,0.6814297762784091,77.0,4.475953248496719,0,0.0,0.0,0.0,0.0,0.0,False
98,0.7662353515625,0.010986328125,0.6926070232780612,87.84,4.583766828753275,0,0.0,0.0,0.0,0.0,0.0,False
77,0.768798828125,0.01123046875,0.6733747209821429,66.9,4.342496767383539,0,0.0,0.0,0.0,0.0,0.0,True
98,0.8052978515625,0.024658203125,0.6946087272799745,83.86,4.583089289810956,0,0.0,0.0,0.0,0.0,0.0,False
87,0.76806640625,0.00927734375,0.6780963766163793,76.12,4.464755678547277,0,0.0,0.0,0.0,0.0,0.0,False
108,0.766845703125,0.0069580078125,0.6850789388020834,95.5,4.681034459716888,0,0.0,0.0,0.0,0.0,0.0,True
89,0.760498046875,0.0001220703125,0.6796998441889045,78.9,4.487453426631299,0,0.0,0.0,0.0,0.0,0.0,True
117,0.766845703125,0.00537109375,0.6902210202991453,104.44,4.7610379395468865,0,0.0,0.0,0.0,0.0,0.0,False
109,0.771240234375,0.0086669921875,0.6901351508744266,96.7,4.690100269122187,0,0.0,0.0,0.0,0.0,0.0,False
93,0.766357421875,0.0013427734375,0.690774897093414,82.98,4.531055037487747,0,0.0,0.0,0.0,0.0,0.0,True
73,0.770751953125,0.022216796875,0.6832392444349316,64.12,4.289207310879642,0,0.0,0.0,0.0,0.0,0.0,True
78,0.7567138671875,0.0072021484375,0.6734791291065705,68.8,4.355371788120174,0,0.0,0.0,0.0,0.0,0.0,True
81,0.76025390625,0.010986328125,0.6751121238425926,71.36,4.3931334897298955,0,0.0,0.0,0.0,0.0,0.0,False
76,0.782470703125,0.0,0.6732531095805921,64.84,4.329253274160184,0,0.0,0.0,0.0,0.0,0.0,False
64,0.75244140625,0.00244140625,0.6667442321777344,56.18,4.157675111936134,0,0.0,0.0,0.0,0.0,0.0,False
97,0.7869873046875,0.0203857421875,0.6776299230831185,82.74,4.573344332285579,0,0.0,0.0,0.0,0.0,0.0,False
173,0.7967529296875,0.0111083984375,0.7150257970556358,153.88,5.151673919993936,0,0.0,0.0,0.0,0.0,0.0,False
109,0.7744140625,0.0003662109375,0.7058452641198395,98.4,4.689454878561996,0,0.0,0.0,0.0,0.0,0.0,False
116,0.779052734375,0.01171875,0.7049718396417026,103.92,4.752068389008653,0,0.0,0.0,0.0,0.0,0.0,False
145,0.76318359375,0.0003662109375,0.703375033674569,132.44,4.9755358434659,0,0.0,0.0,0.0,0.0,0.0,False
133,0.75244140625,0.0009765625,0.6897504992951128,120.84,4.889427755139402,0,0.0,0.0,0.0,0.0,0.0,True
112,0.7650146484375,0.0028076171875,0.6973680768694196,101.1,4.717123064809359,0,0.0,0.0,0.0,0.0,0.0,False
76,0.767333984375,0.0008544921875,0.6738200940583882,66.06,4.329439410560017,0,0.0,0.0,0.0,0.0,0.0,True
89,0.751708984375,0.00244140625,0.6730874736657303,79.0,4.487469791770418,0,0.0,0.0,0.0,0.0,0.0,False
102,0.7645263671875,0.004150390625,0.6838151520373774,90.56,4.623345001823498,0,0.0,0.0,0.0,0.0,0.0,False
75,0.780517578125,0.0142822265625,0.6927376302083333,65.96,4.316258756909837,0,0.0,0.0,0.0,0.0,0.0,False
54,0.75341796875,0.0048828125,0.6727385344328703,47.74,3.9875566394991915,0,0.0,0.0,0.0,0.0,0.0,False
74,0.7652587890625,0.0135498046875,0.6745127085092906,64.66,4.302900233933454,0,0.0,0.0,0.0,0.0,0.0,False
69,0.7510986328125,0.0006103515625,0.6728250254755435,61.22,4.232861442545715,0,0.0,0.0,0.0,0.0,0.0,False
76,0.7679443359375,0.002197265625,0.6879208213404605,67.44,4.328891759312086,0,0.0,0.0,0.0,0.0,0.0,False
74,0.77294921875,0.019775390625,0.6760336386190878,64.18,4.302713892090282,0,0.0,0.0,0.0,0.0,0.0,False
111,0.77197265625,0.0001220703125,0.695337793848536,99.12,4.708307694412083,0,0.0,0.0,0.0,0.0,0.0,False
106,0.7672119140625,0.0108642578125,0.6811235535819575,93.22,4.662200350823029,0,0.0,0.0,0.0,0.0,0.0,False
85,0.7550048828125,0.0062255859375,0.6712933708639706,75.02,4.441634219276842,0,0.0,0.0,0.0,0.0,0.0,False
70,0.765380859375,0.0185546875,0.6748046875,61.12,4.2470996584207805,0,0.0,0.0,0.0,0.0,0.0,True
146,0.883056640625,0.079833984375,0.7017721933861302,115.2,4.9820614001632935,0,0.0,0.0,0.0,0.0,0.0,False
73,0.7703857421875,0.0,0.6729936991652398,63.18,4.289254000169875,0,0.0,0.0,0.0,0.0,0.0,False
96,0.773193359375,0.005126953125,0.6776682535807291,83.44,4.563037028092413,0,0.0,0.0,0.0,0.0,0.0,False
56,0.7589111328125,0.0128173828125,0.6736123221261161,49.26,4.023969743594406,0,0.0,0.0,0.0,0.0,0.0,False
68,0.7635498046875,0.0062255859375,0.6764921300551471,59.7,4.218019336683335,0,0.0,0.0,0.0,0.0,0.0,False
103,0.77001953125,0.0003662109375,0.6956787109375,92.2,4.632744896532345,0,0.0,0.0,0.0,0.0,0.0,False
121,0.7830810546875,0.0072021484375,0.6968237506456612,106.64,4.794431942814345,0,0.0,0.0,0.0,0.0,0.0,False
90,0.765380859375,0.004638671875,0.6863864474826389,80.06,4.4987272613148095,0,0.0,0.0,0.0,0.0,0.0,False
117,0.7860107421875,0.008544921875,0.6928366636618589,102.34,4.760873095188767,0,0.0,0.0,0.0,0.0,0.0,True
80,0.7742919921875,0.02001953125,0.6817352294921875,69.82,4.3809254120297005,0,0.0,0.0,0.0,0.0,0.0,False
102,0.778076171875,0.009521484375,0.6971914253982843,90.62,4.623275135474054,0,0.0,0.0,0.0,0.0,0.0,False
145,0.783447265625,0.0078125,0.7036267510775862,129.14,4.975544621020317,0,0.0,0.0,0.0,0.0,0.0,False
120,0.7760009765625,0.005859375,0.6970967610677083,106.8,4.786107914831886,0,0.0,0.0,0.0,0.0,0.0,False
110,0.746826171875,0.000732421875,0.6859175248579545,100.16,4.699546962739032,0,0.0,0.0,0.0,0.0,0.0,True
133,0.7720947265625,0.0020751953125,0.6940642622180451,118.5,4.889215606892478,0,0.0,0.0,0.0,0.0,0.0,True
103,0.8343505859375,0.006103515625,0.7135400864684466,87.34,4.632472132216566,0,0.0,0.0,0.0,0.0,0.0,False
128,0.781005859375,0.014404296875,0.6959524154663086,113.04,4.850851878082951,0,0.0,0.0,0.0,0.0,0.0,True
76,0.7598876953125,0.0130615234375,0.673540617290296,66.8,4.329604250526287,0,0.0,0.0,0.0,0.0,0.0,True
77,0.756591796875,0.008056640625,0.676662692775974,68.22,4.342720041039839,0,0.0,0.0,0.0,0.0,0.0,True
123,0.7799072265625,0.0123291015625,0.6942069200965447,108.48,4.810666774966883,0,0.0,0.0,0.0,0.0,0.0,False
111,0.770263671875,0.010498046875,0.6851630683417793,97.8,4.708402052048613,0,0.0,0.0,0.0,0.0,0.0,False
71,0.7655029296875,0.0081787109375,0.6731404049295775,61.84,4.261029147099997,0,0.0,0.0,0.0,0.0,0.0,False
91,0.771240234375,0.002685546875,0.6809310074690934,79.6,4.509614849037594,0,0.0,0.0,0.0,0.0,0.0,False
98,0.7646484375,0.0052490234375,0.6773768833705357,86.04,4.583793891597182,0,0.0,0.0,0.0,0.0,0.0,False
124,0.7757568359375,0.00244140625,0.694121330015121,109.94,4.818619758804061,0,0.0,0.0,0.0,0.0,0.0,False
89,0.775146484375,0.0101318359375,0.6906134787570225,78.64,4.487331274961515,0,0.0,0.0,0.0,0.0,0.0,False
101,0.7713623046875,0.015625,0.6789502436571783,88.16,4.614013559727378,0,0.0,0.0,0.0,0.0,0.0,False
100,0.7841796875,0.0166015625,0.685194091796875,86.56,4.6038858177599185,0,0.0,0.0,0.0,0.0,0.0,True
90,0.7950439453125,0.0191650390625,0.6895534939236111,77.44,4.4983720237055875,0,0.0,0.0,0.0,0.0,0.0,False
93,0.7730712890625,0.0126953125,0.6775086105510753,80.74,4.5310594216470195,0,0.0,0.0,0.0,0.0,0.0,False
80,0.7703857421875,0.006103515625,0.6789093017578125,69.88,4.380697325845235,0,0.0,0.0,0.0,0.0,0.0,False
81,0.76806640625,0.0018310546875,0.6780855155285493,70.82,4.393131921854221,0,0.0,0.0,0.0,0.0,0.0,False
88,0.810791015625,0.0360107421875,0.6877233331853693,74.04,4.476074068696494,0,0.0,0.0,0.0,0.0,0.0,True
83,0.75,0.003662109375,0.6749399943524096,74.0,4.417524485189576,0,0.0,0.0,0.0,0.0,0.0,True
185,0.783203125,0.0,0.6964223500844594,163.08,5.218954704667054,0,0.0,0.0,0.0,0.0,0.0,False
150,0.7913818359375,0.0201416015625,0.6908919270833334,129.84,5.009467911351401,0,0.0,0.0,0.0,0.0,0.0,False
121,0.77587890625,0.0181884765625,0.6822005342846075,105.54,4.794594189879305,0,0.0,0.0,0.0,0.0,0.0,True
178,0.842529296875,0.0504150390625,0.7045919011148174,147.78,5.180012201904942,0,0.0,0.0,0.0,0.0,0.0,False
87,0.76025390625,0.01318359375,0.6863298087284483,77.72,4.4648206540299,0,0.0,0.0,0.0,0.0,0.0,False
90,0.7579345703125,0.002197265625,0.6800591362847223,79.96,4.498856539988905,0,0.0,0.0,0.0,0.0,0.0,False
98,0.761474609375,0.001708984375,0.6890570192920918,88.02,4.583738586809701,0,0.0,0.0,0.0,0.0,0.0,True
69,0.749267578125,0.00146484375,0.6694725147192029,61.06,4.232779646598184,0,0.0,0.0,0.0,0.0,0.0,True
91,0.769287109375,0.0025634765625,0.6789751996050825,79.62,4.509478651869978,0,0.0,0.0,0.0,0.0,0.0,False
101,0.7684326171875,0.0089111328125,0.6841630085860149,89.2,4.6135605753447075,0,0.0,0.0,0.0,0.0,0.0,True
117,0.765380859375,0.0025634765625,0.6854634081196581,103.84,4.760723528730995,0,0.0,0.0,0.0,0.0,0.0,False
113,0.7857666015625,0.0130615234375,0.6894196366841814,98.42,4.72575465969394,0,0.0,0.0,0.0,0.0,0.0,False
121,0.7786865234375,0.0008544921875,0.6827301782024794,105.16,4.794206441546423,0,0.0,0.0,0.0,0.0,0.0,False
121,0.7694091796875,0.0103759765625,0.6819614378873967,106.38,4.794401123464374,0,0.0,0.0,0.0,0.0,0.0,False
103,0.774169921875,0.0029296875,0.6691787867870146,88.28,4.633423138577996,0,0.0,0.0,0.0,0.0,0.0,True
78,0.7559814453125,0.0135498046875,0.6798486954126602,69.52,4.355587920629922,0,0.0,0.0,0.0,0.0,0.0,False
69,0.7581787109375,0.0062255859375,0.6718767691349637,60.56,4.232774655348681,0,0.0,0.0,0.0,0.0,0.0,True
66,0.757568359375,0.0068359375,0.6828539299242424,58.96,4.18839788933749,0,0.0,0.0,0.0,0.0,0.0,False
89,0.793701171875,0.028564453125,0.697998046875,77.6,4.487220974955467,0,0.0,0.0,0.0,0.0,0.0,False
65,0.7808837890625,0.0208740234375,0.6738055889423077,55.66,4.172843228307067,0,0.0,0.0,0.0,0.0,0.0,False
64,0.7515869140625,0.0,0.6718101501464844,56.64,4.157336888020675,0,0.0,0.0,0.0,0.0,0.0,False
94,0.7825927734375,0.0054931640625,0.6870649621841756,81.76,4.54146680740278,0,0.0,0.0,0.0,0.0,0.0,True
77,0.77099609375,0.0020751953125,0.6772762149959416,67.04,4.342605265701324,0,0.0,0.0,0.0,0.0,0.0,True
107,0.7872314453125,0.004638671875,0.6999009747371495,94.26,4.671430730498383,0,0.0,0.0,0.0,0.0,0.0,True
90,0.7642822265625,0.0029296875,0.6773613823784722,79.06,4.49880317730175,0,0.0,0.0,0.0,0.0,0.0,True
66,0.7548828125,0.002685546875,0.6747602982954546,58.5,4.188327664543781,0,0.0,0.0,0.0,0.0,0.0,False
77,0.7569580078125,0.00634765625,0.6704228388798701,67.58,4.342418408023266,0,0.0,0.0,0.0,0.0,0.0,False
90,0.7764892578125,0.015625,0.6836968315972223,78.58,4.49840404434649,0,0.0,0.0,0.0,0.0,0.0,True
94,0.7845458984375,0.013671875,0.6869935380651596,81.52,4.541901577478538,0,0.0,0.0,0.0,0.0,0.0,False
101,0.77001953125,0.017333984375,0.6800138265779703,88.42,4.614055236683944,0,0.0,0.0,0.0,0.0,0.0,False
111,0.76171875,0.007080078125,0.6818968626829955,98.46,4.7085433442738465,0,0.0,0.0,0.0,0.0,0.0,False
137,0.76708984375,0.0084228515625,0.6903682068316606,122.2,4.919099363471638,0,0.0,0.0,0.0,0.0,0.0,True
93,0.7752685546875,0.0108642578125,0.6832052251344086,81.18,4.5311923951584765,0,0.0,0.0,0.0,0.0,0.0,True
74,0.760009765625,0.001708984375,0.6821503510346284,65.74,4.302847061190551,0,0.0,0.0,0.0,0.0,0.0,False
84,0.7825927734375,0.0091552734375,0.6921401250930059,73.66,4.428981675593584,0,0.0,0.0,0.0,0.0,0.0,False
96,0.7554931640625,0.0008544921875,0.6778831481933594,85.4,4.5632967798832995,0,0.0,0.0,0.0,0.0,0.0,False
91,0.7734375,0.0133056640625,0.6835722870879121,79.72,4.5093233862268916,0,0.0,0.0,0.0,0.0,0.0,True
95,0.7679443359375,0.0152587890625,0.6818449321546053,83.58,4.552532136241139,0,0.0,0.0,0.0,0.0,0.0,False
85,0.7508544921875,0.0093994140625,0.6731746897977942,75.54,4.44155583085761,0,0.0,0.0,0.0,0.0,0.0,True
81,0.771240234375,0.0054931640625,0.6797477816358025,70.68,4.393091617733681,0,0.0,0.0,0.0,0.0,0.0,False
63,0.7620849609375,0.00634765625,0.6804334852430556,55.8,4.141031532698496,0,0.0,0.0,0.0,0.0,0.0,False
86,0.757568359375,0.007568359375,0.6804057276526163,76.6,4.45330039765007,0,0.0,0.0,0.0,0.0,0.0,False
90,0.79052734375,0.020751953125,0.6871893988715277,77.52,4.498494806494417,0,0.0,0.0,0.0,0.0,0.0,False
84,0.75537109375,0.0018310546875,0.6838887532552084,75.4,4.429672659602881,0,0.0,0.0,0.0,0.0,0.0,False
77,0.83544921875,0.067138671875,0.6761918501420454,61.88,4.342144260109874,0,0.0,0.0,0.0,0.0,0.0,True
89,0.806640625,0.0303955078125,0.6845277936271067,74.92,4.486785980758864,0,0.0,0.0,0.0,0.0,0.0,False
90,0.75830078125,0.00341796875,0.6736572265625,79.26,4.498499729523456,0,0.0,0.0,0.0,0.0,0.0,False
97,0.7725830078125,0.0008544921875,0.6822358750805413,84.84,4.573243853016513,0,0.0,0.0,0.0,0.0,0.0,True
94,0.7808837890625,0.0086669921875,0.6886557721077128,82.14,4.541945854961658,0,0.0,0.0,0.0,0.0,0.0,False
105,0.7811279296875,0.0006103515625,0.682461402529762,90.94,4.652556088998996,0,0.0,0.0,0.0,0.0,0.0,False
120,0.80517578125,0.0025634765625,0.6949442545572917,102.76,4.7854953783201735,0,0.0,0.0,0.0,0.0,0.0,True
97,0.773193359375,0.005615234375,0.6931102005476805,86.24,4.573564412109626,0,0.0,0.0,0.0,0.0,0.0,False
97,0.7645263671875,0.003662109375,0.6846219092300257,86.1,4.573666221552048,0,0.0,0.0,0.0,0.0,0.0,False
110,0.7857666015625,0.0133056640625,0.6880892666903409,95.48,4.6992925283926406,0,0.0,0.0,0.0,0.0,0.0,False
108,0.7607421875,0.0009765625,0.6820294415509259,95.96,4.680977756328893,0,0.0,0.0,0.0,0.0,0.0,False
150,0.7852783203125,0.0069580078125,0.6995450846354166,132.52,5.009196857645261,0,0.0,0.0,0.0,0.0,0.0,False
138,0.766845703125,0.0008544921875,0.6820439877717391,121.52,4.9262189461965065,0,0.0,0.0,0.0,0.0,0.0,True
187,0.78662109375,0.00244140625,0.7012645701036097,165.26,5.22957225477241,0,0.0,0.0,0.0,0.0,0.0,False
95,0.78662109375,0.0079345703125,0.6818706311677631,81.76,4.552276818084891,0,0.0,0.0,0.0,0.0,0.0,False
71,0.748046875,0.006591796875,0.6777378136003521,63.82,4.261552870812281,0,0.0,0.0,0.0,0.0,0.0,False
95,0.761962890625,0.0042724609375,0.6954988178453947,86.02,4.552643502080069,0,0.0,0.0,0.0,0.0,0.0,False
54,0.7686767578125,0.0206298828125,0.6769092701099537,47.2,3.9875649557781427,0,0.0,0.0,0.0,0.0,0.0,True
70,0.767333984375,0.021240234375,0.6755196707589286,61.1,4.247403168762535,0,0.0,0.0,0.0,0.0,0.0,False
74,0.7703857421875,0.0185546875,0.669628246410473,63.78,4.302719631187051,0,0.0,0.0,0.0,0.0,0.0,False
182,0.798828125,0.012939453125,0.7065436394660027,159.64,5.202410892602757,0,0.0,0.0,0.0,0.0,0.0,False
73,0.760986328125,0.0028076171875,0.6793112558861302,64.58,4.289365961590204,0,0.0,0.0,0.0,0.0,0.0,False
88,0.7784423828125,0.01318359375,0.6777704412286932,75.82,4.47591003124956,0,0.0,0.0,0.0,0.0,0.0,False
108,0.7701416015625,0.0008544921875,0.6905415852864584,95.98,4.680459028063543,0,0.0,0.0,0.0,0.0,0.0,False
89,0.765869140625,0.019287109375,0.6936446629213483,79.82,4.487384160650319,0,0.0,0.0,0.0,0.0,0.0,False
119,0.7677001953125,0.007568359375,0.691742712710084,106.26,4.777694695671212,0,0.0,0.0,0.0,0.0,0.0,False
87,0.7601318359375,0.0048828125,0.6787081312859196,76.94,4.464602790122273,0,0.0,0.0,0.0,0.0,0.0,False
97,0.760986328125,0.0146484375,0.678466796875,85.72,4.573457281687632,0,0.0,0.0,0.0,0.0,0.0,False
60,0.7664794921875,0.009765625,0.67999267578125,52.74,4.09294528375207,0,0.0,0.0,0.0,0.0,0.0,False
102,0.7713623046875,0.0140380859375,0.6823790307138481,89.5,4.6237414418669145,0,0.0,0.0,0.0,0.0,0.0,False
100,0.7548828125,0.004638671875,0.688720703125,90.36,4.6038119786057115,0,0.0,0.0,0.0,0.0,0.0,False
78,0.7608642578125,0.0111083984375,0.677360339042468,68.86,4.355266948762789,0,0.0,0.0,0.0,0.0,0.0,False
58,0.738037109375,0.011474609375,0.6644118736530172,51.8,4.059053130234943,0,0.0,0.0,0.0,0.0,0.0,False
84,0.774658203125,0.0111083984375,0.6810636974516369,73.26,4.429546806807343,0,0.0,0.0,0.0,0.0,0.0,False
91,0.760498046875,0.009765625,0.6764224544986264,80.28,4.509764867210766,0,0.0,0.0,0.0,0.0,0.0,False
111,0.77783203125,0.0113525390625,0.6953586887668919,98.34,4.708024781172692,0,0.0,0.0,0.0,0.0,0.0,False
110,0.7615966796875,0.0042724609375,0.6936723188920455,99.16,4.699074602686437,0,0.0,0.0,0.0,0.0,0.0,False
103,0.772216796875,0.0126953125,0.6975868002882282,92.3,4.633258428249668,0,0.0,0.0,0.0,0.0,0.0,False
97,0.76806640625,0.0042724609375,0.6840392437177835,85.6,4.573352292741087,0,0.0,0.0,0.0,0.0,0.0,False
85,0.7752685546875,0.009521484375,0.6830982881433824,74.26,4.441505366201894,0,0.0,0.0,0.0,0.0,0.0,False
115,0.7718505859375,0.002685546875,0.686747409986413,101.48,4.7438796216960535,0,0.0,0.0,0.0,0.0,0.0,False
61,0.7657470703125,0.012939453125,0.6788089939805327,53.58,4.109506997759946,0,0.0,0.0,0.0,0.0,0.0,True
73,0.774658203125,0.0057373046875,0.6865067155393836,64.08,4.2891775572150985,0,0.0,0.0,0.0,0.0,0.0,False
89,0.7982177734375,0.039794921875,0.6850723095154494,75.8,4.487422772351688,0,0.0,0.0,0.0,0.0,0.0,False
53,0.7503662109375,0.0064697265625,0.6719049417747641,47.02,3.96901648139718,0,0.0,0.0,0.0,0.0,0.0,False
56,0.7530517578125,0.0064697265625,0.6767076764787946,49.82,4.024088373839341,0,0.0,0.0,0.0,0.0,0.0,False
72,0.7593994140625,0.0074462890625,0.6869388156467013,64.54,4.275190460894924,0,0.0,0.0,0.0,0.0,0.0,False
68,0.7490234375,0.00439453125,0.6783411362591911,60.98,4.218452792173169,0,0.0,0.0,0.0,0.0,0.0,True
53,0.7642822265625,0.013916015625,0.6728239239386793,46.22,3.9685348648206595,0,0.0,0.0,0.0,0.0,0.0,False
66,0.7470703125,0.00390625,0.6703731652462122,58.72,4.188354324280193,0,0.0,0.0,0.0,0.0,0.0,False
97,0.772705078125,0.0040283203125,0.6936437862435567,86.28,4.573270346544617,0,0.0,0.0,0.0,0.0,0.0,False
89,0.783203125,0.01513671875,0.6903227045294944,77.74,4.487292567308761,0,0.0,0.0,0.0,0.0,0.0,False
106,0.778564453125,0.0078125,0.6954403283461085,93.72,4.6618772853601955,0,0.0,0.0,0.0,0.0,0.0,False
148,0.8104248046875,0.034423828125,0.7058583852407094,127.88,4.995549091987979,0,0.0,0.0,0.0,0.0,0.0,False
97,0.8165283203125,0.0374755859375,0.6888729764014175,81.14,4.57345929410178,0,0.0,0.0,0.0,0.0,0.0,False
89,0.7645263671875,0.004638671875,0.6814815221207865,78.7,4.487281034982855,0,0.0,0.0,0.0,0.0,0.0,True
61,0.7755126953125,0.008056640625,0.6802158043032787,53.0,4.109538992297299,0,0.0,0.0,0.0,0.0,0.0,False
67,0.7611083984375,0.0150146484375,0.6783301510027985,59.2,4.203319343776472,0,0.0,0.0,0.0,0.0,0.0,True
85,0.7578125,0.0126953125,0.6748736213235295,75.02,4.441672511837895,0,0.0,0.0,0.0,0.0,0.0,False
116,0.817138671875,0.02392578125,0.7018474710398707,98.78,4.751903622863852,0,0.0,0.0,0.0,0.0,0.0,False
118,0.7784423828125,0.0,0.7105681855799788,106.76,4.769123267101989,0,0.0,0.0,0.0,0.0,0.0,False
137,0.778564453125,0.001708984375,0.7107744425752737,123.88,4.918566731360324,0,0.0,0.0,0.0,0.0,0.0,False
92,0.7763671875,0.015380859375,0.6811204993206522,80.08,4.520380135693093,0,0.0,0.0,0.0,0.0,0.0,True
104,0.7742919921875,0.0130615234375,0.6828519381009616,90.96,4.643438011372081,0,0.0,0.0,0.0,0.0,0.0,True
97,0.7568359375,0.007568359375,0.683118053318299,86.76,4.5734093975589785,0,0.0,0.0,0.0,0.0,0.0,False
127,0.8409423828125,0.016845703125,0.6820462444635826,102.24,4.842732032954586,0,0.0,0.0,0.0,0.0,0.0,True
86,0.76220703125,0.0025634765625,0.6832218613735465,76.44,4.452969758801241,0,0.0,0.0,0.0,0.0,0.0,False
78,0.7706298828125,0.015625,0.6803917518028846,68.26,4.355529973929594,0,0.0,0.0,0.0,0.0,0.0,True
100,0.7772216796875,0.013427734375,0.691849365234375,88.2,4.603524316603985,0,0.0,0.0,0.0,0.0,0.0,True
86,0.7640380859375,0.009033203125,0.6834290970203488,76.2,4.452737229176272,0,0.0,0.0,0.0,0.0,0.0,False
127,0.765380859375,0.0008544921875,0.6943157526451772,114.32,4.84270627933377,0,0.0,0.0,0.0,0.0,0.0,False
103,0.7705078125,0.0001220703125,0.6822865310224514,90.46,4.633119437027861,0,0.0,0.0,0.0,0.0,0.0,False
115,0.7786865234375,0.0120849609375,0.6818486752717391,99.9,4.743810541089623,0,0.0,0.0,0.0,0.0,0.0,False
74,0.772705078125,0.0166015625,0.6813552444045609,64.6,4.30247499333684,0,0.0,0.0,0.0,0.0,0.0,True
80,0.7755126953125,0.02099609375,0.68121337890625,69.72,4.380988816075295,0,0.0,0.0,0.0,0.0,0.0,False
66,0.7613525390625,0.0145263671875,0.6728127219460227,57.82,4.188564712079404,0,0.0,0.0,0.0,0.0,0.0,False
85,0.75830078125,0.00830078125,0.6763872931985294,75.18,4.44141628238101,0,0.0,0.0,0.0,0.0,0.0,False
93,0.766357421875,0.0123291015625,0.6758140646001344,81.36,4.531306482474616,0,0.0,0.0,0.0,0.0,0.0,False
69,0.7864990234375,0.0081787109375,0.6954611073369565,60.4,4.2328067367952515,0,0.0,0.0,0.0,0.0,0.0,False
90,0.7744140625,0.005615234375,0.6818508572048612,78.54,4.498459987058228,0,0.0,0.0,0.0,0.0,0.0,True
67,0.74169921875,0.003662109375,0.6757338794309702,60.46,4.203250311108105,0,0.0,0.0,0.0,0.0,0.0,False
91,0.7550048828125,0.0113525390625,0.6757208855597527,80.76,4.509638627399962,0,0.0,0.0,0.0,0.0,0.0,False
93,0.7735595703125,0.0035400390625,0.6806469989079301,81.04,4.531336237018751,0,0.0,0.0,0.0,0.0,0.0,True
95,0.76806640625,0.01318359375,0.6775159333881579,83.04,4.552801667180777,0,0.0,0.0,0.0,0.0,0.0,False
77,0.762451171875,0.0084228515625,0.6850712763798701,68.6,4.342359950039543,0,0.0,0.0,0.0,0.0,0.0,False
72,0.7705078125,0.0023193359375,0.6846669514973959,63.36,4.275116244592509,0,0.0,0.0,0.0,0.0,0.0,False
93,0.7642822265625,0.001220703125,0.683768323672715,82.36,4.531124905439326,0,0.0,0.0,0.0,0.0,0.0,False
101,0.7547607421875,0.0009765625,0.6801153504022277,90.02,4.613877059413723,0,0.0,0.0,0.0,0.0,0.0,False
187,0.7803955078125,0.00732421875,0.6977317116477273,165.62,5.229791287977014,0,0.0,0.0,0.0,0.0,0.0,True
77,0.7620849609375,0.0147705078125,0.675373820515422,67.76,4.342712378668033,0,0.0,0.0,0.0,0.0,0.0,False
93,0.784912109375,0.0333251953125,0.6767932522681451,79.48,4.531527878328937,0,0.0,0.0,0.0,0.0,0.0,True
64,0.76611328125,0.0045166015625,0.6770191192626953,56.08,4.1572956855860195,0,0.0,0.0,0.0,0.0,0.0,False
80,0.7587890625,0.002685546875,0.6754058837890625,70.62,4.380587276165224,0,0.0,0.0,0.0,0.0,0.0,False
82,0.760986328125,0.0050048828125,0.6725925352515244,71.86,4.405519344290321,0,0.0,0.0,0.0,0.0,0.0,False
84,0.7613525390625,0.0076904296875,0.6718415759858631,73.44,4.4296255669264974,0,0.0,0.0,0.0,0.0,0.0,False
190,0.79150390625,0.0045166015625,0.717125822368421,170.62,5.245649918211225,0,0.0,0.0,0.0,0.0,0.0,False
112,0.7735595703125,0.0113525390625,0.6897430419921875,98.98,4.71710278508726,0,0.0,0.0,0.0,0.0,0.0,True
72,0.748291015625,0.003173828125,0.6736212836371528,64.28,4.275448571702144,0,0.0,0.0,0.0,0.0,0.0,False
85,0.7623291015625,0.001220703125,0.6793658088235294,75.02,4.44142122799094,0,0.0,0.0,0.0,0.0,0.0,False
179,0.794921875,0.002685546875,0.7105255979399442,158.64,5.185523801562596,0,0.0,0.0,0.0,0.0,0.0,False
131,0.7755126953125,0.0057373046875,0.6947571266698473,116.38,4.873683966991127,0,0.0,0.0,0.0,0.0,0.0,False
63,0.8397216796875,0.0869140625,0.6729232545882936,50.16,4.141557325175874,0,0.0,0.0,0.0,0.0,0.0,False
97,0.765625,0.0050048828125,0.6758152283344072,84.86,4.573713184181069,0,0.0,0.0,0.0,0.0,0.0,False
94,0.767822265625,0.0118408203125,0.6775149081615691,82.2,4.542097359231346,0,0.0,0.0,0.0,0.0,0.0,False
112,0.769775390625,0.001708984375,0.6936187744140625,99.96,4.716870528960054,0,0.0,0.0,0.0,0.0,0.0,True
70,0.76953125,0.009033203125,0.6716901506696429,60.52,4.247089895024947,0,0.0,0.0,0.0,0.0,0.0,False
82,0.7662353515625,0.00390625,0.6783000666920732,71.94,4.405697652629507,0,0.0,0.0,0.0,0.0,0.0,False
77,0.763427734375,0.01806640625,0.6788916649756493,67.9,4.342734322180242,0,0.0,0.0,0.0,0.0,0.0,False
78,0.758056640625,0.00146484375,0.6895079001402243,70.38,4.355292899752486,0,0.0,0.0,0.0,0.0,0.0,False
75,0.7603759765625,0.0157470703125,0.6770751953125,66.16,4.31630390015121,0,0.0,0.0,0.0,0.0,0.0,False
89,0.75732421875,0.0003662109375,0.6762379849894663,78.78,4.48748145709581,0,0.0,0.0,0.0,0.0,0.0,False
91,0.7794189453125,0.0135498046875,0.6824790200034341,79.16,4.509294901054822,0,0.0,0.0,0.0,0.0,0.0,False
70,0.7576904296875,0.0001220703125,0.6831403459821429,62.5,4.247025545553366,0,0.0,0.0,0.0,0.0,0.0,False
66,0.7576904296875,0.0076904296875,0.6808360706676136,58.78,4.188177005461984,0,0.0,0.0,0.0,0.0,0.0,True
78,0.7713623046875,0.0081787109375,0.6806186773838141,68.28,4.355475602693579,0,0.0,0.0,0.0,0.0,0.0,False
79,0.799560546875,0.020263671875,0.6807150538963608,66.68,4.367842045159205,0,0.0,0.0,0.0,0.0,0.0,False
105,0.7884521484375,0.0257568359375,0.6814883277529762,90.0,4.652737078838823,0,0.0,0.0,0.0,0.0,0.0,False
70,0.7506103515625,0.0037841796875,0.6817783900669643,62.92,4.247172357654607,0,0.0,0.0,0.0,0.0,0.0,True
63,0.7529296875,0.004638671875,0.6704760354662699,55.66,4.142081391916399,0,0.0,0.0,0.0,0.0,0.0,False
66,0.7772216796875,0.0205078125,0.6829094164299242,57.38,4.188210236649708,0,0.0,0.0,0.0,0.0,0.0,False
86,0.7698974609375,0.00732421875,0.6880010560501454,76.16,4.453027547962825,0,0.0,0.0,0.0,0.0,0.0,False
123,0.771484375,0.0023193359375,0.693480452870935,109.62,4.810669106628902,0,0.0,0.0,0.0,0.0,0.0,False
119,0.7781982421875,0.0052490234375,0.6973876953125,105.54,4.7776049447276705,0,0.0,0.0,0.0,0.0,0.0,False
121,0.7884521484375,0.0230712890625,0.6891605597882231,104.88,4.7945298161080565,0,0.0,0.0,0.0,0.0,0.0,False
63,0.7735595703125,0.01025390625,0.6791643415178571,54.82,4.1416041046743,0,0.0,0.0,0.0,0.0,0.0,False
77,0.7730712890625,0.009033203125,0.6846686028814936,67.64,4.342349048465684,0,0.0,0.0,0.0,0.0,0.0,True
70,0.7650146484375,0.0067138671875,0.6711443219866071,60.92,4.247270479124076,0,0.0,0.0,0.0,0.0,0.0,True
82,0.7757568359375,0.0157470703125,0.6967966963605183,72.94,4.405350809550169,0,0.0,0.0,0.0,0.0,0.0,True
91,0.7777099609375,0.0125732421875,0.6946015410370879,80.5,4.509285326109908,0,0.0,0.0,0.0,0.0,0.0,False
67,0.779052734375,0.03173828125,0.6666496618470149,56.8,4.20331100886545,0,0.0,0.0,0.0,0.0,0.0,False
72,0.7628173828125,0.011474609375,0.6742926703559028,63.02,4.2750782800938865,0,0.0,0.0,0.0,0.0,0.0,True
83,0.763427734375,0.006103515625,0.6678334431475904,71.96,4.417411607605124,0,0.0,0.0,0.0,0.0,0.0,False
90,0.8203125,0.044189453125,0.6874240451388889,74.84,4.498306743314252,0,0.0,0.0,0.0,0.0,0.0,True
116,0.773681640625,0.0018310546875,0.6934782883216595,103.02,4.752323949550531,0,0.0,0.0,0.0,0.0,0.0,False
122,0.7811279296875,0.0047607421875,0.6911671122566598,107.0,4.802618656352125,0,0.0,0.0,0.0,0.0,0.0,False
175,0.8138427734375,0.009521484375,0.7186586216517857,153.22,5.1625962884812076,0,0.0,0.0,0.0,0.0,0.0,False
90,0.7547607421875,0.0,0.6791056315104167,80.2,4.498441081033286,0,0.0,0.0,0.0,0.0,0.0,False
106,0.768310546875,0.0037841796875,0.6856470647847878,93.84,4.662140533463499,0,0.0,0.0,0.0,0.0,0.0,False
88,0.772216796875,0.0020751953125,0.6989177357066761,78.94,4.475640646331042,0,0.0,0.0,0.0,0.0,0.0,False
93,0.7724609375,0.000732421875,0.6965568296370968,83.08,4.531018825563157,0,0.0,0.0,0.0,0.0,0.0,True
109,0.765869140625,0.00341796875,0.6911576297305045,97.54,4.690133216953279,0,0.0,0.0,0.0,0.0,0.0,False
69,0.7579345703125,0.0089111328125,0.6755919525588768,60.98,4.232766280679682,0,0.0,0.0,0.0,0.0,0.0,False
59,0.7633056640625,0.0133056640625,0.6697832527807204,51.32,4.076089205508912,0,0.0,0.0,0.0,0.0,0.0,False
130,0.7730712890625,0.0126953125,0.6924241286057692,115.4,4.866277471093138,0,0.0,0.0,0.0,0.0,0.0,False
92,0.7982177734375,0.0281982421875,0.6901032820991848,78.88,4.519975022204618,0,0.0,0.0,0.0,0.0,0.0,True
73,0.7626953125,0.01025390625,0.6686811055222602,63.38,4.288860319784749,0,0.0,0.0,0.0,0.0,0.0,False
60,0.757568359375,0.01123046875,0.6747965494791667,52.92,4.093127130574967,0,0.0,0.0,0.0,0.0,0.0,False
104,0.7635498046875,0.008544921875,0.6822591928335336,92.08,4.642907727207841,0,0.0,0.0,0.0,0.0,0.0,False
86,0.7772216796875,0.007568359375,0.6762624341388082,74.22,4.452888923911633,0,0.0,0.0,0.0,0.0,0.0,False
97,0.769287109375,0.01904296875,0.6725067453286082,83.98,4.573458494669353,0,0.0,0.0,0.0,0.0,0.0,False
93,0.76611328125,0.0146484375,0.6820068359375,82.0,4.531166815228262,0,0.0,0.0,0.0,0.0,0.0,False
68,0.7894287109375,0.0438232421875,0.6753809311810661,57.7,4.218323709916395,0,0.0,0.0,0.0,0.0,0.0,False
88,0.7647705078125,0.0020751953125,0.6845772483132102,78.0,4.475929108444113,0,0.0,0.0,0.0,0.0,0.0,False
91,0.7705078125,0.00146484375,0.6766880580357143,79.28,4.509139018252537,0,0.0,0.0,0.0,0.0,0.0,False
57,0.75732421875,0.0087890625,0.6636341831140351,49.46,4.041819220271704,0,0.0,0.0,0.0,0.0,0.0,True
75,0.749267578125,0.0078125,0.6786100260416666,67.28,4.31639094952951,0,0.0,0.0,0.0,0.0,0.0,False
70,0.7647705078125,0.0123291015625,0.6799612862723214,61.7,4.247041067688331,0,0.0,0.0,0.0,0.0,0.0,False
145,0.8134765625,0.0150146484375,0.6996657799030173,123.8,4.974990381901769,0,0.0,0.0,0.0,0.0,0.0,False
108,0.7755126953125,0.010009765625,0.6813919632523148,94.02,4.680854877645191,0,0.0,0.0,0.0,0.0,0.0,True
154,0.7816162109375,0.0067138671875,0.6880033418729707,134.42,5.035680461714653,0,0.0,0.0,0.0,0.0,0.0,False
123,0.7723388671875,0.0067138671875,0.7009664395960366,110.64,4.810668644134583,0,0.0,0.0,0.0,0.0,0.0,False
108,0.7777099609375,0.0050048828125,0.6955317744502315,95.7,4.68075699713372,0,0.0,0.0,0.0,0.0,0.0,True
121,0.7967529296875,0.01025390625,0.7025600464876033,105.74,4.7940991839102844,0,0.0,0.0,0.0,0.0,0.0,False
88,0.770751953125,0.0205078125,0.6799399636008523,76.9,4.476347480201298,0,0.0,0.0,0.0,0.0,0.0,False
73,0.75732421875,0.012939453125,0.6769016213613014,64.64,4.28940045022279,0,0.0,0.0,0.0,0.0,0.0,False
90,0.777587890625,0.0172119140625,0.6850802951388889,78.5,4.498269507637361,0,0.0,0.0,0.0,0.0,0.0,False
111,0.780029296875,0.0006103515625,0.696506809543919,98.28,4.707746232682653,0,0.0,0.0,0.0,0.0,0.0,False
112,0.7781982421875,0.003662109375,0.6800569806780133,96.94,4.717324467731597,0,0.0,0.0,0.0,0.0,0.0,False
71,0.7706298828125,0.0081787109375,0.679169990647007,62.1,4.261514169877132,0,0.0,0.0,0.0,0.0,0.0,False
69,0.782958984375,0.020263671875,0.6850161345108695,59.84,4.232511583028283,0,0.0,0.0,0.0,0.0,0.0,False
57,0.7877197265625,0.0322265625,0.6770769085800439,48.46,4.041662397372778,0,0.0,0.0,0.0,0.0,0.0,True
77,0.749755859375,0.003662109375,0.6770400010146104,68.9,4.34267604403856,0,0.0,0.0,0.0,0.0,0.0,True
81,0.7706298828125,0.0087890625,0.6780855155285493,70.66,4.393256276598166,0,0.0,0.0,0.0,0.0,0.0,True
77,0.7838134765625,0.0108642578125,0.674709567775974,65.72,4.342337729955083,0,0.0,0.0,0.0,0.0,0.0,False
84,0.7513427734375,0.0164794921875,0.6753554571242559,74.84,4.429642760959866,0,0.0,0.0,0.0,0.0,0.0,False
85,0.767333984375,0.013916015625,0.6772834329044117,74.32,4.44154749285721,0,0.0,0.0,0.0,0.0,0.0,True
87,0.7723388671875,0.0155029296875,0.6747639973958334,75.34,4.464878682344766,0,0.0,0.0,0.0,0.0,0.0,False
81,0.7734375,0.01806640625,0.6739486882716049,70.0,4.393339376996315,0,0.0,0.0,0.0,0.0,0.0,False
76,0.760498046875,0.006103515625,0.6713578073601973,66.52,4.329602816279819,0,0.0,0.0,0.0,0.0,0.0,False
92,0.7718505859375,0.0048828125,0.6801094386888586,80.26,4.520726548069832,0,0.0,0.0,0.0,0.0,0.0,True
107,0.7657470703125,0.001708984375,0.6862028603241822,94.94,4.671286738547043,0,0.0,0.0,0.0,0.0,0.0,False
62,0.775390625,0.021728515625,0.6760687058971774,53.52,4.125620689649866,0,0.0,0.0,0.0,0.0,0.0,False
91,0.7857666015625,0.0362548828125,0.6709212418440934,77.04,4.5096030797319875,0,0.0,0.0,0.0,0.0,0.0,True
98,0.7589111328125,0.004638671875,0.6778477260044643,86.74,4.5837093090526215,0,0.0,0.0,0.0,0.0,0.0,False
115,0.7626953125,0.003662109375,0.6905538807744566,103.16,4.74360037941849,0,0.0,0.0,0.0,0.0,0.0,False
108,0.7728271484375,0.011962890625,0.6887749565972222,95.44,4.680797147529078,0,0.0,0.0,0.0,0.0,0.0,False
80,0.7628173828125,0.001708984375,0.681549072265625,70.9,4.380917563919001,0,0.0,0.0,0.0,0.0,0.0,False
107,0.790283203125,0.028564453125,0.6886705059871495,92.48,4.671676754973399,0,0.0,0.0,0.0,0.0,0.0,True
178,0.77880859375,0.0018310546875,0.6937050122893258,157.18,5.180516598957546,0,0.0,0.0,0.0,0.0,0.0,False
122,0.775146484375,0.005859375,0.6855518778816598,106.88,4.80281815376774,0,0.0,0.0,0.0,0.0,0.0,False
136,0.7733154296875,0.01513671875,0.6959022073184743,121.22,4.911172658000062,0,0.0,0.0,0.0,0.0,0.0,False
76,0.7503662109375,0.0010986328125,0.673601652446546,67.6,4.329521158428042,0,0.0,0.0,0.0,0.0,0.0,False
88,0.7593994140625,0.0115966796875,0.6763291792436079,77.78,4.476090448277394,0,0.0,0.0,0.0,0.0,0.0,False
87,0.7777099609375,0.00244140625,0.6910849384877874,76.68,4.46402834284908,0,0.0,0.0,0.0,0.0,0.0,False
102,0.77490234375,0.0120849609375,0.6896541819852942,89.88,4.623580528788729,0,0.0,0.0,0.0,0.0,0.0,False
81,0.759521484375,0.01318359375,0.6884403935185185,72.76,4.393084282895195,0,0.0,0.0,0.0,0.0,0.0,False
72,0.7603759765625,0.0078125,0.6871541341145834,64.54,4.275359660441589,0,0.0,0.0,0.0,0.0,0.0,False
73,0.7520751953125,0.0040283203125,0.6714887227097602,64.62,4.289166928634614,0,0.0,0.0,0.0,0.0,0.0,False
71,0.7689208984375,0.0257568359375,0.675384091659331,61.86,4.261666769648034,0,0.0,0.0,0.0,0.0,0.0,False
88,0.770751953125,0.021484375,0.6788385564630682,76.8,4.476201345559927,0,0.0,0.0,0.0,0.0,0.0,False
108,0.783935546875,0.006103515625,0.6890077944155093,94.08,4.680752327892578,0,0.0,0.0,0.0,0.0,0.0,False
88,0.806884765625,0.027587890625,0.6844135631214489,74.08,4.475945250971781,0,0.0,0.0,0.0,0.0,0.0,True
102,0.773681640625,0.0076904296875,0.6864719764859069,89.56,4.623472638154339,0,0.0,0.0,0.0,0.0,0.0,False
77,0.7640380859375,0.01123046875,0.6731178977272727,67.26,4.342476222641216,0,0.0,0.0,0.0,0.0,0.0,False
77,0.744873046875,0.00048828125,0.6768085430194806,69.34,4.342610998929579,0,0.0,0.0,0.0,0.0,0.0,False
80,0.767578125,0.00439453125,0.6828125,70.54,4.380673990637885,0,0.0,0.0,0.0,0.0,0.0,True
77,0.769775390625,0.02734375,0.6767451298701299,67.12,4.342641206446471,0,0.0,0.0,0.0,0.0,0.0,True
65,0.743408203125,0.000244140625,0.6734074519230769,58.34,4.173305962672097,0,0.0,0.0,0.0,0.0,0.0,False
67,0.765380859375,0.009033203125,0.6732961170708955,58.42,4.203229861282086,0,0.0,0.0,0.0,0.0,0.0,False
102,0.7723388671875,0.0048828125,0.6735014073988971,88.22,4.623759226961405,0,0.0,0.0,0.0,0.0,0.0,False
64,0.7568359375,0.012939453125,0.6683769226074219,56.02,4.157721571367777,0,0.0,0.0,0.0,0.0,0.0,False
71,0.74755859375,0.000244140625,0.6707505776848591,63.1,4.261448059773462,0,0.0,0.0,0.0,0.0,0.0,True
188,0.7857666015625,0.008544921875,0.6966838430851063,165.26,5.234778189781497,0,0.0,0.0,0.0,0.0,0.0,False
180,0.8253173828125,0.044189453125,0.7015882703993056,151.76,5.191230733447949,0,0.0,0.0,0.0,0.0,0.0,False
157,0.7974853515625,0.010986328125,0.707950276174363,138.12,5.054621467739205,0,0.0,0.0,0.0,0.0,0.0,False
78,0.769775390625,0.008544921875,0.673332018729968,67.64,4.3553163452523185,0,0.0,0.0,0.0,0.0,0.0,False
70,0.7637939453125,0.0040283203125,0.6747297014508928,61.26,4.247114994605559,0,0.0,0.0,0.0,0.0,0.0,False
127,0.782958984375,0.014892578125,0.6905844380536418,110.94,4.8430655005119965,0,0.0,0.0,0.0,0.0,0.0,False
163,0.7850341796875,0.0076904296875,0.6935877887749233,142.7,5.092234591261501,0,0.0,0.0,0.0,0.0,0.0,False
118,0.7672119140625,0.0089111328125,0.6822768389168432,104.02,4.769589262659949,0,0.0,0.0,0.0,0.0,0.0,False
137,0.8001708984375,0.031005859375,0.6911327055770985,117.24,4.918592736703873,0,0.0,0.0,0.0,0.0,0.0,False
162,0.819580078125,0.030517578125,0.7061662085262346,138.46,5.085889973700244,0,0.0,0.0,0.0,0.0,0.0,True
91,0.7615966796875,0.00537109375,0.6860740577781593,81.2,4.509706653288734,0,0.0,0.0,0.0,0.0,0.0,False
154,0.799560546875,0.0142822265625,0.7006788377637987,133.84,5.035177470246535,0,0.0,0.0,0.0,0.0,0.0,False
84,0.77294921875,0.01171875,0.6812409900483631,73.46,4.429523291584276,0,0.0,0.0,0.0,0.0,0.0,False
61,0.786376953125,0.006103515625,0.6800537109375,52.28,4.109490632111168,0,0.0,0.0,0.0,0.0,0.0,False
118,0.77392578125,0.010009765625,0.6820647676112288,103.12,4.769429843227089,0,0.0,0.0,0.0,0.0,0.0,False
108,0.782470703125,0.016357421875,0.6905653211805556,94.54,4.680533508235491,0,0.0,0.0,0.0,0.0,0.0,True
114,0.7735595703125,0.0079345703125,0.6886018451891447,100.58,4.73505896368222,0,0.0,0.0,0.0,0.0,0.0,False
91,0.7586669921875,0.0054931640625,0.6764814775068682,80.46,4.509609328329745,0,0.0,0.0,0.0,0.0,0.0,False
98,0.7667236328125,0.010986328125,0.6844582071109694,86.6,4.5837885171405075,0,0.0,0.0,0.0,0.0,0.0,False
72,0.7779541015625,0.01904296875,0.6859707302517362,63.0,4.275511168008775,0,0.0,0.0,0.0,0.0,0.0,False
72,0.763671875,0.0074462890625,0.6767188178168403,63.22,4.275251275829121,0,0.0,0.0,0.0,0.0,0.0,True
81,0.76318359375,0.00830078125,0.6754075038580247,71.04,4.393090700306491,0,0.0,0.0,0.0,0.0,0.0,True
126,0.77001953125,0.0118408203125,0.6794917999751984,110.26,4.834919973038429,0,0.0,0.0,0.0,0.0,0.0,False
140,0.7769775390625,0.0062255859375,0.6924612862723214,123.7,4.940347089759916,0,0.0,0.0,0.0,0.0,0.0,True
54,0.754638671875,0.01123046875,0.6720739293981481,47.68,3.9874834636095136,0,0.0,0.0,0.0,0.0,0.0,False
89,0.7823486328125,0.0001220703125,0.6838447485077247,77.02,4.48732815536073,0,0.0,0.0,0.0,0.0,0.0,True
87,0.774169921875,0.0103759765625,0.6769584568067529,75.36,4.464460533335772,0,0.0,0.0,0.0,0.0,0.0,True
59,0.754638671875,0.010009765625,0.6679563360699152,51.8,4.076192966551563,0,0.0,0.0,0.0,0.0,0.0,True
72,0.7542724609375,0.0128173828125,0.6770341661241319,64.02,4.2752578895626865,0,0.0,0.0,0.0,0.0,0.0,False
96,0.7703857421875,0.0087890625,0.6906890869140625,85.36,4.562957838094686,0,0.0,0.0,0.0,0.0,0.0,False
106,0.7913818359375,0.0008544921875,0.7086907152859669,94.04,4.6615426073013255,0,0.0,0.0,0.0,0.0,0.0,False
92,0.7808837890625,0.00830078125,0.6879551099694293,80.38,4.520382191387518,0,0.0,0.0,0.0,0.0,0.0,True
93,0.76123046875,0.012451171875,0.6778210055443549,82.02,4.531302875862166,0,0.0,0.0,0.0,0.0,0.0,False
75,0.7764892578125,0.0123291015625,0.6813948567708333,65.14,4.316221242632633,0,0.0,0.0,0.0,0.0,0.0,False
105,0.7840576171875,0.02099609375,0.6847295851934524,90.92,4.653001493479814,0,0.0,0.0,0.0,0.0,0.0,False
111,0.7703857421875,0.015869140625,0.6822069872606982,97.38,4.7084257825102735,0,0.0,0.0,0.0,0.0,0.0,True
102,0.763916015625,0.00048828125,0.6744959214154411,89.3,4.6236099121054295,0,0.0,0.0,0.0,0.0,0.0,False
126,0.7672119140625,0.0084228515625,0.6846710689484127,111.38,4.834959497407008,0,0.0,0.0,0.0,0.0,0.0,False
86,0.777099609375,0.0194091796875,0.6837058843568314,75.02,4.45290598376048,0,0.0,0.0,0.0,0.0,0.0,True
71,0.7701416015625,0.019775390625,0.6763520576584507,61.82,4.261624107146987,0,0.0,0.0,0.0,0.0,0.0,True
85,0.7635498046875,0.0172119140625,0.6773538028492647,74.72,4.441198730832605,0,0.0,0.0,0.0,0.0,0.0,False
74,0.752197265625,0.0008544921875,0.6705404745565878,65.36,4.302857689121146,0,0.0,0.0,0.0,0.0,0.0,False
95,0.7989501953125,0.00341796875,0.7192318564967105,84.74,4.55215768756046,0,0.0,0.0,0.0,0.0,0.0,False
89,0.776611328125,0.0098876953125,0.7068666608146067,80.2,4.487185573652547,0,0.0,0.0,0.0,0.0,0.0,False
106,0.77001953125,0.0078125,0.6882416347287735,93.82,4.66200890224302,0,0.0,0.0,0.0,0.0,0.0,False
105,0.7708740234375,0.008056640625,0.6822928292410714,92.14,4.652767120127243,0,0.0,0.0,0.0,0.0,0.0,False
113,0.75927734375,0.005615234375,0.6855782027793141,101.12,4.726222172828484,0,0.0,0.0,0.0,0.0,0.0,False
96,0.774169921875,0.0028076171875,0.6921335856119791,85.12,4.562876138049636,0,0.0,0.0,0.0,0.0,0.0,False
109,0.77880859375,0.0020751953125,0.6980999587872706,96.96,4.689763670420412,0,0.0,0.0,0.0,0.0,0.0,False
145,0.8116455078125,0.00439453125,0.720550747575431,127.42,4.974810761718786,0,0.0,0.0,0.0,0.0,0.0,False
91,0.7816162109375,0.0057373046875,0.6937269273695055,80.0,4.509282530069361,0,0.0,0.0,0.0,0.0,0.0,False
100,0.764892578125,0.000244140625,0.688360595703125,89.12,4.603905355452108,0,0.0,0.0,0.0,0.0,0.0,True
79,0.7730712890625,0.001708984375,0.6990657758109177,70.76,4.367756833524042,0,0.0,0.0,0.0,0.0,0.0,False
82,0.7664794921875,0.0174560546875,0.6956444717035061,73.62,4.405508803904577,0,0.0,0.0,0.0,0.0,0.0,False
71,0.7703857421875,0.0147705078125,0.6843777508802817,62.54,4.261151326425612,0,0.0,0.0,0.0,0.0,0.0,False
76,0.7718505859375,0.0087890625,0.6848032098067435,66.8,4.329035731309447,0,0.0,0.0,0.0,0.0,0.0,False
82,0.7547607421875,0.00390625,0.6736048256478658,72.56,4.40554164084958,0,0.0,0.0,0.0,0.0,0.0,False
69,0.769287109375,0.005859375,0.6825322690217391,60.68,4.23259644953239,0,0.0,0.0,0.0,0.0,0.0,False
65,0.75244140625,0.0013427734375,0.6794827974759615,58.16,4.172868630764196,0,0.0,0.0,0.0,0.0,0.0,False
75,0.770263671875,0.00390625,0.6864208984375,66.2,4.316044051977253,0,0.0,0.0,0.0,0.0,0.0,False
60,0.7523193359375,0.000244140625,0.6673543294270833,52.72,4.093039926209735,0,0.0,0.0,0.0,0.0,0.0,False
74,0.750244140625,0.002685546875,0.6721059438344594,65.68,4.3028603782679,0,0.0,0.0,0.0,0.0,0.0,False
78,0.771484375,0.0096435546875,0.6681205553886218,66.96,4.355484959310051,0,0.0,0.0,0.0,0.0,0.0,False
95,0.7708740234375,0.015869140625,0.6901637027138158,84.24,4.552668066420596,0,0.0,0.0,0.0,0.0,0.0,True
123,0.8187255859375,0.03955078125,0.6990520198170732,104.16,4.810122289089106,0,0.0,0.0,0.0,0.0,0.0,False
88,0.7568359375,0.00048828125,0.6782892400568182,78.12,4.476152301800832,0,0.0,0.0,0.0,0.0,0.0,True
114,0.7760009765625,0.0069580078125,0.7032395747669956,102.32,4.7349221063665246,0,0.0,0.0,0.0,0.0,0.0,False
72,0.7652587890625,0.007568359375,0.6745385064019097,62.94,4.275093229268318,0,0.0,0.0,0.0,0.0,0.0,False
86,0.7584228515625,0.0150146484375,0.670615972474564,75.32,4.453262893531,0,0.0,0.0,0.0,0.0,0.0,False
152,0.826416015625,0.0635986328125,0.6876558002672697,125.46,5.022298787699508,0,0.0,0.0,0.0,0.0,0.0,False
56,0.7667236328125,0.0108642578125,0.6772133963448661,49.0,4.024020691939413,0,0.0,0.0,0.0,0.0,0.0,False
74,0.7589111328125,0.0096435546875,0.6825792467271959,65.98,4.302534722192299,0,0.0,0.0,0.0,0.0,0.0,False
86,0.769775390625,0.0089111328125,0.6925204964571221,76.72,4.452868935491616,0,0.0,0.0,0.0,0.0,0.0,True
69,0.7628173828125,0.0181884765625,0.6750824416893116,60.52,4.232898081761214,0,0.0,0.0,0.0,0.0,0.0,True
69,0.76513671875,0.0133056640625,0.6810727326766305,60.86,4.232771927993838,0,0.0,0.0,0.0,0.0,0.0,True
62,0.7547607421875,0.001708984375,0.6777107484879032,55.16,4.125421385716022,0,0.0,0.0,0.0,0.0,0.0,False
93,0.7620849609375,0.0048828125,0.6831500966061828,82.64,4.531261304558884,0,0.0,0.0,0.0,0.0,0.0,False
57,0.755126953125,0.009765625,0.6741836280153509,50.46,4.041981155608712,0,0.0,0.0,0.0,0.0,0.0,False
83,0.7652587890625,0.0162353515625,0.6872926275414156,73.88,4.417301188487963,0,0.0,0.0,0.0,0.0,0.0,False
86,0.7689208984375,0.0047607421875,0.6877640125363372,76.26,4.4527356809383,0,0.0,0.0,0.0,0.0,0.0,False
103,0.808349609375,0.0457763671875,0.6847279372724514,86.5,4.633461750555736,0,0.0,0.0,0.0,0.0,0.0,False
96,0.7862548828125,0.0115966796875,0.6839726765950521,82.86,4.562897686463901,0,0.0,0.0,0.0,0.0,0.0,False
59,0.753662109375,0.007080078125,0.6711715439618644,52.14,4.076157132549877,0,0.0,0.0,0.0,0.0,0.0,True
79,0.758544921875,0.0042724609375,0.6778904395767406,70.0,4.368428331144063,0,0.0,0.0,0.0,0.0,0.0,False
79,0.7596435546875,0.0028076171875,0.6814273882515823,70.26,4.368156971562232,0,0.0,0.0,0.0,0.0,0.0,False
81,0.77099609375,0.015625,0.6798216266396605,70.9,4.393414551453146,0,0.0,0.0,0.0,0.0,0.0,True
211,0.823974609375,0.037841796875,0.6993442915062204,177.58,5.350588935654884,0,0.0,0.0,0.0,0.0,0.0,False
143,0.7742919921875,0.0059814453125,0.684272392646416,125.2,4.961781160627597,0,0.0,0.0,0.0,0.0,0.0,False
48,0.7591552734375,0.0206298828125,0.6798426310221354,42.64,3.869848694416162,0,0.0,0.0,0.0,0.0,0.0,False
59,0.777587890625,0.032470703125,0.6807426840572034,51.24,4.076086435757699,0,0.0,0.0,0.0,0.0,0.0,False
72,0.766357421875,0.02685546875,0.6666700575086806,62.06,4.27548132956357,0,0.0,0.0,0.0,0.0,0.0,False
60,0.7562255859375,0.0072021484375,0.670428466796875,52.72,4.0929463671018045,0,0.0,0.0,0.0,0.0,0.0,True
56,0.7613525390625,0.0150146484375,0.6669420514787946,48.66,4.024118759273098,0,0.0,0.0,0.0,0.0,0.0,False
72,0.7412109375,0.001220703125,0.6683146158854166,64.28,4.275311838211387,0,0.0,0.0,0.0,0.0,0.0,False
60,0.7503662109375,0.0079345703125,0.669732666015625,53.08,4.093075200463002,0,0.0,0.0,0.0,0.0,0.0,False
61,0.76806640625,0.019775390625,0.6742963947233607,53.02,4.109546934643139,0,0.0,0.0,0.0,0.0,0.0,True
92,0.7767333984375,0.0001220703125,0.7111869480298914,83.44,4.520097441662261,0,0.0,0.0,0.0,0.0,0.0,False
86,0.763916015625,0.0125732421875,0.6790445017260175,75.7,4.452989812627767,0,0.0,0.0,0.0,0.0,0.0,False
93,0.8101806640625,0.0313720703125,0.683157972110215,77.82,4.530803161929572,0,0.0,0.0,0.0,0.0,0.0,True
111,0.7860107421875,0.0137939453125,0.6844548405827703,95.82,4.708194354881506,0,0.0,0.0,0.0,0.0,0.0,False
105,0.776123046875,0.0081787109375,0.6831670851934524,91.72,4.652820075729854,0,0.0,0.0,0.0,0.0,0.0,False
66,0.753173828125,0.017333984375,0.668039032907197,57.96,4.188304436623439,0,0.0,0.0,0.0,0.0,0.0,False
52,0.767822265625,0.0084228515625,0.6730722280649039,45.18,3.9494786235087886,0,0.0,0.0,0.0,0.0,0.0,False
48,0.7528076171875,0.0059814453125,0.6610387166341146,41.8,3.869824329362121,0,0.0,0.0,0.0,0.0,0.0,False
69,0.757568359375,0.012451171875,0.667632614356884,60.3,4.232775380250928,0,0.0,0.0,0.0,0.0,0.0,False
47,0.7490234375,0.02001953125,0.6749241605718085,41.94,3.8488521211006113,0,0.0,0.0,0.0,0.0,0.0,False
69,0.748291015625,0.0087890625,0.6817113903985508,62.28,4.23292810408622,0,0.0,0.0,0.0,0.0,0.0,False
80,0.7763671875,0.0003662109375,0.6934341430664063,70.78,4.380478474760653,0,0.0,0.0,0.0,0.0,0.0,False
106,0.7838134765625,0.017822265625,0.6869092257517688,92.08,4.662320989570795,0,0.0,0.0,0.0,0.0,0.0,False
83,0.7646484375,0.0133056640625,0.6819097679781626,73.34,4.417426042985621,0,0.0,0.0,0.0,0.0,0.0,False
66,0.7564697265625,0.0054931640625,0.6774735884232954,58.58,4.188215783349254,0,0.0,0.0,0.0,0.0,0.0,False
51,0.763427734375,0.0030517578125,0.6727510340073529,44.54,3.930434704848278,0,0.0,0.0,0.0,0.0,0.0,False
69,0.76220703125,0.0057373046875,0.6751744367074275,60.58,4.233002295532127,0,0.0,0.0,0.0,0.0,0.0,True
79,0.7913818359375,0.0052490234375,0.7027495178995253,69.54,4.367694057257316,0,0.0,0.0,0.0,0.0,0.0,False
56,0.75341796875,0.003662109375,0.6713823590959821,49.44,4.024034003691735,0,0.0,0.0,0.0,0.0,0.0,False
80,0.7579345703125,0.0118408203125,0.6772598266601563,70.8,4.380665390177279,0,0.0,0.0,0.0,0.0,0.0,False
74,0.765380859375,0.00244140625,0.6765978014146959,64.82,4.302669850944673,0,0.0,0.0,0.0,0.0,0.0,False
110,0.7830810546875,0.01513671875,0.6897927024147728,96.1,4.699120267018294,0,0.0,0.0,0.0,0.0,0.0,False
110,0.77490234375,0.0113525390625,0.6873002485795454,96.72,4.699462382635955,0,0.0,0.0,0.0,0.0,0.0,False
79,0.7547607421875,0.0096435546875,0.6838888820213608,70.92,4.368028977819371,0,0.0,0.0,0.0,0.0,0.0,False
105,0.7596435546875,0.006103515625,0.6864315941220238,94.06,4.65255889169893,0,0.0,0.0,0.0,0.0,0.0,False
68,0.757080078125,0.010009765625,0.6736593807444853,59.96,4.2184355121800525,0,0.0,0.0,0.0,0.0,0.0,True
100,0.7674560546875,0.0030517578125,0.68802734375,88.9,4.603434837791497,0,0.0,0.0,0.0,0.0,0.0,False
66,0.7584228515625,0.0213623046875,0.6663947827888258,57.42,4.188484151153416,0,0.0,0.0,0.0,0.0,0.0,False
61,0.76708984375,0.0091552734375,0.6862452772797131,54.12,4.109373993633116,0,0.0,0.0,0.0,0.0,0.0,False
61,0.74658203125,0.0048828125,0.6779985271516393,54.92,4.109490029368731,0,0.0,0.0,0.0,0.0,0.0,False
57,0.746337890625,0.0078125,0.664148163377193,50.28,4.041893157176667,0,0.0,0.0,0.0,0.0,0.0,True
79,0.7628173828125,0.0054931640625,0.6726244190071202,69.04,4.368096086855545,0,0.0,0.0,0.0,0.0,0.0,False
80,0.76953125,0.018310546875,0.67547607421875,69.54,4.380937955152027,0,0.0,0.0,0.0,0.0,0.0,False
59,0.76220703125,0.00048828125,0.6753302105402542,51.8,4.0760411124280065,0,0.0,0.0,0.0,0.0,0.0,False
82,0.7728271484375,0.00390625,0.6817091034679879,71.8,4.405602275415932,0,0.0,0.0,0.0,0.0,0.0,False
88,0.7635498046875,0.0198974609375,0.6846521550958807,78.16,4.476307930679403,0,0.0,0.0,0.0,0.0,0.0,False
93,0.769775390625,0.0013427734375,0.6887141402049731,82.52,4.531437655314608,0,0.0,0.0,0.0,0.0,0.0,False
70,0.7557373046875,0.0072021484375,0.6803449358258928,62.4,4.247382405154135,0,0.0,0.0,0.0,0.0,0.0,False
69,0.7735595703125,0.00390625,0.6953832653985508,61.42,4.232538731183583,0,0.0,0.0,0.0,0.0,0.0,False
80,0.7576904296875,0.0076904296875,0.6908279418945312,72.34,4.380926273285329,0,0.0,0.0,0.0,0.0,0.0,False
94,0.7862548828125,0.00732421875,0.6873714365857713,81.46,4.542122657541844,0,0.0,0.0,0.0,0.0,0.0,True
78,0.7635498046875,0.0040283203125,0.6786968524639423,68.7,4.355363052033588,0,0.0,0.0,0.0,0.0,0.0,True
62,0.764892578125,0.00390625,0.6721073273689516,53.96,4.125910499127972,0,0.0,0.0,0.0,0.0,0.0,True
78,0.772216796875,0.006591796875,0.6893107096354166,69.02,4.355292667041016,0,0.0,0.0,0.0,0.0,0.0,False
107,0.775146484375,0.00634765625,0.7035779150846962,96.26,4.671382895097673,0,0.0,0.0,0.0,0.0,0.0,False
94,0.7864990234375,0.015869140625,0.7024445229388298,83.2,4.541898522709167,0,0.0,0.0,0.0,0.0,0.0,False
77,0.7618408203125,0.00048828125,0.685892476663961,68.72,4.342836608847136,0,0.0,0.0,0.0,0.0,0.0,False
86,0.7713623046875,0.0091552734375,0.7005359738372093,77.48,4.4524789975492025,0,0.0,0.0,0.0,0.0,0.0,False
80,0.758056640625,0.01708984375,0.6845428466796875,71.58,4.380702500502688,0,0.0,0.0,0.0,0.0,0.0,False
82,0.7855224609375,0.02392578125,0.679846786871189,70.4,4.405418605186409,0,0.0,0.0,0.0,0.0,0.0,False
83,0.7862548828125,0.005126953125,0.7108801416603916,74.26,4.416673027451826,0,0.0,0.0,0.0,0.0,0.0,False
66,0.756103515625,0.0042724609375,0.6739372484611742,58.38,4.188380473508353,0,0.0,0.0,0.0,0.0,0.0,False
81,0.760498046875,0.00341796875,0.6816918643904321,71.94,4.393117961119377,0,0.0,0.0,0.0,0.0,0.0,True
97,0.77197265625,0.01318359375,0.6834754550579897,85.06,4.57357185796529,0,0.0,0.0,0.0,0.0,0.0,False
81,0.76318359375,0.0008544921875,0.6796317394868827,71.5,4.393243363405937,0,0.0,0.0,0.0,0.0,0.0,False
102,0.7684326171875,0.0013427734375,0.6872965494791666,90.42,4.6237002546852315,0,0.0,0.0,0.0,0.0,0.0,False
64,0.777587890625,0.0283203125,0.6716194152832031,54.78,4.157447147133287,0,0.0,0.0,0.0,0.0,0.0,False
84,0.768310546875,0.0130615234375,0.6808951241629464,73.8,4.4295127594081976,0,0.0,0.0,0.0,0.0,0.0,False
70,0.7685546875,0.0096435546875,0.6827915736607143,61.64,4.247147863158611,0,0.0,0.0,0.0,0.0,0.0,False
71,0.78125,0.0302734375,0.682740977112676,61.52,4.2612260931157655,0,0.0,0.0,0.0,0.0,0.0,True
74,0.7532958984375,0.001953125,0.6780543971706081,65.9,4.302590356315973,0,0.0,0.0,0.0,0.0,0.0,False
91,0.742431640625,0.000732421875,0.6793628734546703,82.6,4.5096229459893316,0,0.0,0.0,0.0,0.0,0.0,False
58,0.7706298828125,0.00927734375,0.683233853044181,51.0,4.05911059429485,0,0.0,0.0,0.0,0.0,0.0,True
85,0.797607421875,0.0323486328125,0.6804242302389706,71.92,4.441449391487442,0,0.0,0.0,0.0,0.0,0.0,False
64,0.745849609375,0.001953125,0.6714324951171875,57.12,4.1577916255062926,0,0.0,0.0,0.0,0.0,0.0,False
119,0.7720947265625,0.000732421875,0.6836522206538865,104.44,4.777800459611883,0,0.0,0.0,0.0,0.0,0.0,False
97,0.7733154296875,0.0025634765625,0.6936286847615979,86.28,4.573005860398023,0,0.0,0.0,0.0,0.0,0.0,True
76,0.7659912109375,0.0020751953125,0.6871113024259868,67.48,4.329120535299448,0,0.0,0.0,0.0,0.0,0.0,False
71,0.749755859375,0.011962890625,0.6725111410651409,63.12,4.261504625581611,0,0.0,0.0,0.0,0.0,0.0,True
94,0.7664794921875,0.0213623046875,0.681319865774601,82.8,4.542131914362072,0,0.0,0.0,0.0,0.0,0.0,False
109,0.7728271484375,0.009521484375,0.6953931336009175,97.2,4.68989556043232,0,0.0,0.0,0.0,0.0,0.0,False
56,0.748291015625,0.010986328125,0.6673976353236607,49.44,4.0241192358412174,0,0.0,0.0,0.0,0.0,0.0,True
65,0.743896484375,0.00146484375,0.6730844350961539,58.3,4.173024593816499,0,0.0,0.0,0.0,0.0,0.0,True
74,0.7607421875,0.0030517578125,0.668628589527027,64.52,4.302773467813596,0,0.0,0.0,0.0,0.0,0.0,False
102,0.7559814453125,0.0003662109375,0.6871457567401961,91.86,4.623828994341556,0,0.0,0.0,0.0,0.0,0.0,False
73,0.7642822265625,0.005859375,0.6794768032962328,64.22,4.288945118311865,0,0.0,0.0,0.0,0.0,0.0,False
71,0.7554931640625,0.0242919921875,0.6700267523107394,62.42,4.261706967032962,0,0.0,0.0,0.0,0.0,0.0,False
63,0.7513427734375,0.0098876953125,0.6798018198164683,56.46,4.141877960122517,0,0.0,0.0,0.0,0.0,0.0,False
90,0.7667236328125,0.0001220703125,0.69749755859375,81.02,4.4978913040747255,0,0.0,0.0,0.0,0.0,0.0,False
77,0.7847900390625,0.0130615234375,0.6890504515016234,67.0,4.342346357283191,0,0.0,0.0,0.0,0.0,0.0,True
77,0.7586669921875,0.0003662109375,0.6760238052962663,68.06,4.342421856746422,0,0.0,0.0,0.0,0.0,0.0,False
48,0.774658203125,0.01513671875,0.6734568277994791,41.36,3.869531728621218,0,0.0,0.0,0.0,0.0,0.0,False
68,0.7625732421875,0.002685546875,0.6769157858455882,59.8,4.218176806557236,0,0.0,0.0,0.0,0.0,0.0,False
65,0.739990234375,0.001220703125,0.6754544771634615,58.74,4.173222959686849,0,0.0,0.0,0.0,0.0,0.0,False
62,0.7633056640625,0.004638671875,0.6740683278729839,54.24,4.1256688104165375,0,0.0,0.0,0.0,0.0,0.0,True
97,0.7645263671875,0.0159912109375,0.6823189332313144,85.74,4.573408248424039,0,0.0,0.0,0.0,0.0,0.0,False
80,0.761962890625,0.0068359375,0.6736083984375,70.1,4.380727381230416,0,0.0,0.0,0.0,0.0,0.0,True
83,0.769775390625,0.008544921875,0.6841717455760542,73.18,4.417103960750535,0,0.0,0.0,0.0,0.0,0.0,False
112,0.7630615234375,0.0009765625,0.6844972882952008,99.52,4.717229076159168,0,0.0,0.0,0.0,0.0,0.0,False
76,0.7950439453125,0.04248046875,0.6762615003083882,64.06,4.329379329994348,0,0.0,0.0,0.0,0.0,0.0,False
82,0.767333984375,0.0048828125,0.6738980921303354,71.36,4.405344557838025,0,0.0,0.0,0.0,0.0,0.0,False
124,0.7781982421875,0.0089111328125,0.6834293488533266,108.08,4.818859210830442,0,0.0,0.0,0.0,0.0,0.0,False
131,0.7669677734375,0.0087890625,0.6836860016102099,115.92,4.8742396072072385,0,0.0,0.0,0.0,0.0,0.0,False
63,0.75634765625,0.0008544921875,0.6743667844742064,55.7,4.1419952002827465,0,0.0,0.0,0.0,0.0,0.0,False
89,0.769775390625,0.0013427734375,0.6805968552492978,78.04,4.487643601666792,0,0.0,0.0,0.0,0.0,0.0,False
83,0.771728515625,0.0013427734375,0.6906017625188253,73.54,4.417624192882919,0,0.0,0.0,0.0,0.0,0.0,False
91,0.766845703125,0.0030517578125,0.688367906507555,80.98,4.509500822263549,0,0.0,0.0,0.0,0.0,0.0,False
79,0.747314453125,0.006591796875,0.6752095282832279,70.68,4.368413951485479,0,0.0,0.0,0.0,0.0,0.0,True
67,0.78759765625,0.016357421875,0.6685371968283582,56.3,4.203154367482507,0,0.0,0.0,0.0,0.0,0.0,False
90,0.777587890625,0.002685546875,0.7005384657118056,80.34,4.49794932814892,0,0.0,0.0,0.0,0.0,0.0,False
69,0.7646484375,0.0081787109375,0.6712894163269928,60.02,4.232794034202547,0,0.0,0.0,0.0,0.0,0.0,False
83,0.7601318359375,0.0009765625,0.6757165380271084,72.94,4.417489138034815,0,0.0,0.0,0.0,0.0,0.0,False
124,0.773681640625,0.0054931640625,0.6809328140751008,108.12,4.819369994297673,0,0.0,0.0,0.0,0.0,0.0,False
68,0.7694091796875,0.00732421875,0.6864426556755515,60.08,4.218031530538099,0,0.0,0.0,0.0,0.0,0.0,False
96,0.78125,0.002197265625,0.704986572265625,85.76,4.562495047012147,0,0.0,0.0,0.0,0.0,0.0,False
100,0.7698974609375,0.00537109375,0.68181884765625,87.78,4.603957950848355,0,0.0,0.0,0.0,0.0,0.0,False
95,0.7762451171875,0.001708984375,0.6783472964638158,82.3,4.552333286797849,0,0.0,0.0,0.0,0.0,0.0,False
86,0.7586669921875,0.0045166015625,0.6788173941678779,76.32,4.453137101289954,0,0.0,0.0,0.0,0.0,0.0,False
128,0.7735595703125,0.002685546875,0.6947221755981445,113.8,4.850441262537364,0,0.0,0.0,0.0,0.0,0.0,False
91,0.7725830078125,0.0035400390625,0.6827016977163461,79.7,4.509548108887644,0,0.0,0.0,0.0,0.0,0.0,True
79,0.773681640625,0.0133056640625,0.6790060695213608,68.72,4.368278232553292,0,0.0,0.0,0.0,0.0,0.0,False
87,0.7745361328125,0.017822265625,0.681219692887931,75.86,4.464595437850418,0,0.0,0.0,0.0,0.0,0.0,False
98,0.776611328125,0.017333984375,0.6765236367984694,84.64,4.583665663549508,0,0.0,0.0,0.0,0.0,0.0,False
111,0.79052734375,0.025634765625,0.6852191547015766,95.42,4.708249977953775,0,0.0,0.0,0.0,0.0,0.0,False
152,0.7901611328125,0.0025634765625,0.6976543225740132,132.98,5.022456286185577,0,0.0,0.0,0.0,0.0,0.0,False
74,0.7545166015625,0.0125732421875,0.6932389542863175,67.34,4.302977791974336,0,0.0,0.0,0.0,0.0,0.0,False
59,0.8275146484375,0.01513671875,0.6808916512182204,48.1,4.07537195962517,0,0.0,0.0,0.0,0.0,0.0,True
99,0.7520751953125,0.0015869140625,0.6851116141887627,89.38,4.594008386356345,0,0.0,0.0,0.0,0.0,0.0,False
72,0.748291015625,0.00439453125,0.6781209309895834,64.72,4.275506252974229,0,0.0,0.0,0.0,0.0,0.0,False
67,0.7674560546875,0.0196533203125,0.6733817484841418,58.24,4.203422669510485,0,0.0,0.0,0.0,0.0,0.0,False
110,0.852294921875,0.022705078125,0.7026544744318182,89.98,4.6987136014335755,0,0.0,0.0,0.0,0.0,0.0,False
69,0.76953125,0.0074462890625,0.6769966457201086,60.18,4.232699728165824,0,0.0,0.0,0.0,0.0,0.0,False
78,0.75927734375,0.01025390625,0.6746638371394231,68.66,4.355656031648573,0,0.0,0.0,0.0,0.0,0.0,False
76,0.7664794921875,0.0068359375,0.6773360402960527,66.54,4.329551245526685,0,0.0,0.0,0.0,0.0,0.0,True
83,0.7562255859375,0.0013427734375,0.6797625070594879,73.88,4.417573723022869,0,0.0,0.0,0.0,0.0,0.0,False
60,0.7578125,0.019775390625,0.6786295572916666,53.28,4.093389343858082,0,0.0,0.0,0.0,0.0,0.0,False
84,0.7945556640625,0.02587890625,0.6823657807849702,71.52,4.429247997304878,0,0.0,0.0,0.0,0.0,0.0,False
112,0.775146484375,0.0062255859375,0.6900711059570312,98.88,4.7167416164521505,0,0.0,0.0,0.0,0.0,0.0,True
80,0.77197265625,0.0023193359375,0.6791213989257813,69.76,4.380981356041978,0,0.0,0.0,0.0,0.0,0.0,False
78,0.7650146484375,0.00341796875,0.6787547576121795,68.64,4.355504188138083,0,0.0,0.0,0.0,0.0,0.0,True
101,0.7689208984375,0.0135498046875,0.6840385210396039,89.14,4.614019464888311,0,0.0,0.0,0.0,0.0,0.0,False
51,0.751708984375,0.0107421875,0.6691320082720589,45.02,3.930439677901884,0,0.0,0.0,0.0,0.0,0.0,False
93,0.784912109375,0.0167236328125,0.691639889952957,81.24,4.530990754630251,0,0.0,0.0,0.0,0.0,0.0,False
84,0.7720947265625,0.016357421875,0.6734662737165179,72.62,4.42944877456295,0,0.0,0.0,0.0,0.0,0.0,False
78,0.8001708984375,0.0391845703125,0.6800411909054487,65.76,4.355278348497307,0,0.0,0.0,0.0,0.0,0.0,True
68,0.8121337890625,0.04345703125,0.6833657657398897,56.72,4.2178371113681505,0,0.0,0.0,0.0,0.0,0.0,True
56,0.7861328125,0.03271484375,0.6722324916294643,47.46,4.02367071185798,0,0.0,0.0,0.0,0.0,0.0,False
62,0.74365234375,0.01171875,0.6686421055947581,55.22,4.125933005611598,0,0.0,0.0,0.0,0.0,0.0,False
70,0.763916015625,0.0020751953125,0.6753121512276786,61.2,4.247401990423266,0,0.0,0.0,0.0,0.0,0.0,False
107,0.77294921875,0.01953125,0.6878068870473131,94.32,4.671415036714505,0,0.0,0.0,0.0,0.0,0.0,False
75,0.800048828125,0.04833984375,0.6767447916666667,63.0,4.31607321344528,0,0.0,0.0,0.0,0.0,0.0,False
84,0.7730712890625,0.0191650390625,0.6870887393043155,73.88,4.429663979545063,0,0.0,0.0,0.0,0.0,0.0,False
82,0.775390625,0.0054931640625,0.6848933522294207,71.78,4.405301026981939,0,0.0,0.0,0.0,0.0,0.0,False
60,0.7576904296875,0.0118408203125,0.6686787923177083,52.46,4.0931797685676745,0,0.0,0.0,0.0,0.0,0.0,True
73,0.7738037109375,0.0177001953125,0.6683082058005136,62.42,4.289116108254061,0,0.0,0.0,0.0,0.0,0.0,False
78,0.782470703125,0.0064697265625,0.6796155098157052,67.28,4.354695000667276,0,0.0,0.0,0.0,0.0,0.0,True
70,0.755126953125,0.001708984375,0.6810337611607142,62.56,4.247035353203842,0,0.0,0.0,0.0,0.0,0.0,False
130,0.7913818359375,0.0106201171875,0.6986853966346154,113.68,4.865834552697357,0,0.0,0.0,0.0,0.0,0.0,False
144,0.7725830078125,0.0010986328125,0.6967544555664062,128.64,4.968428716393041,0,0.0,0.0,0.0,0.0,0.0,False
86,0.777099609375,0.0103759765625,0.671669183775436,73.6,4.453124349587772,0,0.0,0.0,0.0,0.0,0.0,False
70,0.746337890625,0.005126953125,0.6694998604910715,62.16,4.247281320602194,0,0.0,0.0,0.0,0.0,0.0,False
150,0.7816162109375,0.0108642578125,0.6908162434895834,131.54,5.009279979297565,0,0.0,0.0,0.0,0.0,0.0,False
176,0.788818359375,0.00048828125,0.7087721391157671,156.78,5.169084111491987,0,0.0,0.0,0.0,0.0,0.0,False
104,0.8143310546875,0.052978515625,0.6969698392427884,88.26,4.643099503044441,0,0.0,0.0,0.0,0.0,0.0,False
123,0.7696533203125,0.00439453125,0.6937424574441057,109.88,4.810766956901966,0,0.0,0.0,0.0,0.0,0.0,False
56,0.7557373046875,0.003173828125,0.676055908203125,49.64,4.02366701205044,0,0.0,0.0,0.0,0.0,0.0,False
127,0.7724609375,0.0,0.6978231114665354,113.7,4.842301937950904,0,0.0,0.0,0.0,0.0,0.0,True
154,0.78857421875,0.01416015625,0.6996087408685064,135.46,5.035108988499287,0,0.0,0.0,0.0,0.0,0.0,True
84,0.756591796875,0.0052490234375,0.6713968912760416,73.92,4.429727485874392,0,0.0,0.0,0.0,0.0,0.0,True
104,0.7838134765625,0.00146484375,0.7003349891075721,92.04,4.64266997358315,0,0.0,0.0,0.0,0.0,0.0,False
64,0.76025390625,0.0030517578125,0.6700000762939453,55.92,4.157672161878393,0,0.0,0.0,0.0,0.0,0.0,False
77,0.760986328125,0.0108642578125,0.676201362114448,67.78,4.342308739825493,0,0.0,0.0,0.0,0.0,0.0,False
78,0.777587890625,0.0079345703125,0.6770692482972757,67.36,4.355165478136931,0,0.0,0.0,0.0,0.0,0.0,False
114,0.7784423828125,0.007568359375,0.68634033203125,99.54,4.734596268960099,0,0.0,0.0,0.0,0.0,0.0,False
178,0.7769775390625,0.003173828125,0.708507752150632,160.9,5.180304751991418,0,0.0,0.0,0.0,0.0,0.0,False
87,0.7677001953125,0.001220703125,0.6824642488326149,76.64,4.464655185439264,0,0.0,0.0,0.0,0.0,0.0,False
81,0.7772216796875,0.006103515625,0.6778986424575617,70.06,4.39303967527653,0,0.0,0.0,0.0,0.0,0.0,False
76,0.7628173828125,0.0029296875,0.688489412006579,67.9,4.329394905924391,0,0.0,0.0,0.0,0.0,0.0,False
67,0.7666015625,0.00537109375,0.6716745860541045,58.24,4.203546515564388,0,0.0,0.0,0.0,0.0,0.0,False
91,0.7684326171875,0.0145263671875,0.6807619870364011,79.82,4.509537817047048,0,0.0,0.0,0.0,0.0,0.0,True
99,0.744140625,0.0,0.6745876736111112,89.02,4.594113804370506,0,0.0,0.0,0.0,0.0,0.0,False
74,0.761962890625,0.0106201171875,0.673130344700169,64.72,4.302787829901058,0,0.0,0.0,0.0,0.0,0.0,True
94,0.7633056640625,0.0252685546875,0.679387518700133,82.9,4.54232316289497,0,0.0,0.0,0.0,0.0,0.0,True
97,0.792724609375,0.0194091796875,0.6951942050579897,84.36,4.573188493148543,0,0.0,0.0,0.0,0.0,0.0,False
94,0.7781982421875,0.008544921875,0.6921737346243351,82.98,4.541824647851932,0,0.0,0.0,0.0,0.0,0.0,False
119,0.768310546875,0.0006103515625,0.6810918214942226,104.64,4.778126413446311,0,0.0,0.0,0.0,0.0,0.0,True
59,0.7672119140625,0.0203857421875,0.6785102456302966,51.72,4.076124835173871,0,0.0,0.0,0.0,0.0,0.0,False
77,0.783935546875,0.033203125,0.6760808771306818,65.82,4.342254860602025,0,0.0,0.0,0.0,0.0,0.0,True
74,0.76953125,0.0118408203125,0.6905303130278716,65.76,4.3027758440607125,0,0.0,0.0,0.0,0.0,0.0,True
67,0.76806640625,0.009765625,0.6749249358675373,58.36,4.2030422235199145,0,0.0,0.0,0.0,0.0,0.0,True
137,0.7869873046875,0.005126953125,0.690970539176551,119.2,4.9184750418590095,0,0.0,0.0,0.0,0.0,0.0,False
123,0.77783203125,0.0086669921875,0.6818440755208334,106.9,4.8109217831778235,0,0.0,0.0,0.0,0.0,0.0,False
60,0.766357421875,0.007568359375,0.6794270833333333,52.68,4.093124299315778,0,0.0,0.0,0.0,0.0,0.0,True
63,0.768798828125,0.0128173828125,0.6785927424355159,55.1,4.141729224562899,0,0.0,0.0,0.0,0.0,0.0,False
53,0.74462890625,0.004150390625,0.6736438679245284,47.5,3.969140941759675,0,0.0,0.0,0.0,0.0,0.0,True
83,0.759033203125,0.01318359375,0.6697777437876506,72.64,4.417867504116139,0,0.0,0.0,0.0,0.0,0.0,True
50,0.7596435546875,0.0062255859375,0.66804931640625,43.58,3.910807396031058,0,0.0,0.0,0.0,0.0,0.0,False
77,0.771240234375,0.00244140625,0.6812442928165584,67.4,4.342330997212718,0,0.0,0.0,0.0,0.0,0.0,False
107,0.77978515625,0.008544921875,0.6906156450788551,94.06,4.6715191880036935,0,0.0,0.0,0.0,0.0,0.0,False
117,0.7763671875,0.02099609375,0.6926978999732906,103.44,4.761135588902125,0,0.0,0.0,0.0,0.0,0.0,True
65,0.7509765625,0.001220703125,0.6675105168269231,57.24,4.173360475105133,0,0.0,0.0,0.0,0.0,0.0,False
73,0.7567138671875,0.0030517578125,0.6855786467251712,65.56,4.2890127309130195,0,0.0,0.0,0.0,0.0,0.0,False
83,0.7716064453125,0.0201416015625,0.6747517413403614,71.86,4.417491568406212,0,0.0,0.0,0.0,0.0,0.0,True
152,0.7806396484375,0.002685546875,0.7083539460834704,136.62,5.0225618798316045,0,0.0,0.0,0.0,0.0,0.0,False
137,0.7828369140625,0.006103515625,0.7045399463959854,122.26,4.918437233676886,0,0.0,0.0,0.0,0.0,0.0,False
106,0.87896728515625,0.11260986328125,0.696906899506191,83.3,4.661669111262376,0,0.0,0.0,0.0,0.0,0.0,False
116,0.7987060546875,0.0128173828125,0.6935572130926724,99.74,4.752203351938669,0,0.0,0.0,0.0,0.0,0.0,False
112,0.7904052734375,0.0203857421875,0.6912351335797992,97.08,4.717017334821616,0,0.0,0.0,0.0,0.0,0.0,False
94,0.7744140625,0.00341796875,0.688425916306516,82.84,4.542064270932474,0,0.0,0.0,0.0,0.0,0.0,False
80,0.783203125,0.0133056640625,0.6849655151367188,69.36,4.380582528784625,0,0.0,0.0,0.0,0.0,0.0,False
83,0.7620849609375,0.0,0.6678555040474398,72.06,4.417639111175473,0,0.0,0.0,0.0,0.0,0.0,False
80,0.757080078125,0.0087890625,0.6714996337890625,70.28,4.380793452538285,0,0.0,0.0,0.0,0.0,0.0,False
107,0.7650146484375,0.0169677734375,0.6820387795706776,94.58,4.671679779539627,0,0.0,0.0,0.0,0.0,0.0,False
103,0.7845458984375,0.0054931640625,0.7024980563561893,91.44,4.6333374563258545,0,0.0,0.0,0.0,0.0,0.0,True
69,0.747802734375,0.001220703125,0.6745287024456522,61.7,4.233032007435712,0,0.0,0.0,0.0,0.0,0.0,False
102,0.7713623046875,0.0086669921875,0.6813605813419118,89.28,4.623758674219518,0,0.0,0.0,0.0,0.0,0.0,False
105,0.787109375,0.014404296875,0.6951729910714286,92.04,4.6523799153261285,0,0.0,0.0,0.0,0.0,0.0,False
88,0.7530517578125,0.0003662109375,0.6814297762784091,78.9,4.476201723629115,0,0.0,0.0,0.0,0.0,0.0,False
92,0.780029296875,0.0186767578125,0.6992877462635869,81.82,4.520522713292043,0,0.0,0.0,0.0,0.0,0.0,False
70,0.774658203125,0.010498046875,0.6785400390625,60.78,4.247003249696022,0,0.0,0.0,0.0,0.0,0.0,False
82,0.7845458984375,0.0198974609375,0.6880135885099086,71.24,4.405348657223255,0,0.0,0.0,0.0,0.0,0.0,False
67,0.75439453125,0.008544921875,0.6692878381529851,58.9,4.2032861009796925,0,0.0,0.0,0.0,0.0,0.0,False
58,0.73486328125,0.002197265625,0.6735671470905172,52.64,4.059384166007013,0,0.0,0.0,0.0,0.0,0.0,False
79,0.7562255859375,0.001220703125,0.6787912875791139,70.28,4.367767087484138,0,0.0,0.0,0.0,0.0,0.0,True
77,0.76220703125,0.0106201171875,0.6687312931209416,67.0,4.3421428261742365,0,0.0,0.0,0.0,0.0,0.0,False
73,0.747802734375,0.002685546875,0.6640290560787672,64.2,4.289046263717085,0,0.0,0.0,0.0,0.0,0.0,False
137,0.7733154296875,0.0015869140625,0.701065843122719,123.16,4.918297741651294,0,0.0,0.0,0.0,0.0,0.0,False
125,0.767333984375,0.000244140625,0.6954970703125,112.16,4.82683023037586,0,0.0,0.0,0.0,0.0,0.0,False
227,0.792236328125,0.0057373046875,0.7133294328193832,202.64,5.423533413421247,0,0.0,0.0,0.0,0.0,0.0,False
113,0.7703857421875,0.0047607421875,0.6819268960868363,99.26,4.726114663008685,0,0.0,0.0,0.0,0.0,0.0,False
86,0.7718505859375,0.0079345703125,0.6799586096475291,75.1,4.453057763957353,0,0.0,0.0,0.0,0.0,0.0,False
104,0.7686767578125,0.0084228515625,0.6841630202073318,91.7,4.643165873796364,0,0.0,0.0,0.0,0.0,0.0,False
52,0.747314453125,0.004150390625,0.67266845703125,46.38,3.949833591309458,0,0.0,0.0,0.0,0.0,0.0,False
125,0.78662109375,0.01025390625,0.6894619140625,108.58,4.826679946053573,0,0.0,0.0,0.0,0.0,0.0,True
119,0.763427734375,0.005126953125,0.6967086150866597,107.58,4.777732675667818,0,0.0,0.0,0.0,0.0,0.0,False
86,0.780517578125,0.010498046875,0.6883672669876454,75.22,4.452347976365962,0,0.0,0.0,0.0,0.0,0.0,True
87,0.7623291015625,0.0028076171875,0.6805896978268678,77.0,4.464786570221803,0,0.0,0.0,0.0,0.0,0.0,False
64,0.7659912109375,0.0098876953125,0.6824436187744141,56.4,4.157779890992025,0,0.0,0.0,0.0,0.0,0.0,False
71,0.7584228515625,0.0111083984375,0.6732074576364436,62.44,4.261370146285831,0,0.0,0.0,0.0,0.0,0.0,False
67,0.766845703125,0.0101318359375,0.6792192601445896,58.82,4.203392021580537,0,0.0,0.0,0.0,0.0,0.0,False
77,0.75341796875,0.005615234375,0.6717450030438312,68.0,4.342603172174164,0,0.0,0.0,0.0,0.0,0.0,False
70,0.7850341796875,0.02685546875,0.6661830357142857,58.86,4.247148000493454,0,0.0,0.0,0.0,0.0,0.0,False
108,0.767333984375,0.0128173828125,0.6887964319299769,96.14,4.6806322437243155,0,0.0,0.0,0.0,0.0,0.0,False
76,0.7772216796875,0.01220703125,0.6830042788856908,66.24,4.329235683236483,0,0.0,0.0,0.0,0.0,0.0,True
100,0.7679443359375,0.0018310546875,0.677447509765625,87.38,4.603789522349289,0,0.0,0.0,0.0,0.0,0.0,True
89,0.7589111328125,0.0101318359375,0.6804404955231742,79.1,4.487239773636892,0,0.0,0.0,0.0,0.0,0.0,False
68,0.749755859375,0.004150390625,0.6716380399816176,60.38,4.2184678865896155,0,0.0,0.0,0.0,0.0,0.0,False
56,0.7625732421875,0.00341796875,0.672027587890625,48.96,4.024007047889197,0,0.0,0.0,0.0,0.0,0.0,True
105,0.776611328125,0.0029296875,0.6860398065476191,91.88,4.652515955274275,0,0.0,0.0,0.0,0.0,0.0,True
115,0.7647705078125,0.0062255859375,0.6816045346467391,101.58,4.74374151645821,0,0.0,0.0,0.0,0.0,0.0,False
85,0.763916015625,0.0123291015625,0.6824936810661765,75.22,4.4415590495914685,0,0.0,0.0,0.0,0.0,0.0,False
90,0.764892578125,0.015625,0.6854573567708333,79.82,4.4986103423906565,0,0.0,0.0,0.0,0.0,0.0,False
94,0.7635498046875,0.00390625,0.6810120927526596,83.06,4.541932354088476,0,0.0,0.0,0.0,0.0,0.0,False
82,0.7723388671875,0.00537109375,0.6972611590129573,73.48,4.405079820709301,0,0.0,0.0,0.0,0.0,0.0,False
75,0.77978515625,0.0098876953125,0.6875927734375,65.56,4.3157105228544,0,0.0,0.0,0.0,0.0,0.0,True
91,0.7958984375,0.0361328125,0.6852772471668956,77.72,4.509278562697782,0,0.0,0.0,0.0,0.0,0.0,False
70,0.748291015625,0.0,0.6761056082589286,62.64,4.247421662145916,0,0.0,0.0,0.0,0.0,0.0,True
81,0.7711181640625,0.0086669921875,0.6775128399884259,70.52,4.39295974670935,0,0.0,0.0,0.0,0.0,0.0,False
69,0.7608642578125,0.0107421875,0.6654105808423914,59.74,4.232610922973491,0,0.0,0.0,0.0,0.0,0.0,False
80,0.76806640625,0.002197265625,0.6675811767578125,69.0,4.380431005123751,0,0.0,0.0,0.0,0.0,0.0,True
65,0.7620849609375,0.0013427734375,0.6690035306490385,56.58,4.173072513304055,0,0.0,0.0,0.0,0.0,0.0,False
80,0.7706298828125,0.0142822265625,0.6773788452148437,69.72,4.380587897706793,0,0.0,0.0,0.0,0.0,0.0,False
94,0.756103515625,0.00927734375,0.6841859208776596,84.3,4.54205406422641,0,0.0,0.0,0.0,0.0,0.0,False
96,0.78369140625,0.018798828125,0.690710703531901,83.88,4.563137265795649,0,0.0,0.0,0.0,0.0,0.0,False
54,0.752197265625,0.006103515625,0.6668113425925926,47.4,3.9876122192283883,0,0.0,0.0,0.0,0.0,0.0,False
79,0.75048828125,0.01220703125,0.6684539408623418,69.7,4.36840646472546,0,0.0,0.0,0.0,0.0,0.0,False
88,0.753662109375,0.002197265625,0.6774708140980114,78.46,4.476305585956346,0,0.0,0.0,0.0,0.0,0.0,False
93,0.7662353515625,0.0126953125,0.6828744539650538,82.08,4.531433865445623,0,0.0,0.0,0.0,0.0,0.0,False
121,0.7672119140625,0.005615234375,0.6892029313016529,107.76,4.794535083036285,0,0.0,0.0,0.0,0.0,0.0,True
115,0.761474609375,0.00927734375,0.6830460258152173,102.24,4.743836930788563,0,0.0,0.0,0.0,0.0,0.0,False
164,0.788818359375,0.0023193359375,0.70391845703125,144.94,5.098124249395871,0,0.0,0.0,0.0,0.0,0.0,False
100,0.7589111328125,0.003662109375,0.69075439453125,90.34,4.603985111937232,0,0.0,0.0,0.0,0.0,0.0,False
59,0.7613525390625,0.0054931640625,0.6832296080508474,52.42,4.076096609806502,0,0.0,0.0,0.0,0.0,0.0,True
52,0.76025390625,0.0035400390625,0.6736614520733173,45.62,3.9498105222824633,0,0.0,0.0,0.0,0.0,0.0,False
65,0.77294921875,0.01513671875,0.6781982421875,56.56,4.173040171252225,0,0.0,0.0,0.0,0.0,0.0,False
140,0.778076171875,0.0047607421875,0.6946672712053571,123.8,4.940203970433652,0,0.0,0.0,0.0,0.0,0.0,False
60,0.7510986328125,0.0101318359375,0.6777933756510417,53.74,4.093241709206674,0,0.0,0.0,0.0,0.0,0.0,False
88,0.75390625,0.00146484375,0.6936395818536932,80.26,4.475965741887575,0,0.0,0.0,0.0,0.0,0.0,False
70,0.7744140625,0.0076904296875,0.6726510184151786,60.28,4.247159286590239,0,0.0,0.0,0.0,0.0,0.0,False
115,0.770263671875,0.000244140625,0.6860563858695652,101.5,4.743727571265191,0,0.0,0.0,0.0,0.0,0.0,False
76,0.772705078125,0.01318359375,0.6821321186266447,66.5,4.329405233114077,0,0.0,0.0,0.0,0.0,0.0,False
77,0.7606201171875,0.00634765625,0.684563971185065,68.7,4.342625500365661,0,0.0,0.0,0.0,0.0,0.0,False
76,0.7685546875,0.00927734375,0.6886628803453947,67.4,4.329221731296097,0,0.0,0.0,0.0,0.0,0.0,False
78,0.7861328125,0.0301513671875,0.6759361853966346,66.48,4.355309225806267,0,0.0,0.0,0.0,0.0,0.0,True
105,0.7816162109375,0.0228271484375,0.6877732049851191,91.58,4.652717441051349,0,0.0,0.0,0.0,0.0,0.0,False
70,0.7742919921875,0.01171875,0.6767403738839286,60.66,4.2472758598364,0,0.0,0.0,0.0,0.0,0.0,False
79,0.7735595703125,0.002197265625,0.6734974535205697,68.28,4.367957157392866,0,0.0,0.0,0.0,0.0,0.0,False
57,0.7540283203125,0.0096435546875,0.6771411561129386,50.72,4.041810404579515,0,0.0,0.0,0.0,0.0,0.0,False
61,0.7589111328125,0.0006103515625,0.6830114145747951,54.4,4.109594986620827,0,0.0,0.0,0.0,0.0,0.0,True
85,0.7947998046875,0.0142822265625,0.6904282513786765,73.26,4.441117916956741,0,0.0,0.0,0.0,0.0,0.0,False
92,0.809326171875,0.0360107421875,0.6812916631283967,76.86,4.520173566327873,0,0.0,0.0,0.0,0.0,0.0,False
91,0.7637939453125,0.009765625,0.6828881567651099,80.66,4.509794677489403,0,0.0,0.0,0.0,0.0,0.0,False
107,0.76904296875,0.01025390625,0.6929600795852804,95.68,4.6715635339222095,0,0.0,0.0,0.0,0.0,0.0,True
80,0.7772216796875,0.01708984375,0.6812469482421875,69.5,4.380764802749919,0,0.0,0.0,0.0,0.0,0.0,False
102,0.7802734375,0.0062255859375,0.6900203929227942,89.44,4.623615421850849,0,0.0,0.0,0.0,0.0,0.0,False
59,0.73876953125,0.00537109375,0.6748708951271186,53.42,4.076652376064329,0,0.0,0.0,0.0,0.0,0.0,True
134,0.7767333984375,0.0025634765625,0.6856261296058769,117.2,4.896376201518253,0,0.0,0.0,0.0,0.0,0.0,False
114,0.775146484375,0.0079345703125,0.6882881030701754,100.36,4.734691769013024,0,0.0,0.0,0.0,0.0,0.0,False
78,0.76611328125,0.0029296875,0.6712176983173077,67.76,4.355259036430434,0,0.0,0.0,0.0,0.0,0.0,True
89,0.7711181640625,0.0037841796875,0.6781911099894663,77.62,4.487065367079012,0,0.0,0.0,0.0,0.0,0.0,False
106,0.7801513671875,0.002685546875,0.6966806087853774,93.88,4.661647949191659,0,0.0,0.0,0.0,0.0,0.0,False
73,0.7608642578125,0.00732421875,0.685959907427226,65.16,4.288883321323717,0,0.0,0.0,0.0,0.0,0.0,False
74,0.765380859375,0.006591796875,0.6764212943412162,64.82,4.302556133300732,0,0.0,0.0,0.0,0.0,0.0,False
156,0.80029296875,0.001953125,0.7061438927283654,136.44,5.048090579987258,0,0.0,0.0,0.0,0.0,0.0,False
172,0.791015625,0.003173828125,0.7035281159156976,151.6,5.145898471902441,0,0.0,0.0,0.0,0.0,0.0,False
103,0.777099609375,0.010498046875,0.6938938770479369,91.1,4.633457984003545,0,0.0,0.0,0.0,0.0,0.0,True
79,0.7740478515625,0.0078125,0.6920320535007911,69.94,4.367900004334368,0,0.0,0.0,0.0,0.0,0.0,False
102,0.7833251953125,0.0042724609375,0.6996471928615197,90.26,4.62318313058474,0,0.0,0.0,0.0,0.0,0.0,False
121,0.78076171875,0.0008544921875,0.6985508942407025,107.34,4.794007392851688,0,0.0,0.0,0.0,0.0,0.0,True
63,0.760498046875,0.0009765625,0.679230220734127,55.78,4.1417820303557225,0,0.0,0.0,0.0,0.0,0.0,False
98,0.767822265625,0.004150390625,0.6877055265465561,86.98,4.583667819811452,0,0.0,0.0,0.0,0.0,0.0,False
74,0.76513671875,0.0150146484375,0.6802698083826013,65.2,4.302747258021065,0,0.0,0.0,0.0,0.0,0.0,False
93,0.76416015625,0.0087890625,0.6784313571068549,81.8,4.5314312478506045,0,0.0,0.0,0.0,0.0,0.0,False
113,0.7767333984375,0.005615234375,0.6995374291344026,100.86,4.726047112535917,0,0.0,0.0,0.0,0.0,0.0,False
114,0.7735595703125,0.0059814453125,0.6854066012198465,100.18,4.734881753279233,0,0.0,0.0,0.0,0.0,0.0,False
109,0.77587890625,0.0028076171875,0.6891955454415137,95.94,4.6898755766388565,0,0.0,0.0,0.0,0.0,0.0,True
68,0.766845703125,0.0101318359375,0.6815598431755515,59.9,4.2181241370054545,0,0.0,0.0,0.0,0.0,0.0,False
103,0.791015625,0.024658203125,0.6867486157463593,88.74,4.633572174075564,0,0.0,0.0,0.0,0.0,0.0,False
143,0.7774658203125,0.0009765625,0.698922537423514,127.34,4.961472200075631,0,0.0,0.0,0.0,0.0,0.0,False
88,0.776123046875,0.0074462890625,0.6798331520774148,76.3,4.476259077795932,0,0.0,0.0,0.0,0.0,0.0,True
87,0.7672119140625,0.0045166015625,0.6803694100215517,76.48,4.464412746659026,0,0.0,0.0,0.0,0.0,0.0,False
83,0.75439453125,0.00146484375,0.6770313676581325,73.88,4.417310887210972,0,0.0,0.0,0.0,0.0,0.0,False
100,0.78173828125,0.020751953125,0.67408203125,85.54,4.604167332274844,0,0.0,0.0,0.0,0.0,0.0,False
92,0.8267822265625,0.07177734375,0.6760784646739131,74.64,4.5206269219060635,0,0.0,0.0,0.0,0.0,0.0,False
90,0.785888671875,0.004638671875,0.6935560438368056,78.66,4.4977496463549596,0,0.0,0.0,0.0,0.0,0.0,False
98,0.7708740234375,0.01025390625,0.6843560666454082,86.16,4.583629972872943,0,0.0,0.0,0.0,0.0,0.0,False
62,0.7823486328125,0.0242919921875,0.6740033549647177,53.04,4.125819805094479,0,0.0,0.0,0.0,0.0,0.0,False
71,0.738037109375,0.005859375,0.6733054577464789,64.16,4.261639410113103,0,0.0,0.0,0.0,0.0,0.0,False
86,0.7723388671875,0.0103759765625,0.6799557708030524,75.02,4.453038161695513,0,0.0,0.0,0.0,0.0,0.0,False
81,0.754638671875,0.0068359375,0.6800009645061729,72.36,4.393159171909101,0,0.0,0.0,0.0,0.0,0.0,True
71,0.77099609375,0.00927734375,0.671814824493838,61.28,4.2615819685019725,0,0.0,0.0,0.0,0.0,0.0,False
73,0.7703857421875,0.0087890625,0.6835034514126712,64.2,4.289163846699723,0,0.0,0.0,0.0,0.0,0.0,False
76,0.7694091796875,0.017578125,0.6844867907072368,66.98,4.3293704243515725,0,0.0,0.0,0.0,0.0,0.0,True
93,0.769775390625,0.0106201171875,0.6719209404401881,80.5,4.531405301532235,0,0.0,0.0,0.0,0.0,0.0,False
105,0.7716064453125,0.0020751953125,0.6810825892857143,91.94,4.652395924810642,0,0.0,0.0,0.0,0.0,0.0,True
103,0.779541015625,0.0162353515625,0.6802777040351942,89.16,4.633084769950696,0,0.0,0.0,0.0,0.0,0.0,False
103,0.7838134765625,0.0128173828125,0.6810350140321602,88.68,4.633399010889339,0,0.0,0.0,0.0,0.0,0.0,False
59,0.74560546875,0.000244140625,0.6726156978283898,52.68,4.076169876303602,0,0.0,0.0,0.0,0.0,0.0,False
87,0.7706298828125,0.009521484375,0.6876543417744253,76.96,4.464543733425887,0,0.0,0.0,0.0,0.0,0.0,False
114,0.7862548828125,0.0133056640625,0.6995571203399122,100.56,4.734756109256553,0,0.0,0.0,0.0,0.0,0.0,False
84,0.7803955078125,0.009033203125,0.6806713285900298,72.68,4.4296155751073645,0,0.0,0.0,0.0,0.0,0.0,True
113,0.752197265625,0.010009765625,0.6829542311946902,101.8,4.726296766527727,0,0.0,0.0,0.0,0.0,0.0,False
124,0.7738037109375,0.0013427734375,0.6894334362399194,109.56,4.8190433908774954,0,0.0,0.0,0.0,0.0,0.0,False
86,0.758544921875,0.002685546875,0.6835171011991279,76.8,4.452950614915358,0,0.0,0.0,0.0,0.0,0.0,True
100,0.766845703125,0.0098876953125,0.680809326171875,88.0,4.603799309488013,0,0.0,0.0,0.0,0.0,0.0,False
74,0.7685546875,0.0111083984375,0.6769326699746622,64.6,4.302714853814614,0,0.0,0.0,0.0,0.0,0.0,False
68,0.7451171875,0.000732421875,0.6775476792279411,61.3,4.218349555439631,0,0.0,0.0,0.0,0.0,0.0,False
94,0.7625732421875,0.0009765625,0.6834275265957447,83.48,4.5420339291192615,0,0.0,0.0,0.0,0.0,0.0,True
99,0.7734375,0.00341796875,0.686086943655303,87.02,4.593746159155785,0,0.0,0.0,0.0,0.0,0.0,False
114,0.7584228515625,0.00244140625,0.6962772837856359,103.6,4.7347840267593195,0,0.0,0.0,0.0,0.0,0.0,False
98,0.771728515625,0.0145263671875,0.6864736128826531,86.42,4.583602944938374,0,0.0,0.0,0.0,0.0,0.0,False
100,0.7705078125,0.0045166015625,0.68074951171875,87.64,4.604019778721198,0,0.0,0.0,0.0,0.0,0.0,False
95,0.8359375,0.0640869140625,0.6854055304276315,77.26,4.552252645981661,0,0.0,0.0,0.0,0.0,0.0,False
71,0.762451171875,0.0,0.6718199823943662,62.08,4.261312933371,0,0.0,0.0,0.0,0.0,0.0,False
101,0.790283203125,0.021240234375,0.6820370513613861,86.46,4.613676006517354,0,0.0,0.0,0.0,0.0,0.0,False
115,0.8109130859375,0.01806640625,0.7093622622282608,99.72,4.7427839904033675,0,0.0,0.0,0.0,0.0,0.0,False
86,0.7674560546875,0.0042724609375,0.6752191587936046,74.94,4.452487597947365,0,0.0,0.0,0.0,0.0,0.0,False
109,0.7821044921875,0.022216796875,0.6810537915711009,94.18,4.690089309041685,0,0.0,0.0,0.0,0.0,0.0,False
87,0.7750244140625,0.0023193359375,0.6859285201149425,76.3,4.463929343602404,0,0.0,0.0,0.0,0.0,0.0,False
101,0.80615234375,0.026611328125,0.6890168142790841,85.54,4.613565386329879,0,0.0,0.0,0.0,0.0,0.0,False
105,0.77099609375,0.0015869140625,0.6916073753720238,93.34,4.652357009636867,0,0.0,0.0,0.0,0.0,0.0,True
86,0.7781982421875,0.0108642578125,0.6914715434229651,75.7,4.452677520629416,0,0.0,0.0,0.0,0.0,0.0,False
95,0.7724609375,0.009765625,0.6825002569901316,83.26,4.552254346925368,0,0.0,0.0,0.0,0.0,0.0,True
93,0.79443359375,0.0224609375,0.6786479334677419,78.84,4.530868208667699,0,0.0,0.0,0.0,0.0,0.0,False
116,0.7806396484375,0.01171875,0.6958165662042026,102.56,4.752139955201823,0,0.0,0.0,0.0,0.0,0.0,False
123,0.76025390625,0.0001220703125,0.693577712144309,111.24,4.810749053829132,0,0.0,0.0,0.0,0.0,0.0,True
122,0.767578125,0.0013427734375,0.6911991306992827,108.84,4.8027773483865674,0,0.0,0.0,0.0,0.0,0.0,True
96,0.8212890625,0.06298828125,0.6821403503417969,79.14,4.562851995035814,0,0.0,0.0,0.0,0.0,0.0,False
73,0.775634765625,0.00927734375,0.6808480040667808,63.5,4.289092812889799,0,0.0,0.0,0.0,0.0,0.0,False
93,0.7725830078125,0.00244140625,0.6777947538642473,80.94,4.531478502514919,0,0.0,0.0,0.0,0.0,0.0,False
138,0.771240234375,0.00537109375,0.6910763063292572,122.6,4.925950277088772,0,0.0,0.0,0.0,0.0,0.0,False
97,0.7662353515625,0.0159912109375,0.6719668673485825,84.36,4.573434137995746,0,0.0,0.0,0.0,0.0,0.0,False
63,0.75341796875,0.003173828125,0.6693367125496031,55.34,4.142092858035231,0,0.0,0.0,0.0,0.0,0.0,False
95,0.7767333984375,0.0018310546875,0.6925498560855263,84.0,4.55238358018985,0,0.0,0.0,0.0,0.0,0.0,False
176,0.838134765625,0.053466796875,0.7103105024857954,147.92,5.16901685868155,0,0.0,0.0,0.0,0.0,0.0,False
153,0.8046875,0.009521484375,0.7070551853553921,133.24,5.028664138525766,0,0.0,0.0,0.0,0.0,0.0,False
113,0.77392578125,0.0010986328125,0.7016331495436947,101.6,4.725878814296816,0,0.0,0.0,0.0,0.0,0.0,True
52,0.73779296875,0.007568359375,0.6644427959735577,46.4,3.9497845662891957,0,0.0,0.0,0.0,0.0,0.0,False
70,0.75439453125,0.00830078125,0.67197265625,61.86,4.247115851107614,0,0.0,0.0,0.0,0.0,0.0,True
82,0.753662109375,0.01025390625,0.6742360184832317,72.74,4.405497054591974,0,0.0,0.0,0.0,0.0,0.0,False
126,0.765380859375,0.0050048828125,0.6937614319816469,113.12,4.835030363023948,0,0.0,0.0,0.0,0.0,0.0,True
133,0.8040771484375,0.01318359375,0.7066154766799813,115.94,4.88862792746175,0,0.0,0.0,0.0,0.0,0.0,True
84,0.7802734375,0.0196533203125,0.6911650158110119,73.76,4.429241948307065,0,0.0,0.0,0.0,0.0,0.0,False
128,0.7794189453125,0.0087890625,0.6947870254516602,113.16,4.850623831455842,0,0.0,0.0,0.0,0.0,0.0,False
117,0.7608642578125,0.0054931640625,0.6829750517494658,104.14,4.761040878023562,0,0.0,0.0,0.0,0.0,0.0,False
103,0.77734375,0.009033203125,0.6796460197967233,89.26,4.633423213967007,0,0.0,0.0,0.0,0.0,0.0,False
101,0.7728271484375,0.0135498046875,0.6864908048422029,88.94,4.613853592463183,0,0.0,0.0,0.0,0.0,0.0,False
81,0.7681884765625,0.00341796875,0.6811704282407407,71.18,4.393021099729413,0,0.0,0.0,0.0,0.0,0.0,False
67,0.75146484375,0.003662109375,0.6730228253264925,59.4,4.203395501601643,0,0.0,0.0,0.0,0.0,0.0,False
117,0.8387451171875,0.062255859375,0.6785940838675214,93.92,4.760780324927756,0,0.0,0.0,0.0,0.0,0.0,True
136,0.770263671875,0.0059814453125,0.6904296875,120.74,4.91133337479385,0,0.0,0.0,0.0,0.0,0.0,False
72,0.7794189453125,0.0181884765625,0.6781904432508681,62.14,4.275279615426928,0,0.0,0.0,0.0,0.0,0.0,False
94,0.77392578125,0.01220703125,0.6754059487200798,81.36,4.542024188437676,0,0.0,0.0,0.0,0.0,0.0,False
116,0.77392578125,0.0133056640625,0.6841335954337284,101.68,4.752140657240511,0,0.0,0.0,0.0,0.0,0.0,False
86,0.7696533203125,0.0230712890625,0.6772134470385175,74.98,4.453022707004688,0,0.0,0.0,0.0,0.0,0.0,False
69,0.759521484375,0.007568359375,0.6724977355072463,60.54,4.232923159995881,0,0.0,0.0,0.0,0.0,0.0,True
79,0.767333984375,0.0029296875,0.6764827679984177,68.98,4.368254000266784,0,0.0,0.0,0.0,0.0,0.0,False
90,0.7626953125,0.01171875,0.6786051432291667,79.48,4.49881355316512,0,0.0,0.0,0.0,0.0,0.0,False
87,0.772705078125,0.0072021484375,0.6870201373922413,76.7,4.464272632967814,0,0.0,0.0,0.0,0.0,0.0,False
74,0.7777099609375,0.0076904296875,0.6921535182643581,65.2,4.3020459096241375,0,0.0,0.0,0.0,0.0,0.0,False
82,0.7689208984375,0.0028076171875,0.6914687738185976,73.02,4.404585887773162,0,0.0,0.0,0.0,0.0,0.0,False
86,0.7587890625,0.003662109375,0.672252566315407,75.48,4.453328527611088,0,0.0,0.0,0.0,0.0,0.0,False
104,0.7667236328125,0.0074462890625,0.6848015418419471,92.02,4.643062818902822,0,0.0,0.0,0.0,0.0,0.0,True
97,0.7645263671875,0.0103759765625,0.6890025974548969,86.6,4.573370690939547,0,0.0,0.0,0.0,0.0,0.0,False
101,0.76611328125,0.001953125,0.6877054648824258,89.82,4.613811819898395,0,0.0,0.0,0.0,0.0,0.0,False
136,0.7889404296875,0.009033203125,0.7030451157513786,120.14,4.911052672849779,0,0.0,0.0,0.0,0.0,0.0,True
77,0.75732421875,0.0029296875,0.6739042207792207,67.92,4.342754493299525,0,0.0,0.0,0.0,0.0,0.0,True
129,0.7789306640625,0.0006103515625,0.7000647256540697,114.92,4.858425454295226,0,0.0,0.0,0.0,0.0,0.0,False
119,0.803466796875,0.0223388671875,0.6954930409663865,102.0,4.777549939110587,0,0.0,0.0,0.0,0.0,0.0,False
112,0.7784423828125,0.00341796875,0.6837561471121651,97.56,4.717019458181483,0,0.0,0.0,0.0,0.0,0.0,True
102,0.77978515625,0.0120849609375,0.6830923043045343,88.62,4.623636593683409,0,0.0,0.0,0.0,0.0,0.0,True
93,0.7763671875,0.0140380859375,0.6874488092237904,81.68,4.531482820525933,0,0.0,0.0,0.0,0.0,0.0,False
99,0.7579345703125,0.0013427734375,0.6816763829703283,88.26,4.593908455691753,0,0.0,0.0,0.0,0.0,0.0,False
71,0.75,0.010498046875,0.6677280479753521,62.7,4.26151318110628,0,0.0,0.0,0.0,0.0,0.0,True
103,0.77392578125,0.0113525390625,0.6900468844811893,91.06,4.633309991266715,0,0.0,0.0,0.0,0.0,0.0,False
71,0.75927734375,0.0035400390625,0.6700920857174296,62.02,4.261332486447876,0,0.0,0.0,0.0,0.0,0.0,False
124,0.77490234375,0.0184326171875,0.6860794559601815,108.78,4.819074733648599,0,0.0,0.0,0.0,0.0,0.0,False
126,0.8046875,0.01171875,0.6779339502728174,105.24,4.835077415991945,0,0.0,0.0,0.0,0.0,0.0,True
93,0.7711181640625,0.0057373046875,0.6889044648857527,82.3,4.5314422144917685,0,0.0,0.0,0.0,0.0,0.0,False
74,0.7525634765625,0.0067138671875,0.6726882522170609,65.56,4.302907554546534,0,0.0,0.0,0.0,0.0,0.0,True
85,0.7735595703125,0.01904296875,0.6801298253676471,74.04,4.441259494326012,0,0.0,0.0,0.0,0.0,0.0,False
110,0.779541015625,0.0091552734375,0.6937488902698864,97.06,4.698885596384702,0,0.0,0.0,0.0,0.0,0.0,False
53,0.742431640625,0.003173828125,0.6692539431014151,47.32,3.968871169370785,0,0.0,0.0,0.0,0.0,0.0,False
140,0.7872314453125,0.0142822265625,0.69364013671875,122.36,4.940143988531948,0,0.0,0.0,0.0,0.0,0.0,True
154,0.7938232421875,0.0037841796875,0.701456441507711,134.84,5.03532068601492,0,0.0,0.0,0.0,0.0,0.0,False
61,0.74169921875,0.00341796875,0.6784187692110656,55.26,4.1098396944427975,0,0.0,0.0,0.0,0.0,0.0,False
72,0.76171875,0.018310546875,0.6806844075520834,63.76,4.275529960606807,0,0.0,0.0,0.0,0.0,0.0,False
49,0.7550048828125,0.00341796875,0.6767229352678571,43.56,3.8902519716700508,0,0.0,0.0,0.0,0.0,0.0,False
71,0.7557373046875,0.0155029296875,0.686188173965669,63.82,4.261553084122943,0,0.0,0.0,0.0,0.0,0.0,False
100,0.779052734375,0.0054931640625,0.704080810546875,89.52,4.603667788531448,0,0.0,0.0,0.0,0.0,0.0,False
78,0.7694091796875,0.0120849609375,0.691886706229968,69.54,4.355648762983301,0,0.0,0.0,0.0,0.0,0.0,False
74,0.77099609375,0.005615234375,0.6743444494298987,64.2,4.302676893203325,0,0.0,0.0,0.0,0.0,0.0,False
87,0.771728515625,0.011962890625,0.6753687365301724,75.48,4.464759993872689,0,0.0,0.0,0.0,0.0,0.0,True
84,0.753662109375,0.013916015625,0.6727440243675595,74.36,4.429616098875028,0,0.0,0.0,0.0,0.0,0.0,False
130,0.7708740234375,0.0115966796875,0.6884596604567308,115.08,4.865843321843811,0,0.0,0.0,0.0,0.0,0.0,True
99,0.770263671875,0.0084228515625,0.6806258384627525,86.74,4.593565961792636,0,0.0,0.0,0.0,0.0,0.0,False
71,0.764404296875,0.0111083984375,0.6750299158230634,62.2,4.26149033271275,0,0.0,0.0,0.0,0.0,0.0,False
63,0.7508544921875,0.0057373046875,0.6840025886656746,56.82,4.141912889891679,0,0.0,0.0,0.0,0.0,0.0,False
86,0.76123046875,0.002197265625,0.6775115257085755,75.84,4.452828474353707,0,0.0,0.0,0.0,0.0,0.0,True
132,0.7730712890625,0.0030517578125,0.687265107125947,116.34,4.88119735283551,0,0.0,0.0,0.0,0.0,0.0,False
101,0.762451171875,0.0067138671875,0.6824528155940595,89.68,4.614040904890971,0,0.0,0.0,0.0,0.0,0.0,False
135,0.76806640625,0.0013427734375,0.6942138671875,120.84,4.903951353765367,0,0.0,0.0,0.0,0.0,0.0,False
155,0.8033447265625,0.009521484375,0.6936295047883064,132.68,5.041952570358639,0,0.0,0.0,0.0,0.0,0.0,False
60,0.7659912109375,0.001953125,0.66593017578125,51.66,4.093005723973349,0,0.0,0.0,0.0,0.0,0.0,True
87,0.7689208984375,0.0157470703125,0.6787937208153736,76.14,4.464662482349843,0,0.0,0.0,0.0,0.0,0.0,False
85,0.7572021484375,0.00146484375,0.6802088120404411,75.68,4.441240096100161,0,0.0,0.0,0.0,0.0,0.0,False
67,0.7547607421875,0.0113525390625,0.6727112727378731,59.24,4.203153746180843,0,0.0,0.0,0.0,0.0,0.0,False
79,0.7806396484375,0.01513671875,0.677450059335443,67.94,4.368104085107424,0,0.0,0.0,0.0,0.0,0.0,True
119,0.7734375,0.0069580078125,0.6925079602153361,105.58,4.7778198999930614,0,0.0,0.0,0.0,0.0,0.0,False
94,0.78662109375,0.002197265625,0.7005173703457447,83.0,4.541411906925049,0,0.0,0.0,0.0,0.0,0.0,False
63,0.7392578125,0.004150390625,0.662810794890873,56.04,4.141950351292237,0,0.0,0.0,0.0,0.0,0.0,True
114,0.775390625,0.00146484375,0.7048114977384868,102.7,4.734602590468395,0,0.0,0.0,0.0,0.0,0.0,True
84,0.7586669921875,0.0057373046875,0.6846734909784227,75.08,4.429313296297087,0,0.0,0.0,0.0,0.0,0.0,False
76,0.77099609375,0.016357421875,0.6683092619243421,65.36,4.328976818372989,0,0.0,0.0,0.0,0.0,0.0,False
104,0.778564453125,0.0054931640625,0.6790994497445914,89.76,4.642635174154497,0,0.0,0.0,0.0,0.0,0.0,False
63,0.7581787109375,0.007080078125,0.6781412760416666,55.86,4.141718049099302,0,0.0,0.0,0.0,0.0,0.0,False
101,0.76220703125,0.013427734375,0.6784377900680693,89.16,4.613994504860182,0,0.0,0.0,0.0,0.0,0.0,False
113,0.7806396484375,0.0128173828125,0.6935441008711283,99.5,4.725602134154345,0,0.0,0.0,0.0,0.0,0.0,True
140,0.784423828125,0.0069580078125,0.6920741489955358,122.44,4.940125935301509,0,0.0,0.0,0.0,0.0,0.0,False
100,0.7591552734375,0.0103759765625,0.674312744140625,88.04,4.604075656465092,0,0.0,0.0,0.0,0.0,0.0,False
72,0.762939453125,0.006591796875,0.6769019232855903,63.28,4.275354966011209,0,0.0,0.0,0.0,0.0,0.0,False
106,0.779052734375,0.010498046875,0.6924035414209906,93.38,4.661838152301374,0,0.0,0.0,0.0,0.0,0.0,True
146,0.7862548828125,0.0008544921875,0.700688610338185,128.96,4.981932920483722,0,0.0,0.0,0.0,0.0,0.0,False
129,0.7796630859375,0.0052490234375,0.6984683487766473,114.48,4.8583103175807745,0,0.0,0.0,0.0,0.0,0.0,False
98,0.76953125,0.0184326171875,0.6778751295440051,85.64,4.583967934040541,0,0.0,0.0,0.0,0.0,0.0,False
61,0.755615234375,0.013671875,0.6625656378073771,53.0,4.109648595926154,0,0.0,0.0,0.0,0.0,0.0,False
77,0.74462890625,0.004638671875,0.672268161525974,68.8,4.342577541221012,0,0.0,0.0,0.0,0.0,0.0,False
89,0.75244140625,0.003662109375,0.6842713088132022,80.18,4.487278955565625,0,0.0,0.0,0.0,0.0,0.0,True
81,0.7730712890625,0.0048828125,0.6827859760802469,70.9,4.392874101470212,0,0.0,0.0,0.0,0.0,0.0,False
75,0.7530517578125,0.0029296875,0.6774772135416667,66.92,4.316237027778348,0,0.0,0.0,0.0,0.0,0.0,False
105,0.822021484375,0.043212890625,0.6740757533482142,85.36,4.652587127355056,0,0.0,0.0,0.0,0.0,0.0,True
92,0.7789306640625,0.0098876953125,0.6814482315726902,79.72,4.520282392505929,0,0.0,0.0,0.0,0.0,0.0,False
94,0.7799072265625,0.0013427734375,0.6837041327293883,81.58,4.541418280819913,0,0.0,0.0,0.0,0.0,0.0,False
120,0.82666015625,0.038818359375,0.6921346028645833,99.58,4.785666781474771,0,0.0,0.0,0.0,0.0,0.0,True
86,0.7513427734375,0.0062255859375,0.6841260333393895,77.62,4.453319157632196,0,0.0,0.0,0.0,0.0,0.0,False
111,0.776123046875,0.013671875,0.6796556077561937,96.38,4.708187888153019,0,0.0,0.0,0.0,0.0,0.0,False
154,0.7835693359375,0.0020751953125,0.6913682021103896,134.68,5.035364380693422,0,0.0,0.0,0.0,0.0,0.0,False
80,0.7664794921875,0.0008544921875,0.6770980834960938,70.02,4.380505299832265,0,0.0,0.0,0.0,0.0,0.0,True
82,0.76708984375,0.005615234375,0.6753450719321646,71.5,4.405604611589183,0,0.0,0.0,0.0,0.0,0.0,True
69,0.7635498046875,0.0179443359375,0.6745057036911232,60.4,4.232615051588997,0,0.0,0.0,0.0,0.0,0.0,False
75,0.771240234375,0.009033203125,0.6772981770833333,65.34,4.31602763180973,0,0.0,0.0,0.0,0.0,0.0,True
77,0.7598876953125,0.0098876953125,0.6786015498173701,68.16,4.342454626831334,0,0.0,0.0,0.0,0.0,0.0,False
113,0.769287109375,0.00146484375,0.6884149872096239,100.26,4.725457160278566,0,0.0,0.0,0.0,0.0,0.0,True
70,0.7508544921875,0.0003662109375,0.6699968610491072,61.84,4.247121125083939,0,0.0,0.0,0.0,0.0,0.0,False
97,0.810302734375,0.0396728515625,0.6838164968588918,81.16,4.573293719835264,0,0.0,0.0,0.0,0.0,0.0,True
93,0.7646484375,0.0013427734375,0.6899164671538979,83.08,4.53097567410195,0,0.0,0.0,0.0,0.0,0.0,False
88,0.771484375,0.01513671875,0.6810829856178977,77.02,4.476033506762164,0,0.0,0.0,0.0,0.0,0.0,False
108,0.7637939453125,0.0113525390625,0.6804911295572916,95.36,4.6809065133267636,0,0.0,0.0,0.0,0.0,0.0,True
85,0.7733154296875,0.015625,0.67861328125,73.9,4.441249569051091,0,0.0,0.0,0.0,0.0,0.0,True
105,0.7684326171875,0.006591796875,0.6795177641369048,92.08,4.6526553122844385,0,0.0,0.0,0.0,0.0,0.0,True
108,0.7647705078125,0.011962890625,0.6762265805844907,94.7,4.6809680172673165,0,0.0,0.0,0.0,0.0,0.0,False
113,0.77001953125,0.00048828125,0.6796086404175885,98.92,4.7262329333005955,0,0.0,0.0,0.0,0.0,0.0,False
68,0.7535400390625,0.0120849609375,0.6753127154181985,60.46,4.218317288455116,0,0.0,0.0,0.0,0.0,0.0,True
76,0.7730712890625,0.0113525390625,0.6824067768297697,66.52,4.329542444296459,0,0.0,0.0,0.0,0.0,0.0,False
74,0.7666015625,0.019775390625,0.6729439400337838,64.38,4.3030378852133255,0,0.0,0.0,0.0,0.0,0.0,False
93,0.777099609375,0.0008544921875,0.6777855657762096,80.36,4.53125261904671,0,0.0,0.0,0.0,0.0,0.0,False
74,0.77490234375,0.010009765625,0.6772873337204391,64.22,4.302730277520178,0,0.0,0.0,0.0,0.0,0.0,False
82,0.7764892578125,0.0006103515625,0.6849052615282012,71.74,4.405498039696275,0,0.0,0.0,0.0,0.0,0.0,False
