ind,activity_label,ctx_a,ctx_b,ctx,endings,source_id,split,split_type,label
14,Wakeboarding,A man is being pulled on a water ski as he floats in the water casually.,he,A man is being pulled on a water ski as he floats in the water casually. he,"['mounts the water ski and tears through the water at fast speeds.', 'goes over several speeds, trying to stay upright.', 'struggles a little bit as he talks about it.', 'is seated in a boat with three other people.']",activitynet~v_-5KAycAQlC4,test,indomain,
71,Javelin throw,A huge crowd is in the stands in an arena. A man throws a javelin. Photographers take pictures in the background.,several men,A huge crowd is in the stands in an arena. A man throws a javelin. Photographers take pictures in the background. several men,"['are water boarding in a river.', 'are shown throwing balls.', 'challenge the man to jump onto the rope.', 'run to where the javelin lands.']",activitynet~v_-fjUWhSM6Hc,test,indomain,
73,Javelin throw,The man that threw the javelin celebrates. Another man throws a javelin. People walk all around doing different things.,several men,The man that threw the javelin celebrates. Another man throws a javelin. People walk all around doing different things. several men,"['run out to where the javelin lands again.', 'throw balls onto a field.', 'do acrobatics on a high ledge.', 'bow and dance around doing different things.']",activitynet~v_-fjUWhSM6Hc,test,indomain,
76,Javelin throw,The second man to throw the javelin and a man in the stands celebrate. A third man throws a javelin so hard that he falls.,the same men,The second man to throw the javelin and a man in the stands celebrate. A third man throws a javelin so hard that he falls. the same men,"['do the same action but in different locations.', 'from inside the gym compete as well as finish.', ""run to the the javelin's landing spot."", 'also fall to the ground as they shuffle for a stand.']",activitynet~v_-fjUWhSM6Hc,test,indomain,
78,Javelin throw,The same men run to the the javelin's landing spot. The third man walks away looking disappointed. A fourth man throws a javelin.,again,The same men run to the the javelin's landing spot. The third man walks away looking disappointed. A fourth man throws a javelin. again,"[', another man does not throw his javelin.', 'the fourth man runs off.', ', the men run to where the javelin lands.', ', a fourth man throws a javelin on the field.']",activitynet~v_-fjUWhSM6Hc,test,indomain,
80,Javelin throw,"Again, the men run to where the javelin lands. The fourth man looks disappointed looking for his jacket.",the first man to throw a javelin,"Again, the men run to where the javelin lands. The fourth man looks disappointed looking for his jacket. the first man to throw a javelin","['# 1, but drops his javelin.', 'runs around celebrating and hugs another man.', 'successfully the number 174.', 'does by standing up and receiving his men.']",activitynet~v_-fjUWhSM6Hc,test,indomain,
81,Javelin throw,The fourth man looks disappointed looking for his jacket. The first man to throw a javelin runs around celebrating and hugs another man.,a man,The fourth man looks disappointed looking for his jacket. The first man to throw a javelin runs around celebrating and hugs another man. a man,"['in windsurfer gear sits off to the side of the table talking.', 'at the top of a hill wearing a white coat, holding a water bottle and grabbing a cup with a straw.', 'puts a gold medal around the neck of the first javelin thrower and shakes his hand.', 'wearing a hood is seen being interviewed by the interviewer as they continue to run.']",activitynet~v_-fjUWhSM6Hc,test,indomain,
83,Javelin throw,A man puts a gold medal around the neck of the first javelin thrower and shakes his hand. He puts a silver medal on the second thrower.,he,A man puts a gold medal around the neck of the first javelin thrower and shakes his hand. He puts a silver medal on the second thrower. he,"['puts a bronze medal on the third thrower.', 'then holds up his bow and arrow and shoots a feathered arrow.', 'puts a gold cross around the neck of the second javelin thrower.', 'makes a discus in the air.']",activitynet~v_-fjUWhSM6Hc,test,indomain,
118,Preparing pasta,A woman is standing in her kitchen in front of a counter.,she,A woman is standing in her kitchen in front of a counter. she,"['picks up the ingredients and puts them on the baking sheet.', 'shows several different cakes and tastes them in between.', 'holds up three red pots sitting atop the stove.', 'shows a plate of food, and several ingredients.']",activitynet~v_-zp0Sban5Wk,test,indomain,
119,Preparing pasta,"A woman is standing in her kitchen in front of a counter. She shows a plate of food, and several ingredients.",she,"A woman is standing in her kitchen in front of a counter. She shows a plate of food, and several ingredients. she","['then adds toasted graham bears to a pot filled with water.', 'then starts cooking some cooked pasta and stirring it.', 'boils pasta in a pot, draining it.', 'separates these into two sections, and begins cutting them.']",activitynet~v_-zp0Sban5Wk,test,indomain,
120,Preparing pasta,"A woman is standing in her kitchen in front of a counter. She shows a plate of food, and several ingredients. She boils pasta in a pot, draining it.",she,"A woman is standing in her kitchen in front of a counter. She shows a plate of food, and several ingredients. She boils pasta in a pot, draining it. she","['then pours the rest of it in a bowl, setting it onto a cookie sheet.', 'then mixes cheese, orzo, and vegetables, creating an orzo pasta salad.', 'then puts it back in the pot and grinds it.', 'pours the inside of the pasta over the pasta.']",activitynet~v_-zp0Sban5Wk,test,indomain,
121,Preparing pasta,"She boils pasta in a pot, draining it. She then mixes cheese, orzo, and vegetables, creating an orzo pasta salad.",she,"She boils pasta in a pot, draining it. She then mixes cheese, orzo, and vegetables, creating an orzo pasta salad. she","['mixed pasta into a silver pot full of boiling water.', 'takes a bite of the food.', 'adds the pasta onto a frying pan.', 'cuts up some garlic and peel it out of the salad.']",activitynet~v_-zp0Sban5Wk,test,indomain,
132,Canoeing,The person in the red and black outfit begins rafting in the red canoe over a tumultuous body of water filled with large rocks.,the person in the red canoe,The person in the red and black outfit begins rafting in the red canoe over a tumultuous body of water filled with large rocks. the person in the red canoe,"['approaches another canoe in the water, this one blue, the red canoe and blue canoe raft through the waters behind one another as the scene fades to black.', 'stops to adjust their harness before, finally, rafting into the water and riding through turbulent rocky waters interspersed with oversized rocks and flashing flashing lights.', 'then paddles into the waves and lifts the person in the red canoe to assist him.', 'then climbs in and starts kayaking on a large calm body of water.']",activitynet~v_08afjR_3SwI,test,indomain,
158,Sumo,A girl in a sum suit in thrown from a wheel barrow and the referee counts the match as finished.,we,A girl in a sum suit in thrown from a wheel barrow and the referee counts the match as finished. we,"['see the closing screen on black.', 'see the ending title screen.', 'then see an starting title screen.', 'then see the olympian and a replay of the brawl: two players are handed out and one players left.']",activitynet~v_0T1FKHx3yOk,test,indomain,
204,Doing fencing,A close up of a white fencing mask and a black fencing mask.,a fencing coach,A close up of a white fencing mask and a black fencing mask. a fencing coach,"['right behind the coach begins to talk.', 'gives instruction to the two fencing competitors.', 'explains to show how to use fencing to demonstrate some form.', 'appears, giving instructional instructions.']",activitynet~v_0jrThYemNLs,test,indomain,
222,Using the rowing machine,A young man sits on a cardio machine.,then,A young man sits on a cardio machine. then,"[', the man grans the handle of the machine.', ', the man shows the mirror where his cardio machine is held.', ', the young man begins to pumped the air into his lungs with an oxygen pump.', ', the young man lifts the weights, and show how to move himself evenly.']",activitynet~v_14AnvDNV5BI,test,indomain,
252,Snow tubing,"A couple is seen with a crowd, going up a snow covered hill.",they,"A couple is seen with a crowd, going up a snow covered hill. they","['wheel a box down after them, then finish on top.', 'ride down twisting ways on skis with one another.', 'tube down the snowy hills.', 'stand on a ladder and hold onto the climber.']",activitynet~v_1F_CSpL_4Dg,test,indomain,
253,Snow tubing,"A couple is seen with a crowd, going up a snow covered hill. They tube down the snowy hills.",the people,"A couple is seen with a crowd, going up a snow covered hill. They tube down the snowy hills. the people","['are seen skiing down a hill again.', 'hang on to poles as they tumble down.', 'ride along in tubes and continue climbing down the slope.', 'slide down steep fast curves on the intertubes.']",activitynet~v_1F_CSpL_4Dg,test,indomain,
254,Snowboarding,"Several different men are seen trying to snow board but, falling down over and over.",many different people,"Several different men are seen trying to snow board but, falling down over and over. many different people","['are shown falling down while in the air and occasionally throwing themselves off.', 'are shown going around on skis showing the runs they have taken and skiing.', 'are in the background watching and doing different things in the snow.', 'watch on the sides as the camera flies around the city and continues going on with their walk and end by curling onto the ground.']",activitynet~v_1KKVWzCwRSA,test,zeroshot,
308,Blow-drying hair,A lady stands in a bathroom talking.,the lady,A lady stands in a bathroom talking. the lady,"['puts on makeup then sinks.', 'shows the camera her brush and blow dryer.', 'place another towel on the floor and then kiss the towels.', 'cuts her hair, puts on make up, and shaves her very long hair.']",activitynet~v_29Vrl0rJbSo,test,indomain,
309,Blow-drying hair,A lady stands in a bathroom talking. The lady shows the camera her brush and blow dryer. The lady brushes her hair.,the lady blow,A lady stands in a bathroom talking. The lady shows the camera her brush and blow dryer. The lady brushes her hair. the lady blow,"['drys her hair while she spins her hair on a brush.', 'dries her hair and blows dry her hair.', 'dries her hair and irons it.', 'dries the hair of a man.']",activitynet~v_29Vrl0rJbSo,test,indomain,
310,Blow-drying hair,The lady brushes her hair. The lady blow drys her hair while she spins her hair on a brush.,the lady,The lady brushes her hair. The lady blow drys her hair while she spins her hair on a brush. the lady,"['turns the blow dryer off and talks to the camera while she adjusts her hair.', 'blows blow drys her hair while she spins her hair.', 'stands up and holds the loose hair out by her head.', 'holds her hair up with both hands and throws it to the side.']",activitynet~v_29Vrl0rJbSo,test,indomain,
311,Blow-drying hair,The lady blow drys her hair while she spins her hair on a brush. The lady turns the blow dryer off and talks to the camera while she adjusts her hair.,the lady,The lady blow drys her hair while she spins her hair on a brush. The lady turns the blow dryer off and talks to the camera while she adjusts her hair. the lady,"['puts her brush down and talks to the camera.', 'blow drys her hair and shows her hair off and cuts it turning the camera off.', 'turns the blow dryer on again and uses a roller to fix it.', 'then gets a comb and begins blow drying her hair.']",activitynet~v_29Vrl0rJbSo,test,indomain,
343,Cumbia,.,a girl dressed as a tomboy and a boy dressed in a red shirt,. a girl dressed as a tomboy and a boy dressed in a red shirt,"['and yellow plaid shorts show the belly button of a machine as she rubs milk from a bucket in the bottom of the machine.', 'are standing in a room across from each other in a messy room.', 'are wearing scuba diving gear as they fight over impossible objects.', 'successfully climbs up a set of steps to the edge of the roof of a house and uses her body to jump down to safety.']",activitynet~v_2RfasAe0-tA,test,zeroshot,
345,Cumbia,A girl dressed as a tomboy and a boy dressed in a red shirt are standing in a room across from each other in a messy room. The two begin to grab each other and they begin salsa dancing.,they,A girl dressed as a tomboy and a boy dressed in a red shirt are standing in a room across from each other in a messy room. The two begin to grab each other and they begin salsa dancing. they,"['continue dancing and spin each other around and doing a some type of salsa dancing.', 'clap their hands and jump up making head and waist movements.', 'move back and forth on the floor while feet are walking adjacent to them.', 'dance rhythmically together as the boys dance.']",activitynet~v_2RfasAe0-tA,test,zeroshot,
372,Archery,Man is standing in a room holding a bow and talking to another man.,manis,Man is standing in a room holding a bow and talking to another man. manis,"['practicing shots with a bow to a board in a large field.', 'sanding on a wall and a man is playing guitar.', 'wearing gardening clothes and is walking on the fields walking into bushes.', 'playing badminton in a room in back and to the sides of the room.']",activitynet~v_2mVwrM0qOGw,test,indomain,
373,Cheerleading,We see cheerleaders standing on the stage. The cheerleaders perform a routine.,four girls,We see cheerleaders standing on the stage. The cheerleaders perform a routine. four girls,"['walk up another stair case.', 'are lifted and they hold one girl in between them laying down.', 'step onto a blue mat.', 'run down the stage and stand on a slackline.']",activitynet~v_2qcdjyT7nDY,test,indomain,
375,Cheerleading,Four girls are lifted and they hold one girl in between them laying down. Ladies hold ladies who hold and shake their pom poms.,four ladies,Four girls are lifted and they hold one girl in between them laying down. Ladies hold ladies who hold and shake their pom poms. four ladies,"['hold ladies and dance with them while holding one girl, with the girls sitting with one then holding the pom poms.', 'are lifted and hold two other ladies then a seventh lady.', 'hold the one person in front of them down on their guys.', 'hold each other between them continue to shuffle and toss and then they ssia each other.']",activitynet~v_2qcdjyT7nDY,test,indomain,
390,Spread mulch,A person's hands are seen playing in dirt while moving their hands all around the soil.,the person,A person's hands are seen playing in dirt while moving their hands all around the soil. the person,"['walks away and looks to the camera.', 'continues to play around in the soil while the camera watches their hand movements.', 'walks in and out of frame and leads into people playing one another.', 'spock around the area with the camera following in the end.']",activitynet~v_3CImIarFM30,test,indomain,
391,Riding bumper cars,Several small children drive around in bumper cars.,one of them,Several small children drive around in bumper cars. one of them,"['continuously spins in circles.', 'crashes into the ball and causes the other child to fall.', 'breaks a toy.', 'hits a boy in a car, causing him to go into a car wash.']",activitynet~v_3CO7fRiJOy4,test,zeroshot,
408,Horseback riding,These horses are walking in a grassy area by themselves and then a woman is shown brushing the horse's hair.,the camera,These horses are walking in a grassy area by themselves and then a woman is shown brushing the horse's hair. the camera,"['zooms in on the back of the animal that has no legs attached and is lying on the grass.', ""then shows the horse's feet as well as the straps to the saddle on it."", ""zooms in to shows the horse' nose and then the woman climbs onto the horse's saddle to ride it somewhere."", 'then zooms in on all the horses and the interiors.']",activitynet~v_3S_aifr5rG4,test,indomain,
409,Horseback riding,The camera zooms in to shows the horse' nose and then the woman climbs onto the horse's saddle to ride it somewhere.,then two other people,The camera zooms in to shows the horse' nose and then the woman climbs onto the horse's saddle to ride it somewhere. then two other people,"[""ride in that aren't wearing a saddle."", 'appear riding a horseback with the horses, and then leads into the couple riding down a dimly lit street and speaking to each other.', ""are hsown riding the horse's in different settings."", 'join the horse on the saddle together and then the woman gets off the saddle and grooms the horse as the people ride into the parking lot.']",activitynet~v_3S_aifr5rG4,test,indomain,
531,Curling,The players are playing curling in an ice court.,the players,The players are playing curling in an ice court. the players,"['are playing curling in a court.', 'pushed the stone and two people are brushing the front of the stone until it reached the target.', 'throw the balls as they play.', 'progress to billiards ping pong while being led by a man in blue overalls.']",activitynet~v_5Chl3x_mx40,test,zeroshot,
532,Curling,The players pushed the stone and two people are brushing the front of the stone until it reached the target.,an asian girl,The players pushed the stone and two people are brushing the front of the stone until it reached the target. an asian girl,"['pushed the stone and the other girl is brushing the front of the stone until it hit other stones.', 'wearing an umbrel a high chair ran to push the stone but it fell through her racket.', 'came pass the ground level while the men and baby are leading the marching band.', 'is then there serving the white stone and.']",activitynet~v_5Chl3x_mx40,test,zeroshot,
534,Playing ten pins,We then watch an older boy and a boy bowl in a bowling alley.,a small boy in an orange shirt,We then watch an older boy and a boy bowl in a bowling alley. a small boy in an orange shirt,"['rolls the ball down the aisle.', 'steps up to the bowl to try to bowl and knocks over pins.', 'pretends the bowl is a bowling ball and grabs it.', 'picks two balls from a bowling table and enters the bowling lane to pick up a bowl.']",activitynet~v_5Eb_NVjFah0,test,zeroshot,
602,Doing step aerobics,People are working out in a room stepping on a step stools.,a man in a white shirt,People are working out in a room stepping on a step stools. a man in a white shirt,"['is leading the group.', 'is kneeling down on the floor looking under the stair railing.', ""starts shaving a man's leg."", 'is showing the steps and making notes.']",activitynet~v_5vm6bjMeEN8,test,zeroshot,
603,Doing step aerobics,People are working out in a room stepping on a step stools. A man in a white shirt is leading the group.,he,People are working out in a room stepping on a step stools. A man in a white shirt is leading the group. he,"['then walks off behind the camera.', 'starts jumping on a pedal and then starts doing cartwheels.', 'shows how to stand on the steps installing the real step stool.', 'pulls a lever and puts a substance on the step stool.']",activitynet~v_5vm6bjMeEN8,test,zeroshot,
638,Playing kickball,Man wearing a red shirt is standing in a large green field behind kids.,little blonde kid,Man wearing a red shirt is standing in a large green field behind kids. little blonde kid,"['is wearing blue rings on her talks to the camera, showing stunt play as she am holding a stick.', 'is doing dosing in a green pool.', 'is standing next to a large, blue, inflatable and walking it next to a large put together goal which is being played both on the field and in the field.', 'throw a ball and a kid kicks the ball in the field.']",activitynet~v_6KG4p_pfMQc,test,indomain,
639,Playing kickball,Man wearing a red shirt is standing in a large green field behind kids. Little blonde kid throw a ball and a kid kicks the ball in the field.,kisd,Man wearing a red shirt is standing in a large green field behind kids. Little blonde kid throw a ball and a kid kicks the ball in the field. kisd,"['boy walks in carrying his shoes and a blue shirt.', 'person is holding the ball.', 'boy kick a ball.', 'are running in the field to catch th ball.']",activitynet~v_6KG4p_pfMQc,test,indomain,
672,Using parallel bars,Several older men man runs into frame to check on the gymnast in back while the man on the bars continues his routine.,the athlete,Several older men man runs into frame to check on the gymnast in back while the man on the bars continues his routine. the athlete,"['does a back flip and finishes his routine while several others run into frame.', 'does a split and then off his bar and when he gets back on he begins to walk casually towards the judges who are giving the boy an interview.', 'instructs his routine as he is making several jumps and people in the audience clapping.', 'jumps and lands on his feet, even after the bar fails to complete its routine and the gymnast wrestles the man off the bars an dismounts to the mat.']",activitynet~v_71vVRQ4l8OI,test,indomain,
677,Playing congas,A man is shown sitting in front of several drums and banging to a rhythm. He talks to the camera about his song and what he is planning on playing.,the man,A man is shown sitting in front of several drums and banging to a rhythm. He talks to the camera about his song and what he is planning on playing. the man,"['continues playing while the camera pans in and out on him playing the drums.', 'continues to play the drums and cymbals while playing his guitar.', 'tells the camera his name is john smith and asks you to use a recording of him as a demo video.', 'grabs a guitar and starts to play while a large crowd watches in the background.']",activitynet~v_79LyHiS908U,test,indomain,
700,Baking cookies,A girl shows how to bake cookies from scratch.,ingredients,A girl shows how to bake cookies from scratch. ingredients,"['are added, stirred, and then the mixture is put in the oven.', 'are then added into a strainer and stirred with a spoon.', 'are either added or used in an oven.', 'are pour into an open oven for a few moments.']",activitynet~v_7dx3MobORY0,test,indomain,
711,Hammer throw,We see a man preparing to throw a hammer in track and field. The man shakes his legs and walks to the field. The man spins hard and throws the hammer.,we,We see a man preparing to throw a hammer in track and field. The man shakes his legs and walks to the field. The man spins hard and throws the hammer. we,"['see the title screen slightly.', 'see a runner celebrating and see the man high five another.', 'see the hammer as it flies across the track.', 'see an animated 6 point tutorial on dodgeball.']",activitynet~v_7oBW5W6Fdok,test,zeroshot,
737,Elliptical trainer,A woman is seen on an elliptical trainer in an ad.,then we,A woman is seen on an elliptical trainer in an ad. then we,"['see the various components and options for using the machine.', 'see up close a male trainer.', 'see the woman lift weight.', 'see the girl riding in a chair on the machine.']",activitynet~v_8874vqLm958,test,indomain,
740,Starting a campfire,A woman wearing sweat gear and seen trying obtain a light with a lighter.,she,A woman wearing sweat gear and seen trying obtain a light with a lighter. she,"['fails to do so and begins walking towards the camera.', 'holds the light for a minute and hits it and can find it.', 'finally gets it up and moves to a nearby picnic table and stubs the lighter.', 'smashes a window, but remains outside by the hedge and metal railing serving as a barrier.']",activitynet~v_8BAn48zfc68,test,indomain,
767,Playing racquetball,A man in a red shirt is talking to the camera.,he,A man in a red shirt is talking to the camera. he,"['leads into him sitting on a train as well as rollerblading.', 'begins to hit a ball against a wall in front of him.', 'shows a bottle that he uses to smoke cigarettes.', 'is hardware shop designing a new bike.']",activitynet~v_8cKjwHtCGU0,test,zeroshot,
790,Springboard diving,A woman stands at the end of a diving board. She lightly bounces up and down.,she,A woman stands at the end of a diving board. She lightly bounces up and down. she,"['then dives into the pool one last time.', 'jumps off the side toward the water.', 'flips over the board many times.', 'then does a backflip into the water.']",activitynet~v_8lw8uAimUXI,test,zeroshot,
791,Disc dog,A man kicks a frisbee to a dog.,the dog,A man kicks a frisbee to a dog. the dog,"['runs after the frisbee back into the field.', 'does a back paw sit.', 'uses the frisbee to attack people around him.', 'does various tricks while catching the frisbee.']",activitynet~v_8oI4xGqkzSE,test,indomain,
799,River tubing,A girl is sitting in a tube surrounded by a large group of people also sitting on tubes. The camera pans around to the various people sitting in the tubes.,the girl,A girl is sitting in a tube surrounded by a large group of people also sitting on tubes. The camera pans around to the various people sitting in the tubes. the girl,"[""then floats up out of the tubes and onto the stage of a children's playground."", 'pulls a lever and does a hand stand on the side tube.', 'gives a thumbs up to other people at the bottom of the tube.', 'jumps out of her tube and finds herself swimming in the water.']",activitynet~v_8yFimnZ8XhA,test,indomain,
802,Preparing pasta,Ingredients are shown on a sliver platter.,a man,Ingredients are shown on a sliver platter. a man,"['uses a spatula to scrape the kitchen floor.', 'mixes and mixes flour with babies eggs.', 'is sitting on the floor, cutting up wood.', 'begins chopping food on a black chopping board.']",activitynet~v_91ozOcjKl5M,test,indomain,
805,Preparing pasta,He adds pasta to a large pot on the stove. He starts cooking in a pan on the stove.,he,He adds pasta to a large pot on the stove. He starts cooking in a pan on the stove. he,"['stirs it up and adds eggs.', 'lets the pasta go.', 'covers the pan with a lid.', 'grabs two glasses from a cupboard.']",activitynet~v_91ozOcjKl5M,test,indomain,
807,Preparing pasta,He starts cooking in a pan on the stove. He covers the pan with a lid. He puts the pasta into a bowl.,he,He starts cooking in a pan on the stove. He covers the pan with a lid. He puts the pasta into a bowl. he,"['places a close up of the pasta bowl.', 'then adds vegetables and meat.', 'pours the sauce on top of the pasta.', 'adds chips to the pan.']",activitynet~v_91ozOcjKl5M,test,indomain,
808,Waxing skis,The credits of the clip are shown. The product's varying sizes are displayed.,the guy,The credits of the clip are shown. The product's varying sizes are displayed. the guy,"['adds hispanic colors to his drink along with a short bar expert.', '@s 3d spool is seen.', 'pours product in a container and uses a brush to put the liquid on the surface of a metal object.', ""combs and shaves people's hair and trims it, performing various pieces in various settings.""]",activitynet~v_93bg_XU3OTg,test,zeroshot,
809,Waxing skis,The guy pours product in a container and uses a brush to put the liquid on the surface of a metal object.,the guy,The guy pours product in a container and uses a brush to put the liquid on the surface of a metal object. the guy,"['then use a brush to wet the metal, and take a shirt to rub it all over.', 'puts a part in the paint and does a lot of new detail on the surface, then xes the brush and takes the finish shimmer off.', 'runs the tool over the metal surface with a brush to heat it.', 'puts a white cloth on the edge.']",activitynet~v_93bg_XU3OTg,test,zeroshot,
810,Waxing skis,The guy pours product in a container and uses a brush to put the liquid on the surface of a metal object. The guy puts a white cloth on the edge.,the guy,The guy pours product in a container and uses a brush to put the liquid on the surface of a metal object. The guy puts a white cloth on the edge. the guy,"['places the places the towel on a machine and uses a roller to fold strips to place underneath the item.', 'makes different effect with a roller blade on the tool.', 'runs the metal object repeatedly across the white cloth.', 'sticks the toy bottle into a poker pile.']",activitynet~v_93bg_XU3OTg,test,zeroshot,
825,Rope skipping,Two people are jump roping outside on a patio.,the boy,Two people are jump roping outside on a patio. the boy,"['pulls the tennis racket out of his lap.', 'leaves and the girls starts jump roping by herself.', 'jumps in a net on the ground.', 'jumps in the air and does a hip hop routine.']",activitynet~v_9Cs3CYCMH2w,test,indomain,
829,Rope skipping,The girl does a hand stand. The boy starts jump roping by himself. The girl does a flip in the air.,the boy,The girl does a hand stand. The boy starts jump roping by himself. The girl does a flip in the air. the boy,"['jumps straight into a hoop using her hand in the air.', 'does a flip to turn in the air.', 'does tman hand stand.', 'does a flip in the air.']",activitynet~v_9Cs3CYCMH2w,test,indomain,
847,Playing blackjack,People is playing black jack around a table.,dealer,People is playing black jack around a table. dealer,"['is sitting in front of the table with a dealer mordgum and a voleyball in front of him and a woman behind him.', 'is dealnig the cards and the tokens to the women.', 'in a black suit is washing a table with a white, white, and blue rag.', 'is sitting in a table playing table.']",activitynet~v_9Ht1yvo936I,test,indomain,
848,Playing blackjack,People is playing black jack around a table. Dealer is dealnig the cards and the tokens to the women.,man,People is playing black jack around a table. Dealer is dealnig the cards and the tokens to the women. man,"['lob the blue ladies card into the table and the squeeze the tight game.', 'holding a leaf and a drawing cards and put the tokens on end players face.', 'stands from a table and walks in a room.', 'kiss the woman handed to him, then a dealer pick up the cards.']",activitynet~v_9Ht1yvo936I,test,indomain,
878,Preparing pasta,Then in another pan adding sausage and onions and stirring it all together. Adding tomatoes and heavy cream to make it pasty.,finally,Then in another pan adding sausage and onions and stirring it all together. Adding tomatoes and heavy cream to make it pasty. finally,"['the garlic and lemon drops to make it creamy.', ', add poached egg and the pan is put together and served top to bottom by the men.', 'adding the pasta to it, along with some cheese and parsley flakes and mixing it all together.', 'is added chopped parsley and the sausage is cased in a pot.']",activitynet~v_9i7ABIB99Ow,test,indomain,
910,Using the balance beam,"With her hands on the bar, the girl lifts and splits her legs above her head. The lady moves a platform to the left side of the bar.",the girl,"With her hands on the bar, the girl lifts and splits her legs above her head. The lady moves a platform to the left side of the bar. the girl","['does a third back flip then does the splits, this time without her legs.', 'sits on the bar with her hand raised.', 'does a belly flop while sitting on the platform.', 'is back on the platform, acting as a pommel horse.']",activitynet~v_9wtMJoqGTg0,test,zeroshot,
912,Using the balance beam,The lady moves a platform to the left side of the bar. The girl sits on the bar with her hand raised. The girl knees on the bar.,the girl,The lady moves a platform to the left side of the bar. The girl sits on the bar with her hand raised. The girl knees on the bar. the girl,"['slides down until her arms are parallel with the bar.', 'stands on the bar.', 'then stands up to raises her leg like an athlete then mounts on the bar, spins around then does flips across the bar.', 'continues to can herself.']",activitynet~v_9wtMJoqGTg0,test,zeroshot,
915,Using the balance beam,The girl lifts off the bar and land on edge of the bar. The girl back flips three times. The girl takes two steps and front flips.,the girl,The girl lifts off the bar and land on edge of the bar. The girl back flips three times. The girl takes two steps and front flips. the girl,"['gracefully falls to the ground.', 'lifts of the bar and lands in the same position.', ""'s routine is reversed and most of her body and as she completes the chin flips."", ""'s shoulder dismounts and the inverted jump is handed back to the girl.""]",activitynet~v_9wtMJoqGTg0,test,zeroshot,
916,Using the balance beam,The girl takes two steps and front flips. The girl lifts of the bar and lands in the same position.,the girl,The girl takes two steps and front flips. The girl lifts of the bar and lands in the same position. the girl,"['turns, jumps in place, and back flips.', 'extends gracefully and does a flip in the air.', 'then flips and releases the bar and lands on the mat.', 'stands on the bar and performs different kicks, handstands, spins and dips.']",activitynet~v_9wtMJoqGTg0,test,zeroshot,
920,Using the balance beam,"The girl steps forward, jumps and turns. The girls steps forward and front flips and lands at the edge.",the girl back,"The girl steps forward, jumps and turns. The girls steps forward and front flips and lands at the edge. the girl back","['flips and does a flip.', 'flips three times off the bar and lands on a blue mat.', 'flips, then almost with ease, and lands again.', 'flips and does a bun, then grabs jumped on a flying construct as the boy walks from the edge.']",activitynet~v_9wtMJoqGTg0,test,zeroshot,
939,Javelin throw,A person runs and throws a javelin. There are people watching them behind a fence.,a green umbrella,A person runs and throws a javelin. There are people watching them behind a fence. a green umbrella,"['flies in the air.', 'is hiding the shadow of the person.', 'descends from the sky to cover the field.', 'sits next to the track.']",activitynet~v_APCbvR0SBl0,test,indomain,
944,Pole vault,"The credits of the clip are shown. Instructions of how to pole vault is presented. A person holds a elongated, hollow stick.",a guy,"The credits of the clip are shown. Instructions of how to pole vault is presented. A person holds a elongated, hollow stick. a guy","['swiftly takes his pole off to pole vault.', 'stands behind fell and pushes the pole forward.', 'runs with a elongated stick and uses it to elevate himself over a heighten hurdle.', 'with a cart rolls out a white mat.']",activitynet~v_A_4yI6vh03I,test,indomain,
952,Painting fence,A man is talking to the camera next to a fence.,the man,A man is talking to the camera next to a fence. the man,"['then lifts up one of the steel fence bars.', 'then pulls a hose on an electric tool.', 'is spreading plaster on the wall.', 'is holding a paintbrush.']",activitynet~v_AnPLZtJs7zE,test,zeroshot,
953,Painting fence,A man is talking to the camera next to a fence. The man is holding a paintbrush.,the man,A man is talking to the camera next to a fence. The man is holding a paintbrush. the man,"['began painting the fence.', 'paints the fence yellow.', 'dips the paintbrush into a bucket of paint and starts painting the fence.', 'paints the fence white.']",activitynet~v_AnPLZtJs7zE,test,zeroshot,
954,Painting fence,The man is holding a paintbrush. The man dips the paintbrush into a bucket of paint and starts painting the fence.,the man,The man is holding a paintbrush. The man dips the paintbrush into a bucket of paint and starts painting the fence. the man,"['is swinging the rake in a large circle drawing the paint.', 'stands behind the fence handing a paint brush to someone with a black stick.', 'moves along the fence painting it.', 'stops painting and starts talking.']",activitynet~v_AnPLZtJs7zE,test,zeroshot,
974,Playing ice hockey,Several players are on an ice rink.,they,Several players are on an ice rink. they,"['are engaged in a game of tug of war.', 'are playing hockey against each other.', 'are engaged in a game of dodgeball.', 'are holding snowballs and playing curling.']",activitynet~v_Ay6oxBYCSnU,test,indomain,
1002,Springboard diving,A camera pans around a large indoor pool and shows a man jumping off a diving board into the water.,several people,A camera pans around a large indoor pool and shows a man jumping off a diving board into the water. several people,"['are shown standing around the sides boarding and riding.', 'are shown warming up and followed up by many jumping into the pool.', 'a are shown floating on inflated bladders.', 'circle the man as he goes through the water and ending with him jumping off the side and bonking into the pool.']",activitynet~v_BEA4YVQv7Wk,test,zeroshot,
1014,Making a cake,"The woman added brown sugar on the butter, then added eggs one by one and mixed and then cream, then flour, baking soda, cinnamon powder and mixed them well.",the dried fruit mixture,"The woman added brown sugar on the butter, then added eggs one by one and mixed and then cream, then flour, baking soda, cinnamon powder and mixed them well. the dried fruit mixture","['is added in the batter, and then shredded nuts and they were mixed well together.', 'and a pot are then combined and mixed.', 'added to the milk while also adding italian dressing.', 'is added to the mixture and mixed again over a container of salt and grated cheese.']",activitynet~v_BJM1rUjXvkQ,test,indomain,
1015,Making a cake,"The dried fruit mixture is added in the batter, and then shredded nuts and they were mixed well together.",the batter,"The dried fruit mixture is added in the batter, and then shredded nuts and they were mixed well together. the batter","['then turned and served and the recipe is then pushed into a large bowl and taken out to use and chopped until the batter is finished.', 'is pour into the pan, smooth the batter and making sure that its evenly distributed.', 'is then added to a bowl with some chopped tomato, olive oil, pepper and eggs.', 'is put in oil with sugar, added to the cookie mixture, and prepared to melt.']",activitynet~v_BJM1rUjXvkQ,test,indomain,
1109,Rafting,"The first group of eight people paddle themselves near a cliff and go down the hill and the others trail behind them with the same actions. For the fifth group, an aerial view is provided and the others way for them to come.",after,"The first group of eight people paddle themselves near a cliff and go down the hill and the others trail behind them with the same actions. For the fifth group, an aerial view is provided and the others way for them to come. after","[', three people swim by as they ride the high ramps through a narrow trickling river that bow under a rough force current.', ', each group does the same thing as they maneuver throughout various parts of the water and hitting rocks.', 'arriving in the areas of dry land, they start going down the rocks on the weight lifting beam until the men come back and continue doing abs on the weights.', ', five people stand by the cliff and descend from the cliff in canoes to the bottom of the waterfall while getting ready to trade tubes, canoes and backpacks.']",activitynet~v_CcBPELJaRlk,test,zeroshot,
1123,Using the monkey bar,A bunch of young children are shown playing in a park playground.,a young boy,A bunch of young children are shown playing in a park playground. a young boy,"['is pictured playing in the water with other children and showing off his skateboard other than in the park.', 'tumbles down the slide and makes it back to the beginning.', 'takes a swing down a slide.', 'climbs back and forth on the monkey bars.']",activitynet~v_CtA4VynDEkI,test,zeroshot,
1124,Using the monkey bar,A bunch of young children are shown playing in a park playground. A young boy climbs back and forth on the monkey bars.,another child,A bunch of young children are shown playing in a park playground. A young boy climbs back and forth on the monkey bars. another child,"['slides down a ladder with them.', 'goes up to jump in a park slide.', 'climbs up against the monkey bars, while another climbs the wall.', 'then joins him on the bars as well.']",activitynet~v_CtA4VynDEkI,test,zeroshot,
1144,Bungee jumping,One of the men is holding a phone camera in his hand to video tape her as she jumps.,the men,One of the men is holding a phone camera in his hand to video tape her as she jumps. the men,"['in red stretch and play the drums as she throws the frisbee and struggles to land it into the chain.', 'are at the table laughing at the girl as she jumps up and runs back to the girls surprise.', 'begin singing to cheer and encourage her to jump.', 'attempt jump roping with two men behind him preparing to jump.']",activitynet~v_DAd-joUpMIk,test,zeroshot,
1147,Bungee jumping,"After much hesitation, the woman finally jumps and hangs from the rope. There is another woman in the cable car getting ready to jump down.",there,"After much hesitation, the woman finally jumps and hangs from the rope. There is another woman in the cable car getting ready to jump down. there","['is a huge crowd standing on the bridge, looking up at the cable car.', 'is others hanging and also jumping down to watch the same woman.', ""'s another woman in the cable car and she jumps down the same spot."", 'is an old lady in the background doing the same.']",activitynet~v_DAd-joUpMIk,test,zeroshot,
1174,Skiing,Men travel in a plane and arrives to the top of a mountain.,then,Men travel in a plane and arrives to the top of a mountain. then,"[', the man jumps from the mountain and does cartwheels down the mountain.', ', a man kick the rocks of the mountain, and people go out to a car in a car wash, and they jump on the waterfalls in the river from the waterfalls.', ', man walks to a lake, and in a boat touch a silver piece.', ', men get down the plane and ski down the hill.']",activitynet~v_DMUFb7gvUx4,test,indomain,
1175,Skiing,"Men travel in a plane and arrives to the top of a mountain. Then, men get down the plane and ski down the hill.",a person,"Men travel in a plane and arrives to the top of a mountain. Then, men get down the plane and ski down the hill. a person","['destroy a bike on a hill.', 'falls from their plane and spectators in the ski resort is holding their knees.', 'pass on front the the cheoy.', 'ski behind a man down the slope of the mountain.']",activitynet~v_DMUFb7gvUx4,test,indomain,
1178,Skiing,"A snow removal clear the snow of the road. After, the men ski down the hill in middle of the trees.",the men,"A snow removal clear the snow of the road. After, the men ski down the hill in middle of the trees. the men","['ski down some of snow there is a white towel hanging from the mountain wall.', 'ski in a wood area that is uneven.', 'guns and show their shiny guns.', 'ski grassy paths and steer down them.']",activitynet~v_DMUFb7gvUx4,test,indomain,
1191,Removing ice from car,A video shows how to clean snow off a car.,a person,A video shows how to clean snow off a car. a person,"['does a routine on the snow.', 'then put coating over the car.', 'folds a blue cloth, wrapping it around a snow brush neatly.', 'ties a object around the hood.']",activitynet~v_DVZCBD8-y2I,test,indomain,
1193,Removing ice from car,"A person folds a blue cloth, wrapping it around a snow brush neatly. He then uses the brush to gently wipe snow off a vehicle.",the video,"A person folds a blue cloth, wrapping it around a snow brush neatly. He then uses the brush to gently wipe snow off a vehicle. the video","['ends and an online map and details are shown then pictured.', 'then goes to a graphic where the words meyerinjun "" right written in the bottom left.', 'ends with a finished product.', 'ends with an advertisement for an auto shop.']",activitynet~v_DVZCBD8-y2I,test,indomain,
1215,Washing dishes,A boy is standing on a stool in front of a kitchen sink.,he,A boy is standing on a stool in front of a kitchen sink. he,"['is washing the dishes under the water.', 'starts playing a keyboard.', 'is sitting down and applying soap to his leg.', 'puts soap on his hands, cleanses them, and pours them into a pitcher.']",activitynet~v_DjyO6zWUiDw,test,zeroshot,
1227,Playing ten pins,Several men are shown bowling while an audience watches on.,the bowlers,Several men are shown bowling while an audience watches on. the bowlers,"['walk around the street with their heads down.', 'then do a routine on the blocks before returning to to the game.', 'grab balls, lob them and hit them across the rope.', 'bowl in turn, one at a time.']",activitynet~v_Dys_KC7uIzs,test,zeroshot,
1230,Horseback riding,The title shows as a man ride a horse through an arena.,there,The title shows as a man ride a horse through an arena. there,"['is several riders present and they all perform martial arts as the crowd watches.', 'is a drum set and a line of people waiting to play the drums.', ""'s another man sitting behind the camera who is hooked up to a machine."", 'is then a showcase of horses jumping over obstacles.']",activitynet~v_E-6XZrDYRuM,test,indomain,
1232,Horseback riding,There is then a showcase of horses jumping over obstacles. One of the pictures rotates around in a circle and the next video squeezes in on itself.,it,There is then a showcase of horses jumping over obstacles. One of the pictures rotates around in a circle and the next video squeezes in on itself. it,"['continues to show horse jumping over obstacles with video effects.', 'continues with more videos of people jumping up and down while stopping to talk to one another.', 'pans over to a couple of other shots playing polo backstage before dying and closeup shots of them when they made it to the finish line.', 'shows out of a can as there is a firearm being shot at what appears to be a circus.']",activitynet~v_E-6XZrDYRuM,test,indomain,
1243,Doing nails,This woman is doing a nail tutorial of how to create nyan cat nails.,first,This woman is doing a nail tutorial of how to create nyan cat nails. first,"['paint all of your nails blue and do a big white stripe across them and dot little stars.', 'she takes a metal nail file and gently unscrews the top of the nail.', 'she applies varnish to different nail species.', 'she grabs the cats claws and puts the nails on top of skin.']",activitynet~v_E0dqgXVU6wA,test,zeroshot,
1254,Playing water polo,A professional swimmer wipes his eyes before engaging in the competition.,he,A professional swimmer wipes his eyes before engaging in the competition. he,"['does a hand stand before propelling himself into the water.', 'dives straight into the shallow end of the pool shuffling his feet.', 'dives onto the ice.', 'takes off, swimming as he tries to beat the two competitors on either side of him.']",activitynet~v_E5uAH7_WTFs,test,indomain,
1279,Playing racquetball,A man and woman are playing inside a racquetball court.,they,A man and woman are playing inside a racquetball court. they,"['are using racquets, balls, special shoes and protective glasses.', 'run, skip, and shoot back and fourth at each other.', 'hit the balls back and forth over the pins.', 'follow the man using the racquet to make several shots.']",activitynet~v_ER0UPx6-VcM,test,zeroshot,
1320,Cumbia,Spanish letters are shown in the video.,baby kid,Spanish letters are shown in the video. baby kid,"['is dancing in the top of a table wearing a white diaper in the kitchen and a woman is filming it.', 'is angry with ara.', 'is rafting on a body of water.', 'is in a hospital bed getting its otions shaved by a female nurse.']",activitynet~v_Er88I-NQkG4,test,zeroshot,
1364,Rafting,"A group of people are gathered at an outdoor park. They are dressed up, and they get into a raft.",they white water raft,"A group of people are gathered at an outdoor park. They are dressed up, and they get into a raft. they white water raft","['off the side of a cliff.', 'into a river and calm down.', 'down a river together.', 'glides through the deep water.']",activitynet~v_F_sbhegCsyg,test,zeroshot,
1373,Rope skipping,A woman is laughing as she jumps rope inside a gym.,she,A woman is laughing as she jumps rope inside a gym. she,"['jumps on top and does a back flip and another flip.', 'does several jumps on the rope.', 'continues jumping for a long period of time, speeding up and changing positions as men with cameras record her.', 'gets up and walks out onto a ring of bleachers.']",activitynet~v_FeKEqUxiReA,test,indomain,
1402,Curling,"Team usa women are in the olympics. Tracy, natalie, nicole, allison and debbie are group photographed in multiple scenes.",as team usa,"Team usa women are in the olympics. Tracy, natalie, nicole, allison and debbie are group photographed in multiple scenes. as team usa","['are shown in various scenes fighting with one another in multiple front court.', 'scores, the team mates hug.', ', they are wearing red uniforms and holding sticks.', 'celebrates, they run together in a marathon and are pictured in various locations.']",activitynet~v_G12fEYNjIR0,test,zeroshot,
1453,Drinking beer,A news woman is speaking from a news room.,then we,A news woman is speaking from a news room. then we,"['see breaking news videos on the screen.', 'see meryl and chip and water polo talking.', 'see a ceiling being drawn with chalk.', 'see her playing soccer in the sand.']",activitynet~v_GoVqtUSnshE,test,indomain,
1467,Vacuuming floor,A person is using a vacuum attachment to vacuum the wood floor.,the person,A person is using a vacuum attachment to vacuum the wood floor. the person,"['walks away from the unpainted wooden floor.', 'then vacuums a rug on the floor.', 'is then releasing a clear fluid into the vacuum attachment.', 'is holding the vacuum attachment attachment in their hand.']",activitynet~v_H7EmlU0wQ6g,test,indomain,
1468,Vacuuming floor,A person is using a vacuum attachment to vacuum the wood floor. The person then vacuums a rug on the floor.,the person,A person is using a vacuum attachment to vacuum the wood floor. The person then vacuums a rug on the floor. the person,"['follows the vacuum attachment up the carpet to where it empties under the corners.', 'puts 2 vacuum attachments under a rug.', 'vacuums the back of a cat laying nearby.', 'vacuums a 2 inch wide rug with towards three inch area.']",activitynet~v_H7EmlU0wQ6g,test,indomain,
1483,Doing nails,A young girl is seen sitting in front of a camera and presents various nail objects to the camera.,she,A young girl is seen sitting in front of a camera and presents various nail objects to the camera. she,"[""then uses a nail clipper on the client's nails and begins cutting the nails to show off the toe nails."", 'holds the nail file and leads into her showing off a piece of color green.', 'then begins painting all her nails thoroughly and ends the video with various pictures of her and her nails.', 'then polishes her nails and puts it on the counter.']",activitynet~v_HPyLSmDjsHY,test,zeroshot,
1520,Doing a powerbomb,Two people are seen standing outside on a mat.,one person,Two people are seen standing outside on a mat. one person,"['then ropes the other up.', 'then grabs the other person by the legs.', 'then begins stair boarding with another.', 'then grabs a stand and begins swinging around while the other follows close behind.']",activitynet~v_Ht2gV7oaqbo,test,indomain,
1521,Doing a powerbomb,Two people are seen standing outside on a mat. One person then grabs the other person by the legs.,the men,Two people are seen standing outside on a mat. One person then grabs the other person by the legs. the men,"['then begin rolling a ball around around on the mat.', 'then flip each other down on the ground.', 'then jump forward and kick one another.', 'then begin break dancing together.']",activitynet~v_Ht2gV7oaqbo,test,indomain,
1523,Javelin throw,Athletes throw a javelin during a competition.,a man,Athletes throw a javelin during a competition. a man,"['wearing gray shorts appears and throws the javelin against a wall.', 'dives for the ground to prevent the javelin from entering his body.', 'runs towards the javelin thrower.', 'practices his throwing stance walking and doing half throws without javeline.']",activitynet~v_HxJnPUqF9i8,test,indomain,
1538,Shuffleboard,A group of senior citizens are gathered at a court. They are engaged in a game of curling.,they,A group of senior citizens are gathered at a court. They are engaged in a game of curling. they,"['lift and lower their bodies as they vault over one another and make it the final row.', 'hit the puck, pushing it forward.', 'run through the court looking for an opponent.', 'use bungee jumping ropes to jump up and down.']",activitynet~v_I71OenniCZI,test,indomain,
1572,Chopping wood,"A woman in blue shirt is chopping the wood, when she chopped the wood in half, she put them aside then she take another log and chopped it in half.",the woman,"A woman in blue shirt is chopping the wood, when she chopped the wood in half, she put them aside then she take another log and chopped it in half. the woman","['pull out the log and make a heart shaped hole, after holding a long wooden stick in her hands, she put the rest in the hole.', 'put crossed logs on the wooden box and a log with the other end to the wood, then she put them on the handle of the knife, cut the replacement log, add wood on the log.', 'ate the wood while looking at the log.', ""try to chop the wood in half but it won't get chopped in half, then it fell on ground and she put it back on the chopping board, and she continue to chop the wood, after several attempts she finally chopped the wood in half.""]",activitynet~v_IPehEfMBLM0,test,indomain,
1576,Rope skipping,Various shots of people are shown followed by several shots of kids jumping rope.,a man,Various shots of people are shown followed by several shots of kids jumping rope. a man,"['then speakers to various kids on a court and shows more shots of the kids jumping rope together.', 'walks into frame and keeps performing various jump roping stunts while the kids pick up speed in his arms.', 'is seen speaking to the camera while moving around the room.', 'walks around the stage with their names and faces.']",activitynet~v_Ib3XqmBqy10,test,indomain,
1577,Rope skipping,A man then speakers to various kids on a court and shows more shots of the kids jumping rope together.,the man,A man then speakers to various kids on a court and shows more shots of the kids jumping rope together. the man,"['then jumps rope while more kids perform tricks with their jump ropes and ends with the man speaking to one more jumper.', 'then fades to black and the kids play in the bull ring again and again.', 'then begins in a room with many balls and begins throwing around a basketball.', 'all now is standing in a circle with the kids standing behind him and a man in the back playing.']",activitynet~v_Ib3XqmBqy10,test,indomain,
1613,Tug of war,A group of several teen boys are playing a game of tug of war.,they,A group of several teen boys are playing a game of tug of war. they,"['pull hard until the rope gives, and they win the game.', 'pull the rope while one boy in the front kneels down to get the other one.', 'tug on a rope as the other team takes positions near the net.', 'are using the rope as a rope to pull.']",activitynet~v_IxrncvpPWV8,test,zeroshot,
1633,Trimming branches or hedges,A guy wearing a red plaid shirt is showing a tutorial on how to trim and prune trees in a garden.,he,A guy wearing a red plaid shirt is showing a tutorial on how to trim and prune trees in a garden. he,"['then explains how each shaky blade is needed and how they are used to close the door.', 'starts by showing the force behind the knife.', 'then shows you how to cut the top of the tree, then he puts in a light green trim.', 'is using a pair of garden shears to chop off the excessive leaves grown on the trees.']",activitynet~v_JI5_cMwgnxI,test,indomain,
1635,Trimming branches or hedges,He is using a pair of garden shears to chop off the excessive leaves grown on the trees. He then demonstrates how to fertile the trees and shrubs by using some fertilizer balls.,he,He is using a pair of garden shears to chop off the excessive leaves grown on the trees. He then demonstrates how to fertile the trees and shrubs by using some fertilizer balls. he,"['uses a pot to mix the material together to create a tent.', 'explains how to use some of the fertilizer balls to measure and measure the leaves, including the grass, then he replicates the same action with the lawn mower.', 'also shows how to use some sort of arable planter that is so thick it blocks all the leaves that escape from the base of the tree.', 'then used a liquid fertilizer on the trees and plants to fortify them.']",activitynet~v_JI5_cMwgnxI,test,indomain,
1636,Trimming branches or hedges,He then demonstrates how to fertile the trees and shrubs by using some fertilizer balls. He then used a liquid fertilizer on the trees and plants to fortify them.,he,He then demonstrates how to fertile the trees and shrubs by using some fertilizer balls. He then used a liquid fertilizer on the trees and plants to fortify them. he,"['then uses more liquid on the rows of people.', 'then gets a torch and using it to boil some powder in a water pipe.', 'then rakes up some dead grass and successfully installs a covered path using it.', 'finally waters the trees and plants with a hose to complete the process.']",activitynet~v_JI5_cMwgnxI,test,indomain,
1670,Pole vault,We see an animated opening scene. We see see man run with a pole and perform a high jump.,the man,We see an animated opening scene. We see see man run with a pole and perform a high jump. the man,"['knocks the pole down and lays down in disappointment.', 'stands on the pole, then up on it again.', 'spins and play the can.', 'stops and lowers the pole to the ground.']",activitynet~v_JZK-HJ-Tdw4,test,indomain,
1671,Pole vault,We see see man run with a pole and perform a high jump. The man knocks the pole down and lays down in disappointment.,we,We see see man run with a pole and perform a high jump. The man knocks the pole down and lays down in disappointment. we,"['see the boy raise his arms but falls.', 'see the man holding his pole and make his 2nd attempt knocking over the pole.', 'see title screens and see a doctor giving a patient pain meds.', 'see man interviewed and dion in his barber chair.']",activitynet~v_JZK-HJ-Tdw4,test,indomain,
1672,Pole vault,The man knocks the pole down and lays down in disappointment. We see the man holding his pole and make his 2nd attempt knocking over the pole.,the man,The man knocks the pole down and lays down in disappointment. We see the man holding his pole and make his 2nd attempt knocking over the pole. the man,"['starts rushing back and forth with his pole.', 'laughs and then positions it on his neck.', 'pulls the pole into his arms and makes his fourth attempt.', 'tries a third time and the poles stays up.']",activitynet~v_JZK-HJ-Tdw4,test,indomain,
1674,Pole vault,The man tries a third time and the poles stays up. The man raises his arms in the air.,we,The man tries a third time and the poles stays up. The man raises his arms in the air. we,"['see the scenes of the inside and outside of a cabin.', 'then see attempt 1 , 2 and 3 again.', 'see two men in the foreground is cheers.', 'see people in a green grassy field gather and stand on an elevated platform.']",activitynet~v_JZK-HJ-Tdw4,test,indomain,
1675,Pole vault,"The man tries a third time and the poles stays up. The man raises his arms in the air. We then see attempt 1, 2 and 3 again.",the man,"The man tries a third time and the poles stays up. The man raises his arms in the air. We then see attempt 1, 2 and 3 again. the man","['lifts and lowers his arms and does the correct way to raise and lower his arms.', 'raises his arms in the air for the crowd.', 'throws the poles back down, still holding the poles.', 'leaves with his arms out and we then see static.']",activitynet~v_JZK-HJ-Tdw4,test,indomain,
1683,Washing dishes,A woman washes a pot with soapy water while standing with her back to the camera at the kitchen sink.,the woman,A woman washes a pot with soapy water while standing with her back to the camera at the kitchen sink. the woman,"['adds three eggs to the pot and adds some salt.', 'turns and talks to the camera while washing the pot and smiles a bit as the camera shakily catches the activity.', 'turns around and walks back to the bathroom to wash her hands.', 'folds a cookie sheet in quarter turn and continues scrubbing the top straight of the stack of cookies.']",activitynet~v_Jb8YAhQ6EMk,test,zeroshot,
1684,Washing dishes,The woman turns and talks to the camera while washing the pot and smiles a bit as the camera shakily catches the activity.,the woman,The woman turns and talks to the camera while washing the pot and smiles a bit as the camera shakily catches the activity. the woman,"[""wipes the pot thoroughly and take a drink from the water before throwing it off into the distance, and with a thud, he walks to the camera across the room to take off his camera's lenses."", 'conducts more spelunk into the pot and in a way creates a lather and then adds medical cream and dips two teaspoons in and watching her hands and hands move along the liquid after rinsed off.', 'rinses the pot off and then turns and holds it up in the air, dripping water, making a scary face, as if she is going to attack the camera man with it, but then turns away from the camera man and toward the sink counter.', 'is then seen plastering and rinsing a sink and throw and advertising products to the camera.']",activitynet~v_Jb8YAhQ6EMk,test,zeroshot,
1696,Changing car wheel,A man in red in outside screwing in his rotors and putting his tire back on his truck.,he,A man in red in outside screwing in his rotors and putting his tire back on his truck. he,"['grabs pieces to tighten it and begins to make sure they are on super tight.', 'takes off running and shoots a rock from his plastic car tire.', 'adjusts the handlebar as he sits in front of a glass window, talking.', 'drives the vehicle and shows the continuing changes, flash beautiful, next to the dirt track.']",activitynet~v_JksdZ0YMkoQ,test,zeroshot,
1697,Changing car wheel,A man in red in outside screwing in his rotors and putting his tire back on his truck. He grabs pieces to tighten it and begins to make sure they are on super tight.,he,A man in red in outside screwing in his rotors and putting his tire back on his truck. He grabs pieces to tighten it and begins to make sure they are on super tight. he,"['takes the wheel off and begins to tighten it and make sure the camera is fully attached to the rim as the tires.', 'around the tire screwing down and then tightens back up with the applied bungee cord that the band put across the tires in a very confidential manner.', 'finally wet the tires and his truck flips, but keeps going.', 'does it repeatedly to make sure they all stay on well.']",activitynet~v_JksdZ0YMkoQ,test,zeroshot,
1698,Changing car wheel,He grabs pieces to tighten it and begins to make sure they are on super tight. He does it repeatedly to make sure they all stay on well.,otherwise it,He grabs pieces to tighten it and begins to make sure they are on super tight. He does it repeatedly to make sure they all stay on well. otherwise it,"['gets stuck and he makes sure that it stays on right on the top of the wire as well.', 'would be dangerous to drive on if they are loose.', 'looks like it will take him ages to tighten them all.', 'looks pretty stable till the end.']",activitynet~v_JksdZ0YMkoQ,test,zeroshot,
1710,Changing car wheel,The video begins with a closeup of a tire in an auto shop.,the cameraman,The video begins with a closeup of a tire in an auto shop. the cameraman,"['sits and flips the tire around then fixes it in the front.', 'begins to sharpen a knife on the knife block.', 'then runs over the tire from the side.', 'uses his hand to show a specific spot on the tire and zooms in closer.']",activitynet~v_K1_g97xCqKg,test,zeroshot,
1711,Changing car wheel,The video begins with a closeup of a tire in an auto shop. The cameraman uses his hand to show a specific spot on the tire and zooms in closer.,the man,The video begins with a closeup of a tire in an auto shop. The cameraman uses his hand to show a specific spot on the tire and zooms in closer. the man,"['behind him continues to show how to adjust the tire.', 'puts down the camera and begins working on the tire.', 'talks as he continues to demonstrate ways to install it.', 'continues to show the bench, and then, he takes off the rind to fix the tire.']",activitynet~v_K1_g97xCqKg,test,zeroshot,
1713,Changing car wheel,The man puts down the camera and begins working on the tire. He grabs the camera again to show different screws.,the video,The man puts down the camera and begins working on the tire. He grabs the camera again to show different screws. the video,"['ends showing both sides of the tire.', 'ends with the logo swallowing up the black screen.', 'freezes as the timer speeds up.', 'ends with the man walking away.']",activitynet~v_K1_g97xCqKg,test,zeroshot,
1714,Brushing hair,A woman is seen holding onto a brush and grabbing a brush.,another girl,A woman is seen holding onto a brush and grabbing a brush. another girl,"['stands up and begins braiding her hair.', 'is seen starting a fire and begins brushing it all along the fence.', 'brushes through her hair while the camera pans her movements.', 'holds up a bottle and rubs it all along her hair.']",activitynet~v_K757XUwinrc,test,zeroshot,
1715,Brushing hair,A woman is seen holding onto a brush and grabbing a brush. Another girl brushes through her hair while the camera pans her movements.,she,A woman is seen holding onto a brush and grabbing a brush. Another girl brushes through her hair while the camera pans her movements. she,"['displays several more tricks as well as speaking to the camera.', 'continues brushing out energy throughout her hair as well as all over her face.', ""continues brushing the other's hair while looking to the camera."", ""continues brushing another girl's hair while the camera watches her.""]",activitynet~v_K757XUwinrc,test,zeroshot,
1734,Waxing skis,A man is seen talking to the camera as he sets up a ski on a work bench inside of a ski shop.,after,A man is seen talking to the camera as he sets up a ski on a work bench inside of a ski shop. after,"[', the man grabs skis and begins skiing down a ski slope.', ', he begins snowboarding down a couple of hills down.', 'lining up the ski and securing it on the bench he uses a plastic card and goes over the bottom of the ski three times.', ', the man is shown holding a shovel with several objects in his hands and begins shoveling snow around in small circles.']",activitynet~v_KJQi_5e72lM,test,zeroshot,
1735,Waxing skis,After lining up the ski and securing it on the bench he uses a plastic card and goes over the bottom of the ski three times.,afterwards he,After lining up the ski and securing it on the bench he uses a plastic card and goes over the bottom of the ski three times. afterwards he,"['scrapes the floor of the ski surface using a thin tape of pan iron.', 'uses a contraption called a ski walk and slides it all together.', 'uses a bristled brush and scrubs the bottom of the ski.', 'grabs a can and starts scraping the bottom of the ski.']",activitynet~v_KJQi_5e72lM,test,zeroshot,
1736,Waxing skis,After lining up the ski and securing it on the bench he uses a plastic card and goes over the bottom of the ski three times. Afterwards he uses a bristled brush and scrubs the bottom of the ski.,finally he,After lining up the ski and securing it on the bench he uses a plastic card and goes over the bottom of the ski three times. Afterwards he uses a bristled brush and scrubs the bottom of the ski. finally he,"['takes the ski off and begins to use another warning.', 'has it resets and applying the coat he used to clean the bottom of the ski.', 'uses a soft brush and runs it over the ski once more.', 'sets aside a marker and starts flipping through some more press articles from a magazine.']",activitynet~v_KJQi_5e72lM,test,zeroshot,
1761,Grooming dog,A grooming room is shown and three people are washing different dogs.,other rooms,A grooming room is shown and three people are washing different dogs. other rooms,"['have dogs that are shown staying with their owners and doing it well.', 'are shown and the dogs continue being groomed and laying down on the ground waiting for their turn.', 'also have clean clothes in them and the ones with dogs are being groomed.', 'are shown as well as paintings and furniture.']",activitynet~v_KdqoLhoXjS8,test,indomain,
1762,Grooming dog,Other rooms are shown and the dogs continue being groomed and laying down on the ground waiting for their turn.,after,Other rooms are shown and the dogs continue being groomed and laying down on the ground waiting for their turn. after,"['awhile, one of the dogs runs over and leads into one leading onto the street.', 'a few minutes they start to chase each other with becoming excited and showing the chops to leave the exercise room.', 'a while, one of the dogs runs off and the two something else and one of them then runs off.', ', the camera leaves the back of the office and the reception area is shown.']",activitynet~v_KdqoLhoXjS8,test,indomain,
1763,Knitting,Cars drive by a sign by the road.,several women,Cars drive by a sign by the road. several women,"['are reel from an old rope in a small pit.', 'are shown around a table preparing to knit.', 'are on a white, spread raft and are going down a river.', 'use blow drying to dry their hair.']",activitynet~v_KfP205pf7PU,test,indomain,
1852,Canoeing,A camera pans around a lake area and leads into a person climbing into a kayak.,the person,A camera pans around a lake area and leads into a person climbing into a kayak. the person,"['paddles on through a small river and through different areas.', 'paddles hard and shows several different angles as they ride down the river.', 'then begins paddling along the water while moving underneath bridges.', 'is hoisted up in the water with his paddle and leads another close up.']",activitynet~v_LHu41OIGw7Q,test,indomain,
1889,Longboarding,The boy is then shown in various clips riding around on the board while also speaking to the camera.,the boy,The boy is then shown in various clips riding around on the board while also speaking to the camera. the boy,"['demonstrates how to perform proper skating moves while bending down and grabbing his board.', 'enjoys the water while standing next to the boat and playing.', 'is also seen bouncing and twirling on the string while wearing sunscreen, and seems to smile and smile back to the camera.', 'then places a stick under the seat and begins riding around on the board.']",activitynet~v_Lme4KL45gwk,test,indomain,
1892,Cumbia,People are dancing on the beach. A woman is laying down on a red towel.,a man,People are dancing on the beach. A woman is laying down on a red towel. a man,"['is holding a clipper.', 'is getting her a tattoo on her back.', ""is waxing the woman's legs."", 'is laying on a green towel.']",activitynet~v_LvbM6zv8XVc,test,zeroshot,
1893,Cumbia,People are dancing on the beach. A woman is laying down on a red towel. A man is laying on a green towel.,two dogs,People are dancing on the beach. A woman is laying down on a red towel. A man is laying on a green towel. two dogs,"['are dancing on the beach.', 'are next to them on the beach.', 'are standing on a bed.', 'are sitting in a blue litter bed.']",activitynet~v_LvbM6zv8XVc,test,zeroshot,
1906,Shaving legs,A brunette woman is sitting in a bubble bath with one leg out shaving it with a pink razor. The woman goes up one stroke of the razor and begins again.,she,A brunette woman is sitting in a bubble bath with one leg out shaving it with a pink razor. The woman goes up one stroke of the razor and begins again. she,"['repeats this process shaving up the leg and beginning again a few times around her leg.', 'proceeds to shave very precisely and all at once.', ""then proceeds to shave a big, hairy animal's legs and bottom."", 'begins much more slowly this time by shaving her legs and then separates her leg before shaving the bottoms lightly with her razor.']",activitynet~v_M-IRMq2DmY0,test,indomain,
1911,Snowboarding,A skier uses a wind drone to propel him across a flat slope.,the skier,A skier uses a wind drone to propel him across a flat slope. the skier,"['skates back to the beginning of the mountain as the wind drone records him.', 'zooms in on several other skiers before creatively going around the hill.', 'performs a front flip while maintaining their balance.', 'uses the wind drone to do a few passes on a flat area of a ski resort.']",activitynet~v_M1dEZrQWeRY,test,zeroshot,
1912,Snowboarding,The skier uses the wind drone to do a few passes on a flat area of a ski resort.,the,The skier uses the wind drone to do a few passes on a flat area of a ski resort. the,"['camera pans across the ski area and views of the surrounding mountains.', 'skier stops in the middle of the hilly area.', 'skier is able to run very fast while driving the wind drone and doing his moves very quickly through the group of people riding the wind drone.', 'skier continues to fly over mountain trails and do his tricks in the wind.']",activitynet~v_M1dEZrQWeRY,test,zeroshot,
1928,Doing step aerobics,A group of people are exercizing in an aerobics class.,they,A group of people are exercizing in an aerobics class. they,"['play pretty well until one of them falls off the board.', 'are using a stepper, dancing and jumping on and off the equipment.', 'practice step two of the moves.', 'are suspended in the air, their feet swinging side to side.']",activitynet~v_MHAS5TK2eW0,test,zeroshot,
1935,Getting a haircut,A little girl is shown in several images receiving a haircut.,she,A little girl is shown in several images receiving a haircut. she,"['continues styling her hair and then showing how to cut it with a razor.', 'is shown standing in a shaving chair as she shaves her lower leg.', 'is then shown in video form as her long hair is cut off in the style of a ponytail, meant to be donated to a group called locks of love.', 'shaves her hair to look pretty.']",activitynet~v_MOH9q_3Z9zg,test,indomain,
1942,Tai chi,There is an old man doing tai chi on a sidewalk while pedestrians walk by.,the man,There is an old man doing tai chi on a sidewalk while pedestrians walk by. the man,"['moves to the back of the building and gets in a position to start his turn.', 'stops to talk to a news reporter while holding a frisbee and dog in his arms.', 'stops and leaves his pole close to him, then he moves his hand forward.', 'continues doing tai chi on the sidewalk as several people walk by him.']",activitynet~v_MTC0fs4QyEY,test,indomain,
1943,Tai chi,There is an old man doing tai chi on a sidewalk while pedestrians walk by. The man continues doing tai chi on the sidewalk as several people walk by him.,he,There is an old man doing tai chi on a sidewalk while pedestrians walk by. The man continues doing tai chi on the sidewalk as several people walk by him. he,"['stops and does a hand stand then goes back to his stance.', 'then stands next to some well pruned shrubs and continues his exercise in the open while it rains heavily.', 'comes to a stop and leaves the sidewalk.', 'continues to walk as people look and talk to the camera.']",activitynet~v_MTC0fs4QyEY,test,indomain,
1944,Tai chi,He then stands next to some well pruned shrubs and continues his exercise in the open while it rains heavily.,he,He then stands next to some well pruned shrubs and continues his exercise in the open while it rains heavily. he,"[""continues doing this for the entire day with his legs longer than any normal person's."", 'then takes his shirt and walks away after he is done with his tai chi exercise.', 'along with all of his equipment barely gets wet as he rides back.', 'uses some tools such as a large leaf blower or a hand held fire hose.']",activitynet~v_MTC0fs4QyEY,test,indomain,
1952,Playing guitarra,A man sits down with a guitar. The man begins playing the guitar.,the man,A man sits down with a guitar. The man begins playing the guitar. the man,"['ends the guitar clip.', 'starts singing while playing the guitar.', 'stops playing the guitar and adds buttons.', 'looks down and grimaces.']",activitynet~v_MZiBlBhpq-Y,test,indomain,
1954,Springboard diving,A man jumps of a diving board backwards into a swimming pool.,there,A man jumps of a diving board backwards into a swimming pool. there,"['is another man dressed in a black t-shirt climbing on the diving board and doing this.', 'is a big splash and the man surfaces smiling.', 'is people standing on the diving board watching him.', 'is another man doing the same diving.']",activitynet~v_M_Jib8gkQpg,test,zeroshot,
1985,Making a lemonade,A lemon sits on a cutting board.,someone,A lemon sits on a cutting board. someone,"['inserts another lemon into the pitcher.', 'stirs it around in a bowl.', 'cleans the cutting board with a scrub brush.', 'chops the lemon and squeezes it into a glass.']",activitynet~v_MyPQ_e4dGDw,test,indomain,
1986,Making a lemonade,A lemon sits on a cutting board. Someone chops the lemon and squeezes it into a glass. The other half is squeezed in.,they,A lemon sits on a cutting board. Someone chops the lemon and squeezes it into a glass. The other half is squeezed in. they,"['pour the lemon into a smaller glass.', 'then add sugar to the mix.', 'pour mayonnaise into the glass.', 'pour it into wine glasses and drink the wine in a motion.']",activitynet~v_MyPQ_e4dGDw,test,indomain,
1988,Hammer throw,The man then quickly starts spinning himself along with swinging the ball on the rope.,after numerous and quick swings and spins,The man then quickly starts spinning himself along with swinging the ball on the rope. after numerous and quick swings and spins,"[', water appears all around him as well as a man chasing the ball and smiling to the camera.', 'the mans body, the man proudly folds his body sideways while expressing his congratulations.', 'the man lets the rope go and the ball goes flying.', ', the man comes down and continues walking towards the camera, then he continues talking while pointing and getting ready to hang out.']",activitynet~v_MzYA5oo-mzk,test,zeroshot,
1990,Snowboarding,There's a man skiing down a very steep mountain slope. The man is going down very fast and steadily while fully dressed in ski gear and goggles.,he,There's a man skiing down a very steep mountain slope. The man is going down very fast and steadily while fully dressed in ski gear and goggles. he,"['then falls down to the ground as he reaches the bottom of the slope.', 'is trying very hard to stay balanced and smooth, but the mountain is very treacherous, and climbs very heavily for an extremely long time.', 'then shows how to ski life style on the ski slope.', ""also has a ski pole in his right hand that he's resting on.""]",activitynet~v_N-92_rikI8U,test,zeroshot,
1991,Snowboarding,The man is going down very fast and steadily while fully dressed in ski gear and goggles. He then falls down to the ground as he reaches the bottom of the slope.,he,The man is going down very fast and steadily while fully dressed in ski gear and goggles. He then falls down to the ground as he reaches the bottom of the slope. he,"['gets right back up and dusts off the snow from his clothes.', 'stands up and starts running to help others, including himself.', 'recovers quickly and stands up with his oxygen tank fully filled up.', 'falls again for a very long time before standing up.']",activitynet~v_N-92_rikI8U,test,zeroshot,
1992,Snowboarding,He then falls down to the ground as he reaches the bottom of the slope. He gets right back up and dusts off the snow from his clothes.,he,He then falls down to the ground as he reaches the bottom of the slope. He gets right back up and dusts off the snow from his clothes. he,"['continues skating as he talks with a group of people.', ""talks to another person through a hands free device attached on his coat to let him know he's okay."", 'appears ready for the olympics after a 5 bring around shovel action.', 'walks next to a puddle, shakes it up and then wipes it off with his brand new pair of gloves.']",activitynet~v_N-92_rikI8U,test,zeroshot,
1995,Beer pong,Several pairs of shoes are shown as well as a large group of people socializing and pouring alcohol into glasses.,the glasses,Several pairs of shoes are shown as well as a large group of people socializing and pouring alcohol into glasses. the glasses,"['are then mixed together and a mini joke show of a macarena is shown.', 'are laid out on a table and several shots are shown of people playing beer pong.', 'of alcohol are mixed with other ingredients in a blender as well as various drinks being poured in and mixed.', 'are then poured with various colored liquids into large glasses as well as juices.']",activitynet~v_N3UOyPU2t0E,test,indomain,
1996,Beer pong,The glasses are laid out on a table and several shots are shown of people playing beer pong.,more shots,The glasses are laid out on a table and several shots are shown of people playing beer pong. more shots,"['are shown of people speaking to one another as well as playing beer pong in several locations and partying with one another.', 'are shown playing beer pong as well as hitting the puck back and fourth and then hopping and cheering down.', 'of people hitting a beer pong table are shown as well as the men hitting balls into one another and playing.', 'are shown of people all sitting down as people dance around them.']",activitynet~v_N3UOyPU2t0E,test,indomain,
1997,Beer pong,More shots are shown of people speaking to one another as well as playing beer pong in several locations and partying with one another.,in the end,More shots are shown of people speaking to one another as well as playing beer pong in several locations and partying with one another. in the end,"['the news host is seen speaking and leads into clips of people sitting on a beach having a good time.', 'medals are handed out and people wear them while celebrating in different spots.', 'a woman is seen speaking to the camera as well as herself dancing.', 'a man is seen throwing a beer and speaking and all the sumo players disperse.']",activitynet~v_N3UOyPU2t0E,test,indomain,
2011,Rafting,People raft down a narrow river between two mountains.,people,People raft down a narrow river between two mountains. people,"['are standing on sleds in a river between mountain and village.', 'climb the sandy rocks of the river in the cave.', 'wearing winter clothes are rafting down the rapids behind the river.', 'rafting passing troubled waters in the narrow river.']",activitynet~v_NI-TZyAxJU0,test,zeroshot,
2012,Rafting,People raft down a narrow river between two mountains. People rafting passing troubled waters in the narrow river.,people,People raft down a narrow river between two mountains. People rafting passing troubled waters in the narrow river. people,"['sail down the rocky river in an open space.', 'are walking in forested hills passing by a meadow of trees.', 'attempting to float in rafts fall in forested passes.', 'go up turbulent rivers on rafts at a big wet water level.']",activitynet~v_NI-TZyAxJU0,test,zeroshot,
2018,Polishing forniture,A balding man appears who is standing next to a chair that seems to be in need of restoring.,the chair,A balding man appears who is standing next to a chair that seems to be in need of restoring. the chair,"['continues to need trimming as the bald man tries to find a spare.', 'is removed and the man begins playing a harmonica in the chair.', 'is shown to have scratches.', ""doesn't sit right on the floor and it needs to be replaced for at regular times.""]",activitynet~v_NMBu3DIn1eg,test,indomain,
2019,Polishing forniture,A balding man appears who is standing next to a chair that seems to be in need of restoring. The chair is shown to have scratches.,the man,A balding man appears who is standing next to a chair that seems to be in need of restoring. The chair is shown to have scratches. the man,"['continues talking to the camera with his hands.', 'then proceeds to take the chair back and chat before shutting it down.', 'begins to apply a substance to the chair as the man rubs the substance all over the surfaces of the chair.', 'picks up the chair again and begins to wipe off the scratches with the excess material from the back.']",activitynet~v_NMBu3DIn1eg,test,indomain,
2020,Polishing forniture,The man begins to apply a substance to the chair as the man rubs the substance all over the surfaces of the chair.,the man,The man begins to apply a substance to the chair as the man rubs the substance all over the surfaces of the chair. the man,"['then points at a scratch on the a part of the chair and begins to wipe it clean with the substance.', 'covers the chair with four blankets and one pillow.', 'is then shown lifting the chair with his gloved hands and pauses to speak before finishing.', 'uses a pan pan to dry off the excess liquid while the man continues to rub the item, then the man points to the chair.']",activitynet~v_NMBu3DIn1eg,test,indomain,
2021,Polishing forniture,The man then points at a scratch on the a part of the chair and begins to wipe it clean with the substance.,the man,The man then points at a scratch on the a part of the chair and begins to wipe it clean with the substance. the man,"['then puts a shoe up to each of the spots.', 'now begins vigorously shaming the chair.', 'now moves to the seat and sticks his feet into the crevices of the chair.', 'then shows a leg of the chair and wipes it down as well.']",activitynet~v_NMBu3DIn1eg,test,indomain,
2022,Polishing forniture,The man then points at a scratch on the a part of the chair and begins to wipe it clean with the substance. The man then shows a leg of the chair and wipes it down as well.,the man,The man then points at a scratch on the a part of the chair and begins to wipe it clean with the substance. The man then shows a leg of the chair and wipes it down as well. the man,"['continues peeling and showing the side of the chair.', 'then shows how to properly wipe the chair once rinse it off with the liquid solution and lets it dry afterwards.', 'then seems to pour a substance into a can and dips the brush into it and polishes part of the leg.', 'then sits back down on the chair and begins to scrub the chair with the substance.']",activitynet~v_NMBu3DIn1eg,test,indomain,
2024,Polishing forniture,The man then seems to pour a substance into a can and dips the brush into it and polishes part of the leg. The man continues to wipe the chair as it is getting cleaner and cleaner.,the man,The man then seems to pour a substance into a can and dips the brush into it and polishes part of the leg. The man continues to wipe the chair as it is getting cleaner and cleaner. the man,"['stops wiping and lifts up his pant leg to lay flat on the chair.', 'then moves back the chairs back and places radio knobs onto the sides to make room in the table.', 'returns later after the chair dries with a yellow bottle and is now wearing a hat and glasses.', 'then turns the trimmer on and begins shaving the leg all around the edges.']",activitynet~v_NMBu3DIn1eg,test,indomain,
2025,Polishing forniture,The man returns later after the chair dries with a yellow bottle and is now wearing a hat and glasses.,the man,The man returns later after the chair dries with a yellow bottle and is now wearing a hat and glasses. the man,"['dances around the room dancing and throwing tomato paste onto the floor.', 'begins to wipe the chair again using whatever was in the yellow bottle.', 'shows off a shoe to the camera and begins polishing it with a spray gun.', 'takes a bow from behind the chair as if to acknowledge the man.']",activitynet~v_NMBu3DIn1eg,test,indomain,
2026,Polishing forniture,The man returns later after the chair dries with a yellow bottle and is now wearing a hat and glasses. The man begins to wipe the chair again using whatever was in the yellow bottle.,after this,The man returns later after the chair dries with a yellow bottle and is now wearing a hat and glasses. The man begins to wipe the chair again using whatever was in the yellow bottle. after this,"['is complete the cushion is put back onto the chair as it is wiped down one more time.', 'he again picks the chair off the ground and places it in a corner of the hall.', ', the man continues combing the chair, and is now spraying the chair with the drinkable yellow liquid as for a second time.', ', the man takes a plastic cup filled with water and proceeds to fill it up from a red bucket.']",activitynet~v_NMBu3DIn1eg,test,indomain,
2075,Painting fence,A man spraying a fence grey using a powerful spray gun.,a man,A man spraying a fence grey using a powerful spray gun. a man,"['is sitting in his stance.', 'in casually standing behind him watching with his hands crossed, yawning.', 'scrubs the spreading substance with a scraper using a small squeegee.', 'leans over and sprays another fence a spray with a product.']",activitynet~v_NpsOCOnQS6c,test,zeroshot,
2076,Painting fence,"A man spraying a fence grey using a powerful spray gun. A man in casually standing behind him watching with his hands crossed, yawning.",the man,"A man spraying a fence grey using a powerful spray gun. A man in casually standing behind him watching with his hands crossed, yawning. the man","['with the spray gun narrates different scenarios of the processes required to spray the fence action.', 'seems having a good time.', 'spraying sprays up and down making good time.', 'stops spraying and uses the spray gun again.']",activitynet~v_NpsOCOnQS6c,test,zeroshot,
2077,Painting fence,"A man in casually standing behind him watching with his hands crossed, yawning. The man spraying sprays up and down making good time.",he,"A man in casually standing behind him watching with his hands crossed, yawning. The man spraying sprays up and down making good time. he","['clean his face and gets into position to take a leak.', 'picks up and sprays his front cup, turning around to set down the cup after it had been wrung out.', 'jumps right over the number 12, swinging again and making it over number 12.', ""makes sure to go over all the spots so he doesn't miss any.""]",activitynet~v_NpsOCOnQS6c,test,zeroshot,
2106,Riding bumper cars,A man is seen sitting in a bumper car holding a thumbs up and then begins driving around.,the people,A man is seen sitting in a bumper car holding a thumbs up and then begins driving around. the people,"['continuously ride around the car with one stopping and the car swinging around.', 'continue driving around the track pushing one another around and eventually hitting another.', 'continue driving around bumping into one another and ends with them standing up.', 'drive around while the camera follows them around and screen for looking like the person driving.']",activitynet~v_O9HLR19is-A,test,zeroshot,
2144,Rock climbing,A man is seen holding onto a rope and speaking to the camera. He holds up his belt while speaking to the camera and begins climbing up the wall.,the man,A man is seen holding onto a rope and speaking to the camera. He holds up his belt while speaking to the camera and begins climbing up the wall. the man,"['climbs all the way up the wall and ends by looking off from the camera.', 'then stands on the rope and finishes climbing the wall.', 'continues speaking as he continues climbing and once he is done, the screen goes black and the lock is broken.', 'constantly runs up the wall while holding onto the rope.']",activitynet~v_PJdE8Ui2eno,test,indomain,
2193,Playing ten pins,A man walks up to a lane in a bowling alley.,he,A man walks up to a lane in a bowling alley. he,"['then hits the pins with the bowling stick.', 'hits the ball far down the lane.', 'throws the ball and watches it glide down the lane multiple times.', 'bounces a bowling ball off the wall while using slots.']",activitynet~v_PpC4kPd5KfA,test,zeroshot,
2194,Playing ten pins,A man walks up to a lane in a bowling alley. He throws the ball and watches it glide down the lane multiple times.,it,A man walks up to a lane in a bowling alley. He throws the ball and watches it glide down the lane multiple times. it,"['knocks down all but two pins, which he misses the second time.', 'ends on the ground several times.', 'takes him several tries to get back on the lane but eventually he gets back on.', 'bounces back one more time and lands right on his leg.']",activitynet~v_PpC4kPd5KfA,test,zeroshot,
2199,Grooming horse,.,a girl in white top and blue jeans,. a girl in white top and blue jeans,"['is brushing the fur of the horse on one side then she moved on the other side and then brushed his leg.', 'walks from the gym doors towards a white table, grabs a lacrosse ball and puts it in the court, sits down and then slowly runs down the field using her legs to stretch directly into her body and hit the ball to her.', 'stands in the middle of a ring in a gym.', 'is standing at the end of a diving board.']",activitynet~v_Q1mh4F0L8Ec,test,zeroshot,
2200,Grooming horse,A girl in white top and blue jeans is brushing the fur of the horse on one side then she moved on the other side and then brushed his leg.,the lady,A girl in white top and blue jeans is brushing the fur of the horse on one side then she moved on the other side and then brushed his leg. the lady,"['grabbed the bottom of white horse and hem is as far off and then started brushing the horse under the chin showing the hair on top and top.', 'looked at the young girls hair and it looked good.', 'brushed the dog from side to side while she comb the long hair with scissors.', ""picked up a black bottle and spray the body of the horse, then brushed off the dirt off the horse shoes then put polished on the horse's feet.""]",activitynet~v_Q1mh4F0L8Ec,test,zeroshot,
2210,Hammer throw,An athlete performs hammer throw by spins a heavy ball several times with his body.,then,An athlete performs hammer throw by spins a heavy ball several times with his body. then,"[', the athlete throws the ball to the field.', ', the athlete drops the heavy ball on the ground as the audience cheers.', ', the athlete lands on his feet to recover and performs the throw many more times.', ', the athlete throws a heavy ball from a parallel bars on the field.']",activitynet~v_Q48_MDiak-w,test,zeroshot,
2289,Riding bumper cars,Teens drive electric bumper cars in an oval circuit while people watch behind the fence.,two girls in a yellow car,Teens drive electric bumper cars in an oval circuit while people watch behind the fence. two girls in a yellow car,"['ride by, also ride by in the gated course, while other teens drive down the course.', 'parked on a gravel driveway finish and a large crowd stands around.', 'wear protective helmets and kneel down to record record their actions.', 'get stuck, but then they continue driving.']",activitynet~v_QyTiHhG9qf0,test,zeroshot,
2303,Swinging at the playground,The boy moves back and fourth on the swing while another boy is seen swinging next to him.,the two,The boy moves back and fourth on the swing while another boy is seen swinging next to him. the two,"['continue moving back and fourth until the middle boy stops moving.', 'continue spinning around on the swing and dip and inverted before changing to them cutting off all limbs and pulverizing them.', 'continue moving around together while another boy kneels next to the swing.', 'continue swinging back and fourth while the camera captures them from different angles.']",activitynet~v_RCyZgp1F06s,test,zeroshot,
2321,Doing step aerobics,People are working out in a room.,they,People are working out in a room. they,"['are shown in several clips doing many different dance moves.', 'walk ni business tables and sit around talking.', 'measure and add weights.', 'are stepping up and down on a blue mat.']",activitynet~v_RTbvrcdPcrs,test,zeroshot,
2347,Waxing skis,A person holds small objects in their hands.,the person,A person holds small objects in their hands. the person,"['then puts a thumb under the faucet of the pump.', 'applies objects continuously to a wooden surface.', 'begins wrapping a gift.', 'puts syrup on their hands.']",activitynet~v_S2V2TgLAMKg,test,zeroshot,
2349,Waxing skis,"The person applies objects continuously to a wooden surface. When the person rubs on the smaller object, it puts a white residue on the surface.",when the person,"The person applies objects continuously to a wooden surface. When the person rubs on the smaller object, it puts a white residue on the surface. when the person","['rubs on the brown object, it removes the residue.', 'uses the iron to finish the object, it crawls off and is never seen.', 'rubs white residue on it the surface is shiny.', 'wipes the clear residue of the instrument onto the surface, the individual stands up and leaves the room.']",activitynet~v_S2V2TgLAMKg,test,zeroshot,
2373,Playing beach volleyball,It makes it over the net and the other team of two balls is able to hit it back over the net.,both pairs of people,It makes it over the net and the other team of two balls is able to hit it back over the net. both pairs of people,"['acknowledge the ball shortly after and congratulate each other.', 'are now on top of the net and the guy in the red shirt is also on the green team.', 'go back and forth again for an undetermined amount of time and both teams of the winning team are congratulated by the referee.', 'continue to play the game and eventually the side with the man and woman on the team end up winning.']",activitynet~v_SLPD1U5iDjY,test,indomain,
2404,Doing nails,A woman puts her hands down on a table with some wash cloths to get a manicure.,the manicurist,A woman puts her hands down on a table with some wash cloths to get a manicure. the manicurist,"['puts paint on the backs of her fingers to draw on the paint.', 'places a white wax on one hand.', 'puts some glass clear nail polish on her nails and then picks up a little bag of red glitter.', 'parades the female model to the side.']",activitynet~v_Svr-YN9ujkA,test,zeroshot,
2405,Doing nails,The manicurist puts some glass clear nail polish on her nails and then picks up a little bag of red glitter.,the manicurist,The manicurist puts some glass clear nail polish on her nails and then picks up a little bag of red glitter. the manicurist,"['paints the ends nail with a blue sparkle.', 'then grabs a paint brush from a box and starts to paint her nails.', 'applies a stool to her nails creating a rainbow color.', 'starts to put little fun decorations to make the nail look pretty.']",activitynet~v_Svr-YN9ujkA,test,zeroshot,
2406,Doing nails,The manicurist puts some glass clear nail polish on her nails and then picks up a little bag of red glitter. The manicurist starts to put little fun decorations to make the nail look pretty.,then she,The manicurist puts some glass clear nail polish on her nails and then picks up a little bag of red glitter. The manicurist starts to put little fun decorations to make the nail look pretty. then she,"['lays something on the finger to shine it and she takes a gold colored colored lipstick and lays it on the finger and pins it on and combs it.', 'puts a bouncy looked on the nails while the ending credits roll, and the knowing cat looks into the camera with the square bright red circle of glitter seen in the middle.', 'gets the gooey stuff and goes over the nails with it to prevent them from coming off.', 'takes some bath water and begins to rub the color on with a wet brush she has.']",activitynet~v_Svr-YN9ujkA,test,zeroshot,
2443,Doing nails,A lady paints her fingernails a plum color.,she,A lady paints her fingernails a plum color. she,"['picks up a nail and puts it into her eye.', 'puts a lid on a container.', 'removes a black polish and puts it on her finger.', 'then puts streaks and dots of black and silver on the nails to create a design.']",activitynet~v_THtDZ6g9csA,test,zeroshot,
2444,Doing nails,A lady paints her fingernails a plum color. She then puts streaks and dots of black and silver on the nails to create a design.,she,A lady paints her fingernails a plum color. She then puts streaks and dots of black and silver on the nails to create a design. she,"['colors in the finishes and puts a little diamond on each finger.', 'puts blue nail polish all over her nails.', 'takes a coat of nail polish and a tube and paints her finger nails with it, then paints the tip of her fingernail as well.', 'finishes and shows her painted nails.']",activitynet~v_THtDZ6g9csA,test,zeroshot,
2603,Cumbia,A young child is seen smiling to the camera and then begins dancing around.,the boy,A young child is seen smiling to the camera and then begins dancing around. the boy,"['is drinking a liquid off of a cup and another girl shows in the end dancing with another one.', 'grabs a harmonica and begins playing while spinning himself around while the camera watches and the girl continues to dance around while he plays.', 'continues dancing while the camera captures him moving up and down.', 'gets into a fight and holds a bowling ball up to hit it.']",activitynet~v_V-Yz865cbn4,test,zeroshot,
2671,Changing car wheel,A man is seen kneeling down to a tire an then places it on a machine.,he,A man is seen kneeling down to a tire an then places it on a machine. he,"['puts this in for repair and then replaces it while moving around the machine.', 'continues to use the machine to take the rubber off of the tire and ends by placing it back down.', 'pumps gas into a car and points to it.', 'begins pushing it around the yard and smiling to the camera.']",activitynet~v_Vm07Uu4_iCE,test,zeroshot,
2697,Windsurfing,"The person is parasailing the water. As the person sail, he started to bounce on the water.",the person,"The person is parasailing the water. As the person sail, he started to bounce on the water. the person","['racer on a sunny day.', 'maneuver the sail to turn around.', 'starts to stand on the water and flip with the other person in the boat.', 'is going in calm calm waters.']",activitynet~v_W0RYvQUUNe0,test,indomain,
2712,Canoeing,"A man in a canoe talks and paddles in a lake surrounded by large rocks, trees, foliage, stray kayaks, and other people in canoes.",the man,"A man in a canoe talks and paddles in a lake surrounded by large rocks, trees, foliage, stray kayaks, and other people in canoes. the man","['begins at a profile view holding a paddle while sitting in a canoe and talking to a camera occasionally pointing to a nearby shore with the paddle.', 'holds a knife with an electrical spell on the knife as he talks and kayaks near a large waterfall.', 'talks and paddles around stones and in forested areas with any wildlife going by.', 'talks for a while interspersed with surfer shows in the screen and more surfer talking.']",activitynet~v_WGzUnE043iA,test,indomain,
2714,Canoeing,The man then uses the paddle in the water to push the canoe off deeper into the water.,the man,The man then uses the paddle in the water to push the canoe off deeper into the water. the man,"['then goes finding sand to cover up the canoe.', 'begins to paddle freely in the water, passing along the way, a group of people on a canoe and several stray canoes and kayaks in the water, before facing the camera again in a close up and talking.', 'swims near shore and stands back up.', 'finally lets go and the canoes fall over into the deeper water.']",activitynet~v_WGzUnE043iA,test,indomain,
2800,Braiding hair,She turns around and grabs a handful of hair. The lady starts braiding her hair adding more hair as she braids.,the lady,She turns around and grabs a handful of hair. The lady starts braiding her hair adding more hair as she braids. the lady,"['finishes braiding the hair and takes a bow as she leaves.', 'pulls her braid in front of her and adds a hair tie.', 'is finished and looks up.', 'continues braiding her hair using multiple lengths.']",activitynet~v_XLspZ5bof7o,test,indomain,
2801,Braiding hair,The lady starts braiding her hair adding more hair as she braids. The lady pulls her braid in front of her and adds a hair tie.,she,The lady starts braiding her hair adding more hair as she braids. The lady pulls her braid in front of her and adds a hair tie. she,"[""pulls back her hair to show it's in place then clips a pink ribbon into the ends."", 'braids the braided hair into both ends and demonstrates her style.', 'then shows the finished style.', 'pulls her hair to loosen the braid and turns to the camera and smiles.']",activitynet~v_XLspZ5bof7o,test,indomain,
2867,Removing ice from car,"A man wearing a hood is opening a paper, then he went down the stair and walked to a pathway.",the woman,"A man wearing a hood is opening a paper, then he went down the stair and walked to a pathway. the woman","['in the table is talking to the camera, then she get up in the same chair and started to make some curlers.', 'around him is standing in the pesto and they started doing a dance.', 'then followed him and make the path and join on stage.', 'is talking to the camera and showing the ground covered with snow.']",activitynet~v_YDNEa5ZOf6c,test,indomain,
2869,Doing nails,A tutorial is given on how to make a perfect french manicure.,an advertisement,A tutorial is given on how to make a perfect french manicure. an advertisement,"['is shown for a mud disposable razor.', 'with lines is shown in the bottom left corner.', 'is shown at the end.', 'shows the clip on how to create a nice scotch wax to polish a large cut of cake.']",activitynet~v_YED3l3gkrk4,test,zeroshot,
2905,Riding bumper cars,A group of kids are inside a building.,they,A group of kids are inside a building. they,"['are riding bumper cars inside.', 'are playing on a changing table.', 'are all riding bumper cars around a track.', 'are on skateboards, riding them down hills and passing over small waterfalls.']",activitynet~v_YizcSEo0bTo,test,zeroshot,
2906,Riding bumper cars,A group of kids are inside a building. They are all riding bumper cars around a track.,they,A group of kids are inside a building. They are all riding bumper cars around a track. they,"['bump and slam into each other.', 'hit a large, black ball, trying to beat each other.', 'dart, jump, and spin as they get stuck.', 'crash into each other in the end.']",activitynet~v_YizcSEo0bTo,test,zeroshot,
2928,Bungee jumping,"A car is driving down a road with passengers. The men gather on a bridge, adorning equipment.",a man in a gorilla costume,"A car is driving down a road with passengers. The men gather on a bridge, adorning equipment. a man in a gorilla costume","['jumps off the bridge and flips in the air.', 'rides in a raft into the river.', 'walks along the bridge.', 'rides his skateboard across the bridge, to the other side jumping off.']",activitynet~v_YxUNzzrgJnI,test,zeroshot,
2931,Belly dance,A woman is seen performing a dance routine on a stage in front of a large audience.,the woman,A woman is seen performing a dance routine on a stage in front of a large audience. the woman,"['continues dancing and ends by holding a pose and showing her score.', 'spins around and throws herself down onto the stage and celebrates in the end.', 'continues dancing all around the stage and ends with a bow and walking off stage.', 'dances a series of elegantly hip sequential moves while the audience watches from the sides.']",activitynet~v_YynqCEoHKCk,test,zeroshot,
2975,Installing carpet,A person is seen moving down a set of stairs and holding out various measuring items.,the man,A person is seen moving down a set of stairs and holding out various measuring items. the man,"['kneels down and begins putting carpeting down on the floor as well as on the stairs.', 'then puts objects of clothing on and begins shaving his leg.', 'walks over and lays down on a blanket in front of a fire.', 'then adds tools and tom and jerry begin measuring out several items and cutting the ends.']",activitynet~v_ZVKUKjVYwF8,test,indomain,
2976,Installing carpet,The man kneels down and begins putting carpeting down on the floor as well as on the stairs.,the man,The man kneels down and begins putting carpeting down on the floor as well as on the stairs. the man,"['is also spreading metal cement onto the floor to mark it as he works.', 'continues putting lined carpet onto the stairs and escalator.', 'continues taking down wallpaper until the room is completely finished.', 'finishes putting the carpet down and the camera zooming in on his work.']",activitynet~v_ZVKUKjVYwF8,test,indomain,
3023,Bullfighting,The man walks closer to the bull and the bull attacks several people while they also try to pull him down by his head and tail.,they,The man walks closer to the bull and the bull attacks several people while they also try to pull him down by his head and tail. they,"['continue riding around the pool coming at the running bull.', 'continue pushing the bull off the road and the camera shows multiple vehicles and people lining up to get into the circle.', 'finally all break away at once.', 'finally win the fight while he gets thrown into the ground for redecorating.']",activitynet~v__7a80bvsbk8,test,indomain,
3061,Walking the dog,"A black screen appears and quickly white words fly across it and they say ""here it comes set for full screen"".",a picture of a snowcapped mountain appears and white words on the screen,"A black screen appears and quickly white words fly across it and they say ""here it comes set for full screen"". a picture of a snowcapped mountain appears and white words on the screen","['say "" hartel productions "".', 'say there is a male snowboarder securely tethered to a pair of small, swinging poles.', 'say "" mount zion, heel "" and "" amari calle "".', 'say "" carwash one 20 pm-10pm "".']",activitynet~v__m8WprCWHF4,test,indomain,
3062,Walking the dog,"A black screen appears and quickly white words fly across it and they say ""here it comes set for full screen"". A picture of a snowcapped mountain appears and white words on the screen say ""hartel productions"".",a wooden board,"A black screen appears and quickly white words fly across it and they say ""here it comes set for full screen"". A picture of a snowcapped mountain appears and white words on the screen say ""hartel productions"". a wooden board","[""then appears on a floor and when the board hits it, white text appears and say this is the hirne house, the mans family has one of the children storage, there's a white computer and a garage door named fahoka ams on the wall."", 'then appears and says "" just restart portion 2 "" and talks to the camera briefly before fading to black.', 'with "" reader\'s knives as caramel "" and "" strawberry jam on top "" appear in the scene, then quickly an orange colored screen appears.', 'appears at an outdoor area an it say\'s "" clam beach county park welcome north day use parking "", then in yellow some text appears that say "" the dog walk "".']",activitynet~v__m8WprCWHF4,test,indomain,
3064,Walking the dog,Various still shots of people walking with dogs or walking alone along a road appear along with various shots of the area and titles of what they are.,at the end,Various still shots of people walking with dogs or walking alone along a road appear along with various shots of the area and titles of what they are. at the end,"['there are still shots of dogs getting loaded into a car, the dogs in the car, a man loading the car with his walker, a closing sign and then yellow words appear that say "" the end "" and it fades to black.', 'of each of the pictures, a little girl is holding a purple bow and she starts shooting back down the road.', ', several men are shown running while a bearded man continuously dirts up followed by more clips of the same scene.', 'the people get up close to the camera and a still image of mow the lawn is shown.']",activitynet~v__m8WprCWHF4,test,indomain,
3067,Tug of war,We see an opening title screen. We see kids in purple pose for a photo.,the kids,We see an opening title screen. We see kids in purple pose for a photo. the kids,"['then go outside and wait to get on the raft as the adults are trying to make a life raft.', 'are getting their nails done in pairs.', 'pose outside before climbing into their vehicles.', 'then play tug of war as two girls stand nearby cheering.']",activitynet~v__nup1BwPnXc,test,zeroshot,
3069,Tug of war,The kids then play tug of war as two girls stand nearby cheering. We switch to a girl and a boy cheering.,we,The kids then play tug of war as two girls stand nearby cheering. We switch to a girl and a boy cheering. we,"['switch quickly and see a replay then a man standing next to a fence.', 'then see a man in about ten feet and shots of the children playing.', 'see two different kids cheering.', 'see a lady run and pull a cord on the kid who grabs the rope.']",activitynet~v__nup1BwPnXc,test,zeroshot,
3070,Tug of war,The kids then play tug of war as two girls stand nearby cheering. We switch to a girl and a boy cheering. We see two different kids cheering.,we,The kids then play tug of war as two girls stand nearby cheering. We switch to a girl and a boy cheering. We see two different kids cheering. we,"['see the start screen again.', 'switch the cheering kids again.', ""see four girls clap and some wear ribbons to sign people's autographs."", 'see the ending screen.']",activitynet~v__nup1BwPnXc,test,zeroshot,
3072,Tug of war,We switch the cheering kids again. The kids win and an jump and cheer as one girl talks to a teacher.,we,We switch the cheering kids again. The kids win and an jump and cheer as one girl talks to a teacher. we,"['see the girls shooting baskets from a small hoop.', 'see the competitors closing off a line for a final jump.', 'see the ending credits.', 'see the carwash again.']",activitynet~v__nup1BwPnXc,test,zeroshot,
3077,Springboard diving,A boy jumps on a diving board high.,then,A boy jumps on a diving board high. then,"[', the boy jumps in the swimming pool and dive.', ', a man is demonstrating how to jump making a flip.', ', the boy jumps on a slope on the side of the water towards the diving board.', ', the boy jumps and flips three time, but falls on his back making a big splash.']",activitynet~v__pYDg0B6_tw,test,zeroshot,
3127,Riding bumper cars,First the people are all shown sitting in their cars in one long line.,then the cars,First the people are all shown sitting in their cars in one long line. then the cars,"['are all moved to different locations and then the people start dancing together while riding around in their cars.', 'get powered on and they are able to get driven.', 'begin to go down the course while he waves, walking in and out of frame.', 'are left parked in the same line as the first few an people start walking towards the cars.']",activitynet~v_aIwFZCRFHx8,test,zeroshot,
3128,Riding bumper cars,First the people are all shown sitting in their cars in one long line. Then the cars get powered on and they are able to get driven.,after the people,First the people are all shown sitting in their cars in one long line. Then the cars get powered on and they are able to get driven. after the people,"['who were not participating are tied up in inflatable tires.', 'get together outside, they go to a restaurant to have dinner.', 'are done driving they all get out of the cars.', 'are walking along the sidewalk talking to the camera before riding out of the derby.']",activitynet~v_aIwFZCRFHx8,test,zeroshot,
3136,Hammer throw,There's an athlete doing the hammer throw in a large stadium with some spectators and few other players watching him. He begins by swinging the hammer string in his hands while rotating his body.,two people,There's an athlete doing the hammer throw in a large stadium with some spectators and few other players watching him. He begins by swinging the hammer string in his hands while rotating his body. two people,"['then appear in his run off field where they then show a large medal showing a man.', 'are kneeling in the sand behind him.', ""step forward to see where the athlete's ball has landed."", ""in front of him are also performing hammer throw, serving and chasing the ball very quickly as he goes, as if he doesn't need to go fast at all.""]",activitynet~v_aT5S8PcnlXo,test,zeroshot,
3137,Hammer throw,He begins by swinging the hammer string in his hands while rotating his body. Two people step forward to see where the athlete's ball has landed.,the athlete,He begins by swinging the hammer string in his hands while rotating his body. Two people step forward to see where the athlete's ball has landed. the athlete,"['then swings his body around to throw the hammer string from his legs.', 'then makes his jump onto another trampoline to test the athletic stance.', 'then uses his feet to swing the hammer string and returns to swinging the hammer string into the air and doing various other exercises in the middle of the string.', 'does another hammer throw and the distance of his throw is measured annd his statistics are shown on screen.']",activitynet~v_aT5S8PcnlXo,test,zeroshot,
3138,Hammer throw,The athlete does another hammer throw and the distance of his throw is measured annd his statistics are shown on screen.,the spectators in the bleachers,The athlete does another hammer throw and the distance of his throw is measured annd his statistics are shown on screen. the spectators in the bleachers,"['are sitting forward watching.', 'have their hands in the air and celebrate.', 'high five each other and shake hands.', 'watch the sporting event.']",activitynet~v_aT5S8PcnlXo,test,zeroshot,
3188,Doing crunches,.,a woman dressed in a black tank top and black tights,. a woman dressed in a black tank top and black tights,"['is sitting down at a table, combing her hair on both sides.', 'is doing stomach crunches on a mat.', 'is standing in the center of the classroom and is flipping and twirling her hair.', 'is standing in her workshop area talking and pointing to a workbench.']",activitynet~v_bCtiTOEf9KI,test,indomain,
3190,Doing crunches,A woman dressed in a black tank top and black tights is doing stomach crunches on a mat. She is exercising on a hardwood floor in the gym.,she,A woman dressed in a black tank top and black tights is doing stomach crunches on a mat. She is exercising on a hardwood floor in the gym. she,"['twists and turns on the mat demonstrating an extended hand motion.', ""is pushing the dumbbells up and down to demonstrate the correct step and when she's done, she walks to the end of the mat and knees down in the floor."", 'continues doing her stomach crunches.', 'continues to read off of the workout records that she has accumulated over the years.']",activitynet~v_bCtiTOEf9KI,test,indomain,
3204,Playing water polo,The white water polo team huddles together. The game begins and blue scores while deep in the white defense to tie the game.,white,The white water polo team huddles together. The game begins and blue scores while deep in the white defense to tie the game. white,"['teammates lead as individuals on the tee.', 'answers with a powerful goal to grab the lead back.', 'text appears on the screen indicating a red star has scored.', 'scores and the white team sponsors a competition.']",activitynet~v_bHxWHW2PGy4,test,indomain,
3205,Playing water polo,The game begins and blue scores while deep in the white defense to tie the game. White answers with a powerful goal to grab the lead back.,blue,The game begins and blue scores while deep in the white defense to tie the game. White answers with a powerful goal to grab the lead back. blue,"['moves in and after a couple of passes ties the game back up.', 'the net goes up ages later and contains 8 players on the away.', ""proceeds to catch the ball but it's blocked with an obstacle to make it down the field."", 'score is scored while the blue team scores and the blue team celebrates.']",activitynet~v_bHxWHW2PGy4,test,indomain,
3206,Playing water polo,White answers with a powerful goal to grab the lead back. Blue moves in and after a couple of passes ties the game back up.,white scores,White answers with a powerful goal to grab the lead back. Blue moves in and after a couple of passes ties the game back up. white scores,"['and lines up to receive his high kicks.', 'and throws the stick.', 'and blue throws the ball and everyone cheers.', 'to take the lead, and blue comes right back to tie once again.']",activitynet~v_bHxWHW2PGy4,test,indomain,
3207,Playing water polo,"White scores to take the lead, and blue comes right back to tie once again.",a scramble for the ball,"White scores to take the lead, and blue comes right back to tie once again. a scramble for the ball","['is when he is able to run, but the gray team scores and the red team wins.', 'is shown in slow motion, followed by scores including blue.', 'is shown, playing with confetti on the floor.', 'results in white gaining a 2-on-1 advantage and a goal.']",activitynet~v_bHxWHW2PGy4,test,indomain,
3208,Playing water polo,"White scores to take the lead, and blue comes right back to tie once again. A scramble for the ball results in white gaining a 2-on-1 advantage and a goal.",they,"White scores to take the lead, and blue comes right back to tie once again. A scramble for the ball results in white gaining a 2-on-1 advantage and a goal. they","['compete in a game of hockey with the white team again taking the ball in each hand and celebrating.', 'are heart to heart, and showing the proper way to pass.', 'push their lead further late and put the game out of reach, winning 14-10.', 'move to the center of the court, john comes up next and gives a high five to the blue team.']",activitynet~v_bHxWHW2PGy4,test,indomain,
3224,Hammer throw,We see a man winding up to throw the hammer in track and field on his third attempt.,after it,We see a man winding up to throw the hammer in track and field on his third attempt. after it,"[""'s done, several other people come and start making the same jump, but fail miserably."", 'is thrown, the man spins on his stilts and then hurls the hammer onto the field.', ""'s thrown we see men measuring the distance."", ""'s over, we see the door open and three people walk in.""]",activitynet~v_bULPHJydFTQ,test,zeroshot,
3226,Hammer throw,We see a man winding up to throw the hammer in track and field on his third attempt. After it's thrown we see men measuring the distance. We then see his fifth attempt and the measuring.,we,We see a man winding up to throw the hammer in track and field on his third attempt. After it's thrown we see men measuring the distance. We then see his fifth attempt and the measuring. we,"['see the countdown begin.', 'see a man in a clear blue uniform congratulate the man preparing to throw on the field.', 'then see his sixth attempt and measuring.', 'see the end screen and see.']",activitynet~v_bULPHJydFTQ,test,zeroshot,
3242,Riding bumper cars,A large group of people are at a carnival playing in their own bumper cars and a few of them bump into one another and come to a stop.,they,A large group of people are at a carnival playing in their own bumper cars and a few of them bump into one another and come to a stop. they,"['continue driving around on the bumpy road and the sky above them turns blue and purple.', 'laugh and begin to pull their bumper cars away from one another.', 'are then seen moving along easier and more bagpiper rides get ride on their bumper cars and they all ride around in the cars flipping and bumping into one another.', 'continue to drive around as the drivers look around and point.']",activitynet~v_bX8QXK9mjKA,test,zeroshot,
3243,Riding bumper cars,A large group of people are at a carnival playing in their own bumper cars and a few of them bump into one another and come to a stop. They laugh and begin to pull their bumper cars away from one another.,the people,A large group of people are at a carnival playing in their own bumper cars and a few of them bump into one another and come to a stop. They laugh and begin to pull their bumper cars away from one another. the people,"['gradually come back to life and start racing around the carnival, kicking up huge amounts of dust.', 'start driving around again where they all continue to either bump into one another or just drive around.', 'take turns getting out of their cars and waving to other people and jumping onto the bumper cars and carrying them away.', 'continue ahead having fun, while the red cars are stopped and emergency vehicles are going by laying down graffiti and waving white signs.']",activitynet~v_bX8QXK9mjKA,test,zeroshot,
3244,Riding bumper cars,The people start driving around again where they all continue to either bump into one another or just drive around.,eventually all the bumper cars,The people start driving around again where they all continue to either bump into one another or just drive around. eventually all the bumper cars,"['begin to crash and one of the men throws something at them and they eventually have a fight ending when he gets thrown out of the video.', 'reappear and the people push them back and forth until they all speed back around.', 'stop and the person on the right puts the vehicle down playing with the boys on the edge of the hand benches.', 'come to a complete stop and the ride is over.']",activitynet~v_bX8QXK9mjKA,test,zeroshot,
3298,Wrapping presents,A person shows how to warp a gift like a professional and do fancy ornaments and ribbons on gifts. The woman arrange a gift basket and shows a pile of nice gifts.,then,A person shows how to warp a gift like a professional and do fancy ornaments and ribbons on gifts. The woman arrange a gift basket and shows a pile of nice gifts. then,"[', the people cut out ribbons and hang the gift on a tree.', ', the woman sitting on stands and explains the proper use of a gift basket.', ', the woman adds a belt, tie, and ribbon in a plastic bag with back loops and bow areas.', ', the woman wraps gifts with different shapes and ornaments.']",activitynet~v_c-X500da7JU,test,indomain,
3338,Throwing darts,A man in a blue shirt lifts a kid onto a counter. The kid starts throwing darts at balloons on the wall.,the woman behind the counter,A man in a blue shirt lifts a kid onto a counter. The kid starts throwing darts at balloons on the wall. the woman behind the counter,"['moves aside to let the kid pass.', 'gets up and walks out of the store.', 'helps to dart the darts.', 'hands the boy a toy.']",activitynet~v_cJiwi-wB1FY,test,indomain,
3369,Grooming horse,The girl brushes of the coat of the horse in a stable. The girl removes the ankle braces from the horse.,the girl,The girl brushes of the coat of the horse in a stable. The girl removes the ankle braces from the horse. the girl,"['remounts the horse for a ride in the stable.', 'ties up the ankles of the horse.', 'covers the horse with mallets.', 'wraps up the braces together an puts them away.']",activitynet~v_cdiazgshHuc,test,zeroshot,
3377,Hurling,We see men on a lacrosse field playing a game.,a man,We see men on a lacrosse field playing a game. a man,"['that was standing starts a particular match and ends by throwing the ball to his opponent.', 'hits the ball and the men run on the field.', 'falls on the ground, and a referee comes to help him.', 'takes off his helmet.']",activitynet~v_ckzLOLHjP44,test,indomain,
3380,Doing step aerobics,People are standing in a room working out.,they,People are standing in a room working out. they,"['get in an elevator and start riding it to the top.', 'are stepping up and down on small stepping stools.', 'start dancing when they get done.', 'are drawing flat lines into the floor.']",activitynet~v_cp52LdlmlUk,test,zeroshot,
3381,Doing step aerobics,People are standing in a room working out. They are stepping up and down on small stepping stools.,they,People are standing in a room working out. They are stepping up and down on small stepping stools. they,"['are doing several dance moves on the stool.', 'continue working out in the room.', 'walk to different steps and step on them.', 'stand up and do the hand stand.']",activitynet~v_cp52LdlmlUk,test,zeroshot,
3404,Painting,"A black screen appears with white words that read ""how to paint a paneled door"".",a man,"A black screen appears with white words that read ""how to paint a paneled door"". a man","['uses a tool to paint the door like an indoor lawn mower and then he cuts the paint.', ""then appears in front of a red door that is leaning up against a wall that has plastic on it, and he's talking and touching the door."", 'then appears, he is now showing paint brushes, and begins painting the door and taking off the decorative strips.', 'is shown putting black paint on the inner edge of the door and then spray paint it white with a paintbrush from a table.']",activitynet~v_czh5nNO_Eow,test,indomain,
3405,Painting,"A man then appears in front of a red door that is leaning up against a wall that has plastic on it, and he's talking and touching the door.",the man,"A man then appears in front of a red door that is leaning up against a wall that has plastic on it, and he's talking and touching the door. the man","['is then outside of a house where the scenery is in full color.', 'now is standing in front of a parallel bars and begins to show all of the various ways that the chains work.', 'then grabs a paint brush and begins painting on paints various parts of the door while continuing to talk.', 'then puts a bulb on in his hand and starts turning it very slowly around in circles to show several different knobs and knobs and angles and everything.']",activitynet~v_czh5nNO_Eow,test,indomain,
3406,Painting,The man then grabs a paint brush and begins painting on paints various parts of the door while continuing to talk.,the man,The man then grabs a paint brush and begins painting on paints various parts of the door while continuing to talk. the man,"['then writes on the door one final time and pours the paint on a sheet.', 'then puts a get up on the door and plays with it while still talking to the camera and and walking back inside.', 'stops painting, and begins talking as he points at a few things on the door.', 'then takes a different brush and paints on after putting the paint brush in his mouth.']",activitynet~v_czh5nNO_Eow,test,indomain,
3407,Painting,"The man stops painting, and begins talking as he points at a few things on the door.",a black screen,"The man stops painting, and begins talking as he points at a few things on the door. a black screen","['appears with white words that read "" billiards 2013 diane wis/dutch championships dot com "".', 'with white letters appear and change a lot of the words before a boarding school appears, and another boy with a hood pulled over his face comes in and shows his painted hands.', 'appears with white words that include a website if someone wants more information.', 'graphic appears that has a white dot pattern across it and say\'s "" hong kong "", "" hong kong texas bowie super belaying yellow eye "", and "" nicoland santiago jutarac band "" and "" the game call kick ball "" are on the screen.']",activitynet~v_czh5nNO_Eow,test,indomain,
3465,Washing dishes,"A woman in white shirt is standing next to a metal sink, she take out two white plates, silver container, strainer, spoons, and placed it on the metal container next to the sink.",she,"A woman in white shirt is standing next to a metal sink, she take out two white plates, silver container, strainer, spoons, and placed it on the metal container next to the sink. she","['then take a pan in the sink, put water, put liquid soap in a sponge, rub it on the plates, lid, container, spoons.', 'put sticky dry fries onto the mustard.', 'then grabs a sponge and started scrubbing the clothes hard with it, she use the sponge to wash the uniforms, shoes, plates, and cutlery.', 'removed a wipe wipe, then put a towel from drawer on the sink.']",activitynet~v_drjYCuezfA8,test,zeroshot,
3466,Washing dishes,"She then take a pan in the sink, put water, put liquid soap in a sponge, rub it on the plates, lid, container, spoons.",she,"She then take a pan in the sink, put water, put liquid soap in a sponge, rub it on the plates, lid, container, spoons. she","['then pour a thick layer of powdered sugar into the pan.', 'add what is in a bowl to a large bowl making black wine sauce.', 'puts salt, pepper, carrots and mushrooms in the pan, adds cereal, salt, and vegetables.', 'wiped the counter with her hand, then placed a green basket, rinse the plates, lid, container, pan, and put them in the basket.']",activitynet~v_drjYCuezfA8,test,zeroshot,
3493,Playing ten pins,"A special effect bowling theme intro appears and the text in the middle read ""chris hardwick's all star celebrity bowling"".",there,"A special effect bowling theme intro appears and the text in the middle read ""chris hardwick's all star celebrity bowling"". there","['serposed ladies, candy canes, reindeer and cheerleaders adorning the bowling stadium that includes colored suits and blue robes are shown in various locations adorning the tower, alternating with new designs, helping them adjust, shopping later and looking very bored.', 'is still a man standing in the middle of the bowling lane but he is now robotic and only has steps to move.', 'are numerous people in bowling alleys, plays, and mini dog\'s on the video, talking about the special effect bowling event and the changes their names to "" rodeos "" and "" obama halved.', 'are four men posing in a bowling alley, all are wearing yellow shirts and their team name text say\'s "" nerdist "".']",activitynet~v_e1bHYT-G__8,test,zeroshot,
3494,Playing ten pins,"There are four men posing in a bowling alley, all are wearing yellow shirts and their team name text say's ""nerdist"".",a group of 4 people,"There are four men posing in a bowling alley, all are wearing yellow shirts and their team name text say's ""nerdist"". a group of 4 people","['stood on a bowling lane, placed a basket on the ground, and played logo for the competition.', 'appear next and there are 3 men and 1 woman and the team name text say\'s "" wwe superstars "".', 'have gathered to show how they can do the various bowling tricks and turn themselves into a badminton court in one sharp turn.', 'mixels in bowling balls, throw the balls to each other and then get dressed up in bowler hats, logos and tie ties.']",activitynet~v_e1bHYT-G__8,test,zeroshot,
3497,Playing ten pins,"Large yellow words on the screen appear and it say's ""team nerdist wins!"" and the entire team gets up and celebrates.",a nerdist team member,"Large yellow words on the screen appear and it say's ""team nerdist wins!"" and the entire team gets up and celebrates. a nerdist team member","['picks up an orange ball off the ground and throws it at the other two.', 'happily speaks into the camera, and then unhappy member from another team unhappily speaks to the camera.', 'runs up the edge of a cliff and trampoline to get to the top and the different people get up and celebrate.', 'wearing gray shirt holds the microphone and the words on the screen say\'s "" team gyvems in 3 on 4 teams play paddling through the water with/along a path while water splashed along the sides.']",activitynet~v_e1bHYT-G__8,test,zeroshot,
3505,Playing flauta,The video takes place in a theater showing a symphony play a song.,the video,The video takes place in a theater showing a symphony play a song. the video,"['slows down the introduction for the pop song.', 'shows close ups of several of the symphony members as they play their instruments.', 'takes place in a classroom and the students dance as much as they can to music as a conductor would.', 'switches to a woman confused by events at the top of stairs.']",activitynet~v_eChLCFAGyx0,test,zeroshot,
3507,Playing flauta,The video shows close ups of several of the symphony members as they play their instruments. The camera then pans out to show the audience.,the symphony,The video shows close ups of several of the symphony members as they play their instruments. The camera then pans out to show the audience. the symphony,"['appears to be singing as they play.', 'continues to play as the conductor leads.', 'orchestra begins to play at a pace that is fast and aggressively.', 'orchestra starts their performance.']",activitynet~v_eChLCFAGyx0,test,zeroshot,
3524,Playing piano,A man taps the top of a piano with a stick and talks to a large band sitting in front of him.,he,A man taps the top of a piano with a stick and talks to a large band sitting in front of him. he,"['sits down at the piano and he and the band play.', 'then plays the piano in a duet, the orchestra joining in as well.', 'then plays and briefly talks to them.', 'begins to play and dance with his fingers and a smaller group of people at the each end still performing.']",activitynet~v_eOmL8f-yB40,test,indomain,
3545,Playing blackjack,People sit at a black jack table.,a man,People sit at a black jack table. a man,"['is playing a black jack machine.', 'throws darts at a dart board.', 'sits behind the table dealing the cards.', 'is surrounded by boxes of soda.']",activitynet~v_eepvgF5Fi_Q,test,indomain,
3593,Playing ten pins,There are 3 men and 1 woman.,each of them,There are 3 men and 1 woman. each of them,"[""wears sunglasses and have balaclavas on as they go through different sights of florida and the client's neighborhood."", 'are on a skateboard using different tools and games to do various tricks and stunts on the boards.', 'show and tell you their way of bowling to earn strikes and get perfect scores on the high scoreboard.', 'performs several various flips and tricks using a 360 degree focus.']",activitynet~v_f1YrGAkQd0U,test,zeroshot,
3701,Throwing darts,One of the men wearing a green shirt aims the dart board with a dart to hit the bull's eye on one board. Another man also hits the dart on the other dart board.,the man in green,One of the men wearing a green shirt aims the dart board with a dart to hit the bull's eye on one board. Another man also hits the dart on the other dart board. the man in green,"['shoots another dart and then goes to remove it from the dart board.', 'stands to hit another board.', 'holds his shirt off his face.', 'hits two darts and falls to the ground, he is crying.']",activitynet~v_gMaakjqhNmM,test,indomain,
3702,Hammer throw,A woman walks into a partially netted area.,the woman,A woman walks into a partially netted area. the woman,"['takes out a pinata.', 'stands preparing to hammer throw.', 'then lifts up a skateboard with a handle.', 'bends over, then hops across a jump.']",activitynet~v_gPtpPiea0iQ,test,zeroshot,
3703,Hammer throw,A woman walks into a partially netted area. The woman stands preparing to hammer throw.,the woman,A woman walks into a partially netted area. The woman stands preparing to hammer throw. the woman,"['then runs down the track and throws two stones towards a target.', 'lines up her shot while swinging.', 'is standing in her house, letters written about her training are displayed on the wall.', 'performs the hammer throw.']",activitynet~v_gPtpPiea0iQ,test,zeroshot,
3705,Hammer throw,The woman performs the hammer throw. The hammer is seen landing with judges walking towards it. The woman raises her arm.,the woman,The woman performs the hammer throw. The hammer is seen landing with judges walking towards it. The woman raises her arm. the woman,"['spins around while throwing the hammer.', 'walks out of the netted area.', 'walks with the hammer on her arm.', 'runs towards the bull.']",activitynet~v_gPtpPiea0iQ,test,zeroshot,
3706,Hammer throw,The hammer is seen landing with judges walking towards it. The woman raises her arm. The woman walks out of the netted area.,the woman,The hammer is seen landing with judges walking towards it. The woman raises her arm. The woman walks out of the netted area. the woman,"['gets a paper, and writes on the side then wipes it on a towel.', 'raises her arm again.', 'is seen working hard as the hammer waives before her.', 'is seen again in the studio smiling.']",activitynet~v_gPtpPiea0iQ,test,zeroshot,
3715,Hammer throw,Betty heidler competes in the olimpic games in the women's hammer category.,betty haidler,Betty heidler competes in the olimpic games in the women's hammer category. betty haidler,"['stands in the wide open field outside alone.', 'is really amazing and she can show how she learned to never have a strike.', 'uses her behinds to measure distance.', 'seems really focused and determined to go home with a prize.']",activitynet~v_gYBIX_tGaXo,test,zeroshot,
3716,Hammer throw,Betty heidler competes in the olimpic games in the women's hammer category. Betty haidler seems really focused and determined to go home with a prize.,betty heidler,Betty heidler competes in the olimpic games in the women's hammer category. Betty haidler seems really focused and determined to go home with a prize. betty heidler,"['is on the tv hosting a news segment.', 'starts spinning and then with all the momentum tossed the hammer really far away.', 'makes her first goal of the day in the market and she takes a long time to get to the end of her goal.', 'walks into the office of an individuals community and goes straight home with a prize.']",activitynet~v_gYBIX_tGaXo,test,zeroshot,
3717,Hammer throw,Betty haidler seems really focused and determined to go home with a prize. Betty heidler starts spinning and then with all the momentum tossed the hammer really far away.,betty heidler,Betty haidler seems really focused and determined to go home with a prize. Betty heidler starts spinning and then with all the momentum tossed the hammer really far away. betty heidler,"['classified to the next round as the toss was successfull.', 'falls while bowling and is dragged back by teh and rod.', 'now has a lot of momentum and continues making the hammer until the but of course, the hammer falls and quite a few people start running to get it.', 'returns with a goal of doing it and her victory is shown.']",activitynet~v_gYBIX_tGaXo,test,zeroshot,
3718,Hammer throw,Betty heidler starts spinning and then with all the momentum tossed the hammer really far away. Betty heidler classified to the next round as the toss was successfull.,someone,Betty heidler starts spinning and then with all the momentum tossed the hammer really far away. Betty heidler classified to the next round as the toss was successfull. someone,"['else comes up and then off the screen for awhile.', ""interviews betty heidler and she's really happy about qualifying to the next rounds of the game."", 'sets the hammer and sits on the ground to shake hands with other.', 'approaches the counter holding a cup and presents it to the dealers martini glass to display its contents.']",activitynet~v_gYBIX_tGaXo,test,zeroshot,
3748,Springboard diving,A young child is seen walking to the end of a diving board and looking off into the camera.,the boy,A young child is seen walking to the end of a diving board and looking off into the camera. the boy,"['then dives into the water and the camera captures him moving from underwater.', 'then dives into the pool to change clothes and reappears back in the pool.', 'then dives in and begins flying across the board with other kids chasing him.', 'then grabs onto the rope and begins to jump off the side.']",activitynet~v_h1bdAd1cXSw,test,zeroshot,
3850,Playing accordion,A man dressed in all black and a mask on is outside in a public place playing and instrument with bags in the middle and small keyboard on the outside of it.,as he,A man dressed in all black and a mask on is outside in a public place playing and instrument with bags in the middle and small keyboard on the outside of it. as he,"['plays, multiple people walk by continuing on with their life.', ""'s playing, he throws a violin from the bags onto the ground and begins to play the violin directly on the violin."", 'plays the music picks up speed as well as a woman playing in the background that is a little closer to the camera.', 'is playing, another man is seen walking in and asking some questions with his hand over his mouth.']",activitynet~v_i0rC2mfp7mI,test,indomain,
3851,Playing accordion,"A man dressed in all black and a mask on is outside in a public place playing and instrument with bags in the middle and small keyboard on the outside of it. As he plays, multiple people walk by continuing on with their life.",none of them,"A man dressed in all black and a mask on is outside in a public place playing and instrument with bags in the middle and small keyboard on the outside of it. As he plays, multiple people walk by continuing on with their life. none of them","['acknowledge the man playing his instrument till he finishes.', 'seem to see the man playing as he continues to play furiously.', 'acknowledge him and the hat in front of hi remains empty.', 'notice him or the man playing, they are working or simply enjoying themselves.']",activitynet~v_i0rC2mfp7mI,test,indomain,
3852,Cumbia,There are several people gathered on the street where live music is playing.,there,There are several people gathered on the street where live music is playing. there,"['are couples dancing together to the music doing the salsa style of dance.', 'are several houses in the street and many people begin singing.', 'is several cars parked at the curb.', 'are people wearing orange canvas jumpsuits doing martial arts.']",activitynet~v_i1llwxnI_Vo,test,zeroshot,
3854,Cumbia,There are many restaurants and stores in that town square where people are gathered to see the couples dance.,some of the bystanders,There are many restaurants and stores in that town square where people are gathered to see the couples dance. some of the bystanders,"['are video taping the dancers.', 'finally get a good look at the couples dance.', 'have gathered on the dry riverbed, and are watching the couples dance.', 'are taken off guard by the heroes playing pool in his backyard.']",activitynet~v_i1llwxnI_Vo,test,zeroshot,
3856,Cumbia,Some of the bystanders are video taping the dancers. The couples continue to dance till the music ends.,one guy,Some of the bystanders are video taping the dancers. The couples continue to dance till the music ends. one guy,"[""asks the other guy what he's doing."", ""turns around and leaves but a man doesn't follow."", 'goes after another before exiting the stage.', 'kisses his girlfriend on the cheek after the dance is over.']",activitynet~v_i1llwxnI_Vo,test,zeroshot,
3904,Grooming horse,A hand is put into a brush and moves the hair to be piled up and vaccumed with the other hand. The middle section is done and the horse stands still while being cut down.,now,A hand is put into a brush and moves the hair to be piled up and vaccumed with the other hand. The middle section is done and the horse stands still while being cut down. now,"['blow dry the mane with a clipper and a hair dryer.', 'only one calf is left and the expert is now done with his work.', "", the middle is done and the person moves to the back of the horse until all of the horse's body is cut down."", 'the clothes are put on the horse and the reins removed.']",activitynet~v_ienRkMdn_OM,test,zeroshot,
3935,Cleaning sink,"Cleaning materials sit next to a double sink, then a person puts a bottle with blue liquid next to the cleaning materials.",after,"Cleaning materials sit next to a double sink, then a person puts a bottle with blue liquid next to the cleaning materials. after","[', the person pours a little bit of blue liquid in the sink and scrubs the sinks with a sponge.', ', the person puts a paper towel, in the sink.', ', the person washes the floor directly by the sink.', ', the person drizzles the water of the sink with high pressure hose.']",activitynet~v_j5SX_9JKtfs,test,indomain,
3936,Cleaning sink,"After, the person pours a little bit of blue liquid in the sink and scrubs the sinks with a sponge.",after,"After, the person pours a little bit of blue liquid in the sink and scrubs the sinks with a sponge. after","[', the person rinse the sinks with water and dries with a cloth.', ', a person sprays in mouthwash, cleans the sink slowly with a wooden toothbrush on tap, then makes a shaving, and then drinks little glass of water.', ', the person puts in the sink, mix the washed dishes and washes the pots and pans.', ', the person dries the sink off while moving the screen of the screen.']",activitynet~v_j5SX_9JKtfs,test,indomain,
3937,Painting fence,A person is shown in fast motion spraying liquid all over a fence in a back yard.,the person,A person is shown in fast motion spraying liquid all over a fence in a back yard. the person,"['adds a hose to a cup of water and scrubs the fence with a sponge in slow motion.', 'continues spraying and ends with the camera fading to black.', 'scrubs the sand from the fence and dries it off with a towel.', 'dries the metal with a towel.']",activitynet~v_j6S6eWSeGr0,test,zeroshot,
3948,Playing rubik cube,A man is doing a rubiks cube behind a table.,there,A man is doing a rubiks cube behind a table. there,"['is a bar behind him with piles of shiny disks beside it.', 'is a yellow plate in front of him and a dog in front of him that is wearing purple shorts.', 'is some sort of lp music playing in the background.', 'is a timer on the table in front of him.']",activitynet~v_jE0XAclET5w,test,indomain,
3949,Playing rubik cube,A man is doing a rubiks cube behind a table. There is a timer on the table in front of him.,he,A man is doing a rubiks cube behind a table. There is a timer on the table in front of him. he,"['is doing the rubiks cube in the exact location.', 'jumps in his mouth and puts the rubiks cube down.', 'picks up another rubiks cube and starts completing it.', 'makes sure to triple-time and triple-repeat until the last minute.']",activitynet~v_jE0XAclET5w,test,indomain,
3993,Using the monkey bar,A young girl is at a park and grabbing and hanging on triangles that are hanging and makes her way going forward and across 7 triangles.,as,A young girl is at a park and grabbing and hanging on triangles that are hanging and makes her way going forward and across 7 triangles. as,"['she swings her legs into the air, she gets climbed on a yellow slide and the next pair of little girl are compete with her bouncing and tumbling over each other.', 'she goes forward she goes farther and she makes it along a bull drawn border and ends up running into a sand pit with a stick attached and several others ran up.', 'soon as she reaches the end she goes back 3 triangles without turning around and then turns herself around on the 4th triangle and continues back to where she started.', 'she continues to traverse the park with the only two on on officials xes on it.']",activitynet~v_jhiJUgDpwFw,test,zeroshot,
3994,Using the monkey bar,As soon as she reaches the end she goes back 3 triangles without turning around and then turns herself around on the 4th triangle and continues back to where she started .,the young girl,As soon as she reaches the end she goes back 3 triangles without turning around and then turns herself around on the 4th triangle and continues back to where she started . the young girl,"['is walking behind the baby playing on the dirt and then she stops and looks back at the baby as she continues to play.', 'jumps down on the platform, smiles and waves.', 'is now done and comes back around the bend with her pile of rest right beside her again.', 'flips over the fourth triangle she was standing with and is immediately shown outside in front of a forest that appears to be very dark at night and very windy at night.']",activitynet~v_jhiJUgDpwFw,test,zeroshot,
4027,Rafting,The pinta rowing team works together to make it down the whitewater. They have a refreshing dip under a waterfall to cool off.,they,The pinta rowing team works together to make it down the whitewater. They have a refreshing dip under a waterfall to cool off. they,"['continue choosing their oar laces.', 'pose together with other rafters.', 'get out and use paper towels to dry off in the water.', 'go back up north, also a view from the top of the falls and on the way down.']",activitynet~v_jto8_gMKUjE,test,zeroshot,
4029,Rafting,They have a refreshing dip under a waterfall to cool off. They pose together with other rafters. Falling underwater can be a scary undertaking.,all in all it,They have a refreshing dip under a waterfall to cool off. They pose together with other rafters. Falling underwater can be a scary undertaking. all in all it,"[""'s fun, a really fun experience, no attempts to get hurt."", 'is a fun and relaxing ending period.', 'is a fun and relaxing time.', ""'s a very nice change from being an island with strange scenery.""]",activitynet~v_jto8_gMKUjE,test,zeroshot,
4081,Painting fence,A man is painting the something on the floor green. She stroke up and down repeatedly trying to make sure he doesn't miss any spots in the area.,he,A man is painting the something on the floor green. She stroke up and down repeatedly trying to make sure he doesn't miss any spots in the area. he,"['stands up a bit and looks at the piece for a little before dunking his brush back in the paint and starting again.', ""lays down with his arms folded having a conversation with her and she shows him what he's painting."", 'walks to her and helps her afterwards.', 'continues painting the section of wood she just painted with her brush.']",activitynet~v_klqHoK_8ar8,test,zeroshot,
4082,Painting fence,He stands up a bit and looks at the piece for a little before dunking his brush back in the paint and starting again.,he,He stands up a bit and looks at the piece for a little before dunking his brush back in the paint and starting again. he,"['sprinkles the paint up on again before picking up the spray bottle and sprays on his walls near his bed then lays back down on the bed.', ""'s done for the summer really fast."", ""moves along to parts he hasn't yet gone over to paint."", 'rotates his body around the wet paintbrush, then goes back and forth again.']",activitynet~v_klqHoK_8ar8,test,zeroshot,
4106,Braiding hair,A young girl is demonstrating how to do a braid in layered hair. She begins by brushing her hair down.,then she,A young girl is demonstrating how to do a braid in layered hair. She begins by brushing her hair down. then she,"['goes a little longer to flatten it out.', 'braids the hair of a nearby woman, using one of her own.', 'brings all of her hair to her right side and starts braiding the hair on a single braid.', 'uses a brush to play with her hair while braiding the braid.']",activitynet~v_lGwUq5vZGEk,test,indomain,
4107,Braiding hair,Then she brings all of her hair to her right side and starts braiding the hair on a single braid.,she,Then she brings all of her hair to her right side and starts braiding the hair on a single braid. she,"['goes down to the bottom of the braid and increases a bit with each with her finger and then keeps braiding next to her head.', 'tightens the braid around the inside and then her inside.', 'deals out another braid from the back of her left hair section and ends by putting a triangular piece of hair on top of the braid and clipping it before she takes it down from side to side.', 'then takes a hair tie and ties it around the bottom of her braid.']",activitynet~v_lGwUq5vZGEk,test,indomain,
4108,Braiding hair,Then she brings all of her hair to her right side and starts braiding the hair on a single braid. She then takes a hair tie and ties it around the bottom of her braid.,she,Then she brings all of her hair to her right side and starts braiding the hair on a single braid. She then takes a hair tie and ties it around the bottom of her braid. she,"['finally puts her hair in a ponytail and gives a thumbs up sign to the camera.', 'wraps the braid up neatly and then clips on a piece of hair out of each end.', 'takes some hair gel out of an orange container and uses it on the tips of her braid to smoothen the hair.', 'then takes a cup filled with liquid and puts about half of it on a crown in her hair.']",activitynet~v_lGwUq5vZGEk,test,indomain,
4109,Braiding hair,She takes some hair gel out of an orange container and uses it on the tips of her braid to smoothen the hair.,she,She takes some hair gel out of an orange container and uses it on the tips of her braid to smoothen the hair. she,"['finishes and stops braiding her hair short, and then gets down from the platform.', 'further braids the bottom part of her braid till the end and ties another hair tie around it.', 'then puts some hair spray on it and trims the hair with a brush.', 'then uses a shaver to cut the hair and looked to see how it looked because it was so long.']",activitynet~v_lGwUq5vZGEk,test,indomain,
4111,Braiding hair,Then she takes a bobby pin and pins the short hair in the front to back of her head.,she,Then she takes a bobby pin and pins the short hair in the front to back of her head. she,"['demonstrates how to lay down nice and secure during hair pull, then she uses her fingers to apply help occasion.', 'braids the hair along the front of her head.', 'secures the pin into her hair and waves good bye.', 'uses a hair trimmer to maneuver it to form a ponytail.']",activitynet~v_lGwUq5vZGEk,test,indomain,
4210,Ping-pong,Two men are playing table tennis while two judges sit at either end.,the men,Two men are playing table tennis while two judges sit at either end. the men,"['finish the table and walk towards the camera.', 'hit the ball back and forth.', 'fight back and forth over the table.', 'fight over the ball and the other man gives it back.']",activitynet~v_mAfp5ABlKyM,test,indomain,
4211,Ping-pong,Two men are playing table tennis while two judges sit at either end. The men hit the ball back and forth.,the winner,Two men are playing table tennis while two judges sit at either end. The men hit the ball back and forth. the winner,"['raises his hands as the crowd cheers.', 'walks with the rod behind her back.', 'is given a medal from spain.', 'waves his hands in the air.']",activitynet~v_mAfp5ABlKyM,test,indomain,
4227,Bullfighting,A news woman is talking in a news room.,bullfighters,A news woman is talking in a news room. bullfighters,"['are battling during a derby.', 'are fighting in a ring with prizes.', 'are working out on rails in a gym.', 'are shown inside a ring.']",activitynet~v_mGsenLq9yEU,test,indomain,
4228,Bullfighting,A news woman is talking in a news room. Bullfighters are shown inside a ring.,they,A news woman is talking in a news room. Bullfighters are shown inside a ring. they,"['are fighting head on.', 'are trying to entice the bull with capes.', 'use swords to enter the ring, trying to fight it.', 'fight each other, trying to get in the ring.']",activitynet~v_mGsenLq9yEU,test,indomain,
4248,Swinging at the playground,A little girl is on a swing set next to her baby brother.,they,A little girl is on a swing set next to her baby brother. they,"['are playing inside the swing.', 'both jump up on the seat of the swing together.', 'are swinging down a gentle path.', 'are being pushed as they swing back and forth.']",activitynet~v_mdXSm8Yr6aU,test,zeroshot,
4279,Curling,We see a series of title screens. We see a curling stone and a graph.,we,We see a series of title screens. We see a curling stone and a graph. we,"['see a person pushing the stone.', 'see a man make a hand gesture to the camera.', 'see an illustration in sand and a title screen.', 'see the recreation scene again.']",activitynet~v_nDG3MsnLE20,test,zeroshot,
4280,Curling,We see a series of title screens. We see a curling stone and a graph. We see a person pushing the stone.,we,We see a series of title screens. We see a curling stone and a graph. We see a person pushing the stone. we,"['see the stone on another graph.', 'see two stone edges.', 'see pink men putting balloons in a tree.', 'see children practicing throwing stones.']",activitynet~v_nDG3MsnLE20,test,zeroshot,
4311,Rafting,There's a group of rafters wearing yellow vests going on an adventure.,they,There's a group of rafters wearing yellow vests going on an adventure. they,"['are changing out of their yellow outfits to the green vests.', 'are rowing the raft through the river as the turbulent waves gush towards their raft.', 'find a large log and get onto it chopping it to pieces.', 'are traveling in various tubes.']",activitynet~v_nR7tqWpNpe8,test,zeroshot,
4312,Rafting,There's a group of rafters wearing yellow vests going on an adventure. They are rowing the raft through the river as the turbulent waves gush towards their raft.,they,There's a group of rafters wearing yellow vests going on an adventure. They are rowing the raft through the river as the turbulent waves gush towards their raft. they,"['are going slowly through the water as the water rapidly carries away river debris.', 'hit the choppy waters so hard they fall off their raft in the end.', 'continue rafting through the river as they stay afloat against the fierce waves.', 'wheel it back and forth over the strong currents.']",activitynet~v_nR7tqWpNpe8,test,zeroshot,
4313,Rafting,They are rowing the raft through the river as the turbulent waves gush towards their raft. They continue rafting through the river as they stay afloat against the fierce waves.,the rafters,They are rowing the raft through the river as the turbulent waves gush towards their raft. They continue rafting through the river as they stay afloat against the fierce waves. the rafters,"['stay afloat despite the turbulent and agitated waves of the river.', 'float closer as they reach a its a rocky shore.', 'are able to maneuver through the rapids while got water in their bellies and still be able to stay afloat.', 'then set up their tents as they leave the waterline.']",activitynet~v_nR7tqWpNpe8,test,zeroshot,
4315,Rafting,Some of the rafters are on top of a hill and one of the rafter is diving into the water.,the rafters,Some of the rafters are on top of a hill and one of the rafter is diving into the water. the rafters,"['swim through the water, faster and they come to a stop on top of an animal lake.', 'continue their journey through the turbulent waters of the river.', ""have rope in their hands and they're going through things."", 'are throwing the rafters on the hill.']",activitynet~v_nR7tqWpNpe8,test,zeroshot,
4321,Painting fence,A man uses a hose to spray something vertically on a wooden wall.,the man,A man uses a hose to spray something vertically on a wooden wall. the man,"['shines a shoe.', 'completes his hose and sprays the wall.', 'rakes the edge of the board.', 'changes to spraying horizontally on the wall.']",activitynet~v_nXD-q814KjI,test,zeroshot,
4322,Painting fence,A man uses a hose to spray something vertically on a wooden wall. The man changes to spraying horizontally on the wall.,the man,A man uses a hose to spray something vertically on a wooden wall. The man changes to spraying horizontally on the wall. the man,"['lowers the hose from the rod and walks towards the camera.', 'manipulates the tip of the spray nozzle.', 'splashes detergent for protection against battery acid.', 'fans his body as he finishes spraying.']",activitynet~v_nXD-q814KjI,test,zeroshot,
4370,Baton twirling,A small group of girls wearing costumes are seen walking out onto a gym floor and holding a pose in front of a large audience.,the girls,A small group of girls wearing costumes are seen walking out onto a gym floor and holding a pose in front of a large audience. the girls,"[""then begin performing genres with each other in the gym and enjoying a moment's fame and privilege."", 'then begin performing various dance moves and holding the pose as well as pulling out the sticks and singing and clapping.', 'perform a dance routine with batons in their hand and end by lining up and walking away.', 'then carry their dances various throughout the gym and end by performing a flourish pose on the ceiling.']",activitynet~v_o2hmponBzIE,test,indomain,
4390,Calf roping,A small group of people are seen standing inside a fenced in area with a man sitting on a horse. The man rides into the pit and chases a calf with a rope.,the man,A small group of people are seen standing inside a fenced in area with a man sitting on a horse. The man rides into the pit and chases a calf with a rope. the man,"['leads into a bull pushing it down while the man chases another cow on the horse.', 'jumps down and ties off the calf, sitting next to him on a horse.', ""ties up the calf after it's caught and climbs back on the horse while another unties the calf."", 'beats the calf and walks back and fourth.']",activitynet~v_oJCB2Zglcq4,test,indomain,
4391,Brushing teeth,A young woman is seen brushing her tooth followed by close ups of a tooth brush.,shots,A young woman is seen brushing her tooth followed by close ups of a tooth brush. shots,"['are shown of her teeth close up as well as her still brushing.', 'are shown of people sitting down close to the tooth and using the brush on their teeth.', ""are shown of the man drilling into the girl's tooth with a piercing tool."", 'of the man holding a paintbrush are shown and the woman acts while looking around.']",activitynet~v_oKaNlV45bB8,test,indomain,
4392,Brushing teeth,A young woman is seen brushing her tooth followed by close ups of a tooth brush. Shots are shown of her teeth close up as well as her still brushing.,she,A young woman is seen brushing her tooth followed by close ups of a tooth brush. Shots are shown of her teeth close up as well as her still brushing. she,"['is wearing ear protection around her face as well as toothpaste being taken into her mouth and still brushing her teeth.', ""continues brushing all along her teeth to demonstrate how it's done."", 'turns the tooth brush on and speaks to the camera.', 'continues to brush her teeth and leads into her speaking in a bathroom with the screen of her own teeth.']",activitynet~v_oKaNlV45bB8,test,indomain,
4397,Playing ten pins,A man is bowling and misses one pin with his first ball.,he,A man is bowling and misses one pin with his first ball. he,"['continues to go, making another and another well.', 'is carrying a pile of bowling balls and hits it with a wooden bat.', 'falls to the ground and tries to try again.', 'gets all strikes for the next six rounds.']",activitynet~v_oL1gGyMz79s,test,zeroshot,
4398,Playing ten pins,A man is bowling and misses one pin with his first ball. He gets all strikes for the next six rounds.,the man,A man is bowling and misses one pin with his first ball. He gets all strikes for the next six rounds. the man,"['lets the ball go and comes back home.', 'switches balls and bowls several more rounds getting mostly strikes.', 'walks away with another ball full of pins still in his hand.', 'has almost reached the thirteenth hole with almost all his hits just being required.']",activitynet~v_oL1gGyMz79s,test,zeroshot,
4399,Playing ten pins,He gets all strikes for the next six rounds. The man switches balls and bowls several more rounds getting mostly strikes.,he,He gets all strikes for the next six rounds. The man switches balls and bowls several more rounds getting mostly strikes. he,"['runs down the mat as he takes a hit.', 'changes his ball again and bowls two more strikes.', 'isle to grab the ball that is left in the pocket.', 'finally catches a strike and throws it down the court from four to nine.']",activitynet~v_oL1gGyMz79s,test,zeroshot,
4416,Laying tile,A man is seen kneeling down on the floor speaking to the camera.,the man,A man is seen kneeling down on the floor speaking to the camera. the man,"['starts using the scissors on his shirt while still speaking to the camera.', 'shows other types of barcodes as well as a pole sharpener.', 'mixes up various ingredients and begins laying plaster on the floor.', 'then holds up a bottle and pours water on his hand and rubs it all along his face.']",activitynet~v_oP77DgsbhKQ,test,indomain,
4418,Laying tile,The man mixes up various ingredients and begins laying plaster on the floor. He measures the floor and tiles and cuts out a piece of tile to lay on the floor.,he,The man mixes up various ingredients and begins laying plaster on the floor. He measures the floor and tiles and cuts out a piece of tile to lay on the floor. he,"['irons it out and cleans it further.', 'measures the tiles and cuts out a piece to lay on the floor.', 'paints over the divided tiles and then adds plaster one at a time.', 'continues laying tiles on the floor while looking back to speak to the camera.']",activitynet~v_oP77DgsbhKQ,test,indomain,
4419,Longboarding,There's a young man skateboarding through a two lane empty road that has trees on both sides.,he,There's a young man skateboarding through a two lane empty road that has trees on both sides. he,"['goes steadily through the long and winding road without stopping.', 'is doing a combination of jump roping, dive roping and skipping across a wet cement staircase that has many railings that are underneath him.', 'suems to get his skateboard into a river that he is on.', 'takes a last look at the clock.']",activitynet~v_oSyBkE3gYMM,test,indomain,
4421,Longboarding,He goes steadily through the long and winding road without stopping. He passes through curves and turns around to adjust his speed.,then,He goes steadily through the long and winding road without stopping. He passes through curves and turns around to adjust his speed. then,"['he turns around very quickly to go even faster.', 'does a final dismount to adjust his bike seat.', 'as he approaches a steep curve, he tries to turn but ends up falling down and bruising himself.', 'he stands in front of a house and continues running.']",activitynet~v_oSyBkE3gYMM,test,indomain,
4422,Longboarding,"Then as he approaches a steep curve, he tries to turn but ends up falling down and bruising himself.",he,"Then as he approaches a steep curve, he tries to turn but ends up falling down and bruising himself. he","['continues to ride as he struggles to shake it off and the pain and injury continue to pain him several times.', 'then rides the rope down as a boy backwards walks up to him.', 'gets up immediately and shows his friends his scraped and injured elbow.', 'falls off his bike and hurt himself, then takes a break.']",activitynet~v_oSyBkE3gYMM,test,indomain,
4460,Capoeira,"Two of them crouch in the center. They flip to the center of the circle, doing ornate kickboxing stunts.",several more clips of other fighters,"Two of them crouch in the center. They flip to the center of the circle, doing ornate kickboxing stunts. several more clips of other fighters","['marching around rises up to show them.', 'are shown, flipping, rolling, and kicking.', 'waiting for their charges are shown.', 'are shown, all with their backs up against the ropes.']",activitynet~v_ot7hBY4lQ2c,test,indomain,
4494,Tug of war,"We see a tower in the field. The men let go of the rope, one man falls and claps.",a man,"We see a tower in the field. The men let go of the rope, one man falls and claps. a man","['with a long rope swings wildly and lets go.', 'ties the sail and we see them leave the tower.', 'is standing in the sand.', 'smiles and gives a thumbs up to the camera.']",activitynet~v_p9yq0kAqGU4,test,zeroshot,
4496,Belly dance,A girl is seen performing a belly dancing routine on a small stage.,she,A girl is seen performing a belly dancing routine on a small stage. she,"['moves around the stage with a partner while the audience cheer and whistle for her.', 'continues dancing and performing around the stage and finishes her dance with a posing, bowing, and walking off.', 'does a quick dance and holds her belly up as she fades back to the view on the stage.', 'leads into spinning all around while others do the same.']",activitynet~v_pHU2Ie4VQBg,test,zeroshot,
4499,Doing step aerobics,A man is shown in a gym class leading at as the people step up and down on thier steppers.,the man,A man is shown in a gym class leading at as the people step up and down on thier steppers. the man,"['then lets go of the steppers and continues walking forward never missing a beat.', 'is very enthusiastically jumping up and down trying to keep the motivation going.', 'begins by walking across the block with the steppers in his hand.', ""then jumps up on the highest stepper and continues to take turns passing the other side as he moves back and fourth to make sure he's completely successful.""]",activitynet~v_pT2fO9vlVn0,test,zeroshot,
4500,Doing step aerobics,A man is shown in a gym class leading at as the people step up and down on thier steppers. The man is very enthusiastically jumping up and down trying to keep the motivation going.,he,A man is shown in a gym class leading at as the people step up and down on thier steppers. The man is very enthusiastically jumping up and down trying to keep the motivation going. he,"['is very into it as is the class and they are dancing in sync with each other.', 'continues to try and keep the hesive as a group of other individuals walk in and out of frame.', 'then takes a giant step and takes a huge leap into the air along with the rest of the people.', 'then takes between two steppers every once in awhile and ends with him raising his hands in the air.']",activitynet~v_pT2fO9vlVn0,test,zeroshot,
4502,Bungee jumping,Multiple men are loaded onto a crane boom bucket.,when three men,Multiple men are loaded onto a crane boom bucket. when three men,"['hold the crane on their heads, a man attached the crane to their bodies on the elevated platform.', 'are loaded onto the crane crane bucket the crane falls falling onto the ground.', 'are safely aboard, the crane begins to lift them up in the air slowly.', 'lift the crane and brought it down, two men are helped over the side and brought back to groomers on the pier.']",activitynet~v_pULb9WvZwU4,test,zeroshot,
4505,Bungee jumping,The man that is preparing to bungee jump is at the edge of the boom looking around nervously.,one at a time the men,The man that is preparing to bungee jump is at the edge of the boom looking around nervously. one at a time the men,"['jumpfrom the boom and to the side of the place, a cliff edge is seen.', 'put their legs to position their body on the mover point of the carrier to do some bungee jumping, then they do some jumps to show for the camera which include angling their body towards the sky with their legs this time they actually have a chance at this.', 'start bungee jumping from a plank to a set of rings.', 'jump out of the boom and hang above a small body of water.']",activitynet~v_pULb9WvZwU4,test,zeroshot,
4537,Roof shingle removal,A hand saw sits on top of a roof. A ladder leans on it.,the roof,A hand saw sits on top of a roof. A ladder leans on it. the roof,"['is shown upside down.', 'is old and dilapidated.', 'leans down one last time.', 'reapplies tiles.']",activitynet~v_q3DzEgYmIV0,test,indomain,
4589,Making an omelette,Two people are seen speaking to the camera with one holding a pot and the other handing him ingredients.,the other,Two people are seen speaking to the camera with one holding a pot and the other handing him ingredients. the other,"['grabs a slice of meat and hand him the potatoes.', 'then mixes the ingredients into a bowl and pouts it into a pan.', ""pours food into someone's bowl and cooks it all up into a pan."", 'cups and then pours a large portion of the batter to mix with the potatoes.']",activitynet~v_qywEvklc1kM,test,zeroshot,
4638,Removing curlers,"A woman wearing a head scarf is seated, talking to the camera.",she,"A woman wearing a head scarf is seated, talking to the camera. she","['begins to cut pieces of grass with a pipe.', 'takes rollers out of her hair, one at a time.', 'demonstrates how to fold hair in a ponytail.', 'is using a brush on her hair, and playing with her hair.']",activitynet~v_rduaWxRvcw0,test,indomain,
4665,Making an omelette,A man is standing over an oven cooking something in a pan.,he,A man is standing over an oven cooking something in a pan. he,"[""bends down to the heat and grabs eggs and begins cracking them once they're done burning."", 'bends down to check the flame.', 'turns around and continues to eat his food.', 'is lighting the pan with a flame from the stove.']",activitynet~v_rsJUOsr1u3o,test,zeroshot,
4666,Making an omelette,A man is standing over an oven cooking something in a pan. He bends down to check the flame.,he,A man is standing over an oven cooking something in a pan. He bends down to check the flame. he,"['tosses the pan a few times.', 'shows the pan and grabs a cookie cutter.', 'puts the pan on a counter top.', 'removes the pan and continues using other utensils.']",activitynet~v_rsJUOsr1u3o,test,zeroshot,
4669,Making an omelette,He tosses the pan a few times. He is adding seasonings to the pan. He pours a liquid into the pan.,he,He tosses the pan a few times. He is adding seasonings to the pan. He pours a liquid into the pan. he,"['shakes the pan again.', 'stirs the mixture again.', 'cooks it while using tongs to squeeze the contents out.', 'then throws the pan in the trash and walks away.']",activitynet~v_rsJUOsr1u3o,test,zeroshot,
4676,Painting fence,There's a woman in a black raincoat standing next to a wooden fence.,she,There's a woman in a black raincoat standing next to a wooden fence. she,"['is wearing rubber gloves and in her hands she has a ball of yarn and its ready to be wrapped.', 'walks to the very edge of the fence where a large metal camel is tethered.', 'is swinging a bat at a pinata, pulling the string very quickly.', 'is joined by a little girl wearing a polka dotted jacket who brings her some green paint.']",activitynet~v_rzsp_r9fq_A,test,zeroshot,
4677,Painting fence,She is joined by a little girl wearing a polka dotted jacket who brings her some green paint.,the woman,She is joined by a little girl wearing a polka dotted jacket who brings her some green paint. the woman,"[""is now spraying out the paint on the little girl's cheeks and chin."", 'then paints her nails a bit darker.', 'then paints the leaves on the tree that was standing up in the corner.', 'begins painting the fence with a bush.']",activitynet~v_rzsp_r9fq_A,test,zeroshot,
4678,Painting fence,She is joined by a little girl wearing a polka dotted jacket who brings her some green paint. The woman begins painting the fence with a bush.,there,She is joined by a little girl wearing a polka dotted jacket who brings her some green paint. The woman begins painting the fence with a bush. there,"['is an electrical wire under the paint.', 'is a man explaining how to paint a shrub.', 'are several other people in the neighborhood who are seen volunteering to paint the fence with green paint.', 'is chicken flying around the yard and she points at the birds before she walks away.']",activitynet~v_rzsp_r9fq_A,test,zeroshot,
4680,Painting fence,There are several other people in the neighborhood who are seen volunteering to paint the fence with green paint. The volunteers are being interviewed. There are two boys dressed in batman costumes standing there.,the volunteers,There are several other people in the neighborhood who are seen volunteering to paint the fence with green paint. The volunteers are being interviewed. There are two boys dressed in batman costumes standing there. the volunteers,"['use yellow paint and hang it on the fence on the tip of their sticks.', 'are now mostly looking work in progress.', 'continue to paint the fence.', 'meet side by side in the yard and create a wall.']",activitynet~v_rzsp_r9fq_A,test,zeroshot,
4682,Painting fence,There are two boys dressed in batman costumes standing there. The volunteers continue to paint the fence. Some people from the community gather around the parking lot.,the people,There are two boys dressed in batman costumes standing there. The volunteers continue to paint the fence. Some people from the community gather around the parking lot. the people,"['continue painting the grass and the fence.', 'continue painting on the fence with even more paint and light smell.', 'dip a paint palette in paint and fill it with paint to paint the fence.', 'continue painting the fence.']",activitynet~v_rzsp_r9fq_A,test,zeroshot,
4684,Riding bumper cars,A group of people are under a covering. They are riding around in a series of bumper cars.,the cars,A group of people are under a covering. They are riding around in a series of bumper cars. the cars,"['are stopped, and they all get out.', 'start to move as one, and more start following.', 'do flips over each other.', 'bump into each other as they drive around.']",activitynet~v_s0YJOzALDNg,test,zeroshot,
4695,Brushing teeth,A man lifts a young girl up to reach the sink in a bathroom.,both the man and the girl,A man lifts a young girl up to reach the sink in a bathroom. both the man and the girl,"['reach for their toothbrush and add toothpaste at the same time.', 'look at her blankly.', 'fall on the floor.', 'dance on a busy street.']",activitynet~v_sJK-NjgOB6g,test,indomain,
4696,Brushing teeth,A man lifts a young girl up to reach the sink in a bathroom. Both the man and the girl reach for their toothbrush and add toothpaste at the same time.,they,A man lifts a young girl up to reach the sink in a bathroom. Both the man and the girl reach for their toothbrush and add toothpaste at the same time. they,"['look in the mirror together as the man shows the girl how to brush her teeth properly.', 'then sink back down into the sink to wash their toothbrush.', 'then rinse their mouths off and smile.', 'finish and the window is seen again.']",activitynet~v_sJK-NjgOB6g,test,indomain,
4697,Brushing teeth,Both the man and the girl reach for their toothbrush and add toothpaste at the same time. They look in the mirror together as the man shows the girl how to brush her teeth properly.,they,Both the man and the girl reach for their toothbrush and add toothpaste at the same time. They look in the mirror together as the man shows the girl how to brush her teeth properly. they,"['return to fix the mirror as she cracks her jaw and then takes out her lip stick.', 'rinse and smile at their clean teeth in the mirror.', 'both hand a mouth piece to the girl and the dog takes it.', ""then finish rolling up the bottom of the toothpaste together, put it on their toothbrush and then use the roller to brush each other's teeth.""]",activitynet~v_sJK-NjgOB6g,test,indomain,
4698,Brushing teeth,They look in the mirror together as the man shows the girl how to brush her teeth properly. They rinse and smile at their clean teeth in the mirror.,the man,They look in the mirror together as the man shows the girl how to brush her teeth properly. They rinse and smile at their clean teeth in the mirror. the man,"['spins the girl around very briefly and five women standing in front turn around and smile at the girl.', ""holds his toothbrush up to the girl's, turns the water on."", 'then teaches the girl to floss.', 'walks into the kitchen and takes out a pan and begins to cook some eggs.']",activitynet~v_sJK-NjgOB6g,test,indomain,
4699,Brushing teeth,They rinse and smile at their clean teeth in the mirror. The man then teaches the girl to floss.,they,They rinse and smile at their clean teeth in the mirror. The man then teaches the girl to floss. they,"['put their toothbrushes away and the man helps the girl back to the floor.', 'lather the toothbrush vigorously and spit it into the sink.', 'perform a dance motion together.', 'rinses their teeth drearily again.']",activitynet~v_sJK-NjgOB6g,test,indomain,
4700,Brushing teeth,The man then teaches the girl to floss. They put their toothbrushes away and the man helps the girl back to the floor.,they,The man then teaches the girl to floss. They put their toothbrushes away and the man helps the girl back to the floor. they,"[""start jumping next each other's legs."", 'are then seen being brushed right away.', 'then begin decorating the christmas tree and showing it off outside.', 'walk away together and turn off the bathroom light.']",activitynet~v_sJK-NjgOB6g,test,indomain,
4753,Curling,A few kids are seen standing on a stage followed by the children pushing a puck along the ice.,several people,A few kids are seen standing on a stage followed by the children pushing a puck along the ice. several people,"['are shown playing the game around them and panning to the audience reacting as well as people standing on the sides.', 'are then seen playing indoor snow hockey with one another and receiving trophies in back.', 'look on as the children play with their toys indoors and outside.', 'are seen standing in line to measure the times and play a game of curling.']",activitynet~v_skSPijG9sgU,test,zeroshot,
4757,Using uneven bars,A woman jumps onto two bars and does a gymnastics routine.,the audience,A woman jumps onto two bars and does a gymnastics routine. the audience,"['is watching her perform while she is seated.', 'claps for her and sits up.', 'is in her room watching her.', 'is watching her perform.']",activitynet~v_spAlIMm8jSg,test,indomain,
4758,Using uneven bars,A woman jumps onto two bars and does a gymnastics routine. The audience is watching her perform.,she,A woman jumps onto two bars and does a gymnastics routine. The audience is watching her perform. she,"['jumps off the supports and onto a mat.', 'goes off the bar twice and cheers.', 'jumps off the bars and lands on the mat with her hands in the air.', 'jumps off the bars, then hugs people.']",activitynet~v_spAlIMm8jSg,test,indomain,
4759,Using uneven bars,She jumps off the bars and lands on the mat with her hands in the air. A replay of her performance is shown.,words,She jumps off the bars and lands on the mat with her hands in the air. A replay of her performance is shown. words,"['stream past in black and white.', 'are shown on the screen describing the doping process.', 'appear on the screen briefly describing the yoga she started.', 'are then shown on the screen.']",activitynet~v_spAlIMm8jSg,test,indomain,
4766,Arm wrestling,A man walks over to another man upset and suggests an arm wrestling match. The men begin to hold hands and quickly move away while two women walk into scene.,the men,A man walks over to another man upset and suggests an arm wrestling match. The men begin to hold hands and quickly move away while two women walk into scene. the men,"['return together after a while but then the men having a shake shake with another man.', 'continue the match while look calm and the other looks struggled.', 'then wrestle again with one man missing his arm during the match.', 'are battling again and begin beating each other aggressively.']",activitynet~v_sra0ywgWITo,test,indomain,
4768,Arm wrestling,The men continue the match while look calm and the other looks struggled. The match continues as the men discuss their issues and the women watching yell at the men.,the women,The men continue the match while look calm and the other looks struggled. The match continues as the men discuss their issues and the women watching yell at the men. the women,"['approach to help a man from the front off the ice.', 'then help the men arm wrestle and one punches the other to help one man win.', 'continue the match as the men pull back and forth.', 'continue to play em show with the men sitting in the dirt while standing up.']",activitynet~v_sra0ywgWITo,test,indomain,
4771,Drum corps,A cbs news anchor reports on a story.,a marching band,A cbs news anchor reports on a story. a marching band,"['practices on a street while a reporter talks on the radio.', 'appears on a large field performing.', ', shuffling their instruments then enter the parade ground where plays interspersed with video clips.', 'is marching down the street followed by several swimmers.']",activitynet~v_sx4zAnVDV9Y,test,indomain,
4772,Drum corps,A cbs news anchor reports on a story. A marching band appears on a large field performing.,a student of the marching band,A cbs news anchor reports on a story. A marching band appears on a large field performing. a student of the marching band,"['gives an interview along with the marching band instructor.', 'who is dancing with a man in orange catches a glimpse of the marching band.', 'taunts the marching band with a violinist bow.', 'is seen wandering the dusty streets of a city.']",activitynet~v_sx4zAnVDV9Y,test,indomain,
4781,Mooping floor,The man throws a mop pad on the floor and puts the mop on it picking up the pad.,the man,The man throws a mop pad on the floor and puts the mop on it picking up the pad. the man,"['throws another mop pad on to the floor and puts it on his own bucket.', 'then chops the wood with the wood on the bucket and talks to the camera.', 'moves the mop pad an leaves floor area.', 'goes around the room mopping the floor.']",activitynet~v_syy0FVZ7SkQ,test,indomain,
4783,Mooping floor,The man throws a mop pad on the floor and puts the mop on it picking up the pad. The man goes around the room mopping the floor. The same man is standing in a kitchen.,the man,The man throws a mop pad on the floor and puts the mop on it picking up the pad. The man goes around the room mopping the floor. The same man is standing in a kitchen. the man,"['turns towards the mirror and sneaks a peek.', 'runs water over the mop pad and then wrings it out.', 'throws a mop pad onto a stove.', 'claps his hands together and smiles.']",activitynet~v_syy0FVZ7SkQ,test,indomain,
4784,Mooping floor,The same man is standing in a kitchen. The man runs water over the mop pad and then wrings it out.,the man,The same man is standing in a kitchen. The man runs water over the mop pad and then wrings it out. the man,"['throws the mop pad on the floor again and picks it up with the mop.', 'cleans the mop pad with a towel, with this in his hands.', 'grabs an orange machine.', 'shows in front of the faucets to show how far the water is used.']",activitynet~v_syy0FVZ7SkQ,test,indomain,
4785,Mooping floor,The man runs water over the mop pad and then wrings it out. The man throws the mop pad on the floor again and picks it up with the mop.,the man,The man runs water over the mop pad and then wrings it out. The man throws the mop pad on the floor again and picks it up with the mop. the man,"['mops the floor going around the furniture.', 'picks up the bucket and starts dancing.', 'then gives police support after a severe beating.', 'pads the mopping pad on the floor and then takes it outside.']",activitynet~v_syy0FVZ7SkQ,test,indomain,
4794,Powerbocking,There are two people talking about stilts used by stunt men.,they,There are two people talking about stilts used by stunt men. they,"['are now riding on the backs of two bags while participating in stunts by their own.', 'are sitting down on small robotic stilts.', 'are standing on a street near several clubs and restaurants.', 'begin to talk about the design of the stilts and walked in a room with two different stylists and one of them is now standing on stilts with paulette behind him and the other smaller person walking across the lawn.']",activitynet~v_tDG8VoRQTuM,test,indomain,
4796,Powerbocking,They are standing on a street near several clubs and restaurants. One of the men is demonstrating how the stilts are used in stunts.,henry,They are standing on a street near several clubs and restaurants. One of the men is demonstrating how the stilts are used in stunts. henry,"['approaches them with his tube, ready to run.', 'practice highlighted stunts while in the sky.', ', the guy dressed in the white shirt is showing how high he can jump with the stilts and perform stunts.', 'and henry seem to have a commendent in the video about how they were able to do stunts.']",activitynet~v_tDG8VoRQTuM,test,indomain,
4797,Powerbocking,"Henry, the guy dressed in the white shirt is showing how high he can jump with the stilts and perform stunts.",he,"Henry, the guy dressed in the white shirt is showing how high he can jump with the stilts and perform stunts. he","['falls and gets up and walks to the other side of the court where there are other people throwing darts.', 'shows numerous tricks on how he jumps up high and over benches and tables.', 'continues as he is doing tricks with the stilts and does tricks with the sleeves of the shirt.', ""will demonstrate how to comfortably hop on the stilts doing it back and forth on the grass, how to make sure he doesn't fall off, and further back on the stilts hopping away like they're trampoline ridin.""]",activitynet~v_tDG8VoRQTuM,test,indomain,
4799,Snowboarding,"The name seppe smits appears on screen followed by ""snow boarding 2400 hours a day"".",video of smits starting his day,"The name seppe smits appears on screen followed by ""snow boarding 2400 hours a day"". video of smits starting his day","['appears again with the rest of his page information and another content features.', 'is intermixed with shots of him snowboarding.', 'far helps.', 'with his first skateboard bouncing down snow covered streets.']",activitynet~v_tES39s-LJsQ,test,zeroshot,
4800,Snowboarding,"The name seppe smits appears on screen followed by ""snow boarding 2400 hours a day"". Video of smits starting his day is intermixed with shots of him snowboarding.",social media hashtags on,"The name seppe smits appears on screen followed by ""snow boarding 2400 hours a day"". Video of smits starting his day is intermixed with shots of him snowboarding. social media hashtags on","['are shown on screen.', 'for a little bit and read the website exclusively.', 'to show people paying tribute to the man as he snowboards.', 'about snow boarding and snowboarding.']",activitynet~v_tES39s-LJsQ,test,zeroshot,
4884,Doing nails,We see an opening title screen.,a lady,We see an opening title screen. a lady,"['lays on the floor and performs high barstools.', 'sits on a toilet and looks in the mirror.', 'explains how to vacuum a kitchen.', 'shows off her fingernails.']",activitynet~v_u0PEB9bXWpY,test,zeroshot,
4887,Doing nails,The lady puts drops of white paint on her finger nails. The lady uses a toothpick and drags it through the white paint.,she,The lady puts drops of white paint on her finger nails. The lady uses a toothpick and drags it through the white paint. she,"['dips the nail into white paint and pulls her finger away.', 'starts painting the fingernail color red.', 'doe another fingernail with the same process.', 'then pours more white paint on her finger nails and sprays it on her nails.']",activitynet~v_u0PEB9bXWpY,test,zeroshot,
4888,Doing nails,The lady uses a toothpick and drags it through the white paint. She doe another fingernail with the same process.,the lady,The lady uses a toothpick and drags it through the white paint. She doe another fingernail with the same process. the lady,"['shows us the flower designs on her nails.', 'crosses her hands behind her.', 'uses a lacquer little gadget and paints brown paper on the nail.', 'takes a fourth fingernail and sprays white paint onto it.']",activitynet~v_u0PEB9bXWpY,test,zeroshot,
4901,Rock-paper-scissors,A man in a brown sweater is sitting down and talking. A woman in a black and white sweater sits behind him.,she,A man in a brown sweater is sitting down and talking. A woman in a black and white sweater sits behind him. she,"['puts glasses in her eyes, then puts sugar in her cup and sips it.', 'begins to do a square dance on a dance floor.', 'takes off her sweater and puts it on the chair behind him.', ""is flying a kite and is holding another man's hand as she flies.""]",activitynet~v_uDNLf3ty9ao,test,indomain,
4913,Cumbia,A man wearing a striped shirt dances with a girl in a brown blouse at a street festival.,other couple,A man wearing a striped shirt dances with a girl in a brown blouse at a street festival. other couple,"['dance without a partner.', 'dances with men.', 'are dancing with the girl in the dress and the man in a finish vest on a stage at a festival.', 'join in and dance in a street festival while performers play on a stage.']",activitynet~v_uFMDSiHu7g4,test,zeroshot,
4960,Tug of war,A large group of people are seen standing on each side of a rope with many people watching on the sides.,the men,A large group of people are seen standing on each side of a rope with many people watching on the sides. the men,"['then begin a game of tug of war with one another with one man helping teams on the side and ends with one team falling down.', 'begin cutting the rope around the pit while others watch from the side and step on the side.', 'then begin pulling one another on the rope while practicing with one another and moving into the ring and looking off into the distance.', 'then monkey instruments, and begin twisting and spinning one another continuously.']",activitynet~v_v-qFJJx0bTs,test,zeroshot,
4986,Hammer throw,A man swings his arms around over his head.,he thin,A man swings his arms around over his head. he thin,"['s thay over his shoulder.', 'an his legs and grabs on to a bar.', 'ends to take a swing with the nunchucks.', 'spins his whole body.']",activitynet~v_vMy5o7pvy4c,test,zeroshot,
5052,Playing lacrosse,A small group of children are seen running around a lacrosse field playing a game with one another.,the camera,A small group of children are seen running around a lacrosse field playing a game with one another. the camera,"['is then drawn away from the game as a man captures them and leads into them playing lacrosse with one another.', 'then pans across the children scoring goals along with one other rolling on the ground.', 'continues to follow the people around as they chase the ball and run up and down the field.', 'moves around the field leading out to many kids running around in circles.']",activitynet~v_wfFnIYdSjCI,test,indomain,
5053,Playing flauta,"A man is playing a wooden instrument inext to another man, sitting inside a small room.",when he,"A man is playing a wooden instrument inext to another man, sitting inside a small room. when he","['is done, he lowers his instrument and smiles broadly.', 'finishes, a man appears holding the instrument and a long object.', 'finishes playing the man stands up and pours water on to his hands.', ""'s done playing he stands up and gets dressed, leaving the room.""]",activitynet~v_wj0D-wiqEb0,test,zeroshot,
5056,Using the balance beam,Girlwearnig a purple body is in fornt of a balance pole and make a jump to stands on top.,the girl,Girlwearnig a purple body is in fornt of a balance pole and make a jump to stands on top. the girl,"['begin a easy one hundred and sixty degree jump that goes 116 feet and a bit in 180 degree.', 'is doing gymnastics on top of balance beam.', 'has wearing hruring shoes and her hands on each hand, she leap with a dumb jump, then jumps with two hands on each hand on a balance bar.', 'do a cankin a fall on the balance pole.']",activitynet~v_wlAnWPxnQ8k,test,zeroshot,
5057,Using the balance beam,Girlwearnig a purple body is in fornt of a balance pole and make a jump to stands on top. The girl is doing gymnastics on top of balance beam.,people in the stands around the court,Girlwearnig a purple body is in fornt of a balance pole and make a jump to stands on top. The girl is doing gymnastics on top of balance beam. people in the stands around the court,"['is clapping and jumping.', 'are assisribt watching the girl.', 'are doing gymnastics, also women are doing gymnastics.', 'are watching the kid doing gymnastics.']",activitynet~v_wlAnWPxnQ8k,test,zeroshot,
5058,Using the balance beam,The girl is doing gymnastics on top of balance beam. People in the stands around the court are watching the kid doing gymnastics.,the girl,The girl is doing gymnastics on top of balance beam. People in the stands around the court are watching the kid doing gymnastics. the girl,"['hopped down from the beam, jumped on the balance beam and jumped again.', 'make a big somersault and lands on the floor.', 'jumped off the beam and jump from the trampoline.', 'jump on the balance beam and flips on the beam.']",activitynet~v_wlAnWPxnQ8k,test,zeroshot,
5061,Skateboarding,A man stands in an arena preparing to skateboard.,the man,A man stands in an arena preparing to skateboard. the man,"['skates down a halfpipe and goes back and forth from one end to the other.', 'talks to the camera and points to himself, the audience and the skateboarder.', 'begins spinning himself around as he goes.', 'takes off and skates down the street and into a building.']",activitynet~v_woiigfrANUM,test,indomain,
5063,Skateboarding,The man skates down a halfpipe and goes back and forth from one end to the other. The man loses his skateboard and comes down the wall on his knees.,we,The man skates down a halfpipe and goes back and forth from one end to the other. The man loses his skateboard and comes down the wall on his knees. we,"['see his helmet as he goes.', 'see a title screen followed by people at the rink.', 'see the puck flying towards the camera.', ""see the man's disappointment as another man prepares to skate.""]",activitynet~v_woiigfrANUM,test,indomain,
5066,Playing flauta,Woman is standing in the middle of stage playing the flute. Women are standing in sage behind the woman with the flute standing holding microphones.,men,Woman is standing in the middle of stage playing the flute. Women are standing in sage behind the woman with the flute standing holding microphones. men,"['are walking behind the woman playing.', 'are skateboarding on plaza and as they get in the plaza is joined by others.', 'are standing behind the women playing different instruments.', 'are that behind the woman standing next to her.']",activitynet~v_wqThk38AdEA,test,zeroshot,
5088,Braiding hair,A person is applying rods to braids. A person is putting braids with rods into water. A client with reading glasses is talking.,a client,A person is applying rods to braids. A person is putting braids with rods into water. A client with reading glasses is talking. a client,"['is leaving after braids are done.', 'with lenses is seen with his eyes closed.', 'puts a disk into a metal bowl shaped like a tool.', 'uses net to fashion a wig.']",activitynet~v_x3z3dVUxmJ0,test,indomain,
5095,Washing dishes,A young girl with messy curly hair is standing in front of the sink cleaning a dish with a blue sponge. She then rinses the top of the plate and hands it to somebody standing behind her.,as she,A young girl with messy curly hair is standing in front of the sink cleaning a dish with a blue sponge. She then rinses the top of the plate and hands it to somebody standing behind her. as she,"['dries the plate, she uses a shaving cream and then even the top and bottom rim with a blue sponge and then a toothbrush all together.', 'is washing the dishes, she is commenting on the cooking actions of the cook and be does the washing himself.', 'grabs the next dish, someone comes along and puts another dish in the sink as she continues to dump water in and out of the container.', 'walks towards the other side, water falls to the sink and the kid beside her then wipes her bottom.']",activitynet~v_x9VlxLDK-VM,test,zeroshot,
5097,Painting,A close up of a painting is shown followed by a brush dipping into paint and moving all along the picture.,the person,A close up of a painting is shown followed by a brush dipping into paint and moving all along the picture. the person,"['then dabs the paint all along the canvas bringing more paint and droughts down the painting.', 'then paints triangles placed all over it followed by more colors taking their place as well as more products.', 'then paints a finger on paint and then uses chalk to fill in the crossed lines as well as a ruler to paint it all along the canvas.', 'continues painting bushes in the picture and ends with credits rolling above the screen.']",activitynet~v_xAPz4YOcIX0,test,indomain,
5112,Preparing pasta,An introduction comes onto the screen for a video about how to make linguine with clam sauce.,water,An introduction comes onto the screen for a video about how to make linguine with clam sauce. water,"['vegetables are shown being boiled into a dish as words flicker across the screen.', 'is brought to a boil in a pot and the pasta is added to the pot.', 'is poured into a cup and then into a clay pot, combined with a large saucepan.', ', tableware, cumin, pasta, pasta turds, potato garnished with green beans and a handful of acetone, followed by wine, vegetable blends, clams, agincourt sea bass, lettuce leaves and fennel is displayed.']",activitynet~v_xPyj6pmYyEk,test,indomain,
5113,Preparing pasta,An introduction comes onto the screen for a video about how to make linguine with clam sauce. Water is brought to a boil in a pot and the pasta is added to the pot.,parsley,An introduction comes onto the screen for a video about how to make linguine with clam sauce. Water is brought to a boil in a pot and the pasta is added to the pot. parsley,"['is added to the pasta, and it whole ice cream.', 'is added to the boiling water and then eventually it carves the pasta into 82 percent of the pasta.', 'has squeezed out of a jar and a mixture is added to the pot.', 'is finely chopped along with some garlic, and the clams are drained into a bowl to separate them from the juice.']",activitynet~v_xPyj6pmYyEk,test,indomain,
5114,Preparing pasta,"Parsley is finely chopped along with some garlic, and the clams are drained into a bowl to separate them from the juice.",olive oil,"Parsley is finely chopped along with some garlic, and the clams are drained into a bowl to separate them from the juice. olive oil","['is grated and plated with onions.', 'goes into the pan with the garlic, red pepper, parsley, white wine, basil, salt, and clam juice to simmer, and the clams are added to the mixture at the end.', 'is poured in to the mix, and the seafood pasta is added to.', 'is used to ensure that the mixture is properly blended into the double chocolate.']",activitynet~v_xPyj6pmYyEk,test,indomain,
5115,Preparing pasta,"Olive oil goes into the pan with the garlic, red pepper, parsley, white wine, basil, salt, and clam juice to simmer, and the clams are added to the mixture at the end.",the pasta,"Olive oil goes into the pan with the garlic, red pepper, parsley, white wine, basil, salt, and clam juice to simmer, and the clams are added to the mixture at the end. the pasta","['is fried and placed in a plastic serving tray.', 'is green in color and slightly thick.', 'is drained and added into the pan with the sauce.', 'boils over, along with ground garlic, tomato sauce, parsley, melted cheese, onions and mushrooms, the pasta is stirred in, and carried to the grill for cooked with kraft cheese, a salad, tortilla salsa, sauce and fruit salad.']",activitynet~v_xPyj6pmYyEk,test,indomain,
5143,Playing field hockey,Woman is standing in a green field practicing balance a ball in a golf club.,another woman,Woman is standing in a green field practicing balance a ball in a golf club. another woman,"['is holding a rope and living a ball of action.', 'is doing balance and walking while holding the pocket knife.', 'walks in the green holding a yellow ball, she walks up the grass to the ball and the other woman starts practicing gymnastics moves.', 'is in the court and its practicing with the girl passing the ball from a golf club to another.']",activitynet~v_xfOs5nRsSuQ,test,zeroshot,
5163,Playing squash,"A boy is standing on a court holding a racquet in his right hand, a ball comes his way and he hits it very hard.",the boy,"A boy is standing on a court holding a racquet in his right hand, a ball comes his way and he hits it very hard. the boy","['and his mother come and interview as they are in a room over, bowls.', 'falls back on the court with pain and falls to the ground.', 'grabs the racquet and throws it over and over again.', 'walks towards the left and a man is there hitting the ball and he and the boy go back and forth taking turns hitting the ball very hard against the wall in front of them.']",activitynet~v_xrbKvttgcMA,test,indomain,
5164,Playing squash,The boy walks towards the left and a man is there hitting the ball and he and the boy go back and forth taking turns hitting the ball very hard against the wall in front of them.,the ball,The boy walks towards the left and a man is there hitting the ball and he and the boy go back and forth taking turns hitting the ball very hard against the wall in front of them. the ball,"['rolls on the ground, the boy picks it up and hits it to the wall and once more the man hits the ball and the camera points to the ground.', 'goes by them and the boy kicks it into the air again but this time hitting it on the opposite wall.', 'is being left behind behind while a different boy stands opposite of it playing the drums.', ""hits and the ball sticks in the wall where it's stuck but it doesn't hurt like it did a few days ago.""]",activitynet~v_xrbKvttgcMA,test,indomain,
5209,Tug of war,There two teams of men playing the game of tug of war in a gym.,there,There two teams of men playing the game of tug of war in a gym. there,"['are three teams playing, dressed like badminton players.', 'are several people seated in the gym watching them play the game.', 'are several other people seated near the background watching the game.', 'is a young girl who is holding the orange rope as her team members walk around in a line and take off the orange rope and locked it in the gym and then release it from a vault.']",activitynet~v_yEFS8M4pgMU,test,zeroshot,
5210,Tug of war,There two teams of men playing the game of tug of war in a gym. There are several people seated in the gym watching them play the game.,the referee,There two teams of men playing the game of tug of war in a gym. There are several people seated in the gym watching them play the game. the referee,"['is standing next to the contestants as they continue to pull the rope harder.', 'instructs the men to continue playing.', 'is wearing one white cape while the other is sporting a black one.', 'is commenting on the play in front of him as they continue to play.']",activitynet~v_yEFS8M4pgMU,test,zeroshot,
5211,Tug of war,There are several people seated in the gym watching them play the game. The referee is standing next to the contestants as they continue to pull the rope harder.,the opposing team,There are several people seated in the gym watching them play the game. The referee is standing next to the contestants as they continue to pull the rope harder. the opposing team,"['pulls harder and the team in the white ends up falling down and losing.', 'member will push the girl on the floor and pick up another lady.', 'displays equal frustration as it suddenly wins and they all throw the rope out into the air.', 'loses and the bidders gather on the floor.']",activitynet~v_yEFS8M4pgMU,test,zeroshot,
5301,Curling,A group of skaters are going quickly around an outdoor track.,a man who curls in a wheelchair,A group of skaters are going quickly around an outdoor track. a man who curls in a wheelchair,"['steps on the line and falls.', 'is getting ready to race at a speed that has nearly had him thrown off his feet in the past four years.', 'is shown, skating quickly, doing a 360 leap down the track and landing freestyle in the sand.', 'speaks to the camera.']",activitynet~v_z4B1JZQnHl4,test,zeroshot,
5324,Riding bumper cars,A set of kids are in bumper cars and begin driving and hitting each other.,one of the young kids,A set of kids are in bumper cars and begin driving and hitting each other. one of the young kids,"['blows a whistle which causes the first child to jump and run away from the board where they collide into another.', 'crashes and the other kid quickly jumps down and they continue driving.', 'gets hit by a car from above and is shown getting hit by another.', 'runs into wall and the males who are operating the ride assist the child.']",activitynet~v_zHzKPtrgv1k,test,zeroshot,
5328,Wakeboarding,.,a special effect intro of a man airborn on a waterboard with the words mmxiv hyperlite collection,. a special effect intro of a man airborn on a waterboard with the words mmxiv hyperlite collection,"['play on the screen.', ', font font font font font font font font font font font font font font font font font font font font font font font font font font font font font font font font font font font font font font font font font font font font font font font font font font font font font font font font font font font font font font font font font font font font font font font font font font font font font font font font font font font font font font font font font font font font font font font font.', 'explain.', 'is on the screen.']",activitynet~v_zLbSEo4xhVY,test,indomain,
5329,Wakeboarding,A special effect intro of a man airborn on a waterboard with the words mmxiv hyperlite collection is on the screen.,a few men,A special effect intro of a man airborn on a waterboard with the words mmxiv hyperlite collection is on the screen. a few men,"['are mixing drinks in different glasses as they sit and drink.', 'and women are shown inside a sailing ship off sea with boat motion.', 'takes the fish out of their bag then fish out of their bag.', 'appear near the lake and then a series of different clips and men on water boards play one after another as they all waterboard quickly on the water and some are doing flips while holding onto the rope.']",activitynet~v_zLbSEo4xhVY,test,indomain,
5332,Wakeboarding,"The clips of various people waterboarding shows up again and they are all still holding onto the rope while standing on the boards and doing jumps, flips and other tricks.",the outro clip,"The clips of various people waterboarding shows up again and they are all still holding onto the rope while standing on the boards and doing jumps, flips and other tricks. the outro clip","['is shown once again and next comes a closeup that has a news segment with the nascent pipe song.', ""begins and it's similar to the intro."", 'shows allard on the screen and the ending graphic.', 'is show for the next clip to show them all jumproping.']",activitynet~v_zLbSEo4xhVY,test,indomain,
5334,Playing racquetball,We see the title screen on gray. Two men are playing squash.,we,We see the title screen on gray. Two men are playing squash. we,"['then see a scene of peolpe from cinnamon rolls.', 'see a transition urging practice.', 'see the map on red and black.', 'see the flowers up close and the display on white screen.']",activitynet~v_zPGc84TC74A,test,zeroshot,
5336,Playing racquetball,Two men are playing squash. We see a transition urging practice. A transition starts but doesn't change to anything.,the man in white,Two men are playing squash. We see a transition urging practice. A transition starts but doesn't change to anything. the man in white,"['enters with a bag and dumps a ball and the remainder of the ball are thrown.', 'wipes his brow with his sleeve.', 'pins his opponent and pushes.', 'walks to the end with his yellow cue stick.']",activitynet~v_zPGc84TC74A,test,zeroshot,
5375,Long jump,We see a man's face up close with his name imposed over it as the man prepares to run on a track.,the man,We see a man's face up close with his name imposed over it as the man prepares to run on a track. the man,"['runs down the track and performs a long jump and throws his arms in the air.', 'moves forward and drinks from a cup at a track.', 'runs and does a perfect 5 yard sprint as.', 'runs into a pole while standing up and that causes a crash.']",activitynet~v_zuqNxHmtBD8,test,indomain,
5377,Long jump,The man runs down the track and performs a long jump and throws his arms in the air. We see another man stretching his arms.,the jumper,The man runs down the track and performs a long jump and throws his arms in the air. We see another man stretching his arms. the jumper,"['hops up on his hands, stands on his hands, spins around and throws his arms in the air.', 'waits for the scores to appear on the screen and the man who jumped throws his hands in the air and runs away.', 'holds up his arms and face.', 'holds the jump rope in mid air and jumps hopped up and ends with a jump with his arms up in the air.']",activitynet~v_zuqNxHmtBD8,test,indomain,
5420,Grooming horse,A girl is standing next to a white horse.,she,A girl is standing next to a white horse. she,"[""is using a rake to clean the horse's hooves."", ""is spraying something in a bucket on the horse's back."", 'ties a rope to the horse.', 'begins to brush the horse.']",activitynet~v_-MldnTjJ-zE,test,zeroshot,
5431,Skateboarding,A group of boys are shown skateboarding in different scenarios. They give instructions as they go on the various moves and techniques.,they,A group of boys are shown skateboarding in different scenarios. They give instructions as they go on the various moves and techniques. they,"['facebook page with a link for their daily activities.', 'roll up clothing as part of their workout.', 'talk more about the skateboard serves as a lesson instrument for their skateboarding experience.', 'demonstrate the moves as they explain them.']",activitynet~v_-UWE4jXuLoo,test,indomain,
5434,Spinning,She shows herself teaching a spin class with several other students. She also shows herself teaching a core strength exercise.,the video,She shows herself teaching a spin class with several other students. She also shows herself teaching a core strength exercise. the video,"['then backs up to show more information on method and environment.', ""ends with one final video showing the video's ending sequence shown via the video channel."", 'ends with a candid view of the bend run class.', 'ends with the closing captions shown on the screen.']",activitynet~v_-UwqKYkkKlU,test,indomain,
5464,Getting a haircut,Man is combing a kid's hair in a hair saloon. Man is standing behind anoher man holding an acoustic guitar and playing a song.,litle kid,Man is combing a kid's hair in a hair saloon. Man is standing behind anoher man holding an acoustic guitar and playing a song. litle kid,"['is playing the guitar in the back.', 'is singing on is guitar and the man is strumming the guitar.', 'is sitting on a chair with the wet hair getting a hair style.', 'wearing a red shirt is going down the riviera white dog and banging the hood of the car.']",activitynet~v_0ZHZ1ZqmT7s,test,indomain,
5482,Getting a tattoo,A man holds a tattoo needle on a woman's arm. The woman begins talking to the camera. The man and woman laughs.,the man,A man holds a tattoo needle on a woman's arm. The woman begins talking to the camera. The man and woman laughs. the man,"[""finishes the woman's tattoo."", 'shows how to apply the tattoo on legs and feet.', ""makes several tattoo designs on the woman's arm."", 'poses with a tattoo artist as they talk.']",activitynet~v_0yi-nkwLEnI,test,indomain,
5512,Ironing clothes,A woman is standing behind an ironing board talking.,the woman,A woman is standing behind an ironing board talking. the woman,"['places the ironing board down on the ironing board.', 'then sharpens a knife and separates greens and cuts them off and places them back on the ironing board.', 'then places a shirt on the board.', 'then shows the mess the ironing board made.']",activitynet~v_1lagsBNqNe4,test,indomain,
5538,Fun sliding down,A large playground full of equipment is shown.,several kids,A large playground full of equipment is shown. several kids,"['are inside the pink and sparkly playground.', 'race on skateboards down a road.', 'move equipment around using it.', 'are playing on the equipment.']",activitynet~v_2Mh-OomUNpQ,test,indomain,
5539,Fun sliding down,A large playground full of equipment is shown. Several kids are playing on the equipment.,a little boy,A large playground full of equipment is shown. Several kids are playing on the equipment. a little boy,"['when jumps off the equipment for his video camera.', 'is about to go down the slide several adults tell him to turn around.', 'is walking around, and runs to a slide.', 'enters the scene and blows a kiss to the camera.']",activitynet~v_2Mh-OomUNpQ,test,indomain,
5559,Snowboarding,"There is an intro that states ""carolyn goes to winter park: 1st snowboard trip january 2013"".",then various still shots and video,"There is an intro that states ""carolyn goes to winter park: 1st snowboard trip january 2013"". then various still shots and video","['are shown of a little girl doing various things, and then learning how to snowboard in the slopes.', 'captions that include the slopes, views, and stunts of different skiers are shown and ends with carolyn snowboarding on dirt.', 'of comfortable shoes are shown followed by two snowboarding women dressed casually with coats, bows, scarves, gloves and hats.', 'footage show snowboarding with friends at an amusement park.']",activitynet~v_2r7qhNGm44I,test,zeroshot,
5586,Making a sandwich,Several food items are shown laid out as well as eggs boiling in a pot. A person cuts up ingredients and mixes them into a bowl.,she,Several food items are shown laid out as well as eggs boiling in a pot. A person cuts up ingredients and mixes them into a bowl. she,"['is now with the cooker as he mows each of the back yard.', 'then takes individual knives along with sticks to sharpen them.', 'puts them into a bowl and stirs.', 'puts more ingredients in the bowl and spoons it onto a sandwich.']",activitynet~v_3X6eP273RoI,test,indomain,
5622,Grooming horse,A horse in a stable eats hay. An individual's hand uses a brush on the horse's fur.,the individual,A horse in a stable eats hay. An individual's hand uses a brush on the horse's fur. the individual,"['brushes the hooves again.', ""moves to the other side of the horse and uses the brush on the horse's hair."", 'uses a broom to brush the mane.', 'takes a paw off the horse and the stud stands.']",activitynet~v_55IErOrgQOA,test,zeroshot,
5659,Making an omelette,A close up of a pan is shown with a person mixing in food.,the person,A close up of a pan is shown with a person mixing in food. the person,"['mixes all the ingredients together making a sandwich.', 'then puts food onto a oven table.', 'puts a bowl into the pan and cooks it with beans and sauce.', 'fries up the food and adds more ingredients to the pan.']",activitynet~v_633ZdPm_GjM,test,zeroshot,
5664,Washing dishes,A woman is standing at a sink. She is scrubbing a pan in the sink.,she,A woman is standing at a sink. She is scrubbing a pan in the sink. she,"['turns the faucet on and washes off the pan.', 'puts water on a newspaper.', 'is laughing and wiping her hands on the sink.', 'pans out and grabs a towel.']",activitynet~v_64UBH371Jj8,test,zeroshot,
5668,Grooming dog,There are two news reporters talking about dog grooming as part of their news segment. A lady dressed in a blue dress is talking about the extreme dog grooming company that grooms dogs.,she,There are two news reporters talking about dog grooming as part of their news segment. A lady dressed in a blue dress is talking about the extreme dog grooming company that grooms dogs. she,"['shows some women working in the dog grooming salon where couple of dogs are being groomed with shears by professional dog groomers.', 'talks about grooming dogs for sale at an ig petting zoo.', 'explains the procedures that the business is based on, which include a drug to be used in grooming the dogs.', 'is talking about her dog who has been groomed for years by a trainer.']",activitynet~v_6EWzgWd72Cs,test,indomain,
5670,Grooming dog,She shows some women working in the dog grooming salon where couple of dogs are being groomed with shears by professional dog groomers. One lady grooms a poodle and then dyes its fur with different colors.,then she,She shows some women working in the dog grooming salon where couple of dogs are being groomed with shears by professional dog groomers. One lady grooms a poodle and then dyes its fur with different colors. then she,"['pets and crosst a middle aged male after combing his hair.', 'shows another dog that has spots that resemble a giraffe that is being brought to an elementary school to play with the kids.', 'smells flowers more thoroughly and smiles and finishes by showing the groom a dog covered in pet paint as she pats his head.', 'sitters on the scrub horse and continues to groom and groom the dogs just to get a feel for their weight.']",activitynet~v_6EWzgWd72Cs,test,indomain,
5671,Grooming dog,Then she shows another dog that has spots that resemble a giraffe that is being brought to an elementary school to play with the kids.,several kids,Then she shows another dog that has spots that resemble a giraffe that is being brought to an elementary school to play with the kids. several kids,"['take turns shutting their dogs off, because on one of the dogs a guy is stuffed down and they no longer have to take care of him regardless.', 'are shown plying the crafts store as they grab chairs, bowls, and cans of food.', 'sit with the dog and pet the dog as part of a behavioral therapy session.', 'are sitting on the bleachers watching the game.']",activitynet~v_6EWzgWd72Cs,test,indomain,
5674,Washing dishes,"A kitchen in black and white is shown with the words ""washing dishes at the church"" and ""listen to #deathsquad podcasts"" are printed on the cabinet doors.",a man,"A kitchen in black and white is shown with the words ""washing dishes at the church"" and ""listen to #deathsquad podcasts"" are printed on the cabinet doors. a man","['uses a heavy metal nozzle and sprays the sink with a liquid from a hose and then wipes it down with a mop.', 'is then seen driving down the road.', 'enters and starts washing dishes by hand in the sink.', 'is now standing behind the counter, cutting cookie dough into fluffy cookies, and putting them on a plate to be boiled up.']",activitynet~v_6UPfqdssD6g,test,zeroshot,
5677,Playing field hockey,"A closeup of a brunette girl is standing outside and talking to the camera and the white words at the bottom of the screen say ""jamie trevina #14 helix charter high school"".",various clips,"A closeup of a brunette girl is standing outside and talking to the camera and the white words at the bottom of the screen say ""jamie trevina #14 helix charter high school"". various clips","['of this girl painting are shown leading into her tattooing a piece of roller.', 'of the girls playing gymnastic tricks are shown as they break into a line and proceed to say a number of names and tricks while on the other side of the gym avoiding eye contact with their teacher.', 'are shown of the young woman interviewing the camera as well as her party with friends as well as another woman interviewing the room outside.', ""of her playing field hockey on a large grassy field play, and she's hitting the ball with her stick in different games against other girls, or just practicing alone hitting the balls.""]",activitynet~v_6hu3V1PS4vM,test,zeroshot,
5678,Playing field hockey,"Various clips of her playing field hockey on a large grassy field play, and she's hitting the ball with her stick in different games against other girls, or just practicing alone hitting the balls.",while the videos,"Various clips of her playing field hockey on a large grassy field play, and she's hitting the ball with her stick in different games against other girls, or just practicing alone hitting the balls. while the videos","['continue, various shots of the girl tossing around and talking to others show the bottom that you shot right out of the game and is now showing her scores and celebrating with her teammates.', 'are also shown in slow motion, the plays home more musical and colorful as she keeps playing.', 'are playing a smaller video of a woman talking plays in the bottom right of the screen and white words on the small screen say the woman is "" coach cheryl tyler helix field hockey "".', 'continue, she discloses more with her game, including pain, hands, face, and medicine along the way.']",activitynet~v_6hu3V1PS4vM,test,zeroshot,
5681,Playing field hockey,"A black screen appears with a small picture of jamie trevina in the upper right, and all of her stats written in white on the left side of the screen.",another black screen,"A black screen appears with a small picture of jamie trevina in the upper right, and all of her stats written in white on the left side of the screen. another black screen","['with black and white images appears in the upper left corner of the screen, showing the list of names and texting that the players selected.', 'appears with a black phone number that is the link to the red and green logo again and startseeight, then one last black screen with a white screen with a black phone number with a yellow phone number.', 'appears and with white white text read "" how to work together share feedback.', 'appears and it includes 3 small pictures of the same girl, and contact information written in white at the bottom of the screen.']",activitynet~v_6hu3V1PS4vM,test,zeroshot,
5705,Brushing hair,A woman brushes her long hair. She continues to brush it and finesse it.,it,A woman brushes her long hair. She continues to brush it and finesse it. it,"['ends with it being dried and sprayed on her face.', 'ends with her showing viewers more of her product.', 'is then brushed and groomed by a hair-styling company.', 'looks great in the end.']",activitynet~v_7O9kkDxEvaY,test,zeroshot,
5730,Waterskiing,An introduction comes onto the screen for a video about a water skier.,a man at a lake,An introduction comes onto the screen for a video about a water skier. a man at a lake,"['shows the gear needed for a water jet ski.', 'begins to perform water skiing tricks while attached to a water skiing line.', 'is guiding a boat with his glass pipe as it skates along the water.', 'water skis all along a calm but very rough lake.']",activitynet~v_8P1vKpL3Zcs,test,indomain,
5731,Waterskiing,An introduction comes onto the screen for a video about a water skier. A man at a lake begins to perform water skiing tricks while attached to a water skiing line.,he,An introduction comes onto the screen for a video about a water skier. A man at a lake begins to perform water skiing tricks while attached to a water skiing line. he,"['continues to pull himself along a rope along the lake while free from the line.', 'begins to perform a series of jumps while he water skis.', 'performs while on the water as well as in a pool while the camera captures his movements.', 'is performing the tricks up against an ice cream truck in a desert.']",activitynet~v_8P1vKpL3Zcs,test,indomain,
5733,Waterskiing,He begins to perform a series of jumps while he water skis. He is then shown doing some tricks at nigh time.,the video,He begins to perform a series of jumps while he water skis. He is then shown doing some tricks at nigh time. the video,"['ends with him in a faded video.', 'ends with him flying over a city, sitting in a horse drawn boat.', 'ends with the closing credits shown on the screen.', 'is shown over and over again.']",activitynet~v_8P1vKpL3Zcs,test,indomain,
5736,Tug of war,"A dark pink screen appears with white lettering that read ""supirior university vs sargodha university"".",a large group of people,"A dark pink screen appears with white lettering that read ""supirior university vs sargodha university"". a large group of people","['are seen dancing and playing instruments.', 'are seen standing and speaking to someone off screen as they wave to a group of people and then a repair job.', 'are shown playing racquetball in an indoor room where more people are sitting on chairs and playing.', 'are on a grassy field watching as two teams play tug o war, some people are taking pictures and videos a referee is in the middle of the rope to guide them, and each team has a coach (es) on the side of them talking to them.']",activitynet~v_8YKUwWUU-O0,test,zeroshot,
5738,Tug of war,After a while of tugging the right side wins and they briefly celebrate because they immediately start another round.,they,After a while of tugging the right side wins and they briefly celebrate because they immediately start another round. they,"['win a few rounds and even travel to the other side to celebrate with them but they only have two beers together and only have one of them.', 'tug on the rope some more and eventually the tug o war ends with the team on the left winning and they all celebrate and some are bowing on the grass.', 'continue playing several rounds of croquet and hitting the ball back and forth and lighting matches at the end.', 'continue rafting through the river past waterfalls and cliffs.']",activitynet~v_8YKUwWUU-O0,test,zeroshot,
5739,Tug of war,They tug on the rope some more and eventually the tug o war ends with the team on the left winning and they all celebrate and some are bowing on the grass.,the dark pink screen,They tug on the rope some more and eventually the tug o war ends with the team on the left winning and they all celebrate and some are bowing on the grass. the dark pink screen,"['fades out and suddenly ds the stationary team, with only a few dark green colored struggles picking up a spares from the ground before they disperse.', ""erupts with the audiences' names and their website."", 'appears again with the white words on it that scroll from bottom to the top.', 'goes black and a only lady appears holding a stick and obviously has some competitive line of thought behind it, she runs right toward one of them and pretends to pole vault, but she falls and looks funny.']",activitynet~v_8YKUwWUU-O0,test,zeroshot,
5743,Beach soccer,"A foot kicked the ball, and the goalkeeper blocked the ball. The young boy kicked the ball, the goalkeeper pushed the ball away.",the ball,"A foot kicked the ball, and the goalkeeper blocked the ball. The young boy kicked the ball, the goalkeeper pushed the ball away. the ball","['is kicked and the goalkeeper used his feet to blocked the ball.', 'caught the boy bull-roping him, the young boy have damage.', 'rolled on the sand and rolled back onto the ground.', 'hit a fence and roll down the lane.']",activitynet~v_8fZbv6OUEm8,test,indomain,
5775,Peeling potatoes,An elder man is standing over a sink. The man peels a potato with a knife.,the man,An elder man is standing over a sink. The man peels a potato with a knife. the man,"['places the peelings into the sink.', 'peels further, kneeling on the ground.', 'peels again with the knife.', 'takes the potato back and puts it on a dish towel.']",activitynet~v_9PY28-zQhm4,test,zeroshot,
5781,Arm wrestling,Two men are seen arm wrestling and leads into one winning.,the winner,Two men are seen arm wrestling and leads into one winning. the winner,"[""wash the other's hands while the crowd cheers them on."", ""walks into the ring and cuts a man's hair with scissors."", 'then plays against several more people and winning each time.', 'throws the other up and leads into several more rounds of women throwing one another and winning the game.']",activitynet~v_9aRUmbcYxUM,test,indomain,
5782,Arm wrestling,Two men are seen arm wrestling and leads into one winning. The winner then plays against several more people and winning each time.,he,Two men are seen arm wrestling and leads into one winning. The winner then plays against several more people and winning each time. he,"['laughs with the others when they win and demonstrates how fickle women can be sometimes.', 'continues arm wresting with others and the ref declaring a winner each time.', 'ties up the loser and cows him over.', 'wins over and over again with a competitor winning.']",activitynet~v_9aRUmbcYxUM,test,indomain,
5794,Ballet,A lady enters a gym with ballet shoes in hand. The lady sits on the tiled floor.,the lady,A lady enters a gym with ballet shoes in hand. The lady sits on the tiled floor. the lady,"['holds up a spare tire.', 'begins to start ballet moves on her legs.', 'puts a sock on her left foot using ballet shoes as an example.', 'puts her hair in a bun.']",activitynet~v_9pNfaRJ0K4o,test,indomain,
5795,Ballet,A lady enters a gym with ballet shoes in hand. The lady sits on the tiled floor. The lady puts her hair in a bun.,the lady,A lady enters a gym with ballet shoes in hand. The lady sits on the tiled floor. The lady puts her hair in a bun. the lady,"['then stands on a platform.', 'stands with two braids in her hair.', 'puts on her ballet shoes and practices ballet.', 'touches her face, and smiles.']",activitynet~v_9pNfaRJ0K4o,test,indomain,
5844,Hand washing clothes,A man is talking and sitting on a chair and is washing clothes in a pink bucket that's filled with soap and water and surrounded by other colorful buckets with clothes in them as well as clothes on the grass.,the man,A man is talking and sitting on a chair and is washing clothes in a pink bucket that's filled with soap and water and surrounded by other colorful buckets with clothes in them as well as clothes on the grass. the man,"['then stands up, using the mop, and begins to clean off areas of the floor.', 'gives points to the camera and the camera pans to show a view of the grass, tree, sky, a shovel, buckets and kindling.', 'takes the dark piece of clothing and wrings it out in the pink bucket, then puts it in the yellow bucket for a few dunks in it, wrings it out in both the yellow and pink bucket then throws it into a dark green bucket.', 'reaches for a cream brush and begins brushing a gun and does this using both hands as well as using striped pipe like gloves.']",activitynet~v_B5Ea3Bs8hC4,test,indomain,
5845,Hand washing clothes,"The man takes the dark piece of clothing and wrings it out in the pink bucket, then puts it in the yellow bucket for a few dunks in it, wrings it out in both the yellow and pink bucket then throws it into a dark green bucket.",the man,"The man takes the dark piece of clothing and wrings it out in the pink bucket, then puts it in the yellow bucket for a few dunks in it, wrings it out in both the yellow and pink bucket then throws it into a dark green bucket. the man","['then backs up and keeps walking away until the he is on the border of the bowling lane.', 'goes back to the pink bucket to wash another dark item clothing, he wrings it out in the pink bucket, throws it in the yellow bucket, then wrings his hands together a few times while staring at the camera.', 'shows up and approves a cup of white coffee.', 'in the yellow shirt brings the bucket in closer to the body of water where the rope is still stretched along the edge and then hands it to the boy who is scooped out from under the murky water.']",activitynet~v_B5Ea3Bs8hC4,test,indomain,
5846,Hand washing clothes,"The man goes back to the pink bucket to wash another dark item clothing, he wrings it out in the pink bucket, throws it in the yellow bucket, then wrings his hands together a few times while staring at the camera.",there,"The man goes back to the pink bucket to wash another dark item clothing, he wrings it out in the pink bucket, throws it in the yellow bucket, then wrings his hands together a few times while staring at the camera. there","[""are people walking behind the man as he's washing and wringing out the clothing."", 'is a view of the dist and the other man sporting dories joined together, that includes the dog, as well, his ball cap, his face, his ears, his pucks, his bowl of supplies and his shoes.', 'are many balloons on the pool and the camera moves back to close up of the skateboard and make little quotes.', 'is commotion in the audience of the trio, and several people are seated in a line next to the pink bucket.']",activitynet~v_B5Ea3Bs8hC4,test,indomain,
5855,Blowing leaves,Leaves are blown down a path by a leaf blower. The leaf blower follows a down hill path through the trees.,the camera,Leaves are blown down a path by a leaf blower. The leaf blower follows a down hill path through the trees. the camera,"['pans back to show the cleared path.', 'follows the blowing leaves as swiftly as possible.', 'pans down a trail in short time.', 'turns right, looking around.']",activitynet~v_BSKolF3MMe4,test,indomain,
5863,Riding bumper cars,A man with short black curly hair is standing in the corner of a bumper car room talking.,as he,A man with short black curly hair is standing in the corner of a bumper car room talking. as he,"['talks, a variety of people from different ages and genders are moving around and hitting each other.', 'begins he begins to take out some of the tires and show how they fit.', 'speaks he holds a pumpkin and continues to play shuffleboard with it.', 'talks, the bumper car car is rolled backward in the room and a man begins walking out of frame.']",activitynet~v_BcMHGhxdMl4,test,zeroshot,
5920,Pole vault,A man is seen standing with a large pole.,the man,A man is seen standing with a large pole. the man,"['runs down a track with the large pole.', 'then begins break dancing with another in various places.', 'then moves out of frame and begins hitting a stick into a pile of sticks.', 'then puts a shoe on his foot while still using the pole.']",activitynet~v_Cgquef_qgcs,test,indomain,
5921,Pole vault,A man is seen standing with a large pole. The man runs down a track with the large pole.,he,A man is seen standing with a large pole. The man runs down a track with the large pole. he,"['is then seen straddling a bar in a large gymnasium.', 'runs all the way back to the start.', 'finally pole volts himself over a bar and onto a mat.', 'begins to pole vault over several jumps.']",activitynet~v_Cgquef_qgcs,test,indomain,
5984,Playing racquetball,A man is standing and talking in front of a white wall.,he,A man is standing and talking in front of a white wall. he,"['begins talking about flooring and dating techniques caught on film.', 'is present with a yellow wheelbarrow, filled with strings.', 'continues talking as he shows how to play a game of indoor tennis.', 'walks from it, glass fireplace behind him.']",activitynet~v_EGLJPCJnG64,test,zeroshot,
5994,Beach soccer,A small group of people are seen playing soccer on a sandy field.,a large crowd,A small group of people are seen playing soccer on a sandy field. a large crowd,"['watches the game indoors.', 'watches the boys play as they run up and down.', 'watches and watches as the teams begin to compete.', 'is seen cheering one another while cheering the players on.']",activitynet~v_EW3zRMVjkoU,test,indomain,
5995,Beach soccer,A small group of people are seen playing soccer on a sandy field. A large crowd watches the boys play as they run up and down.,the game,A small group of people are seen playing soccer on a sandy field. A large crowd watches the boys play as they run up and down. the game,"['is continued over and over again.', 'continues on as people still watch them play.', 'continues as the boys are seen throwing the ball back and fourth to one another.', 'continues and after two boys scoring, the group is seen one being interviewed.']",activitynet~v_EW3zRMVjkoU,test,indomain,
6011,Ironing clothes,A woman is lying out materials on a board. She cuts them to fit the pattern she is seeking.,she,A woman is lying out materials on a board. She cuts them to fit the pattern she is seeking. she,"['then puts them on a pole and cuts them.', 'paints several lines up and down the board.', 'puts the pattern back onto the board and continues painting the iron.', 'explains what she is doing in several steps.']",activitynet~v_EwEV5_sHGJk,test,indomain,
6037,River tubing,Two women are seen driving and speaking to the camera while others walk down carrying tubes.,the people,Two women are seen driving and speaking to the camera while others walk down carrying tubes. the people,"['are seen riding down the hill on the tubes and performing tricks along the water.', 'ride down together under a bridge with hula hoops tied into the sides.', 'are then seen sitting in the water riding tubes and drinking beer.', 'walk along a snowy slope while looking back at one another and perform tricks and stunts up and down the slope.']",activitynet~v_FX4inHmWQtE,test,indomain,
6038,River tubing,Two women are seen driving and speaking to the camera while others walk down carrying tubes. The people are then seen sitting in the water riding tubes and drinking beer.,they,Two women are seen driving and speaking to the camera while others walk down carrying tubes. The people are then seen sitting in the water riding tubes and drinking beer. they,"['speak to one another as they continue to ride around and drink beer.', 'continue riding around the water jumping and getting into the tubes.', 'are seen floating along the ocean with some looking back.', 'are shown in several clips floating as well as riding in the tubes around a lake.']",activitynet~v_FX4inHmWQtE,test,indomain,
6057,Hammer throw,This video shows colin minor's hammer throw in the junior olympics. He spins around fast and then lets the hammer go.,he,This video shows colin minor's hammer throw in the junior olympics. He spins around fast and then lets the hammer go. he,"['then takes his hammer off, throws it, and walks away.', 'takes the hammer and swings it at the trunk of the car.', 'is then shown in a photo holding the hammer and there is kind words describing him.', 'lands on the ground and looks up before getting up too.']",activitynet~v_G72MBCYwT8E,test,zeroshot,
6068,Making a sandwich,A man applies peanut butter to bread.,the man,A man applies peanut butter to bread. the man,"['places cheese on toast and presses a peanut butter on it.', 'adds word cheese as he cooks.', 'wipes the knife clean.', 'then adds mayonnaise to the kitchen aid.']",activitynet~v_GX1EjqXAszM,test,indomain,
6069,Making a sandwich,A man applies peanut butter to bread. The man wipes the knife clean.,the man,A man applies peanut butter to bread. The man wipes the knife clean. the man,"['squeezes the peanut butter in a jar then puts it on the bread.', 'then applies jelly to bread.', 'grabs the sandwich and salsa from the oven and adds cornstarch in the center of the sandwich.', 'uses a toothbrush to rub peanut butter cape over the bread.']",activitynet~v_GX1EjqXAszM,test,indomain,
6072,Playing flauta,A man stands up and walks onto a stage.,the man,A man stands up and walks onto a stage. the man,"['creates a tower of instructions on the screen.', 'then begins to semble and perform a fitness dance routine.', 'is paying homage to a piece of wood.', 'starts playing a flute on the stage.']",activitynet~v_GoFV8lTD4ug,test,zeroshot,
6105,Grooming horse,A woman is rubbing shampoo onto the tail of a horse. She sprays the tail with a red hose.,she,A woman is rubbing shampoo onto the tail of a horse. She sprays the tail with a red hose. she,"['then applies gel to the tail and rubs it with a knob.', 'rubs shampoo on the tail constantly.', 'then uses a sponge on the back of the horse.', 'then rubs the hair with her hands.']",activitynet~v_HgKZ4KAuhdI,test,zeroshot,
6119,Playing guitarra,A woman is sitting down playing an acoustic guitar.,a man,A woman is sitting down playing an acoustic guitar. a man,"['is painting a wall with a soft white paint.', 'finally joins her at the guitar stand.', 'is laying on the ground pulling the legs of a person playing an acoustic guitar.', 'is sitting down behind her.']",activitynet~v_I5F59PkcDWM,test,indomain,
6120,Playing guitarra,A woman is sitting down playing an acoustic guitar. A man is sitting down behind her.,he,A woman is sitting down playing an acoustic guitar. A man is sitting down behind her. he,"['grabs the guitar from her and begins strumming it.', 'is playing a bag pipe.', 'picks up a beer bottle and takes a drink.', 'is wearing a pair of headphones as he is playing.']",activitynet~v_I5F59PkcDWM,test,indomain,
6142,Doing fencing,Two men are standing on a stage. They are involved in a jousting match.,they,Two men are standing on a stage. They are involved in a jousting match. they,"['parry and poke at each other with swords.', 'throw balls at each other.', 'are throwing darts at each other.', 'struggle a bit as they keep hitting the cards.']",activitynet~v_IUnqrqZ_x_A,test,indomain,
6147,Playing racquetball,Two men play squash in a room with a glass wall.,the man on front,Two men play squash in a room with a glass wall. the man on front,"['sides with the left shoulder bend on the arm rests.', 'hits the ball to the wall.', 'has rubbed lotion on his arms after endless play.', 'walks over to a chairs stand and places the throw push on the table.']",activitynet~v_IiCN1md2MV4,test,zeroshot,
6162,Polishing forniture,A woman is sitting on a bench. She fills a bottle with a liquid. She sprays it on a wall.,she,A woman is sitting on a bench. She fills a bottle with a liquid. She sprays it on a wall. she,"['paints the wall.', 'demonstrates how to wash a shoe with spray.', 'then wipes off the grime.', 'completes a tattoo and kisses the wall.']",activitynet~v_IxaoK4TbALQ,test,indomain,
6186,Ping-pong,People are sitting in the stands watching a game.,people,People are sitting in the stands watching a game. people,"['are moving around in the stands giving the boy exercise.', 'stand around a bucket holding lemons.', 'are playing muddy squash in a court.', 'are playing a game of ping pong.']",activitynet~v_JTQsElq5UN4,test,indomain,
6187,Ping-pong,People are sitting in the stands watching a game. People are playing a game of ping pong.,they,People are sitting in the stands watching a game. People are playing a game of ping pong. they,"['hit the ball all down the court.', 'finish and give each other hugs.', 'pour balls into cups.', 'block a ping pong ball and hit it back and forth into the cup.']",activitynet~v_JTQsElq5UN4,test,indomain,
6217,Changing car wheel,Men are on the pits changing a tire. Red car is parked in a side of the street.,people,Men are on the pits changing a tire. Red car is parked in a side of the street. people,"['are around a red car trying to change the car tires.', 'are running around the street using leashes.', 'are in the pit playing curling.', 'is sitting in front ofeach other.']",activitynet~v_K6oVOQG0lOo,test,zeroshot,
6234,Doing a powerbomb,A couple of action figures are positioned on a blanket.,they,A couple of action figures are positioned on a blanket. they,"['move music the camera to show several different oncoming cars.', 'are using paint roller blades to paint a canvas.', 'are made to fight each other.', 'are playing a game of dodgeball.']",activitynet~v_Keuj_3QyLq0,test,indomain,
6243,Using the monkey bar,A man is holding a little girl on a playset.,she,A man is holding a little girl on a playset. she,"['is hitting a toy pinata with a bat.', 'smiles and continues herself playing with other children.', 'goes across the monkey bars in the yard.', 'is playing with a dog.']",activitynet~v_KxJpfKZbNiI,test,zeroshot,
6252,Changing car wheel,A man is seen unscrewing a large tire.,he,A man is seen unscrewing a large tire. he,"['then pulls off the tire and begins unscrewing the back one.', 'then removes the tool and screws down the spare tire.', 'uses steel cleats to pry open the tire.', 'then uses a tool to separate the bolts wide.']",activitynet~v_LGS_yzsScfw,test,zeroshot,
6277,Belly dance,A woman walks into a room as people watch. She goes into a pose and begins dancing.,she,A woman walks into a room as people watch. She goes into a pose and begins dancing. she,"['performs several belly dancing moves as she dances.', 'continues dancing with other people around her.', 'celebrates and walks away.', 'bows and walks away.']",activitynet~v_MC0L0ljTUiw,test,zeroshot,
6312,Assembling bicycle,A man is seen talking inside a shop. He is working on the handle bars of a bicycle.,he,A man is seen talking inside a shop. He is working on the handle bars of a bicycle. he,"['brushes them before pushing them into position.', 'screws the bars back onto the bike.', 'pushes himself up on the frame and fixes the handle bars.', 'moves the gears around and works on the tire.']",activitynet~v_NBXH7A2EO7Q,test,indomain,
6336,Changing car wheel,A large red truck is parked by gravel.,men,A large red truck is parked by gravel. men,"['push cars on a track.', 'gather at the back of the truck.', 'climb out and start bungee jumping.', 'are working inside a building.']",activitynet~v_Ny8NDMWfGJk,test,zeroshot,
6383,Playing ten pins,A close up is seen of a fancy bowling ball.,a man,A close up is seen of a fancy bowling ball. a man,"[""is seen hitting close up of the ball using another man's hands as the bowling ball."", 'then balls it up against the wall while a woman stands behind him.', 'walks up to a lane with a ball in his hand.', 'massages the ball while people measure his size.']",activitynet~v_P9qhbSYblG4,test,zeroshot,
6384,Playing ten pins,A close up is seen of a fancy bowling ball. A man walks up to a lane with a ball in his hand.,he,A close up is seen of a fancy bowling ball. A man walks up to a lane with a ball in his hand. he,"['throws the ball, knocking down pins.', 'throws the ball down the lane while his partner tries to block it.', 'picks up the ball and throws it down the lane before catching it.', 'gets down on the floor and spins a lot.']",activitynet~v_P9qhbSYblG4,test,zeroshot,
6389,Using the monkey bar,A man in a red tank top is crossing the monkey bars.,he,A man in a red tank top is crossing the monkey bars. he,"['hops across them until he reaches the end.', 'does some high kicks going across.', 'crosses the monkey bars one bar at a time while swinging.', 'jumps up on the rock and grabs the bars before sliding back down.']",activitynet~v_PVed6JEd3ZM,test,zeroshot,
6390,Using the monkey bar,A man in a red tank top is crossing the monkey bars. He crosses the monkey bars one bar at a time while swinging.,he,A man in a red tank top is crossing the monkey bars. He crosses the monkey bars one bar at a time while swinging. he,"['then goes back and forth to balance himself.', 'gets to the end and does some pull ups on the last bar.', 'starts to get a little nervous as he gets very close and gets his arms ready to start his routine.', 'swings his legs up in the air while swinging his arms as he leans on the bars.']",activitynet~v_PVed6JEd3ZM,test,zeroshot,
6391,Using the monkey bar,He crosses the monkey bars one bar at a time while swinging. He gets to the end and does some pull ups on the last bar.,then he,He crosses the monkey bars one bar at a time while swinging. He gets to the end and does some pull ups on the last bar. then he,"['stands on the final bar, leans forward and does several hand motions.', 'puts his feet up to stand up straight and performs some smiling moves.', 'drops the bar and walks off in a daze while filming himself swing.', 'jumps down into the grass.']",activitynet~v_PVed6JEd3ZM,test,zeroshot,
6414,Breakdancing,He holds up his arms in a specific manner. He then sits on the ground and lifts his legs.,he,He holds up his arms in a specific manner. He then sits on the ground and lifts his legs. he,"['then kneels while holding up his arms.', 'then lays down and does two crunches.', 'then gags the man.', 'then goes through several positions.']",activitynet~v_QN6YFgrx_Ig,test,indomain,
6416,Playing flauta,An asian man walked to the stage and introduce the boy. The boy with flute walked to the stage and he is being interviewed by the asian man.,the boy,An asian man walked to the stage and introduce the boy. The boy with flute walked to the stage and he is being interviewed by the asian man. the boy,"['begin to talk about his flute, and how she loves it.', 'walked to the stage and played the flute.', 'is playing with mat faler as the asian man stand on front her under the table.', 'began playing his flute in front of the judges and when he finished he bowed.']",activitynet~v_Q_LhL-t0Yls,test,zeroshot,
6418,Preparing salad,Woman is talking to the camera in news standing next to a chef. The man holds a fish and put it on the pan.,the womans,Woman is talking to the camera in news standing next to a chef. The man holds a fish and put it on the pan. the womans,"['erve salad on white plates and the man put the fish on top and pour a dressing on top.', 'plate is large with food as they are in the market in an airport.', 'hands are holding a bowl full of eggs.', 'is laying on the table licking the food.']",activitynet~v_QeL3ScQVelo,test,indomain,
6425,Doing nails,A womans hand is shown on a counter.,she,A womans hand is shown on a counter. she,"['is showing how to cut out provolone bulbs.', 'adjusts the lotion, applied to her leg, then rubs it on her leg again.', 'then coats her nails with something.', 'is spreading egg on a piece of white bread.']",activitynet~v_QokthYjtPzM,test,zeroshot,
6426,Doing nails,A womans hand is shown on a counter. She then coats her nails with something.,she,A womans hand is shown on a counter. She then coats her nails with something. she,"['cuts them with a saw.', 'then meticulously rubs the is on her fingernail.', 'then signs a slip and puts it into a black safe.', 'then sprinkles glitter on them.']",activitynet~v_QokthYjtPzM,test,zeroshot,
6427,Doing nails,A womans hand is shown on a counter. She then coats her nails with something. She then sprinkles glitter on them.,then she,A womans hand is shown on a counter. She then coats her nails with something. She then sprinkles glitter on them. then she,"['puts mascara around them and one at a time.', 'coats them with a finisher.', 'paints her nails, piercing her pinkie nail.', 'combs and cuts her nail.']",activitynet~v_QokthYjtPzM,test,zeroshot,
6444,Skiing,A snowboarder glides down a slope.,the snow boarder,A snowboarder glides down a slope. the snow boarder,"['continues to talk on the telephone and points fingers.', 'goes up a hill and becomes airborne.', 'stops and shows his leg up and down.', 'is in the lodge and wants to go outside for a while.']",activitynet~v_RPLbUeV3-o0,test,indomain,
6457,Playing racquetball,Three men are standing on a wooden court playing squash.,men,Three men are standing on a wooden court playing squash. men,"['swing around balls on the court.', 'is siting on crossbar playing and talking.', 'are in a court holding tennis raquets playing squash.', 'start to slop in the water behind the court.']",activitynet~v_Re-SsHmajds,test,zeroshot,
6474,Doing crunches,A man is seen sitting on the floor speaking to the camera.,he,A man is seen sitting on the floor speaking to the camera. he,"['then begins putting in front of him coffee into a bundt cup.', 'applies a small metal rod to the bottom of his toilets sink.', 'picks up a bowling ball and throws it down the lane.', 'lays down and begins demonstrating how to do a proper sit up.']",activitynet~v_RzMKERQ9vOU,test,indomain,
6487,Making a lemonade,The woman use a plastic funnel to pass the juice to a big pot and mix it with sugar and water.,the woman,The woman use a plastic funnel to pass the juice to a big pot and mix it with sugar and water. the woman,"['shake the bottle and mix the lemonade.', 'takes ages to mix the cereal in the bowl and shows a sliding drawer that is installed in infront of it.', 'container a green pumpkin filled with juice, sliced vegetables, sliced potato, chopped carrots, diced tomatoes and a bowl and cut cucumber and decorate them.', 'pass the bowl to other woman and add something higher.']",activitynet~v_SgnBsgrqfj0,test,indomain,
6497,Rafting,Several men paddle a raft down a river. One of the men jumps in the river. The man is pulled out of the river.,another man,Several men paddle a raft down a river. One of the men jumps in the river. The man is pulled out of the river. another man,"['dives off of a cliff.', 'is pulled out into the river.', 'is shown being pulled back onto the raft.', 'is brought out in a raft.']",activitynet~v_SqIVJrXxO3g,test,zeroshot,
6519,Snowboarding,"A scenic route of the mountains and trees are seen through the window of the passenger of a truck. Once they have arrived a the cabin, the individuals are standing outside on a mountain snow boarding.",since it,"A scenic route of the mountains and trees are seen through the window of the passenger of a truck. Once they have arrived a the cabin, the individuals are standing outside on a mountain snow boarding. since it","['is night time, the field is lit up with several lights and you can see the people performing tricks and falling to the ground very vividly.', 'is winter, the displays too many snow castles to understand how they could land in the middle of them.', ""'s a beautiful day, they are all wearing their lifejackets."", 'is only one week since they climbed throughout a mountain to arrive, the scenery is less spectacular.']",activitynet~v_TUMk0wpBiP0,test,zeroshot,
6533,Hanging wallpaper,A woman rubs a wall surface.,the woman,A woman rubs a wall surface. the woman,"['adds paper very gently to paint the wooden surface.', 'shows how to iron the wallpaper in different colors simultaneously.', 'peels something apart while kneeing on the ground.', 'smooths a stripe on the wall.']",activitynet~v_TjLoGNBzNRA,test,indomain,
6534,Hanging wallpaper,A woman rubs a wall surface. The woman peels something apart while kneeing on the ground.,the woman,A woman rubs a wall surface. The woman peels something apart while kneeing on the ground. the woman,"['uses a different setting.', 'wraps a package in paper.', 'rubs coats on the wall.', 'attaches wallpaper to the wall surface.']",activitynet~v_TjLoGNBzNRA,test,indomain,
6535,Hanging wallpaper,The woman peels something apart while kneeing on the ground. The woman attaches wallpaper to the wall surface.,the woman,The woman peels something apart while kneeing on the ground. The woman attaches wallpaper to the wall surface. the woman,"['reaches into the triangle of loose wallpaper to take the wall down to expose the paving tile.', 'braids her hair in a bun.', 'trims excess wallpaper from the wall.', 'resumes wrapping the wallpaper.']",activitynet~v_TjLoGNBzNRA,test,indomain,
6606,Brushing hair,A young woman sits on a couch brushing her hair.,then,A young woman sits on a couch brushing her hair. then,"[', the young woman braids her hair.', 'removes her glasses and puts it in her eye.', ', the woman put on her earrings, and styles her hair.', ', the blonde girl is going the chair to show the correct way to comb her hair.']",activitynet~v_VYuQAfG0gKw,test,zeroshot,
6608,Brushing hair,"A young woman sits on a couch brushing her hair. Then, the young woman braids her hair. After, the woman brushes the hair and twist it.",after the woman,"A young woman sits on a couch brushing her hair. Then, the young woman braids her hair. After, the woman brushes the hair and twist it. after the woman","['tapes the hair up with a strainer.', 'braid her hair, after some she pulls it in the fro to ensure the hair is secure.', 'braids hair in front and tightens it, then smile.', 'puts the hair on front her face and brush it.']",activitynet~v_VYuQAfG0gKw,test,zeroshot,
6640,BMX,A small group of people are seen sitting on bikes before a start.,the group,A small group of people are seen sitting on bikes before a start. the group,"['then begins to get on their bikes.', 'then begins riding around a track past one another.', 'then continues riding around trying to solve problems while others watch on the side.', 'begins riding around while not stopping.']",activitynet~v_W6JJ1L_EEBY,test,indomain,
6711,Rafting,A man reports in a tv set about a rescue of a person in the raging rapids. The boats goes down a cascade and a person falls in the water.,then,A man reports in a tv set about a rescue of a person in the raging rapids. The boats goes down a cascade and a person falls in the water. then,"[', the people thanks for their help and continues paddling.', ', a man jumps from the boat and rescue the person and brings him to the shore.', ', the people get in a car and rafting down a river.', ', the group meets and contact the rescue person and receive medical treatment for the biker in a hospital.']",activitynet~v_Yi3xUQcaOnE,test,zeroshot,
6712,Rafting,"Then, a man jumps from the boat and rescue the person and brings him to the shore.",an old man,"Then, a man jumps from the boat and rescue the person and brings him to the shore. an old man","['holding an oar talks.', 'is waterskiing in snowwaterway.', 'boarding a boat starts to solve some rubiks cube puzzles.', 'takes a wakeboard and throws it to the man on the shore.']",activitynet~v_Yi3xUQcaOnE,test,zeroshot,
6713,Rafting,"Then, a man jumps from the boat and rescue the person and brings him to the shore. An old man holding an oar talks.",the scene of the accident,"Then, a man jumps from the boat and rescue the person and brings him to the shore. An old man holding an oar talks. the scene of the accident","['is replayed in the screen.', 'is glided by a small boat that has large oars with fins.', 'is now reset, the boat steps back and the man fall.', 'comes back to the boat chase.']",activitynet~v_Yi3xUQcaOnE,test,zeroshot,
6734,Doing nails,Girl paints the fingernails of another girl.,girl,Girl paints the fingernails of another girl. girl,"['does oil paints on the hands of the first.', 'brushes various colors into the nails of the person painting.', 'brushes the toenails of the other girl.', 'dips the brush into the polish.']",activitynet~v_ZJk05q3y5iM,test,zeroshot,
6735,Doing nails,Girl paints the fingernails of another girl. Girl dips the brush into the polish.,girl,Girl paints the fingernails of another girl. Girl dips the brush into the polish. girl,"['puts lipstick on front her nails.', 'fetches two brushes and together brushes the nails of girl.', 'folds the paint, puts it on her brush and the nail, then paints an eight painted nail.', 'laughs into the camera.']",activitynet~v_ZJk05q3y5iM,test,zeroshot,
6740,Carving jack-o-lanterns,Different pumpkins with famous people sculpt in pumpkins.,man,Different pumpkins with famous people sculpt in pumpkins. man,"['is talking to the camera in workshop carving a pumpkin with a knife.', 'is in a box and have a his white lollipop painting a pumpkin.', 'smiling with the camera is seen sitting on floor and speaking who then kneels on front him and then puts a walrus under his foot.', 'stands on a big pumpkin holding an ax and man chop pumpkins.']",activitynet~v_ZVIi4lPU6h0,test,indomain,
6741,Carving jack-o-lanterns,Different pumpkins with famous people sculpt in pumpkins. Man is talking to the camera in workshop carving a pumpkin with a knife.,the man,Different pumpkins with famous people sculpt in pumpkins. Man is talking to the camera in workshop carving a pumpkin with a knife. the man,"['unrolls wax on the wax and makes a shape.', 'connects a light inside a pumpkin and plug it.', 'carries the pumpkin in a sled and poles.', 'continues carving pumpkins and rides his bike in workshop posing and swieling with a hammer.']",activitynet~v_ZVIi4lPU6h0,test,indomain,
6754,Mooping floor,A woman is seen speaking to the camera and pouring ingredients into a bucket.,she,A woman is seen speaking to the camera and pouring ingredients into a bucket. she,"['adds more mix and begins mixing it all together around the area.', 'dips the bucket and dumps out something onto the table from a large container.', 'pours out more ingredients into the bucket and puts them in a mixer.', 'dips the mop into a bucket and rubs it along the floor.']",activitynet~v_ZblmMtkVXIc,test,indomain,
6793,Doing step aerobics,A young man is in a studio gym standing.,the man,A young man is in a studio gym standing. the man,"['puts sit ups on his legs.', 'then demonstrates how to perform martial arts using only his right hand.', 'then starts exercising on a stair stepper.', 'then begins doing crunches on a metal bar.']",activitynet~v__A5iOie5VkM,test,zeroshot,
6802,Riding bumper cars,A group of kids are playing on bumper cars.,they,A group of kids are playing on bumper cars. they,"['wheel in and out of one another.', 'are driving the cars around, bumping into each other.', 'go around and around.', 'stick they bumper cars, and crash into each other.']",activitynet~v__crwKCjKRjg,test,zeroshot,
6809,Waterskiing,A video is shown of an outdoor water ski camp for kids.,instructors,A video is shown of an outdoor water ski camp for kids. instructors,"['are shown for their participation in the water ski camp.', 'are shown giving disabled children a chance at fun with specialized equipment for water skiing.', 'turn on water faucets on the boys.', 'are shown working on different ways to transport themselves downstream.']",activitynet~v_aFSaGCvYXXY,test,indomain,
6810,Waterskiing,Instructors are shown giving disabled children a chance at fun with specialized equipment for water skiing.,camp instructors and children,Instructors are shown giving disabled children a chance at fun with specialized equipment for water skiing. camp instructors and children,"['give testimonials on the experience.', 'are shown dragging the equipment behind them on the cold, wet, icy waters.', 'getting water skiing lessons are shown with phones off their backs.', 'goes on a mud screw and intertrip, then people fly kites.']",activitynet~v_aFSaGCvYXXY,test,indomain,
6811,Waterskiing,Instructors are shown giving disabled children a chance at fun with specialized equipment for water skiing. Camp instructors and children give testimonials on the experience.,a graphic screen,Instructors are shown giving disabled children a chance at fun with specialized equipment for water skiing. Camp instructors and children give testimonials on the experience. a graphic screen,"[""is shown with the camp logo, followed by a website address, sponsors of the camp, the media company and it's website address and a slogan."", 'appears with numerous different instruction manuals.', ""showing the website of vas'ron is shown."", 'number is shown explaining the experience of boarding on air skis.']",activitynet~v_aFSaGCvYXXY,test,indomain,
6818,Playing ten pins,A man in a red shirt is standing outside.,he,A man in a red shirt is standing outside. he,"['begins to jump up and down on a platform.', 'takes a tractor tire out of the back.', 'is holding a bottle of tea.', 'is holding a yellow cart that is full of books.']",activitynet~v_aYSJn94g_Io,test,zeroshot,
6820,Playing ten pins,A man in a red shirt is standing outside. He is holding a bottle of tea. He then goes into a bowling alley.,he,A man in a red shirt is standing outside. He is holding a bottle of tea. He then goes into a bowling alley. he,"['then begins throwing the ball around down the lanes.', ""gets balls and puts them in a bowler's basket."", 'takes off bowling pins and sets them on top of each other.', 'uses the broom to push some of the balls down a lane.']",activitynet~v_aYSJn94g_Io,test,zeroshot,
6848,Fun sliding down,An elder man is walking up a set a stairs holding a toddler's hand.,the man,An elder man is walking up a set a stairs holding a toddler's hand. the man,"['lips to the child while he stands on the stairs holding the toddler.', 'leads the toddler to the top of a slide.', 'is underwater with the toddler, performing various flips and tricks as they watch with amusement.', 'starts bent over asleep on a recliner and tickling the toddler in his hand.']",activitynet~v_bc-DycGxV9E,test,indomain,
6849,Fun sliding down,An elder man is walking up a set a stairs holding a toddler's hand. The man leads the toddler to the top of a slide.,the man,An elder man is walking up a set a stairs holding a toddler's hand. The man leads the toddler to the top of a slide. the man,"[""then walks over and rubs down the child's back."", 'then pushes the toddler up the slide.', 'sits the child on the slide.', 'takes the child to a gate and calls a person down from the top.']",activitynet~v_bc-DycGxV9E,test,indomain,
6850,Fun sliding down,The man leads the toddler to the top of a slide. The man sits the child on the slide.,the child,The man leads the toddler to the top of a slide. The man sits the child on the slide. the child,"['then slides down and stands up.', 'slides down then back up.', 'rides down the slide one step at a time.', 'games with the slide, moving backwards and forwards.']",activitynet~v_bc-DycGxV9E,test,indomain,
6889,Bungee jumping,"A group of people strap a man into bungee jumping gear before the man jumps, backwards, into the air and falls a great distance below a raised bridge and bounces at the end of a bungee rope.",a man,"A group of people strap a man into bungee jumping gear before the man jumps, backwards, into the air and falls a great distance below a raised bridge and bounces at the end of a bungee rope. a man","['sits on a stationary motorcycle going around three different angles separating him from the beginning of the jump and he is up shortly afterwards wearing the bungee harness while the camera mans him on the side.', 'pitches off into the distance going fast and landing gently on the getting to his feet.', 'is being strapped into a harness and leg straps as he hangs onto the outside of railing that hangs high in the air above a body of water.', 'presses a button under the stops rope that secures him from falling.']",activitynet~v_cY541XSdz50,test,zeroshot,
6890,Bungee jumping,A man is being strapped into a harness and leg straps as he hangs onto the outside of railing that hangs high in the air above a body of water.,the man,A man is being strapped into a harness and leg straps as he hangs onto the outside of railing that hangs high in the air above a body of water. the man,"['lets go of the railing and falls below just above the body of water and begins to bounce at the end of the bungee rope.', 'begins to sit down in the harness just in case he ever ends up falling off.', 'then stands perfectly still as he walks in front of a large wave having his head up facing the waves.', 'then is shown inside the harness as a man pushes his harness near to the railing and being attune.']",activitynet~v_cY541XSdz50,test,zeroshot,
6894,Blow-drying hair,A kid is in a bathroom. A man is sitting next to her.,she,A kid is in a bathroom. A man is sitting next to her. she,"['is getting her hair dried.', 'has an ice cream cone.', ""is brushing another kid's hair."", 'lays down again on a blue mat.']",activitynet~v_ccirM2NGwMA,test,indomain,
6910,Rafting,A large group is riding on a raft down a river.,they,A large group is riding on a raft down a river. they,"['use paddles to guide them over small waterfalls as they go.', 'paddle hard to stay afloat.', 'fight over a bit and kick each other, chasing the river.', 'pass off a few more bridges, and a group of doctors use obstacles to cross.']",activitynet~v_dBzWXTH5j00,test,zeroshot,
6966,Using parallel bars,A man demonstrates how to balance on the parallel bars using a student gymnast as an example on a pair of parallel bars in an indoor gymnasium.,the man,A man demonstrates how to balance on the parallel bars using a student gymnast as an example on a pair of parallel bars in an indoor gymnasium. the man,"['is holding a weight bar with an electronic microphone and an electronic loop to record his movements.', 'talks to the camera in a indoor gym.', 'knees forward and balances with both hands on the parallel bars.', 'then jumps high and lands with his feet up on the bars.']",activitynet~v_ez9pf35BMtc,test,indomain,
6967,Using parallel bars,A man demonstrates how to balance on the parallel bars using a student gymnast as an example on a pair of parallel bars in an indoor gymnasium. The man talks to the camera in a indoor gym.,the man,A man demonstrates how to balance on the parallel bars using a student gymnast as an example on a pair of parallel bars in an indoor gymnasium. The man talks to the camera in a indoor gym. the man,"['is then seen next to a pair of parallel bars where a young boy is hanging and balancing himself between the bars.', 'then demonstrates, in a classroom, how to put your foot on the set of parallel bars he just held while he demonstrated.', 'discusses the condition of the bars.', 'demonstrates how to balance on the parallel bars on the ground for exercise using instructions on the youtube channel.']",activitynet~v_ez9pf35BMtc,test,indomain,
6968,Using parallel bars,The man is then seen next to a pair of parallel bars where a young boy is hanging and balancing himself between the bars.,the boy,The man is then seen next to a pair of parallel bars where a young boy is hanging and balancing himself between the bars. the boy,"['then slides down and the older man jumps up and out to help him.', 'demonstrates landing a jump from the parallel bars as the man continues to talk to the camera.', 'then bodyslams another boy standing next to him.', 'then starts doing tricks on the bars with the jump rope and is shown jumping and doing cartwheels with the jump ropes still in his hands.']",activitynet~v_ez9pf35BMtc,test,indomain,
7007,Surfing,A man is standing on the beach talking to the camera. Another man joins him as they have a conversation.,they,A man is standing on the beach talking to the camera. Another man joins him as they have a conversation. they,"['perform several hand movements on the sand.', 'are now side by side and they are approaching an opening on the beach.', 'then talk about the art of surfing and some different moves.', 'then put a rest up on an embankment near a track.']",activitynet~v_foFFu7bY5ow,test,indomain,
7038,Playing badminton,A man and a little girl are playing badminton in front of a playground.,the girl,A man and a little girl are playing badminton in front of a playground. the girl,"['is practicnig how to hold the birdie by pulling the string.', 'does a cartwheel on the monkey bars.', 'picks up the birdie off the ground and serves it.', 'dives into the pool in front of the playground.']",activitynet~v_h-MWdTHW_Eg,test,indomain,
7059,Doing crunches,A woman is shown running down the beach and smiling to the camera. She then begins performing sit ups on the dock.,she,A woman is shown running down the beach and smiling to the camera. She then begins performing sit ups on the dock. she,"['continues to demonstrate how to properly do sit ups and gesturing to the camera.', 'continues jumping around in the end while several others watch on the side.', 'is then seen sitting in a box holding two sticks.', 'helps build up the sand as she continues to run along the beach next to the lake.']",activitynet~v_hYRNSJwhVPw,test,indomain,
7065,Horseback riding,People are in riding horses around a barn.,woman,People are in riding horses around a barn. woman,"['is standing talking to the people that are riding the horses.', 'is in a roofed gym grooming a horse to get it groomed.', 'is jumping up and down getting the exercise she was doing.', 'is diving off of a cliff and the horse is chasing her.']",activitynet~v_hoyQ36EH1a8,test,indomain,
7066,Horseback riding,People are in riding horses around a barn. Woman is standing talking to the people that are riding the horses.,women riding horses,People are in riding horses around a barn. Woman is standing talking to the people that are riding the horses. women riding horses,"['are in a park in front of a bench.', 'are jumping above obstacles on the barn.', 'are running back around and talking to the camera.', 'are playing polo in the field holding beside the polo horses.']",activitynet~v_hoyQ36EH1a8,test,indomain,
7067,Horseback riding,Woman is standing talking to the people that are riding the horses. Women riding horses are jumping above obstacles on the barn.,man,Woman is standing talking to the people that are riding the horses. Women riding horses are jumping above obstacles on the barn. man,"['is going out of the barn holding a horse and practicing riding on the horse.', 'is in a racetrack and start jumping with the horses.', 'is standing on the banks of the river in the dark.', 'is walking and cut the grass and empty an area.']",activitynet~v_hoyQ36EH1a8,test,indomain,
7087,Mowing the lawn,A man is pushing a lawn mower through the grass.,he,A man is pushing a lawn mower through the grass. he,"['features in the pattern carefully before making an adjustment.', 'does several stunts and flips as he mows.', 'is gonna mow the grass.', 'goes around a pile of leaves in the grass.']",activitynet~v_iHO42zwYsu0,test,indomain,
7114,Rafting,A video is shown of numerous people gathered beside a river with rafts.,they,A video is shown of numerous people gathered beside a river with rafts. they,"['go over waterfalls continuously while encouraging one another.', 'talk and then lift their rafts and car to take them down a river.', 'bungee jump off their ramps onto the slippery rocks.', 'ride in the turbulent waves, trying to stay upright.']",activitynet~v_iq0h4m3I8hY,test,zeroshot,
7115,Rafting,"A video is shown of numerous people gathered beside a river with rafts. They ride in the turbulent waves, trying to stay upright.",several rafts,"A video is shown of numerous people gathered beside a river with rafts. They ride in the turbulent waves, trying to stay upright. several rafts","['are washed away by the currents.', 'flip in the harsh currents.', 'are engulfed by the waves, killing them all.', 'hit a person, knocking them to the ground before finally getting back up and riding away.']",activitynet~v_iq0h4m3I8hY,test,zeroshot,
7158,Playing ten pins,A bowling lane is seen with a person throwing a ball.,the person,A bowling lane is seen with a person throwing a ball. the person,"['then measures the ball and tosses it down.', 'spins the ball around and throw the ball again.', 'throws the ball the away from themselves.', 'walks back and throws several more balls.']",activitynet~v_jcQy1x8lDaQ,test,zeroshot,
7159,Playing ten pins,A bowling lane is seen with a person throwing a ball. The person walks back and throws several more balls.,the person,A bowling lane is seen with a person throwing a ball. The person walks back and throws several more balls. the person,"['points to the pins and throws the bowling ball.', 'continues to throw balls all along the lane.', 'continues to bowl walking in and out of frame.', 'misses the bowling ball dozens of times as they continue to throw and dodge.']",activitynet~v_jcQy1x8lDaQ,test,zeroshot,
7171,Smoking hookah,A girl is sitting in front of the camera. The girl takes several puffs from a large pipe.,the girl,A girl is sitting in front of the camera. The girl takes several puffs from a large pipe. the girl,"['then blows out smoke holes.', 'then blows through the pipe in several locations.', 'taps on the pipe twice.', 'laughs with joy as she begins to smoke.']",activitynet~v_jwndE_xn8sA,test,indomain,
7175,Knitting,Man is knitting a sweater sitting in a couch.,man,Man is knitting a sweater sitting in a couch. man,"['is knitting a scarf in a bed.', 'is in a room sitting in a couch and holding blue and yellow threads.', 'is rubbing glue onto the sweater with a needle and thread.', 'is standing holding an orange yarn.']",activitynet~v_kQ7ensWEW08,test,indomain,
7176,Knitting,Man is knitting a sweater sitting in a couch. Man is in a room sitting in a couch and holding blue and yellow threads.,men,Man is knitting a sweater sitting in a couch. Man is in a room sitting in a couch and holding blue and yellow threads. men,"['is in a living room kniting something sitting in a couch.', 'start talking to the camera holding thread in a sock.', 'are knitting in a room some.', 'is knitting green spiral and lay becers down right again.']",activitynet~v_kQ7ensWEW08,test,indomain,
7177,Springboard diving,A man in a speedo walks down a diving board.,he,A man in a speedo walks down a diving board. he,"['does a flip and makes a jump into the air.', 'jumps, flipping and performing a flip.', 'begins jumping up and down.', 'dives into the pool many times.']",activitynet~v_kSdWy3subNE,test,zeroshot,
7209,Welding,.,a man dressed in protective gear and wearing a metal mask,. a man dressed in protective gear and wearing a metal mask,"['is standing in a sprinkler-filled room.', 'is underwater kneeling in the yair beneath a pool.', 'is sitting on metal stool in front of a metal table.', 'is sitting in the water making himself comfortable by grabbing onto a piece of metal.']",activitynet~v_lFlQ_xWVt8M,test,indomain,
7210,Welding,A man dressed in protective gear and wearing a metal mask is sitting on metal stool in front of a metal table.,the man,A man dressed in protective gear and wearing a metal mask is sitting on metal stool in front of a metal table. the man,"['is kneeling down now, he lifts the metal surface onto the table and then lies down underneath.', 'is holding a tool in his right arm and the camera zooms in to show what it is while the man continues to talk.', 'removes the top parts of the back part of the metal stool for tubing.', 'then raises the small metal lap top to his mouth.']",activitynet~v_lFlQ_xWVt8M,test,indomain,
7234,Peeling potatoes,The woman is leaning on the back rest of the dinning chair as she peels the potato skins off the potatoes with a peeler.,she,The woman is leaning on the back rest of the dinning chair as she peels the potato skins off the potatoes with a peeler. she,"['played with the cooked potatoes hand over and over until they were done.', 'is using her right hand to peel the potato as she throws the skins directly into the trash can placed near her feet.', 'takes out the loaf of bread and eats it as the woman laughs.', 'stops right behind the woman and breaks a potato in half.']",activitynet~v_lgu-DBDWlEs,test,zeroshot,
7244,Chopping wood,Man carves out a deep groove in a log.,man,Man carves out a deep groove in a log. man,"['slams his axe into a piece of wood.', 'opens a bottle of young \xadcess polish and sprays on top of the log.', 'places a toothpick into the groove.', 'lays down a log end, shovel the log and lay a log trunk.']",activitynet~v_m6yPz9fHJnY,test,indomain,
7245,Chopping wood,Man carves out a deep groove in a log. Man slams his axe into a piece of wood.,a yellow dog,Man carves out a deep groove in a log. Man slams his axe into a piece of wood. a yellow dog,"['lays on the ground near the logs.', 'is walking on a leash next to a log.', 'runs over to the log gradually cutting it in half.', 'runs towards the axe.']",activitynet~v_m6yPz9fHJnY,test,indomain,
7260,Playing field hockey,A few school photos are shown of a young girl. She is then shown in several clips during field hockey games.,a green arrow,A few school photos are shown of a young girl. She is then shown in several clips during field hockey games. a green arrow,"['appears over her head each time she is in the game.', 'goes over the circle again.', 'pointing to an environment goes through a fix.', 'is seen and then the girl prepares herself in a diving team.']",activitynet~v_mhYFpct97UE,test,zeroshot,
7261,Playing field hockey,A group of girls are on a field in front of spectators.,they,A group of girls are on a field in front of spectators. they,"['are hurling a basketball of birdie onto the green.', 'are chasing a ball during a game of field hockey.', 'begin throwing balls at each other in a synchronized fashion.', 'drill a ball through hoops inside a soccer home.']",activitynet~v_mkK9iEzRrqQ,test,zeroshot,
7262,Playing field hockey,A group of girls are on a field in front of spectators. They are chasing a ball during a game of field hockey.,they,A group of girls are on a field in front of spectators. They are chasing a ball during a game of field hockey. they,"['kick the ball back and forth trying to get it into the goal and the goal is thrown at them for them to high five.', 'flip with the ball, trying to get it into the goal.', 'hit the ball back and forth toward a goal.', 'somersault and kick, attempting to win the game.']",activitynet~v_mkK9iEzRrqQ,test,zeroshot,
7271,Playing flauta,A woman with short hair and a black long sleeve turtle neck is standing in a room with a brown square wall behind her.,she,A woman with short hair and a black long sleeve turtle neck is standing in a room with a brown square wall behind her. she,"['is talking and shows her hands towards her abdomen.', 'then begins playing the flute, moving her head up and down back and forth to show passion.', 'is talking without any makeup on other than her lipstick.', 'is holding a coconut bottle and pours it onto a white towel.']",activitynet~v_n25mDmcBC6E,test,zeroshot,
7272,Playing flauta,"She then begins playing the flute, moving her head up and down back and forth to show passion.",the song,"She then begins playing the flute, moving her head up and down back and forth to show passion. the song","['then speeds up and turn into a dance around the room.', 'then cuts to a man playing drums and occasionally singing.', 'ends and she smiles as she thumbs through a stack of violin sticks.', 'keeps going and the lady keeps moving in the same way before she finally stands up from reading the music and looks out into the crowd.']",activitynet~v_n25mDmcBC6E,test,zeroshot,
7284,Snowboarding,A girl is seen pulling on blinds and speaking to the camera. Another girl curls her hair and shows a man and girl speaking to the camera.,several shots,A girl is seen pulling on blinds and speaking to the camera. Another girl curls her hair and shows a man and girl speaking to the camera. several shots,"['are shown of people riding down a hill on sleds and playing with one another.', 'are shown of people throwing powdered sugar onto flour and baking.', 'are shown of the girls riding bikes in various environments and performing tricks.', 'are shown of films as well as a woman kissing the camera while still looking to the camera.']",activitynet~v_nB50V0OBto0,test,zeroshot,
7303,Playing saxophone,A man playing a saxophone in a room.,he,A man playing a saxophone in a room. he,"['is singing in his own language.', 'adjusts the reed in the mouthpiece.', 'is interviewed, walks around, and discusses.', 'stops playing and lobs a elix across the room.']",activitynet~v_nXNczyQpljQ,test,indomain,
7350,Putting in contact lenses,A woman is seen pointing to her eyes and holds her eye open. She squeezes out a contact lense and is shown again in slow motion.,she,A woman is seen pointing to her eyes and holds her eye open. She squeezes out a contact lense and is shown again in slow motion. she,"['arrives on screen squeezing out a point and then holding a contact lens in her hand.', 'then puts eyeliner on and begins dabbing it on her eyes.', 'holds up the lens to the camera.', 'then shows how the contact is taken out of her eye and the piercing is put on.']",activitynet~v_oey6DFvL9Xk,test,indomain,
7360,Playing bagpipes,A man is playing some bag pipes in a room.,his fingers,A man is playing some bag pipes in a room. his fingers,"['are visible moving across the keys.', 'go to the strings and he plays them.', 'are shown playing the bag pipes.', 'are no longer moving over the keys.']",activitynet~v_p1gH8y8X0kA,test,indomain,
7418,Painting fence,A group of teen boys are painting a fence.,they,A group of teen boys are painting a fence. they,"['are squatting on a ladder and releasing paint.', 'are using paint brushes as they work.', 'yell and kick at each other while they paint.', 'are using something pink that a kid picks up and lays down.']",activitynet~v_s4Ryxk3TxKA,test,zeroshot,
7419,Painting fence,A group of teen boys are painting a fence. They are using paint brushes as they work.,they,A group of teen boys are painting a fence. They are using paint brushes as they work. they,"['apply strokes of white paint to the inside and outside of the fence.', 'split the paint in half and replace it with pieces of lemon.', 'are scrubbing down the fence as they go.', 'paint the fence white with anticipation.']",activitynet~v_s4Ryxk3TxKA,test,zeroshot,
7427,Brushing hair,A hairdresser talks to the camera before beginning to wash a customers hair who is sitting in a beauty parlor chair and then at a sink while the hair is being washed.,the woman,A hairdresser talks to the camera before beginning to wash a customers hair who is sitting in a beauty parlor chair and then at a sink while the hair is being washed. the woman,"['then combs the customers hair with a blow dryer comb combo.', 'starts using her hair to shampoo the hair while she is not wearing any make up and reach up to rub it.', 'dries the men, cuts their hair and combs out the hair and then make smooths out the hair.', 'rinsed the hair with a dooming solution and tea and shaves it from the bottom down.']",activitynet~v_sMITf5WBIxM,test,zeroshot,
7472,Making a cake,A woman is seen speaking to the camera and pointing to a food item.,she,A woman is seen speaking to the camera and pointing to a food item. she,"['places cream on the food and spreads it around, followed by measuring and cutting.', 'then hands the bowl with meat to another woman while also using a knife to cut through the meat.', 'shows various ingredients on a plate as well as her hands.', 'then jumps up on a platform and puts food on her hand.']",activitynet~v_t7WI6H6UVG4,test,indomain,
7513,Making a cake,A woman is working in a kitchen.,she,A woman is working in a kitchen. she,"['lifts a car wheel off of a cookie sheet.', 'uses soap, paper, scissors to begin braiding her hair.', 'is using a blender and ling trimmers to trim various tomato plants.', 'shows how to mix ingredients for a chocolate cake.']",activitynet~v_twJ2uE1GS2I,test,indomain,
7514,Making a cake,A woman is working in a kitchen. She shows how to mix ingredients for a chocolate cake.,then she,A woman is working in a kitchen. She shows how to mix ingredients for a chocolate cake. then she,"['adds icing and ingredients to the cake.', 'adds a vanilla cake coloring that is prepared from scratch.', 'bakes it and shows how to frost it.', 'opens and puts a egg, lettuce, onions and tomatoes into a large bowl.']",activitynet~v_twJ2uE1GS2I,test,indomain,
7519,Using the balance beam,Several girls are in a gymnastics gym practicing and warming up.,one of the girls,Several girls are in a gymnastics gym practicing and warming up. one of the girls,"['takes a shot at a dribbling ball and a teammate runs over to block it.', 'begins to do a performance on the balance beam.', 'lifts her foot up off the ground and does gymnastics on her back.', 'catches a throw and the others turn away.']",activitynet~v_tznMNEWglxY,test,zeroshot,
7538,Futsal,A couple of teams are gathered on a court together. They are engaged in a game of soccer.,they,A couple of teams are gathered on a court together. They are engaged in a game of soccer. they,"['are kicking and catching the green balls from the field.', 'hit the ball back and forth across the net.', 'rain balls down on the scoreboard alongside each other.', 'kick the ball back and forth to each other.']",activitynet~v_unFlcSwdDFc,test,indomain,
7555,Waterskiing,Several black and white clips are being shown.,people,Several black and white clips are being shown. people,"['are riding on water skis and doing stunts.', 'are dancing in a room with colorful flowers tied in the middle.', 'are in a horizontal structure doing gymnastics in a slow motion.', 'are having hair hair cut by three different stylists.']",activitynet~v_v621l04N1QQ,test,indomain,
7556,Waterskiing,Several black and white clips are being shown. People are riding on water skis and doing stunts.,they,Several black and white clips are being shown. People are riding on water skis and doing stunts. they,"['come to an end on a cliff on a beach.', 'are shown taking the some jumps off the side of the boat to land in the water.', 'skateboard across several small waterfalls before crashing into the water.', 'continue as they are being pulled by motor boats.']",activitynet~v_v621l04N1QQ,test,indomain,
7571,Riding bumper cars,Several people are on some bumper cars at an amusement park riding and bumping into each other.,an attendant,Several people are on some bumper cars at an amusement park riding and bumping into each other. an attendant,"['comes up to them and gives them the instructions to get ready for bumper traffic.', 'starts looking for them as they continue to bump and bump into one another and leaving the slides.', 'comes up to one of the cars and says something to them before they ride away.', 'points at the camera several times to open the door.']",activitynet~v_wB9LBEHR5-c,test,zeroshot,
7572,Riding bumper cars,An attendant comes up to one of the cars and says something to them before they ride away.,the ride,An attendant comes up to one of the cars and says something to them before they ride away. the ride,"['is now sped up to where they left so they need to muscle up this car.', 'ends and everyone gets out of their car an begins to exit the ride.', 'past a lot of hotels and restaurants with people on the road around them.', 'is picked up for what comes next.']",activitynet~v_wB9LBEHR5-c,test,zeroshot,
7583,Welding,A red machine is seen on the ground.,a man,A red machine is seen on the ground. a man,"['then speeds up using the machine in a race.', 'lifts himself on a power lift.', 'is using a silver machine to wash skis.', 'walks up next to it and picks up a hose.']",activitynet~v_wPYr19iFxhw,test,indomain,
7585,Changing car wheel,Woman gets out a black car and talks to the camera.,woman,Woman gets out a black car and talks to the camera. woman,"['is doing exercise on she step aerobically.', 'stands and take her shoes off.', 'holds a blue garment with black designs and place it a woman is playing with the yellow garment.', 'opens the car trunk and grab some tools and the spare tire and is showing how to change the tire.']",activitynet~v_wTBJ4PRnU4k,test,zeroshot,
7616,Curling,An ice rink and sports gear is shown. Huge pucks are pushed across the the rink.,a point,An ice rink and sports gear is shown. Huge pucks are pushed across the the rink. a point,"['of view is shown and there is candy coating the ice.', 'is scored and a player cheers.', 'guard collides with another point guard.', 'of individual spikes are hit over a pole.']",activitynet~v_xIG7FQWBWZU,test,zeroshot,
7657,Washing dishes,A woman is standing at a sink.,she,A woman is standing at a sink. she,"['spoons something out of a bowl.', 'is washing dishes in the sink.', 'mixes various ingredients together in a bowl.', 'is pouring soap into a glass.']",activitynet~v_y7i-jRmrwnI,test,zeroshot,
7661,Cleaning shoes,A close up of shoes are shown followed by a woman speaking to the camera. She mixes together ingredients in a bowl and dips a rag inside.,she,A close up of shoes are shown followed by a woman speaking to the camera. She mixes together ingredients in a bowl and dips a rag inside. she,"['wipes down the shoes with a rag and holds up a bottle.', 'puts the rag in a bowl and rotates it.', 'shows the stuffed animal she has placed in the bowl.', 'then uses the rag all along the shoes.']",activitynet~v_y9kk0ptXevk,test,indomain,
7736,Grooming horse,"A little girl is standing next to a white horse, she is brushing the horse.",she,"A little girl is standing next to a white horse, she is brushing the horse. she","['is walking around the horse, she walked up to it as the saddle is getting brushed.', 'is showing how to water tight the hair of the horse.', 'steps back and talks about how she does it and then gets back to brushing.', 'brushes the hair of the horse, as she blow dry her hair.']",activitynet~v_-MldnTjJ-zE,test,zeroshot,
7737,Grooming horse,"A little girl is standing next to a white horse, she is brushing the horse. She steps back and talks about how she does it and then gets back to brushing.",she,"A little girl is standing next to a white horse, she is brushing the horse. She steps back and talks about how she does it and then gets back to brushing. she","['goes around the horse and she is talking about how to brush with combs.', 'brushes the nose and the tongue, this works very well for the little girl.', 'then goes to the other side of the horse and gets it clean again.', 'goes to the horses face and tries to brush but he moves his face to the other direction so she continues in different places.']",activitynet~v_-MldnTjJ-zE,test,zeroshot,
7744,Skateboarding,"Several images appear, showing various instructionals for skateboarding.",a boy,"Several images appear, showing various instructionals for skateboarding. a boy","['is sitting on the ground, using the skateboards as his lake of tive asphalt.', 'moves around a skate park using a skateboard in case he falls.', 'is shown putting his skates on.', 'is balanced on a board, then shows several moves and stunts as he moves around a skate park.']",activitynet~v_-UWE4jXuLoo,test,indomain,
7745,Skateboarding,"A boy is balanced on a board, then shows several moves and stunts as he moves around a skate park.",he,"A boy is balanced on a board, then shows several moves and stunts as he moves around a skate park. he","['jumps, flips, ramps, and performs several moves.', 'up ends and jumps off the skate board, landing outdoors.', 'also plays several tricks with another boy by tumbling in between moving around.', 'seems to be really good with his hands, jumping, doing tricks, and the little kids watching from the side.']",activitynet~v_-UWE4jXuLoo,test,indomain,
7769,Painting fence,We see a lady standing in front of the house talking. We see the lady using an power sprayer to paint the fence white. We see the lady talking.,we,We see a lady standing in front of the house talking. We see the lady using an power sprayer to paint the fence white. We see the lady talking. we,"['see the lady spray foundation on the fence.', 'see the lady disinfecting the fence.', 'then see the before and after image of the fence.', 'see the lady axing the yellow wall on the right.']",activitynet~v_0PmrImNqA2w,test,zeroshot,
7777,Getting a haircut,A man is seen playing a guitar while another man cuts the hair of a boy behind him.,the man,A man is seen playing a guitar while another man cuts the hair of a boy behind him. the man,"[""continues playing as another man brushes a comb through the boy's hair."", 'continues to play and presents the boy with the guitar.', 'continues cutting the boys hair while looking towards the camera and ends by walking to the camera and showing his hair off.', 'continues talking while the boy plays along and page it back to the man.']",activitynet~v_0ZHZ1ZqmT7s,test,indomain,
7799,Getting a tattoo,We see a tattoo artist putting tattoo on a lady's arm.,the lady,We see a tattoo artist putting tattoo on a lady's arm. the lady,"['holds up a bottle of dressing and looks at it.', 'adjusts and adjusts the tattoo and shows us her tattoo.', 'smiles and talks to the camera.', 'stands and poses.']",activitynet~v_0yi-nkwLEnI,test,indomain,
7800,Getting a tattoo,We see a tattoo artist putting tattoo on a lady's arm. The lady smiles and talks to the camera.,the tattoo artist,We see a tattoo artist putting tattoo on a lady's arm. The lady smiles and talks to the camera. the tattoo artist,"[""presses something on the lady's arm."", 'sprays and wipes her arm after he finishes.', 'removes the tattoo tape, puts in a sleeve and adjusts his zoom lens.', 'puts on a bib and then pins it on the lady.']",activitynet~v_0yi-nkwLEnI,test,indomain,
7807,Throwing darts,Mike tyson is wearing a blind fold. He throws several darts at a board.,he,Mike tyson is wearing a blind fold. He throws several darts at a board. he,"['tacks down the board.', 'removes the blind fold.', 'has already hit the winner at the darts competition exhibition.', 'waits for his target.']",activitynet~v_1PQiq8zajCE,test,indomain,
7808,Throwing darts,Mike tyson is wearing a blind fold. He throws several darts at a board. He removes the blind fold.,he,Mike tyson is wearing a blind fold. He throws several darts at a board. He removes the blind fold. he,"['uses hedging to remove the darts from the board.', 'grabs a second blind fold and replaces it.', 'replaces it with another.', 'scored very well on the board.']",activitynet~v_1PQiq8zajCE,test,indomain,
7830,Ironing clothes,A woman talks while showing a shirt.,then,A woman talks while showing a shirt. then,"[', she gets on a bike and gives directions.', ', the woman holds on front her left hand a stack of papers alone.', ', the woman irons the collar and the sleeves of a shirt on an iron board while talking.', ', the woman demonstrates a dance move by swinging her body upsidedown.']",activitynet~v_1lagsBNqNe4,test,indomain,
7831,Ironing clothes,"A woman talks while showing a shirt. Then, the woman irons the collar and the sleeves of a shirt on an iron board while talking.",after,"A woman talks while showing a shirt. Then, the woman irons the collar and the sleeves of a shirt on an iron board while talking. after","[', the woman irons the body of the shirt.', ', the woman cuts blue bolts, then she irons the shirt again and talks.', ', the woman washes her hands and sponge, then she adds liquors to a bucket.', ', the woman puts chain of a thong to the belt of the jacket.']",activitynet~v_1lagsBNqNe4,test,indomain,
7849,Springboard diving,.,video of a young man balancing on a diving board,. video of a young man balancing on a diving board,"['is shown from above.', 'in his backyard while the other girl stands behind him on the diving board.', 'several times and performing several spins indoors.', 'on the ocean floor, posing for pictures.']",activitynet~v_2GEZgHcA7zU,test,zeroshot,
7902,Shaving,An orange and yellow ombre website appears on the screen and the backdrop is an animation of spinning earth surrounded by stars.,a man,An orange and yellow ombre website appears on the screen and the backdrop is an animation of spinning earth surrounded by stars. a man,"['is standing on a long jump and is measuring the distance.', 'in a pinstriped suit is speaking in front of an audio segment on wheel of fortune newscast.', 'appears riding on his motorcycle and smiling, then a black screen appears with white words in the middle of the screen that say "" in search of\' the perfect shave\' "".', 'walks over to a railing and holds he rope for interment.']",activitynet~v_3G1T_V102GA,test,indomain,
7917,Making a sandwich,"A person puts egg salad on bread. Eggs are boiled, onion chopped, eggs drained and chopped.","eggs, and other ingredients","A person puts egg salad on bread. Eggs are boiled, onion chopped, eggs drained and chopped. eggs, and other ingredients","['are added to make the egg salad, we see them sit on a counter with food on it.', 'are poured into the pan.', 'are put in a bowl and stirred.', 'are salt and ham.']",activitynet~v_3X6eP273RoI,test,indomain,
7918,Making a sandwich,"Eggs are boiled, onion chopped, eggs drained and chopped. Eggs, and other ingredients are put in a bowl and stirred.",we,"Eggs are boiled, onion chopped, eggs drained and chopped. Eggs, and other ingredients are put in a bowl and stirred. we","['may also have tomato juice poured in bowls.', 'see shots of the egg salad and pickles.', 'then see the ending screen.', 'see the filling screen.']",activitynet~v_3X6eP273RoI,test,indomain,
8000,Making an omelette,"A person is adding onions into a skillet. They fry onions, tomato, and bell pepper. The person add egg and swirls it around.",the person,"A person is adding onions into a skillet. They fry onions, tomato, and bell pepper. The person add egg and swirls it around. the person","['adds chopped shelled eggs and sprouts them them.', 'puts the chinese egg, mango, pineapple juice and greens into an egg.', 'pushes the egg into a corner and continues cooking it.', 'is standing in a kitchen again.']",activitynet~v_633ZdPm_GjM,test,zeroshot,
8001,Making an omelette,The person add egg and swirls it around. The person pushes the egg into a corner and continues cooking it.,they,The person add egg and swirls it around. The person pushes the egg into a corner and continues cooking it. they,"['slide the omelette onto a plate.', 'fill large containers with milk and salt.', 'add ice and butter to the pan.', 'warm the egg and put it into a bowl and eat the repeat.']",activitynet~v_633ZdPm_GjM,test,zeroshot,
8008,Grooming dog,"New reports are giving news about extreme dog grooming, people are cutting dogs hair and trimming there nails.",people,"New reports are giving news about extreme dog grooming, people are cutting dogs hair and trimming there nails. people","['are in a fenced in area creating circles for dogs to walk on.', 'are dying the dogs hair different colors by using some kind of liquid material.', 'are walking around an a small pet park and enjoying small outdoor weddings.', 'are cutting dogs hair on a massive scale, a woman is mowing the front and back of the country dog in the background.']",activitynet~v_6EWzgWd72Cs,test,indomain,
8009,Grooming dog,"New reports are giving news about extreme dog grooming, people are cutting dogs hair and trimming there nails. People are dying the dogs hair different colors by using some kind of liquid material.",then the dogs,"New reports are giving news about extreme dog grooming, people are cutting dogs hair and trimming there nails. People are dying the dogs hair different colors by using some kind of liquid material. then the dogs","['are being entered into a contest for the best groomed looking dogs.', ""continues doing grooming and the same process is shown and it's something you can't teach a dog."", 'lick the liquid the dog is using and it fades and the animals shrugs.', 'are about ready to get on with it starts trotting and jumping if you catch them at the height with the liquid liquid stuff.']",activitynet~v_6EWzgWd72Cs,test,indomain,
8010,Washing dishes,The video begins with a young man in a kitchen.,the man,The video begins with a young man in a kitchen. the man,"['turns on the water in the sink, grabs a sponge and puts soap on it.', 'takes out a brush and begins to brush his teeth.', 'picks up a flute.', 'begins slicing bread using a knife and spoon until he has finished.']",activitynet~v_6UPfqdssD6g,test,zeroshot,
8011,Washing dishes,"The video begins with a young man in a kitchen. The man turns on the water in the sink, grabs a sponge and puts soap on it.",he,"The video begins with a young man in a kitchen. The man turns on the water in the sink, grabs a sponge and puts soap on it. he","['then begins to wash dishes with the sponge.', 'then dries his hands, puts a towel over his face, and rinses his hand under the water.', 'begins to rub the sponge along his face, showing a mustache.', 'begins to clean a glass show while still talking about the soap.']",activitynet~v_6UPfqdssD6g,test,zeroshot,
8012,Washing dishes,"The man turns on the water in the sink, grabs a sponge and puts soap on it. He then begins to wash dishes with the sponge.",a close up of his shirt,"The man turns on the water in the sink, grabs a sponge and puts soap on it. He then begins to wash dishes with the sponge. a close up of his shirt","['as he dips the sponge and dries it all off.', 'shows him scrubbing the floor.', 'shows the word vans on it.', 'is shown with the water flowing.']",activitynet~v_6UPfqdssD6g,test,zeroshot,
8013,Washing dishes,He then begins to wash dishes with the sponge. A close up of his shirt shows the word vans on it.,the man,He then begins to wash dishes with the sponge. A close up of his shirt shows the word vans on it. the man,"['wipes down the front of the shirt a little and puts it back in the water.', 'rides around till the dishes are all washed.', 'then places the clean dishes on the dish rack.', 'is rinsing his toothbrush.']",activitynet~v_6UPfqdssD6g,test,zeroshot,
8014,Washing dishes,A close up of his shirt shows the word vans on it. The man then places the clean dishes on the dish rack.,the video,A close up of his shirt shows the word vans on it. The man then places the clean dishes on the dish rack. the video,"['ends with him wiping his hands and a title sequence.', 'ends with the closing credits shown on the screen.', 'ends with the closing caption on the screen.', 'ends with the closing credits shown on the bottom of the screen.']",activitynet~v_6UPfqdssD6g,test,zeroshot,
8021,Playing field hockey,"A closeup of a young woman talking into a screen begins, while the woman is standing on a field of grass and wearing a sports tank top. The woman begins to plays hockey with other women on a field.",the camera,"A closeup of a young woman talking into a screen begins, while the woman is standing on a field of grass and wearing a sports tank top. The woman begins to plays hockey with other women on a field. the camera","['then goes back to her standing on the field, while still talking into the mic.', 'follows the young woman through several games on the field and then follows with a graphic card and pictures of the woman listing stats and contact information.', 'shows athletes kicking a ball back and forth and ends by dropping it back onto the grass.', 'then focuses back onto the girl on the field, who is now showing how they put the cover off.']",activitynet~v_6hu3V1PS4vM,test,zeroshot,
8047,Brushing hair,A woman stands in front of a curtain. She has long red hair. She brushes her hair several times over.,she,A woman stands in front of a curtain. She has long red hair. She brushes her hair several times over. she,"['parts her hair as she brushes it.', 'shows us her braid.', 'stares off into the distance.', 'then falls into a chair.']",activitynet~v_7O9kkDxEvaY,test,zeroshot,
8075,Waterskiing,"A guy walks in the rain. A boat approaches, and the guy is in the boat.",the guy,"A guy walks in the rain. A boat approaches, and the guy is in the boat. the guy","['goes water surfing while holding on to a rope connected to the boat.', 'jumps into the water on the boat.', 'rises his right leg, then depresses his toes.', 'is surfing the water.']",activitynet~v_8P1vKpL3Zcs,test,indomain,
8076,Waterskiing,"A boat approaches, and the guy is in the boat. The guy goes water surfing while holding on to a rope connected to the boat.",the,"A boat approaches, and the guy is in the boat. The guy goes water surfing while holding on to a rope connected to the boat. the","['guy walks towards the shore from the boat.', 'guy gets out of the boat, and begins swimming against the rough waters, creating waves.', 'does flips or swings around the boat while water surfing.', 'guy lines up the ropes and climbs high, while two others continue to sail.']",activitynet~v_8P1vKpL3Zcs,test,indomain,
8077,Waterskiing,The guy goes water surfing while holding on to a rope connected to the boat. The does flips or swings around the boat while water surfing.,the guy,The guy goes water surfing while holding on to a rope connected to the boat. The does flips or swings around the boat while water surfing. the guy,"['lets go of the rope attachment and glides on the surface.', 'rises up and walks back to the boat.', 'falls off the boat but touches the rope to engage in more water surf.', 'dives off of the boat and ends up in the water where he regains his footing.']",activitynet~v_8P1vKpL3Zcs,test,indomain,
8080,Tug of war,A large group of people are seen standing on two sides of a rope with a man holding a video recorder.,the group,A large group of people are seen standing on two sides of a rope with a man holding a video recorder. the group,"['are then seen walking around with one holding a ball and begin hitting the ball.', 'then begin walking around one another while one person leads with a video recorder.', 'continues playing against one another when one team wins and cheers.', 'then begins to arm wrestle and another man comes out to watch.']",activitynet~v_8YKUwWUU-O0,test,zeroshot,
8086,Beach soccer,People are playing with a ball in the sand on the beach.,a man,People are playing with a ball in the sand on the beach. a man,"['counts to three on his hand.', 'dives for the ball and falls into the sand.', 'is standing on the side of the sand watching them play.', 'wearing a cue is talking while a bag of sand is behind him.']",activitynet~v_8fZbv6OUEm8,test,indomain,
8087,Beach soccer,People are playing with a ball in the sand on the beach. A man dives for the ball and falls into the sand.,the ball,People are playing with a ball in the sand on the beach. A man dives for the ball and falls into the sand. the ball,"['goes down the beach and then goes back up.', 'is shown on the sand.', 'rolls towards the sea, while a man crouches and carries it as he stands to walk.', 'goes across the field.']",activitynet~v_8fZbv6OUEm8,test,indomain,
8092,Beer pong,Several people are seen celebrating with one another and leading into a game of ping pong.,people,Several people are seen celebrating with one another and leading into a game of ping pong. people,"['drink and fight around one another and continue to game with one another.', ""are shown pushing one another around, sometimes knocking over their people and beating someone's hand."", 'are shown throwing the chalk to one another but never getting a hit.', 'are shown cheering with one another as well as playing more ping pong.']",activitynet~v_8yeUJm0Pl24,test,indomain,
8110,Using the balance beam,A gymnast is seen standing before a beam with her arms up and leas into her jumping up on the beam and performing various gymnastics.,the woman,A gymnast is seen standing before a beam with her arms up and leas into her jumping up on the beam and performing various gymnastics. the woman,"['holds up another wooden beam and continues performing several flips and jumps with her arms up and ends by jumping down and running away and running back to the other end.', 'continues to flip and kick all around the beam and ends by jumping off the side and presenting herself to the audience.', 'pushes forward on her arms and then nods back to the beam several times.', 'performs several flips and turns on the beam while jumping off and walking back to the beam and recording herself.']",activitynet~v_9A3z0W8U124,test,zeroshot,
8117,Peeling potatoes,A man us cutting up potatoes in the kitchen with a knife. He is being very careful and putting the skin into the sink.,he,A man us cutting up potatoes in the kitchen with a knife. He is being very careful and putting the skin into the sink. he,"['is then in the kitchen cutting the potato.', 'seems to be very focused as he continues to cut the potato skins off.', 'then replaces a flint wire along the edge of the cutting board.', 'cuts up some onions and lettuce on a small cutting board.']",activitynet~v_9PY28-zQhm4,test,zeroshot,
8124,Arm wrestling,The video begins with several games of arm wrestling happening between two men.,the same man,The video begins with several games of arm wrestling happening between two men. the same man,"['holds up a credit card to foreclose on some loose change and offers his hand.', 'moves from hand to hand in various times and the man that just landed is right on his knee.', 'is shown playing against various contestants and the refs calling each game when he is done.', 'serves the wrestling ball in the net several times before one of the men finally scores.']",activitynet~v_9aRUmbcYxUM,test,indomain,
8129,Archery,A man from a movie shoots an arrow.,several clips from older movies,A man from a movie shoots an arrow. several clips from older movies,"['are shown on film.', 'are shown as well as marching in a parade in broad daylight.', 'play as a case of one of the players hits the ball and be hits twice.', 'show men shooting arrows and killing people.']",activitynet~v_9cxGx2BsKkM,test,indomain,
8130,Archery,A man from a movie shoots an arrow. Several clips from older movies show men shooting arrows and killing people.,the movie,A man from a movie shoots an arrow. Several clips from older movies show men shooting arrows and killing people. the movie,"['is robin hood films from the 1990s.', 'ends with credits rolling across the bottom.', 'ends with the title screen showing the location.', 'ends with screaming and people running.']",activitynet~v_9cxGx2BsKkM,test,indomain,
8135,Ballet,The girl then puts her case away and puts her shoes on followed by her performing ballet moves at a barre.,the woman,The girl then puts her case away and puts her shoes on followed by her performing ballet moves at a barre. the woman,"['then dances all around the room in her ballet shoes showing off jumps and spins she can do.', 'holds a pose behind the woman for holds and continues to lift the woman ballet style while she holds.', 'does several different cheerleading moves while standing in a circle on a green mat.', ""also wakes the boy up and gives him a birthday's present as a joke.""]",activitynet~v_9pNfaRJ0K4o,test,indomain,
8185,Hand washing clothes,This man is sitting in a chair outdoors in his yard and he is washing the black shirt in the bucket.,there,This man is sitting in a chair outdoors in his yard and he is washing the black shirt in the bucket. there,"[""'s a dog following behind him who is standing on top of the laundry car, looking at the clothes in the bucket and when he's done he goes back inside."", ""'s also 3 other buckets that have clothes in them and there are 2 other people outside."", 'is a big red shovel in a special scoop of ice cream and there are two smaller bowls full of ice cream in front of him.', 'is water raining down on the man and he is laying down in it trying to get more water out.']",activitynet~v_B5Ea3Bs8hC4,test,indomain,
8202,Blowing leaves,A close up of the ground is seen followed by a person pushing around leaves.,the person,A close up of the ground is seen followed by a person pushing around leaves. the person,"['uses a rake to push around more leaves as well as skateboards and a dog.', 'then takes the leaf and dips it into a bowl.', ""continues to push leaves around the area while the camera follows it's movements."", 'continues pushing around all around the yard followed by a person spraying them with a hose.']",activitynet~v_BSKolF3MMe4,test,indomain,
8208,Riding bumper cars,Man is standing behind the fence talking to the camera watching people in driving in bumper cars.,people,Man is standing behind the fence talking to the camera watching people in driving in bumper cars. people,"['are driving bumper cars in a amusement park.', 'are standing in front of the cars watching them pull out the tickets.', 'are standing next to a inflatable navy monster in a parking lot doing bumper car competitions.', 'are standing in the streets watching the cars.']",activitynet~v_BcMHGhxdMl4,test,zeroshot,
8209,Riding bumper cars,Man is standing behind the fence talking to the camera watching people in driving in bumper cars. People are driving bumper cars in a amusement park.,old man,Man is standing behind the fence talking to the camera watching people in driving in bumper cars. People are driving bumper cars in a amusement park. old man,"['is standing next to man watching the people in bumper cars.', 'is on a bumper car and is driving into the dirt.', 'is holding a shovel digging a hole of the parking lot.', 'is standing on a ding truck inside wearing a blue shirt and talking to the camera from the beginning.']",activitynet~v_BcMHGhxdMl4,test,zeroshot,
8278,Pole vault,A person is seen standing before a large track holding a pole.,the person,A person is seen standing before a large track holding a pole. the person,"['then runs down the track while looking back to speak to the camera.', 'then runs down the track several times and throws the pole into the air over the hole.', 'then begins performing a sit up run on the track.', 'begins running down the track holding onto the pole.']",activitynet~v_Cgquef_qgcs,test,indomain,
8279,Pole vault,A person is seen standing before a large track holding a pole. The person begins running down the track holding onto the pole.,the man,A person is seen standing before a large track holding a pole. The person begins running down the track holding onto the pole. the man,"['then spins himself around the pole while still holding onto the pole.', 'then kicks off and runs back to the top.', 'continues running down the track till he is shown in several more clips running and jumping down the track.', 'then jumps over the beam an onto a mat knocking it down.']",activitynet~v_Cgquef_qgcs,test,indomain,
8332,Playing racquetball,A man talks in front of a camera while holding a racket and ball.,he,A man talks in front of a camera while holding a racket and ball. he,"['points to the ball while playing.', 'hits the ball into a cup while speaking into the camera.', 'talks and then picks up the ball, spinning around as he aims at the ball.', 'begins to hit the ball against the wall.']",activitynet~v_EGLJPCJnG64,test,zeroshot,
8335,Playing racquetball,He begins to hit the ball against the wall. He turns and talks to the camera again. He hits the ball and jumps.,he,He begins to hit the ball against the wall. He turns and talks to the camera again. He hits the ball and jumps. he,"['looks back at the camera.', 'continues to move around talking and explaining technique.', 'hits his butt against the furniture to show the turn.', 'runs and hits the ball onto the field, not acknowledging the host or the video.']",activitynet~v_EGLJPCJnG64,test,zeroshot,
8346,Beach soccer,A small group of people are seen playing a soccer match on a sandy field in front of a large group of people.,the men,A small group of people are seen playing a soccer match on a sandy field in front of a large group of people. the men,"['set up a soccer match with others in the background.', 'continue to play with one another while holding up flags at the end.', 'continue kicking the soccer ball around while people cheer them on on the sidelines.', 'hold up various scorecards as the crowd cheers for them and ends with the referee bowing.']",activitynet~v_EW3zRMVjkoU,test,indomain,
8357,Ironing clothes,A blue cloth with several large pink flowers is laying on a blue ironing board.,a lady,A blue cloth with several large pink flowers is laying on a blue ironing board. a lady,"['then begins to unfold and fold the cloth and talk about the pattern that is displayed.', 'sits on top of the ironing board ironing a pair of shorts and a tank top.', 'simultaneously begins ironing the blue cloth then she continues ironing white flower.', 'gets dressed in her plaid shirt and brown catgut skirt.']",activitynet~v_EwEV5_sHGJk,test,indomain,
8358,Ironing clothes,A lady then begins to unfold and fold the cloth and talk about the pattern that is displayed.,a white piece of paper that is between the cloth and ironing board,A lady then begins to unfold and fold the cloth and talk about the pattern that is displayed. a white piece of paper that is between the cloth and ironing board,"['is used to file the sheet s the fabric, read the paper and artist begins to spread and curl the folds out in the beginning.', 'then in smaller size begins to unfold.', 'is then folded over the fabric and the person begins to iron over it.', 'is shown and it includes its names and terms.']",activitynet~v_EwEV5_sHGJk,test,indomain,
8387,Grooming horse,A woman stands by a horse as she speaks to a camera.,later,A woman stands by a horse as she speaks to a camera. later,"['in the video, the horse is shown ingestion thank you notes.', ', a woman is seen prepping the skin of a horse.', 'on in the camera, several clip recorders show the horses water drinking as they drink.', 'a man is shown on the horse as he stands and swum away.']",activitynet~v_FmLxc-aNh88,test,zeroshot,
8388,Grooming horse,"A woman stands by a horse as she speaks to a camera. Later, a woman is seen prepping the skin of a horse.",after,"A woman stands by a horse as she speaks to a camera. Later, a woman is seen prepping the skin of a horse. after","[', the woman takes a photo from frame.', "", she rubs shadings in the horse's fur as well as rubbing a razor along him."", ', the woman is shown cutting a piece of the skin and mixing it into a bowl.', ', the woman uses a large brush to brush the fur of the horse.']",activitynet~v_FmLxc-aNh88,test,zeroshot,
8397,Hammer throw,A track and field athlete sets up and bends his legs before an event in a fenced area.,the athlete,A track and field athlete sets up and bends his legs before an event in a fenced area. the athlete,"['swings the hammer throw ball around his body.', 'runs, then does a 360 turn, throwing himself high into the air and flying for the crowd.', 'tosses a javelin to the field ahead and picks up a trophy above his head before the event.', 'stands on his knees and prepares himself, taking a jump in the air.']",activitynet~v_G72MBCYwT8E,test,zeroshot,
8412,Making a sandwich,A person shows you how to make a peanut butter and jelly sandwich.,the person,A person shows you how to make a peanut butter and jelly sandwich. the person,"['first puts slices of bread on a plate and spread peanut butter on one slice of bread.', 'sprinkles peanut butter on top of two slices of peanut butter and they put jelly on the sandwich.', 'cuts pieces of peanut butter and puts peanut butter and jelly on it.', 'scrubs their hand in the soda.']",activitynet~v_GX1EjqXAszM,test,indomain,
8413,Making a sandwich,The person first puts slices of bread on a plate and spread peanut butter on one slice of bread.,the second thing the person did,The person first puts slices of bread on a plate and spread peanut butter on one slice of bread. the second thing the person did,"['and adds butter then cuts up a piece of the bread then puts it onto two other slices of bread.', 'was clean the peanut butter of the knife using a napkin.', 'is roll the jelly and cut it evenly.', 'is to pour peanut butter and shake it in glasses and then pour the sandwiches onto a plate.']",activitynet~v_GX1EjqXAszM,test,indomain,
8414,Making a sandwich,The second thing the person did was clean the peanut butter of the knife using a napkin.,the third thing the person does it,The second thing the person did was clean the peanut butter of the knife using a napkin. the third thing the person does it,"['when the peanut butter is gone and the knife is fully cut in half.', 'put jelly on a second slice of bread.', 'again is wipe an actual knife blade with a napkin.', 'to reatten the knife with different colored cleaning liquids.']",activitynet~v_GX1EjqXAszM,test,indomain,
8415,Making a sandwich,The third thing the person does it put jelly on a second slice of bread.,the four thing the person does,The third thing the person does it put jelly on a second slice of bread. the four thing the person does,"['this gives the sauce on the slice of bread and leaves out the jelly.', 'it puts jelly on the fourth slice of bread the rolls in a fast manner.', 'with it is pour jelly and put that on three slices of bread.', 'is put the two slices of bread together and cuts it down the middle with a butter knife.']",activitynet~v_GX1EjqXAszM,test,indomain,
8432,Riding bumper cars,A group of people ride bumper cars at an amusement park.,a young boy,A group of people ride bumper cars at an amusement park. a young boy,"['gets stuck in the center of the wheel well, trying to get free.', 'wearing a white t-shirt driving a bumper car and a girl passenger wearing a blue blouse crash into another bumper.', 'comes on a bumper car ride at a carnival.', 'holds onto a handle bar attached to his car, even as he goes past it.']",activitynet~v_HCphw9_Jku8,test,zeroshot,
8433,Riding bumper cars,A young boy wearing a white t-shirt driving a bumper car and a girl passenger wearing a blue blouse crash into another bumper.,the girl in the blue blouse,A young boy wearing a white t-shirt driving a bumper car and a girl passenger wearing a blue blouse crash into another bumper. the girl in the blue blouse,"['is laughing and having fun.', 'is riding a bumper car with two other kids.', 'is now flipping off her car when another car crashes down beside her, making the girl in the pink blouse fall into the grass very hard.', 'crashes into a young adult who is now sitting next to another young child in their car.']",activitynet~v_HCphw9_Jku8,test,zeroshot,
8449,Swinging at the playground,2 girls are sitting and swinging on the same swing.,the camera pans,2 girls are sitting and swinging on the same swing. the camera pans,"['back to hit the next jump.', 'down and we see a little girl sitting and swinging on the swing.', 'to a man sitting on a yard swing too.', 'to show the rest of the playground.']",activitynet~v_I0yNAIWHcQQ,test,zeroshot,
8473,Doing fencing,The man on the left lifts his face screen up and lets out a scream as he's walking.,the men,The man on the left lifts his face screen up and lets out a scream as he's walking. the men,"['on the right scoop the sodded substance and use it to form a mustache on one of the men.', 'on the right lift their faces displaying none of the pain and various images come onto the screen advising the man on the right to consider his fitness.', 'continue walking towards one another as one kicks out an opponent.', 'start another round of fencing and suddenly the man on the left removes his helmet, throws his hands up in the air and begins cheering.']",activitynet~v_IUnqrqZ_x_A,test,indomain,
8487,Polishing forniture,A woman is seen kneeling down and speaking to the camera while various shots of cleaning supplies are shown.,the woman,A woman is seen kneeling down and speaking to the camera while various shots of cleaning supplies are shown. the woman,"['then blows out smoke on the object while the camera heads in and out of the brush.', 'mixes ingredients together in a bottle and sprays it onto a bench and cleans it while speaking to the camera.', 'holds a cup while speaking and waves the cup causing a spread of liquid to pour out.', 'continues cleaning more of the windows while more shots are shown of flowers on the windows.']",activitynet~v_IxaoK4TbALQ,test,indomain,
8488,Grooming dog,"A title screen appears with ""livermore dog grooming wine country pet spa meet: 'millie'"".",a woman,"A title screen appears with ""livermore dog grooming wine country pet spa meet: 'millie'"". a woman","['with a dryer cuts the hair of a dog.', 'carefully grooms a large, shaggy grey and white dog on a table.', 'is seen speaking to the camera while other hands close off areas while she surfs.', 'is working in the kitchen and shows off hair curlers to how to fix a bun.']",activitynet~v_J0-OVQ-JB5g,test,indomain,
8500,Hopscotch,Litle girl wearing pink pants playing pitch and toss in a playground.,man,Litle girl wearing pink pants playing pitch and toss in a playground. man,"['walking in front of the kid pass by her.', 'jumps on the arm of the female and puts his hand on her shoulders.', 'wearing a red shirt is standing in the playground grabbing the girl and throwing her.', 'is standing in a green fenced in yard and go up the ladder and, he just looks and explain the technique of throwing the ball and what you should do.']",activitynet~v_JJ811udnROI,test,indomain,
8523,Ping-pong,Many people watch the match around the sides and zooms in on the crowd while the players continue playing.,the game,Many people watch the match around the sides and zooms in on the crowd while the players continue playing. the game,"['then ends with the team hugging one another and giving hand shakes to the other team.', 'records then zooms back in to the players and a replay.', ""continues but the athlete in yellow neck shirt is losing his game and the referee doesn't seem to really care."", 'fades to black while the players continue playing.']",activitynet~v_JTQsElq5UN4,test,indomain,
8544,Changing car wheel,A red and white race car is parked at a speedway pitstop.,men dressed in red and white,A red and white race car is parked at a speedway pitstop. men dressed in red and white,"['bring out new tires.', 'roof top are taking turns at the speedway.', 'are on a race track driving.', 'rallies at a speedway rally between races track lighting.']",activitynet~v_K6oVOQG0lOo,test,zeroshot,
8545,Changing car wheel,A red and white race car is parked at a speedway pitstop. Men dressed in red and white bring out new tires.,the car,A red and white race car is parked at a speedway pitstop. Men dressed in red and white bring out new tires. the car,"['works well with a high performance engine.', 'sits in a red dirt track.', 'is jacked up and the new tires are installed quickly and the car is dropped.', 'then gets stuck and then rolled off.']",activitynet~v_K6oVOQG0lOo,test,zeroshot,
8566,Doing a powerbomb,Words come on the screen before the video.,action figures,Words come on the screen before the video. action figures,"['are shown on a table.', 'are shown on the screen with a logo.', 'are shown standing on bowling pins.', 'are shown paved in cement.']",activitynet~v_Keuj_3QyLq0,test,indomain,
8578,Using the monkey bar,A man is helping a little girl cross the monkey bars. A man in a white shirt is sitting down filming it.,she,A man is helping a little girl cross the monkey bars. A man in a white shirt is sitting down filming it. she,"['jumps down and then does a standing walk.', 'falls off the monkey bars.', 'jumps on a playground slide.', 'jumps down and walks off with her bucket.']",activitynet~v_KxJpfKZbNiI,test,zeroshot,
8579,Using the monkey bar,A man is helping a little girl cross the monkey bars. A man in a white shirt is sitting down filming it. She falls off the monkey bars.,she,A man is helping a little girl cross the monkey bars. A man in a white shirt is sitting down filming it. She falls off the monkey bars. she,"['laughs as she bounces onto a back board.', 'starts moving back and forth to cross.', 'jumps off and then comes back.', 'gives the man a high five.']",activitynet~v_KxJpfKZbNiI,test,zeroshot,
8587,Changing car wheel,A man takes a tire off of a semi truck. He kicks the tire behind it several times.,he,A man takes a tire off of a semi truck. He kicks the tire behind it several times. he,"['then tilts the truck so the rim is upside down.', 'then runs a tow line over the tire.', 'begins to rub it down with oil and stuff.', 'takes the tire behind it off as well.']",activitynet~v_LGS_yzsScfw,test,zeroshot,
8629,Belly dance,A woman walks gracefully into a room wearing a belly dancer outfit.,she,A woman walks gracefully into a room wearing a belly dancer outfit. she,"['puts her arms out, shaking her hips to music.', 'moves around the room gracefully using the hula hoop as she dances.', 'climbs onto a table, holding up a piece of fabric.', 'approaches a disco ball standing next to her.']",activitynet~v_MC0L0ljTUiw,test,zeroshot,
8664,Assembling bicycle,A person is seen walking into frame and begins putting handle bars onto a bike frame. The person tightens the handlebars then begins putting a tire on.,the man,A person is seen walking into frame and begins putting handle bars onto a bike frame. The person tightens the handlebars then begins putting a tire on. the man,"['rides around pulling on the tire while flipping around and finally stopping.', 'continues working and speaking as well as exhibiting sign language to the camera.', 'finishes putting the tire on and puts on a seat on the frame.', 'hops on one leg and turns around several times.']",activitynet~v_NBXH7A2EO7Q,test,indomain,
8688,Changing car wheel,This video has no audio and these three men are all outdoors.,two of the men,This video has no audio and these three men are all outdoors. two of the men,"['have removed the tire from the big red truck and the third one goes to get a tire from a pickup truck.', 'are rollerblading up and down the city sidewalks passing people standing up.', 'are playing drums on the ground while the other two are playing harmonica instruments.', 'are hanging on a rope on the ground as the the other two men come up to level their guns on them.']",activitynet~v_Ny8NDMWfGJk,test,zeroshot,
8689,Changing car wheel,Two of the men have removed the tire from the big red truck and the third one goes to get a tire from a pickup truck.,when they,Two of the men have removed the tire from the big red truck and the third one goes to get a tire from a pickup truck. when they,"[""'re done, they all get inside of the truck and roll away."", 'are finished, they attach the jack to the truck and begin spinning the tire inside out.', 'return, the loser is seat in the truck while the second wrestles.', 'return both men are holding 2 sumo wrestlers with white gloves on and angry faces.']",activitynet~v_Ny8NDMWfGJk,test,zeroshot,
8741,Playing ten pins,A colorful bowling ball rests in a rack.,a boy,A colorful bowling ball rests in a rack. a boy,"['pictures the ball, spinning and throwing it to the pins around him.', 'bowls strikes down a lane in a bowling alley.', 'carries a bowling ball down a lane.', 'knocks pins down and picks them back up.']",activitynet~v_P9qhbSYblG4,test,zeroshot,
8743,Using the monkey bar,A man is seen climbing a set of monkey bars back and fourth on a bar.,he,A man is seen climbing a set of monkey bars back and fourth on a bar. he,"['climbs all the way to the end and jumps down.', 'crawls up the side and climbs onto another bar.', 'then runs across the length of the bars.', 'runs down the length of the bars and performs a routine.']",activitynet~v_PVed6JEd3ZM,test,zeroshot,
8763,Swinging at the playground,There's a little girl dressed in a lime green outfit playing in an indoor play structure.,the girl,There's a little girl dressed in a lime green outfit playing in an indoor play structure. the girl,"['navigates through the hoops using a rope attached to her neck.', 'hops and dances around on a swing set while other play on the playhouse below.', 'walks by some rocking horses and swings, trying to explore the place as she walks on large colored foam squares.', 'is standing on a plastic swing set going back and forth swinging while at the same time pulling the tire off.']",activitynet~v_QCj7IGUGs2Y,test,zeroshot,
8764,Swinging at the playground,"The girl walks by some rocking horses and swings, trying to explore the place as she walks on large colored foam squares.",then she,"The girl walks by some rocking horses and swings, trying to explore the place as she walks on large colored foam squares. then she","['jumps up on a horse white horse covered in foam squares and begins to ride through the grass happily.', 'goes onto grass fields where a green asphalt road with a rainbow is seen.', 'goes past the bewik serve area and continues walking around the store.', 'begins swinging on one of the swings and enjoys herself.']",activitynet~v_QCj7IGUGs2Y,test,zeroshot,
8765,Swinging at the playground,"The girl walks by some rocking horses and swings, trying to explore the place as she walks on large colored foam squares. Then she begins swinging on one of the swings and enjoys herself.",then she,"The girl walks by some rocking horses and swings, trying to explore the place as she walks on large colored foam squares. Then she begins swinging on one of the swings and enjoys herself. then she","['sits back down and takes a drink of water before sitting back down again.', 'walks around the grassy area yet again and even gets snow off of her with her swinging.', 'starts climbing up a rope tunnel to go explore some fun.', 'is spraying a white tray and enjoying herself.']",activitynet~v_QCj7IGUGs2Y,test,zeroshot,
8768,Breakdancing,"A man is wearing a red sweat suit inside a room. He sits on the floor, showing several break dancing moves.",he,"A man is wearing a red sweat suit inside a room. He sits on the floor, showing several break dancing moves. he","['is using a keyboard as he moves.', 'continues moving his body over and over again, practicing and extending his legs and hands.', 'continues instructing in the positions and moves.', 'is then shown leading a group by playing piano and singing.']",activitynet~v_QN6YFgrx_Ig,test,indomain,
8770,Playing flauta,A man with a microphone read from cards on stage. A young boy and his flute are followed on stage by another man.,the host,A man with a microphone read from cards on stage. A young boy and his flute are followed on stage by another man. the host,"['is then seen talking with one of the young ladies explaining things.', 'gives the flag attached to the microphone a go.', 'serves the band and a shot arrives of the man playing the violin.', 'speaks to the kid with the flute.']",activitynet~v_Q_LhL-t0Yls,test,zeroshot,
8771,Playing flauta,A young boy and his flute are followed on stage by another man. The host speaks to the kid with the flute.,we,A young boy and his flute are followed on stage by another man. The host speaks to the kid with the flute. we,"['see the boy perform a calling in front of the judges.', 'see the opening scene on a black screen.', 'see the crowd in the room and a photographer goes to the stage and takes photos.', 'see the boy ride the chair first.']",activitynet~v_Q_LhL-t0Yls,test,zeroshot,
8773,Playing flauta,We see the crowd in the room and a photographer goes to the stage and takes photos. The young boy is playing his flute on stage and takes a bow.,the boy,We see the crowd in the room and a photographer goes to the stage and takes photos. The young boy is playing his flute on stage and takes a bow. the boy,"['put a line from the top of the flute to the bow in his hands, puts two fingers to his right eyebrow and spreads his hand.', 'finishes and falls off the stands.', 'nods his head and then we return to the boys playing.', 'leaves the stage, and the host returns to the stage.']",activitynet~v_Q_LhL-t0Yls,test,zeroshot,
8775,Preparing salad,A woman is seen hosting a news segment with a chef standing next to her. A cookbook is shown followed by a man cooking food in a pan.,he,A woman is seen hosting a news segment with a chef standing next to her. A cookbook is shown followed by a man cooking food in a pan. he,"['then puts the food on a plate with other ingredients and presents it to the camera while still speaking to the host.', 'pulls the pan of food much closer to him as he shows the recipe behind it.', 'adds more ingredients to the pan while showing the women working in cooking.', 'chops the vegetables with tongs in a restaurant setting.']",activitynet~v_QeL3ScQVelo,test,indomain,
8780,Doing nails,.,a hand with very glittered gold and silver nails,. a hand with very glittered gold and silver nails,"[""came pressing the door with forward motion and a metal toy feel so it wouldn't open the door."", 'is sharpening a black sharpener tool, and she begins to sharpen it putting the different weapons in different locations and in different jumps and the same direction the metal is sharpening.', 'are being shown and the words "" glitter nails "" are displayed.', 'and nails polish are ready to go.']",activitynet~v_QokthYjtPzM,test,zeroshot,
8781,Doing nails,"A hand with very glittered gold and silver nails are being shown and the words ""glitter nails"" are displayed.",the tutorial,"A hand with very glittered gold and silver nails are being shown and the words ""glitter nails"" are displayed. the tutorial","['continues and after the video ends a black title screen begins that says "" font font "" are shown and there are several black words that appear on the screen saying "" font "".', 'begins and a supply list along with pictures of the supplies of what you need to get the same glitter nails look are displayed.', 'begins with a dog and a human hand being shown mixing products and preparing the hair.', 'for glitter nails is showed and the price of the scratch is shown on the screen.']",activitynet~v_QokthYjtPzM,test,zeroshot,
8783,Doing nails,The first step is a hand holding gold nail polish and she begins to apply the nail polish to her pointy and middle finger nails.,the second step,The first step is a hand holding gold nail polish and she begins to apply the nail polish to her pointy and middle finger nails. the second step,"['is another nail in order to fork into a plastic cup.', ""is shown and it's pouring the glitter onto the nails before the nail polish dries ensuring that every part of the nail gets glitter."", 'is coming with a sponge, she inserts the white nail, dips it in the black and then puts the clear residue into a smaller bowl of nail polish that made it into the shaker, then onto another shaker.', ""involves a manicure thinks she's ready now.""]",activitynet~v_QokthYjtPzM,test,zeroshot,
8784,Doing nails,The second step is shown and it's pouring the glitter onto the nails before the nail polish dries ensuring that every part of the nail gets glitter.,the last step,The second step is shown and it's pouring the glitter onto the nails before the nail polish dries ensuring that every part of the nail gets glitter. the last step,"['is shown and the finished dress is shown with more glitter on it and the second step is showing that the brush will outline the foundation and it should be removed at the end of the process.', 'is shown and the building is shown.', 'is shown with the next color and it is icy blue.', 'is to apply the clear coat over the very glittered nails and ensuring that all edges are covered.']",activitynet~v_QokthYjtPzM,test,zeroshot,
8785,Doing nails,The last step is to apply the clear coat over the very glittered nails and ensuring that all edges are covered.,the second coat,The last step is to apply the clear coat over the very glittered nails and ensuring that all edges are covered. the second coat,"['is added using a fold down design.', 'of faded white paint is applied over the polished nails.', 'is then applied but you are instructed to make sure that the first layer is completely dried.', 'is placed over the polish and is applied with a sticky tip.']",activitynet~v_QokthYjtPzM,test,zeroshot,
8786,Doing nails,The second coat is then applied but you are instructed to make sure that the first layer is completely dried.,once they,The second coat is then applied but you are instructed to make sure that the first layer is completely dried. once they,"[""are achieved, the woman washes them off and adds more glitter on then around it's perimeter to the cake."", 'are all properly decorated look in the mirror to find out how they look and if they look as good as they look.', 'are dried, you are done.', 'are complete, you put them into the white bowl and the words below indicate how much they pay for them so you go ahead and add them.']",activitynet~v_QokthYjtPzM,test,zeroshot,
8805,Skiing,The skier is wiping his goggles. He then begins to ski down the slope.,he,The skier is wiping his goggles. He then begins to ski down the slope. he,"['jumps the first ramp.', 'is waving his arms around and smiling at the camera.', 'bumps into other people on the slope.', 'makes it quite steep, but recovers his composure and continues on.']",activitynet~v_RPLbUeV3-o0,test,indomain,
8806,Skiing,The skier is wiping his goggles. He then begins to ski down the slope. He jumps the first ramp.,he,The skier is wiping his goggles. He then begins to ski down the slope. He jumps the first ramp. he,"['skiers to the bottom.', 'jumps the second ramp.', 'is then rollerblading down the other side.', 'walks off in the end.']",activitynet~v_RPLbUeV3-o0,test,indomain,
8807,Skiing,The skier is wiping his goggles. He then begins to ski down the slope. He jumps the first ramp. He jumps the second ramp.,he,The skier is wiping his goggles. He then begins to ski down the slope. He jumps the first ramp. He jumps the second ramp. he,"['runs the last ramp.', 'jumps the fourth ramp.', 'jumps the 3rd ramp.', 'jumps the third ramp and jumps.']",activitynet~v_RPLbUeV3-o0,test,indomain,
8808,Skiing,He then begins to ski down the slope. He jumps the first ramp. He jumps the second ramp. He jumps the 3rd ramp.,he,He then begins to ski down the slope. He jumps the first ramp. He jumps the second ramp. He jumps the 3rd ramp. he,"['jumps the beach at the beach.', 'jumps the eleventh ramp.', 'jumps the fourth ramp.', 'takes a blond haired girl on that ramp.']",activitynet~v_RPLbUeV3-o0,test,indomain,
8809,Skiing,He jumps the first ramp. He jumps the second ramp. He jumps the 3rd ramp. He jumps the fourth ramp.,he,He jumps the first ramp. He jumps the second ramp. He jumps the 3rd ramp. He jumps the fourth ramp. he,"['jumps the second ramp.', 'falls and lands face down as he lays in the snow.', 'jumps the eighth ramp.', 'jumps the sixth ramp without falling.']",activitynet~v_RPLbUeV3-o0,test,indomain,
8854,Doing crunches,A man is seen sitting on the floor speaking to the camera and pointing to his body then laying on the floor.,the man,A man is seen sitting on the floor speaking to the camera and pointing to his body then laying on the floor. the man,"['continues speaking while washing his hands and ending by wiping them on a towel.', 'then jumps up on his legs and begins performing tricks with a pair of crutches.', 'continues to point to his body and leads into him performing sit ups on the ground as well as lifting his feet up.', 'then groom himself with a shower sponge and shaves around his body while looking over to the camera.']",activitynet~v_RzMKERQ9vOU,test,indomain,
8855,Doing crunches,The man continues to point to his body and leads into him performing sit ups on the ground as well as lifting his feet up.,he,The man continues to point to his body and leads into him performing sit ups on the ground as well as lifting his feet up. he,"['continues to show the tricks of the weight lifting machine afterwards.', 'demonstrates how to do these and other men again before looking up.', 'moves his arms up and then ends by sitting up on the mat.', 'points to a sit up position sitting on the grass and shimmies across his body when jumping off all fours.']",activitynet~v_RzMKERQ9vOU,test,indomain,
8873,Making a lemonade,A woman holds a bottle with liquid and explains showing the label.,after,A woman holds a bottle with liquid and explains showing the label. after,"[', the woman stirs a container of air with a cloth and demonstrate how to properly prepare the liquid, after she places _start_the bottle with a towel on top.', ', the woman pour the fluid in a bowl filled with red flowers.', ', she holds some powdered swiss cheese then she puts a substance on a piece of bread and hold it.', ', the woman grabs an empty jug and pours liquid of the bottle in a measuring cup, then she puts the liquid in the jug through a funnel.']",activitynet~v_SgnBsgrqfj0,test,indomain,
8874,Making a lemonade,"After, the woman grabs an empty jug and pours liquid of the bottle in a measuring cup, then she puts the liquid in the jug through a funnel.",after,"After, the woman grabs an empty jug and pours liquid of the bottle in a measuring cup, then she puts the liquid in the jug through a funnel. after","[', the woman take a cover and mix the mix.', ', the woman fill the cup with liquid with alcohol and gives straw as a boy looks through a window.', ', the woman scoops sugar and pour in the jug, then she close the jug and shake it.', ', the woman adds liquid in the cup with the needle and walks away.']",activitynet~v_SgnBsgrqfj0,test,indomain,
8875,Making a lemonade,"After, the woman scoops sugar and pour in the jug, then she close the jug and shake it.",at the end,"After, the woman scoops sugar and pour in the jug, then she close the jug and shake it. at the end","[', she pours water in the jug and end her presentation.', ', the woman dry it with sponge and put it in a pan.', ', the woman camp and covers the whole jug with wrapping paper.', 'of making cookies, the person puts sprinkles on top of the cookies and sauces them, after she puts them in a plate.']",activitynet~v_SgnBsgrqfj0,test,indomain,
8876,Starting a campfire,A man sets straw and sticks on top of a bundle of tinder in a fire pit.,the person,A man sets straw and sticks on top of a bundle of tinder in a fire pit. the person,"['then spreads the fire around the fire pit.', 'picks up a flint and a knife from a chair near by.', 'then edges the bundle of wood over the tinder with cloth.', 'then picks up kindling from the fire pit and puts it on a piece of wood next to the fire in a bowl.']",activitynet~v_Si6LZFiQT3k,test,indomain,
8877,Starting a campfire,A man sets straw and sticks on top of a bundle of tinder in a fire pit. The person picks up a flint and a knife from a chair near by.,the man,A man sets straw and sticks on top of a bundle of tinder in a fire pit. The person picks up a flint and a knife from a chair near by. the man,"['then begins to light a fire, eventually curling the sticks into their own logs.', 'sparks the flint using a knife onto the stack of sticks and tinder causing it to ignite.', 'builds a fire around a pile of wood.', 'light the fire and then decorates with a stick, fire and a small bow.']",activitynet~v_Si6LZFiQT3k,test,indomain,
8878,Starting a campfire,The man sparks the flint using a knife onto the stack of sticks and tinder causing it to ignite.,the man,The man sparks the flint using a knife onto the stack of sticks and tinder causing it to ignite. the man,"['blows the flames with a flame thrower glove and two sticks.', 'then adds a smaller fire to the pile.', 'makes a rag and begins to blow out sparks causing circles and floating around the fire.', 'adds more sticks and bark to the top of the fire.']",activitynet~v_Si6LZFiQT3k,test,indomain,
8882,Rafting,"Two men are hiking through to a river, where people are in a raft. A woman is talking as the people are hiking and white water rafting.",the video,"Two men are hiking through to a river, where people are in a raft. A woman is talking as the people are hiking and white water rafting. the video","['ends with the people continuing through the rapids, views shown from several angles of the canyon.', 'ends with the closing credits shown on the screen.', 'animation ends, and a girl is shown in front of the camera.', 'ends with the title.']",activitynet~v_SndKvA_2DcE,test,zeroshot,
8886,Rafting,A group of people sit on a raft on a tranquil part of a river. The group of rafters paddle down a river with rapids.,a rafter,A group of people sit on a raft on a tranquil part of a river. The group of rafters paddle down a river with rapids. a rafter,"['flips off the boat into the river.', 'stumbles one time during a long rapids.', 'gets stuck in the middle of the raft with a different person.', 'swings two ropes across the raft, before laying on the river floor.']",activitynet~v_SqIVJrXxO3g,test,zeroshot,
8887,Rafting,The group of rafters paddle down a river with rapids. A rafter flips off the boat into the river.,rafters,The group of rafters paddle down a river with rapids. A rafter flips off the boat into the river. rafters,"['are pulled back into the raft from the water.', 'group conk each other.', 'jump clear to land.', 'fly into the air landing on chests.']",activitynet~v_SqIVJrXxO3g,test,zeroshot,
8910,Laying tile,A man test a square shower drain with tiles around.,then,A man test a square shower drain with tiles around. then,"[', the man rinses off the blood as he rubs the drain.', ', the man puts cement around the hole, the square shower drain and the tiles, then assemble all and press the tiles.', ', the man uses a blow dryer to clean the tile.', ', the man wash all the soap off of the man.']",activitynet~v_Ta_Kf0dCd3U,test,indomain,
8912,Laying tile,"Then, the man puts cement around the hole, the square shower drain and the tiles, then assemble all and press the tiles. The the man lower the square shower drain with a tool and clean with a cloth.",after,"Then, the man puts cement around the hole, the square shower drain and the tiles, then assemble all and press the tiles. The the man lower the square shower drain with a tool and clean with a cloth. after","[', the man put tiles on top of the drain.', ', the man clean to the ceiling.', ', the man continue working, then the man point parts of the floor, head, and the tile.', ', the man puts tiles on the border of the shower.']",activitynet~v_Ta_Kf0dCd3U,test,indomain,
8917,Hanging wallpaper,There's a woman doing a tutorial on how to fix wall paper on a wall.,she,There's a woman doing a tutorial on how to fix wall paper on a wall. she,"['begins by wrapping the wall paper with footboard chalk, making a smiley face.', 'starts by pouring several sheets of wallpaper near the wall.', 'begins by preparing the surface and then peels of the sheet from the adhesive side of the wall paper.', 'demonstrates how to wipe the wall paper down with paper, and how you loosen the screws.']",activitynet~v_TjLoGNBzNRA,test,indomain,
8918,Hanging wallpaper,She begins by preparing the surface and then peels of the sheet from the adhesive side of the wall paper.,then she,She begins by preparing the surface and then peels of the sheet from the adhesive side of the wall paper. then she,"['dips the white sheet into an oil and applies it to the edge of the wall paper.', 'uses pigment to create a paste out of some ingredients and anoints it coat the surface of the wall.', 'hangs the wall paper on the wall and smoothens it out with a tool.', 'swirls the sink adhesive and works a solution around the edge of the wall paper.']",activitynet~v_TjLoGNBzNRA,test,indomain,
8919,Hanging wallpaper,She begins by preparing the surface and then peels of the sheet from the adhesive side of the wall paper. Then she hangs the wall paper on the wall and smoothens it out with a tool.,she,She begins by preparing the surface and then peels of the sheet from the adhesive side of the wall paper. Then she hangs the wall paper on the wall and smoothens it out with a tool. she,"['uses a blowtorch to close the sleeved portion of the wall paper.', 'then shows the adhesive back afterwards that she wiped off with a towel.', 'then wraps the wall paper and smooth down with a flat brush and shows how to add fingers to it.', 'continues hanging more wall paper on the wall and ensures that it glues on tight and securely on the wall surface without creases.']",activitynet~v_TjLoGNBzNRA,test,indomain,
8962,Baton twirling,A woman is dancing with a baton. She twirls the baton around in the air.,she,A woman is dancing with a baton. She twirls the baton around in the air. she,"['does the splits on the ground.', 'falls down onto the mat.', 'throws it down on the bar.', 'throws the baton onto the mat.']",activitynet~v_UNbC2c1C824,test,indomain,
9022,BMX,People are lined up at the top of a hill on bicycles. They begin to race around a track.,people,People are lined up at the top of a hill on bicycles. They begin to race around a track. people,"['are in the crowd watching them.', 'are riding together on tubes up the hill.', 'are in a enjoy the race.', 'are hanging on the side of the track waiting for the race to start as the contestants run up the hill.']",activitynet~v_W6JJ1L_EEBY,test,indomain,
9073,Hammer throw,"A colorful intro appears with two different screens that include lots of words and numbers with a date, a colorful clip art of a man holding a string with a ball on the end and the text indicate that he is holding a hammer throw.",various different females,"A colorful intro appears with two different screens that include lots of words and numbers with a date, a colorful clip art of a man holding a string with a ball on the end and the text indicate that he is holding a hammer throw. various different females","['play a shift in the blonde last move.', 'from young to old, are behind a tall green cage that has 3 sides, and each one is swinging the hammer throw as fast as they can, letting them loose, and each time text on the top of the screen appears to note their names and the distance.', 'look onto the camera, walk on the side of the sticks, drop the rope until they are on the frozen ground and start to run on the pole running simultaneously.', 'speak to the female standing in the foreground more choosing to speak, the screen showing a person wearing black sweatshirt and a cheerleading uniform, a xrm8 karate belt on a female in cheerleading outfit, who was laying on her back on a blue mat and take off her shirt while the other female pianist whom is wearing a blue colored v-.']",activitynet~v_Ydep68S6ViE,test,zeroshot,
9074,Hammer throw,"Various different females from young to old, are behind a tall green cage that has 3 sides, and each one is swinging the hammer throw as fast as they can, letting them loose, and each time text on the top of the screen appears to note their names and the distance.",when the last person,"Various different females from young to old, are behind a tall green cage that has 3 sides, and each one is swinging the hammer throw as fast as they can, letting them loose, and each time text on the top of the screen appears to note their names and the distance. when the last person","[""of the crowd is on screen girls that are also on top of the green cage and quickly rally, start walking towards 1 separate line, then they all start swinging the hammers at the large rope, and there are another few dancers come and they're all in, and a big male cheerleader starts knocking."", 'lands the video ends.', 'does the hammer throw, which happens to look like the eldest woman there, the same colorful screens from the intro play at the end.', 'leaves the cage their young and happy faces and upper body body parts are visible, then they are alone.']",activitynet~v_Ydep68S6ViE,test,zeroshot,
9104,Doing nails,An african american toddler's right hand is placed on a white rag while another young girl pants her nails with burgundy polish.,the toddler with the brush,An african american toddler's right hand is placed on a white rag while another young girl pants her nails with burgundy polish. the toddler with the brush,"['works with a white gloved hand and then with white coated fingernail polish.', 'sets down the purple paper before the child stands up.', 'begins painting her finger nails to a cool, polished, black polish.', ""continues to dip the brush in the pain and paints her friend's nail while laughing.""]",activitynet~v_ZJk05q3y5iM,test,zeroshot,
9105,Doing nails,The toddler with the brush continues to dip the brush in the pain and paints her friend's nail while laughing.,after,The toddler with the brush continues to dip the brush in the pain and paints her friend's nail while laughing. after,"[', the woman grabs a selfie stick and waits 2 to see who her friends are and which girls liked her.', ', the little girl with the sun visor dips her nail and appears on the screen.', ', the girl looks to the camera and begins smiling.', 'the boots are dry, the little girl looks up at the cloud and smiles, showing a piercing.']",activitynet~v_ZJk05q3y5iM,test,zeroshot,
9109,Carving jack-o-lanterns,A man shows to carve a pumpkin using a sharp tool.,then,A man shows to carve a pumpkin using a sharp tool. then,"["", the person put child's feet and hands before carving pumpkins."", ', the man carves a devil face in the pumpkin.', ', he shows the eyes to the camera, and cleans and skerg the bottom of the pumpkin.', ', the man shows to carve the balks of the pumpkin.']",activitynet~v_ZVIi4lPU6h0,test,indomain,
9110,Carving jack-o-lanterns,"A man shows to carve a pumpkin using a sharp tool. Then, the man carves a devil face in the pumpkin.",then,"A man shows to carve a pumpkin using a sharp tool. Then, the man carves a devil face in the pumpkin. then","[', the man inserts letters on the pumpkin to indicate that the letters are in the proper position to start the carving.', ', the woman puts a light inside the pumpkin and continues improving the carved pumpkin.', ', a child painted the pumpkin, then the boy carve a plenty of faces.', ', a man carve a devil face on the pumpkin.']",activitynet~v_ZVIi4lPU6h0,test,indomain,
9152,Doing step aerobics,A young man is stepping up and down in a forward motion on a step apparatus in a gym studio and his arms are also moving forwards and backwards.,he,A young man is stepping up and down in a forward motion on a step apparatus in a gym studio and his arms are also moving forwards and backwards. he,"['then moves to his knees and bends down again.', 'steps across the step board to the opposite side.', 'is then seen seated, kneeing, and moving with excitement.', 'also kicks and hands on a step and this is repeated from two angles.']",activitynet~v__A5iOie5VkM,test,zeroshot,
9154,Doing step aerobics,He steps across the step board to the opposite side. Then he steps across the board so he is backwards.,and,He steps across the step board to the opposite side. Then he steps across the board so he is backwards. and,"['he lays down on the ground to rest.', 'then moves around the side of the board.', 'he begins doing a very slow dance, moving his legs back and forth.', 'again, he drops onto the board.']",activitynet~v__A5iOie5VkM,test,zeroshot,
9156,Doing step aerobics,And then moves around the side of the board. He proceeds to go all the way around the board in different directions.,he,And then moves around the side of the board. He proceeds to go all the way around the board in different directions. he,"['makes a turn around the board.', 'tilts the board slightly and continues going around the circumference of the board.', 'goes in wobbly back and forth motions.', 'also goes in the sideways fashion.']",activitynet~v__A5iOie5VkM,test,zeroshot,
9157,Doing step aerobics,He proceeds to go all the way around the board in different directions. He makes a turn around the board.,and,He proceeds to go all the way around the board in different directions. He makes a turn around the board. and,"['then does a flip.', 'then does a double jump onto the grass.', 'continues to cross the board in all different directions while dancing.', 'begins making more turns while playing the bagpipes.']",activitynet~v__A5iOie5VkM,test,zeroshot,
9172,Riding bumper cars,"People rides bumper cars in the carnival, a yellow car cross two girls in a grey car. A man gets stuck with other cars, but after free and people continue riding cars.",a yellow car,"People rides bumper cars in the carnival, a yellow car cross two girls in a grey car. A man gets stuck with other cars, but after free and people continue riding cars. a yellow car","['are parked next to a gray car.', 'makes its turn and falls in a red midge.', 'cross two people including the man in the yellow car.', 'bumps with another car, after people continues riding bumper cars.']",activitynet~v__crwKCjKRjg,test,zeroshot,
9183,Waterskiing,Several kids are then shown with their life jacket on and they are put into an object with seats on them and three of them are pulled by a boat.,as the kids,Several kids are then shown with their life jacket on and they are put into an object with seats on them and three of them are pulled by a boat. as the kids,"['are unseated, a baby is pushed on a boat and they are finally pushed into the water where they are gradually pushed under under water in a shallow body, down a large stream and then surface to continue riding around.', 'are being pushed through a village, going back and forth, two kids are riding along the water by themselves and it seemed very calm as they slowly go into the water and then back out of the water.', 'are floating up the river, the piles of rocks are shown for what they are, a hardened pile of rock with rocks sticking through and creating a dome.', 'continue with their water sports, some of them come to the camera and start talking about their experience.']",activitynet~v_aFSaGCvYXXY,test,indomain,
9184,Waterskiing,"As the kids continue with their water sports, some of them come to the camera and start talking about their experience.",after,"As the kids continue with their water sports, some of them come to the camera and start talking about their experience. after","[', all of the people are shown in the grass holding up a flier and waving to the camera and they look like the people who were part of the dreams for kids organization and made it possible for the kids to go to.', ', the kids proceed to join the pool and begin performing a party.', ', one young boy plus a young girl show up high in the water and laugh.', 'that, four of the children begin weights lifting, which they all attempt until one boy falls on the ground and the rest goes up.']",activitynet~v_aFSaGCvYXXY,test,indomain,
9185,Waterskiing,"After, all of the people are shown in the grass holding up a flier and waving to the camera and they look like the people who were part of the dreams for kids organization and made it possible for the kids to go to.",after the kids,"After, all of the people are shown in the grass holding up a flier and waving to the camera and they look like the people who were part of the dreams for kids organization and made it possible for the kids to go to. after the kids","[""all have their flippers and are talking and having a great time while holding out the flier' rope that their they use to rope a large fish out of the water."", 'then drive their dream boat and we see kids in front sailing in it high in the sky.', 'go up and down on a bounce house and a young girl comes back and begins talking with her sound box in her hand.', 'start a new life in a beach that is predominately covered with sand.']",activitynet~v_aFSaGCvYXXY,test,indomain,
9186,Waterskiing,After the kids go up and down on a bounce house and a young girl comes back and begins talking with her sound box in her hand.,a close up of a water go pro camera,After the kids go up and down on a bounce house and a young girl comes back and begins talking with her sound box in her hand. a close up of a water go pro camera,"['is comes to life with the little girl sitting on a bat.', 'is then shown and more people are shown in a water object being pulled by the boat.', 'focuses on a couple having fun indoors and the kids playing with their feet on bleachers on the far side of the gym.', 'image of reading person and a still shot tv show is shown.']",activitynet~v_aFSaGCvYXXY,test,indomain,
9200,Playing ten pins,"He goes into a bowling alley, where he picks up a ball and sends it flying down a lane, as it bounces back and rolls into the seating area. He then kicks it, throws it like a baseball, and bounces it off his head.",a man,"He goes into a bowling alley, where he picks up a ball and sends it flying down a lane, as it bounces back and rolls into the seating area. He then kicks it, throws it like a baseball, and bounces it off his head. a man","['is shown, one of the men with a camera, and they make small talk.', 'falls on the lane, crumpled up in pain.', 'runs down a lane to pick up the ball after flying the ball and throws it at a white ball.', 'from shoulders high is walking up with a bowling ball in hand.']",activitynet~v_aYSJn94g_Io,test,zeroshot,
9236,Fun sliding down,A man is holding a little kids hand helping them to the slide.,the kids,A man is holding a little kids hand helping them to the slide. the kids,"['goes down the slide.', 'jump on the slide going down and go diving.', 'slide down the ramp, then another couple raises their hands to the sky.', 'start sliding down the slope and there are some little kids behind them watching.']",activitynet~v_bc-DycGxV9E,test,indomain,
9237,Fun sliding down,A man is holding a little kids hand helping them to the slide. The kids goes down the slide.,the kid,A man is holding a little kids hand helping them to the slide. The kids goes down the slide. the kid,"['stands up and runs and then jumps back down.', 'tries climbing up the slide.', 'slides down backwards on a little wooden chair.', 'then pass to the other side.']",activitynet~v_bc-DycGxV9E,test,indomain,
9238,Fun sliding down,A man is holding a little kids hand helping them to the slide. The kids goes down the slide. The kid tries climbing up the slide.,the man,A man is holding a little kids hand helping them to the slide. The kids goes down the slide. The kid tries climbing up the slide. the man,"['runs through the parking lot.', 'holds the girl close to him.', 'pulls the kids and holds them.', 'picks the kid up and sets them on top of the slide again.']",activitynet~v_bc-DycGxV9E,test,indomain,
9239,Fun sliding down,The kid tries climbing up the slide. The man picks the kid up and sets them on top of the slide again.,the kid,The kid tries climbing up the slide. The man picks the kid up and sets them on top of the slide again. the kid,"['slides down the slide.', 'tries going up the slide once again.', 'jumps down and starts climbing down the slide again.', 'tries to climb up the slide once again.']",activitynet~v_bc-DycGxV9E,test,indomain,
9250,Springboard diving,A person is seen standing on the edge of a diving board jumping into a pool. People watch on the side as the girl takes another turn diving into the pool.,the girl,A person is seen standing on the edge of a diving board jumping into a pool. People watch on the side as the girl takes another turn diving into the pool. the girl,"['continues swimming around to the side.', 'jumps off and walks away.', 'dives several more times backwards into the pool while others continue to watch.', 'jumps over a beam and is seen flying through the air.']",activitynet~v_bvnXdr-Hre4,test,zeroshot,
9262,Playing flauta,"A girl talks holding a flute. Then, she plays the flute pressing the buttons.",after,"A girl talks holding a flute. Then, she plays the flute pressing the buttons. after","[', the girl talk showing her first position while playing the flute.', ', she continues playing the flute while blowing.', ', the girl stands and talks while playing.', ', the girl stops playing and talks.']",activitynet~v_cIaqen3kVIA,test,zeroshot,
9263,Playing flauta,"A girl talks holding a flute. Then, she plays the flute pressing the buttons. After, the girl stops playing and talks.",next,"A girl talks holding a flute. Then, she plays the flute pressing the buttons. After, the girl stops playing and talks. next","[', the girl resume playing the flute and after she end and smiles.', 'screen shows an online address.', ', the girl stops playing the flute and talks.', ', the girl plays beside other musicians playing guitars.']",activitynet~v_cIaqen3kVIA,test,zeroshot,
9272,Bungee jumping,A man prepares to jump from an elevated platform before finally bungee jumping over a narrow water source.,the man,A man prepares to jump from an elevated platform before finally bungee jumping over a narrow water source. the man,"['does a 360 somersault into the water, clearing the edge on one jump.', 'walks away as the crowds laugh.', 'takes a few deep breaths and drops backward, landing gracefully on the bottoms of the high wooden platform below him.', 'is standing on the edge of an elevated platform, high above a heavily forested environment with his torso wrapped in black straps and people in front of him preparing and strapping him up.']",activitynet~v_cY541XSdz50,test,zeroshot,
9274,Bungee jumping,The man laughs and bends his knees while holding onto a railing while another person in a black hat faces him from the side.,the man,The man laughs and bends his knees while holding onto a railing while another person in a black hat faces him from the side. the man,"['then tosses the hurling star directly over his fellow squarepants who are on the edge, and the bowler in black laughs.', 'continues walking and other participants are a step behind him.', 'jumps backwards and the person in front of him throws out the rest of his extended bungee cord as the man falls just above a narrow water source and bounces around suspended in the air by the bungee cord.', 'stand up with his upper body hanging over and hits the pole with his right hand and runs away from the camera.']",activitynet~v_cY541XSdz50,test,zeroshot,
9276,Blow-drying hair,A man blow dries a young child's hair. The man is sitting down.,the child,A man blow dries a young child's hair. The man is sitting down. the child,"['smiles while rubbing her hair dry.', 'sits behind the man.', 'does not appear to enjoy it.', 'leans forward and puts lipstick on her lips.']",activitynet~v_ccirM2NGwMA,test,indomain,
9277,Blow-drying hair,A man blow dries a young child's hair. The man is sitting down. The child does not appear to enjoy it.,the child,A man blow dries a young child's hair. The man is sitting down. The child does not appear to enjoy it. the child,"['is wearing a blue towel.', 'laughs and throws an object, including a comb, at the man.', 'smiles back and continues blowing the brush while the man comments.', 'is searching the ground at a hand drier.']",activitynet~v_ccirM2NGwMA,test,indomain,
9290,Rafting,We see people in raft going down a river.,they,We see people in raft going down a river. they,"['walk around the area with their tubes.', 'are going down a big waterfall.', 'stick their paddles handle through a hole in the raft.', 'hit a patch of rough water.']",activitynet~v_dBzWXTH5j00,test,zeroshot,
9291,Rafting,We see people in raft going down a river. They hit a patch of rough water.,they,We see people in raft going down a river. They hit a patch of rough water. they,"['move nearby looking scared.', 'stand up and walk down.', 'finish sarple the rapids.', 'hit a choppy part of the river.']",activitynet~v_dBzWXTH5j00,test,zeroshot,
9335,Using parallel bars,"In this video, a male instructor speaks to the camera in a gym.",a little boy,"In this video, a male instructor speaks to the camera in a gym. a little boy","['is showing how to spritz in a water flam bath.', ""is shown on beams as the instructor describes what he's doing."", 'is doing up his socks on a exercise exercise machine.', 'is on a brown mat, holding a stick at his end.']",activitynet~v_ez9pf35BMtc,test,indomain,
9338,Using parallel bars,The instructor continues speaking to the camera about what to watch out for. The boy then continues performing as his instructor's direction.,the video,The instructor continues speaking to the camera about what to watch out for. The boy then continues performing as his instructor's direction. the video,"['stops at the core point where the ring enters and the instruction high fives each other.', 'ends with the continuing smiling to the camera.', 'concludes with the instructions learned and the ending screen showing off the video footage.', 'ends with the instructor speaking to the camera summarizing what was discussed.']",activitynet~v_ez9pf35BMtc,test,indomain,
9368,Surfing,Two men are talking on the beach. A man practices surfing on the sand.,they,Two men are talking on the beach. A man practices surfing on the sand. they,"['speak as they surf.', 'go into the water and start surfing.', 'roll on the water towards the shore where the ocean meets the land.', 'surf back and forth.']",activitynet~v_foFFu7bY5ow,test,indomain,
9380,Shaving legs,A woman is seen kneeling down next to a man.,another person,A woman is seen kneeling down next to a man. another person,"['is shown pushing a shuffleboard and playing dodgeball.', 'walks in and out of frame while the man helps her.', 'also walks in and out of frame as the woman takes photographs with the other.', 'is seen kneeling nearby.']",activitynet~v_gOniW-yEZ0k,test,indomain,
9398,Playing badminton,A man hits a birdie with a racket and a girl picks it up.,the girl,A man hits a birdie with a racket and a girl picks it up. the girl,"['lowers the racket and walks to the camera.', 'walks to the other side then hits the birdie to the man.', 'cleans the floor, while the man is sitting on a chair.', 'throws balls at the birdie who catches them.']",activitynet~v_h-MWdTHW_Eg,test,indomain,
9438,Horseback riding,People in equestrian gear ride horses around a corral on a ranch. A horse stands in a barn with its head passing over the gate.,a girl,People in equestrian gear ride horses around a corral on a ranch. A horse stands in a barn with its head passing over the gate. a girl,"['runs in front of the horse and is quickly overtaken by a bull.', 'sits on a horse and pets its mane.', 'walks past the horse as the girl walks on the side and performs tricks.', 'ride behind the horse and talks.']",activitynet~v_hoyQ36EH1a8,test,indomain,
9455,Putting in contact lenses,A woman is seen speaking to the camera and leads into her putting a contact lens into her eyes.,she,A woman is seen speaking to the camera and leads into her putting a contact lens into her eyes. she,"['uses a brush to clean the lens and shows off the lens before speaking again.', 'puts her glasses on and a close up of her eyes are shown.', 'does this to both eyes and then looks at the camera smiling.', 'then put a glue all along the eye and wrapping it up.']",activitynet~v_iAQY-FHckIM,test,indomain,
9461,Mowing the lawn,A shot of a lawn mower is shown followed by a man walking into frame. The man pushes around a lawn mower along the yard cutting the grass.,the man,A shot of a lawn mower is shown followed by a man walking into frame. The man pushes around a lawn mower along the yard cutting the grass. the man,"['continues hitting chunks of grass along the yard while continuing to walk through the area.', 'continues to push the machine around the yard while the camera captures his movements.', 'continues adding portions of the lawn along with many other things.', 'continues raking the grass while using it in long strokes.']",activitynet~v_iHO42zwYsu0,test,indomain,
9507,Drinking coffee,"A car is seen driving around, coffee brewing, and a man awakening to an alarm.",the man,"A car is seen driving around, coffee brewing, and a man awakening to an alarm. the man","['shows off his coffee, then gets out of bed.', 'quickly drinks coffee and quickly rushes through his day and is seen running home.', 'wakes up several times, shaking on his bed.', 'is shaking, then putting a razor on himself.']",activitynet~v_j55LAXY-T0E,test,indomain,
9508,Drinking coffee,The man quickly drinks coffee and quickly rushes through his day and is seen running home.,shots of him finding his way,The man quickly drinks coffee and quickly rushes through his day and is seen running home. shots of him finding his way,"['back to the table and his shirts being put back on shows.', 'to the subway are shown as well as him running down stairs and out onto the rail of a subway when people are around to block his path.', 'are shown as well as drinking coffee and sleeping on his bed.', 'home and celebrating are shown at a club.']",activitynet~v_j55LAXY-T0E,test,indomain,
9531,Playing ten pins,There's a person in a red shirt and black shoes bowling in a bowling alley.,he,There's a person in a red shirt and black shoes bowling in a bowling alley. he,"['steps in the first time, holding the bowling ball in his right hand and aims for the pins and hits a strike.', 'is swinging at a bowling ball.', 'tries to make a bowling ball go into a bowling bin.', 'is dressed up as a chef as he approaches a stack of bowling balls.']",activitynet~v_jcQy1x8lDaQ,test,zeroshot,
9532,Playing ten pins,"He steps in the first time, holding the bowling ball in his right hand and aims for the pins and hits a strike.",then he,"He steps in the first time, holding the bowling ball in his right hand and aims for the pins and hits a strike. then he","['throws the ball into the air and then walks around the bowling ball and hits another strike.', 'comes back the second time with the bowling ball and aims directly at the pins after they are rearranged.', 'steps in the second time and hits the pins several more times.', 'flips the ball up and hits a strike in the pins over and over with the ball.']",activitynet~v_jcQy1x8lDaQ,test,zeroshot,
9533,Playing ten pins,Then he comes back the second time with the bowling ball and aims directly at the pins after they are rearranged.,he,Then he comes back the second time with the bowling ball and aims directly at the pins after they are rearranged. he,"['comes back with the next ball and throws it with a resounding do.', 'hits a strike again for the second time in a row.', 'throws two consecutive balls when the pins are rearranging.', 'touches each pin and rolls the ball in different directions until it is properly positioned.']",activitynet~v_jcQy1x8lDaQ,test,zeroshot,
9534,Playing ten pins,Then he comes back the second time with the bowling ball and aims directly at the pins after they are rearranged. He hits a strike again for the second time in a row.,the third time,Then he comes back the second time with the bowling ball and aims directly at the pins after they are rearranged. He hits a strike again for the second time in a row. the third time,"['he hits the pins aiming all at once.', 'is same as the first time, the pins continue to break down but then finally the end result is displayed as the pins are won.', 'is shown and the subject stops bowling then walks to the camera slightly confused.', 'when he returns, he throws the ball and hits a strike one more time.']",activitynet~v_jcQy1x8lDaQ,test,zeroshot,
9535,Playing ten pins,"He hits a strike again for the second time in a row. The third time when he returns, he throws the ball and hits a strike one more time.",when he,"He hits a strike again for the second time in a row. The third time when he returns, he throws the ball and hits a strike one more time. when he","['is done knocking down the looking card, he stands up tall demonstrating his position by holding his arms up in triumph.', 'hits one final time, the crowd screams in excitement.', 'returns the fourth time, he hits another strike by knocking down all the pins.', ""'s done there are three or four series of hits for him.""]",activitynet~v_jcQy1x8lDaQ,test,zeroshot,
9548,Smoking hookah,A man woman with long hair is seen poking at her cheeks and taking a puff out of a hookah.,she,A man woman with long hair is seen poking at her cheeks and taking a puff out of a hookah. she,"['looks down and puts her face in becoming serious and begins kissing herself.', 'pumps the hookah up and down her mouth, then blows it out.', 'then plays a different song on the hookah and begins blowing smoke out from the cheeks.', 'then blows smoke rings into the camera and looks down smiling.']",activitynet~v_jwndE_xn8sA,test,indomain,
9552,Knitting,A man is sewing a garment with a wool in a needle.,the man,A man is sewing a garment with a wool in a needle. the man,"['is playing the pipe, trying to play the rhythm.', 'pulls the material all the way up to the chest.', ""changes the piece to lady's hands."", 'pass the needle in the garment, and then pull the thread to join the pieces.']",activitynet~v_kQ7ensWEW08,test,indomain,
9554,Springboard diving,A man wipes his face with a towel. He jumps on a diving board and does a back flip into the water.,he,A man wipes his face with a towel. He jumps on a diving board and does a back flip into the water. he,"['stays on the board, back flipping, and then swimming away.', 'surfaces and gets out of the pool.', 'lands gently on a sandy pool.', 'gets out of the water and rubs off all over his face.']",activitynet~v_kSdWy3subNE,test,zeroshot,
9555,Doing step aerobics,Several people are in a gym doing step aerobics while being accompanied by music.,several people,Several people are in a gym doing step aerobics while being accompanied by music. several people,"['are joined in on a dance by a woman and people that stand around her.', 'are in a classroom demonstrating steps.', 'take a pause as they try to catch on to the movements.', 'are outdoors at a gym dressed up in gym clothes near a wooded area.']",activitynet~v_kWN4zFblj6o,test,zeroshot,
9593,Welding,A man in a blue shirt is wearing brown gloves and sitting in a chair.,he,A man in a blue shirt is wearing brown gloves and sitting in a chair. he,"['and a row of other men are a doing their exercises in an outdoor pool playing volley ball.', 'drinks from a can of cola and sets it down.', 'lifts a brown eye contact lens to his eye.', 'is holding a tool in his hand.']",activitynet~v_lFlQ_xWVt8M,test,indomain,
9601,Washing dishes,A view is shown of a person inside a bathroom. A woman dips a hose into a large tub.,she,A view is shown of a person inside a bathroom. A woman dips a hose into a large tub. she,"['appears to be cleaning supplies.', 'sprays it on the furniture.', 'uses the hose to squirt alcohol over her face.', 'scrubs a rag along a floor.']",activitynet~v_lKSlIMfWZXI,test,zeroshot,
9616,Peeling potatoes,"There is a small dog standing next to the garbage can, but the camera turns so the dog isn't shown.",then someone,"There is a small dog standing next to the garbage can, but the camera turns so the dog isn't shown. then someone","['is seen tying up a small clip in the palm of the hand.', ""comes in and starts dumping brown boot and that's when we see the little dog jump in surprise and the camera turns back."", 'throws a cucumber into the trash.', ""walks in while holding flamin' hot funyun chips in their hand.""]",activitynet~v_lgu-DBDWlEs,test,zeroshot,
9627,Chopping wood,"The man walks towards the pile of woods and pick up a long and big branch, put it on top of a big log and axe it in half while his dog is sitting by the pile of logs watching.",the log,"The man walks towards the pile of woods and pick up a long and big branch, put it on top of a big log and axe it in half while his dog is sitting by the pile of logs watching. the log","['back on the pile of logs lays on the floor, also one log is split into square pieces and left on top of the pile, replaced by another.', 'is hanging from the top bracket of the large log.', 'was cut in half, he moved the other half away, and the other half he put it on the center of two logs and axe it in half.', ""then almost falls over after being hit by another large hollow log as it falls on top of the smaller log while the older man picks it up and until it's ready he slams both of old logs against a smaller pile.""]",activitynet~v_m6yPz9fHJnY,test,indomain,
9628,Chopping wood,"The log was cut in half, he moved the other half away, and the other half he put it on the center of two logs and axe it in half.",the log,"The log was cut in half, he moved the other half away, and the other half he put it on the center of two logs and axe it in half. the log","['that is is fastened in the pit got a lot of a snow on it.', 'is split in half and beige his hand to split the pieces.', 'ends up on top of the coffin.', 'was axe in half, then he picked up another slimmer log, cut it on the sides and cut it in half.']",activitynet~v_m6yPz9fHJnY,test,indomain,
9630,Chopping wood,"He put the axe on the big log, the man went away to get another log, put it on top of the log and axe it in half.",he,"He put the axe on the big log, the man went away to get another log, put it on top of the log and axe it in half. he","['started to cut the log and put the top onto it.', 'break ax on log, then he put logs on the top of the log to make the log more heavy.', 'got a new log in the log and he cut the log in half and then put the axe on the log.', 'finished cutting the first half, he moved to the second half of the log.']",activitynet~v_m6yPz9fHJnY,test,indomain,
9631,Chopping wood,"He put the axe on the big log, the man went away to get another log, put it on top of the log and axe it in half. He finished cutting the first half, he moved to the second half of the log.",he,"He put the axe on the big log, the man went away to get another log, put it on top of the log and axe it in half. He finished cutting the first half, he moved to the second half of the log. he","['went back to cut the log and at around five in the afternoon a fire started.', 'finish his cut and was shown inside the log, he picks the axe and pull the axe and put it on the log.', 'went away, took another small log, cut it in half and put them away.', 'burn the log with the flat pail but he did not finish the log, he walked back and said hello to the man.']",activitynet~v_m6yPz9fHJnY,test,indomain,
9632,Chopping wood,"He finished cutting the first half, he moved to the second half of the log. He went away, took another small log, cut it in half and put them away.",the,"He finished cutting the first half, he moved to the second half of the log. He went away, took another small log, cut it in half and put them away. the","['took a bigger log and cut it in half, put it away.', 'log was cut, then it was cleaned, cleaned, and then it is packed in a container gathered from the sidewalk.', 'next cut he cut was over my face.', 'man stood up, put his hands behind his head high atop it, stood on the log and fell to the ground, then he started hitting himself on one knee and throwing it into the air.']",activitynet~v_m6yPz9fHJnY,test,indomain,
9633,Chopping wood,"He went away, took another small log, cut it in half and put them away. The took a bigger log and cut it in half, put it away.",the dog,"He went away, took another small log, cut it in half and put them away. The took a bigger log and cut it in half, put it away. the dog","['however was taken away away and shown outside.', 'lay on the ground sleeping while the man cut the logs and put it in a neat pile.', 'came back, bring the log and then sit on the log next to the fire and stare at the flames.', 'came and ried the logs, he sat on the log with his stick.']",activitynet~v_m6yPz9fHJnY,test,indomain,
9648,Playing field hockey,A senior photo of a girl holding a rose is shown.,then we,A senior photo of a girl holding a rose is shown. then we,"['see a team of lacrosse players on a field, a green arrow pointing to the girl from the photo.', 'see families, children, and cars moving throughout the store.', 'see an outdoors scene with kids.', 'see her standing in the river performing stunts.']",activitynet~v_mhYFpct97UE,test,zeroshot,
9649,Playing field hockey,"Then we see a team of lacrosse players on a field, a green arrow pointing to the girl from the photo.",the girls,"Then we see a team of lacrosse players on a field, a green arrow pointing to the girl from the photo. the girls","['perform a hand stand while talking and then walk off the field.', 'run to kick a blue ball.', 'run up a set of stairs toward the goal, sprinting as fast as they can while keeping the ball.', 'play heavily, chasing the ball around the field.']",activitynet~v_mhYFpct97UE,test,zeroshot,
9650,Playing field hockey,"Then we see a team of lacrosse players on a field, a green arrow pointing to the girl from the photo. The girls play heavily, chasing the ball around the field.",each time the girl appears,"Then we see a team of lacrosse players on a field, a green arrow pointing to the girl from the photo. The girls play heavily, chasing the ball around the field. each time the girl appears","[', she has two arrows pointing to the center of her chest, only to be cut off.', ', they hit the ball with their sticks and pause for a moment.', ', an arrow points to her in the group.', 'the goalie poses for a picture.']",activitynet~v_mhYFpct97UE,test,zeroshot,
9651,Playing field hockey,Two team play hurling kicking the ball with a stick.,a player with red shirt,Two team play hurling kicking the ball with a stick. a player with red shirt,"['hits the ball barrelling to the opposing team bench.', 'throws the ball and the other teams scores and run to replay.', 'gets upset and runs to the other team, then everyone jumps and hug.', 'hit the ball to the goal.']",activitynet~v_mkK9iEzRrqQ,test,zeroshot,
9660,Playing flauta,A woman is standing up playing a flute.,she,A woman is standing up playing a flute. she,"['stops playing then begins dancing faster.', 'stops playing after she stenches up her notes.', 'is dancing while playing the flute.', 'is using sticks to play the violin.']",activitynet~v_n25mDmcBC6E,test,zeroshot,
9683,Playing saxophone,We see the white opening screen. We see a man talking to a camera while holding a sax.,the man,We see the white opening screen. We see a man talking to a camera while holding a sax. the man,"['plays the sax and gives instructions.', 'puts the sax away and we see the closing screen.', 'demonstrates fighting techniques and the facing man points at the sax and talks to the camera.', 'spins the sax very fast.']",activitynet~v_nXNczyQpljQ,test,indomain,
9684,Playing saxophone,We see a man talking to a camera while holding a sax. The man plays the sax and gives instructions.,we,We see a man talking to a camera while holding a sax. The man plays the sax and gives instructions. we,"['see the screen switch to black and white.', 'see men perform attacked moves in a club.', 'see the man shooting the sax and eating.', 'see the man adjust the mouthpiece.']",activitynet~v_nXNczyQpljQ,test,indomain,
9686,Playing saxophone,The man plays the sax and gives instructions. We see the man adjust the mouthpiece. The man jostles his jaw back and fourth.,we,The man plays the sax and gives instructions. We see the man adjust the mouthpiece. The man jostles his jaw back and fourth. we,"['see the ending screen din high.', 'watch the play again.', 'zoom in on the mans hands as he pushes keys the man finishes playing and smiles.', 'see the ending title card.']",activitynet~v_nXNczyQpljQ,test,indomain,
9709,Curling,A close up of ice is seen followed by people moving around on the ice.,one player,A close up of ice is seen followed by people moving around on the ice. one player,"['skates over to another and begins playing water polo.', 'is seen playing the game while singing a song along to the camera.', 'then speaks to the camera.', 'kneels down before a puck and pushes it out onto the ice.']",activitynet~v_o0cVs7THLi8,test,zeroshot,
9717,Starting a campfire,A close up of trees are shown followed by a person kicking leaves and laying down objects.,a man,A close up of trees are shown followed by a person kicking leaves and laying down objects. a man,"['then takes off a large tent and puts a bucket inside while taking a shower.', 'is then seen rubbing his hands, pitching a tent, and laying stacks of wood together to create a fire.', 'then pushes the objects down against the side while squatting down with the camera following along behind him.', 'is seen speaking to the camera and then putting supplies down on a table as well as playing rock paper scissors.']",activitynet~v_o8qR72Ymru8,test,indomain,
9718,Starting a campfire,"A man is then seen rubbing his hands, pitching a tent, and laying stacks of wood together to create a fire.",the man,"A man is then seen rubbing his hands, pitching a tent, and laying stacks of wood together to create a fire. the man","['talks while he is seated, creating meat on a canvas over the fire.', 'then spits out the contents of the tent onto the ground and begins smoking, the fire spreading throughout.', 'has trouble lighting the fire when another person comes in and also attempts to light a fire.', 'is seen again, climbing onto a stretcher and speaking to the camera.']",activitynet~v_o8qR72Ymru8,test,indomain,
9719,Starting a campfire,The man has trouble lighting the fire when another person comes in and also attempts to light a fire.,the men,The man has trouble lighting the fire when another person comes in and also attempts to light a fire. the men,"['are embarrassed and they all make gestures as they walk away.', 'continue to hit the flame crazy with sticks.', 'continue trying and eventually get the fire going with another boy walking into frame and leaving unimpressed.', 'then have a conversation that keep going for a while.']",activitynet~v_o8qR72Ymru8,test,indomain,
9734,Putting in contact lenses,Flowers are shown on the screen. A woman is taking a contact out of her eye.,she,Flowers are shown on the screen. A woman is taking a contact out of her eye. she,"['makes touch ups with her eyes.', 'holds it up and paints it with a black substance.', 'then shows the contact on her finger.', 'gets a contact put in and rubs it on a tissue.']",activitynet~v_oey6DFvL9Xk,test,indomain,
9762,Swinging at the playground,There is a cute baby girl who's name is jessica and she is swinging on a little baby swing right in the garden near her house.,after a while of the baby swinging,There is a cute baby girl who's name is jessica and she is swinging on a little baby swing right in the garden near her house. after a while of the baby swinging,"['back and forth, the little girl stops swinging and comes over so they switch places and he continues swinging and playing with the little girl.', ', she gets herself in position and finally gets ready to swing.', ', her dad appears and begins talking to her in a foreign language as she is swinging very energetically, he seems to have a big rhythm with her standing herself and then is standing down holding her baby.', ', she gets put into her play pin where she just stands up and smiles.']",activitynet~v_psgIH8U1adg,test,zeroshot,
9781,Playing flauta,A girl walks over in front of a stand with music.,she,A girl walks over in front of a stand with music. she,"['begins to play the accordion in front of her while she sings in a high octave.', 'is holding a flute, which she then begins to play.', 'picks up an accordion and thinks for a long time.', 'starts playing the violin and leads a class.']",activitynet~v_r1mrueEHDDE,test,zeroshot,
9782,Playing flauta,"A girl walks over in front of a stand with music. She is holding a flute, which she then begins to play.",when she,"A girl walks over in front of a stand with music. She is holding a flute, which she then begins to play. when she","['is done, she lowers the flute away from her mouth and walks over to the camera.', 'gets to the end, she pumps her fist and finishes and a towel is thrown.', 'is finished, it is her turn.', 'finishes she has her mouth open and she sticks out her tongue in excitement.']",activitynet~v_r1mrueEHDDE,test,zeroshot,
9806,Painting fence,A group of boys are outside a fence.,they,A group of boys are outside a fence. they,"['are using paint brushes to paint the fence together.', 'are engaged in various obstacles and adventures.', 'are using welding equipment and buckets to cover the metal fence.', 'are using fencing equipment.']",activitynet~v_s4Ryxk3TxKA,test,zeroshot,
9807,Painting fence,A group of boys are outside a fence. They are using paint brushes to paint the fence together.,they,A group of boys are outside a fence. They are using paint brushes to paint the fence together. they,"['punch the paint together using their index fingers.', 'are using white paint, and getting into the corners.', 'continue painting, cutting the edges off.', 'use paintballs to paint the fence.']",activitynet~v_s4Ryxk3TxKA,test,zeroshot,
9813,Brushing hair,"A woman washes the hair of a lady, after she applies a cream and rub the hair.",then,"A woman washes the hair of a lady, after she applies a cream and rub the hair. then","[', the woman takes out roll of hair gel, and applies chocolate syrup.', ', the woman dry, cut the hair with a squeaker, and afterward make a wig.', ', the woman rinses under an electric shaver and then dries it.', ', the woman combs the hair of the lady with an electric comb dryer to straighten the hair.']",activitynet~v_sMITf5WBIxM,test,zeroshot,
9815,Brushing hair,"Then, the woman combs the hair of the lady with an electric comb dryer to straighten the hair. After, the woman uses an iron comb and a regular comb and to continues straighten the hair.",the lady,"Then, the woman combs the hair of the lady with an electric comb dryer to straighten the hair. After, the woman uses an iron comb and a regular comb and to continues straighten the hair. the lady","['quietly takes the comb remove the pieces of the hair from the head and continues combing the bottom of the head with the straight brushed comb.', 'turns the color of her hair and continues combing the hair dryer.', 'smiles and shows her new look.', 'drops the brushing brush with two rings of it and use it to dry the hair.']",activitynet~v_sMITf5WBIxM,test,zeroshot,
9858,Making a cake,A chef adjust the cake pan into place and feels the top of a cake to check firmness.,the chef,A chef adjust the cake pan into place and feels the top of a cake to check firmness. the chef,"['gets up and walk to the sink, sinks in the sink and paints then mashes the cake.', 'places a present on top of the cake and takes a bite.', 'breaks the cream in half and pours the cream over the halves.', 'uses a spatula to spread icing over the cake.']",activitynet~v_t7WI6H6UVG4,test,indomain,
9859,Making a cake,A chef adjust the cake pan into place and feels the top of a cake to check firmness. The chef uses a spatula to spread icing over the cake.,the chef,A chef adjust the cake pan into place and feels the top of a cake to check firmness. The chef uses a spatula to spread icing over the cake. the chef,"['uses a ruler to guide a knife scoring the icing.', 'moves the mixer and when complete the cake reheats and then pours frosting on the top, the plate and spatula and is placed beside the cake.', 'pours dressing over the icing to curbing it.', 'dips the spatula into icing to either butter or sugar, one spoonfuls at a time.']",activitynet~v_t7WI6H6UVG4,test,indomain,
9860,Making a cake,The chef uses a spatula to spread icing over the cake. The chef uses a ruler to guide a knife scoring the icing.,the chef,The chef uses a spatula to spread icing over the cake. The chef uses a ruler to guide a knife scoring the icing. the chef,"['removes the fork from the cake.', 'cuts the cake along the score lines and the finished cake is seen in pieces.', 'puts lye on top of the cake.', 'uses a spoon to turn the cake pieces.']",activitynet~v_t7WI6H6UVG4,test,indomain,
9892,Making a cake,"The woman with apron is standing next to the counter. The sifted the flour, mixed the chocolate and turned on the oven.",the woman,"The woman with apron is standing next to the counter. The sifted the flour, mixed the chocolate and turned on the oven. the woman","['placed the women add of the original batch to the pan.', 'started to cook the cooked chocolate.', 'add hot water in the chocolate, sieved the flour in a bowl, add vanilla extract, pour sugar and egg and butter, oil and chocolate mixture.', 'put the flour in in two glasses with ice in them.']",activitynet~v_twJ2uE1GS2I,test,indomain,
9893,Making a cake,"The woman add hot water in the chocolate, sieved the flour in a bowl, add vanilla extract, pour sugar and egg and butter, oil and chocolate mixture.",the woman,"The woman add hot water in the chocolate, sieved the flour in a bowl, add vanilla extract, pour sugar and egg and butter, oil and chocolate mixture. the woman","['mixed all the ingredients put it in a pan and put in the oven.', 'adds chocolate syrup and mix in the bowl, she adds some cinnamon, spread the sticky substance on top and then there are chocolate chips, cut into mini grapes and top with some flour, put the cake on the plate.', 'take some pickles, onions, lettuce, tree dressing, lettuce leaves and mix all together in a bowl, add black sugar and blended.', 'add chopped lettuce leaves in the pan along with green peppers.']",activitynet~v_twJ2uE1GS2I,test,indomain,
9916,Futsal,A close up of a ball is shown as well as people watching on the sides as the men continue to kick the ball up and down the field.,in the end,A close up of a ball is shown as well as people watching on the sides as the men continue to kick the ball up and down the field. in the end,"['the men bow down before going back into action with the ball and the people cheering behind them.', 'several men are shown walking up and cutting the ball while others cheer on the side.', ', a man does a handstand on the field who then walks over to the ball, kicks it and walks away and it turns back into camera focus.', 'several shots are shown of people scoring goals.']",activitynet~v_unFlcSwdDFc,test,indomain,
9919,Tennis serve with ball bouncing,A brown sandy tennis court is shown and two male individuals begin playing the sport.,as they,A brown sandy tennis court is shown and two male individuals begin playing the sport. as they,"['play, the crowd cheers for them and the ball is dropped.', 'play, they kick the balls back and forth towards the net and keep hitting until one or the other hits the ball.', 'continue tossing the balls, one individual comes near them and briefly knocks one of the players to the floor and the action intensifies.', 'continue their game picture appears and rind of a man in the middle of the court.']",activitynet~v_uz04njTFKP8,test,indomain,
9920,Tennis serve with ball bouncing,"A brown sandy tennis court is shown and two male individuals begin playing the sport. As they play, the crowd cheers for them and the ball is dropped.",one of the male,"A brown sandy tennis court is shown and two male individuals begin playing the sport. As they play, the crowd cheers for them and the ball is dropped. one of the male","[', picks the balls up and restarts the game and the yellow logo for the world tour appears again.', ""'s team mates strikes out and a replay is shown from a previous match."", 'athletes briefly loses his grip on the ball and bends down to grab it but retrieves it.', 'players manages to make a run but is unable to make it across the net and is shown again several times, blowing the whistle on his racket in the end.']",activitynet~v_uz04njTFKP8,test,indomain,
9932,Waterskiing,A person is shown jumping off a jump on water skis as well as people reacting and scoring his jump.,more people jumping,A person is shown jumping off a jump on water skis as well as people reacting and scoring his jump. more people jumping,"['off a jump as well as a skier before he slides back out a couple of times.', 'off as well as photos of other people, one of the screens is shown with a racing water ski logo on it.', ""off race boats as well as scores for one's jump."", 'are shown as well as people watching on the side lines.']",activitynet~v_v621l04N1QQ,test,indomain,
9951,Riding bumper cars,"Two girls drive bumper cars and they get stuck with a bumper car of a boy, then they free and continue riding. The bumper car of the girls can not move then a person help them to continue riding.",the girls,"Two girls drive bumper cars and they get stuck with a bumper car of a boy, then they free and continue riding. The bumper car of the girls can not move then a person help them to continue riding. the girls","['continue to drive the bumper cars until they reach the bank of a stream, then they continue driving together.', 'drive around the neighborhood trying to avoid the bumper cars filling up the street and bumping the trailers parked in front of the cars.', 'drives behind the boy, then turn around and continue riding around.', 'stop stopping and the boy helps them out of their bumper car.']",activitynet~v_wB9LBEHR5-c,test,zeroshot,
9957,Welding,The camera is showing an arc welder in a shop.,a man,The camera is showing an arc welder in a shop. a man,"['is using the welder to cut ice in a pot.', 'approaches the arc welder and begins using it to weld some metal bars.', 'with a balaclava blows paper off of a car.', 'uses a hammer to weld a piece into a shape.']",activitynet~v_wPYr19iFxhw,test,indomain,
9959,Welding,A man approaches the arc welder and begins using it to weld some metal bars. The man shows the metal bar to the camera.,the man,A man approaches the arc welder and begins using it to weld some metal bars. The man shows the metal bar to the camera. the man,"['goes down and does a spin.', 'stops welding and takes a breather.', 'then takes it down and holds it up for the camera.', 'sets the bar down and begins welding it again.']",activitynet~v_wPYr19iFxhw,test,indomain,
9960,Changing car wheel,A woman is seen speaking to the camera in front of a car and leads into the back of a truck and her pulling out a tire.,she,A woman is seen speaking to the camera in front of a car and leads into the back of a truck and her pulling out a tire. she,"['cleaning the tire off the truck and wipes the excess goo off the car.', 'then heats metal and wipes it off on a towel before using it on a car.', 'then instructs how to properly change a tire by using a jack, taking the old tire off, and screwing the new one in.', ""then puts the tire onto the boy's side as well as the rear one on his neck and spins him around.""]",activitynet~v_wTBJ4PRnU4k,test,zeroshot,
9961,Changing car wheel,"She then instructs how to properly change a tire by using a jack, taking the old tire off, and screwing the new one in.",she,"She then instructs how to properly change a tire by using a jack, taking the old tire off, and screwing the new one in. she","['puts a padlock on the tire, plus a rod to tighten it, back and steer the wheel, not screw it in.', 'unscrews the jack and puts it back in the car, ending with her speaking to the camera.', 'shows off the tire brand while walking back to the car.', 'replaces the jack properly and puts on the new tires.']",activitynet~v_wTBJ4PRnU4k,test,zeroshot,
10028,Washing dishes,A woman is standing over a sink doing dishes. She takes a drink out of a wine glass. She continues doing dishes in the sink.,she,A woman is standing over a sink doing dishes. She takes a drink out of a wine glass. She continues doing dishes in the sink. she,"['points to the end where a black screen is shown.', 'becomes animated with dresses.', 'talks to the camera again.', 'looks out the window in front of her.']",activitynet~v_y7i-jRmrwnI,test,zeroshot,
10087,Making an omelette,Someone puts onions in the skillet and beats eggs and other ingredients into a bowl before adding them to the skillet too.,he,Someone puts onions in the skillet and beats eggs and other ingredients into a bowl before adding them to the skillet too. he,"['then shows you the chicken and finishes by taking the eggs and putting in the fridge.', 'flips the eggs, making an omelette.', 'does this repeatedly until the omelet is set on a plate.', 'cleans the skillet while adding cheese, veggies, and chicken into the skillet.']",activitynet~v_-AUKiMfqga4,test,zeroshot,
10088,Making an omelette,"Someone puts onions in the skillet and beats eggs and other ingredients into a bowl before adding them to the skillet too. He flips the eggs, making an omelette.",he,"Someone puts onions in the skillet and beats eggs and other ingredients into a bowl before adding them to the skillet too. He flips the eggs, making an omelette. he","['flips the omelette gently onto a plate for serving.', 'scrapes off the egg and pours it into the bowl on the skillet.', 'puts a cinnamon roll in the skillet to bake.', 'puts pickles, cheese, onions and pepper in the eggs the mirror.']",activitynet~v_-AUKiMfqga4,test,zeroshot,
10090,Changing car wheel,There's a woman with a hand tattoo and red painted nails attaching and screwing a parts in the trunk of a car to attach the spare tire. Then she places the spare tire into the metal case.,she,There's a woman with a hand tattoo and red painted nails attaching and screwing a parts in the trunk of a car to attach the spare tire. Then she places the spare tire into the metal case. she,"['then puts tape over a wheel of the tire and attaches a parking brake pad in place.', 'then walks away while identification is given to her and she heads back to the car.', 'puts the accordion and the machine together and attaches the spare tire on and listens to music.', 'takes the plastic dial and screws it in securely to fit the spare tire in the trunk.']",activitynet~v_-ApIBtH_pVc,test,zeroshot,
10091,Changing car wheel,Then she places the spare tire into the metal case. She takes the plastic dial and screws it in securely to fit the spare tire in the trunk.,she,Then she places the spare tire into the metal case. She takes the plastic dial and screws it in securely to fit the spare tire in the trunk. she,"['takes the other rafter and squeezes it in securely before driving away.', 'take a wire and plug it into the tire.', 'places the cover over the tire inside the trunk.', 'gets the lug nuts and takes the fit off the tire.']",activitynet~v_-ApIBtH_pVc,test,zeroshot,
10122,Futsal,A small white ball dashed out into the court and hits a player smack dab in the head.,another player,A small white ball dashed out into the court and hits a player smack dab in the head. another player,"['is hit in the head with the ball and is slapped for walking and left alone.', 'then steals the ball and starts kicking it until its more into his control, and kicks it straight into the goal.', 'walks up from behind to strike a back hand down.', 'does the same thing in the middle of the court but the ball never enters the basket.']",activitynet~v_-b2lkhdJXf4,test,indomain,
10123,Futsal,"Another player then steals the ball and starts kicking it until its more into his control, and kicks it straight into the goal.",a small replay,"Another player then steals the ball and starts kicking it until its more into his control, and kicks it straight into the goal. a small replay","['is then replayed in slow motion of the ref looking over his shoulder.', 'shows how he managed to kick it in there.', 'shortly thereafter displays several more players throwing a ball during a game requiring a replay.', 'begins of the final game where the player catches it and runs with it to high five a teammate.']",activitynet~v_-b2lkhdJXf4,test,indomain,
10124,Futsal,"A short montage of similar moves, the player kicking a ball straight into the goal.",a short amount of footage,"A short montage of similar moves, the player kicking a ball straight into the goal. a short amount of footage","['begins of other players lacrosse team sprinting to take their shot and running into a crowd.', 'of opposing teams features a man in a suit in front and behind.', 'shows how the player reacts to his own shot.', ""of the participating player's coach who sits in front of a desk.""]",activitynet~v_-b2lkhdJXf4,test,indomain,
10125,Drinking beer,A man is seen drinking out of a cup held by a woman who is also drinking from a bottle.,the two,A man is seen drinking out of a cup held by a woman who is also drinking from a bottle. the two,"['then begin fighting over the cup in front of them.', 'continue dancing around and end by holding a pose and mercedes panned around the room.', 'then drink from more bottles while playing with one another over and over and laughing in the end.', 'continue drinking as others record them and then stop immediately.']",activitynet~v_-cApkmTI3F8,test,indomain,
10134,Making a lemonade,"A teen boy is standing in a kitchen, holding a pitcher and talking.",he,"A teen boy is standing in a kitchen, holding a pitcher and talking. he","['pours two shots of alcohol in a glass, then spins it in he hands.', 'pours water into a glass, then cleaning the glass with a rag.', 'fills the pitcher with water at the sink.', 'grabs a red sponge and begins mixing ingredients, grinding them into balls.']",activitynet~v_-fuvIQpA-QQ,test,indomain,
10135,Making a lemonade,"A teen boy is standing in a kitchen, holding a pitcher and talking. He fills the pitcher with water at the sink.",he,"A teen boy is standing in a kitchen, holding a pitcher and talking. He fills the pitcher with water at the sink. he","['then dumps the wet water out onto a rag on the counter.', 'pours ingredients into a blender in the pitcher.', 'then mixes a powder into the water, creating a drink mix.', 'bottoms out a glass with a disposable cup.']",activitynet~v_-fuvIQpA-QQ,test,indomain,
10136,Making a lemonade,"He fills the pitcher with water at the sink. He then mixes a powder into the water, creating a drink mix.",he,"He fills the pitcher with water at the sink. He then mixes a powder into the water, creating a drink mix. he","['then brings the pitcher to the sink where he takes the drink and pours it in.', 'ads alcohol, then drinks from the pitcher to test the flavor.', 'squeezes the drink and drains it in a blue glass.', 'pours the mixture into a matching pitcher of water.']",activitynet~v_-fuvIQpA-QQ,test,indomain,
10165,Spread mulch,A woman in a black shirt and glasses talks to the camera. People are raking the dirt around. Different people are talking to the camera.,the people,A woman in a black shirt and glasses talks to the camera. People are raking the dirt around. Different people are talking to the camera. the people,"['continue pulling more dirt on a machine.', 'continue to landscape at the park.', ""now have rakes and blue buckets for when they're in a field."", 'on the mound pick up the dirt around the woman.']",activitynet~v_0-kEI13BtcY,test,indomain,
10182,Tug of war,"There are a lot of people indoors in a large building walking, or hanging out, and the banner below say's ""what in the world? china's national tug-of-war championships"" and he logo on the right say's ""east sports west"".",there,"There are a lot of people indoors in a large building walking, or hanging out, and the banner below say's ""what in the world? china's national tug-of-war championships"" and he logo on the right say's ""east sports west"". there","['is a group of boys hanging out at a baseball game holding trophy and waiting to play against an obama is president when a player gets hit with a ball from the center of the game.', 'is a guy with another guy wearing olympic style burgandy sweaters and very long white shorts who is holding a wobbling purple rope in his hand.', 'are two sets of people along a rope and they are separated in the middle by referees.', 'are various bowler bowler wearing suits standing their ground as they speak to the crowd in the large gymnasium where all of the players are waiting to begin playing.']",activitynet~v_0IxId05Eo6k,test,zeroshot,
10183,Tug of war,"There are a lot of people indoors in a large building walking, or hanging out, and the banner below say's ""what in the world? china's national tug-of-war championships"" and he logo on the right say's ""east sports west"". There are two sets of people along a rope and they are separated in the middle by referees.",they,"There are a lot of people indoors in a large building walking, or hanging out, and the banner below say's ""what in the world? china's national tug-of-war championships"" and he logo on the right say's ""east sports west"". There are two sets of people along a rope and they are separated in the middle by referees. they","['tie the rope with the the other pair in the middle.', 'take a bow, pick up the rope, and each team begins to tug on the rope until a winner is called.', 'then pull with the two teams one at a time.', 'start tug-of-war and luckily the man on the left wins and when he raises his hand he claps.']",activitynet~v_0IxId05Eo6k,test,zeroshot,
10184,Tug of war,"They take a bow, pick up the rope, and each team begins to tug on the rope until a winner is called.",a woman referee,"They take a bow, pick up the rope, and each team begins to tug on the rope until a winner is called. a woman referee","['is now standing with her two arms up and she lets them down to indicate that the two teams can start tugging on the rope, and they do until she blows a whistle to indicate the winner.', 'steps into frame, then another team member and not scot free on a pair of fancy tennis shoes.', 'is standing by and watches the finish line of events.', 'runs forward, and the crowd cheers him on.']",activitynet~v_0IxId05Eo6k,test,zeroshot,
10185,Tug of war,"A woman referee is now standing with her two arms up and she lets them down to indicate that the two teams can start tugging on the rope, and they do until she blows a whistle to indicate the winner.",two short clips,"A woman referee is now standing with her two arms up and she lets them down to indicate that the two teams can start tugging on the rope, and they do until she blows a whistle to indicate the winner. two short clips","['appear highlighted that explains the competition competition such as building, horses, horses, horses competing, and running all over the field.', 'of people playing basketball are shown that ends with back bumps and smiles.', 'are then shown of the participants as they pull hard on the rope to get more leverage and a man does a back flip to the other end of the rope.', ""play and it shows a womens tug-of-war match, then a mens but it doesn't show much and then it goes straight to outdoor shots of the city and text on the screen appear with the network logo, website, and rights of the video.""]",activitynet~v_0IxId05Eo6k,test,zeroshot,
10213,Changing car wheel,A green race car comes into a pit stop.,the man with the jack,A green race car comes into a pit stop. the man with the jack,"['knife pulls out a dartboard, its attachments are transferred.', 'lifts the car up.', '- o-lantern gets out, grabs a shovel and runs to shovel the snow.', '- o-lantern starts talking to a large crowd, raised his hand and started to walk the pigshift to the gate.']",activitynet~v_0vCynjlkM5A,test,zeroshot,
10214,Changing car wheel,A green race car comes into a pit stop. The man with the jack lifts the car up.,the pit crew,A green race car comes into a pit stop. The man with the jack lifts the car up. the pit crew,"['begins to work on the car by changing the front and rear tires of the car.', 'comes out to help the man on top of the car.', 'puts the car into a dodge ram to get it warmed up.', ""can't lift the car, so the driver has to assist them.""]",activitynet~v_0vCynjlkM5A,test,zeroshot,
10215,Changing car wheel,The pit crew begins to work on the car by changing the front and rear tires of the car.,the jack man,The pit crew begins to work on the car by changing the front and rear tires of the car. the jack man,"['then takes the jack out as a man in a pink shirt comes in front of the camera.', 'alternate between men sanding off the front rim and the back tire.', 'starts to print the rims of the car with a small jack cutter.', 'continues to look to his phone trying to keep track of the time as he works.']",activitynet~v_0vCynjlkM5A,test,zeroshot,
10226,Playing congas,A man in a white shirt and hat is sitting down.,he,A man in a white shirt and hat is sitting down. he,"['is playing two drums in front of him.', 'is using a mop to scrub the floor underneath the mop.', 'stands up in the chair and starts to play a saxophone.', 'stands up and throws darts at a dart board.']",activitynet~v_0wpStx2JuS4,test,indomain,
10231,Putting on makeup,There's a woman with short brown hair doing makeup tutorial.,she,There's a woman with short brown hair doing makeup tutorial. she,"['is demonstrating how to apply lip gloss using pink lip gloss and blow drys her mouth and turns off her phone.', 'is using a beautiful, flat and hypnotically shaped box to help her with her eye makeup.', 'begins by wearing a headband to keep her hair out of her face.', 'opens an eye patch and starts doing cheek wipes.']",activitynet~v_13hdhdieZuc,test,indomain,
10232,Putting on makeup,There's a woman with short brown hair doing makeup tutorial. She begins by wearing a headband to keep her hair out of her face.,then she,There's a woman with short brown hair doing makeup tutorial. She begins by wearing a headband to keep her hair out of her face. then she,"['puts on a black cover up to cover part of her face.', 'catches the girls eye and adds shadow, put lipstick and brings it to her face.', 'starts applying some foundation all over her face and blends it in.', 'ties all the braids that go through her hair back together until everything is perfect.']",activitynet~v_13hdhdieZuc,test,indomain,
10233,Putting on makeup,She begins by wearing a headband to keep her hair out of her face. Then she starts applying some foundation all over her face and blends it in.,then she,She begins by wearing a headband to keep her hair out of her face. Then she starts applying some foundation all over her face and blends it in. then she,"['takes an eyeliner and applies it with a brush under her eyes and on her eyelids.', 'discusses her eyes again, adding the liner to with different shades of clear eye shadow.', 'starts putting into her eyes the finishing product and takes it apart and then attaches everything together.', 'cleans her face off to make it more presentable, we see it several times a day.']",activitynet~v_13hdhdieZuc,test,indomain,
10234,Putting on makeup,Then she starts applying some foundation all over her face and blends it in. Then she takes an eyeliner and applies it with a brush under her eyes and on her eyelids.,she,Then she starts applying some foundation all over her face and blends it in. Then she takes an eyeliner and applies it with a brush under her eyes and on her eyelids. she,"['puts it all over the face and then runs her fingers through her long hair in the end to create a soft look.', 'then puts eye shadow on her eyebrows as well over those areas.', 'then takes some powder compact and pats it on her face and spreads it evenly.', 'then uses it in her hair to completes the look.']",activitynet~v_13hdhdieZuc,test,indomain,
10236,Putting on makeup,"Then with a brush she applies some eyeliner on her eyelids, followed by an eyeliner pencil which she uses on her eyelids and under her eyes.",she,"Then with a brush she applies some eyeliner on her eyelids, followed by an eyeliner pencil which she uses on her eyelids and under her eyes. she","['then takes mouthwash from a bottle and wraps it around her mouth while still showing off her lips.', 'takes a pair of eyelash curlers and curls her lashes and then applies some mascara with a brush.', 'shows off her eyelashes while smiling to the camera, after which she removes part of her eyelid and removes her eyelids.', 'then reappears and looks in the mirror.']",activitynet~v_13hdhdieZuc,test,indomain,
10237,Putting on makeup,She takes a pair of eyelash curlers and curls her lashes and then applies some mascara with a brush.,she,She takes a pair of eyelash curlers and curls her lashes and then applies some mascara with a brush. she,"['puts the curlers back into her lashes and then under her eyelids as she places all her bangs in place.', 'takes several lotions and puts half a glass of wine in the center of her lashes.', 'takes the toothbrush, its new is shown on the table, and rubs it on her finger and begins to blow dry her hair.', 'finishes off the makeup with a lipstick that she puts on her upper and lower lips.']",activitynet~v_13hdhdieZuc,test,indomain,
10238,Putting on makeup,She takes a pair of eyelash curlers and curls her lashes and then applies some mascara with a brush. She finishes off the makeup with a lipstick that she puts on her upper and lower lips.,then she,She takes a pair of eyelash curlers and curls her lashes and then applies some mascara with a brush. She finishes off the makeup with a lipstick that she puts on her upper and lower lips. then she,"['applies eye shadow and eyeliner to her eyelids.', 'applies eye shadow and then gets her eyelid closed.', 'removes her headband and straightens her hair to finish off her look.', 'continues the drawing of a v as she subsates the canvas.']",activitynet~v_13hdhdieZuc,test,indomain,
10288,Washing dishes,"A girl is standing at a sink, washing dishes and playing in the water.",she,"A girl is standing at a sink, washing dishes and playing in the water. she","['stands through the washing and brushing him, after while they continue talking and laughing.', 'smiles as she rinses a plastic bowl.', 'ensures that they all wash correctly and look after as she responds.', 'seems distracted, and slides the dishes away from the camera.']",activitynet~v_1izVZnE0l7k,test,zeroshot,
10325,Peeling potatoes,We see an animation on the opening title screen.,a person,We see an animation on the opening title screen. a person,"['solves a cube puzzle while attempting to put the puzzle in a circle.', 'washes and peels a potato.', 'sorts sand into a bucket and colors it purple with a credit explore.', 'does elliptical sitting ups on a stationary bike.']",activitynet~v_2LzWCwYtUzs,test,zeroshot,
10327,Peeling potatoes,A person washes and peels a potato. The person rinses the person rinses the peeled potato in a bowl.,the person,A person washes and peels a potato. The person rinses the person rinses the peeled potato in a bowl. the person,"['then dices the potato.', 'rinses the potato in a dish washer.', 'appears writing on a napkin.', 'wraps the potato in paper.']",activitynet~v_2LzWCwYtUzs,test,zeroshot,
10328,Peeling potatoes,A person washes and peels a potato. The person rinses the person rinses the peeled potato in a bowl. The person then dices the potato.,we,A person washes and peels a potato. The person rinses the person rinses the peeled potato in a bowl. The person then dices the potato. we,"['then see the ending title screen.', 'see the potato being peeled while cleaning the face of the person.', 'then see the owners name on the screen.', 'see the scene switches to a still shot of the person and the potato.']",activitynet~v_2LzWCwYtUzs,test,zeroshot,
10351,Doing step aerobics,We see people working out on exercise steps in an aerobics class.,the leader,We see people working out on exercise steps in an aerobics class. the leader,"['wanders off in the other direction.', 'touches a spot on the step and the step is stopped.', 'points to an exercise text and the instructor approaches.', 'puts her hand in the air.']",activitynet~v_2YeImloBCA8,test,zeroshot,
10352,Doing step aerobics,We see people working out on exercise steps in an aerobics class. The leader puts her hand in the air.,the lady in back left,We see people working out on exercise steps in an aerobics class. The leader puts her hand in the air. the lady in back left,"['touches an arm or leg.', 'gets lost and stops.', 'puts her foot on the b base.', 'pleased with her progress.']",activitynet~v_2YeImloBCA8,test,zeroshot,
10370,Hand car wash,"A woman and a man are inside a car talking, then the man turn his head.",a young lady,"A woman and a man are inside a car talking, then the man turn his head. a young lady","['wash a car only wearing a bra and shorts, then she sprinkle water on her head a turn it.', 'is riding on an escalator and then she starts riding in a car.', 'that is holding her nose talks with another woman which do the woman some piercing.', 'helps the trip hand by hand on the car.']",activitynet~v_2uMG44uNDJ8,test,indomain,
10383,Rock climbing,A man is hanging on a rock wall and talking to the camera.,the man,A man is hanging on a rock wall and talking to the camera. the man,"['lobs a coin and it lands in the other end of the park.', 'swings back and fourth and how to keep your balance when rock climbing.', 'then rubs himself down while standing on top of the rock.', 'is walking on maintain the rock wall.']",activitynet~v_30y8Uy0B_uk,test,indomain,
10385,Rock climbing,The man swings back and fourth and how to keep your balance when rock climbing. He begins climbing up the wall and talking about keeping straight arms.,he,The man swings back and fourth and how to keep your balance when rock climbing. He begins climbing up the wall and talking about keeping straight arms. he,"['hangs from the rock above and people helps to maneuver for him as they show fade out.', 'attempts to get further up and how to not fall but falls before going back to climbing.', 'is shown jumping up and down and talking more about mountaineering.', 'continues climbing up the wall and where to position your feet and how to push.']",activitynet~v_30y8Uy0B_uk,test,indomain,
10386,Rock climbing,He begins climbing up the wall and talking about keeping straight arms. He continues climbing up the wall and where to position your feet and how to push.,he,He begins climbing up the wall and talking about keeping straight arms. He continues climbing up the wall and where to position your feet and how to push. he,"['finally makes it to the top of the rock wall and faces the camera.', 'completes the section, walks around for a bit and then leaves.', 'is putting an oxygen mask on as he goes.', 'hands off a paper and talks on a bit.']",activitynet~v_30y8Uy0B_uk,test,indomain,
10407,Mixing drinks,We see a bartender behind a bar add ice to a glass.,the man,We see a bartender behind a bar add ice to a glass. the man,"['holds the glass up and down.', 'spins the drink by its base and holds it on the counter.', 'pours three liquors into a glass and shakes it up.', 'adds a shot glass for the lady.']",activitynet~v_3HUoSa_3vpc,test,indomain,
10408,Mixing drinks,We see a bartender behind a bar add ice to a glass. The man pours three liquors into a glass and shakes it up.,the man,We see a bartender behind a bar add ice to a glass. The man pours three liquors into a glass and shakes it up. the man,"['shakes the glass and drizzles the liquors over the side.', 'explains the mechanics of keg drinking.', 'pours it in a glass and adds soda.', 'puts ice into the glass.']",activitynet~v_3HUoSa_3vpc,test,indomain,
10410,Mixing drinks,"The man pours it in a glass and adds soda. The man squeezes a lemon, stirs in the glass and transfers it to a smaller glass.",the man,"The man pours it in a glass and adds soda. The man squeezes a lemon, stirs in the glass and transfers it to a smaller glass. the man","['pours the drink in a tray.', 'then grabs a pear, slices the pear, peels it and places the shape on the glass.', 'adds a straw and presents the glass to us.', 'mixes the two liquids in the smaller glasses.']",activitynet~v_3HUoSa_3vpc,test,indomain,
10413,Brushing hair,A baby is shown laying in bed while a comb gently brushes it's hair. The baby eventually smiling while the hand continues to brush the baby's head.,the baby,A baby is shown laying in bed while a comb gently brushes it's hair. The baby eventually smiling while the hand continues to brush the baby's head. the baby,"[""gently closes it's eyes and yawns while the brush continues to comb."", 'then leaves the bed and returns to brushing her hair.', 'smiles and continues brushing while more hair is pushed under the comb.', 'then lays down and is again shown being groomed.']",activitynet~v_3I6LMFdA2lc,test,zeroshot,
10479,Bungee jumping,A person prepares to bungee jump over a body of water while onlookers watch from the ground.,the person,A person prepares to bungee jump over a body of water while onlookers watch from the ground. the person,"['bungee pulls the bungee cord behind him and let it go while the camera follows from above.', 'takes off their clothes, performs a routine, then bungee jumps.', 'is tied up, and lates himself to the wall, then down.', 'is sitting down, first, strapped into bungee jumping gear.']",activitynet~v_4QqoWbK2ELc,test,zeroshot,
10480,Bungee jumping,"A person prepares to bungee jump over a body of water while onlookers watch from the ground. The person is sitting down, first, strapped into bungee jumping gear.",the person,"A person prepares to bungee jump over a body of water while onlookers watch from the ground. The person is sitting down, first, strapped into bungee jumping gear. the person","['jumps from a body of water to land on a ledge on the side of a cliff.', 'stands at the edge of a wooden jumping surface as onlookers watch from the ground.', 'goes hands up over his head and does several tricks up and down.', 'is walking around the outer rim of the harness.']",activitynet~v_4QqoWbK2ELc,test,zeroshot,
10481,Bungee jumping,"The person is sitting down, first, strapped into bungee jumping gear. The person stands at the edge of a wooden jumping surface as onlookers watch from the ground.",the person,"The person is sitting down, first, strapped into bungee jumping gear. The person stands at the edge of a wooden jumping surface as onlookers watch from the ground. the person","['hops, pulls, stretches, and rotates throughout various jumps.', 'lets go of the bungee cord and falls forward landing with a splash.', 'jumps off of the edge and falls down as the camera follows and reveals that this is a man who has jumped, and the man is smiling and laughing as he flails in the air just above the water.', 'jumps onto a beam, spinning briefly in mid air and landing with one hand keeping balance.']",activitynet~v_4QqoWbK2ELc,test,zeroshot,
10525,Playing rubik cube,A person is seen sitting behind a table solving a rubix cube while a timer records her.,two men,A person is seen sitting behind a table solving a rubix cube while a timer records her. two men,"['are seen standing around her and write things down when the girl eventually finishes.', 'play a game around the table while laughing on the side.', 'are seen sumo fighting on the table while the man continues to solve them all.', 'then act as a dealer and split the fifteen square minutes between them and each other.']",activitynet~v_56McYSkE4uQ,test,indomain,
10526,Swinging at the playground,A girl is pushing two little boys on a backyard swing.,she,A girl is pushing two little boys on a backyard swing. she,"['is hitting the balls, trying to make them go back.', 'smiles at the camera as she pushes the boys back and forth.', 'rides the swing back and fourth.', 'throws the two toddlers up in the air so they can catch them, just in case.']",activitynet~v_56m7PcBuUFc,test,zeroshot,
10541,Trimming branches or hedges,There is a garden with many trees and shrubs. There is a man using a hedging and trimming equipment trimming the bushes.,another man,There is a garden with many trees and shrubs. There is a man using a hedging and trimming equipment trimming the bushes. another man,"['is trimming the shrubs with a small spacecraft part cutting the closer.', 'is doing the same thing in the house house.', 'is giving instructions on lawn and garden care.', 'uses the machine to trim some wet plants in his yard.']",activitynet~v_5DhbyYavYp4,test,indomain,
10544,Trimming branches or hedges,The man climbs up a tall ladder to trim the trees and bushes several times. He goes around the entire side to trim the hedges.,the instructor,The man climbs up a tall ladder to trim the trees and bushes several times. He goes around the entire side to trim the hedges. the instructor,"['is also interviewed for the video.', 'talks to the kids as they go back and fourth with the teacher.', 'steps up and down on the ladder and goes off camera.', 'continues talking about the gardening process, the man trims the hedges that form a barrier near a house.']",activitynet~v_5DhbyYavYp4,test,indomain,
10617,Using the balance beam,"Alexandra raisman from massachusetts is seen wearing purple leotards, getting ready to do gymnastics on the horse bar.",she,"Alexandra raisman from massachusetts is seen wearing purple leotards, getting ready to do gymnastics on the horse bar. she","['jumps right onto the horse bar and does some front and back flips.', 'begins by jumping onto the horse bar, then climbing on with legs onto the bar.', 'leaps down on the horse bar proceeding to finish her routine.', 'then dismounts and runs down the track.']",activitynet~v_62h9hnNTKWM,test,zeroshot,
10619,Using the balance beam,She jumps right onto the horse bar and does some front and back flips. Then she does some back hand springs on the horse bar.,she,She jumps right onto the horse bar and does some front and back flips. Then she does some back hand springs on the horse bar. she,"['dismounts from the bar and gets into the car with two men.', 'swiftly jumps on the horse bar while maintaining complete control over body and balance.', 'finishes doing her routine and goes back onto the horse bar.', 'dismounts and is waived at by the man and the crowd.']",activitynet~v_62h9hnNTKWM,test,zeroshot,
10621,Using the balance beam,"She swiftly jumps on the horse bar while maintaining complete control over body and balance. She does a final back flip and a front flip and then, gets off the horse bar.",the spectators,"She swiftly jumps on the horse bar while maintaining complete control over body and balance. She does a final back flip and a front flip and then, gets off the horse bar. the spectators","['are seen outside in the field applauding her performance.', 'cheer for her as she walks away.', 'clap and tap their fingers.', 'clap and jesse approaches to the man holding the clipboard.']",activitynet~v_62h9hnNTKWM,test,zeroshot,
10627,Playing ten pins,People in recorded video of the bowling match. Spectators sit and stand behind the railing watching the event.,a man,People in recorded video of the bowling match. Spectators sit and stand behind the railing watching the event. a man,"['does several bowling tricks, then bows and walks away from the red velvet glove.', 'bowls a his turns standing backwards.', 'shoots a ball across the room to customers.', 'pauses the ball while standing on the ice then throws it in the pins.']",activitynet~v_64vbnwtL7I8,test,zeroshot,
