Num_0dim,Max_0dim,Max_0dim_Minus_Second,Mean_0dim,betti_curve_0,persistence_entropy_0,Num_1dim,Max_1dim,Max_1dim_Minus_Second,Mean_1dim,betti_curve_1,persistence_entropy_1,diagrams,correctness
69,0.8655701875686646,0.001067519187927246,0.644814648921939,50.98,4.2066573033349846,1,0.011010318994522095,0.011010318994522095,0.011010318994522095,0.98,-0.0,"[array([[0.        , 0.36035633],
       [0.        , 0.37337586],
       [0.        , 0.38715273],
       [0.        , 0.39394933],
       [0.        , 0.4024018 ],
       [0.        , 0.41499496],
       [0.        , 0.41882491],
       [0.        , 0.4200452 ],
       [0.        , 0.42880875],
       [0.        , 0.43742695],
       [0.        , 0.43905649],
       [0.        , 0.4407419 ],
       [0.        , 0.44131434],
       [0.        , 0.45158815],
       [0.        , 0.49441165],
       [0.        , 0.50319093],
       [0.        , 0.50763631],
       [0.        , 0.53479719],
       [0.        , 0.5601083 ],
       [0.        , 0.56347179],
       [0.        , 0.57815135],
       [0.        , 0.58531219],
       [0.        , 0.58837056],
       [0.        , 0.58881354],
       [0.        , 0.59413528],
       [0.        , 0.6195479 ],
       [0.        , 0.62430167],
       [0.        , 0.62458652],
       [0.        , 0.62543547],
       [0.        , 0.63214779],
       [0.        , 0.63649976],
       [0.        , 0.64312124],
       [0.        , 0.649535  ],
       [0.        , 0.66283655],
       [0.        , 0.66749316],
       [0.        , 0.67110056],
       [0.        , 0.68003786],
       [0.        , 0.68832153],
       [0.        , 0.69561523],
       [0.        , 0.69803047],
       [0.        , 0.70519435],
       [0.        , 0.70931286],
       [0.        , 0.7121433 ],
       [0.        , 0.71434629],
       [0.        , 0.71741712],
       [0.        , 0.73956043],
       [0.        , 0.74235755],
       [0.        , 0.75469291],
       [0.        , 0.754825  ],
       [0.        , 0.75527227],
       [0.        , 0.76409489],
       [0.        , 0.76927108],
       [0.        , 0.77823973],
       [0.        , 0.77965391],
       [0.        , 0.78929073],
       [0.        , 0.79045224],
       [0.        , 0.79281873],
       [0.        , 0.8013314 ],
       [0.        , 0.80252743],
       [0.        , 0.80523747],
       [0.        , 0.8192091 ],
       [0.        , 0.82470751],
       [0.        , 0.8336609 ],
       [0.        , 0.83679897],
       [0.        , 0.84133047],
       [0.        , 0.84756303],
       [0.        , 0.85378075],
       [0.        , 0.86450267],
       [0.        , 0.86557019],
       [0.        ,        inf]]), array([[0.48856062, 0.49957094]])]",False
114,0.8389182686805725,0.009336650371551514,0.644029569730424,86.98,4.717366393963733,1,0.022574037313461304,0.022574037313461304,0.022574037313461304,0.98,-0.0,"[array([[0.        , 0.38544127],
       [0.        , 0.38715273],
       [0.        , 0.39394933],
       [0.        , 0.39707401],
       [0.        , 0.4024018 ],
       [0.        , 0.41343367],
       [0.        , 0.41882491],
       [0.        , 0.4200452 ],
       [0.        , 0.42880875],
       [0.        , 0.43057579],
       [0.        , 0.43742695],
       [0.        , 0.4407419 ],
       [0.        , 0.44131434],
       [0.        , 0.45008722],
       [0.        , 0.45158815],
       [0.        , 0.45816064],
       [0.        , 0.46611732],
       [0.        , 0.46668717],
       [0.        , 0.46972904],
       [0.        , 0.47358829],
       [0.        , 0.49441165],
       [0.        , 0.50319093],
       [0.        , 0.50763631],
       [0.        , 0.52250391],
       [0.        , 0.52275991],
       [0.        , 0.5237363 ],
       [0.        , 0.5601083 ],
       [0.        , 0.56347179],
       [0.        , 0.57327157],
       [0.        , 0.57347137],
       [0.        , 0.58370185],
       [0.        , 0.59352452],
       [0.        , 0.59764981],
       [0.        , 0.60213548],
       [0.        , 0.61333555],
       [0.        , 0.61608994],
       [0.        , 0.62119138],
       [0.        , 0.62757993],
       [0.        , 0.62971807],
       [0.        , 0.6365971 ],
       [0.        , 0.64047289],
       [0.        , 0.64121574],
       [0.        , 0.6466158 ],
       [0.        , 0.64701724],
       [0.        , 0.65377343],
       [0.        , 0.65871638],
       [0.        , 0.66044641],
       [0.        , 0.66082346],
       [0.        , 0.66090995],
       [0.        , 0.66337144],
       [0.        , 0.66821128],
       [0.        , 0.66877556],
       [0.        , 0.66962457],
       [0.        , 0.67158049],
       [0.        , 0.67204338],
       [0.        , 0.67251694],
       [0.        , 0.67758036],
       [0.        , 0.67865342],
       [0.        , 0.68003786],
       [0.        , 0.68223733],
       [0.        , 0.68478179],
       [0.        , 0.68593484],
       [0.        , 0.68721014],
       [0.        , 0.68761957],
       [0.        , 0.68777019],
       [0.        , 0.68975139],
       [0.        , 0.69009161],
       [0.        , 0.69437301],
       [0.        , 0.6955657 ],
       [0.        , 0.69811511],
       [0.        , 0.70395124],
       [0.        , 0.70443803],
       [0.        , 0.70564771],
       [0.        , 0.70623797],
       [0.        , 0.70765209],
       [0.        , 0.70848179],
       [0.        , 0.70909816],
       [0.        , 0.71188736],
       [0.        , 0.71212536],
       [0.        , 0.71276659],
       [0.        , 0.71351689],
       [0.        , 0.72012049],
       [0.        , 0.7204631 ],
       [0.        , 0.72229069],
       [0.        , 0.72866625],
       [0.        , 0.73140281],
       [0.        , 0.73208857],
       [0.        , 0.74034178],
       [0.        , 0.74265599],
       [0.        , 0.74407691],
       [0.        , 0.7471022 ],
       [0.        , 0.7480827 ],
       [0.        , 0.7486248 ],
       [0.        , 0.75145006],
       [0.        , 0.7546044 ],
       [0.        , 0.75469291],
       [0.        , 0.7550751 ],
       [0.        , 0.76306897],
       [0.        , 0.76479298],
       [0.        , 0.76597565],
       [0.        , 0.76617402],
       [0.        , 0.77719873],
       [0.        , 0.77819431],
       [0.        , 0.78052568],
       [0.        , 0.78840405],
       [0.        , 0.7913118 ],
       [0.        , 0.7956745 ],
       [0.        , 0.79686266],
       [0.        , 0.79976976],
       [0.        , 0.81978029],
       [0.        , 0.82523495],
       [0.        , 0.82528931],
       [0.        , 0.82958162],
       [0.        , 0.83891827],
       [0.        ,        inf]]), array([[0.49657497, 0.51914901]])]",False
75,0.8418779969215393,0.01073068380355835,0.6226185317834219,55.12,4.293907096487147,0,0.0,0.0,0.0,0.0,0.0,"[array([[0.        , 0.38544127],
       [0.        , 0.38715273],
       [0.        , 0.41486451],
       [0.        , 0.41812924],
       [0.        , 0.41882491],
       [0.        , 0.4200452 ],
       [0.        , 0.42880875],
       [0.        , 0.43022469],
       [0.        , 0.43425018],
       [0.        , 0.43726656],
       [0.        , 0.43742695],
       [0.        , 0.43789533],
       [0.        , 0.4407419 ],
       [0.        , 0.44762015],
       [0.        , 0.45158815],
       [0.        , 0.45816064],
       [0.        , 0.46057391],
       [0.        , 0.46210781],
       [0.        , 0.46668717],
       [0.        , 0.49441165],
       [0.        , 0.50319093],
       [0.        , 0.50763631],
       [0.        , 0.52250391],
       [0.        , 0.5601083 ],
       [0.        , 0.56347179],
       [0.        , 0.57973921],
       [0.        , 0.59243965],
       [0.        , 0.59462404],
       [0.        , 0.60091102],
       [0.        , 0.61256677],
       [0.        , 0.61980754],
       [0.        , 0.63536566],
       [0.        , 0.64715093],
       [0.        , 0.65139461],
       [0.        , 0.65593606],
       [0.        , 0.65774447],
       [0.        , 0.65827745],
       [0.        , 0.65871638],
       [0.        , 0.6680519 ],
       [0.        , 0.66880035],
       [0.        , 0.66929483],
       [0.        , 0.67348361],
       [0.        , 0.6739465 ],
       [0.        , 0.67447263],
       [0.        , 0.68003786],
       [0.        , 0.68389183],
       [0.        , 0.68481195],
       [0.        , 0.68673664],
       [0.        , 0.68805027],
       [0.        , 0.68881077],
       [0.        , 0.69012737],
       [0.        , 0.69437301],
       [0.        , 0.69529951],
       [0.        , 0.70230836],
       [0.        , 0.7172156 ],
       [0.        , 0.72281027],
       [0.        , 0.72352958],
       [0.        , 0.72699928],
       [0.        , 0.73286128],
       [0.        , 0.7350263 ],
       [0.        , 0.74598753],
       [0.        , 0.754825  ],
       [0.        , 0.75659871],
       [0.        , 0.75664425],
       [0.        , 0.763152  ],
       [0.        , 0.76863271],
       [0.        , 0.77239692],
       [0.        , 0.79054242],
       [0.        , 0.80897123],
       [0.        , 0.81054664],
       [0.        , 0.81412399],
       [0.        , 0.81741732],
       [0.        , 0.8287794 ],
       [0.        , 0.83114731],
       [0.        , 0.841878  ],
       [0.        ,        inf]]), array([], shape=(0, 2), dtype=float64)]",True
49,0.8525242209434509,0.02294260263442993,0.6004668176174164,34.32,3.866586980674816,2,0.0018787682056427002,0.0005564391613006592,0.0016005486249923706,0.02,0.6779621385045491,"[array([[0.        , 0.38715273],
       [0.        , 0.39394933],
       [0.        , 0.4024018 ],
       [0.        , 0.41812924],
       [0.        , 0.4200452 ],
       [0.        , 0.42704388],
       [0.        , 0.42880875],
       [0.        , 0.43742695],
       [0.        , 0.4407419 ],
       [0.        , 0.45158815],
       [0.        , 0.46154895],
       [0.        , 0.46668717],
       [0.        , 0.49441165],
       [0.        , 0.49694407],
       [0.        , 0.50319093],
       [0.        , 0.50763631],
       [0.        , 0.50903082],
       [0.        , 0.51019049],
       [0.        , 0.54417998],
       [0.        , 0.5601083 ],
       [0.        , 0.56347179],
       [0.        , 0.56765288],
       [0.        , 0.57339233],
       [0.        , 0.5750457 ],
       [0.        , 0.59093988],
       [0.        , 0.59646887],
       [0.        , 0.60213548],
       [0.        , 0.62119138],
       [0.        , 0.64105582],
       [0.        , 0.6710301 ],
       [0.        , 0.67314613],
       [0.        , 0.67640817],
       [0.        , 0.68003786],
       [0.        , 0.70105428],
       [0.        , 0.70395124],
       [0.        , 0.71212536],
       [0.        , 0.71780467],
       [0.        , 0.72139412],
       [0.        , 0.72480655],
       [0.        , 0.73298419],
       [0.        , 0.75145006],
       [0.        , 0.7550751 ],
       [0.        , 0.76971066],
       [0.        , 0.77147281],
       [0.        , 0.77719873],
       [0.        , 0.79391873],
       [0.        , 0.81462872],
       [0.        , 0.82958162],
       [0.        , 0.85252422],
       [0.        ,        inf]]), array([[0.58535051, 0.58667284],
       [0.45820966, 0.46008843]])]",True
47,0.7818214297294617,0.004391610622406006,0.5607467059125292,33.48,3.8329234705771116,2,0.0039871931076049805,0.001123666763305664,0.0034253597259521484,0.7,0.6796346454143045,"[array([[0.        , 0.38715273],
       [0.        , 0.41812924],
       [0.        , 0.41882491],
       [0.        , 0.4200452 ],
       [0.        , 0.42704388],
       [0.        , 0.43022469],
       [0.        , 0.43789533],
       [0.        , 0.4407419 ],
       [0.        , 0.44131434],
       [0.        , 0.45158815],
       [0.        , 0.45816064],
       [0.        , 0.46163803],
       [0.        , 0.48943576],
       [0.        , 0.49036598],
       [0.        , 0.49441165],
       [0.        , 0.50319093],
       [0.        , 0.50763631],
       [0.        , 0.50779587],
       [0.        , 0.51019049],
       [0.        , 0.51343614],
       [0.        , 0.5237363 ],
       [0.        , 0.54417998],
       [0.        , 0.55218488],
       [0.        , 0.5601083 ],
       [0.        , 0.56013113],
       [0.        , 0.56347179],
       [0.        , 0.56430399],
       [0.        , 0.56518269],
       [0.        , 0.57753301],
       [0.        , 0.58429819],
       [0.        , 0.59644121],
       [0.        , 0.60245025],
       [0.        , 0.63213915],
       [0.        , 0.64312124],
       [0.        , 0.65219593],
       [0.        , 0.66821128],
       [0.        , 0.67158049],
       [0.        , 0.67352569],
       [0.        , 0.67480367],
       [0.        , 0.68003786],
       [0.        , 0.68290198],
       [0.        , 0.69005692],
       [0.        , 0.69313174],
       [0.        , 0.70383477],
       [0.        , 0.7270593 ],
       [0.        , 0.77742982],
       [0.        , 0.78182143],
       [0.        ,        inf]]), array([[0.51477194, 0.51763546],
       [0.50803167, 0.51201886]])]",False
88,0.8113250732421875,0.001228034496307373,0.6175222020934928,66.52,4.457159574294385,1,0.004353702068328857,0.004353702068328857,0.004353702068328857,0.98,-0.0,"[array([[0.        , 0.38715273],
       [0.        , 0.4024018 ],
       [0.        , 0.41882491],
       [0.        , 0.4200452 ],
       [0.        , 0.42880875],
       [0.        , 0.42947099],
       [0.        , 0.43346915],
       [0.        , 0.43425018],
       [0.        , 0.43726656],
       [0.        , 0.43742695],
       [0.        , 0.43905649],
       [0.        , 0.44034603],
       [0.        , 0.4407419 ],
       [0.        , 0.45158815],
       [0.        , 0.45996878],
       [0.        , 0.46057391],
       [0.        , 0.46210781],
       [0.        , 0.46668717],
       [0.        , 0.48098314],
       [0.        , 0.49441165],
       [0.        , 0.49970603],
       [0.        , 0.50319093],
       [0.        , 0.5045771 ],
       [0.        , 0.50763631],
       [0.        , 0.52003831],
       [0.        , 0.52799445],
       [0.        , 0.54881382],
       [0.        , 0.55625039],
       [0.        , 0.55798405],
       [0.        , 0.5601083 ],
       [0.        , 0.56347179],
       [0.        , 0.56363392],
       [0.        , 0.57136887],
       [0.        , 0.57141787],
       [0.        , 0.58724385],
       [0.        , 0.58833694],
       [0.        , 0.58985329],
       [0.        , 0.5904246 ],
       [0.        , 0.62097776],
       [0.        , 0.6256367 ],
       [0.        , 0.63111234],
       [0.        , 0.63475686],
       [0.        , 0.6383338 ],
       [0.        , 0.64506394],
       [0.        , 0.64730823],
       [0.        , 0.65156907],
       [0.        , 0.6627785 ],
       [0.        , 0.66542017],
       [0.        , 0.67040801],
       [0.        , 0.67204338],
       [0.        , 0.67549247],
       [0.        , 0.67865342],
       [0.        , 0.67965782],
       [0.        , 0.68002725],
       [0.        , 0.68003786],
       [0.        , 0.68126798],
       [0.        , 0.68236887],
       [0.        , 0.68413806],
       [0.        , 0.6858207 ],
       [0.        , 0.6946575 ],
       [0.        , 0.6982044 ],
       [0.        , 0.704844  ],
       [0.        , 0.70804077],
       [0.        , 0.71179032],
       [0.        , 0.71845925],
       [0.        , 0.71870208],
       [0.        , 0.71964532],
       [0.        , 0.72101635],
       [0.        , 0.72528183],
       [0.        , 0.73406535],
       [0.        , 0.73874921],
       [0.        , 0.74016792],
       [0.        , 0.74235755],
       [0.        , 0.74740767],
       [0.        , 0.74840271],
       [0.        , 0.75081903],
       [0.        , 0.75197959],
       [0.        , 0.75469291],
       [0.        , 0.75800049],
       [0.        , 0.75865287],
       [0.        , 0.77309054],
       [0.        , 0.78676164],
       [0.        , 0.78710914],
       [0.        , 0.78969246],
       [0.        , 0.80066091],
       [0.        , 0.8067736 ],
       [0.        , 0.81009704],
       [0.        , 0.81132507],
       [0.        ,        inf]]), array([[0.54395813, 0.54831183]])]",True
83,0.8438311219215393,0.03331273794174194,0.5856615739414491,57.3,4.39560410162763,1,0.04067552089691162,0.04067552089691162,0.04067552089691162,0.98,-0.0,"[array([[0.        , 0.36035633],
       [0.        , 0.38544127],
       [0.        , 0.38715273],
       [0.        , 0.39707401],
       [0.        , 0.4024018 ],
       [0.        , 0.41486451],
       [0.        , 0.41812924],
       [0.        , 0.41882491],
       [0.        , 0.4200452 ],
       [0.        , 0.42880875],
       [0.        , 0.43344891],
       [0.        , 0.43425018],
       [0.        , 0.43726656],
       [0.        , 0.43742695],
       [0.        , 0.43789533],
       [0.        , 0.43905649],
       [0.        , 0.44034603],
       [0.        , 0.4407419 ],
       [0.        , 0.45158815],
       [0.        , 0.45816064],
       [0.        , 0.46210781],
       [0.        , 0.46668717],
       [0.        , 0.46928936],
       [0.        , 0.46972904],
       [0.        , 0.47109911],
       [0.        , 0.49417058],
       [0.        , 0.49441165],
       [0.        , 0.49578813],
       [0.        , 0.50319093],
       [0.        , 0.52250391],
       [0.        , 0.5237363 ],
       [0.        , 0.52437967],
       [0.        , 0.54345715],
       [0.        , 0.54417998],
       [0.        , 0.5601083 ],
       [0.        , 0.56347179],
       [0.        , 0.56363392],
       [0.        , 0.56529474],
       [0.        , 0.57327598],
       [0.        , 0.57618207],
       [0.        , 0.58527631],
       [0.        , 0.58724385],
       [0.        , 0.61682642],
       [0.        , 0.61721033],
       [0.        , 0.61822152],
       [0.        , 0.62542242],
       [0.        , 0.64312124],
       [0.        , 0.64656252],
       [0.        , 0.64678931],
       [0.        , 0.65219593],
       [0.        , 0.65532792],
       [0.        , 0.65737855],
       [0.        , 0.65920097],
       [0.        , 0.65931249],
       [0.        , 0.65985948],
       [0.        , 0.66348964],
       [0.        , 0.66668147],
       [0.        , 0.66724849],
       [0.        , 0.66821128],
       [0.        , 0.67549247],
       [0.        , 0.67832834],
       [0.        , 0.68003786],
       [0.        , 0.68646944],
       [0.        , 0.69299561],
       [0.        , 0.6955657 ],
       [0.        , 0.69720542],
       [0.        , 0.70234281],
       [0.        , 0.70245641],
       [0.        , 0.70981807],
       [0.        , 0.7131111 ],
       [0.        , 0.71483427],
       [0.        , 0.71755993],
       [0.        , 0.7322157 ],
       [0.        , 0.74865788],
       [0.        , 0.75081015],
       [0.        , 0.75213277],
       [0.        , 0.76314867],
       [0.        , 0.76523238],
       [0.        , 0.76564294],
       [0.        , 0.78272897],
       [0.        , 0.80321664],
       [0.        , 0.81051838],
       [0.        , 0.84383112],
       [0.        ,        inf]]), array([[0.50763631, 0.54831183]])]",True
98,0.8438311219215393,0.0016499161720275879,0.6284364069602928,72.56,4.561520226705876,3,0.02518385648727417,0.0035224556922912598,0.016241341829299927,0.54,0.8270377096514608,"[array([[0.        , 0.34494105],
       [0.        , 0.36035633],
       [0.        , 0.38143098],
       [0.        , 0.38715273],
       [0.        , 0.39394933],
       [0.        , 0.4024018 ],
       [0.        , 0.41882491],
       [0.        , 0.4200452 ],
       [0.        , 0.42704388],
       [0.        , 0.42880875],
       [0.        , 0.43185866],
       [0.        , 0.43425018],
       [0.        , 0.43726656],
       [0.        , 0.43742695],
       [0.        , 0.43869025],
       [0.        , 0.44034603],
       [0.        , 0.4407419 ],
       [0.        , 0.45158815],
       [0.        , 0.46668717],
       [0.        , 0.46972904],
       [0.        , 0.49441165],
       [0.        , 0.49944043],
       [0.        , 0.50763631],
       [0.        , 0.52102768],
       [0.        , 0.52167404],
       [0.        , 0.52495223],
       [0.        , 0.53939617],
       [0.        , 0.5459165 ],
       [0.        , 0.5601083 ],
       [0.        , 0.56347179],
       [0.        , 0.56363392],
       [0.        , 0.56886876],
       [0.        , 0.57753301],
       [0.        , 0.58788997],
       [0.        , 0.59107375],
       [0.        , 0.59341764],
       [0.        , 0.60103267],
       [0.        , 0.61114675],
       [0.        , 0.61153382],
       [0.        , 0.61728799],
       [0.        , 0.62320536],
       [0.        , 0.64250994],
       [0.        , 0.64312124],
       [0.        , 0.64523572],
       [0.        , 0.645657  ],
       [0.        , 0.64701724],
       [0.        , 0.64765227],
       [0.        , 0.64790231],
       [0.        , 0.66044641],
       [0.        , 0.66293645],
       [0.        , 0.6659075 ],
       [0.        , 0.67158049],
       [0.        , 0.67204338],
       [0.        , 0.67927724],
       [0.        , 0.68003786],
       [0.        , 0.68026155],
       [0.        , 0.6805681 ],
       [0.        , 0.68216431],
       [0.        , 0.68352681],
       [0.        , 0.68478179],
       [0.        , 0.68726552],
       [0.        , 0.68803066],
       [0.        , 0.68900162],
       [0.        , 0.69018435],
       [0.        , 0.69274354],
       [0.        , 0.6960057 ],
       [0.        , 0.69998693],
       [0.        , 0.71147448],
       [0.        , 0.71259904],
       [0.        , 0.71682382],
       [0.        , 0.71890938],
       [0.        , 0.71984881],
       [0.        , 0.73467714],
       [0.        , 0.73522252],
       [0.        , 0.73894721],
       [0.        , 0.74073493],
       [0.        , 0.7471022 ],
       [0.        , 0.74786586],
       [0.        , 0.75058389],
       [0.        , 0.75826275],
       [0.        , 0.75931031],
       [0.        , 0.76136887],
       [0.        , 0.76398557],
       [0.        , 0.76538998],
       [0.        , 0.78052568],
       [0.        , 0.78159374],
       [0.        , 0.78706294],
       [0.        , 0.79217738],
       [0.        , 0.79444474],
       [0.        , 0.79686266],
       [0.        , 0.80136025],
       [0.        , 0.80645061],
       [0.        , 0.81101328],
       [0.        , 0.81741732],
       [0.        , 0.81886274],
       [0.        , 0.8258329 ],
       [0.        , 0.84218121],
       [0.        , 0.84383112],
       [0.        ,        inf]]), array([[0.52232867, 0.54751253],
       [0.47355893, 0.49522033],
       [0.45820966, 0.46008843]])]",True
90,0.8506830334663391,0.025448083877563477,0.6137685146596696,64.6,4.478728755173785,1,0.0004961490631103516,0.0004961490631103516,0.0004961490631103516,0.98,-0.0,"[array([[0.        , 0.36035633],
       [0.        , 0.38715273],
       [0.        , 0.39394933],
       [0.        , 0.4024018 ],
       [0.        , 0.4200452 ],
       [0.        , 0.42880875],
       [0.        , 0.43057579],
       [0.        , 0.43425018],
       [0.        , 0.43608579],
       [0.        , 0.43726656],
       [0.        , 0.43742695],
       [0.        , 0.4407419 ],
       [0.        , 0.44808552],
       [0.        , 0.45008722],
       [0.        , 0.45158815],
       [0.        , 0.46154895],
       [0.        , 0.46668717],
       [0.        , 0.4726122 ],
       [0.        , 0.47355893],
       [0.        , 0.47358829],
       [0.        , 0.47856694],
       [0.        , 0.49441165],
       [0.        , 0.49944043],
       [0.        , 0.50552267],
       [0.        , 0.50763631],
       [0.        , 0.51475829],
       [0.        , 0.5244379 ],
       [0.        , 0.53446275],
       [0.        , 0.54625481],
       [0.        , 0.54952693],
       [0.        , 0.55200136],
       [0.        , 0.5601083 ],
       [0.        , 0.56347179],
       [0.        , 0.56363392],
       [0.        , 0.59352452],
       [0.        , 0.60140675],
       [0.        , 0.60630226],
       [0.        , 0.61308378],
       [0.        , 0.61333555],
       [0.        , 0.61858058],
       [0.        , 0.62222767],
       [0.        , 0.62757993],
       [0.        , 0.63505155],
       [0.        , 0.63620204],
       [0.        , 0.64250994],
       [0.        , 0.6466158 ],
       [0.        , 0.64701724],
       [0.        , 0.64790231],
       [0.        , 0.64979208],
       [0.        , 0.65174419],
       [0.        , 0.66044641],
       [0.        , 0.66337144],
       [0.        , 0.6659075 ],
       [0.        , 0.66821128],
       [0.        , 0.66962457],
       [0.        , 0.67111045],
       [0.        , 0.67158049],
       [0.        , 0.67284679],
       [0.        , 0.68003786],
       [0.        , 0.68223733],
       [0.        , 0.68439925],
       [0.        , 0.68478179],
       [0.        , 0.68618292],
       [0.        , 0.69811511],
       [0.        , 0.70443803],
       [0.        , 0.70765209],
       [0.        , 0.70909816],
       [0.        , 0.71070999],
       [0.        , 0.71157098],
       [0.        , 0.71188736],
       [0.        , 0.71259904],
       [0.        , 0.73140281],
       [0.        , 0.73522252],
       [0.        , 0.74034178],
       [0.        , 0.7437349 ],
       [0.        , 0.74407691],
       [0.        , 0.7471022 ],
       [0.        , 0.7480827 ],
       [0.        , 0.75386989],
       [0.        , 0.7633099 ],
       [0.        , 0.76597565],
       [0.        , 0.76850593],
       [0.        , 0.77819431],
       [0.        , 0.78170443],
       [0.        , 0.7852807 ],
       [0.        , 0.79217738],
       [0.        , 0.79686266],
       [0.        , 0.80666685],
       [0.        , 0.82523495],
       [0.        , 0.85068303],
       [0.        ,        inf]]), array([[0.53959662, 0.54009277]])]",False
90,0.839876651763916,0.003077685832977295,0.6390597071912554,68.06,4.477338260376887,2,0.03935420513153076,0.03536701202392578,0.02167069911956787,1.06,0.3071294488488384,"[array([[0.        , 0.38715273],
       [0.        , 0.39394933],
       [0.        , 0.4024018 ],
       [0.        , 0.41812924],
       [0.        , 0.41882491],
       [0.        , 0.4200452 ],
       [0.        , 0.42880875],
       [0.        , 0.43022469],
       [0.        , 0.43057579],
       [0.        , 0.43425018],
       [0.        , 0.43726656],
       [0.        , 0.43742695],
       [0.        , 0.4407419 ],
       [0.        , 0.45158815],
       [0.        , 0.45816064],
       [0.        , 0.46210781],
       [0.        , 0.46668717],
       [0.        , 0.49441165],
       [0.        , 0.49476874],
       [0.        , 0.50763631],
       [0.        , 0.51805323],
       [0.        , 0.53446275],
       [0.        , 0.53452533],
       [0.        , 0.53479719],
       [0.        , 0.54341227],
       [0.        , 0.54428726],
       [0.        , 0.5601083 ],
       [0.        , 0.56347179],
       [0.        , 0.57241148],
       [0.        , 0.57406068],
       [0.        , 0.58206582],
       [0.        , 0.5874216 ],
       [0.        , 0.59348238],
       [0.        , 0.60191256],
       [0.        , 0.61608994],
       [0.        , 0.62093544],
       [0.        , 0.62310016],
       [0.        , 0.63467628],
       [0.        , 0.63536566],
       [0.        , 0.64221716],
       [0.        , 0.6505332 ],
       [0.        , 0.65593606],
       [0.        , 0.65827745],
       [0.        , 0.66189003],
       [0.        , 0.66798931],
       [0.        , 0.6680519 ],
       [0.        , 0.67069525],
       [0.        , 0.67197263],
       [0.        , 0.68003786],
       [0.        , 0.6803174 ],
       [0.        , 0.68738133],
       [0.        , 0.69012737],
       [0.        , 0.69221032],
       [0.        , 0.6926477 ],
       [0.        , 0.69862539],
       [0.        , 0.70511675],
       [0.        , 0.7088598 ],
       [0.        , 0.71385914],
       [0.        , 0.71434629],
       [0.        , 0.7161622 ],
       [0.        , 0.7182616 ],
       [0.        , 0.72281027],
       [0.        , 0.72352958],
       [0.        , 0.72457093],
       [0.        , 0.72528183],
       [0.        , 0.73874879],
       [0.        , 0.74231666],
       [0.        , 0.75081903],
       [0.        , 0.75828117],
       [0.        , 0.75840926],
       [0.        , 0.763152  ],
       [0.        , 0.76863271],
       [0.        , 0.76927108],
       [0.        , 0.77461928],
       [0.        , 0.77823973],
       [0.        , 0.78947037],
       [0.        , 0.79054242],
       [0.        , 0.79133761],
       [0.        , 0.79593992],
       [0.        , 0.8013314 ],
       [0.        , 0.80252743],
       [0.        , 0.80578452],
       [0.        , 0.80897123],
       [0.        , 0.81054664],
       [0.        , 0.81741732],
       [0.        , 0.82470751],
       [0.        , 0.82987475],
       [0.        , 0.83624983],
       [0.        , 0.83679897],
       [0.        , 0.83987665],
       [0.        ,        inf]]), array([[0.50803167, 0.51201886],
       [0.50319093, 0.54254514]])]",True
47,0.8525242209434509,0.02294260263442993,0.5695136709416166,31.3,3.825774102324809,3,0.005845963954925537,0.0014922618865966797,0.004026144742965698,0.14,1.0084716665238664,"[array([[0.        , 0.38715273],
       [0.        , 0.39394933],
       [0.        , 0.41779813],
       [0.        , 0.41882491],
       [0.        , 0.4200452 ],
       [0.        , 0.42704388],
       [0.        , 0.43742695],
       [0.        , 0.44034603],
       [0.        , 0.4407419 ],
       [0.        , 0.44131434],
       [0.        , 0.44134226],
       [0.        , 0.4425624 ],
       [0.        , 0.45158815],
       [0.        , 0.47109911],
       [0.        , 0.48943576],
       [0.        , 0.49441165],
       [0.        , 0.49616703],
       [0.        , 0.50238061],
       [0.        , 0.50319093],
       [0.        , 0.50534588],
       [0.        , 0.50763631],
       [0.        , 0.5083698 ],
       [0.        , 0.51477194],
       [0.        , 0.53056955],
       [0.        , 0.53446275],
       [0.        , 0.5601083 ],
       [0.        , 0.56347179],
       [0.        , 0.61001462],
       [0.        , 0.61718887],
       [0.        , 0.63001907],
       [0.        , 0.63475686],
       [0.        , 0.63983828],
       [0.        , 0.64105582],
       [0.        , 0.6582306 ],
       [0.        , 0.67314613],
       [0.        , 0.68003786],
       [0.        , 0.68167096],
       [0.        , 0.69674319],
       [0.        , 0.71180212],
       [0.        , 0.72082329],
       [0.        , 0.72480655],
       [0.        , 0.73880184],
       [0.        , 0.74691105],
       [0.        , 0.75145006],
       [0.        , 0.78618187],
       [0.        , 0.82958162],
       [0.        , 0.85252422],
       [0.        ,        inf]]), array([[0.54395813, 0.54831183],
       [0.52856219, 0.53440815],
       [0.45820966, 0.46008843]])]",False
77,0.8489511609077454,0.00845414400100708,0.6152902009425225,55.5,4.320188916882447,2,0.04067552089691162,0.029665201902389526,0.025842919945716858,0.86,0.5179356453470592,"[array([[0.        , 0.37337586],
       [0.        , 0.38715273],
       [0.        , 0.39394933],
       [0.        , 0.4024018 ],
       [0.        , 0.41499496],
       [0.        , 0.41882491],
       [0.        , 0.4200452 ],
       [0.        , 0.42094427],
       [0.        , 0.42880875],
       [0.        , 0.43742695],
       [0.        , 0.44034603],
       [0.        , 0.4407419 ],
       [0.        , 0.44131434],
       [0.        , 0.44134226],
       [0.        , 0.45158815],
       [0.        , 0.46344507],
       [0.        , 0.47109911],
       [0.        , 0.47888732],
       [0.        , 0.49274367],
       [0.        , 0.49441165],
       [0.        , 0.50319093],
       [0.        , 0.52003831],
       [0.        , 0.53446275],
       [0.        , 0.53447193],
       [0.        , 0.53667474],
       [0.        , 0.55458272],
       [0.        , 0.5601083 ],
       [0.        , 0.56163359],
       [0.        , 0.56347179],
       [0.        , 0.59717441],
       [0.        , 0.59891677],
       [0.        , 0.60460848],
       [0.        , 0.60474283],
       [0.        , 0.60762435],
       [0.        , 0.61360991],
       [0.        , 0.61608994],
       [0.        , 0.61718887],
       [0.        , 0.64095145],
       [0.        , 0.64349169],
       [0.        , 0.64615417],
       [0.        , 0.6466158 ],
       [0.        , 0.64789069],
       [0.        , 0.64792573],
       [0.        , 0.65024155],
       [0.        , 0.66797835],
       [0.        , 0.66821128],
       [0.        , 0.66880035],
       [0.        , 0.67158049],
       [0.        , 0.68003786],
       [0.        , 0.68432075],
       [0.        , 0.68623769],
       [0.        , 0.68717146],
       [0.        , 0.69489175],
       [0.        , 0.69525212],
       [0.        , 0.69715589],
       [0.        , 0.6978156 ],
       [0.        , 0.70364922],
       [0.        , 0.70605522],
       [0.        , 0.71780467],
       [0.        , 0.71800894],
       [0.        , 0.73168314],
       [0.        , 0.73586226],
       [0.        , 0.74068975],
       [0.        , 0.75145006],
       [0.        , 0.76394653],
       [0.        , 0.76409489],
       [0.        , 0.76576567],
       [0.        , 0.7742402 ],
       [0.        , 0.78360701],
       [0.        , 0.78609794],
       [0.        , 0.79660475],
       [0.        , 0.79862601],
       [0.        , 0.82619047],
       [0.        , 0.8287794 ],
       [0.        , 0.82958162],
       [0.        , 0.84049702],
       [0.        , 0.84895116],
       [0.        ,        inf]]), array([[0.50763631, 0.54831183],
       [0.48856062, 0.49957094]])]",False
55,0.8655701875686646,0.05834245681762695,0.5940776125951247,37.4,3.9829965121836546,2,0.004353702068328857,0.0024749338626861572,0.003116235136985779,0.08,0.612086539765078,"[array([[0.        , 0.38715273],
       [0.        , 0.4024018 ],
       [0.        , 0.41882491],
       [0.        , 0.4200452 ],
       [0.        , 0.42704388],
       [0.        , 0.43022469],
       [0.        , 0.43346915],
       [0.        , 0.43742695],
       [0.        , 0.43869025],
       [0.        , 0.44034603],
       [0.        , 0.4407419 ],
       [0.        , 0.44131434],
       [0.        , 0.45158815],
       [0.        , 0.45816064],
       [0.        , 0.46611732],
       [0.        , 0.48943576],
       [0.        , 0.48993608],
       [0.        , 0.49441165],
       [0.        , 0.50319093],
       [0.        , 0.50763631],
       [0.        , 0.51019049],
       [0.        , 0.5193283 ],
       [0.        , 0.53446275],
       [0.        , 0.5601083 ],
       [0.        , 0.56347179],
       [0.        , 0.59572577],
       [0.        , 0.59711146],
       [0.        , 0.59857076],
       [0.        , 0.600411  ],
       [0.        , 0.61718887],
       [0.        , 0.6256367 ],
       [0.        , 0.64312124],
       [0.        , 0.65737855],
       [0.        , 0.66749316],
       [0.        , 0.66821128],
       [0.        , 0.67314613],
       [0.        , 0.68003786],
       [0.        , 0.68048471],
       [0.        , 0.68424034],
       [0.        , 0.69110173],
       [0.        , 0.69399297],
       [0.        , 0.69570953],
       [0.        , 0.70652741],
       [0.        , 0.71545589],
       [0.        , 0.73168314],
       [0.        , 0.73954695],
       [0.        , 0.75007266],
       [0.        , 0.75211084],
       [0.        , 0.75469291],
       [0.        , 0.76409489],
       [0.        , 0.77404886],
       [0.        , 0.7794314 ],
       [0.        , 0.79852343],
       [0.        , 0.80722773],
       [0.        , 0.86557019],
       [0.        ,        inf]]), array([[0.54395813, 0.54831183],
       [0.45820966, 0.46008843]])]",False
109,0.8592819571495056,0.0005936622619628906,0.6408463073979824,80.78,4.666349286979989,1,0.04067552089691162,0.04067552089691162,0.04067552089691162,0.98,-0.0,"[array([[0.        , 0.36035633],
       [0.        , 0.38544127],
       [0.        , 0.38715273],
       [0.        , 0.39394933],
       [0.        , 0.39707401],
       [0.        , 0.4024018 ],
       [0.        , 0.41486451],
       [0.        , 0.41812924],
       [0.        , 0.41882491],
       [0.        , 0.4200452 ],
       [0.        , 0.42880875],
       [0.        , 0.43425018],
       [0.        , 0.43726656],
       [0.        , 0.43742695],
       [0.        , 0.43789533],
       [0.        , 0.44034603],
       [0.        , 0.4407419 ],
       [0.        , 0.44134226],
       [0.        , 0.45158815],
       [0.        , 0.45816064],
       [0.        , 0.46210781],
       [0.        , 0.46668717],
       [0.        , 0.47109911],
       [0.        , 0.49417058],
       [0.        , 0.49441165],
       [0.        , 0.50319093],
       [0.        , 0.51250052],
       [0.        , 0.52250391],
       [0.        , 0.5237363 ],
       [0.        , 0.52437967],
       [0.        , 0.55051845],
       [0.        , 0.5601083 ],
       [0.        , 0.56347179],
       [0.        , 0.56363392],
       [0.        , 0.56529474],
       [0.        , 0.58724385],
       [0.        , 0.60191256],
       [0.        , 0.61296773],
       [0.        , 0.61564267],
       [0.        , 0.61682642],
       [0.        , 0.61721033],
       [0.        , 0.61822152],
       [0.        , 0.62526351],
       [0.        , 0.62542242],
       [0.        , 0.63536566],
       [0.        , 0.63815796],
       [0.        , 0.64506394],
       [0.        , 0.64656252],
       [0.        , 0.64678931],
       [0.        , 0.65139461],
       [0.        , 0.65593606],
       [0.        , 0.65827745],
       [0.        , 0.65920097],
       [0.        , 0.6680519 ],
       [0.        , 0.66821128],
       [0.        , 0.66929483],
       [0.        , 0.67470199],
       [0.        , 0.67549247],
       [0.        , 0.68003786],
       [0.        , 0.69012737],
       [0.        , 0.69338804],
       [0.        , 0.69420874],
       [0.        , 0.70245641],
       [0.        , 0.70381415],
       [0.        , 0.70498931],
       [0.        , 0.70843285],
       [0.        , 0.70981807],
       [0.        , 0.7131111 ],
       [0.        , 0.71755993],
       [0.        , 0.7190125 ],
       [0.        , 0.72281027],
       [0.        , 0.72352958],
       [0.        , 0.73208857],
       [0.        , 0.73343742],
       [0.        , 0.73350042],
       [0.        , 0.73778361],
       [0.        , 0.73874879],
       [0.        , 0.73876715],
       [0.        , 0.74073493],
       [0.        , 0.74407691],
       [0.        , 0.74417025],
       [0.        , 0.74598753],
       [0.        , 0.74862087],
       [0.        , 0.75165874],
       [0.        , 0.75755519],
       [0.        , 0.7623502 ],
       [0.        , 0.763152  ],
       [0.        , 0.76509219],
       [0.        , 0.76863271],
       [0.        , 0.76921088],
       [0.        , 0.78272897],
       [0.        , 0.7862491 ],
       [0.        , 0.79054242],
       [0.        , 0.79395229],
       [0.        , 0.80399007],
       [0.        , 0.80897123],
       [0.        , 0.81054664],
       [0.        , 0.81287861],
       [0.        , 0.81695229],
       [0.        , 0.81741732],
       [0.        , 0.82502806],
       [0.        , 0.82507503],
       [0.        , 0.8287794 ],
       [0.        , 0.83091974],
       [0.        , 0.84277767],
       [0.        , 0.84773022],
       [0.        , 0.85378075],
       [0.        , 0.85868829],
       [0.        , 0.85928196],
       [0.        ,        inf]]), array([[0.50763631, 0.54831183]])]",True
39,0.8655701875686646,0.06901335716247559,0.5791524556966928,25.98,3.639081500300518,0,0.0,0.0,0.0,0.0,0.0,"[array([[0.        , 0.38715273],
       [0.        , 0.39394933],
       [0.        , 0.40142474],
       [0.        , 0.4200452 ],
       [0.        , 0.42704388],
       [0.        , 0.43057579],
       [0.        , 0.43425018],
       [0.        , 0.45440641],
       [0.        , 0.45820966],
       [0.        , 0.4618395 ],
       [0.        , 0.46611732],
       [0.        , 0.4668698 ],
       [0.        , 0.48943576],
       [0.        , 0.49441165],
       [0.        , 0.49727815],
       [0.        , 0.50319093],
       [0.        , 0.50763631],
       [0.        , 0.53744721],
       [0.        , 0.5601083 ],
       [0.        , 0.56347179],
       [0.        , 0.59065706],
       [0.        , 0.61390662],
       [0.        , 0.63755333],
       [0.        , 0.64312124],
       [0.        , 0.65432966],
       [0.        , 0.65433538],
       [0.        , 0.66749316],
       [0.        , 0.67158049],
       [0.        , 0.67510372],
       [0.        , 0.68003786],
       [0.        , 0.68205923],
       [0.        , 0.69005692],
       [0.        , 0.69355071],
       [0.        , 0.74694288],
       [0.        , 0.75043803],
       [0.        , 0.75469291],
       [0.        , 0.76409489],
       [0.        , 0.79655683],
       [0.        , 0.86557019],
       [0.        ,        inf]]), array([], shape=(0, 2), dtype=float64)]",True
74,0.8525242209434509,0.01627439260482788,0.6005369843663396,51.86,4.284542041073221,1,0.004353702068328857,0.004353702068328857,0.004353702068328857,0.98,-0.0,"[array([[0.        , 0.38715273],
       [0.        , 0.39707401],
       [0.        , 0.4024018 ],
       [0.        , 0.41486451],
       [0.        , 0.41882491],
       [0.        , 0.4200452 ],
       [0.        , 0.43022469],
       [0.        , 0.43742695],
       [0.        , 0.43905649],
       [0.        , 0.44034603],
       [0.        , 0.4407419 ],
       [0.        , 0.44131434],
       [0.        , 0.45158815],
       [0.        , 0.45816064],
       [0.        , 0.46210781],
       [0.        , 0.48943576],
       [0.        , 0.48953468],
       [0.        , 0.49441165],
       [0.        , 0.50319093],
       [0.        , 0.50763631],
       [0.        , 0.51250052],
       [0.        , 0.52250391],
       [0.        , 0.52437967],
       [0.        , 0.53367281],
       [0.        , 0.53452533],
       [0.        , 0.54428726],
       [0.        , 0.5601083 ],
       [0.        , 0.56347179],
       [0.        , 0.56363392],
       [0.        , 0.56529474],
       [0.        , 0.57618207],
       [0.        , 0.58160561],
       [0.        , 0.58724385],
       [0.        , 0.5874216 ],
       [0.        , 0.61721033],
       [0.        , 0.61822152],
       [0.        , 0.62093544],
       [0.        , 0.62256777],
       [0.        , 0.62542242],
       [0.        , 0.62687325],
       [0.        , 0.63213915],
       [0.        , 0.63761818],
       [0.        , 0.64312124],
       [0.        , 0.64656252],
       [0.        , 0.64678931],
       [0.        , 0.64790231],
       [0.        , 0.65219593],
       [0.        , 0.65920097],
       [0.        , 0.66798931],
       [0.        , 0.67197263],
       [0.        , 0.67549247],
       [0.        , 0.68003786],
       [0.        , 0.68258053],
       [0.        , 0.68526888],
       [0.        , 0.69862539],
       [0.        , 0.70245641],
       [0.        , 0.70511675],
       [0.        , 0.7088598 ],
       [0.        , 0.70981807],
       [0.        , 0.71180212],
       [0.        , 0.71301174],
       [0.        , 0.7131111 ],
       [0.        , 0.71385914],
       [0.        , 0.71755993],
       [0.        , 0.72047108],
       [0.        , 0.72048169],
       [0.        , 0.72457093],
       [0.        , 0.72588694],
       [0.        , 0.75469291],
       [0.        , 0.78182143],
       [0.        , 0.78272897],
       [0.        , 0.80361545],
       [0.        , 0.83624983],
       [0.        , 0.85252422],
       [0.        ,        inf]]), array([[0.54395813, 0.54831183]])]",True
152,0.8534849286079407,0.007640957832336426,0.6280416724713225,111.24,5.003868812579423,3,0.04067552089691162,0.029665201902389526,0.01785486936569214,0.6,0.6517316627052068,"[array([[0.        , 0.36035633],
       [0.        , 0.37337586],
       [0.        , 0.38544127],
       [0.        , 0.38715273],
       [0.        , 0.39394933],
       [0.        , 0.4024018 ],
       [0.        , 0.41499496],
       [0.        , 0.41882491],
       [0.        , 0.4200452 ],
       [0.        , 0.4210099 ],
       [0.        , 0.42704388],
       [0.        , 0.42880875],
       [0.        , 0.43425018],
       [0.        , 0.43584964],
       [0.        , 0.43726656],
       [0.        , 0.43742695],
       [0.        , 0.43789533],
       [0.        , 0.43869025],
       [0.        , 0.43905649],
       [0.        , 0.44034603],
       [0.        , 0.4407419 ],
       [0.        , 0.44134226],
       [0.        , 0.45158815],
       [0.        , 0.45816064],
       [0.        , 0.46210781],
       [0.        , 0.47358829],
       [0.        , 0.47560501],
       [0.        , 0.4816035 ],
       [0.        , 0.49274367],
       [0.        , 0.49441165],
       [0.        , 0.494874  ],
       [0.        , 0.49657497],
       [0.        , 0.5014888 ],
       [0.        , 0.50178498],
       [0.        , 0.50319093],
       [0.        , 0.51280475],
       [0.        , 0.51477194],
       [0.        , 0.53446275],
       [0.        , 0.53487867],
       [0.        , 0.54417998],
       [0.        , 0.54428726],
       [0.        , 0.55051845],
       [0.        , 0.56006187],
       [0.        , 0.5601083 ],
       [0.        , 0.56347179],
       [0.        , 0.56529474],
       [0.        , 0.56674522],
       [0.        , 0.56914806],
       [0.        , 0.57141787],
       [0.        , 0.57581174],
       [0.        , 0.5799017 ],
       [0.        , 0.58539951],
       [0.        , 0.58724385],
       [0.        , 0.59745759],
       [0.        , 0.60134113],
       [0.        , 0.61497611],
       [0.        , 0.61858058],
       [0.        , 0.62542242],
       [0.        , 0.62698603],
       [0.        , 0.62757993],
       [0.        , 0.63213915],
       [0.        , 0.63266665],
       [0.        , 0.6342932 ],
       [0.        , 0.63485289],
       [0.        , 0.64023095],
       [0.        , 0.6407392 ],
       [0.        , 0.64095145],
       [0.        , 0.64323443],
       [0.        , 0.64350271],
       [0.        , 0.645657  ],
       [0.        , 0.64630258],
       [0.        , 0.64757138],
       [0.        , 0.64790231],
       [0.        , 0.65118778],
       [0.        , 0.65546256],
       [0.        , 0.65659493],
       [0.        , 0.65692902],
       [0.        , 0.65707487],
       [0.        , 0.65737855],
       [0.        , 0.65898514],
       [0.        , 0.65967602],
       [0.        , 0.66186082],
       [0.        , 0.66363138],
       [0.        , 0.66527545],
       [0.        , 0.66571653],
       [0.        , 0.6679396 ],
       [0.        , 0.66798931],
       [0.        , 0.6739465 ],
       [0.        , 0.67470199],
       [0.        , 0.67832834],
       [0.        , 0.68003786],
       [0.        , 0.6805681 ],
       [0.        , 0.68216431],
       [0.        , 0.68236887],
       [0.        , 0.68268132],
       [0.        , 0.68721074],
       [0.        , 0.68881077],
       [0.        , 0.69555575],
       [0.        , 0.70018244],
       [0.        , 0.70035207],
       [0.        , 0.70050138],
       [0.        , 0.70067245],
       [0.        , 0.702061  ],
       [0.        , 0.70361441],
       [0.        , 0.7036615 ],
       [0.        , 0.70461494],
       [0.        , 0.71097296],
       [0.        , 0.7117067 ],
       [0.        , 0.71215898],
       [0.        , 0.71287447],
       [0.        , 0.71462029],
       [0.        , 0.71737885],
       [0.        , 0.7190125 ],
       [0.        , 0.71914786],
       [0.        , 0.71959531],
       [0.        , 0.71996498],
       [0.        , 0.72777003],
       [0.        , 0.72837371],
       [0.        , 0.73325306],
       [0.        , 0.73337263],
       [0.        , 0.73505795],
       [0.        , 0.73880184],
       [0.        , 0.74262482],
       [0.        , 0.74463552],
       [0.        , 0.74687898],
       [0.        , 0.74709332],
       [0.        , 0.74853253],
       [0.        , 0.74969196],
       [0.        , 0.75153995],
       [0.        , 0.7549476 ],
       [0.        , 0.75680184],
       [0.        , 0.76004416],
       [0.        , 0.76056904],
       [0.        , 0.76220125],
       [0.        , 0.76948744],
       [0.        , 0.76957768],
       [0.        , 0.7707324 ],
       [0.        , 0.77823973],
       [0.        , 0.78219372],
       [0.        , 0.78470248],
       [0.        , 0.78854907],
       [0.        , 0.789738  ],
       [0.        , 0.79158801],
       [0.        , 0.79396451],
       [0.        , 0.79423696],
       [0.        , 0.79482806],
       [0.        , 0.7976405 ],
       [0.        , 0.79987377],
       [0.        , 0.81982785],
       [0.        , 0.82357627],
       [0.        , 0.84584397],
       [0.        , 0.85348493],
       [0.        ,        inf]]), array([[0.50763631, 0.54831183],
       [0.48856062, 0.49957094],
       [0.45820966, 0.46008843]])]",False
166,0.8477302193641663,0.0018862485885620117,0.6325063276362707,122.98,5.091837973158862,3,0.03884565830230713,0.027835339307785034,0.018650084733963013,1.02,0.8147217833192031,"[array([[0.        , 0.37337586],
       [0.        , 0.38544127],
       [0.        , 0.38715273],
       [0.        , 0.39394933],
       [0.        , 0.39535582],
       [0.        , 0.40019047],
       [0.        , 0.4024018 ],
       [0.        , 0.41486451],
       [0.        , 0.41499496],
       [0.        , 0.41812924],
       [0.        , 0.41882491],
       [0.        , 0.4200452 ],
       [0.        , 0.4210099 ],
       [0.        , 0.42880875],
       [0.        , 0.43425018],
       [0.        , 0.43584964],
       [0.        , 0.43726656],
       [0.        , 0.43742695],
       [0.        , 0.43789533],
       [0.        , 0.43905649],
       [0.        , 0.4407419 ],
       [0.        , 0.44134226],
       [0.        , 0.45158815],
       [0.        , 0.45816064],
       [0.        , 0.45996878],
       [0.        , 0.46057391],
       [0.        , 0.46210781],
       [0.        , 0.46611732],
       [0.        , 0.46811137],
       [0.        , 0.47109911],
       [0.        , 0.47358829],
       [0.        , 0.47560501],
       [0.        , 0.48132011],
       [0.        , 0.49441165],
       [0.        , 0.5014888 ],
       [0.        , 0.50194788],
       [0.        , 0.50319093],
       [0.        , 0.50763631],
       [0.        , 0.51280475],
       [0.        , 0.51701277],
       [0.        , 0.52758563],
       [0.        , 0.53487867],
       [0.        , 0.54428726],
       [0.        , 0.56006187],
       [0.        , 0.5601083 ],
       [0.        , 0.56347179],
       [0.        , 0.56529474],
       [0.        , 0.56674522],
       [0.        , 0.56914806],
       [0.        , 0.57141787],
       [0.        , 0.57797819],
       [0.        , 0.57922649],
       [0.        , 0.5799017 ],
       [0.        , 0.58724385],
       [0.        , 0.59253711],
       [0.        , 0.59745759],
       [0.        , 0.60134113],
       [0.        , 0.61497611],
       [0.        , 0.61622989],
       [0.        , 0.61858058],
       [0.        , 0.61980754],
       [0.        , 0.62017137],
       [0.        , 0.62542242],
       [0.        , 0.62698603],
       [0.        , 0.62757993],
       [0.        , 0.63213915],
       [0.        , 0.63266665],
       [0.        , 0.63338673],
       [0.        , 0.6342932 ],
       [0.        , 0.63485289],
       [0.        , 0.63490343],
       [0.        , 0.64312124],
       [0.        , 0.64323443],
       [0.        , 0.645657  ],
       [0.        , 0.64630258],
       [0.        , 0.64757138],
       [0.        , 0.64780909],
       [0.        , 0.64790231],
       [0.        , 0.65118778],
       [0.        , 0.65546256],
       [0.        , 0.65692902],
       [0.        , 0.65707487],
       [0.        , 0.65737855],
       [0.        , 0.65771359],
       [0.        , 0.65774447],
       [0.        , 0.65898514],
       [0.        , 0.65967602],
       [0.        , 0.66186082],
       [0.        , 0.67013687],
       [0.        , 0.67339486],
       [0.        , 0.67348361],
       [0.        , 0.6739465 ],
       [0.        , 0.67567366],
       [0.        , 0.67728287],
       [0.        , 0.67832834],
       [0.        , 0.68003786],
       [0.        , 0.68216431],
       [0.        , 0.68389183],
       [0.        , 0.68721014],
       [0.        , 0.68721074],
       [0.        , 0.68833119],
       [0.        , 0.68881077],
       [0.        , 0.70018244],
       [0.        , 0.70035207],
       [0.        , 0.70050138],
       [0.        , 0.70067245],
       [0.        , 0.70170116],
       [0.        , 0.702061  ],
       [0.        , 0.70361441],
       [0.        , 0.7036615 ],
       [0.        , 0.70461494],
       [0.        , 0.71215898],
       [0.        , 0.71281433],
       [0.        , 0.71462029],
       [0.        , 0.71496212],
       [0.        , 0.71737885],
       [0.        , 0.71888655],
       [0.        , 0.7190125 ],
       [0.        , 0.71914786],
       [0.        , 0.71940768],
       [0.        , 0.71959531],
       [0.        , 0.71996498],
       [0.        , 0.72699928],
       [0.        , 0.72777003],
       [0.        , 0.72837371],
       [0.        , 0.73337263],
       [0.        , 0.73505795],
       [0.        , 0.73518509],
       [0.        , 0.74262482],
       [0.        , 0.7428205 ],
       [0.        , 0.74544716],
       [0.        , 0.74598753],
       [0.        , 0.74709332],
       [0.        , 0.74853253],
       [0.        , 0.74969196],
       [0.        , 0.75153995],
       [0.        , 0.75239003],
       [0.        , 0.75469291],
       [0.        , 0.7549476 ],
       [0.        , 0.75680184],
       [0.        , 0.76056904],
       [0.        , 0.760598  ],
       [0.        , 0.7607829 ],
       [0.        , 0.76099122],
       [0.        , 0.7621783 ],
       [0.        , 0.76220125],
       [0.        , 0.76957768],
       [0.        , 0.7707324 ],
       [0.        , 0.77506471],
       [0.        , 0.77515793],
       [0.        , 0.77823973],
       [0.        , 0.78219372],
       [0.        , 0.78470248],
       [0.        , 0.78854907],
       [0.        , 0.789738  ],
       [0.        , 0.79158801],
       [0.        , 0.79396451],
       [0.        , 0.79423696],
       [0.        , 0.79482806],
       [0.        , 0.7976405 ],
       [0.        , 0.79987377],
       [0.        , 0.80076921],
       [0.        , 0.82357627],
       [0.        , 0.8287794 ],
       [0.        , 0.84584397],
       [0.        , 0.84773022],
       [0.        ,        inf]]), array([[0.50369948, 0.54254514],
       [0.494874  , 0.50096828],
       [0.48856062, 0.49957094]])]",False
51,0.796556830406189,0.007120966911315918,0.5838215567317664,37.14,3.911502977257484,2,0.004353702068328857,0.0024749338626861572,0.003116235136985779,0.08,0.612086539765078,"[array([[0.        , 0.38715273],
       [0.        , 0.39394933],
       [0.        , 0.4024018 ],
       [0.        , 0.41882491],
       [0.        , 0.4200452 ],
       [0.        , 0.42704388],
       [0.        , 0.42718205],
       [0.        , 0.43742695],
       [0.        , 0.44034603],
       [0.        , 0.4407419 ],
       [0.        , 0.45158815],
       [0.        , 0.45816064],
       [0.        , 0.48943576],
       [0.        , 0.49441165],
       [0.        , 0.50319093],
       [0.        , 0.50763631],
       [0.        , 0.50803167],
       [0.        , 0.51019049],
       [0.        , 0.5193283 ],
       [0.        , 0.5237363 ],
       [0.        , 0.54417998],
       [0.        , 0.5601083 ],
       [0.        , 0.56347179],
       [0.        , 0.56381392],
       [0.        , 0.57753301],
       [0.        , 0.60245025],
       [0.        , 0.61093163],
       [0.        , 0.61718887],
       [0.        , 0.61721033],
       [0.        , 0.636464  ],
       [0.        , 0.64112079],
       [0.        , 0.64312124],
       [0.        , 0.66438282],
       [0.        , 0.66821128],
       [0.        , 0.67144722],
       [0.        , 0.67158049],
       [0.        , 0.67352569],
       [0.        , 0.68003786],
       [0.        , 0.68047643],
       [0.        , 0.68290198],
       [0.        , 0.68639606],
       [0.        , 0.69033104],
       [0.        , 0.69116068],
       [0.        , 0.69313174],
       [0.        , 0.70125401],
       [0.        , 0.70630366],
       [0.        , 0.7270593 ],
       [0.        , 0.77349925],
       [0.        , 0.78878808],
       [0.        , 0.78943586],
       [0.        , 0.79655683],
       [0.        ,        inf]]), array([[0.54395813, 0.54831183],
       [0.45820966, 0.46008843]])]",False
51,0.8489511609077454,0.019369542598724365,0.6015096067213545,35.98,3.9045804024877677,1,0.004353702068328857,0.004353702068328857,0.004353702068328857,0.98,-0.0,"[array([[0.        , 0.38715273],
       [0.        , 0.39394933],
       [0.        , 0.40142474],
       [0.        , 0.4024018 ],
       [0.        , 0.41882491],
       [0.        , 0.4200452 ],
       [0.        , 0.42784503],
       [0.        , 0.43742695],
       [0.        , 0.43789533],
       [0.        , 0.44034603],
       [0.        , 0.4407419 ],
       [0.        , 0.44131434],
       [0.        , 0.44134226],
       [0.        , 0.45816064],
       [0.        , 0.48943576],
       [0.        , 0.48953468],
       [0.        , 0.49441165],
       [0.        , 0.50319093],
       [0.        , 0.50763631],
       [0.        , 0.53446275],
       [0.        , 0.5601083 ],
       [0.        , 0.56347179],
       [0.        , 0.58911747],
       [0.        , 0.60762435],
       [0.        , 0.62687325],
       [0.        , 0.63410687],
       [0.        , 0.64312124],
       [0.        , 0.64701724],
       [0.        , 0.6562044 ],
       [0.        , 0.65918511],
       [0.        , 0.66044641],
       [0.        , 0.66886812],
       [0.        , 0.67116433],
       [0.        , 0.67158049],
       [0.        , 0.67548895],
       [0.        , 0.68003786],
       [0.        , 0.68894786],
       [0.        , 0.69862539],
       [0.        , 0.70498931],
       [0.        , 0.70916331],
       [0.        , 0.73885781],
       [0.        , 0.7471022 ],
       [0.        , 0.75145006],
       [0.        , 0.7742669 ],
       [0.        , 0.78170443],
       [0.        , 0.79563016],
       [0.        , 0.79789573],
       [0.        , 0.80538625],
       [0.        , 0.82247829],
       [0.        , 0.82958162],
       [0.        , 0.84895116],
       [0.        ,        inf]]), array([[0.54395813, 0.54831183]])]",False
124,0.8728266954421997,0.008324027061462402,0.6433269746841923,90.76,4.798253372206383,1,0.0018787682056427002,0.0018787682056427002,0.0018787682056427002,0.98,-0.0,"[array([[0.        , 0.36035633],
       [0.        , 0.37337586],
       [0.        , 0.38714209],
       [0.        , 0.38715273],
       [0.        , 0.40142474],
       [0.        , 0.4024018 ],
       [0.        , 0.41486451],
       [0.        , 0.41499496],
       [0.        , 0.41882491],
       [0.        , 0.4200452 ],
       [0.        , 0.42704388],
       [0.        , 0.42880875],
       [0.        , 0.43425018],
       [0.        , 0.43726656],
       [0.        , 0.43742695],
       [0.        , 0.43905649],
       [0.        , 0.4407419 ],
       [0.        , 0.44134226],
       [0.        , 0.45158815],
       [0.        , 0.45816064],
       [0.        , 0.46972904],
       [0.        , 0.47109911],
       [0.        , 0.4866533 ],
       [0.        , 0.49441165],
       [0.        , 0.50319093],
       [0.        , 0.50763631],
       [0.        , 0.52250391],
       [0.        , 0.5237363 ],
       [0.        , 0.53367281],
       [0.        , 0.55240875],
       [0.        , 0.5601083 ],
       [0.        , 0.56089079],
       [0.        , 0.56347179],
       [0.        , 0.57204515],
       [0.        , 0.57655007],
       [0.        , 0.57973921],
       [0.        , 0.58370185],
       [0.        , 0.58432001],
       [0.        , 0.58837056],
       [0.        , 0.59764981],
       [0.        , 0.60249782],
       [0.        , 0.614842  ],
       [0.        , 0.61608994],
       [0.        , 0.62417752],
       [0.        , 0.62458652],
       [0.        , 0.62543547],
       [0.        , 0.62971807],
       [0.        , 0.63214779],
       [0.        , 0.63585818],
       [0.        , 0.63804781],
       [0.        , 0.64047289],
       [0.        , 0.64121574],
       [0.        , 0.64271283],
       [0.        , 0.64332157],
       [0.        , 0.649535  ],
       [0.        , 0.65377343],
       [0.        , 0.65871638],
       [0.        , 0.66082346],
       [0.        , 0.66090995],
       [0.        , 0.66283655],
       [0.        , 0.66877556],
       [0.        , 0.67110056],
       [0.        , 0.67204338],
       [0.        , 0.67865342],
       [0.        , 0.68003786],
       [0.        , 0.68268132],
       [0.        , 0.68593484],
       [0.        , 0.68721014],
       [0.        , 0.68761957],
       [0.        , 0.68777019],
       [0.        , 0.68832153],
       [0.        , 0.68941152],
       [0.        , 0.69009161],
       [0.        , 0.69123453],
       [0.        , 0.69399297],
       [0.        , 0.69437301],
       [0.        , 0.6955657 ],
       [0.        , 0.69561523],
       [0.        , 0.70564771],
       [0.        , 0.70623797],
       [0.        , 0.70848179],
       [0.        , 0.70904684],
       [0.        , 0.70931286],
       [0.        , 0.7121433 ],
       [0.        , 0.71351689],
       [0.        , 0.7204631 ],
       [0.        , 0.72229069],
       [0.        , 0.72659707],
       [0.        , 0.72699928],
       [0.        , 0.72866625],
       [0.        , 0.72915721],
       [0.        , 0.73208857],
       [0.        , 0.73523897],
       [0.        , 0.73956043],
       [0.        , 0.74265599],
       [0.        , 0.74519455],
       [0.        , 0.7486248 ],
       [0.        , 0.75145006],
       [0.        , 0.75469291],
       [0.        , 0.75527227],
       [0.        , 0.76306897],
       [0.        , 0.76479298],
       [0.        , 0.76617402],
       [0.        , 0.7747345 ],
       [0.        , 0.77965391],
       [0.        , 0.78929073],
       [0.        , 0.79045224],
       [0.        , 0.7913118 ],
       [0.        , 0.79249543],
       [0.        , 0.7956745 ],
       [0.        , 0.79976976],
       [0.        , 0.80401629],
       [0.        , 0.80523747],
       [0.        , 0.8141641 ],
       [0.        , 0.81831795],
       [0.        , 0.81978029],
       [0.        , 0.82528931],
       [0.        , 0.82958162],
       [0.        , 0.83891827],
       [0.        , 0.84133047],
       [0.        , 0.84773022],
       [0.        , 0.85378075],
       [0.        , 0.86450267],
       [0.        , 0.8728267 ],
       [0.        ,        inf]]), array([[0.45820966, 0.46008843]])]",True
165,0.8477302193641663,0.0018862485885620117,0.6315394248023177,122.04,5.085828619874628,3,0.04067552089691162,0.029665201902389526,0.01926003893216451,0.96,0.8002529902949189,"[array([[0.        , 0.37337586],
       [0.        , 0.38544127],
       [0.        , 0.38715273],
       [0.        , 0.39394933],
       [0.        , 0.39535582],
       [0.        , 0.40019047],
       [0.        , 0.4024018 ],
       [0.        , 0.41486451],
       [0.        , 0.41499496],
       [0.        , 0.41882491],
       [0.        , 0.4200452 ],
       [0.        , 0.4210099 ],
       [0.        , 0.42880875],
       [0.        , 0.43425018],
       [0.        , 0.43584964],
       [0.        , 0.43726656],
       [0.        , 0.43742695],
       [0.        , 0.43789533],
       [0.        , 0.43905649],
       [0.        , 0.44034603],
       [0.        , 0.4407419 ],
       [0.        , 0.44134226],
       [0.        , 0.45158815],
       [0.        , 0.45816064],
       [0.        , 0.45996878],
       [0.        , 0.46057391],
       [0.        , 0.46210781],
       [0.        , 0.46611732],
       [0.        , 0.46811137],
       [0.        , 0.47109911],
       [0.        , 0.47358829],
       [0.        , 0.47560501],
       [0.        , 0.48132011],
       [0.        , 0.49274367],
       [0.        , 0.49441165],
       [0.        , 0.5014888 ],
       [0.        , 0.50194788],
       [0.        , 0.50319093],
       [0.        , 0.51280475],
       [0.        , 0.51701277],
       [0.        , 0.52758563],
       [0.        , 0.53487867],
       [0.        , 0.54428726],
       [0.        , 0.56006187],
       [0.        , 0.5601083 ],
       [0.        , 0.56347179],
       [0.        , 0.56529474],
       [0.        , 0.56674522],
       [0.        , 0.56914806],
       [0.        , 0.57141787],
       [0.        , 0.57797819],
       [0.        , 0.57922649],
       [0.        , 0.5799017 ],
       [0.        , 0.58724385],
       [0.        , 0.59253711],
       [0.        , 0.59745759],
       [0.        , 0.60134113],
       [0.        , 0.61497611],
       [0.        , 0.61622989],
       [0.        , 0.61858058],
       [0.        , 0.61980754],
       [0.        , 0.62017137],
       [0.        , 0.62542242],
       [0.        , 0.62698603],
       [0.        , 0.62757993],
       [0.        , 0.63213915],
       [0.        , 0.63266665],
       [0.        , 0.63338673],
       [0.        , 0.6342932 ],
       [0.        , 0.63485289],
       [0.        , 0.63490343],
       [0.        , 0.64312124],
       [0.        , 0.64323443],
       [0.        , 0.645657  ],
       [0.        , 0.64630258],
       [0.        , 0.64757138],
       [0.        , 0.64780909],
       [0.        , 0.64790231],
       [0.        , 0.65118778],
       [0.        , 0.65546256],
       [0.        , 0.65692902],
       [0.        , 0.65707487],
       [0.        , 0.65737855],
       [0.        , 0.65771359],
       [0.        , 0.65774447],
       [0.        , 0.65898514],
       [0.        , 0.65967602],
       [0.        , 0.66006517],
       [0.        , 0.66186082],
       [0.        , 0.67013687],
       [0.        , 0.67339486],
       [0.        , 0.67348361],
       [0.        , 0.6739465 ],
       [0.        , 0.67567366],
       [0.        , 0.67728287],
       [0.        , 0.67832834],
       [0.        , 0.68003786],
       [0.        , 0.68216431],
       [0.        , 0.68389183],
       [0.        , 0.68721014],
       [0.        , 0.68721074],
       [0.        , 0.68833119],
       [0.        , 0.68881077],
       [0.        , 0.70018244],
       [0.        , 0.70035207],
       [0.        , 0.70050138],
       [0.        , 0.70067245],
       [0.        , 0.70170116],
       [0.        , 0.702061  ],
       [0.        , 0.70361441],
       [0.        , 0.7036615 ],
       [0.        , 0.70461494],
       [0.        , 0.71215898],
       [0.        , 0.71462029],
       [0.        , 0.71496212],
       [0.        , 0.71737885],
       [0.        , 0.71888655],
       [0.        , 0.7190125 ],
       [0.        , 0.71914786],
       [0.        , 0.71940768],
       [0.        , 0.71959531],
       [0.        , 0.71996498],
       [0.        , 0.72699928],
       [0.        , 0.72777003],
       [0.        , 0.72837371],
       [0.        , 0.73337263],
       [0.        , 0.73505795],
       [0.        , 0.74262482],
       [0.        , 0.7428205 ],
       [0.        , 0.7432577 ],
       [0.        , 0.74544716],
       [0.        , 0.74598753],
       [0.        , 0.74709332],
       [0.        , 0.74853253],
       [0.        , 0.74969196],
       [0.        , 0.75153995],
       [0.        , 0.75239003],
       [0.        , 0.7549476 ],
       [0.        , 0.75680184],
       [0.        , 0.76056904],
       [0.        , 0.760598  ],
       [0.        , 0.7607829 ],
       [0.        , 0.76099122],
       [0.        , 0.7621783 ],
       [0.        , 0.76220125],
       [0.        , 0.76957768],
       [0.        , 0.7707324 ],
       [0.        , 0.77506471],
       [0.        , 0.77515793],
       [0.        , 0.77823973],
       [0.        , 0.78219372],
       [0.        , 0.78470248],
       [0.        , 0.78854907],
       [0.        , 0.789738  ],
       [0.        , 0.79158801],
       [0.        , 0.79396451],
       [0.        , 0.79423696],
       [0.        , 0.79482806],
       [0.        , 0.7976405 ],
       [0.        , 0.79987377],
       [0.        , 0.80076921],
       [0.        , 0.82357627],
       [0.        , 0.8287794 ],
       [0.        , 0.84584397],
       [0.        , 0.84773022],
       [0.        ,        inf]]), array([[0.50763631, 0.54831183],
       [0.494874  , 0.50096828],
       [0.48856062, 0.49957094]])]",False
82,0.8778823614120483,0.005926191806793213,0.6227753220534906,57.82,4.382537476012114,1,0.03289109468460083,0.03289109468460083,0.03289109468460083,0.98,-0.0,"[array([[0.        , 0.37337586],
       [0.        , 0.38715273],
       [0.        , 0.4024018 ],
       [0.        , 0.41499496],
       [0.        , 0.41882491],
       [0.        , 0.4200452 ],
       [0.        , 0.4210099 ],
       [0.        , 0.42880875],
       [0.        , 0.42947099],
       [0.        , 0.43057579],
       [0.        , 0.43742695],
       [0.        , 0.43905649],
       [0.        , 0.4407419 ],
       [0.        , 0.44131434],
       [0.        , 0.44134226],
       [0.        , 0.45158815],
       [0.        , 0.45816064],
       [0.        , 0.46210781],
       [0.        , 0.49441165],
       [0.        , 0.50319093],
       [0.        , 0.50553972],
       [0.        , 0.50763631],
       [0.        , 0.51463467],
       [0.        , 0.52250391],
       [0.        , 0.53367281],
       [0.        , 0.53487867],
       [0.        , 0.5601083 ],
       [0.        , 0.56188154],
       [0.        , 0.56347179],
       [0.        , 0.56430399],
       [0.        , 0.56594902],
       [0.        , 0.57047457],
       [0.        , 0.57611614],
       [0.        , 0.58568138],
       [0.        , 0.59790552],
       [0.        , 0.60622358],
       [0.        , 0.61564267],
       [0.        , 0.64554161],
       [0.        , 0.64994431],
       [0.        , 0.65139461],
       [0.        , 0.65219593],
       [0.        , 0.65906948],
       [0.        , 0.663041  ],
       [0.        , 0.67337751],
       [0.        , 0.67507291],
       [0.        , 0.67520344],
       [0.        , 0.67639655],
       [0.        , 0.68003786],
       [0.        , 0.68383336],
       [0.        , 0.69555575],
       [0.        , 0.6960057 ],
       [0.        , 0.69998693],
       [0.        , 0.70234281],
       [0.        , 0.71180212],
       [0.        , 0.71301174],
       [0.        , 0.71407849],
       [0.        , 0.7161622 ],
       [0.        , 0.71690977],
       [0.        , 0.71831316],
       [0.        , 0.719069  ],
       [0.        , 0.72047108],
       [0.        , 0.72048169],
       [0.        , 0.72745985],
       [0.        , 0.72832811],
       [0.        , 0.73090863],
       [0.        , 0.73768127],
       [0.        , 0.74502033],
       [0.        , 0.74849546],
       [0.        , 0.75338787],
       [0.        , 0.75469291],
       [0.        , 0.75828117],
       [0.        , 0.76849753],
       [0.        , 0.77620786],
       [0.        , 0.7889607 ],
       [0.        , 0.79264623],
       [0.        , 0.79744774],
       [0.        , 0.80361545],
       [0.        , 0.80446845],
       [0.        , 0.83718848],
       [0.        , 0.85252422],
       [0.        , 0.87195617],
       [0.        , 0.87788236],
       [0.        ,        inf]]), array([[0.50720167, 0.54009277]])]",False
125,0.8773775100708008,0.004550814628601074,0.6409035596847534,90.7,4.807959993059148,3,0.03289109468460083,0.021880775690078735,0.016300946474075317,0.94,0.8356557141760351,"[array([[0.        , 0.37337586],
       [0.        , 0.38715273],
       [0.        , 0.39394933],
       [0.        , 0.39707401],
       [0.        , 0.4024018 ],
       [0.        , 0.41499496],
       [0.        , 0.41882491],
       [0.        , 0.4200452 ],
       [0.        , 0.42880875],
       [0.        , 0.43057579],
       [0.        , 0.43742695],
       [0.        , 0.4407419 ],
       [0.        , 0.44131434],
       [0.        , 0.45158815],
       [0.        , 0.45816064],
       [0.        , 0.46361813],
       [0.        , 0.46480671],
       [0.        , 0.46972904],
       [0.        , 0.47109911],
       [0.        , 0.47767586],
       [0.        , 0.48444536],
       [0.        , 0.49441165],
       [0.        , 0.50319093],
       [0.        , 0.50763631],
       [0.        , 0.50916106],
       [0.        , 0.51167417],
       [0.        , 0.51571423],
       [0.        , 0.51805323],
       [0.        , 0.52250391],
       [0.        , 0.52275991],
       [0.        , 0.5237363 ],
       [0.        , 0.53367281],
       [0.        , 0.53452533],
       [0.        , 0.55051845],
       [0.        , 0.5601083 ],
       [0.        , 0.56347179],
       [0.        , 0.57327157],
       [0.        , 0.57581174],
       [0.        , 0.58370185],
       [0.        , 0.58718193],
       [0.        , 0.59646887],
       [0.        , 0.59764981],
       [0.        , 0.60134113],
       [0.        , 0.60213548],
       [0.        , 0.61608994],
       [0.        , 0.62236881],
       [0.        , 0.62467039],
       [0.        , 0.62971807],
       [0.        , 0.63125932],
       [0.        , 0.63437635],
       [0.        , 0.63460577],
       [0.        , 0.64047289],
       [0.        , 0.6405077 ],
       [0.        , 0.64121574],
       [0.        , 0.64501524],
       [0.        , 0.64830285],
       [0.        , 0.65229803],
       [0.        , 0.65377343],
       [0.        , 0.65871638],
       [0.        , 0.66082346],
       [0.        , 0.66090995],
       [0.        , 0.66432631],
       [0.        , 0.66527545],
       [0.        , 0.6679396 ],
       [0.        , 0.66877556],
       [0.        , 0.67204338],
       [0.        , 0.6762408 ],
       [0.        , 0.67865342],
       [0.        , 0.68003786],
       [0.        , 0.68593484],
       [0.        , 0.68721014],
       [0.        , 0.68721074],
       [0.        , 0.68761957],
       [0.        , 0.68773246],
       [0.        , 0.68777019],
       [0.        , 0.69009161],
       [0.        , 0.69419235],
       [0.        , 0.69437301],
       [0.        , 0.69485843],
       [0.        , 0.6955657 ],
       [0.        , 0.70356309],
       [0.        , 0.70564771],
       [0.        , 0.70623797],
       [0.        , 0.70848179],
       [0.        , 0.71244311],
       [0.        , 0.71276659],
       [0.        , 0.71351689],
       [0.        , 0.71636444],
       [0.        , 0.71706188],
       [0.        , 0.7182616 ],
       [0.        , 0.7204631 ],
       [0.        , 0.72229069],
       [0.        , 0.72866625],
       [0.        , 0.72874516],
       [0.        , 0.731296  ],
       [0.        , 0.73208857],
       [0.        , 0.73874921],
       [0.        , 0.74193352],
       [0.        , 0.74265599],
       [0.        , 0.7486248 ],
       [0.        , 0.75469291],
       [0.        , 0.75605619],
       [0.        , 0.76157987],
       [0.        , 0.76306897],
       [0.        , 0.76479298],
       [0.        , 0.76617402],
       [0.        , 0.76854318],
       [0.        , 0.77156967],
       [0.        , 0.77307117],
       [0.        , 0.78711092],
       [0.        , 0.7913118 ],
       [0.        , 0.7956745 ],
       [0.        , 0.79593027],
       [0.        , 0.79976976],
       [0.        , 0.80713242],
       [0.        , 0.81626582],
       [0.        , 0.81978029],
       [0.        , 0.82528931],
       [0.        , 0.82894093],
       [0.        , 0.83865422],
       [0.        , 0.83891827],
       [0.        , 0.8519932 ],
       [0.        , 0.85907567],
       [0.        , 0.8728267 ],
       [0.        , 0.87737751],
       [0.        ,        inf]]), array([[0.50903082, 0.51403224],
       [0.50720167, 0.54009277],
       [0.48856062, 0.49957094]])]",True
100,0.8655701875686646,0.021739065647125244,0.5915651994943619,67.88,4.580967162828783,2,0.04067552089691162,0.03879675269126892,0.02127714455127716,0.48,0.1809156239471263,"[array([[0.        , 0.36035633],
       [0.        , 0.38544127],
       [0.        , 0.38715273],
       [0.        , 0.39394933],
       [0.        , 0.39535582],
       [0.        , 0.39707401],
       [0.        , 0.40142474],
       [0.        , 0.4024018 ],
       [0.        , 0.41486451],
       [0.        , 0.41882491],
       [0.        , 0.4200452 ],
       [0.        , 0.42704388],
       [0.        , 0.42880875],
       [0.        , 0.43057579],
       [0.        , 0.43425018],
       [0.        , 0.43726656],
       [0.        , 0.43742695],
       [0.        , 0.43789533],
       [0.        , 0.43869025],
       [0.        , 0.43905649],
       [0.        , 0.44034603],
       [0.        , 0.4407419 ],
       [0.        , 0.45158815],
       [0.        , 0.45816064],
       [0.        , 0.46210781],
       [0.        , 0.46611732],
       [0.        , 0.46668717],
       [0.        , 0.4668766 ],
       [0.        , 0.46972904],
       [0.        , 0.47109911],
       [0.        , 0.48639411],
       [0.        , 0.49370015],
       [0.        , 0.49441165],
       [0.        , 0.49578813],
       [0.        , 0.50319093],
       [0.        , 0.52250391],
       [0.        , 0.52437967],
       [0.        , 0.53744721],
       [0.        , 0.5601083 ],
       [0.        , 0.56347179],
       [0.        , 0.56363392],
       [0.        , 0.56529474],
       [0.        , 0.57581174],
       [0.        , 0.58724385],
       [0.        , 0.59622848],
       [0.        , 0.59774822],
       [0.        , 0.60374957],
       [0.        , 0.61080259],
       [0.        , 0.61682642],
       [0.        , 0.61721033],
       [0.        , 0.61822152],
       [0.        , 0.62542242],
       [0.        , 0.62934804],
       [0.        , 0.63345599],
       [0.        , 0.64198923],
       [0.        , 0.64312124],
       [0.        , 0.64412034],
       [0.        , 0.64656252],
       [0.        , 0.64678931],
       [0.        , 0.65275097],
       [0.        , 0.65433538],
       [0.        , 0.65920097],
       [0.        , 0.65931249],
       [0.        , 0.65985948],
       [0.        , 0.66044641],
       [0.        , 0.66724849],
       [0.        , 0.66821128],
       [0.        , 0.67158049],
       [0.        , 0.67204338],
       [0.        , 0.67468607],
       [0.        , 0.67549247],
       [0.        , 0.68003786],
       [0.        , 0.68205923],
       [0.        , 0.68616492],
       [0.        , 0.68646944],
       [0.        , 0.69110173],
       [0.        , 0.69495112],
       [0.        , 0.70234281],
       [0.        , 0.70245641],
       [0.        , 0.70981807],
       [0.        , 0.7131111 ],
       [0.        , 0.71682382],
       [0.        , 0.71755993],
       [0.        , 0.72025549],
       [0.        , 0.72050357],
       [0.        , 0.7322157 ],
       [0.        , 0.74297076],
       [0.        , 0.74546301],
       [0.        , 0.75007266],
       [0.        , 0.75213277],
       [0.        , 0.75469291],
       [0.        , 0.76523238],
       [0.        , 0.7653687 ],
       [0.        , 0.7782464 ],
       [0.        , 0.77895993],
       [0.        , 0.7794314 ],
       [0.        , 0.78272897],
       [0.        , 0.79444474],
       [0.        , 0.84383112],
       [0.        , 0.86557019],
       [0.        ,        inf]]), array([[0.50763631, 0.54831183],
       [0.45820966, 0.46008843]])]",True
110,0.8541921973228455,0.01527392864227295,0.6329338000579314,80.94,4.681152542900731,1,0.022851765155792236,0.022851765155792236,0.022851765155792236,0.98,-0.0,"[array([[0.        , 0.38714209],
       [0.        , 0.38715273],
       [0.        , 0.39394933],
       [0.        , 0.39707401],
       [0.        , 0.40142474],
       [0.        , 0.4024018 ],
       [0.        , 0.41882491],
       [0.        , 0.4200452 ],
       [0.        , 0.42880875],
       [0.        , 0.43057579],
       [0.        , 0.43742695],
       [0.        , 0.43789533],
       [0.        , 0.4407419 ],
       [0.        , 0.44131434],
       [0.        , 0.45158815],
       [0.        , 0.45816064],
       [0.        , 0.46668717],
       [0.        , 0.46972904],
       [0.        , 0.4895739 ],
       [0.        , 0.49441165],
       [0.        , 0.50319093],
       [0.        , 0.50763631],
       [0.        , 0.51225543],
       [0.        , 0.51773721],
       [0.        , 0.52250391],
       [0.        , 0.52275991],
       [0.        , 0.5237363 ],
       [0.        , 0.52640349],
       [0.        , 0.53939617],
       [0.        , 0.54474694],
       [0.        , 0.5601083 ],
       [0.        , 0.56347179],
       [0.        , 0.5684827 ],
       [0.        , 0.57204515],
       [0.        , 0.5829379 ],
       [0.        , 0.58370185],
       [0.        , 0.59717441],
       [0.        , 0.59764981],
       [0.        , 0.60930002],
       [0.        , 0.61608994],
       [0.        , 0.62417752],
       [0.        , 0.62778896],
       [0.        , 0.62971807],
       [0.        , 0.64045918],
       [0.        , 0.64047289],
       [0.        , 0.64121574],
       [0.        , 0.64360398],
       [0.        , 0.64455235],
       [0.        , 0.64842957],
       [0.        , 0.64894146],
       [0.        , 0.65239954],
       [0.        , 0.65377343],
       [0.        , 0.65871638],
       [0.        , 0.66082346],
       [0.        , 0.66090995],
       [0.        , 0.6624186 ],
       [0.        , 0.66877556],
       [0.        , 0.67204338],
       [0.        , 0.67348361],
       [0.        , 0.67865342],
       [0.        , 0.68003786],
       [0.        , 0.68268132],
       [0.        , 0.68389875],
       [0.        , 0.68593484],
       [0.        , 0.68721014],
       [0.        , 0.68761957],
       [0.        , 0.68777019],
       [0.        , 0.68777621],
       [0.        , 0.68929291],
       [0.        , 0.69009161],
       [0.        , 0.69437301],
       [0.        , 0.6955657 ],
       [0.        , 0.69886506],
       [0.        , 0.70024103],
       [0.        , 0.70564771],
       [0.        , 0.70623797],
       [0.        , 0.70848179],
       [0.        , 0.70978987],
       [0.        , 0.71351689],
       [0.        , 0.71705091],
       [0.        , 0.7204631 ],
       [0.        , 0.72125638],
       [0.        , 0.72229069],
       [0.        , 0.72338164],
       [0.        , 0.72704434],
       [0.        , 0.72866625],
       [0.        , 0.73131293],
       [0.        , 0.73208857],
       [0.        , 0.7336306 ],
       [0.        , 0.74265599],
       [0.        , 0.7486248 ],
       [0.        , 0.7499603 ],
       [0.        , 0.75469291],
       [0.        , 0.76200914],
       [0.        , 0.76296699],
       [0.        , 0.76306897],
       [0.        , 0.76412201],
       [0.        , 0.76441288],
       [0.        , 0.76479298],
       [0.        , 0.76617402],
       [0.        , 0.77417636],
       [0.        , 0.77747405],
       [0.        , 0.7913118 ],
       [0.        , 0.79281873],
       [0.        , 0.7956745 ],
       [0.        , 0.79976976],
       [0.        , 0.81978029],
       [0.        , 0.82528931],
       [0.        , 0.83891827],
       [0.        , 0.8541922 ],
       [0.        ,        inf]]), array([[0.53367281, 0.55652457]])]",True
105,0.8389182686805725,0.009336650371551514,0.6327326016766684,78.68,4.634454855845248,0,0.0,0.0,0.0,0.0,0.0,"[array([[0.        , 0.38715273],
       [0.        , 0.39394933],
       [0.        , 0.4024018 ],
       [0.        , 0.41343367],
       [0.        , 0.41812924],
       [0.        , 0.41882491],
       [0.        , 0.4200452 ],
       [0.        , 0.42880875],
       [0.        , 0.43425018],
       [0.        , 0.43726656],
       [0.        , 0.43742695],
       [0.        , 0.43905649],
       [0.        , 0.4407419 ],
       [0.        , 0.44134226],
       [0.        , 0.45008722],
       [0.        , 0.45158815],
       [0.        , 0.45816064],
       [0.        , 0.46210781],
       [0.        , 0.46668717],
       [0.        , 0.46972904],
       [0.        , 0.49158663],
       [0.        , 0.49441165],
       [0.        , 0.50319093],
       [0.        , 0.50763631],
       [0.        , 0.52250391],
       [0.        , 0.52275991],
       [0.        , 0.5237363 ],
       [0.        , 0.55051845],
       [0.        , 0.5601083 ],
       [0.        , 0.56347179],
       [0.        , 0.56363392],
       [0.        , 0.57327157],
       [0.        , 0.58370185],
       [0.        , 0.59764981],
       [0.        , 0.61608994],
       [0.        , 0.62015688],
       [0.        , 0.6236369 ],
       [0.        , 0.6256367 ],
       [0.        , 0.62971807],
       [0.        , 0.63001907],
       [0.        , 0.63111234],
       [0.        , 0.64047289],
       [0.        , 0.64121574],
       [0.        , 0.64312124],
       [0.        , 0.64323443],
       [0.        , 0.64433688],
       [0.        , 0.64770567],
       [0.        , 0.65061271],
       [0.        , 0.65377343],
       [0.        , 0.65871638],
       [0.        , 0.66082346],
       [0.        , 0.66090995],
       [0.        , 0.6627785 ],
       [0.        , 0.66542017],
       [0.        , 0.66877556],
       [0.        , 0.67040801],
       [0.        , 0.67204338],
       [0.        , 0.67348361],
       [0.        , 0.67549247],
       [0.        , 0.67865342],
       [0.        , 0.68003786],
       [0.        , 0.68236887],
       [0.        , 0.68523759],
       [0.        , 0.6858207 ],
       [0.        , 0.68593484],
       [0.        , 0.68721014],
       [0.        , 0.68761957],
       [0.        , 0.68777019],
       [0.        , 0.69009161],
       [0.        , 0.69437301],
       [0.        , 0.6955657 ],
       [0.        , 0.70316684],
       [0.        , 0.70564771],
       [0.        , 0.70623797],
       [0.        , 0.70848179],
       [0.        , 0.71351689],
       [0.        , 0.71870208],
       [0.        , 0.7204631 ],
       [0.        , 0.72110087],
       [0.        , 0.72229069],
       [0.        , 0.72866625],
       [0.        , 0.73208857],
       [0.        , 0.73954695],
       [0.        , 0.74265599],
       [0.        , 0.74269974],
       [0.        , 0.74840271],
       [0.        , 0.7486248 ],
       [0.        , 0.75145006],
       [0.        , 0.75469291],
       [0.        , 0.75757098],
       [0.        , 0.76068985],
       [0.        , 0.76306897],
       [0.        , 0.76479298],
       [0.        , 0.76617402],
       [0.        , 0.77428484],
       [0.        , 0.77914709],
       [0.        , 0.78626609],
       [0.        , 0.7913118 ],
       [0.        , 0.7956745 ],
       [0.        , 0.79641765],
       [0.        , 0.79976976],
       [0.        , 0.81978029],
       [0.        , 0.82528931],
       [0.        , 0.82958162],
       [0.        , 0.83891827],
       [0.        ,        inf]]), array([], shape=(0, 2), dtype=float64)]",True
79,0.8243471384048462,0.00019252300262451172,0.6315197499492501,60.04,4.348785000387107,1,0.004954397678375244,0.004954397678375244,0.004954397678375244,0.98,-0.0,"[array([[0.        , 0.36035633],
       [0.        , 0.38715273],
       [0.        , 0.4024018 ],
       [0.        , 0.41488308],
       [0.        , 0.41812924],
       [0.        , 0.41882491],
       [0.        , 0.4200452 ],
       [0.        , 0.42880875],
       [0.        , 0.43022469],
       [0.        , 0.43742695],
       [0.        , 0.4407419 ],
       [0.        , 0.44131434],
       [0.        , 0.45158815],
       [0.        , 0.46668717],
       [0.        , 0.49441165],
       [0.        , 0.50319093],
       [0.        , 0.50530493],
       [0.        , 0.50763631],
       [0.        , 0.54955626],
       [0.        , 0.55798405],
       [0.        , 0.5601083 ],
       [0.        , 0.56347179],
       [0.        , 0.56363392],
       [0.        , 0.5712254 ],
       [0.        , 0.58531219],
       [0.        , 0.59057891],
       [0.        , 0.59349763],
       [0.        , 0.59702617],
       [0.        , 0.59711146],
       [0.        , 0.61608994],
       [0.        , 0.61703748],
       [0.        , 0.62024575],
       [0.        , 0.62162393],
       [0.        , 0.64250994],
       [0.        , 0.64546889],
       [0.        , 0.64701724],
       [0.        , 0.64790231],
       [0.        , 0.65219593],
       [0.        , 0.65643287],
       [0.        , 0.65898514],
       [0.        , 0.66147906],
       [0.        , 0.6659075 ],
       [0.        , 0.66630745],
       [0.        , 0.66713393],
       [0.        , 0.66724849],
       [0.        , 0.66928726],
       [0.        , 0.67507291],
       [0.        , 0.68003786],
       [0.        , 0.6803174 ],
       [0.        , 0.68082184],
       [0.        , 0.68726552],
       [0.        , 0.68900162],
       [0.        , 0.68975139],
       [0.        , 0.69995302],
       [0.        , 0.69998693],
       [0.        , 0.70406371],
       [0.        , 0.70894796],
       [0.        , 0.71232849],
       [0.        , 0.71259904],
       [0.        , 0.71835053],
       [0.        , 0.72335654],
       [0.        , 0.73522252],
       [0.        , 0.74746227],
       [0.        , 0.75338185],
       [0.        , 0.75469291],
       [0.        , 0.75828117],
       [0.        , 0.76409489],
       [0.        , 0.7747646 ],
       [0.        , 0.78101146],
       [0.        , 0.7917735 ],
       [0.        , 0.79217738],
       [0.        , 0.79374933],
       [0.        , 0.79686266],
       [0.        , 0.80557859],
       [0.        , 0.80694485],
       [0.        , 0.82092273],
       [0.        , 0.82127476],
       [0.        , 0.82415462],
       [0.        , 0.82434714],
       [0.        ,        inf]]), array([[0.53018343, 0.53513783]])]",True
69,0.8655701875686646,0.021464049816131592,0.6095556461292765,48.24,4.209996541361422,1,0.0018787682056427002,0.0018787682056427002,0.0018787682056427002,0.98,-0.0,"[array([[0.        , 0.36035633],
       [0.        , 0.38715273],
       [0.        , 0.39394933],
       [0.        , 0.4024018 ],
       [0.        , 0.4200452 ],
       [0.        , 0.42704388],
       [0.        , 0.42880875],
       [0.        , 0.43057579],
       [0.        , 0.43425018],
       [0.        , 0.43726656],
       [0.        , 0.43742695],
       [0.        , 0.43905649],
       [0.        , 0.4407419 ],
       [0.        , 0.45158815],
       [0.        , 0.46611732],
       [0.        , 0.46668717],
       [0.        , 0.47109911],
       [0.        , 0.49441165],
       [0.        , 0.50238061],
       [0.        , 0.50319093],
       [0.        , 0.50763631],
       [0.        , 0.53744721],
       [0.        , 0.5601083 ],
       [0.        , 0.56347179],
       [0.        , 0.56363392],
       [0.        , 0.56430352],
       [0.        , 0.56561732],
       [0.        , 0.56977612],
       [0.        , 0.57347137],
       [0.        , 0.60232449],
       [0.        , 0.60374957],
       [0.        , 0.61487746],
       [0.        , 0.61827677],
       [0.        , 0.62370586],
       [0.        , 0.64250994],
       [0.        , 0.64312124],
       [0.        , 0.64701724],
       [0.        , 0.64790231],
       [0.        , 0.6514557 ],
       [0.        , 0.65275097],
       [0.        , 0.65433538],
       [0.        , 0.65643287],
       [0.        , 0.66043073],
       [0.        , 0.66376901],
       [0.        , 0.66542017],
       [0.        , 0.6659075 ],
       [0.        , 0.67352569],
       [0.        , 0.68003786],
       [0.        , 0.68072289],
       [0.        , 0.68205923],
       [0.        , 0.68315053],
       [0.        , 0.71259904],
       [0.        , 0.72626501],
       [0.        , 0.72919816],
       [0.        , 0.73100305],
       [0.        , 0.73522252],
       [0.        , 0.73713523],
       [0.        , 0.74598753],
       [0.        , 0.75007266],
       [0.        , 0.75469291],
       [0.        , 0.7653687 ],
       [0.        , 0.79217738],
       [0.        , 0.79410249],
       [0.        , 0.79686266],
       [0.        , 0.81046063],
       [0.        , 0.81162107],
       [0.        , 0.8433941 ],
       [0.        , 0.84410614],
       [0.        , 0.86557019],
       [0.        ,        inf]]), array([[0.45820966, 0.46008843]])]",True
51,0.7973512411117554,0.00856316089630127,0.5727913309546078,36.4,3.911224185059502,3,0.0039871931076049805,0.001123666763305664,0.0029098292191823325,0.14,1.0541553819862404,"[array([[0.        , 0.38715273],
       [0.        , 0.39394933],
       [0.        , 0.4024018 ],
       [0.        , 0.41882491],
       [0.        , 0.4200452 ],
       [0.        , 0.42704388],
       [0.        , 0.43022469],
       [0.        , 0.43057579],
       [0.        , 0.43742695],
       [0.        , 0.4407419 ],
       [0.        , 0.44131434],
       [0.        , 0.45158815],
       [0.        , 0.45816064],
       [0.        , 0.48943576],
       [0.        , 0.49036598],
       [0.        , 0.49441165],
       [0.        , 0.50319093],
       [0.        , 0.50763631],
       [0.        , 0.51019049],
       [0.        , 0.51343614],
       [0.        , 0.5237363 ],
       [0.        , 0.53667474],
       [0.        , 0.54417998],
       [0.        , 0.5601083 ],
       [0.        , 0.56013113],
       [0.        , 0.56347179],
       [0.        , 0.56518269],
       [0.        , 0.57753301],
       [0.        , 0.58429819],
       [0.        , 0.59644121],
       [0.        , 0.60245025],
       [0.        , 0.61721033],
       [0.        , 0.64198923],
       [0.        , 0.64312124],
       [0.        , 0.66438282],
       [0.        , 0.66821128],
       [0.        , 0.67144722],
       [0.        , 0.67158049],
       [0.        , 0.67352569],
       [0.        , 0.68003786],
       [0.        , 0.68047643],
       [0.        , 0.68290198],
       [0.        , 0.69033104],
       [0.        , 0.69313174],
       [0.        , 0.70125401],
       [0.        , 0.70630366],
       [0.        , 0.7270593 ],
       [0.        , 0.77349925],
       [0.        , 0.77742982],
       [0.        , 0.78878808],
       [0.        , 0.79735124],
       [0.        ,        inf]]), array([[0.51477194, 0.51763546],
       [0.50803167, 0.51201886],
       [0.45820966, 0.46008843]])]",True
68,0.8276997804641724,0.038263916969299316,0.5982144347885076,48.86,4.198400762267474,3,0.004353702068328857,0.00036650896072387695,0.0034065544605255127,0.12,1.0420962512270067,"[array([[0.        , 0.36035633],
       [0.        , 0.38715273],
       [0.        , 0.39394933],
       [0.        , 0.4024018 ],
       [0.        , 0.41882491],
       [0.        , 0.4200452 ],
       [0.        , 0.42704388],
       [0.        , 0.42880875],
       [0.        , 0.43022469],
       [0.        , 0.43742695],
       [0.        , 0.43789533],
       [0.        , 0.44034603],
       [0.        , 0.4407419 ],
       [0.        , 0.44131434],
       [0.        , 0.45158815],
       [0.        , 0.46668717],
       [0.        , 0.49441165],
       [0.        , 0.49583212],
       [0.        , 0.50319093],
       [0.        , 0.50763631],
       [0.        , 0.51019049],
       [0.        , 0.52495223],
       [0.        , 0.53447193],
       [0.        , 0.5601083 ],
       [0.        , 0.56163359],
       [0.        , 0.56347179],
       [0.        , 0.57753301],
       [0.        , 0.58527631],
       [0.        , 0.58723557],
       [0.        , 0.59463793],
       [0.        , 0.59848309],
       [0.        , 0.60245025],
       [0.        , 0.61339551],
       [0.        , 0.61721033],
       [0.        , 0.62024575],
       [0.        , 0.64523572],
       [0.        , 0.65532792],
       [0.        , 0.65585828],
       [0.        , 0.65737855],
       [0.        , 0.66438282],
       [0.        , 0.66668147],
       [0.        , 0.66821128],
       [0.        , 0.66880035],
       [0.        , 0.67144722],
       [0.        , 0.67158049],
       [0.        , 0.67352569],
       [0.        , 0.68003786],
       [0.        , 0.68047643],
       [0.        , 0.68290198],
       [0.        , 0.68586147],
       [0.        , 0.69033104],
       [0.        , 0.69299561],
       [0.        , 0.69313174],
       [0.        , 0.69416511],
       [0.        , 0.69870764],
       [0.        , 0.69953275],
       [0.        , 0.70125401],
       [0.        , 0.70630366],
       [0.        , 0.71483427],
       [0.        , 0.7270593 ],
       [0.        , 0.75081015],
       [0.        , 0.75469291],
       [0.        , 0.75507647],
       [0.        , 0.76323813],
       [0.        , 0.76564294],
       [0.        , 0.78878808],
       [0.        , 0.78943586],
       [0.        , 0.82769978],
       [0.        ,        inf]]), array([[0.54395813, 0.54831183],
       [0.50803167, 0.51201886],
       [0.45820966, 0.46008843]])]",True
69,0.8450603485107422,0.0036714673042297363,0.6259330791839655,50.78,4.210504190333695,0,0.0,0.0,0.0,0.0,0.0,"[array([[0.        , 0.38715273],
       [0.        , 0.39394933],
       [0.        , 0.39707401],
       [0.        , 0.4024018 ],
       [0.        , 0.41812924],
       [0.        , 0.4200452 ],
       [0.        , 0.42880875],
       [0.        , 0.43742695],
       [0.        , 0.43905649],
       [0.        , 0.4407419 ],
       [0.        , 0.44131434],
       [0.        , 0.44134226],
       [0.        , 0.45158815],
       [0.        , 0.46154895],
       [0.        , 0.46668717],
       [0.        , 0.47856694],
       [0.        , 0.49441165],
       [0.        , 0.50319093],
       [0.        , 0.50763631],
       [0.        , 0.52250391],
       [0.        , 0.54417998],
       [0.        , 0.55628031],
       [0.        , 0.5601083 ],
       [0.        , 0.56347179],
       [0.        , 0.57973921],
       [0.        , 0.5799017 ],
       [0.        , 0.61256677],
       [0.        , 0.62310016],
       [0.        , 0.62698603],
       [0.        , 0.63213915],
       [0.        , 0.64915735],
       [0.        , 0.65390903],
       [0.        , 0.66130799],
       [0.        , 0.66428149],
       [0.        , 0.66581762],
       [0.        , 0.67000699],
       [0.        , 0.67119431],
       [0.        , 0.6739465 ],
       [0.        , 0.67639655],
       [0.        , 0.67805976],
       [0.        , 0.678123  ],
       [0.        , 0.68003786],
       [0.        , 0.6819663 ],
       [0.        , 0.68268132],
       [0.        , 0.68497491],
       [0.        , 0.69005692],
       [0.        , 0.69419235],
       [0.        , 0.69469953],
       [0.        , 0.69679427],
       [0.        , 0.69875038],
       [0.        , 0.71984881],
       [0.        , 0.72528183],
       [0.        , 0.73800689],
       [0.        , 0.74407691],
       [0.        , 0.75350577],
       [0.        , 0.75616324],
       [0.        , 0.76200914],
       [0.        , 0.76976144],
       [0.        , 0.77317184],
       [0.        , 0.77385545],
       [0.        , 0.78791958],
       [0.        , 0.79733145],
       [0.        , 0.79888338],
       [0.        , 0.79970449],
       [0.        , 0.80897123],
       [0.        , 0.81184387],
       [0.        , 0.82419306],
       [0.        , 0.84138888],
       [0.        , 0.84506035],
       [0.        ,        inf]]), array([], shape=(0, 2), dtype=float64)]",True
141,0.8810198307037354,0.035175859928131104,0.6405914032712896,101.88,4.9301733035202595,0,0.0,0.0,0.0,0.0,0.0,"[array([[0.        , 0.37337586],
       [0.        , 0.38544127],
       [0.        , 0.38715273],
       [0.        , 0.4024018 ],
       [0.        , 0.41499496],
       [0.        , 0.41882491],
       [0.        , 0.4200452 ],
       [0.        , 0.4210099 ],
       [0.        , 0.42880875],
       [0.        , 0.43584964],
       [0.        , 0.43742695],
       [0.        , 0.43789533],
       [0.        , 0.43905649],
       [0.        , 0.4407419 ],
       [0.        , 0.44131434],
       [0.        , 0.44134226],
       [0.        , 0.44725445],
       [0.        , 0.45158815],
       [0.        , 0.45816064],
       [0.        , 0.45996878],
       [0.        , 0.46210781],
       [0.        , 0.47358829],
       [0.        , 0.47560501],
       [0.        , 0.49441165],
       [0.        , 0.494874  ],
       [0.        , 0.5014888 ],
       [0.        , 0.50319093],
       [0.        , 0.50763631],
       [0.        , 0.51019049],
       [0.        , 0.51280475],
       [0.        , 0.53446275],
       [0.        , 0.53487867],
       [0.        , 0.54428726],
       [0.        , 0.56006187],
       [0.        , 0.5601083 ],
       [0.        , 0.56347179],
       [0.        , 0.56529474],
       [0.        , 0.56674522],
       [0.        , 0.57141787],
       [0.        , 0.57274997],
       [0.        , 0.5799017 ],
       [0.        , 0.58724385],
       [0.        , 0.58833694],
       [0.        , 0.59745759],
       [0.        , 0.60134113],
       [0.        , 0.61497611],
       [0.        , 0.61858058],
       [0.        , 0.62310016],
       [0.        , 0.62542242],
       [0.        , 0.62698603],
       [0.        , 0.62757993],
       [0.        , 0.63213915],
       [0.        , 0.63266665],
       [0.        , 0.6342932 ],
       [0.        , 0.63485289],
       [0.        , 0.64312124],
       [0.        , 0.64323443],
       [0.        , 0.645657  ],
       [0.        , 0.64630258],
       [0.        , 0.64757138],
       [0.        , 0.64780909],
       [0.        , 0.64790231],
       [0.        , 0.65118778],
       [0.        , 0.65390903],
       [0.        , 0.65546256],
       [0.        , 0.65659493],
       [0.        , 0.65692902],
       [0.        , 0.65707487],
       [0.        , 0.65737855],
       [0.        , 0.65898514],
       [0.        , 0.65967602],
       [0.        , 0.66027415],
       [0.        , 0.66130799],
       [0.        , 0.66186082],
       [0.        , 0.66571653],
       [0.        , 0.67000699],
       [0.        , 0.67013687],
       [0.        , 0.67119431],
       [0.        , 0.6739465 ],
       [0.        , 0.67832834],
       [0.        , 0.68003786],
       [0.        , 0.68216431],
       [0.        , 0.68497491],
       [0.        , 0.68721074],
       [0.        , 0.69377327],
       [0.        , 0.69875038],
       [0.        , 0.70018244],
       [0.        , 0.70035207],
       [0.        , 0.70050138],
       [0.        , 0.70067245],
       [0.        , 0.702061  ],
       [0.        , 0.70361441],
       [0.        , 0.7036615 ],
       [0.        , 0.70461494],
       [0.        , 0.71097296],
       [0.        , 0.71215898],
       [0.        , 0.71462029],
       [0.        , 0.71737885],
       [0.        , 0.7190125 ],
       [0.        , 0.71914786],
       [0.        , 0.71940768],
       [0.        , 0.71959531],
       [0.        , 0.71996498],
       [0.        , 0.72368145],
       [0.        , 0.72528183],
       [0.        , 0.72777003],
       [0.        , 0.72837371],
       [0.        , 0.73337263],
       [0.        , 0.73505795],
       [0.        , 0.74262482],
       [0.        , 0.7428205 ],
       [0.        , 0.74709332],
       [0.        , 0.74853253],
       [0.        , 0.74969196],
       [0.        , 0.75153995],
       [0.        , 0.7549476 ],
       [0.        , 0.75616324],
       [0.        , 0.75680184],
       [0.        , 0.76056904],
       [0.        , 0.76220125],
       [0.        , 0.76948744],
       [0.        , 0.76957768],
       [0.        , 0.7707324 ],
       [0.        , 0.77823973],
       [0.        , 0.78219372],
       [0.        , 0.78470248],
       [0.        , 0.78854907],
       [0.        , 0.789738  ],
       [0.        , 0.79158801],
       [0.        , 0.79396451],
       [0.        , 0.79423696],
       [0.        , 0.79482806],
       [0.        , 0.79733145],
       [0.        , 0.7976405 ],
       [0.        , 0.79888338],
       [0.        , 0.79970449],
       [0.        , 0.79987377],
       [0.        , 0.81184387],
       [0.        , 0.82357627],
       [0.        , 0.84584397],
       [0.        , 0.88101983],
       [0.        ,        inf]]), array([], shape=(0, 2), dtype=float64)]",False
80,0.8515381813049316,0.002158224582672119,0.6334326215088367,59.14,4.3589745272009885,1,0.004353702068328857,0.004353702068328857,0.004353702068328857,0.98,-0.0,"[array([[0.        , 0.38715273],
       [0.        , 0.39394933],
       [0.        , 0.4024018 ],
       [0.        , 0.41882491],
       [0.        , 0.4200452 ],
       [0.        , 0.42880875],
       [0.        , 0.43742695],
       [0.        , 0.43789533],
       [0.        , 0.44034603],
       [0.        , 0.4407419 ],
       [0.        , 0.44131434],
       [0.        , 0.44134226],
       [0.        , 0.45158815],
       [0.        , 0.45816064],
       [0.        , 0.46668717],
       [0.        , 0.47109911],
       [0.        , 0.47560501],
       [0.        , 0.47888732],
       [0.        , 0.49441165],
       [0.        , 0.50319093],
       [0.        , 0.50763631],
       [0.        , 0.52006829],
       [0.        , 0.52250391],
       [0.        , 0.52806401],
       [0.        , 0.54904079],
       [0.        , 0.5601083 ],
       [0.        , 0.56347179],
       [0.        , 0.5712254 ],
       [0.        , 0.5799017 ],
       [0.        , 0.58752608],
       [0.        , 0.60762435],
       [0.        , 0.61608994],
       [0.        , 0.63114774],
       [0.        , 0.64312124],
       [0.        , 0.6466158 ],
       [0.        , 0.66383874],
       [0.        , 0.66542017],
       [0.        , 0.66581762],
       [0.        , 0.66698188],
       [0.        , 0.66777033],
       [0.        , 0.66821128],
       [0.        , 0.66944724],
       [0.        , 0.67639655],
       [0.        , 0.6769883 ],
       [0.        , 0.68003786],
       [0.        , 0.68717146],
       [0.        , 0.69005692],
       [0.        , 0.69419235],
       [0.        , 0.69489175],
       [0.        , 0.69525212],
       [0.        , 0.6978156 ],
       [0.        , 0.70524943],
       [0.        , 0.70605522],
       [0.        , 0.71132946],
       [0.        , 0.7152518 ],
       [0.        , 0.71780467],
       [0.        , 0.72263288],
       [0.        , 0.73168314],
       [0.        , 0.73464489],
       [0.        , 0.73800689],
       [0.        , 0.75447708],
       [0.        , 0.75950325],
       [0.        , 0.75984859],
       [0.        , 0.76200914],
       [0.        , 0.7623502 ],
       [0.        , 0.76829141],
       [0.        , 0.76976144],
       [0.        , 0.77317184],
       [0.        , 0.77385545],
       [0.        , 0.77515787],
       [0.        , 0.78965241],
       [0.        , 0.79038227],
       [0.        , 0.7926724 ],
       [0.        , 0.79453951],
       [0.        , 0.80538625],
       [0.        , 0.80897123],
       [0.        , 0.82619047],
       [0.        , 0.84049702],
       [0.        , 0.84937996],
       [0.        , 0.85153818],
       [0.        ,        inf]]), array([[0.54395813, 0.54831183]])]",True
57,0.8655701875686646,0.01488715410232544,0.599174374028256,39.2,4.017151378917458,2,0.03884565830230713,0.026248902082443237,0.02572120726108551,0.94,0.5566299035035038,"[array([[0.        , 0.37337586],
       [0.        , 0.38715273],
       [0.        , 0.39394933],
       [0.        , 0.4024018 ],
       [0.        , 0.41812924],
       [0.        , 0.4200452 ],
       [0.        , 0.43346915],
       [0.        , 0.43742695],
       [0.        , 0.4407419 ],
       [0.        , 0.44131434],
       [0.        , 0.44395688],
       [0.        , 0.45158815],
       [0.        , 0.45996878],
       [0.        , 0.46154895],
       [0.        , 0.46611732],
       [0.        , 0.47856694],
       [0.        , 0.48856062],
       [0.        , 0.48993608],
       [0.        , 0.49441165],
       [0.        , 0.50319093],
       [0.        , 0.50763631],
       [0.        , 0.50779587],
       [0.        , 0.53446275],
       [0.        , 0.5601083 ],
       [0.        , 0.56347179],
       [0.        , 0.59572577],
       [0.        , 0.59711146],
       [0.        , 0.61718887],
       [0.        , 0.61858058],
       [0.        , 0.6256367 ],
       [0.        , 0.63505155],
       [0.        , 0.64312124],
       [0.        , 0.65985948],
       [0.        , 0.66724849],
       [0.        , 0.66821128],
       [0.        , 0.67111045],
       [0.        , 0.68003786],
       [0.        , 0.68424034],
       [0.        , 0.69110173],
       [0.        , 0.69274354],
       [0.        , 0.69399297],
       [0.        , 0.69570953],
       [0.        , 0.70652741],
       [0.        , 0.70763034],
       [0.        , 0.71070999],
       [0.        , 0.71545589],
       [0.        , 0.73168314],
       [0.        , 0.7322157 ],
       [0.        , 0.75007266],
       [0.        , 0.75145006],
       [0.        , 0.7633099 ],
       [0.        , 0.76409489],
       [0.        , 0.7794314 ],
       [0.        , 0.79852343],
       [0.        , 0.82958162],
       [0.        , 0.85068303],
       [0.        , 0.86557019],
       [0.        ,        inf]]), array([[0.50369948, 0.54254514],
       [0.48943576, 0.50203252]])]",True
87,0.8632413744926453,0.018181025981903076,0.6420748641436127,64.18,4.443036757250789,1,0.0029485225677490234,0.0029485225677490234,0.0029485225677490234,0.98,-0.0,"[array([[0.        , 0.38544127],
       [0.        , 0.38715273],
       [0.        , 0.39394933],
       [0.        , 0.4024018 ],
       [0.        , 0.41812924],
       [0.        , 0.4200452 ],
       [0.        , 0.43742695],
       [0.        , 0.43905649],
       [0.        , 0.4407419 ],
       [0.        , 0.44131434],
       [0.        , 0.44134226],
       [0.        , 0.45158815],
       [0.        , 0.46154895],
       [0.        , 0.47776043],
       [0.        , 0.47856694],
       [0.        , 0.48943576],
       [0.        , 0.48953468],
       [0.        , 0.49441165],
       [0.        , 0.50319093],
       [0.        , 0.50763631],
       [0.        , 0.51463467],
       [0.        , 0.52322489],
       [0.        , 0.54868639],
       [0.        , 0.55051845],
       [0.        , 0.55951238],
       [0.        , 0.5601083 ],
       [0.        , 0.56347179],
       [0.        , 0.5684827 ],
       [0.        , 0.5750457 ],
       [0.        , 0.5799017 ],
       [0.        , 0.58613396],
       [0.        , 0.58724385],
       [0.        , 0.59646887],
       [0.        , 0.61256677],
       [0.        , 0.61487746],
       [0.        , 0.63124448],
       [0.        , 0.63213915],
       [0.        , 0.64312124],
       [0.        , 0.64486158],
       [0.        , 0.64915735],
       [0.        , 0.64994431],
       [0.        , 0.65476763],
       [0.        , 0.66112196],
       [0.        , 0.66500896],
       [0.        , 0.66630745],
       [0.        , 0.66798931],
       [0.        , 0.66845626],
       [0.        , 0.67576385],
       [0.        , 0.67755628],
       [0.        , 0.67954367],
       [0.        , 0.68003786],
       [0.        , 0.68048471],
       [0.        , 0.68761957],
       [0.        , 0.69009161],
       [0.        , 0.69833553],
       [0.        , 0.704844  ],
       [0.        , 0.71629441],
       [0.        , 0.71984881],
       [0.        , 0.72125638],
       [0.        , 0.73899293],
       [0.        , 0.74072552],
       [0.        , 0.74258167],
       [0.        , 0.74407691],
       [0.        , 0.74598753],
       [0.        , 0.74666429],
       [0.        , 0.75350577],
       [0.        , 0.75561446],
       [0.        , 0.75905043],
       [0.        , 0.76155317],
       [0.        , 0.78380585],
       [0.        , 0.78791958],
       [0.        , 0.7889607 ],
       [0.        , 0.78919417],
       [0.        , 0.7927171 ],
       [0.        , 0.79674757],
       [0.        , 0.81108427],
       [0.        , 0.81162107],
       [0.        , 0.8129589 ],
       [0.        , 0.82024753],
       [0.        , 0.82098275],
       [0.        , 0.82419306],
       [0.        , 0.8287794 ],
       [0.        , 0.84046876],
       [0.        , 0.84138888],
       [0.        , 0.84503967],
       [0.        , 0.84506035],
       [0.        , 0.86324137],
       [0.        ,        inf]]), array([[0.53959662, 0.54254514]])]",True
100,0.8750391006469727,0.0030829310417175293,0.6551059186458588,74.42,4.583838769782575,0,0.0,0.0,0.0,0.0,0.0,"[array([[0.        , 0.34494105],
       [0.        , 0.38715273],
       [0.        , 0.4024018 ],
       [0.        , 0.41882491],
       [0.        , 0.4200452 ],
       [0.        , 0.43057579],
       [0.        , 0.43742695],
       [0.        , 0.43905649],
       [0.        , 0.4407419 ],
       [0.        , 0.44134226],
       [0.        , 0.45158815],
       [0.        , 0.4556427 ],
       [0.        , 0.45835125],
       [0.        , 0.45996878],
       [0.        , 0.46210781],
       [0.        , 0.46972904],
       [0.        , 0.48943576],
       [0.        , 0.49303174],
       [0.        , 0.49441165],
       [0.        , 0.50319093],
       [0.        , 0.50763631],
       [0.        , 0.51914901],
       [0.        , 0.53446275],
       [0.        , 0.5601083 ],
       [0.        , 0.5602755 ],
       [0.        , 0.56314105],
       [0.        , 0.56347179],
       [0.        , 0.57611614],
       [0.        , 0.58751428],
       [0.        , 0.58788997],
       [0.        , 0.60134113],
       [0.        , 0.60173887],
       [0.        , 0.61173272],
       [0.        , 0.62035131],
       [0.        , 0.62817776],
       [0.        , 0.62971807],
       [0.        , 0.645657  ],
       [0.        , 0.64701724],
       [0.        , 0.64765227],
       [0.        , 0.64994431],
       [0.        , 0.65829307],
       [0.        , 0.66044641],
       [0.        , 0.66090435],
       [0.        , 0.66776115],
       [0.        , 0.66798931],
       [0.        , 0.66880035],
       [0.        , 0.67158049],
       [0.        , 0.67204338],
       [0.        , 0.67337751],
       [0.        , 0.67639655],
       [0.        , 0.68003786],
       [0.        , 0.6805681 ],
       [0.        , 0.68216431],
       [0.        , 0.68726552],
       [0.        , 0.68761957],
       [0.        , 0.68803066],
       [0.        , 0.68900162],
       [0.        , 0.69468397],
       [0.        , 0.6960057 ],
       [0.        , 0.69670141],
       [0.        , 0.69765663],
       [0.        , 0.69998693],
       [0.        , 0.70775837],
       [0.        , 0.7152518 ],
       [0.        , 0.71890938],
       [0.        , 0.71984881],
       [0.        , 0.73060501],
       [0.        , 0.7327764 ],
       [0.        , 0.73467714],
       [0.        , 0.73926711],
       [0.        , 0.75058389],
       [0.        , 0.75826275],
       [0.        , 0.76117277],
       [0.        , 0.76136887],
       [0.        , 0.76645046],
       [0.        , 0.77214569],
       [0.        , 0.77337074],
       [0.        , 0.7747345 ],
       [0.        , 0.77541667],
       [0.        , 0.78375769],
       [0.        , 0.7889607 ],
       [0.        , 0.79372334],
       [0.        , 0.79444474],
       [0.        , 0.79538494],
       [0.        , 0.79686266],
       [0.        , 0.79823524],
       [0.        , 0.80041748],
       [0.        , 0.80215508],
       [0.        , 0.80374509],
       [0.        , 0.80645061],
       [0.        , 0.81054664],
       [0.        , 0.81101328],
       [0.        , 0.81171167],
       [0.        , 0.82438284],
       [0.        , 0.8258329 ],
       [0.        , 0.83698148],
       [0.        , 0.84218121],
       [0.        , 0.84383112],
       [0.        , 0.87195617],
       [0.        , 0.8750391 ],
       [0.        ,        inf]]), array([], shape=(0, 2), dtype=float64)]",True
73,0.8301247358322144,0.019578099250793457,0.6201710092694792,54.24,4.268498779924508,2,0.011010318994522095,0.007023125886917114,0.007498756051063538,0.62,0.5790944029992736,"[array([[0.        , 0.37337586],
       [0.        , 0.38715273],
       [0.        , 0.39394933],
       [0.        , 0.4024018 ],
       [0.        , 0.41499496],
       [0.        , 0.4200452 ],
       [0.        , 0.42880875],
       [0.        , 0.43022469],
       [0.        , 0.43425018],
       [0.        , 0.43726656],
       [0.        , 0.43742695],
       [0.        , 0.4407419 ],
       [0.        , 0.44395688],
       [0.        , 0.45158815],
       [0.        , 0.46611732],
       [0.        , 0.49441165],
       [0.        , 0.50319093],
       [0.        , 0.50763631],
       [0.        , 0.53446275],
       [0.        , 0.5459165 ],
       [0.        , 0.54789191],
       [0.        , 0.54872704],
       [0.        , 0.55520052],
       [0.        , 0.5601083 ],
       [0.        , 0.56089735],
       [0.        , 0.56347179],
       [0.        , 0.59470582],
       [0.        , 0.59658366],
       [0.        , 0.59716791],
       [0.        , 0.60245025],
       [0.        , 0.61497611],
       [0.        , 0.62370586],
       [0.        , 0.62417752],
       [0.        , 0.62778896],
       [0.        , 0.63213915],
       [0.        , 0.64506394],
       [0.        , 0.65219593],
       [0.        , 0.65239954],
       [0.        , 0.65410894],
       [0.        , 0.65898514],
       [0.        , 0.66570091],
       [0.        , 0.66616791],
       [0.        , 0.67013687],
       [0.        , 0.67252189],
       [0.        , 0.67322493],
       [0.        , 0.67348361],
       [0.        , 0.68003786],
       [0.        , 0.68465328],
       [0.        , 0.68666309],
       [0.        , 0.68777621],
       [0.        , 0.68833119],
       [0.        , 0.69886506],
       [0.        , 0.70024103],
       [0.        , 0.70073962],
       [0.        , 0.70182657],
       [0.        , 0.71276659],
       [0.        , 0.71705091],
       [0.        , 0.73732513],
       [0.        , 0.74081421],
       [0.        , 0.74662596],
       [0.        , 0.75469291],
       [0.        , 0.76296699],
       [0.        , 0.77244121],
       [0.        , 0.78182143],
       [0.        , 0.79055887],
       [0.        , 0.79274315],
       [0.        , 0.7980628 ],
       [0.        , 0.79914212],
       [0.        , 0.80132192],
       [0.        , 0.80484021],
       [0.        , 0.80760282],
       [0.        , 0.81054664],
       [0.        , 0.83012474],
       [0.        ,        inf]]), array([[0.50803167, 0.51201886],
       [0.48856062, 0.49957094]])]",True
126,0.8532001376152039,0.014281868934631348,0.637545573332953,93.52,4.818102282766516,2,0.009022355079650879,0.0046686530113220215,0.006688028573989868,0.24,0.6309347607924266,"[array([[0.        , 0.36035633],
       [0.        , 0.38544127],
       [0.        , 0.38715273],
       [0.        , 0.4024018 ],
       [0.        , 0.41486451],
       [0.        , 0.41882491],
       [0.        , 0.4200452 ],
       [0.        , 0.42880875],
       [0.        , 0.43425018],
       [0.        , 0.43726656],
       [0.        , 0.43742695],
       [0.        , 0.43905649],
       [0.        , 0.44034603],
       [0.        , 0.4407419 ],
       [0.        , 0.45158815],
       [0.        , 0.45816064],
       [0.        , 0.46210781],
       [0.        , 0.46668717],
       [0.        , 0.46972904],
       [0.        , 0.48010942],
       [0.        , 0.49441165],
       [0.        , 0.49578813],
       [0.        , 0.49657497],
       [0.        , 0.50319093],
       [0.        , 0.50763631],
       [0.        , 0.52250391],
       [0.        , 0.5237363 ],
       [0.        , 0.52437967],
       [0.        , 0.54327524],
       [0.        , 0.55051845],
       [0.        , 0.5601083 ],
       [0.        , 0.56347179],
       [0.        , 0.56363392],
       [0.        , 0.56529474],
       [0.        , 0.57327157],
       [0.        , 0.57618207],
       [0.        , 0.58363098],
       [0.        , 0.58370185],
       [0.        , 0.58432001],
       [0.        , 0.58724385],
       [0.        , 0.59764981],
       [0.        , 0.61682642],
       [0.        , 0.61721033],
       [0.        , 0.61822152],
       [0.        , 0.62542242],
       [0.        , 0.6256367 ],
       [0.        , 0.62971807],
       [0.        , 0.63111234],
       [0.        , 0.64047289],
       [0.        , 0.64121574],
       [0.        , 0.64312124],
       [0.        , 0.64546889],
       [0.        , 0.64656252],
       [0.        , 0.64678931],
       [0.        , 0.65377343],
       [0.        , 0.65610129],
       [0.        , 0.65643287],
       [0.        , 0.65871638],
       [0.        , 0.65898514],
       [0.        , 0.65920097],
       [0.        , 0.66082346],
       [0.        , 0.66090995],
       [0.        , 0.66147906],
       [0.        , 0.6627785 ],
       [0.        , 0.66542017],
       [0.        , 0.66630745],
       [0.        , 0.66713393],
       [0.        , 0.66877556],
       [0.        , 0.67040801],
       [0.        , 0.67204338],
       [0.        , 0.67549247],
       [0.        , 0.67865342],
       [0.        , 0.68003786],
       [0.        , 0.68236887],
       [0.        , 0.6858207 ],
       [0.        , 0.68593484],
       [0.        , 0.68721014],
       [0.        , 0.68726552],
       [0.        , 0.68761957],
       [0.        , 0.68777019],
       [0.        , 0.68900162],
       [0.        , 0.68975139],
       [0.        , 0.69009161],
       [0.        , 0.69437301],
       [0.        , 0.6955657 ],
       [0.        , 0.69772565],
       [0.        , 0.70245641],
       [0.        , 0.70564771],
       [0.        , 0.70623797],
       [0.        , 0.70848179],
       [0.        , 0.70981807],
       [0.        , 0.7131111 ],
       [0.        , 0.71351689],
       [0.        , 0.71682382],
       [0.        , 0.71755993],
       [0.        , 0.71778244],
       [0.        , 0.71835053],
       [0.        , 0.71870208],
       [0.        , 0.7204631 ],
       [0.        , 0.72229069],
       [0.        , 0.72866625],
       [0.        , 0.73208857],
       [0.        , 0.74265599],
       [0.        , 0.74840271],
       [0.        , 0.7486248 ],
       [0.        , 0.75469291],
       [0.        , 0.75828117],
       [0.        , 0.75909042],
       [0.        , 0.75971699],
       [0.        , 0.76306897],
       [0.        , 0.76479298],
       [0.        , 0.76617402],
       [0.        , 0.78272897],
       [0.        , 0.7913118 ],
       [0.        , 0.7917735 ],
       [0.        , 0.79374933],
       [0.        , 0.7956745 ],
       [0.        , 0.79686266],
       [0.        , 0.79976976],
       [0.        , 0.81978029],
       [0.        , 0.82092273],
       [0.        , 0.82127476],
       [0.        , 0.82434714],
       [0.        , 0.82528931],
       [0.        , 0.83891827],
       [0.        , 0.85320014],
       [0.        ,        inf]]), array([[0.58948672, 0.59850907],
       [0.54395813, 0.54831183]])]",True
69,0.8778823614120483,0.02711784839630127,0.60327627391055,47.04,4.206488945425194,4,0.03289109468460083,0.016924113035202026,0.0168730691075325,0.92,1.2334453843577264,"[array([[0.        , 0.37337586],
       [0.        , 0.38544127],
       [0.        , 0.38715273],
       [0.        , 0.39394933],
       [0.        , 0.4024018 ],
       [0.        , 0.41488308],
       [0.        , 0.41499496],
       [0.        , 0.4200452 ],
       [0.        , 0.4210099 ],
       [0.        , 0.42704388],
       [0.        , 0.42880875],
       [0.        , 0.43057579],
       [0.        , 0.44354162],
       [0.        , 0.44632065],
       [0.        , 0.45440641],
       [0.        , 0.45816064],
       [0.        , 0.45820966],
       [0.        , 0.46576151],
       [0.        , 0.46733436],
       [0.        , 0.48368201],
       [0.        , 0.49441165],
       [0.        , 0.494874  ],
       [0.        , 0.50319093],
       [0.        , 0.50553972],
       [0.        , 0.50763631],
       [0.        , 0.5193283 ],
       [0.        , 0.5601083 ],
       [0.        , 0.56347179],
       [0.        , 0.57141346],
       [0.        , 0.57195902],
       [0.        , 0.58568138],
       [0.        , 0.60622358],
       [0.        , 0.60900092],
       [0.        , 0.6165905 ],
       [0.        , 0.6166051 ],
       [0.        , 0.61774749],
       [0.        , 0.64312124],
       [0.        , 0.64332157],
       [0.        , 0.65478987],
       [0.        , 0.65593606],
       [0.        , 0.66098851],
       [0.        , 0.66438282],
       [0.        , 0.66957307],
       [0.        , 0.67158049],
       [0.        , 0.67507291],
       [0.        , 0.67520344],
       [0.        , 0.67693996],
       [0.        , 0.68003786],
       [0.        , 0.69399297],
       [0.        , 0.6960057 ],
       [0.        , 0.7161622 ],
       [0.        , 0.72012049],
       [0.        , 0.72726244],
       [0.        , 0.72832811],
       [0.        , 0.73768127],
       [0.        , 0.74408603],
       [0.        , 0.74502033],
       [0.        , 0.74632764],
       [0.        , 0.75595778],
       [0.        , 0.76149285],
       [0.        , 0.76523238],
       [0.        , 0.77553844],
       [0.        , 0.77620786],
       [0.        , 0.79616505],
       [0.        , 0.8336609 ],
       [0.        , 0.83718848],
       [0.        , 0.84915543],
       [0.        , 0.85076451],
       [0.        , 0.87788236],
       [0.        ,        inf]]), array([[0.50720167, 0.54009277],
       [0.48856062, 0.49957094],
       [0.47134873, 0.48731571],
       [0.46610352, 0.47372741]])]",True
170,0.8630319833755493,0.005169034004211426,0.6530168052981882,127.66,5.1177308309066145,2,0.011010318994522095,0.009687989950180054,0.006166324019432068,0.12,0.34066718105075766,"[array([[0.        , 0.37337586],
       [0.        , 0.38544127],
       [0.        , 0.38715273],
       [0.        , 0.39394933],
       [0.        , 0.4024018 ],
       [0.        , 0.41499496],
       [0.        , 0.41882491],
       [0.        , 0.4200452 ],
       [0.        , 0.4210099 ],
       [0.        , 0.42880875],
       [0.        , 0.43584964],
       [0.        , 0.43742695],
       [0.        , 0.43789533],
       [0.        , 0.43905649],
       [0.        , 0.4407419 ],
       [0.        , 0.44131434],
       [0.        , 0.44134226],
       [0.        , 0.45158815],
       [0.        , 0.45816064],
       [0.        , 0.45996878],
       [0.        , 0.46210781],
       [0.        , 0.47109911],
       [0.        , 0.47358829],
       [0.        , 0.47560501],
       [0.        , 0.49441165],
       [0.        , 0.494874  ],
       [0.        , 0.5014888 ],
       [0.        , 0.50319093],
       [0.        , 0.50763631],
       [0.        , 0.51280475],
       [0.        , 0.52437967],
       [0.        , 0.53487867],
       [0.        , 0.5435788 ],
       [0.        , 0.54428726],
       [0.        , 0.55051845],
       [0.        , 0.55364859],
       [0.        , 0.55556101],
       [0.        , 0.56006187],
       [0.        , 0.5601083 ],
       [0.        , 0.56347179],
       [0.        , 0.56529474],
       [0.        , 0.56674522],
       [0.        , 0.56914806],
       [0.        , 0.57141787],
       [0.        , 0.5750457 ],
       [0.        , 0.5799017 ],
       [0.        , 0.58724385],
       [0.        , 0.59745759],
       [0.        , 0.60134113],
       [0.        , 0.61497611],
       [0.        , 0.61665469],
       [0.        , 0.61858058],
       [0.        , 0.62542242],
       [0.        , 0.62698603],
       [0.        , 0.62757993],
       [0.        , 0.6296826 ],
       [0.        , 0.63213915],
       [0.        , 0.63266665],
       [0.        , 0.6342932 ],
       [0.        , 0.63485289],
       [0.        , 0.63696837],
       [0.        , 0.64312124],
       [0.        , 0.64323443],
       [0.        , 0.645657  ],
       [0.        , 0.64630258],
       [0.        , 0.6466158 ],
       [0.        , 0.64757138],
       [0.        , 0.64780909],
       [0.        , 0.64790231],
       [0.        , 0.65118778],
       [0.        , 0.65546256],
       [0.        , 0.65634459],
       [0.        , 0.65659493],
       [0.        , 0.65692902],
       [0.        , 0.65707487],
       [0.        , 0.65737855],
       [0.        , 0.65898514],
       [0.        , 0.65955788],
       [0.        , 0.65967602],
       [0.        , 0.66186082],
       [0.        , 0.6627785 ],
       [0.        , 0.66570413],
       [0.        , 0.66571653],
       [0.        , 0.66581762],
       [0.        , 0.66929483],
       [0.        , 0.67013687],
       [0.        , 0.67320091],
       [0.        , 0.6739465 ],
       [0.        , 0.67782956],
       [0.        , 0.67832834],
       [0.        , 0.68003786],
       [0.        , 0.68072289],
       [0.        , 0.6819663 ],
       [0.        , 0.68216431],
       [0.        , 0.68448269],
       [0.        , 0.68721074],
       [0.        , 0.68991464],
       [0.        , 0.70018244],
       [0.        , 0.70035207],
       [0.        , 0.70050138],
       [0.        , 0.70067245],
       [0.        , 0.70177835],
       [0.        , 0.70195633],
       [0.        , 0.702061  ],
       [0.        , 0.70361441],
       [0.        , 0.7036615 ],
       [0.        , 0.70461494],
       [0.        , 0.70927775],
       [0.        , 0.71097296],
       [0.        , 0.71215898],
       [0.        , 0.71462029],
       [0.        , 0.71737885],
       [0.        , 0.7190125 ],
       [0.        , 0.71914786],
       [0.        , 0.71940768],
       [0.        , 0.71959531],
       [0.        , 0.71986437],
       [0.        , 0.71996498],
       [0.        , 0.72328359],
       [0.        , 0.72777003],
       [0.        , 0.72837371],
       [0.        , 0.72948837],
       [0.        , 0.73337263],
       [0.        , 0.73505795],
       [0.        , 0.74031222],
       [0.        , 0.74262482],
       [0.        , 0.7428205 ],
       [0.        , 0.74709332],
       [0.        , 0.74853253],
       [0.        , 0.74902755],
       [0.        , 0.74969196],
       [0.        , 0.75153995],
       [0.        , 0.7549476 ],
       [0.        , 0.75680184],
       [0.        , 0.75978172],
       [0.        , 0.76053286],
       [0.        , 0.76056904],
       [0.        , 0.76156765],
       [0.        , 0.76220125],
       [0.        , 0.76716715],
       [0.        , 0.76782715],
       [0.        , 0.76948744],
       [0.        , 0.76957768],
       [0.        , 0.77018207],
       [0.        , 0.7707324 ],
       [0.        , 0.77823973],
       [0.        , 0.78219372],
       [0.        , 0.78470248],
       [0.        , 0.78854907],
       [0.        , 0.789738  ],
       [0.        , 0.79158801],
       [0.        , 0.79396451],
       [0.        , 0.79423696],
       [0.        , 0.79482806],
       [0.        , 0.7976405 ],
       [0.        , 0.79987377],
       [0.        , 0.79991215],
       [0.        , 0.80443656],
       [0.        , 0.81054664],
       [0.        , 0.8177523 ],
       [0.        , 0.82219702],
       [0.        , 0.82357627],
       [0.        , 0.8252539 ],
       [0.        , 0.82744545],
       [0.        , 0.8287794 ],
       [0.        , 0.84295356],
       [0.        , 0.84584397],
       [0.        , 0.85698056],
       [0.        , 0.85786295],
       [0.        , 0.86303198],
       [0.        ,        inf]]), array([[0.58535051, 0.58667284],
       [0.48856062, 0.49957094]])]",True
87,0.8638572692871094,0.014906108379364014,0.6148393452167511,61.42,4.441797573319416,0,0.0,0.0,0.0,0.0,0.0,"[array([[0.        , 0.36035633],
       [0.        , 0.38544127],
       [0.        , 0.38715273],
       [0.        , 0.39394933],
       [0.        , 0.4024018 ],
       [0.        , 0.41812924],
       [0.        , 0.41882491],
       [0.        , 0.4200452 ],
       [0.        , 0.42094427],
       [0.        , 0.42880875],
       [0.        , 0.43742695],
       [0.        , 0.43789533],
       [0.        , 0.43905649],
       [0.        , 0.4407419 ],
       [0.        , 0.44131434],
       [0.        , 0.45158815],
       [0.        , 0.45816064],
       [0.        , 0.46057391],
       [0.        , 0.46611732],
       [0.        , 0.46668717],
       [0.        , 0.47109911],
       [0.        , 0.49441165],
       [0.        , 0.50319093],
       [0.        , 0.50763631],
       [0.        , 0.51019049],
       [0.        , 0.51494962],
       [0.        , 0.51520991],
       [0.        , 0.52169442],
       [0.        , 0.53422171],
       [0.        , 0.5601083 ],
       [0.        , 0.56347179],
       [0.        , 0.57397199],
       [0.        , 0.59301394],
       [0.        , 0.59622848],
       [0.        , 0.60134113],
       [0.        , 0.60762435],
       [0.        , 0.61144215],
       [0.        , 0.61483586],
       [0.        , 0.61685622],
       [0.        , 0.6205911 ],
       [0.        , 0.62103087],
       [0.        , 0.62687325],
       [0.        , 0.63213915],
       [0.        , 0.6329385 ],
       [0.        , 0.64440095],
       [0.        , 0.64883834],
       [0.        , 0.65100533],
       [0.        , 0.6582306 ],
       [0.        , 0.65863431],
       [0.        , 0.65918511],
       [0.        , 0.66500896],
       [0.        , 0.66886812],
       [0.        , 0.67110056],
       [0.        , 0.67116433],
       [0.        , 0.67268378],
       [0.        , 0.68003786],
       [0.        , 0.68263626],
       [0.        , 0.68991464],
       [0.        , 0.69299561],
       [0.        , 0.69469953],
       [0.        , 0.69494057],
       [0.        , 0.69862539],
       [0.        , 0.69996655],
       [0.        , 0.70476872],
       [0.        , 0.70879382],
       [0.        , 0.70995396],
       [0.        , 0.72226739],
       [0.        , 0.73250508],
       [0.        , 0.73286128],
       [0.        , 0.73885781],
       [0.        , 0.74598753],
       [0.        , 0.74710155],
       [0.        , 0.75320327],
       [0.        , 0.75875515],
       [0.        , 0.76592904],
       [0.        , 0.77182764],
       [0.        , 0.7742669 ],
       [0.        , 0.7747345 ],
       [0.        , 0.788737  ],
       [0.        , 0.79563016],
       [0.        , 0.80538625],
       [0.        , 0.80602199],
       [0.        , 0.80823618],
       [0.        , 0.81412399],
       [0.        , 0.83464134],
       [0.        , 0.84895116],
       [0.        , 0.86385727],
       [0.        ,        inf]]), array([], shape=(0, 2), dtype=float64)]",False
57,0.7833620309829712,0.0015406012535095215,0.5901152951675549,42.6,4.020919883206978,0,0.0,0.0,0.0,0.0,0.0,"[array([[0.        , 0.36065787],
       [0.        , 0.36761844],
       [0.        , 0.37337586],
       [0.        , 0.37633893],
       [0.        , 0.37637153],
       [0.        , 0.38715273],
       [0.        , 0.4024018 ],
       [0.        , 0.43022469],
       [0.        , 0.45440641],
       [0.        , 0.46008843],
       [0.        , 0.4668698 ],
       [0.        , 0.47756296],
       [0.        , 0.48414087],
       [0.        , 0.49441165],
       [0.        , 0.49558431],
       [0.        , 0.50319093],
       [0.        , 0.50553972],
       [0.        , 0.50763631],
       [0.        , 0.5166024 ],
       [0.        , 0.51847845],
       [0.        , 0.51914901],
       [0.        , 0.5193283 ],
       [0.        , 0.56347179],
       [0.        , 0.57815135],
       [0.        , 0.60112202],
       [0.        , 0.60249782],
       [0.        , 0.60852653],
       [0.        , 0.61126411],
       [0.        , 0.61285537],
       [0.        , 0.61906511],
       [0.        , 0.63001907],
       [0.        , 0.63213915],
       [0.        , 0.63900375],
       [0.        , 0.63983828],
       [0.        , 0.65478987],
       [0.        , 0.66436255],
       [0.        , 0.66570091],
       [0.        , 0.66821206],
       [0.        , 0.67158049],
       [0.        , 0.68003786],
       [0.        , 0.68139982],
       [0.        , 0.68184775],
       [0.        , 0.68918675],
       [0.        , 0.69167262],
       [0.        , 0.69407547],
       [0.        , 0.70214337],
       [0.        , 0.70795566],
       [0.        , 0.70939648],
       [0.        , 0.70987576],
       [0.        , 0.71739012],
       [0.        , 0.73268378],
       [0.        , 0.73333347],
       [0.        , 0.75469291],
       [0.        , 0.75946927],
       [0.        , 0.76649565],
       [0.        , 0.78182143],
       [0.        , 0.78336203],
       [0.        ,        inf]]), array([], shape=(0, 2), dtype=float64)]",True
88,0.8450603485107422,0.0036714673042297363,0.6021109622987834,62.2,4.455364160941642,3,0.04067552089691162,0.02807876467704773,0.018383681774139404,0.62,0.6769351381822863,"[array([[0.        , 0.37337586],
       [0.        , 0.38544127],
       [0.        , 0.38715273],
       [0.        , 0.39394933],
       [0.        , 0.4024018 ],
       [0.        , 0.41486451],
       [0.        , 0.41882491],
       [0.        , 0.4200452 ],
       [0.        , 0.42704388],
       [0.        , 0.43742695],
       [0.        , 0.43905649],
       [0.        , 0.44034603],
       [0.        , 0.4407419 ],
       [0.        , 0.44131434],
       [0.        , 0.44134226],
       [0.        , 0.45158815],
       [0.        , 0.45816064],
       [0.        , 0.46210781],
       [0.        , 0.47109911],
       [0.        , 0.48856062],
       [0.        , 0.48953468],
       [0.        , 0.49274367],
       [0.        , 0.49441165],
       [0.        , 0.50319093],
       [0.        , 0.51250052],
       [0.        , 0.52250391],
       [0.        , 0.5237363 ],
       [0.        , 0.52437967],
       [0.        , 0.53744721],
       [0.        , 0.54428726],
       [0.        , 0.54813087],
       [0.        , 0.55051845],
       [0.        , 0.55176228],
       [0.        , 0.5601083 ],
       [0.        , 0.56347179],
       [0.        , 0.56363392],
       [0.        , 0.56529474],
       [0.        , 0.56610024],
       [0.        , 0.58724385],
       [0.        , 0.59764981],
       [0.        , 0.60134113],
       [0.        , 0.60213548],
       [0.        , 0.61256677],
       [0.        , 0.61564267],
       [0.        , 0.61721033],
       [0.        , 0.61822152],
       [0.        , 0.62035131],
       [0.        , 0.62542242],
       [0.        , 0.63437635],
       [0.        , 0.64483821],
       [0.        , 0.64656252],
       [0.        , 0.64678931],
       [0.        , 0.64788908],
       [0.        , 0.64915735],
       [0.        , 0.65056813],
       [0.        , 0.65064561],
       [0.        , 0.65920097],
       [0.        , 0.66879511],
       [0.        , 0.67197615],
       [0.        , 0.67549247],
       [0.        , 0.68003786],
       [0.        , 0.68085515],
       [0.        , 0.68290198],
       [0.        , 0.68721074],
       [0.        , 0.68807149],
       [0.        , 0.69146669],
       [0.        , 0.70245641],
       [0.        , 0.70698786],
       [0.        , 0.70981807],
       [0.        , 0.7131111 ],
       [0.        , 0.71636444],
       [0.        , 0.71755993],
       [0.        , 0.71984881],
       [0.        , 0.72193772],
       [0.        , 0.7339406 ],
       [0.        , 0.74407691],
       [0.        , 0.74598753],
       [0.        , 0.75350577],
       [0.        , 0.76854318],
       [0.        , 0.77156967],
       [0.        , 0.78272897],
       [0.        , 0.78791958],
       [0.        , 0.79959857],
       [0.        , 0.80722773],
       [0.        , 0.80871886],
       [0.        , 0.82419306],
       [0.        , 0.84138888],
       [0.        , 0.84506035],
       [0.        ,        inf]]), array([[0.50763631, 0.54831183],
       [0.48943576, 0.50203252],
       [0.45820966, 0.46008843]])]",False
110,0.8655701875686646,0.011377990245819092,0.6266079106114127,79.06,4.6777758319829434,2,0.03884565830230713,0.03696689009666443,0.020362213253974915,0.48,0.1869697900296505,"[array([[0.        , 0.37337586],
       [0.        , 0.38715273],
       [0.        , 0.4024018 ],
       [0.        , 0.41499496],
       [0.        , 0.41812924],
       [0.        , 0.41882491],
       [0.        , 0.4200452 ],
       [0.        , 0.42704388],
       [0.        , 0.42880875],
       [0.        , 0.43022469],
       [0.        , 0.43346915],
       [0.        , 0.43742695],
       [0.        , 0.43789533],
       [0.        , 0.43869025],
       [0.        , 0.4407419 ],
       [0.        , 0.44131434],
       [0.        , 0.45158815],
       [0.        , 0.45618039],
       [0.        , 0.47355893],
       [0.        , 0.47358829],
       [0.        , 0.47560501],
       [0.        , 0.4816035 ],
       [0.        , 0.49441165],
       [0.        , 0.49713057],
       [0.        , 0.49944043],
       [0.        , 0.50178498],
       [0.        , 0.50238061],
       [0.        , 0.50763631],
       [0.        , 0.5083698 ],
       [0.        , 0.51021928],
       [0.        , 0.51477194],
       [0.        , 0.51773721],
       [0.        , 0.53446275],
       [0.        , 0.53447193],
       [0.        , 0.53452533],
       [0.        , 0.54492486],
       [0.        , 0.54872704],
       [0.        , 0.5512358 ],
       [0.        , 0.5601083 ],
       [0.        , 0.56347179],
       [0.        , 0.56363392],
       [0.        , 0.57753301],
       [0.        , 0.58724385],
       [0.        , 0.59622848],
       [0.        , 0.59692454],
       [0.        , 0.61718887],
       [0.        , 0.61792165],
       [0.        , 0.63213915],
       [0.        , 0.63381654],
       [0.        , 0.63815796],
       [0.        , 0.63826156],
       [0.        , 0.64045918],
       [0.        , 0.65827745],
       [0.        , 0.66006517],
       [0.        , 0.66123694],
       [0.        , 0.66130799],
       [0.        , 0.66158962],
       [0.        , 0.66879511],
       [0.        , 0.67865342],
       [0.        , 0.6795572 ],
       [0.        , 0.67961675],
       [0.        , 0.68003786],
       [0.        , 0.6803174 ],
       [0.        , 0.68100446],
       [0.        , 0.68172002],
       [0.        , 0.68721014],
       [0.        , 0.68769872],
       [0.        , 0.68900162],
       [0.        , 0.68991464],
       [0.        , 0.69037437],
       [0.        , 0.69399297],
       [0.        , 0.69416511],
       [0.        , 0.6979484 ],
       [0.        , 0.69874448],
       [0.        , 0.69954211],
       [0.        , 0.7003715 ],
       [0.        , 0.71128428],
       [0.        , 0.71545589],
       [0.        , 0.7195664 ],
       [0.        , 0.72023147],
       [0.        , 0.72139412],
       [0.        , 0.72294128],
       [0.        , 0.7236284 ],
       [0.        , 0.72613108],
       [0.        , 0.72845197],
       [0.        , 0.72864974],
       [0.        , 0.73173702],
       [0.        , 0.73250508],
       [0.        , 0.73289543],
       [0.        , 0.73476297],
       [0.        , 0.748959  ],
       [0.        , 0.75469291],
       [0.        , 0.75850362],
       [0.        , 0.76408386],
       [0.        , 0.7653687 ],
       [0.        , 0.77747405],
       [0.        , 0.78036356],
       [0.        , 0.78536606],
       [0.        , 0.79112345],
       [0.        , 0.79366302],
       [0.        , 0.80127764],
       [0.        , 0.80844301],
       [0.        , 0.81434041],
       [0.        , 0.8269285 ],
       [0.        , 0.84352642],
       [0.        , 0.84983301],
       [0.        , 0.85187423],
       [0.        , 0.85252422],
       [0.        , 0.8541922 ],
       [0.        , 0.86557019],
       [0.        ,        inf]]), array([[0.50369948, 0.54254514],
       [0.45820966, 0.46008843]])]",False
51,0.8655701875686646,0.013045966625213623,0.577314250609454,33.76,3.9034540024976696,1,0.0018787682056427002,0.0018787682056427002,0.0018787682056427002,0.98,-0.0,"[array([[0.        , 0.38715273],
       [0.        , 0.39394933],
       [0.        , 0.40142474],
       [0.        , 0.41812924],
       [0.        , 0.41882491],
       [0.        , 0.4200452 ],
       [0.        , 0.42704388],
       [0.        , 0.43425018],
       [0.        , 0.43726656],
       [0.        , 0.43742695],
       [0.        , 0.4407419 ],
       [0.        , 0.44134226],
       [0.        , 0.4425624 ],
       [0.        , 0.45008722],
       [0.        , 0.45158815],
       [0.        , 0.45816064],
       [0.        , 0.47109911],
       [0.        , 0.48943576],
       [0.        , 0.48953468],
       [0.        , 0.49441165],
       [0.        , 0.49616703],
       [0.        , 0.50319093],
       [0.        , 0.50763631],
       [0.        , 0.51477194],
       [0.        , 0.53056955],
       [0.        , 0.53446275],
       [0.        , 0.5601083 ],
       [0.        , 0.56347179],
       [0.        , 0.5750457 ],
       [0.        , 0.61001462],
       [0.        , 0.63001907],
       [0.        , 0.63983828],
       [0.        , 0.6582306 ],
       [0.        , 0.66880035],
       [0.        , 0.67158049],
       [0.        , 0.68003786],
       [0.        , 0.68167096],
       [0.        , 0.68448269],
       [0.        , 0.69537181],
       [0.        , 0.70213073],
       [0.        , 0.70555711],
       [0.        , 0.71180212],
       [0.        , 0.72082329],
       [0.        , 0.73880184],
       [0.        , 0.74691105],
       [0.        , 0.75145006],
       [0.        , 0.76409489],
       [0.        , 0.82958162],
       [0.        , 0.84383112],
       [0.        , 0.85252422],
       [0.        , 0.86557019],
       [0.        ,        inf]]), array([[0.45820966, 0.46008843]])]",False
102,0.8389182686805725,0.013628959655761719,0.6250173347253426,75.52,4.604672708410252,2,0.04067552089691162,0.0037736892700195312,0.038788676261901855,1.7,0.6919635837837033,"[array([[0.        , 0.36035633],
       [0.        , 0.37337586],
       [0.        , 0.38715273],
       [0.        , 0.4024018 ],
       [0.        , 0.41486451],
       [0.        , 0.41499496],
       [0.        , 0.41882491],
       [0.        , 0.4200452 ],
       [0.        , 0.42880875],
       [0.        , 0.43057579],
       [0.        , 0.43742695],
       [0.        , 0.44034603],
       [0.        , 0.4407419 ],
       [0.        , 0.44131434],
       [0.        , 0.45158815],
       [0.        , 0.45816064],
       [0.        , 0.46210781],
       [0.        , 0.46972904],
       [0.        , 0.47109911],
       [0.        , 0.48010942],
       [0.        , 0.49274367],
       [0.        , 0.49370015],
       [0.        , 0.49441165],
       [0.        , 0.49578813],
       [0.        , 0.52250391],
       [0.        , 0.5237363 ],
       [0.        , 0.52437967],
       [0.        , 0.53367281],
       [0.        , 0.5601083 ],
       [0.        , 0.56347179],
       [0.        , 0.56363392],
       [0.        , 0.56529474],
       [0.        , 0.57327157],
       [0.        , 0.57618207],
       [0.        , 0.58370185],
       [0.        , 0.58724385],
       [0.        , 0.59764981],
       [0.        , 0.61721033],
       [0.        , 0.61822152],
       [0.        , 0.62162393],
       [0.        , 0.62256777],
       [0.        , 0.62542242],
       [0.        , 0.62971807],
       [0.        , 0.63437635],
       [0.        , 0.63894504],
       [0.        , 0.64047289],
       [0.        , 0.64121574],
       [0.        , 0.64656252],
       [0.        , 0.64678931],
       [0.        , 0.65258813],
       [0.        , 0.65377343],
       [0.        , 0.65871638],
       [0.        , 0.65920097],
       [0.        , 0.66082346],
       [0.        , 0.66090995],
       [0.        , 0.66877556],
       [0.        , 0.67204338],
       [0.        , 0.67549247],
       [0.        , 0.67789704],
       [0.        , 0.67865342],
       [0.        , 0.68003786],
       [0.        , 0.6803174 ],
       [0.        , 0.68593484],
       [0.        , 0.68721014],
       [0.        , 0.68721074],
       [0.        , 0.68761957],
       [0.        , 0.68777019],
       [0.        , 0.69009161],
       [0.        , 0.69437301],
       [0.        , 0.6955657 ],
       [0.        , 0.70245641],
       [0.        , 0.70564771],
       [0.        , 0.70623797],
       [0.        , 0.70848179],
       [0.        , 0.70981807],
       [0.        , 0.7131111 ],
       [0.        , 0.71351689],
       [0.        , 0.71636444],
       [0.        , 0.71755993],
       [0.        , 0.7204631 ],
       [0.        , 0.72229069],
       [0.        , 0.72866625],
       [0.        , 0.73208857],
       [0.        , 0.735511  ],
       [0.        , 0.74265599],
       [0.        , 0.7486248 ],
       [0.        , 0.75469291],
       [0.        , 0.76306897],
       [0.        , 0.76479298],
       [0.        , 0.76617402],
       [0.        , 0.76622397],
       [0.        , 0.76854318],
       [0.        , 0.77156967],
       [0.        , 0.77642608],
       [0.        , 0.78272897],
       [0.        , 0.7913118 ],
       [0.        , 0.7956745 ],
       [0.        , 0.79976976],
       [0.        , 0.80965918],
       [0.        , 0.81978029],
       [0.        , 0.82528931],
       [0.        , 0.83891827],
       [0.        ,        inf]]), array([[0.50763631, 0.54831183],
       [0.50319093, 0.54009277]])]",True
71,0.8776195645332336,0.013762295246124268,0.6221823977752471,50.02,4.241390759726676,1,0.005845963954925537,0.005845963954925537,0.005845963954925537,0.98,-0.0,"[array([[0.        , 0.38715273],
       [0.        , 0.39394933],
       [0.        , 0.41721967],
       [0.        , 0.41779813],
       [0.        , 0.41882491],
       [0.        , 0.4200452 ],
       [0.        , 0.43057579],
       [0.        , 0.43742695],
       [0.        , 0.4407419 ],
       [0.        , 0.44131434],
       [0.        , 0.45158815],
       [0.        , 0.46344507],
       [0.        , 0.48943576],
       [0.        , 0.48953468],
       [0.        , 0.49303174],
       [0.        , 0.49441165],
       [0.        , 0.50319093],
       [0.        , 0.50763631],
       [0.        , 0.5141263 ],
       [0.        , 0.53939617],
       [0.        , 0.54428726],
       [0.        , 0.54872704],
       [0.        , 0.5601083 ],
       [0.        , 0.56347179],
       [0.        , 0.57038856],
       [0.        , 0.58092135],
       [0.        , 0.58859777],
       [0.        , 0.59010786],
       [0.        , 0.59717441],
       [0.        , 0.60134113],
       [0.        , 0.61200255],
       [0.        , 0.613006  ],
       [0.        , 0.62417752],
       [0.        , 0.63366669],
       [0.        , 0.63413119],
       [0.        , 0.63460577],
       [0.        , 0.63815796],
       [0.        , 0.64270478],
       [0.        , 0.64312124],
       [0.        , 0.64660811],
       [0.        , 0.65100533],
       [0.        , 0.65707487],
       [0.        , 0.66752344],
       [0.        , 0.68002725],
       [0.        , 0.68003786],
       [0.        , 0.68625969],
       [0.        , 0.69274354],
       [0.        , 0.69431186],
       [0.        , 0.7012139 ],
       [0.        , 0.70498931],
       [0.        , 0.70995396],
       [0.        , 0.71071994],
       [0.        , 0.71263951],
       [0.        , 0.7182616 ],
       [0.        , 0.72047108],
       [0.        , 0.73271465],
       [0.        , 0.73874879],
       [0.        , 0.74598753],
       [0.        , 0.74711311],
       [0.        , 0.74966681],
       [0.        , 0.75469291],
       [0.        , 0.76972318],
       [0.        , 0.77118117],
       [0.        , 0.77349925],
       [0.        , 0.79990369],
       [0.        , 0.80034947],
       [0.        , 0.80538625],
       [0.        , 0.80602199],
       [0.        , 0.83309847],
       [0.        , 0.86385727],
       [0.        , 0.87761956],
       [0.        ,        inf]]), array([[0.52856219, 0.53440815]])]",True
61,0.8776195645332336,0.04452109336853027,0.6356188141908802,43.92,4.086160891538338,0,0.0,0.0,0.0,0.0,0.0,"[array([[0.        , 0.37337586],
       [0.        , 0.38715273],
       [0.        , 0.4024018 ],
       [0.        , 0.41721967],
       [0.        , 0.41882491],
       [0.        , 0.4200452 ],
       [0.        , 0.43742695],
       [0.        , 0.43789533],
       [0.        , 0.4407419 ],
       [0.        , 0.44131434],
       [0.        , 0.45158815],
       [0.        , 0.48943576],
       [0.        , 0.48953468],
       [0.        , 0.49441165],
       [0.        , 0.50238061],
       [0.        , 0.50319093],
       [0.        , 0.50763631],
       [0.        , 0.5141263 ],
       [0.        , 0.53939617],
       [0.        , 0.5601083 ],
       [0.        , 0.56347179],
       [0.        , 0.58092135],
       [0.        , 0.60762435],
       [0.        , 0.613006  ],
       [0.        , 0.62417752],
       [0.        , 0.63214779],
       [0.        , 0.63761818],
       [0.        , 0.65707487],
       [0.        , 0.6652    ],
       [0.        , 0.66752344],
       [0.        , 0.68002725],
       [0.        , 0.68003786],
       [0.        , 0.6803174 ],
       [0.        , 0.68625969],
       [0.        , 0.69073325],
       [0.        , 0.7012139 ],
       [0.        , 0.70386809],
       [0.        , 0.71071994],
       [0.        , 0.71691865],
       [0.        , 0.71745729],
       [0.        , 0.71898383],
       [0.        , 0.72465062],
       [0.        , 0.73227376],
       [0.        , 0.73227823],
       [0.        , 0.73369062],
       [0.        , 0.74966681],
       [0.        , 0.75145006],
       [0.        , 0.75469291],
       [0.        , 0.75806272],
       [0.        , 0.75828475],
       [0.        , 0.76523238],
       [0.        , 0.7653687 ],
       [0.        , 0.77349925],
       [0.        , 0.79990369],
       [0.        , 0.80034947],
       [0.        , 0.81380236],
       [0.        , 0.82415462],
       [0.        , 0.82958162],
       [0.        , 0.83157706],
       [0.        , 0.83309847],
       [0.        , 0.87761956],
       [0.        ,        inf]]), array([], shape=(0, 2), dtype=float64)]",True
95,0.8498784899711609,0.007397830486297607,0.6282540763679304,69.76,4.535202951801303,2,0.04067552089691162,0.03879675269126892,0.02127714455127716,0.48,0.1809156239471263,"[array([[0.        , 0.38715273],
       [0.        , 0.39394933],
       [0.        , 0.4024018 ],
       [0.        , 0.41882491],
       [0.        , 0.4200452 ],
       [0.        , 0.42704388],
       [0.        , 0.42880875],
       [0.        , 0.43057579],
       [0.        , 0.43742695],
       [0.        , 0.44034603],
       [0.        , 0.4407419 ],
       [0.        , 0.44131434],
       [0.        , 0.45158815],
       [0.        , 0.46210781],
       [0.        , 0.46668717],
       [0.        , 0.47358829],
       [0.        , 0.47560501],
       [0.        , 0.49370015],
       [0.        , 0.49441165],
       [0.        , 0.50319093],
       [0.        , 0.52250391],
       [0.        , 0.53447193],
       [0.        , 0.53939617],
       [0.        , 0.5459165 ],
       [0.        , 0.54789191],
       [0.        , 0.55798405],
       [0.        , 0.5601083 ],
       [0.        , 0.56347179],
       [0.        , 0.57406068],
       [0.        , 0.5799017 ],
       [0.        , 0.5850091 ],
       [0.        , 0.58724385],
       [0.        , 0.59345222],
       [0.        , 0.59641129],
       [0.        , 0.59658366],
       [0.        , 0.60314393],
       [0.        , 0.60474283],
       [0.        , 0.60958624],
       [0.        , 0.61827677],
       [0.        , 0.62060475],
       [0.        , 0.62298888],
       [0.        , 0.63001907],
       [0.        , 0.63765061],
       [0.        , 0.63815796],
       [0.        , 0.63897163],
       [0.        , 0.64312124],
       [0.        , 0.64323443],
       [0.        , 0.64883834],
       [0.        , 0.65085632],
       [0.        , 0.65100533],
       [0.        , 0.65141666],
       [0.        , 0.65201002],
       [0.        , 0.65390903],
       [0.        , 0.66178566],
       [0.        , 0.66337144],
       [0.        , 0.67197615],
       [0.        , 0.67576385],
       [0.        , 0.68002725],
       [0.        , 0.68003786],
       [0.        , 0.6844306 ],
       [0.        , 0.68761957],
       [0.        , 0.68787801],
       [0.        , 0.6878801 ],
       [0.        , 0.69072378],
       [0.        , 0.70156389],
       [0.        , 0.70164883],
       [0.        , 0.70443803],
       [0.        , 0.71027952],
       [0.        , 0.71049362],
       [0.        , 0.71260566],
       [0.        , 0.72091341],
       [0.        , 0.72289783],
       [0.        , 0.72338164],
       [0.        , 0.72564626],
       [0.        , 0.73748267],
       [0.        , 0.73899293],
       [0.        , 0.74235755],
       [0.        , 0.74502033],
       [0.        , 0.74666429],
       [0.        , 0.74679112],
       [0.        , 0.74889517],
       [0.        , 0.75338787],
       [0.        , 0.7576248 ],
       [0.        , 0.75800049],
       [0.        , 0.75963938],
       [0.        , 0.77171671],
       [0.        , 0.77494067],
       [0.        , 0.77819431],
       [0.        , 0.78626609],
       [0.        , 0.79409337],
       [0.        , 0.80183685],
       [0.        , 0.81741732],
       [0.        , 0.83464134],
       [0.        , 0.84248066],
       [0.        , 0.84987849],
       [0.        ,        inf]]), array([[0.50763631, 0.54831183],
       [0.45820966, 0.46008843]])]",False
61,0.857903778553009,0.0012630224227905273,0.6070423971434109,42.84,4.091080842037694,1,0.004353702068328857,0.004353702068328857,0.004353702068328857,0.98,-0.0,"[array([[0.        , 0.38715273],
       [0.        , 0.39394933],
       [0.        , 0.4024018 ],
       [0.        , 0.4200452 ],
       [0.        , 0.42880875],
       [0.        , 0.43742695],
       [0.        , 0.43905649],
       [0.        , 0.44034603],
       [0.        , 0.4407419 ],
       [0.        , 0.44131434],
       [0.        , 0.45158815],
       [0.        , 0.46668717],
       [0.        , 0.47109911],
       [0.        , 0.49441165],
       [0.        , 0.50319093],
       [0.        , 0.50763631],
       [0.        , 0.51019049],
       [0.        , 0.53422171],
       [0.        , 0.54004842],
       [0.        , 0.5601083 ],
       [0.        , 0.56298715],
       [0.        , 0.56347179],
       [0.        , 0.59301394],
       [0.        , 0.59716791],
       [0.        , 0.60762435],
       [0.        , 0.61483586],
       [0.        , 0.61911666],
       [0.        , 0.6205911 ],
       [0.        , 0.62543547],
       [0.        , 0.62584937],
       [0.        , 0.62971807],
       [0.        , 0.6329385 ],
       [0.        , 0.63765061],
       [0.        , 0.63909513],
       [0.        , 0.64655471],
       [0.        , 0.64883834],
       [0.        , 0.64920539],
       [0.        , 0.65100533],
       [0.        , 0.65675479],
       [0.        , 0.6582306 ],
       [0.        , 0.65863431],
       [0.        , 0.66130799],
       [0.        , 0.67110056],
       [0.        , 0.67346036],
       [0.        , 0.6739465 ],
       [0.        , 0.67511868],
       [0.        , 0.68003786],
       [0.        , 0.6819663 ],
       [0.        , 0.68991464],
       [0.        , 0.69299561],
       [0.        , 0.69996655],
       [0.        , 0.70511729],
       [0.        , 0.71276659],
       [0.        , 0.73520511],
       [0.        , 0.7428205 ],
       [0.        , 0.76409489],
       [0.        , 0.78728116],
       [0.        , 0.82415462],
       [0.        , 0.83464134],
       [0.        , 0.85664076],
       [0.        , 0.85790378],
       [0.        ,        inf]]), array([[0.54395813, 0.54831183]])]",True
102,0.8645026683807373,0.019463002681732178,0.6318604201078415,73.96,4.6012776887331865,4,0.03289109468460083,0.021880775690078735,0.012441843748092651,0.6,0.93339185383287,"[array([[0.        , 0.37337586],
       [0.        , 0.38715273],
       [0.        , 0.39394933],
       [0.        , 0.39535582],
       [0.        , 0.4024018 ],
       [0.        , 0.41499496],
       [0.        , 0.41882491],
       [0.        , 0.4200452 ],
       [0.        , 0.42704388],
       [0.        , 0.42880875],
       [0.        , 0.43022469],
       [0.        , 0.43057579],
       [0.        , 0.43425018],
       [0.        , 0.43726656],
       [0.        , 0.43742695],
       [0.        , 0.43869025],
       [0.        , 0.43905649],
       [0.        , 0.4407419 ],
       [0.        , 0.45158815],
       [0.        , 0.46210781],
       [0.        , 0.4668766 ],
       [0.        , 0.46972904],
       [0.        , 0.49303174],
       [0.        , 0.49441165],
       [0.        , 0.50319093],
       [0.        , 0.50763631],
       [0.        , 0.53447193],
       [0.        , 0.55515742],
       [0.        , 0.5601083 ],
       [0.        , 0.56347179],
       [0.        , 0.5687381 ],
       [0.        , 0.5731709 ],
       [0.        , 0.57406068],
       [0.        , 0.57581174],
       [0.        , 0.5784483 ],
       [0.        , 0.58518332],
       [0.        , 0.59622848],
       [0.        , 0.59774822],
       [0.        , 0.61080259],
       [0.        , 0.61200255],
       [0.        , 0.61608994],
       [0.        , 0.62934804],
       [0.        , 0.63345599],
       [0.        , 0.64198923],
       [0.        , 0.64221716],
       [0.        , 0.64312124],
       [0.        , 0.6505332 ],
       [0.        , 0.65659493],
       [0.        , 0.65955788],
       [0.        , 0.66029948],
       [0.        , 0.66044641],
       [0.        , 0.66112196],
       [0.        , 0.66186148],
       [0.        , 0.6672979 ],
       [0.        , 0.66821128],
       [0.        , 0.67158049],
       [0.        , 0.67204338],
       [0.        , 0.67468607],
       [0.        , 0.67469293],
       [0.        , 0.68003786],
       [0.        , 0.68236887],
       [0.        , 0.68616492],
       [0.        , 0.6879341 ],
       [0.        , 0.68805623],
       [0.        , 0.69018722],
       [0.        , 0.69110173],
       [0.        , 0.69274354],
       [0.        , 0.69495112],
       [0.        , 0.69555575],
       [0.        , 0.70155281],
       [0.        , 0.70201796],
       [0.        , 0.70234281],
       [0.        , 0.7082389 ],
       [0.        , 0.7161622 ],
       [0.        , 0.72050357],
       [0.        , 0.73926711],
       [0.        , 0.74231666],
       [0.        , 0.74297076],
       [0.        , 0.74546301],
       [0.        , 0.75840926],
       [0.        , 0.759121  ],
       [0.        , 0.76523238],
       [0.        , 0.77461928],
       [0.        , 0.7747345 ],
       [0.        , 0.7782464 ],
       [0.        , 0.77895993],
       [0.        , 0.7794314 ],
       [0.        , 0.78540611],
       [0.        , 0.78765094],
       [0.        , 0.7889607 ],
       [0.        , 0.79133761],
       [0.        , 0.79444474],
       [0.        , 0.80578452],
       [0.        , 0.80935931],
       [0.        , 0.81612641],
       [0.        , 0.81741732],
       [0.        , 0.82584077],
       [0.        , 0.82618141],
       [0.        , 0.83987665],
       [0.        , 0.84383112],
       [0.        , 0.84503967],
       [0.        , 0.86450267],
       [0.        ,        inf]]), array([[0.50803167, 0.51201886],
       [0.50720167, 0.54009277],
       [0.48856062, 0.49957094],
       [0.45820966, 0.46008843]])]",False
111,0.829581618309021,0.004346668720245361,0.6190670368907688,82.38,4.687916920860564,2,0.04067552089691162,0.03879675269126892,0.02127714455127716,0.48,0.1809156239471263,"[array([[0.        , 0.34494105],
       [0.        , 0.36035633],
       [0.        , 0.37337586],
       [0.        , 0.38715273],
       [0.        , 0.39707401],
       [0.        , 0.4024018 ],
       [0.        , 0.41486451],
       [0.        , 0.41499496],
       [0.        , 0.41882491],
       [0.        , 0.4200452 ],
       [0.        , 0.42704388],
       [0.        , 0.42880875],
       [0.        , 0.43742695],
       [0.        , 0.43869025],
       [0.        , 0.44034603],
       [0.        , 0.4407419 ],
       [0.        , 0.44131434],
       [0.        , 0.45008722],
       [0.        , 0.45158815],
       [0.        , 0.45816064],
       [0.        , 0.46210781],
       [0.        , 0.47355893],
       [0.        , 0.47358829],
       [0.        , 0.49274367],
       [0.        , 0.49441165],
       [0.        , 0.49944043],
       [0.        , 0.51019049],
       [0.        , 0.51250052],
       [0.        , 0.52167404],
       [0.        , 0.52250391],
       [0.        , 0.52437967],
       [0.        , 0.53939617],
       [0.        , 0.55474442],
       [0.        , 0.5601083 ],
       [0.        , 0.56347179],
       [0.        , 0.56363392],
       [0.        , 0.56529474],
       [0.        , 0.57753301],
       [0.        , 0.5849722 ],
       [0.        , 0.58539951],
       [0.        , 0.58724385],
       [0.        , 0.59341764],
       [0.        , 0.59819138],
       [0.        , 0.6088596 ],
       [0.        , 0.61153382],
       [0.        , 0.61333555],
       [0.        , 0.61721033],
       [0.        , 0.61822152],
       [0.        , 0.62256777],
       [0.        , 0.62320536],
       [0.        , 0.62542242],
       [0.        , 0.62757993],
       [0.        , 0.64312124],
       [0.        , 0.64523572],
       [0.        , 0.64656252],
       [0.        , 0.6466158 ],
       [0.        , 0.64678931],
       [0.        , 0.65920097],
       [0.        , 0.66293645],
       [0.        , 0.66337144],
       [0.        , 0.66821128],
       [0.        , 0.66944724],
       [0.        , 0.67013687],
       [0.        , 0.67158049],
       [0.        , 0.67549247],
       [0.        , 0.67927724],
       [0.        , 0.68003786],
       [0.        , 0.68026155],
       [0.        , 0.68223733],
       [0.        , 0.68352681],
       [0.        , 0.68478179],
       [0.        , 0.69018435],
       [0.        , 0.69572496],
       [0.        , 0.69811511],
       [0.        , 0.70245641],
       [0.        , 0.70443803],
       [0.        , 0.70765209],
       [0.        , 0.70909816],
       [0.        , 0.70981807],
       [0.        , 0.71147448],
       [0.        , 0.71188736],
       [0.        , 0.71254241],
       [0.        , 0.7131111 ],
       [0.        , 0.71519136],
       [0.        , 0.71682382],
       [0.        , 0.71755993],
       [0.        , 0.71767491],
       [0.        , 0.72617459],
       [0.        , 0.73140281],
       [0.        , 0.73405623],
       [0.        , 0.73427206],
       [0.        , 0.73727018],
       [0.        , 0.74034178],
       [0.        , 0.74230534],
       [0.        , 0.74407691],
       [0.        , 0.7480827 ],
       [0.        , 0.75145006],
       [0.        , 0.75562447],
       [0.        , 0.76538998],
       [0.        , 0.76597565],
       [0.        , 0.77819431],
       [0.        , 0.77851903],
       [0.        , 0.78075242],
       [0.        , 0.78101146],
       [0.        , 0.78159374],
       [0.        , 0.78272897],
       [0.        , 0.79686266],
       [0.        , 0.81741732],
       [0.        , 0.81886274],
       [0.        , 0.82523495],
       [0.        , 0.82958162],
       [0.        ,        inf]]), array([[0.50763631, 0.54831183],
       [0.45820966, 0.46008843]])]",True
113,0.8513434529304504,0.0005789399147033691,0.6321221663888577,83.42,4.707249971910402,1,0.0018787682056427002,0.0018787682056427002,0.0018787682056427002,0.98,-0.0,"[array([[0.        , 0.38714209],
       [0.        , 0.38715273],
       [0.        , 0.39394933],
       [0.        , 0.39535582],
       [0.        , 0.4024018 ],
       [0.        , 0.41882491],
       [0.        , 0.4200452 ],
       [0.        , 0.42704388],
       [0.        , 0.42880875],
       [0.        , 0.43057579],
       [0.        , 0.43742695],
       [0.        , 0.43789533],
       [0.        , 0.43869025],
       [0.        , 0.43905649],
       [0.        , 0.4407419 ],
       [0.        , 0.44131434],
       [0.        , 0.45158815],
       [0.        , 0.46668717],
       [0.        , 0.47109911],
       [0.        , 0.47560501],
       [0.        , 0.4895739 ],
       [0.        , 0.49441165],
       [0.        , 0.49965605],
       [0.        , 0.50238061],
       [0.        , 0.50319093],
       [0.        , 0.50763631],
       [0.        , 0.51710719],
       [0.        , 0.52640349],
       [0.        , 0.53056955],
       [0.        , 0.53446275],
       [0.        , 0.55831003],
       [0.        , 0.5589847 ],
       [0.        , 0.5601083 ],
       [0.        , 0.56347179],
       [0.        , 0.5684827 ],
       [0.        , 0.59646887],
       [0.        , 0.59717441],
       [0.        , 0.60213548],
       [0.        , 0.60288012],
       [0.        , 0.60397613],
       [0.        , 0.60930002],
       [0.        , 0.6132406 ],
       [0.        , 0.62196815],
       [0.        , 0.62417752],
       [0.        , 0.62778896],
       [0.        , 0.62934804],
       [0.        , 0.63213915],
       [0.        , 0.64252889],
       [0.        , 0.64312124],
       [0.        , 0.64682657],
       [0.        , 0.64705271],
       [0.        , 0.64712054],
       [0.        , 0.64842957],
       [0.        , 0.64894146],
       [0.        , 0.65225685],
       [0.        , 0.65239954],
       [0.        , 0.65585828],
       [0.        , 0.65593606],
       [0.        , 0.66044641],
       [0.        , 0.6624186 ],
       [0.        , 0.66383874],
       [0.        , 0.66432631],
       [0.        , 0.66542017],
       [0.        , 0.66644448],
       [0.        , 0.66708374],
       [0.        , 0.67116433],
       [0.        , 0.67348361],
       [0.        , 0.68003786],
       [0.        , 0.68410748],
       [0.        , 0.68673664],
       [0.        , 0.68777621],
       [0.        , 0.68929291],
       [0.        , 0.69495112],
       [0.        , 0.69620728],
       [0.        , 0.69695485],
       [0.        , 0.69886506],
       [0.        , 0.70024103],
       [0.        , 0.70487696],
       [0.        , 0.713323  ],
       [0.        , 0.71394163],
       [0.        , 0.7152518 ],
       [0.        , 0.71705091],
       [0.        , 0.72047108],
       [0.        , 0.72125638],
       [0.        , 0.72704434],
       [0.        , 0.72806603],
       [0.        , 0.73131293],
       [0.        , 0.7336306 ],
       [0.        , 0.73874879],
       [0.        , 0.74598753],
       [0.        , 0.7499603 ],
       [0.        , 0.75909042],
       [0.        , 0.76150686],
       [0.        , 0.76296699],
       [0.        , 0.76409489],
       [0.        , 0.76412201],
       [0.        , 0.76441288],
       [0.        , 0.76597565],
       [0.        , 0.76989871],
       [0.        , 0.77328742],
       [0.        , 0.77701223],
       [0.        , 0.77796662],
       [0.        , 0.78251064],
       [0.        , 0.79045224],
       [0.        , 0.79132986],
       [0.        , 0.79341686],
       [0.        , 0.79402214],
       [0.        , 0.79444474],
       [0.        , 0.81671512],
       [0.        , 0.81741732],
       [0.        , 0.82911003],
       [0.        , 0.85076451],
       [0.        , 0.85134345],
       [0.        ,        inf]]), array([[0.45820966, 0.46008843]])]",True
71,0.8525242209434509,0.029807627201080322,0.6252848375851,51.88,4.241225804660432,3,0.03935420513153076,0.0029609203338623047,0.029448082049687702,1.62,1.003290361308061,"[array([[0.        , 0.37337586],
       [0.        , 0.38715273],
       [0.        , 0.39394933],
       [0.        , 0.4024018 ],
       [0.        , 0.41812924],
       [0.        , 0.41882491],
       [0.        , 0.4200452 ],
       [0.        , 0.43057579],
       [0.        , 0.43742695],
       [0.        , 0.4407419 ],
       [0.        , 0.44131434],
       [0.        , 0.47109911],
       [0.        , 0.48856062],
       [0.        , 0.49303174],
       [0.        , 0.49441165],
       [0.        , 0.49476874],
       [0.        , 0.49657497],
       [0.        , 0.50763631],
       [0.        , 0.53447193],
       [0.        , 0.5377335 ],
       [0.        , 0.5601083 ],
       [0.        , 0.56347179],
       [0.        , 0.57327157],
       [0.        , 0.58206582],
       [0.        , 0.5826872 ],
       [0.        , 0.58723557],
       [0.        , 0.59764981],
       [0.        , 0.59829026],
       [0.        , 0.60762435],
       [0.        , 0.62892103],
       [0.        , 0.63437635],
       [0.        , 0.63530159],
       [0.        , 0.64312124],
       [0.        , 0.64757138],
       [0.        , 0.64789069],
       [0.        , 0.64943641],
       [0.        , 0.65876412],
       [0.        , 0.66133404],
       [0.        , 0.66348964],
       [0.        , 0.66436255],
       [0.        , 0.66821128],
       [0.        , 0.67116433],
       [0.        , 0.67352569],
       [0.        , 0.68003786],
       [0.        , 0.68100446],
       [0.        , 0.68588924],
       [0.        , 0.68721074],
       [0.        , 0.69313359],
       [0.        , 0.69682693],
       [0.        , 0.69852728],
       [0.        , 0.70697463],
       [0.        , 0.71574908],
       [0.        , 0.71636444],
       [0.        , 0.71996498],
       [0.        , 0.73035938],
       [0.        , 0.73136008],
       [0.        , 0.73289543],
       [0.        , 0.73829275],
       [0.        , 0.74385864],
       [0.        , 0.75162101],
       [0.        , 0.754825  ],
       [0.        , 0.76854318],
       [0.        , 0.77156967],
       [0.        , 0.77372777],
       [0.        , 0.7993719 ],
       [0.        , 0.80127764],
       [0.        , 0.8173672 ],
       [0.        , 0.8185249 ],
       [0.        , 0.82260323],
       [0.        , 0.82271659],
       [0.        , 0.85252422],
       [0.        ,        inf]]), array([[0.50369948, 0.54009277],
       [0.50319093, 0.54254514],
       [0.48943576, 0.50203252]])]",False
66,0.8655701875686646,0.04141557216644287,0.5964689733404102,45.14,4.164885527263153,3,0.012596756219863892,0.008609563112258911,0.006154239177703857,0.32,0.824374597457481,"[array([[0.        , 0.37337586],
       [0.        , 0.38715273],
       [0.        , 0.39394933],
       [0.        , 0.4024018 ],
       [0.        , 0.41882491],
       [0.        , 0.4200452 ],
       [0.        , 0.42704388],
       [0.        , 0.43022469],
       [0.        , 0.43346915],
       [0.        , 0.43742695],
       [0.        , 0.43869025],
       [0.        , 0.4407419 ],
       [0.        , 0.44131434],
       [0.        , 0.45158815],
       [0.        , 0.45816064],
       [0.        , 0.46611732],
       [0.        , 0.46841013],
       [0.        , 0.48856062],
       [0.        , 0.48993608],
       [0.        , 0.49441165],
       [0.        , 0.50319093],
       [0.        , 0.50763631],
       [0.        , 0.51019049],
       [0.        , 0.5161956 ],
       [0.        , 0.5237363 ],
       [0.        , 0.53446275],
       [0.        , 0.54417998],
       [0.        , 0.5601083 ],
       [0.        , 0.56347179],
       [0.        , 0.57753301],
       [0.        , 0.58090478],
       [0.        , 0.59463793],
       [0.        , 0.59572577],
       [0.        , 0.59711146],
       [0.        , 0.60245025],
       [0.        , 0.61718887],
       [0.        , 0.6256367 ],
       [0.        , 0.63761818],
       [0.        , 0.6467948 ],
       [0.        , 0.66749316],
       [0.        , 0.66821128],
       [0.        , 0.67352569],
       [0.        , 0.68003786],
       [0.        , 0.6803174 ],
       [0.        , 0.68290198],
       [0.        , 0.68424034],
       [0.        , 0.69110173],
       [0.        , 0.69313174],
       [0.        , 0.69399297],
       [0.        , 0.69570953],
       [0.        , 0.70652741],
       [0.        , 0.71545589],
       [0.        , 0.71745729],
       [0.        , 0.71883869],
       [0.        , 0.7270593 ],
       [0.        , 0.73168314],
       [0.        , 0.73333347],
       [0.        , 0.75007266],
       [0.        , 0.76409489],
       [0.        , 0.7794314 ],
       [0.        , 0.78943586],
       [0.        , 0.79852343],
       [0.        , 0.81380236],
       [0.        , 0.82022816],
       [0.        , 0.82415462],
       [0.        , 0.86557019],
       [0.        ,        inf]]), array([[0.50803167, 0.51201886],
       [0.48943576, 0.50203252],
       [0.45820966, 0.46008843]])]",True
80,0.8655701875686646,0.011377990245819092,0.614419462904334,56.38,4.358803210843452,3,0.03289109468460083,0.03101232647895813,0.012030730644861857,0.28,0.3596316294045804,"[array([[0.        , 0.37337586],
       [0.        , 0.38715273],
       [0.        , 0.4024018 ],
       [0.        , 0.41499496],
       [0.        , 0.41882491],
       [0.        , 0.4200452 ],
       [0.        , 0.42704388],
       [0.        , 0.42880875],
       [0.        , 0.43057579],
       [0.        , 0.43346915],
       [0.        , 0.43742695],
       [0.        , 0.43869025],
       [0.        , 0.4407419 ],
       [0.        , 0.44131434],
       [0.        , 0.45618039],
       [0.        , 0.47355893],
       [0.        , 0.49441165],
       [0.        , 0.49694407],
       [0.        , 0.49944043],
       [0.        , 0.50238061],
       [0.        , 0.50763631],
       [0.        , 0.51019049],
       [0.        , 0.51146299],
       [0.        , 0.51474965],
       [0.        , 0.51477194],
       [0.        , 0.51773721],
       [0.        , 0.52021313],
       [0.        , 0.53452533],
       [0.        , 0.54492486],
       [0.        , 0.5601083 ],
       [0.        , 0.56347179],
       [0.        , 0.56363392],
       [0.        , 0.5750457 ],
       [0.        , 0.57753301],
       [0.        , 0.59093988],
       [0.        , 0.59692454],
       [0.        , 0.61718887],
       [0.        , 0.61792165],
       [0.        , 0.63213915],
       [0.        , 0.63381654],
       [0.        , 0.64035344],
       [0.        , 0.64045918],
       [0.        , 0.65784097],
       [0.        , 0.66158962],
       [0.        , 0.66398013],
       [0.        , 0.66879511],
       [0.        , 0.6710301 ],
       [0.        , 0.67961675],
       [0.        , 0.68003786],
       [0.        , 0.68100446],
       [0.        , 0.68147808],
       [0.        , 0.68900162],
       [0.        , 0.68991464],
       [0.        , 0.69399297],
       [0.        , 0.69874448],
       [0.        , 0.69954211],
       [0.        , 0.70105428],
       [0.        , 0.71128428],
       [0.        , 0.71545589],
       [0.        , 0.72139412],
       [0.        , 0.72448999],
       [0.        , 0.72480655],
       [0.        , 0.72613108],
       [0.        , 0.73289543],
       [0.        , 0.73298419],
       [0.        , 0.74231714],
       [0.        , 0.748959  ],
       [0.        , 0.75145006],
       [0.        , 0.75469291],
       [0.        , 0.7653687 ],
       [0.        , 0.76971066],
       [0.        , 0.77147281],
       [0.        , 0.77747405],
       [0.        , 0.78036356],
       [0.        , 0.78536606],
       [0.        , 0.79391873],
       [0.        , 0.82958162],
       [0.        , 0.85252422],
       [0.        , 0.8541922 ],
       [0.        , 0.86557019],
       [0.        ,        inf]]), array([[0.58535051, 0.58667284],
       [0.50720167, 0.54009277],
       [0.45820966, 0.46008843]])]",True
70,0.8655701875686646,0.021739065647125244,0.6100464561155864,48.98,4.225121855523675,0,0.0,0.0,0.0,0.0,0.0,"[array([[0.        , 0.38715273],
       [0.        , 0.4024018 ],
       [0.        , 0.4200452 ],
       [0.        , 0.42880875],
       [0.        , 0.43022469],
       [0.        , 0.43057579],
       [0.        , 0.43346915],
       [0.        , 0.43742695],
       [0.        , 0.43905649],
       [0.        , 0.4407419 ],
       [0.        , 0.44131434],
       [0.        , 0.44395688],
       [0.        , 0.45158815],
       [0.        , 0.45996878],
       [0.        , 0.46154895],
       [0.        , 0.46611732],
       [0.        , 0.46668717],
       [0.        , 0.46841013],
       [0.        , 0.46972904],
       [0.        , 0.47109911],
       [0.        , 0.48993608],
       [0.        , 0.49441165],
       [0.        , 0.50319093],
       [0.        , 0.50763631],
       [0.        , 0.53446275],
       [0.        , 0.5601083 ],
       [0.        , 0.56347179],
       [0.        , 0.58090478],
       [0.        , 0.59572577],
       [0.        , 0.59711146],
       [0.        , 0.61718887],
       [0.        , 0.6256367 ],
       [0.        , 0.63213915],
       [0.        , 0.63761818],
       [0.        , 0.64312124],
       [0.        , 0.6467948 ],
       [0.        , 0.65219593],
       [0.        , 0.6582306 ],
       [0.        , 0.65931249],
       [0.        , 0.65985948],
       [0.        , 0.66724849],
       [0.        , 0.66749316],
       [0.        , 0.66821128],
       [0.        , 0.67158049],
       [0.        , 0.68003786],
       [0.        , 0.68424034],
       [0.        , 0.68646944],
       [0.        , 0.68991464],
       [0.        , 0.69110173],
       [0.        , 0.69186336],
       [0.        , 0.69399297],
       [0.        , 0.69570953],
       [0.        , 0.70234281],
       [0.        , 0.70652741],
       [0.        , 0.71545589],
       [0.        , 0.71745729],
       [0.        , 0.72325182],
       [0.        , 0.73168314],
       [0.        , 0.7322157 ],
       [0.        , 0.75007266],
       [0.        , 0.75213277],
       [0.        , 0.76409489],
       [0.        , 0.76523238],
       [0.        , 0.7794314 ],
       [0.        , 0.79852343],
       [0.        , 0.81380236],
       [0.        , 0.82022816],
       [0.        , 0.82415462],
       [0.        , 0.84383112],
       [0.        , 0.86557019],
       [0.        ,        inf]]), array([], shape=(0, 2), dtype=float64)]",False
165,0.8630319833755493,0.005169034004211426,0.6504649621067625,123.42,5.087194816184364,3,0.03289109468460083,0.021880775690078735,0.015074580907821655,0.44,0.6788297052637481,"[array([[0.        , 0.37337586],
       [0.        , 0.38544127],
       [0.        , 0.38715273],
       [0.        , 0.39394933],
       [0.        , 0.4024018 ],
       [0.        , 0.41499496],
       [0.        , 0.41882491],
       [0.        , 0.4200452 ],
       [0.        , 0.4210099 ],
       [0.        , 0.42880875],
       [0.        , 0.43057579],
       [0.        , 0.43584964],
       [0.        , 0.43742695],
       [0.        , 0.43789533],
       [0.        , 0.43905649],
       [0.        , 0.4407419 ],
       [0.        , 0.44131434],
       [0.        , 0.44134226],
       [0.        , 0.45158815],
       [0.        , 0.45816064],
       [0.        , 0.45996878],
       [0.        , 0.46210781],
       [0.        , 0.47109911],
       [0.        , 0.47358829],
       [0.        , 0.47560501],
       [0.        , 0.49441165],
       [0.        , 0.494874  ],
       [0.        , 0.5014888 ],
       [0.        , 0.50319093],
       [0.        , 0.50763631],
       [0.        , 0.51280475],
       [0.        , 0.52437967],
       [0.        , 0.53487867],
       [0.        , 0.5435788 ],
       [0.        , 0.54428726],
       [0.        , 0.55364859],
       [0.        , 0.55556101],
       [0.        , 0.56006187],
       [0.        , 0.5601083 ],
       [0.        , 0.56347179],
       [0.        , 0.56529474],
       [0.        , 0.56674522],
       [0.        , 0.56914806],
       [0.        , 0.57141787],
       [0.        , 0.5750457 ],
       [0.        , 0.5799017 ],
       [0.        , 0.58724385],
       [0.        , 0.59745759],
       [0.        , 0.60134113],
       [0.        , 0.61497611],
       [0.        , 0.61665469],
       [0.        , 0.61858058],
       [0.        , 0.62542242],
       [0.        , 0.62698603],
       [0.        , 0.62757993],
       [0.        , 0.6296826 ],
       [0.        , 0.63213915],
       [0.        , 0.63266665],
       [0.        , 0.6342932 ],
       [0.        , 0.63475686],
       [0.        , 0.63485289],
       [0.        , 0.63696837],
       [0.        , 0.64323443],
       [0.        , 0.645657  ],
       [0.        , 0.64630258],
       [0.        , 0.6466158 ],
       [0.        , 0.64757138],
       [0.        , 0.64780909],
       [0.        , 0.64790231],
       [0.        , 0.65118778],
       [0.        , 0.65546256],
       [0.        , 0.65634459],
       [0.        , 0.65659493],
       [0.        , 0.65692902],
       [0.        , 0.65707487],
       [0.        , 0.65737855],
       [0.        , 0.65898514],
       [0.        , 0.65955788],
       [0.        , 0.65967602],
       [0.        , 0.66186082],
       [0.        , 0.6627785 ],
       [0.        , 0.66571653],
       [0.        , 0.67013687],
       [0.        , 0.67320091],
       [0.        , 0.6739465 ],
       [0.        , 0.67782956],
       [0.        , 0.67832834],
       [0.        , 0.68003786],
       [0.        , 0.68072289],
       [0.        , 0.6819663 ],
       [0.        , 0.68216431],
       [0.        , 0.68448269],
       [0.        , 0.68721074],
       [0.        , 0.68991464],
       [0.        , 0.70018244],
       [0.        , 0.70035207],
       [0.        , 0.70050138],
       [0.        , 0.70067245],
       [0.        , 0.70177835],
       [0.        , 0.702061  ],
       [0.        , 0.70361441],
       [0.        , 0.7036615 ],
       [0.        , 0.70461494],
       [0.        , 0.70927775],
       [0.        , 0.71097296],
       [0.        , 0.71215898],
       [0.        , 0.71462029],
       [0.        , 0.71737885],
       [0.        , 0.7190125 ],
       [0.        , 0.71914786],
       [0.        , 0.71940768],
       [0.        , 0.71959531],
       [0.        , 0.71986437],
       [0.        , 0.71996498],
       [0.        , 0.72074813],
       [0.        , 0.72328359],
       [0.        , 0.72777003],
       [0.        , 0.72837371],
       [0.        , 0.72948837],
       [0.        , 0.73337263],
       [0.        , 0.73505795],
       [0.        , 0.74262482],
       [0.        , 0.7428205 ],
       [0.        , 0.74709332],
       [0.        , 0.74853253],
       [0.        , 0.74902755],
       [0.        , 0.74969196],
       [0.        , 0.75153995],
       [0.        , 0.7549476 ],
       [0.        , 0.75680184],
       [0.        , 0.75978172],
       [0.        , 0.76045245],
       [0.        , 0.76053286],
       [0.        , 0.76056904],
       [0.        , 0.76156765],
       [0.        , 0.76220125],
       [0.        , 0.76782715],
       [0.        , 0.76948744],
       [0.        , 0.76957768],
       [0.        , 0.77018207],
       [0.        , 0.7707324 ],
       [0.        , 0.77823973],
       [0.        , 0.78219372],
       [0.        , 0.78470248],
       [0.        , 0.78854907],
       [0.        , 0.789738  ],
       [0.        , 0.79158801],
       [0.        , 0.79396451],
       [0.        , 0.79423696],
       [0.        , 0.79482806],
       [0.        , 0.7976405 ],
       [0.        , 0.79987377],
       [0.        , 0.79991215],
       [0.        , 0.80443656],
       [0.        , 0.81054664],
       [0.        , 0.8177523 ],
       [0.        , 0.82219702],
       [0.        , 0.82357627],
       [0.        , 0.8252539 ],
       [0.        , 0.82744545],
       [0.        , 0.84295356],
       [0.        , 0.84584397],
       [0.        , 0.85698056],
       [0.        , 0.85786295],
       [0.        , 0.86303198],
       [0.        ,        inf]]), array([[0.58535051, 0.58667284],
       [0.50720167, 0.54009277],
       [0.48856062, 0.49957094]])]",True
107,0.8438311219215393,0.004912853240966797,0.6422130927861294,80.8,4.652855894986432,1,0.03289109468460083,0.03289109468460083,0.03289109468460083,0.98,-0.0,"[array([[0.        , 0.37337586],
       [0.        , 0.38715273],
       [0.        , 0.39707401],
       [0.        , 0.4024018 ],
       [0.        , 0.41499496],
       [0.        , 0.41882491],
       [0.        , 0.42880875],
       [0.        , 0.43057579],
       [0.        , 0.43742695],
       [0.        , 0.43789533],
       [0.        , 0.43905649],
       [0.        , 0.4407419 ],
       [0.        , 0.44131434],
       [0.        , 0.45158815],
       [0.        , 0.45816064],
       [0.        , 0.45996878],
       [0.        , 0.46972904],
       [0.        , 0.47109911],
       [0.        , 0.48370862],
       [0.        , 0.49441165],
       [0.        , 0.49519876],
       [0.        , 0.49915579],
       [0.        , 0.50319093],
       [0.        , 0.50763631],
       [0.        , 0.52250391],
       [0.        , 0.5237363 ],
       [0.        , 0.53367281],
       [0.        , 0.55240875],
       [0.        , 0.5601083 ],
       [0.        , 0.56347179],
       [0.        , 0.56757629],
       [0.        , 0.57327157],
       [0.        , 0.58370185],
       [0.        , 0.5865168 ],
       [0.        , 0.59764981],
       [0.        , 0.61608994],
       [0.        , 0.62971807],
       [0.        , 0.63437635],
       [0.        , 0.64047289],
       [0.        , 0.64121574],
       [0.        , 0.64312124],
       [0.        , 0.65377343],
       [0.        , 0.65871638],
       [0.        , 0.65931249],
       [0.        , 0.65985948],
       [0.        , 0.66082346],
       [0.        , 0.66090995],
       [0.        , 0.66152811],
       [0.        , 0.66724849],
       [0.        , 0.66821128],
       [0.        , 0.66877556],
       [0.        , 0.67204338],
       [0.        , 0.67322493],
       [0.        , 0.67865342],
       [0.        , 0.68003786],
       [0.        , 0.68477637],
       [0.        , 0.68593484],
       [0.        , 0.68646944],
       [0.        , 0.68721014],
       [0.        , 0.68721074],
       [0.        , 0.68761957],
       [0.        , 0.68777019],
       [0.        , 0.68805027],
       [0.        , 0.68833119],
       [0.        , 0.69009161],
       [0.        , 0.69437301],
       [0.        , 0.6955657 ],
       [0.        , 0.69736576],
       [0.        , 0.70234281],
       [0.        , 0.70564771],
       [0.        , 0.70623797],
       [0.        , 0.70848179],
       [0.        , 0.71351689],
       [0.        , 0.71636444],
       [0.        , 0.7204631 ],
       [0.        , 0.72229069],
       [0.        , 0.72866625],
       [0.        , 0.73208857],
       [0.        , 0.7322157 ],
       [0.        , 0.73732513],
       [0.        , 0.74081421],
       [0.        , 0.74265599],
       [0.        , 0.74662596],
       [0.        , 0.74843329],
       [0.        , 0.7486248 ],
       [0.        , 0.75213277],
       [0.        , 0.75469291],
       [0.        , 0.76306897],
       [0.        , 0.76479298],
       [0.        , 0.76523238],
       [0.        , 0.76617402],
       [0.        , 0.76854318],
       [0.        , 0.77156967],
       [0.        , 0.77244121],
       [0.        , 0.77573001],
       [0.        , 0.79055887],
       [0.        , 0.7913118 ],
       [0.        , 0.7956745 ],
       [0.        , 0.79591739],
       [0.        , 0.79914212],
       [0.        , 0.79976976],
       [0.        , 0.80484021],
       [0.        , 0.80760282],
       [0.        , 0.81978029],
       [0.        , 0.82528931],
       [0.        , 0.83891827],
       [0.        , 0.84383112],
       [0.        ,        inf]]), array([[0.50720167, 0.54009277]])]",True
65,0.8413888812065125,0.008876144886016846,0.6117628624806037,46.92,4.152534630152583,1,0.004353702068328857,0.004353702068328857,0.004353702068328857,0.98,-0.0,"[array([[0.        , 0.38715273],
       [0.        , 0.4024018 ],
       [0.        , 0.41882491],
       [0.        , 0.4200452 ],
       [0.        , 0.42880875],
       [0.        , 0.43425018],
       [0.        , 0.43726656],
       [0.        , 0.43742695],
       [0.        , 0.44034603],
       [0.        , 0.4407419 ],
       [0.        , 0.45158815],
       [0.        , 0.46210781],
       [0.        , 0.46668717],
       [0.        , 0.46928936],
       [0.        , 0.49303174],
       [0.        , 0.49363571],
       [0.        , 0.49441165],
       [0.        , 0.50319093],
       [0.        , 0.50763631],
       [0.        , 0.51450723],
       [0.        , 0.52427751],
       [0.        , 0.53447193],
       [0.        , 0.55584931],
       [0.        , 0.55848342],
       [0.        , 0.5601083 ],
       [0.        , 0.56347179],
       [0.        , 0.58248681],
       [0.        , 0.58527631],
       [0.        , 0.58680779],
       [0.        , 0.61256677],
       [0.        , 0.61545843],
       [0.        , 0.62664056],
       [0.        , 0.63213915],
       [0.        , 0.63245237],
       [0.        , 0.64906681],
       [0.        , 0.64915735],
       [0.        , 0.65737855],
       [0.        , 0.66668147],
       [0.        , 0.6680519 ],
       [0.        , 0.66944724],
       [0.        , 0.67346036],
       [0.        , 0.67629546],
       [0.        , 0.67639655],
       [0.        , 0.68003786],
       [0.        , 0.68268132],
       [0.        , 0.68930423],
       [0.        , 0.69299561],
       [0.        , 0.71327811],
       [0.        , 0.71483427],
       [0.        , 0.71636444],
       [0.        , 0.72238094],
       [0.        , 0.72256523],
       [0.        , 0.72281027],
       [0.        , 0.72441083],
       [0.        , 0.75081015],
       [0.        , 0.76111126],
       [0.        , 0.76564294],
       [0.        , 0.76770759],
       [0.        , 0.78822327],
       [0.        , 0.79044056],
       [0.        , 0.80072713],
       [0.        , 0.80722153],
       [0.        , 0.81735969],
       [0.        , 0.83251274],
       [0.        , 0.84138888],
       [0.        ,        inf]]), array([[0.54395813, 0.54831183]])]",True
98,0.8655701875686646,0.020530521869659424,0.6400161093595077,71.94,4.561345920689617,1,0.0018787682056427002,0.0018787682056427002,0.0018787682056427002,0.98,-0.0,"[array([[0.        , 0.38715273],
       [0.        , 0.39394933],
       [0.        , 0.39535582],
       [0.        , 0.4024018 ],
       [0.        , 0.41812924],
       [0.        , 0.41882491],
       [0.        , 0.4200452 ],
       [0.        , 0.42704388],
       [0.        , 0.42880875],
       [0.        , 0.43425018],
       [0.        , 0.43726656],
       [0.        , 0.43742695],
       [0.        , 0.43869025],
       [0.        , 0.43905649],
       [0.        , 0.4407419 ],
       [0.        , 0.45158815],
       [0.        , 0.46210781],
       [0.        , 0.46668717],
       [0.        , 0.4668766 ],
       [0.        , 0.46972904],
       [0.        , 0.47781155],
       [0.        , 0.49303174],
       [0.        , 0.49441165],
       [0.        , 0.50319093],
       [0.        , 0.50763631],
       [0.        , 0.53447193],
       [0.        , 0.55515742],
       [0.        , 0.5601083 ],
       [0.        , 0.56347179],
       [0.        , 0.5687381 ],
       [0.        , 0.5731709 ],
       [0.        , 0.57581174],
       [0.        , 0.58518332],
       [0.        , 0.5944314 ],
       [0.        , 0.59622848],
       [0.        , 0.59634507],
       [0.        , 0.59774822],
       [0.        , 0.61080259],
       [0.        , 0.62355614],
       [0.        , 0.62934804],
       [0.        , 0.63345599],
       [0.        , 0.64198923],
       [0.        , 0.64312124],
       [0.        , 0.65659493],
       [0.        , 0.66029948],
       [0.        , 0.66044641],
       [0.        , 0.66112196],
       [0.        , 0.66186148],
       [0.        , 0.6672979 ],
       [0.        , 0.66821128],
       [0.        , 0.67158049],
       [0.        , 0.67204338],
       [0.        , 0.67468607],
       [0.        , 0.67469293],
       [0.        , 0.68003786],
       [0.        , 0.68236887],
       [0.        , 0.68616492],
       [0.        , 0.68805623],
       [0.        , 0.69110173],
       [0.        , 0.69495112],
       [0.        , 0.6955657 ],
       [0.        , 0.70234281],
       [0.        , 0.71582508],
       [0.        , 0.72050357],
       [0.        , 0.73283333],
       [0.        , 0.73619139],
       [0.        , 0.73926711],
       [0.        , 0.74297076],
       [0.        , 0.74494278],
       [0.        , 0.74546301],
       [0.        , 0.74645925],
       [0.        , 0.75020248],
       [0.        , 0.75888336],
       [0.        , 0.759121  ],
       [0.        , 0.76030779],
       [0.        , 0.76409489],
       [0.        , 0.76523238],
       [0.        , 0.76953471],
       [0.        , 0.7747345 ],
       [0.        , 0.7782464 ],
       [0.        , 0.77836001],
       [0.        , 0.77895993],
       [0.        , 0.7794314 ],
       [0.        , 0.78201288],
       [0.        , 0.78293198],
       [0.        , 0.78765094],
       [0.        , 0.7889607 ],
       [0.        , 0.79444474],
       [0.        , 0.80935931],
       [0.        , 0.81308931],
       [0.        , 0.81612641],
       [0.        , 0.82461214],
       [0.        , 0.82584077],
       [0.        , 0.82618141],
       [0.        , 0.82958162],
       [0.        , 0.84383112],
       [0.        , 0.84503967],
       [0.        , 0.86557019],
       [0.        ,        inf]]), array([[0.45820966, 0.46008843]])]",True
162,0.8630319833755493,0.006051421165466309,0.6404015092570104,119.32,5.067622874525061,2,0.03884565830230713,0.027835339307785034,0.024927988648414612,0.9,0.5279722273455856,"[array([[0.        , 0.36035633],
       [0.        , 0.37337586],
       [0.        , 0.38544127],
       [0.        , 0.38715273],
       [0.        , 0.39394933],
       [0.        , 0.4024018 ],
       [0.        , 0.41499496],
       [0.        , 0.41812924],
       [0.        , 0.41882491],
       [0.        , 0.4200452 ],
       [0.        , 0.4210099 ],
       [0.        , 0.42880875],
       [0.        , 0.43425018],
       [0.        , 0.43584964],
       [0.        , 0.43726656],
       [0.        , 0.43742695],
       [0.        , 0.43789533],
       [0.        , 0.43905649],
       [0.        , 0.4407419 ],
       [0.        , 0.44134226],
       [0.        , 0.45158815],
       [0.        , 0.45816064],
       [0.        , 0.45996878],
       [0.        , 0.46210781],
       [0.        , 0.47109911],
       [0.        , 0.47358829],
       [0.        , 0.47560501],
       [0.        , 0.49441165],
       [0.        , 0.494874  ],
       [0.        , 0.49657497],
       [0.        , 0.5014888 ],
       [0.        , 0.50319093],
       [0.        , 0.50763631],
       [0.        , 0.51280475],
       [0.        , 0.53446275],
       [0.        , 0.53487867],
       [0.        , 0.54417998],
       [0.        , 0.54428726],
       [0.        , 0.55051845],
       [0.        , 0.56006187],
       [0.        , 0.5601083 ],
       [0.        , 0.56347179],
       [0.        , 0.56363392],
       [0.        , 0.56529474],
       [0.        , 0.56674522],
       [0.        , 0.56914806],
       [0.        , 0.57136887],
       [0.        , 0.57141787],
       [0.        , 0.5799017 ],
       [0.        , 0.58539951],
       [0.        , 0.58724385],
       [0.        , 0.59745759],
       [0.        , 0.60134113],
       [0.        , 0.61497611],
       [0.        , 0.61665469],
       [0.        , 0.61858058],
       [0.        , 0.62542242],
       [0.        , 0.6256367 ],
       [0.        , 0.62698603],
       [0.        , 0.62757993],
       [0.        , 0.63111234],
       [0.        , 0.63213915],
       [0.        , 0.63266665],
       [0.        , 0.6342932 ],
       [0.        , 0.63485289],
       [0.        , 0.64023095],
       [0.        , 0.6407392 ],
       [0.        , 0.64312124],
       [0.        , 0.64323443],
       [0.        , 0.645657  ],
       [0.        , 0.64630258],
       [0.        , 0.64757138],
       [0.        , 0.64790231],
       [0.        , 0.65118778],
       [0.        , 0.65546256],
       [0.        , 0.65659493],
       [0.        , 0.65692902],
       [0.        , 0.65707487],
       [0.        , 0.65737855],
       [0.        , 0.65898514],
       [0.        , 0.65906972],
       [0.        , 0.65967602],
       [0.        , 0.66186082],
       [0.        , 0.6627785 ],
       [0.        , 0.66527545],
       [0.        , 0.66542017],
       [0.        , 0.66571653],
       [0.        , 0.6679396 ],
       [0.        , 0.67013687],
       [0.        , 0.67040801],
       [0.        , 0.67320091],
       [0.        , 0.6739465 ],
       [0.        , 0.67549247],
       [0.        , 0.67832834],
       [0.        , 0.68003786],
       [0.        , 0.68216431],
       [0.        , 0.68236887],
       [0.        , 0.6858207 ],
       [0.        , 0.68721074],
       [0.        , 0.69555575],
       [0.        , 0.70018244],
       [0.        , 0.70035207],
       [0.        , 0.70050138],
       [0.        , 0.70067245],
       [0.        , 0.702061  ],
       [0.        , 0.70361441],
       [0.        , 0.7036615 ],
       [0.        , 0.70461494],
       [0.        , 0.71097296],
       [0.        , 0.7117067 ],
       [0.        , 0.71215898],
       [0.        , 0.71462029],
       [0.        , 0.71737885],
       [0.        , 0.71870208],
       [0.        , 0.7190125 ],
       [0.        , 0.71914786],
       [0.        , 0.71940768],
       [0.        , 0.71959531],
       [0.        , 0.71996498],
       [0.        , 0.72777003],
       [0.        , 0.72837371],
       [0.        , 0.73325306],
       [0.        , 0.73337263],
       [0.        , 0.73505795],
       [0.        , 0.74262482],
       [0.        , 0.74709332],
       [0.        , 0.74840271],
       [0.        , 0.74853253],
       [0.        , 0.74969196],
       [0.        , 0.75153995],
       [0.        , 0.75477558],
       [0.        , 0.7549476 ],
       [0.        , 0.75680184],
       [0.        , 0.76053286],
       [0.        , 0.76056904],
       [0.        , 0.76220125],
       [0.        , 0.76948744],
       [0.        , 0.76957768],
       [0.        , 0.77018207],
       [0.        , 0.7707324 ],
       [0.        , 0.77823973],
       [0.        , 0.78219372],
       [0.        , 0.78470248],
       [0.        , 0.78854907],
       [0.        , 0.789738  ],
       [0.        , 0.79158801],
       [0.        , 0.79396451],
       [0.        , 0.79423696],
       [0.        , 0.79482806],
       [0.        , 0.7976405 ],
       [0.        , 0.79987377],
       [0.        , 0.79991215],
       [0.        , 0.81225055],
       [0.        , 0.8177523 ],
       [0.        , 0.82357627],
       [0.        , 0.82894093],
       [0.        , 0.84295356],
       [0.        , 0.84584397],
       [0.        , 0.85348493],
       [0.        , 0.85689259],
       [0.        , 0.85698056],
       [0.        , 0.86303198],
       [0.        ,        inf]]), array([[0.50369948, 0.54254514],
       [0.48856062, 0.49957094]])]",True
88,0.8630319833755493,0.0231553316116333,0.6242909902198748,63.3,4.452066495814234,2,0.0039871931076049805,0.0021084249019622803,0.0029329806566238403,0.1,0.6270826574860846,"[array([[0.        , 0.29917738],
       [0.        , 0.38715273],
       [0.        , 0.39394933],
       [0.        , 0.4024018 ],
       [0.        , 0.41882491],
       [0.        , 0.4200452 ],
       [0.        , 0.42704388],
       [0.        , 0.42880875],
       [0.        , 0.43022469],
       [0.        , 0.43057579],
       [0.        , 0.43425018],
       [0.        , 0.43726656],
       [0.        , 0.43742695],
       [0.        , 0.4407419 ],
       [0.        , 0.44134226],
       [0.        , 0.45158815],
       [0.        , 0.45816064],
       [0.        , 0.46210781],
       [0.        , 0.46668717],
       [0.        , 0.47109911],
       [0.        , 0.48362762],
       [0.        , 0.49441165],
       [0.        , 0.50319093],
       [0.        , 0.50763631],
       [0.        , 0.51199019],
       [0.        , 0.51805323],
       [0.        , 0.53487867],
       [0.        , 0.54868639],
       [0.        , 0.5601083 ],
       [0.        , 0.56347179],
       [0.        , 0.57406068],
       [0.        , 0.57451373],
       [0.        , 0.58031464],
       [0.        , 0.59348238],
       [0.        , 0.59401685],
       [0.        , 0.60062498],
       [0.        , 0.60958642],
       [0.        , 0.62417752],
       [0.        , 0.62569159],
       [0.        , 0.62892145],
       [0.        , 0.63804781],
       [0.        , 0.63909513],
       [0.        , 0.64221716],
       [0.        , 0.64271283],
       [0.        , 0.64360398],
       [0.        , 0.6505332 ],
       [0.        , 0.65637314],
       [0.        , 0.66957307],
       [0.        , 0.67264503],
       [0.        , 0.67583001],
       [0.        , 0.67837924],
       [0.        , 0.68003786],
       [0.        , 0.68761957],
       [0.        , 0.69211817],
       [0.        , 0.69274354],
       [0.        , 0.6929034 ],
       [0.        , 0.69296765],
       [0.        , 0.69474369],
       [0.        , 0.69474572],
       [0.        , 0.70611203],
       [0.        , 0.7161622 ],
       [0.        , 0.72065967],
       [0.        , 0.72352958],
       [0.        , 0.72455174],
       [0.        , 0.72875971],
       [0.        , 0.72976381],
       [0.        , 0.73249155],
       [0.        , 0.74231666],
       [0.        , 0.75145006],
       [0.        , 0.75469291],
       [0.        , 0.75840926],
       [0.        , 0.76149541],
       [0.        , 0.76622397],
       [0.        , 0.76649565],
       [0.        , 0.77461928],
       [0.        , 0.7747345 ],
       [0.        , 0.79133761],
       [0.        , 0.79453361],
       [0.        , 0.80321461],
       [0.        , 0.80578452],
       [0.        , 0.81054664],
       [0.        , 0.8109259 ],
       [0.        , 0.8141641 ],
       [0.        , 0.81691831],
       [0.        , 0.81801289],
       [0.        , 0.82958162],
       [0.        , 0.83987665],
       [0.        , 0.86303198],
       [0.        ,        inf]]), array([[0.50803167, 0.51201886],
       [0.45820966, 0.46008843]])]",True
94,0.8346413373947144,0.03280448913574219,0.605835572519201,67.82,4.526108276927926,2,0.03935420513153076,0.03747543692588806,0.02061648666858673,0.48,0.18524263815921127,"[array([[0.        , 0.38715273],
       [0.        , 0.39394933],
       [0.        , 0.4024018 ],
       [0.        , 0.41812924],
       [0.        , 0.41882491],
       [0.        , 0.4200452 ],
       [0.        , 0.42704388],
       [0.        , 0.42880875],
       [0.        , 0.43057579],
       [0.        , 0.43742695],
       [0.        , 0.43905649],
       [0.        , 0.4407419 ],
       [0.        , 0.44131434],
       [0.        , 0.45158815],
       [0.        , 0.45703885],
       [0.        , 0.45816064],
       [0.        , 0.46668717],
       [0.        , 0.47109911],
       [0.        , 0.47560501],
       [0.        , 0.49441165],
       [0.        , 0.49476874],
       [0.        , 0.50763631],
       [0.        , 0.51019049],
       [0.        , 0.51805323],
       [0.        , 0.5237363 ],
       [0.        , 0.53422171],
       [0.        , 0.53939617],
       [0.        , 0.54004842],
       [0.        , 0.54417998],
       [0.        , 0.5601083 ],
       [0.        , 0.56347179],
       [0.        , 0.5778212 ],
       [0.        , 0.5799017 ],
       [0.        , 0.58206582],
       [0.        , 0.5826872 ],
       [0.        , 0.58527631],
       [0.        , 0.58723557],
       [0.        , 0.59345222],
       [0.        , 0.59470582],
       [0.        , 0.59622848],
       [0.        , 0.59658366],
       [0.        , 0.60762435],
       [0.        , 0.61483586],
       [0.        , 0.61685622],
       [0.        , 0.6205911 ],
       [0.        , 0.62298888],
       [0.        , 0.62417752],
       [0.        , 0.62778896],
       [0.        , 0.6329385 ],
       [0.        , 0.63765061],
       [0.        , 0.63897163],
       [0.        , 0.64312124],
       [0.        , 0.64883834],
       [0.        , 0.64920539],
       [0.        , 0.65085632],
       [0.        , 0.65100533],
       [0.        , 0.65141666],
       [0.        , 0.65239954],
       [0.        , 0.65390903],
       [0.        , 0.65532792],
       [0.        , 0.65737855],
       [0.        , 0.6582306 ],
       [0.        , 0.65863431],
       [0.        , 0.66668147],
       [0.        , 0.67110056],
       [0.        , 0.67197615],
       [0.        , 0.67576385],
       [0.        , 0.68003786],
       [0.        , 0.68777621],
       [0.        , 0.68991464],
       [0.        , 0.69072378],
       [0.        , 0.69299561],
       [0.        , 0.69886506],
       [0.        , 0.69996655],
       [0.        , 0.70024103],
       [0.        , 0.71049362],
       [0.        , 0.71260566],
       [0.        , 0.71483427],
       [0.        , 0.71705091],
       [0.        , 0.719069  ],
       [0.        , 0.72091341],
       [0.        , 0.72289783],
       [0.        , 0.73748267],
       [0.        , 0.73899293],
       [0.        , 0.74502033],
       [0.        , 0.74666429],
       [0.        , 0.74889517],
       [0.        , 0.75081015],
       [0.        , 0.75338787],
       [0.        , 0.76296699],
       [0.        , 0.76564294],
       [0.        , 0.77171671],
       [0.        , 0.80183685],
       [0.        , 0.83464134],
       [0.        ,        inf]]), array([[0.50319093, 0.54254514],
       [0.45820966, 0.46008843]])]",True
38,0.8655701875686646,0.08138024806976318,0.571075691204322,24.88,3.610570120229903,1,0.0018787682056427002,0.0018787682056427002,0.0018787682056427002,0.98,-0.0,"[array([[0.        , 0.38544127],
       [0.        , 0.38715273],
       [0.        , 0.39394933],
       [0.        , 0.41812924],
       [0.        , 0.4200452 ],
       [0.        , 0.42704388],
       [0.        , 0.43726656],
       [0.        , 0.43742695],
       [0.        , 0.43905649],
       [0.        , 0.4407419 ],
       [0.        , 0.44395688],
       [0.        , 0.45158815],
       [0.        , 0.46154895],
       [0.        , 0.48943576],
       [0.        , 0.49441165],
       [0.        , 0.50319093],
       [0.        , 0.50763631],
       [0.        , 0.50803167],
       [0.        , 0.5601083 ],
       [0.        , 0.56347179],
       [0.        , 0.5750457 ],
       [0.        , 0.600411  ],
       [0.        , 0.62621731],
       [0.        , 0.64312124],
       [0.        , 0.66500896],
       [0.        , 0.66749316],
       [0.        , 0.66821128],
       [0.        , 0.67158049],
       [0.        , 0.67352569],
       [0.        , 0.68003786],
       [0.        , 0.68061388],
       [0.        , 0.69005692],
       [0.        , 0.75061274],
       [0.        , 0.75572258],
       [0.        , 0.76409489],
       [0.        , 0.76972848],
       [0.        , 0.78418994],
       [0.        , 0.86557019],
       [0.        ,        inf]]), array([[0.45820966, 0.46008843]])]",True
73,0.8655701875686646,0.021464049816131592,0.6251931692639442,52.3,4.271024756824379,1,0.0039871931076049805,0.0039871931076049805,0.0039871931076049805,0.98,-0.0,"[array([[0.        , 0.38715273],
       [0.        , 0.39394933],
       [0.        , 0.4024018 ],
       [0.        , 0.4200452 ],
       [0.        , 0.42880875],
       [0.        , 0.43022469],
       [0.        , 0.43057579],
       [0.        , 0.43742695],
       [0.        , 0.4407419 ],
       [0.        , 0.44131434],
       [0.        , 0.45158815],
       [0.        , 0.46668717],
       [0.        , 0.47358829],
       [0.        , 0.49441165],
       [0.        , 0.50319093],
       [0.        , 0.50763631],
       [0.        , 0.52495223],
       [0.        , 0.53446275],
       [0.        , 0.53452533],
       [0.        , 0.554928  ],
       [0.        , 0.5601083 ],
       [0.        , 0.56013113],
       [0.        , 0.56347179],
       [0.        , 0.56430352],
       [0.        , 0.5684827 ],
       [0.        , 0.57347137],
       [0.        , 0.58979708],
       [0.        , 0.59352452],
       [0.        , 0.61333555],
       [0.        , 0.61487746],
       [0.        , 0.61858058],
       [0.        , 0.62370586],
       [0.        , 0.62757993],
       [0.        , 0.64322925],
       [0.        , 0.64615417],
       [0.        , 0.6466158 ],
       [0.        , 0.65239954],
       [0.        , 0.65768367],
       [0.        , 0.66043073],
       [0.        , 0.66337144],
       [0.        , 0.66542017],
       [0.        , 0.66630745],
       [0.        , 0.66749316],
       [0.        , 0.66821128],
       [0.        , 0.66962457],
       [0.        , 0.67013687],
       [0.        , 0.68003786],
       [0.        , 0.68223733],
       [0.        , 0.68315053],
       [0.        , 0.68478179],
       [0.        , 0.69811511],
       [0.        , 0.70443803],
       [0.        , 0.70765209],
       [0.        , 0.70909816],
       [0.        , 0.71188736],
       [0.        , 0.72096646],
       [0.        , 0.72626501],
       [0.        , 0.73100305],
       [0.        , 0.73140281],
       [0.        , 0.73713523],
       [0.        , 0.74034178],
       [0.        , 0.74407691],
       [0.        , 0.7480827 ],
       [0.        , 0.75068665],
       [0.        , 0.76409489],
       [0.        , 0.76597565],
       [0.        , 0.77819431],
       [0.        , 0.78902245],
       [0.        , 0.79686266],
       [0.        , 0.81162107],
       [0.        , 0.82523495],
       [0.        , 0.84410614],
       [0.        , 0.86557019],
       [0.        ,        inf]]), array([[0.50803167, 0.51201886]])]",False
68,0.8533971905708313,0.0008729696273803711,0.6010920869953492,47.68,4.198718568411661,1,0.04067552089691162,0.04067552089691162,0.04067552089691162,0.98,-0.0,"[array([[0.        , 0.38544127],
       [0.        , 0.38715273],
       [0.        , 0.4024018 ],
       [0.        , 0.41486451],
       [0.        , 0.41882491],
       [0.        , 0.4200452 ],
       [0.        , 0.43057579],
       [0.        , 0.43742695],
       [0.        , 0.44034603],
       [0.        , 0.4407419 ],
       [0.        , 0.44131434],
       [0.        , 0.45158815],
       [0.        , 0.45816064],
       [0.        , 0.46210781],
       [0.        , 0.48943576],
       [0.        , 0.48953468],
       [0.        , 0.49370015],
       [0.        , 0.49441165],
       [0.        , 0.50319093],
       [0.        , 0.51250052],
       [0.        , 0.52250391],
       [0.        , 0.52437967],
       [0.        , 0.54612911],
       [0.        , 0.5601083 ],
       [0.        , 0.56279737],
       [0.        , 0.56347179],
       [0.        , 0.56363392],
       [0.        , 0.56529474],
       [0.        , 0.58724385],
       [0.        , 0.59622848],
       [0.        , 0.60134113],
       [0.        , 0.60249782],
       [0.        , 0.61545843],
       [0.        , 0.61721033],
       [0.        , 0.61822152],
       [0.        , 0.62256777],
       [0.        , 0.62542242],
       [0.        , 0.62715048],
       [0.        , 0.63001907],
       [0.        , 0.64312124],
       [0.        , 0.64656252],
       [0.        , 0.64678931],
       [0.        , 0.65876412],
       [0.        , 0.65920097],
       [0.        , 0.66348964],
       [0.        , 0.66436255],
       [0.        , 0.67158049],
       [0.        , 0.67252177],
       [0.        , 0.67352569],
       [0.        , 0.67549247],
       [0.        , 0.68003786],
       [0.        , 0.69005692],
       [0.        , 0.69684774],
       [0.        , 0.7005384 ],
       [0.        , 0.70245641],
       [0.        , 0.70981807],
       [0.        , 0.70987576],
       [0.        , 0.7131111 ],
       [0.        , 0.71755993],
       [0.        , 0.72210908],
       [0.        , 0.75145006],
       [0.        , 0.76597565],
       [0.        , 0.77791899],
       [0.        , 0.78272897],
       [0.        , 0.81741732],
       [0.        , 0.82958162],
       [0.        , 0.85252422],
       [0.        , 0.85339719],
       [0.        ,        inf]]), array([[0.50763631, 0.54831183]])]",False
76,0.8252349495887756,0.02245020866394043,0.595864229296383,54.52,4.310361251476812,2,0.0028635263442993164,0.0009847581386566162,0.0023711472749710083,0.08,0.6714293310764283,"[array([[0.        , 0.38544127],
       [0.        , 0.38715273],
       [0.        , 0.39394933],
       [0.        , 0.4024018 ],
       [0.        , 0.41812924],
       [0.        , 0.4200452 ],
       [0.        , 0.42683208],
       [0.        , 0.42704388],
       [0.        , 0.42880875],
       [0.        , 0.43742695],
       [0.        , 0.4407419 ],
       [0.        , 0.44131434],
       [0.        , 0.45008722],
       [0.        , 0.45158815],
       [0.        , 0.46154895],
       [0.        , 0.46668717],
       [0.        , 0.47109911],
       [0.        , 0.47358829],
       [0.        , 0.4816035 ],
       [0.        , 0.49036598],
       [0.        , 0.49441165],
       [0.        , 0.50319093],
       [0.        , 0.50763631],
       [0.        , 0.51019049],
       [0.        , 0.51343614],
       [0.        , 0.53446275],
       [0.        , 0.54417998],
       [0.        , 0.5601083 ],
       [0.        , 0.56013113],
       [0.        , 0.56347179],
       [0.        , 0.56381392],
       [0.        , 0.57753301],
       [0.        , 0.58301926],
       [0.        , 0.58429819],
       [0.        , 0.59352452],
       [0.        , 0.59644121],
       [0.        , 0.60245025],
       [0.        , 0.61080468],
       [0.        , 0.61333555],
       [0.        , 0.61623222],
       [0.        , 0.62584937],
       [0.        , 0.62664056],
       [0.        , 0.62757993],
       [0.        , 0.62971807],
       [0.        , 0.6466158 ],
       [0.        , 0.65643287],
       [0.        , 0.66337144],
       [0.        , 0.6679396 ],
       [0.        , 0.66821128],
       [0.        , 0.66962457],
       [0.        , 0.67320091],
       [0.        , 0.67352569],
       [0.        , 0.67639655],
       [0.        , 0.68003786],
       [0.        , 0.68223733],
       [0.        , 0.68290198],
       [0.        , 0.68465328],
       [0.        , 0.68478179],
       [0.        , 0.68881077],
       [0.        , 0.69811511],
       [0.        , 0.70443803],
       [0.        , 0.70472932],
       [0.        , 0.70765209],
       [0.        , 0.70909816],
       [0.        , 0.71188736],
       [0.        , 0.73140281],
       [0.        , 0.74034178],
       [0.        , 0.74407691],
       [0.        , 0.74433517],
       [0.        , 0.7480827 ],
       [0.        , 0.76597565],
       [0.        , 0.7754119 ],
       [0.        , 0.77819431],
       [0.        , 0.79686266],
       [0.        , 0.80278474],
       [0.        , 0.82523495],
       [0.        ,        inf]]), array([[0.51477194, 0.51763546],
       [0.45820966, 0.46008843]])]",True
74,0.8515381813049316,0.021956562995910645,0.628658409456949,54.24,4.277282619534522,0,0.0,0.0,0.0,0.0,0.0,"[array([[0.        , 0.36035633],
       [0.        , 0.38715273],
       [0.        , 0.4024018 ],
       [0.        , 0.41812924],
       [0.        , 0.4200452 ],
       [0.        , 0.42094427],
       [0.        , 0.42784503],
       [0.        , 0.42880875],
       [0.        , 0.43022469],
       [0.        , 0.43742695],
       [0.        , 0.4407419 ],
       [0.        , 0.44131434],
       [0.        , 0.44134226],
       [0.        , 0.44395688],
       [0.        , 0.45158815],
       [0.        , 0.46154895],
       [0.        , 0.46668717],
       [0.        , 0.47355893],
       [0.        , 0.49441165],
       [0.        , 0.49944043],
       [0.        , 0.50424999],
       [0.        , 0.50763631],
       [0.        , 0.51668817],
       [0.        , 0.5237363 ],
       [0.        , 0.53446275],
       [0.        , 0.55051845],
       [0.        , 0.5601083 ],
       [0.        , 0.56347179],
       [0.        , 0.56430399],
       [0.        , 0.58752608],
       [0.        , 0.58833694],
       [0.        , 0.59711146],
       [0.        , 0.60762435],
       [0.        , 0.62103087],
       [0.        , 0.64685559],
       [0.        , 0.66752344],
       [0.        , 0.66944724],
       [0.        , 0.67116433],
       [0.        , 0.68003786],
       [0.        , 0.68894786],
       [0.        , 0.69415402],
       [0.        , 0.70498931],
       [0.        , 0.70524943],
       [0.        , 0.71070999],
       [0.        , 0.71132946],
       [0.        , 0.71257126],
       [0.        , 0.7152518 ],
       [0.        , 0.73208857],
       [0.        , 0.73350042],
       [0.        , 0.73910457],
       [0.        , 0.74073493],
       [0.        , 0.74417025],
       [0.        , 0.75145006],
       [0.        , 0.75447708],
       [0.        , 0.75469291],
       [0.        , 0.75574613],
       [0.        , 0.75950325],
       [0.        , 0.75984859],
       [0.        , 0.7623502 ],
       [0.        , 0.76409489],
       [0.        , 0.76458859],
       [0.        , 0.76829141],
       [0.        , 0.77282375],
       [0.        , 0.78248328],
       [0.        , 0.7926724 ],
       [0.        , 0.79453951],
       [0.        , 0.79563016],
       [0.        , 0.79789573],
       [0.        , 0.80538625],
       [0.        , 0.80763251],
       [0.        , 0.82415462],
       [0.        , 0.8287794 ],
       [0.        , 0.82958162],
       [0.        , 0.85153818],
       [0.        ,        inf]]), array([], shape=(0, 2), dtype=float64)]",False
105,0.8534849286079407,0.014566659927368164,0.6280038600876218,76.66,4.634908929077661,2,0.004353702068328857,0.0024749338626861572,0.003116235136985779,0.08,0.612086539765078,"[array([[0.        , 0.36035633],
       [0.        , 0.38715273],
       [0.        , 0.39707401],
       [0.        , 0.4024018 ],
       [0.        , 0.41882491],
       [0.        , 0.4200452 ],
       [0.        , 0.42704388],
       [0.        , 0.42880875],
       [0.        , 0.43425018],
       [0.        , 0.43726656],
       [0.        , 0.43742695],
       [0.        , 0.44034603],
       [0.        , 0.4407419 ],
       [0.        , 0.44134226],
       [0.        , 0.45158815],
       [0.        , 0.45816064],
       [0.        , 0.46668717],
       [0.        , 0.46972904],
       [0.        , 0.48744982],
       [0.        , 0.49441165],
       [0.        , 0.50091892],
       [0.        , 0.50319093],
       [0.        , 0.50763631],
       [0.        , 0.52250391],
       [0.        , 0.5237363 ],
       [0.        , 0.53367281],
       [0.        , 0.54417998],
       [0.        , 0.55051845],
       [0.        , 0.55240875],
       [0.        , 0.55626827],
       [0.        , 0.5601083 ],
       [0.        , 0.56347179],
       [0.        , 0.57327157],
       [0.        , 0.58370185],
       [0.        , 0.58527631],
       [0.        , 0.58539951],
       [0.        , 0.58723557],
       [0.        , 0.59764981],
       [0.        , 0.600411  ],
       [0.        , 0.60797507],
       [0.        , 0.61608994],
       [0.        , 0.62103087],
       [0.        , 0.62971807],
       [0.        , 0.64047289],
       [0.        , 0.64121574],
       [0.        , 0.64219236],
       [0.        , 0.64672279],
       [0.        , 0.65377343],
       [0.        , 0.65532792],
       [0.        , 0.65737855],
       [0.        , 0.65871638],
       [0.        , 0.66082346],
       [0.        , 0.66090995],
       [0.        , 0.66527545],
       [0.        , 0.66668147],
       [0.        , 0.6679396 ],
       [0.        , 0.66821128],
       [0.        , 0.66877556],
       [0.        , 0.67204338],
       [0.        , 0.67314613],
       [0.        , 0.6739465 ],
       [0.        , 0.67415375],
       [0.        , 0.67865342],
       [0.        , 0.68003786],
       [0.        , 0.68236887],
       [0.        , 0.68593484],
       [0.        , 0.68721014],
       [0.        , 0.68761957],
       [0.        , 0.68777019],
       [0.        , 0.69009161],
       [0.        , 0.69299561],
       [0.        , 0.69437301],
       [0.        , 0.69555575],
       [0.        , 0.6955657 ],
       [0.        , 0.70564771],
       [0.        , 0.70623797],
       [0.        , 0.70678389],
       [0.        , 0.70848179],
       [0.        , 0.7117067 ],
       [0.        , 0.71351689],
       [0.        , 0.71467716],
       [0.        , 0.71483427],
       [0.        , 0.7204631 ],
       [0.        , 0.72229069],
       [0.        , 0.72866625],
       [0.        , 0.73017853],
       [0.        , 0.73208857],
       [0.        , 0.74265599],
       [0.        , 0.7486248 ],
       [0.        , 0.75081015],
       [0.        , 0.75211084],
       [0.        , 0.75469291],
       [0.        , 0.76306897],
       [0.        , 0.76479298],
       [0.        , 0.76564294],
       [0.        , 0.76617402],
       [0.        , 0.76997697],
       [0.        , 0.7913118 ],
       [0.        , 0.7956745 ],
       [0.        , 0.79976976],
       [0.        , 0.80868691],
       [0.        , 0.81978029],
       [0.        , 0.82528931],
       [0.        , 0.83891827],
       [0.        , 0.85348493],
       [0.        ,        inf]]), array([[0.54395813, 0.54831183],
       [0.45820966, 0.46008843]])]",False
68,0.8105183839797974,0.0049397945404052734,0.6085395072312916,50.72,4.20377625187735,1,0.004353702068328857,0.004353702068328857,0.004353702068328857,0.98,-0.0,"[array([[0.        , 0.38715273],
       [0.        , 0.4024018 ],
       [0.        , 0.41486451],
       [0.        , 0.44034603],
       [0.        , 0.44354162],
       [0.        , 0.44632065],
       [0.        , 0.45440641],
       [0.        , 0.45816064],
       [0.        , 0.46008843],
       [0.        , 0.46611732],
       [0.        , 0.46636182],
       [0.        , 0.48943576],
       [0.        , 0.48953468],
       [0.        , 0.49441165],
       [0.        , 0.50319093],
       [0.        , 0.50763631],
       [0.        , 0.50905919],
       [0.        , 0.51441443],
       [0.        , 0.52286631],
       [0.        , 0.52437967],
       [0.        , 0.5601083 ],
       [0.        , 0.56347179],
       [0.        , 0.5652678 ],
       [0.        , 0.56529474],
       [0.        , 0.57480103],
       [0.        , 0.59158742],
       [0.        , 0.59368724],
       [0.        , 0.59604973],
       [0.        , 0.59622848],
       [0.        , 0.61721033],
       [0.        , 0.61745542],
       [0.        , 0.61822152],
       [0.        , 0.62024575],
       [0.        , 0.62256777],
       [0.        , 0.62542242],
       [0.        , 0.63569343],
       [0.        , 0.63755333],
       [0.        , 0.64028764],
       [0.        , 0.64312124],
       [0.        , 0.64656252],
       [0.        , 0.6487689 ],
       [0.        , 0.65202045],
       [0.        , 0.65478987],
       [0.        , 0.65920097],
       [0.        , 0.66348964],
       [0.        , 0.66536272],
       [0.        , 0.67507291],
       [0.        , 0.67549247],
       [0.        , 0.68003786],
       [0.        , 0.68280065],
       [0.        , 0.68510234],
       [0.        , 0.69720542],
       [0.        , 0.70215845],
       [0.        , 0.70245641],
       [0.        , 0.70366955],
       [0.        , 0.70491761],
       [0.        , 0.70894796],
       [0.        , 0.70981807],
       [0.        , 0.71232849],
       [0.        , 0.7131111 ],
       [0.        , 0.71755993],
       [0.        , 0.73405623],
       [0.        , 0.75955659],
       [0.        , 0.76739568],
       [0.        , 0.78101146],
       [0.        , 0.78272897],
       [0.        , 0.80557859],
       [0.        , 0.81051838],
       [0.        ,        inf]]), array([[0.54395813, 0.54831183]])]",True
71,0.8438311219215393,0.04939478635787964,0.5991780338153033,50.06,4.238871384681988,1,0.0018787682056427002,0.0018787682056427002,0.0018787682056427002,0.98,-0.0,"[array([[0.        , 0.38544127],
       [0.        , 0.38715273],
       [0.        , 0.39394933],
       [0.        , 0.4024018 ],
       [0.        , 0.41812924],
       [0.        , 0.41882491],
       [0.        , 0.4200452 ],
       [0.        , 0.42704388],
       [0.        , 0.42880875],
       [0.        , 0.43742695],
       [0.        , 0.43789533],
       [0.        , 0.43905649],
       [0.        , 0.4407419 ],
       [0.        , 0.44131434],
       [0.        , 0.45158815],
       [0.        , 0.45816064],
       [0.        , 0.46210781],
       [0.        , 0.46668717],
       [0.        , 0.46972904],
       [0.        , 0.47109911],
       [0.        , 0.48744982],
       [0.        , 0.49441165],
       [0.        , 0.50319093],
       [0.        , 0.50763631],
       [0.        , 0.5237363 ],
       [0.        , 0.53446275],
       [0.        , 0.54417998],
       [0.        , 0.5601083 ],
       [0.        , 0.56347179],
       [0.        , 0.56529474],
       [0.        , 0.57753301],
       [0.        , 0.58724385],
       [0.        , 0.59463793],
       [0.        , 0.600411  ],
       [0.        , 0.60245025],
       [0.        , 0.61483586],
       [0.        , 0.62569159],
       [0.        , 0.62621731],
       [0.        , 0.64935118],
       [0.        , 0.65931249],
       [0.        , 0.65985948],
       [0.        , 0.66724849],
       [0.        , 0.66821128],
       [0.        , 0.66828161],
       [0.        , 0.67158049],
       [0.        , 0.67352569],
       [0.        , 0.68003786],
       [0.        , 0.68061388],
       [0.        , 0.68290198],
       [0.        , 0.68646944],
       [0.        , 0.69005692],
       [0.        , 0.69313174],
       [0.        , 0.69732541],
       [0.        , 0.70234281],
       [0.        , 0.71070999],
       [0.        , 0.72258562],
       [0.        , 0.7270593 ],
       [0.        , 0.7322157 ],
       [0.        , 0.74873191],
       [0.        , 0.75061274],
       [0.        , 0.75213277],
       [0.        , 0.75469291],
       [0.        , 0.75572258],
       [0.        , 0.76523238],
       [0.        , 0.76972848],
       [0.        , 0.77104104],
       [0.        , 0.7747345 ],
       [0.        , 0.77791899],
       [0.        , 0.78943586],
       [0.        , 0.79443634],
       [0.        , 0.84383112],
       [0.        ,        inf]]), array([[0.45820966, 0.46008843]])]",True
74,0.831147313117981,0.0023679137229919434,0.6159685125222077,54.48,4.280178927102861,1,0.04067552089691162,0.04067552089691162,0.04067552089691162,0.98,-0.0,"[array([[0.        , 0.38715273],
       [0.        , 0.39535582],
       [0.        , 0.39707401],
       [0.        , 0.4024018 ],
       [0.        , 0.41812924],
       [0.        , 0.42880875],
       [0.        , 0.43022469],
       [0.        , 0.43742695],
       [0.        , 0.43905649],
       [0.        , 0.44034603],
       [0.        , 0.4407419 ],
       [0.        , 0.44131434],
       [0.        , 0.44395688],
       [0.        , 0.45158815],
       [0.        , 0.45996878],
       [0.        , 0.46154895],
       [0.        , 0.46210781],
       [0.        , 0.46611732],
       [0.        , 0.46668717],
       [0.        , 0.46972904],
       [0.        , 0.48487684],
       [0.        , 0.49417058],
       [0.        , 0.49441165],
       [0.        , 0.50319093],
       [0.        , 0.52250391],
       [0.        , 0.5601083 ],
       [0.        , 0.56347179],
       [0.        , 0.57973921],
       [0.        , 0.5865168 ],
       [0.        , 0.5916962 ],
       [0.        , 0.63213915],
       [0.        , 0.64312124],
       [0.        , 0.64715093],
       [0.        , 0.64757138],
       [0.        , 0.64943641],
       [0.        , 0.65390903],
       [0.        , 0.65898514],
       [0.        , 0.66438282],
       [0.        , 0.66885459],
       [0.        , 0.67104363],
       [0.        , 0.67119431],
       [0.        , 0.6739465 ],
       [0.        , 0.67447263],
       [0.        , 0.68003786],
       [0.        , 0.68481195],
       [0.        , 0.68497491],
       [0.        , 0.68673664],
       [0.        , 0.68805027],
       [0.        , 0.68998259],
       [0.        , 0.69221032],
       [0.        , 0.69419235],
       [0.        , 0.69437301],
       [0.        , 0.69771248],
       [0.        , 0.69959164],
       [0.        , 0.70359868],
       [0.        , 0.7117067 ],
       [0.        , 0.7152518 ],
       [0.        , 0.7172156 ],
       [0.        , 0.72258562],
       [0.        , 0.72441757],
       [0.        , 0.73381144],
       [0.        , 0.74598753],
       [0.        , 0.754825  ],
       [0.        , 0.75659871],
       [0.        , 0.75665182],
       [0.        , 0.7651841 ],
       [0.        , 0.79733145],
       [0.        , 0.79888338],
       [0.        , 0.79970449],
       [0.        , 0.81184387],
       [0.        , 0.81412399],
       [0.        , 0.82271659],
       [0.        , 0.8287794 ],
       [0.        , 0.83114731],
       [0.        ,        inf]]), array([[0.50763631, 0.54831183]])]",True
54,0.857903778553009,0.023262441158294678,0.588454481628206,36.84,3.9687409480207343,2,0.0039871931076049805,0.0026648640632629395,0.0026547610759735107,0.06,0.56128750611013,"[array([[0.        , 0.38715273],
       [0.        , 0.39394933],
       [0.        , 0.41812924],
       [0.        , 0.4200452 ],
       [0.        , 0.42880875],
       [0.        , 0.43022469],
       [0.        , 0.43742695],
       [0.        , 0.43905649],
       [0.        , 0.4407419 ],
       [0.        , 0.44131434],
       [0.        , 0.45158815],
       [0.        , 0.46668717],
       [0.        , 0.47109911],
       [0.        , 0.49303174],
       [0.        , 0.49441165],
       [0.        , 0.50319093],
       [0.        , 0.50763631],
       [0.        , 0.51019049],
       [0.        , 0.52468348],
       [0.        , 0.53422171],
       [0.        , 0.54004842],
       [0.        , 0.5601083 ],
       [0.        , 0.56347179],
       [0.        , 0.5750457 ],
       [0.        , 0.59711146],
       [0.        , 0.59716791],
       [0.        , 0.60762435],
       [0.        , 0.61483586],
       [0.        , 0.61911666],
       [0.        , 0.6205911 ],
       [0.        , 0.62698603],
       [0.        , 0.6329385 ],
       [0.        , 0.63765061],
       [0.        , 0.64312124],
       [0.        , 0.64883834],
       [0.        , 0.64920539],
       [0.        , 0.64974409],
       [0.        , 0.65100533],
       [0.        , 0.65476763],
       [0.        , 0.65675479],
       [0.        , 0.6582306 ],
       [0.        , 0.65863431],
       [0.        , 0.67110056],
       [0.        , 0.68002725],
       [0.        , 0.68003786],
       [0.        , 0.68991464],
       [0.        , 0.69299561],
       [0.        , 0.69996655],
       [0.        , 0.75469291],
       [0.        , 0.76409489],
       [0.        , 0.77042323],
       [0.        , 0.82415462],
       [0.        , 0.83464134],
       [0.        , 0.85790378],
       [0.        ,        inf]]), array([[0.58535051, 0.58667284],
       [0.50803167, 0.51201886]])]",False
148,0.8773775100708008,0.02964729070663452,0.6360328692842174,106.68,4.977785935716888,2,0.03289109468460083,0.021880775690078735,0.021950706839561462,0.84,0.5632084513420594,"[array([[0.        , 0.37337586],
       [0.        , 0.38544127],
       [0.        , 0.38715273],
       [0.        , 0.39394933],
       [0.        , 0.4024018 ],
       [0.        , 0.41486451],
       [0.        , 0.41499496],
       [0.        , 0.41882491],
       [0.        , 0.4200452 ],
       [0.        , 0.4210099 ],
       [0.        , 0.42880875],
       [0.        , 0.43057579],
       [0.        , 0.43584964],
       [0.        , 0.43742695],
       [0.        , 0.43789533],
       [0.        , 0.43905649],
       [0.        , 0.4407419 ],
       [0.        , 0.44131434],
       [0.        , 0.44134226],
       [0.        , 0.45158815],
       [0.        , 0.45816064],
       [0.        , 0.45996878],
       [0.        , 0.46210781],
       [0.        , 0.47358829],
       [0.        , 0.47560501],
       [0.        , 0.49441165],
       [0.        , 0.494874  ],
       [0.        , 0.5014888 ],
       [0.        , 0.50319093],
       [0.        , 0.50763631],
       [0.        , 0.51280475],
       [0.        , 0.52250391],
       [0.        , 0.53487867],
       [0.        , 0.54417998],
       [0.        , 0.54428726],
       [0.        , 0.54872704],
       [0.        , 0.56006187],
       [0.        , 0.5601083 ],
       [0.        , 0.56347179],
       [0.        , 0.56529474],
       [0.        , 0.56674522],
       [0.        , 0.56914806],
       [0.        , 0.57141787],
       [0.        , 0.57922649],
       [0.        , 0.5799017 ],
       [0.        , 0.58724385],
       [0.        , 0.58881354],
       [0.        , 0.59253711],
       [0.        , 0.59745759],
       [0.        , 0.59790552],
       [0.        , 0.60134113],
       [0.        , 0.60676181],
       [0.        , 0.61497611],
       [0.        , 0.61858058],
       [0.        , 0.61980754],
       [0.        , 0.6201784 ],
       [0.        , 0.62542242],
       [0.        , 0.62698603],
       [0.        , 0.62757993],
       [0.        , 0.63114774],
       [0.        , 0.63213915],
       [0.        , 0.63266665],
       [0.        , 0.6342932 ],
       [0.        , 0.63485289],
       [0.        , 0.64323443],
       [0.        , 0.645657  ],
       [0.        , 0.64630258],
       [0.        , 0.64757138],
       [0.        , 0.64780909],
       [0.        , 0.64790231],
       [0.        , 0.65118778],
       [0.        , 0.65219593],
       [0.        , 0.65532792],
       [0.        , 0.65546256],
       [0.        , 0.65659493],
       [0.        , 0.65692902],
       [0.        , 0.65707487],
       [0.        , 0.65737855],
       [0.        , 0.65774447],
       [0.        , 0.65898514],
       [0.        , 0.65967602],
       [0.        , 0.66186082],
       [0.        , 0.67013687],
       [0.        , 0.67348361],
       [0.        , 0.6739465 ],
       [0.        , 0.67832834],
       [0.        , 0.68003786],
       [0.        , 0.68210691],
       [0.        , 0.68216431],
       [0.        , 0.68389183],
       [0.        , 0.68721074],
       [0.        , 0.68881077],
       [0.        , 0.69274354],
       [0.        , 0.69725609],
       [0.        , 0.70018244],
       [0.        , 0.70035207],
       [0.        , 0.70050138],
       [0.        , 0.70067245],
       [0.        , 0.702061  ],
       [0.        , 0.70361441],
       [0.        , 0.7036615 ],
       [0.        , 0.70461494],
       [0.        , 0.71179032],
       [0.        , 0.71215898],
       [0.        , 0.71462029],
       [0.        , 0.71737885],
       [0.        , 0.7190125 ],
       [0.        , 0.71914786],
       [0.        , 0.71940768],
       [0.        , 0.71959531],
       [0.        , 0.71996498],
       [0.        , 0.72699928],
       [0.        , 0.72777003],
       [0.        , 0.72837371],
       [0.        , 0.73337263],
       [0.        , 0.73505795],
       [0.        , 0.74262482],
       [0.        , 0.7428205 ],
       [0.        , 0.74709332],
       [0.        , 0.74853253],
       [0.        , 0.74969196],
       [0.        , 0.75153995],
       [0.        , 0.7549476 ],
       [0.        , 0.75680184],
       [0.        , 0.76056904],
       [0.        , 0.76220125],
       [0.        , 0.76948744],
       [0.        , 0.76957768],
       [0.        , 0.7707324 ],
       [0.        , 0.77823973],
       [0.        , 0.78219372],
       [0.        , 0.78470248],
       [0.        , 0.78854907],
       [0.        , 0.789738  ],
       [0.        , 0.79158801],
       [0.        , 0.79396451],
       [0.        , 0.79423696],
       [0.        , 0.79482806],
       [0.        , 0.7976405 ],
       [0.        , 0.79987377],
       [0.        , 0.81054664],
       [0.        , 0.81184387],
       [0.        , 0.82357627],
       [0.        , 0.8287794 ],
       [0.        , 0.83452779],
       [0.        , 0.84584397],
       [0.        , 0.84773022],
       [0.        , 0.87737751],
       [0.        ,        inf]]), array([[0.50720167, 0.54009277],
       [0.48856062, 0.49957094]])]",True
78,0.829581618309021,0.003996431827545166,0.6143681536882352,57.4,4.336588036759437,1,0.04067552089691162,0.04067552089691162,0.04067552089691162,0.98,-0.0,"[array([[0.        , 0.38544127],
       [0.        , 0.38715273],
       [0.        , 0.39394933],
       [0.        , 0.4024018 ],
       [0.        , 0.41486451],
       [0.        , 0.41812924],
       [0.        , 0.4200452 ],
       [0.        , 0.44034603],
       [0.        , 0.44354162],
       [0.        , 0.44632065],
       [0.        , 0.45440641],
       [0.        , 0.45816064],
       [0.        , 0.46008843],
       [0.        , 0.46636182],
       [0.        , 0.48943576],
       [0.        , 0.48953468],
       [0.        , 0.49158663],
       [0.        , 0.49417058],
       [0.        , 0.49441165],
       [0.        , 0.50319093],
       [0.        , 0.51441443],
       [0.        , 0.52286631],
       [0.        , 0.52437967],
       [0.        , 0.5377335 ],
       [0.        , 0.5601083 ],
       [0.        , 0.56347179],
       [0.        , 0.5652678 ],
       [0.        , 0.56529474],
       [0.        , 0.59368724],
       [0.        , 0.59401685],
       [0.        , 0.59622848],
       [0.        , 0.60762435],
       [0.        , 0.60852653],
       [0.        , 0.61545843],
       [0.        , 0.61721033],
       [0.        , 0.61822152],
       [0.        , 0.62256777],
       [0.        , 0.62542242],
       [0.        , 0.63001907],
       [0.        , 0.63897616],
       [0.        , 0.64312124],
       [0.        , 0.64489889],
       [0.        , 0.64656252],
       [0.        , 0.6487689 ],
       [0.        , 0.65920097],
       [0.        , 0.66348964],
       [0.        , 0.66436255],
       [0.        , 0.66529441],
       [0.        , 0.66668147],
       [0.        , 0.66965163],
       [0.        , 0.67158049],
       [0.        , 0.67510372],
       [0.        , 0.67549247],
       [0.        , 0.68003786],
       [0.        , 0.68100446],
       [0.        , 0.69005692],
       [0.        , 0.69852728],
       [0.        , 0.69854057],
       [0.        , 0.70245641],
       [0.        , 0.70697463],
       [0.        , 0.70981807],
       [0.        , 0.70987576],
       [0.        , 0.7131111 ],
       [0.        , 0.71574908],
       [0.        , 0.71755993],
       [0.        , 0.72866982],
       [0.        , 0.73289543],
       [0.        , 0.75145006],
       [0.        , 0.77372777],
       [0.        , 0.77791899],
       [0.        , 0.78272897],
       [0.        , 0.7897675 ],
       [0.        , 0.7993719 ],
       [0.        , 0.80127764],
       [0.        , 0.8173672 ],
       [0.        , 0.81741732],
       [0.        , 0.82558519],
       [0.        , 0.82958162],
       [0.        ,        inf]]), array([[0.50763631, 0.54831183]])]",False
74,0.8173596858978271,0.0055158138275146484,0.6155428697128553,55.4,4.2813872363342895,1,0.004353702068328857,0.004353702068328857,0.004353702068328857,0.98,-0.0,"[array([[0.        , 0.38715273],
       [0.        , 0.39707401],
       [0.        , 0.4024018 ],
       [0.        , 0.41882491],
       [0.        , 0.4200452 ],
       [0.        , 0.42880875],
       [0.        , 0.43425018],
       [0.        , 0.43726656],
       [0.        , 0.43742695],
       [0.        , 0.43905649],
       [0.        , 0.44034603],
       [0.        , 0.4407419 ],
       [0.        , 0.44134226],
       [0.        , 0.45158815],
       [0.        , 0.45816064],
       [0.        , 0.46668717],
       [0.        , 0.47560501],
       [0.        , 0.49441165],
       [0.        , 0.50319093],
       [0.        , 0.50763631],
       [0.        , 0.51450723],
       [0.        , 0.52250391],
       [0.        , 0.5237363 ],
       [0.        , 0.52427751],
       [0.        , 0.54417998],
       [0.        , 0.55628031],
       [0.        , 0.5601083 ],
       [0.        , 0.56347179],
       [0.        , 0.56430399],
       [0.        , 0.57973921],
       [0.        , 0.5799017 ],
       [0.        , 0.58527631],
       [0.        , 0.58723557],
       [0.        , 0.61256677],
       [0.        , 0.62664056],
       [0.        , 0.63213915],
       [0.        , 0.65390903],
       [0.        , 0.65737855],
       [0.        , 0.66581762],
       [0.        , 0.66668147],
       [0.        , 0.6680519 ],
       [0.        , 0.66880035],
       [0.        , 0.66944724],
       [0.        , 0.67000699],
       [0.        , 0.67119431],
       [0.        , 0.6739465 ],
       [0.        , 0.67629546],
       [0.        , 0.67639655],
       [0.        , 0.68003786],
       [0.        , 0.68497491],
       [0.        , 0.69005692],
       [0.        , 0.69299561],
       [0.        , 0.69419235],
       [0.        , 0.70195633],
       [0.        , 0.71279246],
       [0.        , 0.71483427],
       [0.        , 0.72281027],
       [0.        , 0.73800689],
       [0.        , 0.74598753],
       [0.        , 0.75081015],
       [0.        , 0.76200914],
       [0.        , 0.76564294],
       [0.        , 0.76770759],
       [0.        , 0.76976144],
       [0.        , 0.77317184],
       [0.        , 0.77385545],
       [0.        , 0.79044056],
       [0.        , 0.79733145],
       [0.        , 0.79888338],
       [0.        , 0.79970449],
       [0.        , 0.80722153],
       [0.        , 0.80897123],
       [0.        , 0.81184387],
       [0.        , 0.81735969],
       [0.        ,        inf]]), array([[0.54395813, 0.54831183]])]",False
67,0.8750391006469727,0.009468913078308105,0.6155499019729558,46.84,4.1733778247745885,1,0.004353702068328857,0.004353702068328857,0.004353702068328857,0.98,-0.0,"[array([[0.        , 0.29917738],
       [0.        , 0.38544127],
       [0.        , 0.38715273],
       [0.        , 0.39394933],
       [0.        , 0.4024018 ],
       [0.        , 0.4200452 ],
       [0.        , 0.43742695],
       [0.        , 0.43905649],
       [0.        , 0.44034603],
       [0.        , 0.4407419 ],
       [0.        , 0.44131434],
       [0.        , 0.44134226],
       [0.        , 0.45008722],
       [0.        , 0.45158815],
       [0.        , 0.46014678],
       [0.        , 0.46154895],
       [0.        , 0.46210781],
       [0.        , 0.46972904],
       [0.        , 0.48943576],
       [0.        , 0.49441165],
       [0.        , 0.50319093],
       [0.        , 0.50763631],
       [0.        , 0.50879592],
       [0.        , 0.53446275],
       [0.        , 0.53487867],
       [0.        , 0.54636472],
       [0.        , 0.5601083 ],
       [0.        , 0.5602755 ],
       [0.        , 0.56347179],
       [0.        , 0.57406068],
       [0.        , 0.57549757],
       [0.        , 0.60173887],
       [0.        , 0.60460848],
       [0.        , 0.60852343],
       [0.        , 0.61718887],
       [0.        , 0.625691  ],
       [0.        , 0.62743634],
       [0.        , 0.66044641],
       [0.        , 0.66208988],
       [0.        , 0.66749316],
       [0.        , 0.67158049],
       [0.        , 0.67337751],
       [0.        , 0.68003786],
       [0.        , 0.69468397],
       [0.        , 0.69670141],
       [0.        , 0.71947253],
       [0.        , 0.725169  ],
       [0.        , 0.73060501],
       [0.        , 0.7327764 ],
       [0.        , 0.75469291],
       [0.        , 0.76117277],
       [0.        , 0.76409489],
       [0.        , 0.77214569],
       [0.        , 0.77337074],
       [0.        , 0.77541667],
       [0.        , 0.77659947],
       [0.        , 0.80041748],
       [0.        , 0.81054664],
       [0.        , 0.82415462],
       [0.        , 0.82438284],
       [0.        , 0.83698148],
       [0.        , 0.83887869],
       [0.        , 0.84383112],
       [0.        , 0.85252422],
       [0.        , 0.8562091 ],
       [0.        , 0.86557019],
       [0.        , 0.8750391 ],
       [0.        ,        inf]]), array([[0.54395813, 0.54831183]])]",True
54,0.8525242209434509,0.028369605541229248,0.5977531257602904,37.7,3.9664869795035993,2,0.004353702068328857,0.0024749338626861572,0.003116235136985779,0.08,0.612086539765078,"[array([[0.        , 0.38714209],
       [0.        , 0.38715273],
       [0.        , 0.39394933],
       [0.        , 0.4200452 ],
       [0.        , 0.42704388],
       [0.        , 0.43742695],
       [0.        , 0.43905649],
       [0.        , 0.44034603],
       [0.        , 0.4407419 ],
       [0.        , 0.44131434],
       [0.        , 0.45618039],
       [0.        , 0.46210781],
       [0.        , 0.48943576],
       [0.        , 0.49363571],
       [0.        , 0.49441165],
       [0.        , 0.50238061],
       [0.        , 0.50319093],
       [0.        , 0.50763631],
       [0.        , 0.52257156],
       [0.        , 0.53278875],
       [0.        , 0.53679961],
       [0.        , 0.54537457],
       [0.        , 0.5601083 ],
       [0.        , 0.56347179],
       [0.        , 0.57581174],
       [0.        , 0.60930002],
       [0.        , 0.61001462],
       [0.        , 0.61718887],
       [0.        , 0.62010992],
       [0.        , 0.62417752],
       [0.        , 0.62778896],
       [0.        , 0.63761818],
       [0.        , 0.63983828],
       [0.        , 0.65239954],
       [0.        , 0.66873163],
       [0.        , 0.68003786],
       [0.        , 0.68777621],
       [0.        , 0.69886506],
       [0.        , 0.70024103],
       [0.        , 0.71180212],
       [0.        , 0.71276659],
       [0.        , 0.71301174],
       [0.        , 0.71705091],
       [0.        , 0.72047108],
       [0.        , 0.72048169],
       [0.        , 0.72213465],
       [0.        , 0.72588694],
       [0.        , 0.73880184],
       [0.        , 0.75469291],
       [0.        , 0.76296699],
       [0.        , 0.76409489],
       [0.        , 0.80361545],
       [0.        , 0.82415462],
       [0.        , 0.85252422],
       [0.        ,        inf]]), array([[0.54395813, 0.54831183],
       [0.45820966, 0.46008843]])]",True
80,0.8429535627365112,0.04218435287475586,0.5958095788955688,56.24,4.359319974968207,1,0.0018787682056427002,0.0018787682056427002,0.0018787682056427002,0.98,-0.0,"[array([[0.        , 0.38544127],
       [0.        , 0.38715273],
       [0.        , 0.39394933],
       [0.        , 0.39535582],
       [0.        , 0.4024018 ],
       [0.        , 0.41882491],
       [0.        , 0.4200452 ],
       [0.        , 0.42704388],
       [0.        , 0.43057579],
       [0.        , 0.43726656],
       [0.        , 0.43742695],
       [0.        , 0.43789533],
       [0.        , 0.43869025],
       [0.        , 0.43905649],
       [0.        , 0.4407419 ],
       [0.        , 0.45158815],
       [0.        , 0.45816064],
       [0.        , 0.46972904],
       [0.        , 0.47007662],
       [0.        , 0.47109911],
       [0.        , 0.47358829],
       [0.        , 0.48943576],
       [0.        , 0.49441165],
       [0.        , 0.49915579],
       [0.        , 0.50319093],
       [0.        , 0.50763631],
       [0.        , 0.51699477],
       [0.        , 0.51701277],
       [0.        , 0.52103931],
       [0.        , 0.54901505],
       [0.        , 0.55806768],
       [0.        , 0.5601083 ],
       [0.        , 0.56347179],
       [0.        , 0.5684827 ],
       [0.        , 0.58138281],
       [0.        , 0.59511125],
       [0.        , 0.59573072],
       [0.        , 0.59941483],
       [0.        , 0.600411  ],
       [0.        , 0.60470945],
       [0.        , 0.61086446],
       [0.        , 0.61395985],
       [0.        , 0.61587459],
       [0.        , 0.61622989],
       [0.        , 0.62414104],
       [0.        , 0.62567049],
       [0.        , 0.62971807],
       [0.        , 0.63366669],
       [0.        , 0.63899243],
       [0.        , 0.64270478],
       [0.        , 0.64649081],
       [0.        , 0.65771359],
       [0.        , 0.6597079 ],
       [0.        , 0.66809869],
       [0.        , 0.67339486],
       [0.        , 0.67728287],
       [0.        , 0.68003786],
       [0.        , 0.68080336],
       [0.        , 0.68721014],
       [0.        , 0.70035207],
       [0.        , 0.70170116],
       [0.        , 0.71496212],
       [0.        , 0.71888655],
       [0.        , 0.72325182],
       [0.        , 0.72807795],
       [0.        , 0.72945398],
       [0.        , 0.74391782],
       [0.        , 0.74544716],
       [0.        , 0.75469291],
       [0.        , 0.75798881],
       [0.        , 0.7607829 ],
       [0.        , 0.76105404],
       [0.        , 0.76622397],
       [0.        , 0.77506471],
       [0.        , 0.77922875],
       [0.        , 0.78191507],
       [0.        , 0.7888276 ],
       [0.        , 0.79575884],
       [0.        , 0.80076921],
       [0.        , 0.84295356],
       [0.        ,        inf]]), array([[0.45820966, 0.46008843]])]",False
159,0.8638572692871094,0.014906108379364014,0.637398545472127,116.38,5.048116319984551,3,0.03289109468460083,0.021880775690078735,0.014749248822530111,0.84,0.6045593840235928,"[array([[0.        , 0.36035633],
       [0.        , 0.37337586],
       [0.        , 0.38544127],
       [0.        , 0.38715273],
       [0.        , 0.39394933],
       [0.        , 0.39707401],
       [0.        , 0.40142474],
       [0.        , 0.4024018 ],
       [0.        , 0.41499496],
       [0.        , 0.41882491],
       [0.        , 0.4200452 ],
       [0.        , 0.42094427],
       [0.        , 0.4210099 ],
       [0.        , 0.42880875],
       [0.        , 0.43057579],
       [0.        , 0.43584964],
       [0.        , 0.43742695],
       [0.        , 0.43789533],
       [0.        , 0.43905649],
       [0.        , 0.4407419 ],
       [0.        , 0.44131434],
       [0.        , 0.44134226],
       [0.        , 0.45158815],
       [0.        , 0.45816064],
       [0.        , 0.45996878],
       [0.        , 0.46210781],
       [0.        , 0.46972904],
       [0.        , 0.47358829],
       [0.        , 0.47560501],
       [0.        , 0.4921304 ],
       [0.        , 0.49441165],
       [0.        , 0.5014888 ],
       [0.        , 0.50319093],
       [0.        , 0.50763631],
       [0.        , 0.51280475],
       [0.        , 0.52250391],
       [0.        , 0.5237363 ],
       [0.        , 0.53487867],
       [0.        , 0.54428726],
       [0.        , 0.55051845],
       [0.        , 0.56006187],
       [0.        , 0.5601083 ],
       [0.        , 0.56347179],
       [0.        , 0.56483924],
       [0.        , 0.56529474],
       [0.        , 0.56674522],
       [0.        , 0.56914806],
       [0.        , 0.57141787],
       [0.        , 0.5799017 ],
       [0.        , 0.58724385],
       [0.        , 0.59745759],
       [0.        , 0.60134113],
       [0.        , 0.60762435],
       [0.        , 0.61497611],
       [0.        , 0.61858058],
       [0.        , 0.62542242],
       [0.        , 0.62687325],
       [0.        , 0.62698603],
       [0.        , 0.62743634],
       [0.        , 0.62757993],
       [0.        , 0.63001907],
       [0.        , 0.63213915],
       [0.        , 0.63266665],
       [0.        , 0.6342932 ],
       [0.        , 0.63485289],
       [0.        , 0.64323443],
       [0.        , 0.645657  ],
       [0.        , 0.64630258],
       [0.        , 0.64757138],
       [0.        , 0.64780909],
       [0.        , 0.64790231],
       [0.        , 0.65100533],
       [0.        , 0.65118778],
       [0.        , 0.65546256],
       [0.        , 0.65553516],
       [0.        , 0.6562044 ],
       [0.        , 0.65659493],
       [0.        , 0.65692902],
       [0.        , 0.65707487],
       [0.        , 0.65737855],
       [0.        , 0.65898514],
       [0.        , 0.65918511],
       [0.        , 0.65967602],
       [0.        , 0.66186082],
       [0.        , 0.66571653],
       [0.        , 0.67013687],
       [0.        , 0.67116433],
       [0.        , 0.6739465 ],
       [0.        , 0.67548895],
       [0.        , 0.67832834],
       [0.        , 0.68003786],
       [0.        , 0.68216431],
       [0.        , 0.68721074],
       [0.        , 0.68761957],
       [0.        , 0.69862539],
       [0.        , 0.70018244],
       [0.        , 0.70035207],
       [0.        , 0.70050138],
       [0.        , 0.70067245],
       [0.        , 0.702061  ],
       [0.        , 0.70361441],
       [0.        , 0.7036615 ],
       [0.        , 0.70461494],
       [0.        , 0.70498931],
       [0.        , 0.70995396],
       [0.        , 0.71097296],
       [0.        , 0.71215898],
       [0.        , 0.71462029],
       [0.        , 0.71737885],
       [0.        , 0.7190125 ],
       [0.        , 0.71914786],
       [0.        , 0.71940768],
       [0.        , 0.71959531],
       [0.        , 0.71996498],
       [0.        , 0.72777003],
       [0.        , 0.72837371],
       [0.        , 0.72920424],
       [0.        , 0.73337263],
       [0.        , 0.73505795],
       [0.        , 0.73874879],
       [0.        , 0.73885781],
       [0.        , 0.74262482],
       [0.        , 0.7428205 ],
       [0.        , 0.74598753],
       [0.        , 0.74709332],
       [0.        , 0.74853253],
       [0.        , 0.74969196],
       [0.        , 0.75145006],
       [0.        , 0.75153995],
       [0.        , 0.7549476 ],
       [0.        , 0.75680184],
       [0.        , 0.75768912],
       [0.        , 0.76056904],
       [0.        , 0.76220125],
       [0.        , 0.76948744],
       [0.        , 0.76957768],
       [0.        , 0.76972318],
       [0.        , 0.7707324 ],
       [0.        , 0.7742669 ],
       [0.        , 0.77823973],
       [0.        , 0.78219372],
       [0.        , 0.78470248],
       [0.        , 0.78626609],
       [0.        , 0.78854907],
       [0.        , 0.789738  ],
       [0.        , 0.79158801],
       [0.        , 0.79396451],
       [0.        , 0.79423696],
       [0.        , 0.79482806],
       [0.        , 0.7976405 ],
       [0.        , 0.79987377],
       [0.        , 0.80538625],
       [0.        , 0.80602199],
       [0.        , 0.82052505],
       [0.        , 0.82357627],
       [0.        , 0.82958162],
       [0.        , 0.84584397],
       [0.        , 0.84895116],
       [0.        , 0.86385727],
       [0.        ,        inf]]), array([[0.50720167, 0.54009277],
       [0.494874  , 0.49522033],
       [0.48856062, 0.49957094]])]",True
115,0.8655701875686646,0.011377990245819092,0.6246748177901559,82.4,4.721335080736467,3,0.03289109468460083,0.01122969388961792,0.018810421228408813,0.68,0.7954501211567779,"[array([[0.        , 0.36035633],
       [0.        , 0.37337586],
       [0.        , 0.38143098],
       [0.        , 0.38715273],
       [0.        , 0.40142474],
       [0.        , 0.4024018 ],
       [0.        , 0.41499496],
       [0.        , 0.41882491],
       [0.        , 0.4200452 ],
       [0.        , 0.42704388],
       [0.        , 0.42880875],
       [0.        , 0.43057579],
       [0.        , 0.43346915],
       [0.        , 0.43742695],
       [0.        , 0.43789533],
       [0.        , 0.43869025],
       [0.        , 0.43905649],
       [0.        , 0.4407419 ],
       [0.        , 0.44131434],
       [0.        , 0.44762015],
       [0.        , 0.45158815],
       [0.        , 0.45618039],
       [0.        , 0.45816064],
       [0.        , 0.46057391],
       [0.        , 0.46611732],
       [0.        , 0.47109911],
       [0.        , 0.49441165],
       [0.        , 0.49944043],
       [0.        , 0.50763631],
       [0.        , 0.51477194],
       [0.        , 0.51520991],
       [0.        , 0.51773721],
       [0.        , 0.52021313],
       [0.        , 0.53446275],
       [0.        , 0.53452533],
       [0.        , 0.54492486],
       [0.        , 0.55051845],
       [0.        , 0.5601083 ],
       [0.        , 0.56347179],
       [0.        , 0.56363392],
       [0.        , 0.57753301],
       [0.        , 0.59301394],
       [0.        , 0.59458929],
       [0.        , 0.60762435],
       [0.        , 0.61718887],
       [0.        , 0.61792165],
       [0.        , 0.62687325],
       [0.        , 0.63213915],
       [0.        , 0.63381654],
       [0.        , 0.64045918],
       [0.        , 0.64792573],
       [0.        , 0.6562044 ],
       [0.        , 0.65918511],
       [0.        , 0.65931249],
       [0.        , 0.65985948],
       [0.        , 0.66158962],
       [0.        , 0.66500896],
       [0.        , 0.66724849],
       [0.        , 0.66821128],
       [0.        , 0.66879511],
       [0.        , 0.66880035],
       [0.        , 0.66886812],
       [0.        , 0.67116433],
       [0.        , 0.67158049],
       [0.        , 0.67298251],
       [0.        , 0.67470199],
       [0.        , 0.67961675],
       [0.        , 0.68003786],
       [0.        , 0.68100446],
       [0.        , 0.68151593],
       [0.        , 0.68263626],
       [0.        , 0.68900162],
       [0.        , 0.68991464],
       [0.        , 0.69399297],
       [0.        , 0.69469953],
       [0.        , 0.69494057],
       [0.        , 0.69684774],
       [0.        , 0.69862539],
       [0.        , 0.69874448],
       [0.        , 0.69954211],
       [0.        , 0.70234281],
       [0.        , 0.70476872],
       [0.        , 0.70879382],
       [0.        , 0.71128428],
       [0.        , 0.71252859],
       [0.        , 0.71682382],
       [0.        , 0.72139412],
       [0.        , 0.72226739],
       [0.        , 0.72613108],
       [0.        , 0.7316103 ],
       [0.        , 0.7322157 ],
       [0.        , 0.73885781],
       [0.        , 0.74669272],
       [0.        , 0.74710155],
       [0.        , 0.748959  ],
       [0.        , 0.75040388],
       [0.        , 0.75320327],
       [0.        , 0.75469291],
       [0.        , 0.76523238],
       [0.        , 0.7653687 ],
       [0.        , 0.76592904],
       [0.        , 0.7742669 ],
       [0.        , 0.77747405],
       [0.        , 0.78036356],
       [0.        , 0.78483856],
       [0.        , 0.788737  ],
       [0.        , 0.80538625],
       [0.        , 0.80589515],
       [0.        , 0.80823618],
       [0.        , 0.82958162],
       [0.        , 0.84383112],
       [0.        , 0.84895116],
       [0.        , 0.85252422],
       [0.        , 0.8541922 ],
       [0.        , 0.86557019],
       [0.        ,        inf]]), array([[0.50720167, 0.54009277],
       [0.47355893, 0.49522033],
       [0.45820966, 0.46008843]])]",True
73,0.829581618309021,0.0015227198600769043,0.6074776861765613,53.08,4.267689981584909,1,0.0018787682056427002,0.0018787682056427002,0.0018787682056427002,0.98,-0.0,"[array([[0.        , 0.37337586],
       [0.        , 0.38715273],
       [0.        , 0.4024018 ],
       [0.        , 0.41882491],
       [0.        , 0.4200452 ],
       [0.        , 0.42704388],
       [0.        , 0.43425018],
       [0.        , 0.43726656],
       [0.        , 0.43742695],
       [0.        , 0.43905649],
       [0.        , 0.4407419 ],
       [0.        , 0.44134226],
       [0.        , 0.45158815],
       [0.        , 0.45618039],
       [0.        , 0.45816064],
       [0.        , 0.46057391],
       [0.        , 0.46611732],
       [0.        , 0.47109911],
       [0.        , 0.48943576],
       [0.        , 0.49441165],
       [0.        , 0.50319093],
       [0.        , 0.50763631],
       [0.        , 0.51477194],
       [0.        , 0.51520991],
       [0.        , 0.51805323],
       [0.        , 0.54612911],
       [0.        , 0.5601083 ],
       [0.        , 0.56347179],
       [0.        , 0.57141787],
       [0.        , 0.58833694],
       [0.        , 0.59301394],
       [0.        , 0.60249782],
       [0.        , 0.60279763],
       [0.        , 0.61001462],
       [0.        , 0.61022812],
       [0.        , 0.61333555],
       [0.        , 0.62417752],
       [0.        , 0.62550712],
       [0.        , 0.63213915],
       [0.        , 0.63716948],
       [0.        , 0.63804781],
       [0.        , 0.64271283],
       [0.        , 0.64312124],
       [0.        , 0.65610129],
       [0.        , 0.66500896],
       [0.        , 0.68003786],
       [0.        , 0.6803968 ],
       [0.        , 0.68263626],
       [0.        , 0.69469953],
       [0.        , 0.69684774],
       [0.        , 0.70271194],
       [0.        , 0.70476872],
       [0.        , 0.70565307],
       [0.        , 0.70631152],
       [0.        , 0.70879382],
       [0.        , 0.72031975],
       [0.        , 0.72226739],
       [0.        , 0.72506863],
       [0.        , 0.72654742],
       [0.        , 0.72976381],
       [0.        , 0.74710155],
       [0.        , 0.7492401 ],
       [0.        , 0.75040388],
       [0.        , 0.75045204],
       [0.        , 0.75320327],
       [0.        , 0.7747345 ],
       [0.        , 0.77591169],
       [0.        , 0.788737  ],
       [0.        , 0.79852694],
       [0.        , 0.80823618],
       [0.        , 0.8141641 ],
       [0.        , 0.8280589 ],
       [0.        , 0.82958162],
       [0.        ,        inf]]), array([[0.45820966, 0.46008843]])]",False
52,0.829581618309021,0.005427002906799316,0.6023236942979006,37.54,3.927370792516271,2,0.004353702068328857,0.00036650896072387695,0.004170447587966919,0.2,0.6921814550230816,"[array([[0.        , 0.38715273],
       [0.        , 0.39394933],
       [0.        , 0.39535582],
       [0.        , 0.4024018 ],
       [0.        , 0.4200452 ],
       [0.        , 0.42880875],
       [0.        , 0.43022469],
       [0.        , 0.44034603],
       [0.        , 0.45996878],
       [0.        , 0.46008843],
       [0.        , 0.4618395 ],
       [0.        , 0.46611732],
       [0.        , 0.46668717],
       [0.        , 0.4668698 ],
       [0.        , 0.49441165],
       [0.        , 0.50319093],
       [0.        , 0.50763631],
       [0.        , 0.51423436],
       [0.        , 0.52275991],
       [0.        , 0.54159653],
       [0.        , 0.5601083 ],
       [0.        , 0.56347179],
       [0.        , 0.60738021],
       [0.        , 0.62047541],
       [0.        , 0.62226778],
       [0.        , 0.63124448],
       [0.        , 0.63866764],
       [0.        , 0.6386885 ],
       [0.        , 0.63928211],
       [0.        , 0.64250994],
       [0.        , 0.647843  ],
       [0.        , 0.65361869],
       [0.        , 0.65403432],
       [0.        , 0.66044641],
       [0.        , 0.6652    ],
       [0.        , 0.66749316],
       [0.        , 0.66821128],
       [0.        , 0.68003786],
       [0.        , 0.68616492],
       [0.        , 0.71254241],
       [0.        , 0.71745729],
       [0.        , 0.75070798],
       [0.        , 0.75145006],
       [0.        , 0.75160331],
       [0.        , 0.75291187],
       [0.        , 0.75469291],
       [0.        , 0.76409489],
       [0.        , 0.77933234],
       [0.        , 0.80766958],
       [0.        , 0.81380236],
       [0.        , 0.82415462],
       [0.        , 0.82958162],
       [0.        ,        inf]]), array([[0.54395813, 0.54831183],
       [0.50803167, 0.51201886]])]",True
47,0.833660900592804,0.004079282283782959,0.5712028995473334,31.98,3.8270087066243095,2,0.0028635263442993164,0.0009847581386566162,0.0023711472749710083,0.08,0.6714293310764283,"[array([[0.        , 0.38715273],
       [0.        , 0.39210787],
       [0.        , 0.39394933],
       [0.        , 0.41882491],
       [0.        , 0.4200452 ],
       [0.        , 0.42683208],
       [0.        , 0.42704388],
       [0.        , 0.43057579],
       [0.        , 0.43742695],
       [0.        , 0.4407419 ],
       [0.        , 0.44131434],
       [0.        , 0.45816064],
       [0.        , 0.48943576],
       [0.        , 0.49036598],
       [0.        , 0.49441165],
       [0.        , 0.50319093],
       [0.        , 0.50763631],
       [0.        , 0.51019049],
       [0.        , 0.51343614],
       [0.        , 0.5237363 ],
       [0.        , 0.53667474],
       [0.        , 0.54417998],
       [0.        , 0.5601083 ],
       [0.        , 0.56013113],
       [0.        , 0.56347179],
       [0.        , 0.56381392],
       [0.        , 0.56430399],
       [0.        , 0.57753301],
       [0.        , 0.58429819],
       [0.        , 0.59644121],
       [0.        , 0.60245025],
       [0.        , 0.61093163],
       [0.        , 0.65373826],
       [0.        , 0.66821128],
       [0.        , 0.67302114],
       [0.        , 0.67352569],
       [0.        , 0.68003786],
       [0.        , 0.68268132],
       [0.        , 0.68290198],
       [0.        , 0.69313174],
       [0.        , 0.7270593 ],
       [0.        , 0.75145006],
       [0.        , 0.75183672],
       [0.        , 0.77742982],
       [0.        , 0.79735124],
       [0.        , 0.82958162],
       [0.        , 0.8336609 ],
       [0.        ,        inf]]), array([[0.51477194, 0.51763546],
       [0.45820966, 0.46008843]])]",False
53,0.8603631258010864,0.012632906436920166,0.6017908943149278,36.86,3.9488574238943177,1,0.0018787682056427002,0.0018787682056427002,0.0018787682056427002,0.98,-0.0,"[array([[0.        , 0.38715273],
       [0.        , 0.39394933],
       [0.        , 0.41882491],
       [0.        , 0.4200452 ],
       [0.        , 0.42704388],
       [0.        , 0.42880875],
       [0.        , 0.43057579],
       [0.        , 0.43742695],
       [0.        , 0.4407419 ],
       [0.        , 0.45158815],
       [0.        , 0.46668717],
       [0.        , 0.49441165],
       [0.        , 0.50319093],
       [0.        , 0.50763631],
       [0.        , 0.51019049],
       [0.        , 0.52250391],
       [0.        , 0.53447193],
       [0.        , 0.54955626],
       [0.        , 0.55798405],
       [0.        , 0.55831003],
       [0.        , 0.5601083 ],
       [0.        , 0.56163359],
       [0.        , 0.56347179],
       [0.        , 0.57753301],
       [0.        , 0.59463793],
       [0.        , 0.60245025],
       [0.        , 0.61980754],
       [0.        , 0.62238574],
       [0.        , 0.6339851 ],
       [0.        , 0.63815796],
       [0.        , 0.63853967],
       [0.        , 0.64433688],
       [0.        , 0.65774447],
       [0.        , 0.66081995],
       [0.        , 0.66821128],
       [0.        , 0.66880035],
       [0.        , 0.67158049],
       [0.        , 0.67348361],
       [0.        , 0.67352569],
       [0.        , 0.68003786],
       [0.        , 0.68290198],
       [0.        , 0.68389183],
       [0.        , 0.68881077],
       [0.        , 0.69005692],
       [0.        , 0.69313174],
       [0.        , 0.71569854],
       [0.        , 0.7270593 ],
       [0.        , 0.78943586],
       [0.        , 0.7913118 ],
       [0.        , 0.8287794 ],
       [0.        , 0.8433941 ],
       [0.        , 0.84773022],
       [0.        , 0.86036313],
       [0.        ,        inf]]), array([[0.45820966, 0.46008843]])]",True
127,0.8655701875686646,0.0025382041931152344,0.6272243418562131,91.36,4.822328977438198,4,0.03289109468460083,0.01122969388961792,0.016860395669937134,0.8,1.1106189051007134,"[array([[0.        , 0.37337586],
       [0.        , 0.38143098],
       [0.        , 0.38715273],
       [0.        , 0.39394933],
       [0.        , 0.40142474],
       [0.        , 0.4024018 ],
       [0.        , 0.41499496],
       [0.        , 0.41882491],
       [0.        , 0.4200452 ],
       [0.        , 0.42704388],
       [0.        , 0.42880875],
       [0.        , 0.43057579],
       [0.        , 0.43346915],
       [0.        , 0.43742695],
       [0.        , 0.43869025],
       [0.        , 0.43905649],
       [0.        , 0.4407419 ],
       [0.        , 0.44131434],
       [0.        , 0.45158815],
       [0.        , 0.45618039],
       [0.        , 0.45816064],
       [0.        , 0.46495181],
       [0.        , 0.46972904],
       [0.        , 0.47560501],
       [0.        , 0.47856665],
       [0.        , 0.4810501 ],
       [0.        , 0.49441165],
       [0.        , 0.49712357],
       [0.        , 0.49915579],
       [0.        , 0.49944043],
       [0.        , 0.49965605],
       [0.        , 0.50218195],
       [0.        , 0.50763631],
       [0.        , 0.51199019],
       [0.        , 0.51773721],
       [0.        , 0.53452533],
       [0.        , 0.54492486],
       [0.        , 0.5601083 ],
       [0.        , 0.56347179],
       [0.        , 0.56363392],
       [0.        , 0.5684827 ],
       [0.        , 0.57836485],
       [0.        , 0.58527631],
       [0.        , 0.59158057],
       [0.        , 0.59660929],
       [0.        , 0.59711146],
       [0.        , 0.59790581],
       [0.        , 0.60288012],
       [0.        , 0.60397613],
       [0.        , 0.61302096],
       [0.        , 0.61718887],
       [0.        , 0.61792165],
       [0.        , 0.62892145],
       [0.        , 0.62934804],
       [0.        , 0.63213915],
       [0.        , 0.63381654],
       [0.        , 0.63909513],
       [0.        , 0.64045918],
       [0.        , 0.64312124],
       [0.        , 0.64360398],
       [0.        , 0.64712054],
       [0.        , 0.64842957],
       [0.        , 0.6499753 ],
       [0.        , 0.65585828],
       [0.        , 0.65637314],
       [0.        , 0.66044641],
       [0.        , 0.66158962],
       [0.        , 0.66749316],
       [0.        , 0.66771954],
       [0.        , 0.66957307],
       [0.        , 0.67116433],
       [0.        , 0.67158049],
       [0.        , 0.67264503],
       [0.        , 0.67352569],
       [0.        , 0.67583001],
       [0.        , 0.67837924],
       [0.        , 0.67961675],
       [0.        , 0.68003786],
       [0.        , 0.68100446],
       [0.        , 0.68410748],
       [0.        , 0.68761957],
       [0.        , 0.68900162],
       [0.        , 0.68991464],
       [0.        , 0.69211817],
       [0.        , 0.69399297],
       [0.        , 0.69610941],
       [0.        , 0.69954211],
       [0.        , 0.70487696],
       [0.        , 0.70611203],
       [0.        , 0.70653379],
       [0.        , 0.71128428],
       [0.        , 0.713323  ],
       [0.        , 0.71545589],
       [0.        , 0.72047108],
       [0.        , 0.72139412],
       [0.        , 0.72338164],
       [0.        , 0.72352958],
       [0.        , 0.72455174],
       [0.        , 0.72613108],
       [0.        , 0.73249155],
       [0.        , 0.73289543],
       [0.        , 0.748959  ],
       [0.        , 0.75469291],
       [0.        , 0.75909042],
       [0.        , 0.76117277],
       [0.        , 0.76149541],
       [0.        , 0.76150686],
       [0.        , 0.76409489],
       [0.        , 0.76597565],
       [0.        , 0.76649565],
       [0.        , 0.76989871],
       [0.        , 0.77328742],
       [0.        , 0.77701223],
       [0.        , 0.77747405],
       [0.        , 0.77796662],
       [0.        , 0.78036356],
       [0.        , 0.78483856],
       [0.        , 0.79444474],
       [0.        , 0.80370951],
       [0.        , 0.81691831],
       [0.        , 0.81801289],
       [0.        , 0.82271993],
       [0.        , 0.82415462],
       [0.        , 0.84383112],
       [0.        , 0.8541922 ],
       [0.        , 0.86303198],
       [0.        , 0.86557019],
       [0.        ,        inf]]), array([[0.50720167, 0.54009277],
       [0.48856062, 0.49957094],
       [0.47355893, 0.49522033],
       [0.45820966, 0.46008843]])]",True
171,0.8513434529304504,0.0005789399147033691,0.6407796069543962,127.96,5.1227825579060315,2,0.03884565830230713,0.03443381190299988,0.02162875235080719,0.92,0.3294342567903618,"[array([[0.        , 0.37337586],
       [0.        , 0.38544127],
       [0.        , 0.38715273],
       [0.        , 0.39535582],
       [0.        , 0.40142474],
       [0.        , 0.4024018 ],
       [0.        , 0.40600345],
       [0.        , 0.41499496],
       [0.        , 0.41812924],
       [0.        , 0.41882491],
       [0.        , 0.4200452 ],
       [0.        , 0.4210099 ],
       [0.        , 0.42880875],
       [0.        , 0.43022469],
       [0.        , 0.43584964],
       [0.        , 0.43742695],
       [0.        , 0.43789533],
       [0.        , 0.43905649],
       [0.        , 0.4407419 ],
       [0.        , 0.44131434],
       [0.        , 0.44134226],
       [0.        , 0.45158815],
       [0.        , 0.45816064],
       [0.        , 0.45996878],
       [0.        , 0.46210781],
       [0.        , 0.47358829],
       [0.        , 0.47560501],
       [0.        , 0.47888732],
       [0.        , 0.49441165],
       [0.        , 0.494874  ],
       [0.        , 0.5014888 ],
       [0.        , 0.50194788],
       [0.        , 0.50319093],
       [0.        , 0.50763631],
       [0.        , 0.51280475],
       [0.        , 0.53487867],
       [0.        , 0.54059863],
       [0.        , 0.54428726],
       [0.        , 0.55041999],
       [0.        , 0.55831003],
       [0.        , 0.5589847 ],
       [0.        , 0.56006187],
       [0.        , 0.5601083 ],
       [0.        , 0.56347179],
       [0.        , 0.56529474],
       [0.        , 0.56674522],
       [0.        , 0.57141787],
       [0.        , 0.57912838],
       [0.        , 0.57976049],
       [0.        , 0.5799017 ],
       [0.        , 0.58724385],
       [0.        , 0.59646887],
       [0.        , 0.59745759],
       [0.        , 0.60134113],
       [0.        , 0.60213548],
       [0.        , 0.60374957],
       [0.        , 0.61497611],
       [0.        , 0.61858058],
       [0.        , 0.62196815],
       [0.        , 0.62542242],
       [0.        , 0.62698603],
       [0.        , 0.62757993],
       [0.        , 0.63200796],
       [0.        , 0.63213915],
       [0.        , 0.63266665],
       [0.        , 0.6342932 ],
       [0.        , 0.63485289],
       [0.        , 0.64323443],
       [0.        , 0.645657  ],
       [0.        , 0.64630258],
       [0.        , 0.64705271],
       [0.        , 0.64757138],
       [0.        , 0.64780909],
       [0.        , 0.64790231],
       [0.        , 0.64894146],
       [0.        , 0.65118778],
       [0.        , 0.65546256],
       [0.        , 0.65593606],
       [0.        , 0.65659493],
       [0.        , 0.65692902],
       [0.        , 0.65707487],
       [0.        , 0.65737855],
       [0.        , 0.65898514],
       [0.        , 0.65967602],
       [0.        , 0.66134769],
       [0.        , 0.66186082],
       [0.        , 0.6624186 ],
       [0.        , 0.66383874],
       [0.        , 0.66432631],
       [0.        , 0.66542017],
       [0.        , 0.66571653],
       [0.        , 0.66644448],
       [0.        , 0.66708374],
       [0.        , 0.668459  ],
       [0.        , 0.67013687],
       [0.        , 0.6739465 ],
       [0.        , 0.67832834],
       [0.        , 0.68003786],
       [0.        , 0.6803174 ],
       [0.        , 0.68216431],
       [0.        , 0.68673664],
       [0.        , 0.68721074],
       [0.        , 0.69620728],
       [0.        , 0.69634247],
       [0.        , 0.69695485],
       [0.        , 0.70018244],
       [0.        , 0.70035207],
       [0.        , 0.70050138],
       [0.        , 0.70067245],
       [0.        , 0.702061  ],
       [0.        , 0.70361441],
       [0.        , 0.7036615 ],
       [0.        , 0.70461494],
       [0.        , 0.704844  ],
       [0.        , 0.70487696],
       [0.        , 0.70684761],
       [0.        , 0.71097296],
       [0.        , 0.71215898],
       [0.        , 0.71462029],
       [0.        , 0.7152518 ],
       [0.        , 0.71737885],
       [0.        , 0.7190125 ],
       [0.        , 0.71914786],
       [0.        , 0.71940768],
       [0.        , 0.71959531],
       [0.        , 0.71996498],
       [0.        , 0.72125638],
       [0.        , 0.72777003],
       [0.        , 0.72837371],
       [0.        , 0.73337263],
       [0.        , 0.73505795],
       [0.        , 0.73874879],
       [0.        , 0.74262482],
       [0.        , 0.7428205 ],
       [0.        , 0.74598753],
       [0.        , 0.74709332],
       [0.        , 0.74853253],
       [0.        , 0.74969196],
       [0.        , 0.75153995],
       [0.        , 0.75469291],
       [0.        , 0.7549476 ],
       [0.        , 0.75680184],
       [0.        , 0.76056904],
       [0.        , 0.76220125],
       [0.        , 0.76409489],
       [0.        , 0.76948744],
       [0.        , 0.76957768],
       [0.        , 0.7707324 ],
       [0.        , 0.77129132],
       [0.        , 0.77823973],
       [0.        , 0.78219372],
       [0.        , 0.78470248],
       [0.        , 0.78854907],
       [0.        , 0.789738  ],
       [0.        , 0.79045224],
       [0.        , 0.79158801],
       [0.        , 0.79273605],
       [0.        , 0.79396451],
       [0.        , 0.79402214],
       [0.        , 0.79423696],
       [0.        , 0.79482806],
       [0.        , 0.79556394],
       [0.        , 0.7976405 ],
       [0.        , 0.79987377],
       [0.        , 0.80780947],
       [0.        , 0.82357627],
       [0.        , 0.82911003],
       [0.        , 0.83421451],
       [0.        , 0.84584397],
       [0.        , 0.85076451],
       [0.        , 0.85134345],
       [0.        ,        inf]]), array([[0.50369948, 0.54254514],
       [0.49655643, 0.50096828]])]",True
111,0.8450396656990051,0.0012085437774658203,0.6393348545104534,83.44,4.685261193004815,3,0.011010318994522095,0.007023125886917114,0.005625426769256592,0.3,0.8639047994509946,"[array([[0.        , 0.37337586],
       [0.        , 0.38544127],
       [0.        , 0.38715273],
       [0.        , 0.39394933],
       [0.        , 0.39535582],
       [0.        , 0.4024018 ],
       [0.        , 0.41499496],
       [0.        , 0.41882491],
       [0.        , 0.4200452 ],
       [0.        , 0.42704388],
       [0.        , 0.42880875],
       [0.        , 0.43022469],
       [0.        , 0.43425018],
       [0.        , 0.43726656],
       [0.        , 0.43742695],
       [0.        , 0.43869025],
       [0.        , 0.43905649],
       [0.        , 0.4407419 ],
       [0.        , 0.45158815],
       [0.        , 0.45816064],
       [0.        , 0.46210781],
       [0.        , 0.4668766 ],
       [0.        , 0.46972904],
       [0.        , 0.47781155],
       [0.        , 0.49441165],
       [0.        , 0.50319093],
       [0.        , 0.50763631],
       [0.        , 0.5237363 ],
       [0.        , 0.53651935],
       [0.        , 0.55051845],
       [0.        , 0.5601083 ],
       [0.        , 0.56347179],
       [0.        , 0.5687381 ],
       [0.        , 0.5731709 ],
       [0.        , 0.57406068],
       [0.        , 0.57581174],
       [0.        , 0.5784483 ],
       [0.        , 0.58518332],
       [0.        , 0.58957434],
       [0.        , 0.5944314 ],
       [0.        , 0.59622848],
       [0.        , 0.59774822],
       [0.        , 0.61080259],
       [0.        , 0.62743634],
       [0.        , 0.62934804],
       [0.        , 0.63345599],
       [0.        , 0.64198923],
       [0.        , 0.64221716],
       [0.        , 0.64312124],
       [0.        , 0.6505332 ],
       [0.        , 0.65659493],
       [0.        , 0.66029948],
       [0.        , 0.66044641],
       [0.        , 0.66112196],
       [0.        , 0.66186148],
       [0.        , 0.6672979 ],
       [0.        , 0.66821128],
       [0.        , 0.67158049],
       [0.        , 0.67204338],
       [0.        , 0.67468607],
       [0.        , 0.67469293],
       [0.        , 0.68003786],
       [0.        , 0.68236887],
       [0.        , 0.68616492],
       [0.        , 0.68805623],
       [0.        , 0.69110173],
       [0.        , 0.69495112],
       [0.        , 0.6955657 ],
       [0.        , 0.70234281],
       [0.        , 0.71582508],
       [0.        , 0.7161622 ],
       [0.        , 0.72050357],
       [0.        , 0.73283333],
       [0.        , 0.73619139],
       [0.        , 0.73926711],
       [0.        , 0.74231666],
       [0.        , 0.74297076],
       [0.        , 0.74494278],
       [0.        , 0.74546301],
       [0.        , 0.74645925],
       [0.        , 0.74752945],
       [0.        , 0.75020248],
       [0.        , 0.75840926],
       [0.        , 0.75888336],
       [0.        , 0.759121  ],
       [0.        , 0.76030779],
       [0.        , 0.76523238],
       [0.        , 0.77461928],
       [0.        , 0.7747345 ],
       [0.        , 0.7782464 ],
       [0.        , 0.77836001],
       [0.        , 0.77895993],
       [0.        , 0.7794314 ],
       [0.        , 0.78201288],
       [0.        , 0.78540611],
       [0.        , 0.78765094],
       [0.        , 0.7889607 ],
       [0.        , 0.79133761],
       [0.        , 0.79444474],
       [0.        , 0.80578452],
       [0.        , 0.80935931],
       [0.        , 0.81308931],
       [0.        , 0.81612641],
       [0.        , 0.81741732],
       [0.        , 0.82461214],
       [0.        , 0.82584077],
       [0.        , 0.82618141],
       [0.        , 0.82958162],
       [0.        , 0.83987665],
       [0.        , 0.84383112],
       [0.        , 0.84503967],
       [0.        ,        inf]]), array([[0.50803167, 0.51201886],
       [0.48856062, 0.49957094],
       [0.45820966, 0.46008843]])]",False
74,0.8778823614120483,0.005926191806793213,0.61378852016217,51.44,4.279353240013864,1,0.03289109468460083,0.03289109468460083,0.03289109468460083,0.98,-0.0,"[array([[0.        , 0.37337586],
       [0.        , 0.38715273],
       [0.        , 0.4024018 ],
       [0.        , 0.41499496],
       [0.        , 0.41882491],
       [0.        , 0.4200452 ],
       [0.        , 0.4210099 ],
       [0.        , 0.42880875],
       [0.        , 0.42947099],
       [0.        , 0.43057579],
       [0.        , 0.43742695],
       [0.        , 0.43905649],
       [0.        , 0.4407419 ],
       [0.        , 0.44134226],
       [0.        , 0.45158815],
       [0.        , 0.45816064],
       [0.        , 0.46210781],
       [0.        , 0.46344507],
       [0.        , 0.49441165],
       [0.        , 0.49713057],
       [0.        , 0.50319093],
       [0.        , 0.50763631],
       [0.        , 0.52250391],
       [0.        , 0.5237363 ],
       [0.        , 0.53367281],
       [0.        , 0.54345715],
       [0.        , 0.5601083 ],
       [0.        , 0.56347179],
       [0.        , 0.57047457],
       [0.        , 0.57611614],
       [0.        , 0.58568138],
       [0.        , 0.59902102],
       [0.        , 0.60622358],
       [0.        , 0.60782135],
       [0.        , 0.61745542],
       [0.        , 0.64425373],
       [0.        , 0.64554161],
       [0.        , 0.64994431],
       [0.        , 0.65219593],
       [0.        , 0.65317553],
       [0.        , 0.663041  ],
       [0.        , 0.67337751],
       [0.        , 0.67507291],
       [0.        , 0.67520344],
       [0.        , 0.67639655],
       [0.        , 0.68003786],
       [0.        , 0.68268132],
       [0.        , 0.68408561],
       [0.        , 0.69034278],
       [0.        , 0.6960057 ],
       [0.        , 0.69998693],
       [0.        , 0.70298707],
       [0.        , 0.71180212],
       [0.        , 0.71301174],
       [0.        , 0.7161622 ],
       [0.        , 0.72047108],
       [0.        , 0.72048169],
       [0.        , 0.72225159],
       [0.        , 0.72745985],
       [0.        , 0.72832811],
       [0.        , 0.7327764 ],
       [0.        , 0.73768127],
       [0.        , 0.74356586],
       [0.        , 0.74502033],
       [0.        , 0.75338787],
       [0.        , 0.75469291],
       [0.        , 0.77620786],
       [0.        , 0.7889607 ],
       [0.        , 0.80361545],
       [0.        , 0.80794907],
       [0.        , 0.83718848],
       [0.        , 0.85252422],
       [0.        , 0.87195617],
       [0.        , 0.87788236],
       [0.        ,        inf]]), array([[0.50720167, 0.54009277]])]",True
69,0.858552098274231,0.030764341354370117,0.6193834970826688,49.46,4.21421172059649,2,0.004353702068328857,0.00036650896072387695,0.004170447587966919,0.2,0.6921814550230816,"[array([[0.        , 0.38715273],
       [0.        , 0.39394933],
       [0.        , 0.4024018 ],
       [0.        , 0.41882491],
       [0.        , 0.4200452 ],
       [0.        , 0.43022469],
       [0.        , 0.43742695],
       [0.        , 0.43789533],
       [0.        , 0.44034603],
       [0.        , 0.4407419 ],
       [0.        , 0.44131434],
       [0.        , 0.45158815],
       [0.        , 0.47560501],
       [0.        , 0.48943576],
       [0.        , 0.49441165],
       [0.        , 0.50319093],
       [0.        , 0.50763631],
       [0.        , 0.53422171],
       [0.        , 0.5459165 ],
       [0.        , 0.55458272],
       [0.        , 0.55798405],
       [0.        , 0.5601083 ],
       [0.        , 0.56347179],
       [0.        , 0.56488264],
       [0.        , 0.57655007],
       [0.        , 0.5799017 ],
       [0.        , 0.60930002],
       [0.        , 0.61492306],
       [0.        , 0.62417752],
       [0.        , 0.62778896],
       [0.        , 0.63114202],
       [0.        , 0.63213915],
       [0.        , 0.63696837],
       [0.        , 0.64250994],
       [0.        , 0.64757138],
       [0.        , 0.64807659],
       [0.        , 0.65013599],
       [0.        , 0.65219593],
       [0.        , 0.65239954],
       [0.        , 0.66605896],
       [0.        , 0.66880035],
       [0.        , 0.66929483],
       [0.        , 0.67158049],
       [0.        , 0.67320091],
       [0.        , 0.67786038],
       [0.        , 0.68003786],
       [0.        , 0.68480408],
       [0.        , 0.68777621],
       [0.        , 0.69272983],
       [0.        , 0.69338804],
       [0.        , 0.69550622],
       [0.        , 0.69886506],
       [0.        , 0.70024103],
       [0.        , 0.70540869],
       [0.        , 0.7084173 ],
       [0.        , 0.71636444],
       [0.        , 0.71705091],
       [0.        , 0.73988229],
       [0.        , 0.74512404],
       [0.        , 0.76296699],
       [0.        , 0.76681519],
       [0.        , 0.78182143],
       [0.        , 0.78540611],
       [0.        , 0.78919417],
       [0.        , 0.78983623],
       [0.        , 0.79427761],
       [0.        , 0.80927283],
       [0.        , 0.82778776],
       [0.        , 0.8585521 ],
       [0.        ,        inf]]), array([[0.54395813, 0.54831183],
       [0.50803167, 0.51201886]])]",True
102,0.858552098274231,0.0032865405082702637,0.6315358748622969,74.46,4.605269277644987,1,0.03884565830230713,0.03884565830230713,0.03884565830230713,0.98,-0.0,"[array([[0.        , 0.37337586],
       [0.        , 0.38714209],
       [0.        , 0.38715273],
       [0.        , 0.39535582],
       [0.        , 0.4024018 ],
       [0.        , 0.41812924],
       [0.        , 0.41882491],
       [0.        , 0.4200452 ],
       [0.        , 0.43742695],
       [0.        , 0.43789533],
       [0.        , 0.4407419 ],
       [0.        , 0.44131434],
       [0.        , 0.45158815],
       [0.        , 0.45996878],
       [0.        , 0.47109911],
       [0.        , 0.48943576],
       [0.        , 0.4895739 ],
       [0.        , 0.49441165],
       [0.        , 0.494874  ],
       [0.        , 0.50238061],
       [0.        , 0.50319093],
       [0.        , 0.50763631],
       [0.        , 0.52640349],
       [0.        , 0.53422171],
       [0.        , 0.53446275],
       [0.        , 0.53955597],
       [0.        , 0.54135346],
       [0.        , 0.55798405],
       [0.        , 0.55831003],
       [0.        , 0.5589847 ],
       [0.        , 0.5601083 ],
       [0.        , 0.56347179],
       [0.        , 0.5684827 ],
       [0.        , 0.57655007],
       [0.        , 0.59646887],
       [0.        , 0.59717441],
       [0.        , 0.59764981],
       [0.        , 0.60213548],
       [0.        , 0.62196815],
       [0.        , 0.63213915],
       [0.        , 0.6329385 ],
       [0.        , 0.63437635],
       [0.        , 0.63696837],
       [0.        , 0.64177871],
       [0.        , 0.64250994],
       [0.        , 0.64705271],
       [0.        , 0.6473552 ],
       [0.        , 0.64757138],
       [0.        , 0.64807659],
       [0.        , 0.64842957],
       [0.        , 0.64894146],
       [0.        , 0.65553516],
       [0.        , 0.65593606],
       [0.        , 0.6624186 ],
       [0.        , 0.66383874],
       [0.        , 0.66432631],
       [0.        , 0.66542017],
       [0.        , 0.66605896],
       [0.        , 0.66644448],
       [0.        , 0.66708374],
       [0.        , 0.66929483],
       [0.        , 0.67320091],
       [0.        , 0.67348361],
       [0.        , 0.67786038],
       [0.        , 0.68003786],
       [0.        , 0.68673664],
       [0.        , 0.68721074],
       [0.        , 0.68929291],
       [0.        , 0.69272983],
       [0.        , 0.69550622],
       [0.        , 0.69620728],
       [0.        , 0.69695485],
       [0.        , 0.70540869],
       [0.        , 0.7152518 ],
       [0.        , 0.71636444],
       [0.        , 0.72125638],
       [0.        , 0.72704434],
       [0.        , 0.72966188],
       [0.        , 0.73131293],
       [0.        , 0.7336306 ],
       [0.        , 0.73874879],
       [0.        , 0.73988229],
       [0.        , 0.74033493],
       [0.        , 0.74598753],
       [0.        , 0.7499603 ],
       [0.        , 0.76123929],
       [0.        , 0.76409489],
       [0.        , 0.76412201],
       [0.        , 0.76441288],
       [0.        , 0.76534599],
       [0.        , 0.76681519],
       [0.        , 0.76854318],
       [0.        , 0.77156967],
       [0.        , 0.78540611],
       [0.        , 0.79045224],
       [0.        , 0.79402214],
       [0.        , 0.82778776],
       [0.        , 0.82911003],
       [0.        , 0.85076451],
       [0.        , 0.85134345],
       [0.        , 0.85526556],
       [0.        , 0.8585521 ],
       [0.        ,        inf]]), array([[0.50369948, 0.54254514]])]",False
55,0.8525242209434509,0.02294260263442993,0.6146856568076394,39.46,3.982116434353597,0,0.0,0.0,0.0,0.0,0.0,"[array([[0.        , 0.38715273],
       [0.        , 0.39394933],
       [0.        , 0.4024018 ],
       [0.        , 0.41812924],
       [0.        , 0.4200452 ],
       [0.        , 0.43425018],
       [0.        , 0.43726656],
       [0.        , 0.43742695],
       [0.        , 0.43905649],
       [0.        , 0.4407419 ],
       [0.        , 0.44134226],
       [0.        , 0.45158815],
       [0.        , 0.46154895],
       [0.        , 0.46210781],
       [0.        , 0.48943576],
       [0.        , 0.49441165],
       [0.        , 0.50319093],
       [0.        , 0.50763631],
       [0.        , 0.51805323],
       [0.        , 0.53367281],
       [0.        , 0.5601083 ],
       [0.        , 0.56347179],
       [0.        , 0.60930002],
       [0.        , 0.62417752],
       [0.        , 0.62778896],
       [0.        , 0.63761818],
       [0.        , 0.64312124],
       [0.        , 0.65239954],
       [0.        , 0.66312832],
       [0.        , 0.6652    ],
       [0.        , 0.66749316],
       [0.        , 0.68003786],
       [0.        , 0.68777621],
       [0.        , 0.68929291],
       [0.        , 0.69818646],
       [0.        , 0.69886506],
       [0.        , 0.70024103],
       [0.        , 0.71180212],
       [0.        , 0.71301174],
       [0.        , 0.71705091],
       [0.        , 0.71745729],
       [0.        , 0.71943271],
       [0.        , 0.72047108],
       [0.        , 0.72048169],
       [0.        , 0.72205979],
       [0.        , 0.72588694],
       [0.        , 0.75469291],
       [0.        , 0.76296699],
       [0.        , 0.76409489],
       [0.        , 0.79300898],
       [0.        , 0.80361545],
       [0.        , 0.81380236],
       [0.        , 0.82415462],
       [0.        , 0.82958162],
       [0.        , 0.85252422],
       [0.        ,        inf]]), array([], shape=(0, 2), dtype=float64)]",True
177,0.8518742322921753,0.0020412206649780273,0.6516251636427001,134.56,5.158483088796832,2,0.0481334924697876,0.0074579715728759766,0.04440450668334961,1.6,0.6896169020940538,"[array([[0.        , 0.37337586],
       [0.        , 0.38544127],
       [0.        , 0.38715273],
       [0.        , 0.4024018 ],
       [0.        , 0.41499496],
       [0.        , 0.41812924],
       [0.        , 0.41882491],
       [0.        , 0.4200452 ],
       [0.        , 0.4210099 ],
       [0.        , 0.42880875],
       [0.        , 0.43584964],
       [0.        , 0.43742695],
       [0.        , 0.43789533],
       [0.        , 0.43905649],
       [0.        , 0.44034603],
       [0.        , 0.4407419 ],
       [0.        , 0.44131434],
       [0.        , 0.44134226],
       [0.        , 0.45008722],
       [0.        , 0.45158815],
       [0.        , 0.45816064],
       [0.        , 0.45996878],
       [0.        , 0.46210781],
       [0.        , 0.47358829],
       [0.        , 0.47560501],
       [0.        , 0.49274367],
       [0.        , 0.49417058],
       [0.        , 0.494874  ],
       [0.        , 0.5014888 ],
       [0.        , 0.50319093],
       [0.        , 0.50553972],
       [0.        , 0.51021928],
       [0.        , 0.51280475],
       [0.        , 0.53446275],
       [0.        , 0.53487867],
       [0.        , 0.54428726],
       [0.        , 0.54872704],
       [0.        , 0.56006187],
       [0.        , 0.5601083 ],
       [0.        , 0.56347179],
       [0.        , 0.56363392],
       [0.        , 0.56529474],
       [0.        , 0.56674522],
       [0.        , 0.57141787],
       [0.        , 0.57274997],
       [0.        , 0.57797819],
       [0.        , 0.5799017 ],
       [0.        , 0.58419937],
       [0.        , 0.58724385],
       [0.        , 0.59745759],
       [0.        , 0.60134113],
       [0.        , 0.61333555],
       [0.        , 0.61497611],
       [0.        , 0.61858058],
       [0.        , 0.62542242],
       [0.        , 0.62698603],
       [0.        , 0.62757993],
       [0.        , 0.63213915],
       [0.        , 0.63266665],
       [0.        , 0.6342932 ],
       [0.        , 0.63485289],
       [0.        , 0.63600558],
       [0.        , 0.64312124],
       [0.        , 0.64323443],
       [0.        , 0.645657  ],
       [0.        , 0.64630258],
       [0.        , 0.6466158 ],
       [0.        , 0.64757138],
       [0.        , 0.64775366],
       [0.        , 0.64780909],
       [0.        , 0.64790231],
       [0.        , 0.65118778],
       [0.        , 0.65546256],
       [0.        , 0.65659493],
       [0.        , 0.65692902],
       [0.        , 0.65707487],
       [0.        , 0.65737855],
       [0.        , 0.65898514],
       [0.        , 0.65967602],
       [0.        , 0.66006517],
       [0.        , 0.66130799],
       [0.        , 0.66186082],
       [0.        , 0.6627785 ],
       [0.        , 0.66337144],
       [0.        , 0.66571653],
       [0.        , 0.66821128],
       [0.        , 0.66962457],
       [0.        , 0.67013687],
       [0.        , 0.67158049],
       [0.        , 0.67352569],
       [0.        , 0.6739465 ],
       [0.        , 0.67832834],
       [0.        , 0.67909324],
       [0.        , 0.68003786],
       [0.        , 0.68216431],
       [0.        , 0.68223733],
       [0.        , 0.68478179],
       [0.        , 0.68721074],
       [0.        , 0.68769872],
       [0.        , 0.69037437],
       [0.        , 0.69811511],
       [0.        , 0.70018244],
       [0.        , 0.70035207],
       [0.        , 0.70050138],
       [0.        , 0.70067245],
       [0.        , 0.702061  ],
       [0.        , 0.70361441],
       [0.        , 0.7036615 ],
       [0.        , 0.70443803],
       [0.        , 0.70461494],
       [0.        , 0.70765209],
       [0.        , 0.70909816],
       [0.        , 0.71097296],
       [0.        , 0.71188736],
       [0.        , 0.71215898],
       [0.        , 0.71279788],
       [0.        , 0.71342611],
       [0.        , 0.71462029],
       [0.        , 0.71737885],
       [0.        , 0.7190125 ],
       [0.        , 0.71914786],
       [0.        , 0.71940768],
       [0.        , 0.71959531],
       [0.        , 0.71996498],
       [0.        , 0.72023147],
       [0.        , 0.72777003],
       [0.        , 0.72837371],
       [0.        , 0.73140281],
       [0.        , 0.73289543],
       [0.        , 0.73337263],
       [0.        , 0.73505795],
       [0.        , 0.73770428],
       [0.        , 0.73798889],
       [0.        , 0.74034178],
       [0.        , 0.74262482],
       [0.        , 0.7428205 ],
       [0.        , 0.74407691],
       [0.        , 0.74709332],
       [0.        , 0.7480827 ],
       [0.        , 0.74853253],
       [0.        , 0.74969196],
       [0.        , 0.75153995],
       [0.        , 0.7549476 ],
       [0.        , 0.75680184],
       [0.        , 0.75798702],
       [0.        , 0.76056904],
       [0.        , 0.76084822],
       [0.        , 0.76220125],
       [0.        , 0.76597565],
       [0.        , 0.76948744],
       [0.        , 0.76957768],
       [0.        , 0.7707324 ],
       [0.        , 0.77819431],
       [0.        , 0.77823973],
       [0.        , 0.78219372],
       [0.        , 0.78470248],
       [0.        , 0.78854907],
       [0.        , 0.789738  ],
       [0.        , 0.79158801],
       [0.        , 0.79396451],
       [0.        , 0.79423696],
       [0.        , 0.79482806],
       [0.        , 0.79686266],
       [0.        , 0.7976405 ],
       [0.        , 0.79987377],
       [0.        , 0.80844301],
       [0.        , 0.81434041],
       [0.        , 0.8163026 ],
       [0.        , 0.81741732],
       [0.        , 0.82357627],
       [0.        , 0.82523495],
       [0.        , 0.8252539 ],
       [0.        , 0.8269285 ],
       [0.        , 0.84352642],
       [0.        , 0.84584397],
       [0.        , 0.84983301],
       [0.        , 0.85187423],
       [0.        ,        inf]]), array([[0.50763631, 0.54831183],
       [0.49441165, 0.54254514]])]",True
120,0.8498784899711609,0.010960221290588379,0.6335410336653392,88.9,4.7666025578804465,1,0.0018787682056427002,0.0018787682056427002,0.0018787682056427002,0.98,-0.0,"[array([[0.        , 0.36035633],
       [0.        , 0.38544127],
       [0.        , 0.38715273],
       [0.        , 0.39394933],
       [0.        , 0.40142474],
       [0.        , 0.4024018 ],
       [0.        , 0.41721967],
       [0.        , 0.41882491],
       [0.        , 0.4200452 ],
       [0.        , 0.42704388],
       [0.        , 0.42880875],
       [0.        , 0.43057579],
       [0.        , 0.43742695],
       [0.        , 0.43905649],
       [0.        , 0.4407419 ],
       [0.        , 0.44131434],
       [0.        , 0.45158815],
       [0.        , 0.45816064],
       [0.        , 0.46668717],
       [0.        , 0.46972904],
       [0.        , 0.47560501],
       [0.        , 0.49441165],
       [0.        , 0.49534121],
       [0.        , 0.49657497],
       [0.        , 0.49915579],
       [0.        , 0.49965605],
       [0.        , 0.50218195],
       [0.        , 0.50319093],
       [0.        , 0.50763631],
       [0.        , 0.52250391],
       [0.        , 0.52275991],
       [0.        , 0.5237363 ],
       [0.        , 0.5601083 ],
       [0.        , 0.56347179],
       [0.        , 0.5687381 ],
       [0.        , 0.57204515],
       [0.        , 0.58092135],
       [0.        , 0.58370185],
       [0.        , 0.58518332],
       [0.        , 0.59764981],
       [0.        , 0.59774822],
       [0.        , 0.60288012],
       [0.        , 0.60397613],
       [0.        , 0.60958642],
       [0.        , 0.613006  ],
       [0.        , 0.61302096],
       [0.        , 0.61608994],
       [0.        , 0.62934804],
       [0.        , 0.62971807],
       [0.        , 0.63761818],
       [0.        , 0.64121574],
       [0.        , 0.64712054],
       [0.        , 0.65225685],
       [0.        , 0.65377343],
       [0.        , 0.65585828],
       [0.        , 0.65707487],
       [0.        , 0.65871638],
       [0.        , 0.66044641],
       [0.        , 0.66082346],
       [0.        , 0.66090995],
       [0.        , 0.6652    ],
       [0.        , 0.66752344],
       [0.        , 0.66877556],
       [0.        , 0.66880035],
       [0.        , 0.67116433],
       [0.        , 0.67204338],
       [0.        , 0.67501163],
       [0.        , 0.67865342],
       [0.        , 0.68003786],
       [0.        , 0.68410748],
       [0.        , 0.68593484],
       [0.        , 0.68616492],
       [0.        , 0.68721014],
       [0.        , 0.68761957],
       [0.        , 0.68777019],
       [0.        , 0.69009161],
       [0.        , 0.69437301],
       [0.        , 0.69495112],
       [0.        , 0.69529951],
       [0.        , 0.6955657 ],
       [0.        , 0.7012139 ],
       [0.        , 0.70564771],
       [0.        , 0.70623797],
       [0.        , 0.70848179],
       [0.        , 0.713323  ],
       [0.        , 0.71351689],
       [0.        , 0.71745729],
       [0.        , 0.7204631 ],
       [0.        , 0.72229069],
       [0.        , 0.72866625],
       [0.        , 0.73208857],
       [0.        , 0.74265599],
       [0.        , 0.7486248 ],
       [0.        , 0.74966681],
       [0.        , 0.75469291],
       [0.        , 0.75909042],
       [0.        , 0.75971699],
       [0.        , 0.76150686],
       [0.        , 0.76306897],
       [0.        , 0.76479298],
       [0.        , 0.7653687 ],
       [0.        , 0.76597565],
       [0.        , 0.76617402],
       [0.        , 0.76649565],
       [0.        , 0.76989871],
       [0.        , 0.77328742],
       [0.        , 0.77349925],
       [0.        , 0.77701223],
       [0.        , 0.77796662],
       [0.        , 0.7913118 ],
       [0.        , 0.79300898],
       [0.        , 0.79444474],
       [0.        , 0.7956745 ],
       [0.        , 0.79976976],
       [0.        , 0.81380236],
       [0.        , 0.81978029],
       [0.        , 0.82415462],
       [0.        , 0.82528931],
       [0.        , 0.83891827],
       [0.        , 0.84987849],
       [0.        ,        inf]]), array([[0.45820966, 0.46008843]])]",False
57,0.8454541563987732,0.015872538089752197,0.6106583653834828,40.92,4.019291572838353,3,0.012596756219863892,0.010055392980575562,0.005672295888264974,0.22,0.7499102470103381,"[array([[0.        , 0.37337586],
       [0.        , 0.38715273],
       [0.        , 0.39394933],
       [0.        , 0.41488308],
       [0.        , 0.41882491],
       [0.        , 0.4200452 ],
       [0.        , 0.42704388],
       [0.        , 0.43425018],
       [0.        , 0.43726656],
       [0.        , 0.43742695],
       [0.        , 0.4407419 ],
       [0.        , 0.44134226],
       [0.        , 0.47109911],
       [0.        , 0.48856062],
       [0.        , 0.49441165],
       [0.        , 0.50319093],
       [0.        , 0.50763631],
       [0.        , 0.51019049],
       [0.        , 0.5459165 ],
       [0.        , 0.5601083 ],
       [0.        , 0.56347179],
       [0.        , 0.5904246 ],
       [0.        , 0.59401685],
       [0.        , 0.59764981],
       [0.        , 0.60930002],
       [0.        , 0.62417752],
       [0.        , 0.62778896],
       [0.        , 0.63213915],
       [0.        , 0.63437635],
       [0.        , 0.63804781],
       [0.        , 0.64271283],
       [0.        , 0.64312124],
       [0.        , 0.65219593],
       [0.        , 0.65239954],
       [0.        , 0.66438282],
       [0.        , 0.68002725],
       [0.        , 0.68003786],
       [0.        , 0.68389875],
       [0.        , 0.68721074],
       [0.        , 0.68777621],
       [0.        , 0.69886506],
       [0.        , 0.70024103],
       [0.        , 0.71636444],
       [0.        , 0.71705091],
       [0.        , 0.72976381],
       [0.        , 0.7437669 ],
       [0.        , 0.74966681],
       [0.        , 0.75145006],
       [0.        , 0.76296699],
       [0.        , 0.76523238],
       [0.        , 0.76854318],
       [0.        , 0.77156967],
       [0.        , 0.7747345 ],
       [0.        , 0.77553844],
       [0.        , 0.8141641 ],
       [0.        , 0.82958162],
       [0.        , 0.84545416],
       [0.        ,        inf]]), array([[0.53259647, 0.53513783],
       [0.48943576, 0.50203252],
       [0.45820966, 0.46008843]])]",True
60,0.8301247358322144,0.019578099250793457,0.5772593460977078,41.5,4.066077675079081,1,0.0039871931076049805,0.0039871931076049805,0.0039871931076049805,0.98,-0.0,"[array([[0.        , 0.22961016],
       [0.        , 0.36035633],
       [0.        , 0.38715273],
       [0.        , 0.39394933],
       [0.        , 0.4024018 ],
       [0.        , 0.41882491],
       [0.        , 0.4200452 ],
       [0.        , 0.42880875],
       [0.        , 0.43022469],
       [0.        , 0.43057579],
       [0.        , 0.43742695],
       [0.        , 0.43789533],
       [0.        , 0.43905649],
       [0.        , 0.4407419 ],
       [0.        , 0.44131434],
       [0.        , 0.45158815],
       [0.        , 0.46611732],
       [0.        , 0.46668717],
       [0.        , 0.48419163],
       [0.        , 0.49303174],
       [0.        , 0.49441165],
       [0.        , 0.50319093],
       [0.        , 0.50763631],
       [0.        , 0.51019049],
       [0.        , 0.52640349],
       [0.        , 0.53446275],
       [0.        , 0.54872704],
       [0.        , 0.5601083 ],
       [0.        , 0.56347179],
       [0.        , 0.58092135],
       [0.        , 0.58833694],
       [0.        , 0.59658366],
       [0.        , 0.613006  ],
       [0.        , 0.61897296],
       [0.        , 0.63213915],
       [0.        , 0.64312124],
       [0.        , 0.65219593],
       [0.        , 0.65410894],
       [0.        , 0.65707487],
       [0.        , 0.66752344],
       [0.        , 0.67013687],
       [0.        , 0.67144722],
       [0.        , 0.67348361],
       [0.        , 0.67754841],
       [0.        , 0.67976516],
       [0.        , 0.68002725],
       [0.        , 0.68003786],
       [0.        , 0.68465328],
       [0.        , 0.68639606],
       [0.        , 0.7012139 ],
       [0.        , 0.70182657],
       [0.        , 0.74966681],
       [0.        , 0.75469291],
       [0.        , 0.76757449],
       [0.        , 0.77291811],
       [0.        , 0.77349925],
       [0.        , 0.77559227],
       [0.        , 0.78182143],
       [0.        , 0.81054664],
       [0.        , 0.83012474],
       [0.        ,        inf]]), array([[0.50803167, 0.51201886]])]",True
71,0.8489511609077454,0.009074509143829346,0.6275947631244928,52.14,4.238825461890843,0,0.0,0.0,0.0,0.0,0.0,"[array([[0.        , 0.36035633],
       [0.        , 0.37337586],
       [0.        , 0.38715273],
       [0.        , 0.40142474],
       [0.        , 0.41499496],
       [0.        , 0.41882491],
       [0.        , 0.4200452 ],
       [0.        , 0.42880875],
       [0.        , 0.43022469],
       [0.        , 0.43742695],
       [0.        , 0.43789533],
       [0.        , 0.4407419 ],
       [0.        , 0.44131434],
       [0.        , 0.45816064],
       [0.        , 0.46210781],
       [0.        , 0.49441165],
       [0.        , 0.50319093],
       [0.        , 0.50763631],
       [0.        , 0.5141263 ],
       [0.        , 0.53446275],
       [0.        , 0.5601083 ],
       [0.        , 0.56347179],
       [0.        , 0.5712254 ],
       [0.        , 0.57406068],
       [0.        , 0.58092135],
       [0.        , 0.59348238],
       [0.        , 0.60762435],
       [0.        , 0.613006  ],
       [0.        , 0.62687325],
       [0.        , 0.64221716],
       [0.        , 0.64312124],
       [0.        , 0.64701724],
       [0.        , 0.6562044 ],
       [0.        , 0.65675479],
       [0.        , 0.65707487],
       [0.        , 0.65918511],
       [0.        , 0.66197127],
       [0.        , 0.66752344],
       [0.        , 0.66886812],
       [0.        , 0.67116433],
       [0.        , 0.67501163],
       [0.        , 0.67548895],
       [0.        , 0.67629546],
       [0.        , 0.68003786],
       [0.        , 0.69296765],
       [0.        , 0.69393569],
       [0.        , 0.69407547],
       [0.        , 0.69862539],
       [0.        , 0.7012139 ],
       [0.        , 0.70498931],
       [0.        , 0.7161622 ],
       [0.        , 0.72039664],
       [0.        , 0.73518509],
       [0.        , 0.73885781],
       [0.        , 0.74231666],
       [0.        , 0.74966681],
       [0.        , 0.75145006],
       [0.        , 0.75469291],
       [0.        , 0.75840926],
       [0.        , 0.76649565],
       [0.        , 0.77349925],
       [0.        , 0.7742669 ],
       [0.        , 0.77461928],
       [0.        , 0.79133761],
       [0.        , 0.79486299],
       [0.        , 0.80538625],
       [0.        , 0.80578452],
       [0.        , 0.806229  ],
       [0.        , 0.82958162],
       [0.        , 0.83987665],
       [0.        , 0.84895116],
       [0.        ,        inf]]), array([], shape=(0, 2), dtype=float64)]",True
150,0.8810198307037354,0.035175859928131104,0.635144994656245,107.48,4.992679003308993,1,0.03289109468460083,0.03289109468460083,0.03289109468460083,0.98,-0.0,"[array([[0.        , 0.37337586],
       [0.        , 0.38544127],
       [0.        , 0.38715273],
       [0.        , 0.4024018 ],
       [0.        , 0.41499496],
       [0.        , 0.41882491],
       [0.        , 0.4200452 ],
       [0.        , 0.4210099 ],
       [0.        , 0.42880875],
       [0.        , 0.43057579],
       [0.        , 0.43584964],
       [0.        , 0.43742695],
       [0.        , 0.43789533],
       [0.        , 0.43905649],
       [0.        , 0.4407419 ],
       [0.        , 0.44131434],
       [0.        , 0.44134226],
       [0.        , 0.44725445],
       [0.        , 0.45158815],
       [0.        , 0.45816064],
       [0.        , 0.45996878],
       [0.        , 0.46210781],
       [0.        , 0.46928936],
       [0.        , 0.47358829],
       [0.        , 0.47560501],
       [0.        , 0.49441165],
       [0.        , 0.494874  ],
       [0.        , 0.5014888 ],
       [0.        , 0.50319093],
       [0.        , 0.50763631],
       [0.        , 0.51280475],
       [0.        , 0.5237363 ],
       [0.        , 0.53487867],
       [0.        , 0.54417998],
       [0.        , 0.54428726],
       [0.        , 0.55675238],
       [0.        , 0.56006187],
       [0.        , 0.5601083 ],
       [0.        , 0.56347179],
       [0.        , 0.56474632],
       [0.        , 0.56529474],
       [0.        , 0.56674522],
       [0.        , 0.57141787],
       [0.        , 0.57976049],
       [0.        , 0.5799017 ],
       [0.        , 0.58527631],
       [0.        , 0.58724385],
       [0.        , 0.59622848],
       [0.        , 0.59745759],
       [0.        , 0.60134113],
       [0.        , 0.60249782],
       [0.        , 0.61497611],
       [0.        , 0.61545843],
       [0.        , 0.61858058],
       [0.        , 0.62542242],
       [0.        , 0.62698603],
       [0.        , 0.62757993],
       [0.        , 0.63001907],
       [0.        , 0.63213915],
       [0.        , 0.63266665],
       [0.        , 0.6342932 ],
       [0.        , 0.63485289],
       [0.        , 0.63589954],
       [0.        , 0.64323443],
       [0.        , 0.645657  ],
       [0.        , 0.64630258],
       [0.        , 0.64757138],
       [0.        , 0.64780909],
       [0.        , 0.64790231],
       [0.        , 0.65118778],
       [0.        , 0.65532792],
       [0.        , 0.65546256],
       [0.        , 0.65659493],
       [0.        , 0.65692902],
       [0.        , 0.65707487],
       [0.        , 0.65737855],
       [0.        , 0.65898514],
       [0.        , 0.65967602],
       [0.        , 0.66027415],
       [0.        , 0.66043073],
       [0.        , 0.66186082],
       [0.        , 0.66436255],
       [0.        , 0.66571653],
       [0.        , 0.66668147],
       [0.        , 0.6680519 ],
       [0.        , 0.66929483],
       [0.        , 0.67013687],
       [0.        , 0.6739465 ],
       [0.        , 0.67832834],
       [0.        , 0.68003786],
       [0.        , 0.68216431],
       [0.        , 0.68268132],
       [0.        , 0.68721074],
       [0.        , 0.69299561],
       [0.        , 0.69377327],
       [0.        , 0.69684774],
       [0.        , 0.70018244],
       [0.        , 0.70035207],
       [0.        , 0.70050138],
       [0.        , 0.70067245],
       [0.        , 0.702061  ],
       [0.        , 0.70361441],
       [0.        , 0.7036615 ],
       [0.        , 0.70461494],
       [0.        , 0.70987576],
       [0.        , 0.71097296],
       [0.        , 0.71215898],
       [0.        , 0.71462029],
       [0.        , 0.71483427],
       [0.        , 0.71737885],
       [0.        , 0.7190125 ],
       [0.        , 0.71914786],
       [0.        , 0.71940768],
       [0.        , 0.71959531],
       [0.        , 0.71996498],
       [0.        , 0.72368145],
       [0.        , 0.72777003],
       [0.        , 0.72837371],
       [0.        , 0.73337263],
       [0.        , 0.73505795],
       [0.        , 0.74262482],
       [0.        , 0.7428205 ],
       [0.        , 0.74709332],
       [0.        , 0.74853253],
       [0.        , 0.74969196],
       [0.        , 0.75081015],
       [0.        , 0.75153995],
       [0.        , 0.7549476 ],
       [0.        , 0.75680184],
       [0.        , 0.76056904],
       [0.        , 0.76220125],
       [0.        , 0.76564294],
       [0.        , 0.76948744],
       [0.        , 0.76957768],
       [0.        , 0.7707324 ],
       [0.        , 0.77823973],
       [0.        , 0.78219372],
       [0.        , 0.78470248],
       [0.        , 0.78854907],
       [0.        , 0.789738  ],
       [0.        , 0.79158801],
       [0.        , 0.79396451],
       [0.        , 0.79423696],
       [0.        , 0.79482806],
       [0.        , 0.7976405 ],
       [0.        , 0.79987377],
       [0.        , 0.81741732],
       [0.        , 0.82357627],
       [0.        , 0.84584397],
       [0.        , 0.88101983],
       [0.        ,        inf]]), array([[0.50720167, 0.54009277]])]",True
121,0.8630319833755493,0.024113714694976807,0.636734571092385,88.72,4.7770704452658155,1,0.0018787682056427002,0.0018787682056427002,0.0018787682056427002,0.98,-0.0,"[array([[0.        , 0.38544127],
       [0.        , 0.38715273],
       [0.        , 0.39394933],
       [0.        , 0.4024018 ],
       [0.        , 0.41882491],
       [0.        , 0.4200452 ],
       [0.        , 0.42575854],
       [0.        , 0.42704388],
       [0.        , 0.42880875],
       [0.        , 0.43057579],
       [0.        , 0.43425018],
       [0.        , 0.43726656],
       [0.        , 0.43742695],
       [0.        , 0.4407419 ],
       [0.        , 0.44134226],
       [0.        , 0.45158815],
       [0.        , 0.45816064],
       [0.        , 0.46668717],
       [0.        , 0.46972904],
       [0.        , 0.47109911],
       [0.        , 0.49441165],
       [0.        , 0.49657497],
       [0.        , 0.50319093],
       [0.        , 0.50763631],
       [0.        , 0.50791371],
       [0.        , 0.51199019],
       [0.        , 0.52250391],
       [0.        , 0.52275991],
       [0.        , 0.5237363 ],
       [0.        , 0.5601083 ],
       [0.        , 0.56347179],
       [0.        , 0.56529474],
       [0.        , 0.5684827 ],
       [0.        , 0.57327157],
       [0.        , 0.58031464],
       [0.        , 0.58370185],
       [0.        , 0.59158057],
       [0.        , 0.59401685],
       [0.        , 0.59622848],
       [0.        , 0.59764981],
       [0.        , 0.60134113],
       [0.        , 0.61608994],
       [0.        , 0.62417752],
       [0.        , 0.62892145],
       [0.        , 0.62971807],
       [0.        , 0.63001907],
       [0.        , 0.63804781],
       [0.        , 0.63900375],
       [0.        , 0.63909513],
       [0.        , 0.64047289],
       [0.        , 0.64121574],
       [0.        , 0.64271283],
       [0.        , 0.64360398],
       [0.        , 0.65323168],
       [0.        , 0.65377343],
       [0.        , 0.65637314],
       [0.        , 0.65871638],
       [0.        , 0.65898514],
       [0.        , 0.66082346],
       [0.        , 0.66090995],
       [0.        , 0.66436255],
       [0.        , 0.66616791],
       [0.        , 0.66850466],
       [0.        , 0.66877556],
       [0.        , 0.66957307],
       [0.        , 0.67204338],
       [0.        , 0.67264503],
       [0.        , 0.67583001],
       [0.        , 0.67865342],
       [0.        , 0.68003786],
       [0.        , 0.68268132],
       [0.        , 0.68593484],
       [0.        , 0.68637198],
       [0.        , 0.68721014],
       [0.        , 0.68761957],
       [0.        , 0.68777019],
       [0.        , 0.69009161],
       [0.        , 0.69123453],
       [0.        , 0.69211817],
       [0.        , 0.69437301],
       [0.        , 0.69539779],
       [0.        , 0.6955657 ],
       [0.        , 0.69684774],
       [0.        , 0.70564771],
       [0.        , 0.70611203],
       [0.        , 0.70623797],
       [0.        , 0.70848179],
       [0.        , 0.70987576],
       [0.        , 0.71351689],
       [0.        , 0.7204631 ],
       [0.        , 0.72091341],
       [0.        , 0.72229069],
       [0.        , 0.72352958],
       [0.        , 0.72455174],
       [0.        , 0.72866625],
       [0.        , 0.73208857],
       [0.        , 0.73249155],
       [0.        , 0.7396698 ],
       [0.        , 0.74265599],
       [0.        , 0.7486248 ],
       [0.        , 0.74944401],
       [0.        , 0.75145006],
       [0.        , 0.75469291],
       [0.        , 0.76149541],
       [0.        , 0.76306897],
       [0.        , 0.76479298],
       [0.        , 0.76617402],
       [0.        , 0.76649565],
       [0.        , 0.7747345 ],
       [0.        , 0.7913118 ],
       [0.        , 0.79408824],
       [0.        , 0.7956745 ],
       [0.        , 0.79976976],
       [0.        , 0.8141641 ],
       [0.        , 0.81691831],
       [0.        , 0.81801289],
       [0.        , 0.81978029],
       [0.        , 0.82528931],
       [0.        , 0.82958162],
       [0.        , 0.83891827],
       [0.        , 0.86303198],
       [0.        ,        inf]]), array([[0.45820966, 0.46008843]])]",True
62,0.8645026683807373,0.020671546459197998,0.6059504223446692,43.12,4.104562635916415,1,0.03884565830230713,0.03884565830230713,0.03884565830230713,0.98,-0.0,"[array([[0.        , 0.37337586],
       [0.        , 0.38715273],
       [0.        , 0.4024018 ],
       [0.        , 0.41812924],
       [0.        , 0.41882491],
       [0.        , 0.4200452 ],
       [0.        , 0.43742695],
       [0.        , 0.4407419 ],
       [0.        , 0.44131434],
       [0.        , 0.45158815],
       [0.        , 0.45816064],
       [0.        , 0.46210781],
       [0.        , 0.48943576],
       [0.        , 0.48953468],
       [0.        , 0.49441165],
       [0.        , 0.50319093],
       [0.        , 0.50763631],
       [0.        , 0.5141263 ],
       [0.        , 0.53446275],
       [0.        , 0.53452533],
       [0.        , 0.53689641],
       [0.        , 0.53742576],
       [0.        , 0.54428726],
       [0.        , 0.5601083 ],
       [0.        , 0.56347179],
       [0.        , 0.57406068],
       [0.        , 0.57815135],
       [0.        , 0.58092135],
       [0.        , 0.58206582],
       [0.        , 0.5874216 ],
       [0.        , 0.58881354],
       [0.        , 0.5895443 ],
       [0.        , 0.613006  ],
       [0.        , 0.61608994],
       [0.        , 0.62093544],
       [0.        , 0.62694639],
       [0.        , 0.65707487],
       [0.        , 0.66752344],
       [0.        , 0.66798931],
       [0.        , 0.67197263],
       [0.        , 0.67501163],
       [0.        , 0.68003786],
       [0.        , 0.6803174 ],
       [0.        , 0.6908102 ],
       [0.        , 0.69862539],
       [0.        , 0.7012139 ],
       [0.        , 0.70511675],
       [0.        , 0.7088598 ],
       [0.        , 0.71385914],
       [0.        , 0.71741712],
       [0.        , 0.72457093],
       [0.        , 0.74235755],
       [0.        , 0.74966681],
       [0.        , 0.75469291],
       [0.        , 0.7653687 ],
       [0.        , 0.77349925],
       [0.        , 0.77461928],
       [0.        , 0.79133761],
       [0.        , 0.8336609 ],
       [0.        , 0.83624983],
       [0.        , 0.84383112],
       [0.        , 0.86450267],
       [0.        ,        inf]]), array([[0.50369948, 0.54254514]])]",True
114,0.8655701875686646,0.011377990245819092,0.6069626209505817,79.44,4.711993315807595,5,0.03289109468460083,0.01122969388961792,0.014659625291824342,0.68,1.3004059506366312,"[array([[0.        , 0.37337586],
       [0.        , 0.37973139],
       [0.        , 0.38143098],
       [0.        , 0.38544127],
       [0.        , 0.38715273],
       [0.        , 0.39394933],
       [0.        , 0.39535582],
       [0.        , 0.40142474],
       [0.        , 0.4024018 ],
       [0.        , 0.41499496],
       [0.        , 0.4200452 ],
       [0.        , 0.42704388],
       [0.        , 0.42880875],
       [0.        , 0.43057579],
       [0.        , 0.43425018],
       [0.        , 0.43726656],
       [0.        , 0.43742695],
       [0.        , 0.43869025],
       [0.        , 0.43905649],
       [0.        , 0.4407419 ],
       [0.        , 0.44395688],
       [0.        , 0.44808313],
       [0.        , 0.45158815],
       [0.        , 0.45618039],
       [0.        , 0.46154895],
       [0.        , 0.46210781],
       [0.        , 0.46611732],
       [0.        , 0.4668766 ],
       [0.        , 0.46972904],
       [0.        , 0.47109911],
       [0.        , 0.48639411],
       [0.        , 0.49441165],
       [0.        , 0.49944043],
       [0.        , 0.50763631],
       [0.        , 0.51477194],
       [0.        , 0.51773721],
       [0.        , 0.52021313],
       [0.        , 0.53446275],
       [0.        , 0.53452533],
       [0.        , 0.54516101],
       [0.        , 0.5601083 ],
       [0.        , 0.56347179],
       [0.        , 0.56363392],
       [0.        , 0.57581174],
       [0.        , 0.57753301],
       [0.        , 0.59660929],
       [0.        , 0.59716791],
       [0.        , 0.59774822],
       [0.        , 0.60374957],
       [0.        , 0.61080259],
       [0.        , 0.61718887],
       [0.        , 0.61792165],
       [0.        , 0.62934804],
       [0.        , 0.63213915],
       [0.        , 0.63345599],
       [0.        , 0.63381654],
       [0.        , 0.64045918],
       [0.        , 0.64198923],
       [0.        , 0.64312124],
       [0.        , 0.64412034],
       [0.        , 0.6499753 ],
       [0.        , 0.65275097],
       [0.        , 0.65433538],
       [0.        , 0.65931249],
       [0.        , 0.65985948],
       [0.        , 0.66044641],
       [0.        , 0.66158962],
       [0.        , 0.66724849],
       [0.        , 0.66821128],
       [0.        , 0.6683979 ],
       [0.        , 0.66879511],
       [0.        , 0.67158049],
       [0.        , 0.67204338],
       [0.        , 0.67468607],
       [0.        , 0.67961675],
       [0.        , 0.68003786],
       [0.        , 0.68100446],
       [0.        , 0.68205923],
       [0.        , 0.68616492],
       [0.        , 0.68646944],
       [0.        , 0.68900162],
       [0.        , 0.68991464],
       [0.        , 0.69110173],
       [0.        , 0.69399297],
       [0.        , 0.69954211],
       [0.        , 0.70234281],
       [0.        , 0.71128428],
       [0.        , 0.71545589],
       [0.        , 0.71682382],
       [0.        , 0.72050357],
       [0.        , 0.72139412],
       [0.        , 0.72613108],
       [0.        , 0.7322157 ],
       [0.        , 0.73289543],
       [0.        , 0.74297076],
       [0.        , 0.74546301],
       [0.        , 0.748959  ],
       [0.        , 0.75007266],
       [0.        , 0.75213277],
       [0.        , 0.75469291],
       [0.        , 0.76523238],
       [0.        , 0.7653687 ],
       [0.        , 0.77038276],
       [0.        , 0.77747405],
       [0.        , 0.7782464 ],
       [0.        , 0.77895993],
       [0.        , 0.7794314 ],
       [0.        , 0.78036356],
       [0.        , 0.78483856],
       [0.        , 0.79444474],
       [0.        , 0.84383112],
       [0.        , 0.85252422],
       [0.        , 0.8541922 ],
       [0.        , 0.86557019],
       [0.        ,        inf]]), array([[0.50720167, 0.54009277],
       [0.48856062, 0.49957094],
       [0.47355893, 0.49522033],
       [0.45820966, 0.46008843],
       [0.43346915, 0.43932569]])]",False
39,0.8491554260253906,0.010583639144897461,0.5961223695522699,27.24,3.6370073857673666,0,0.0,0.0,0.0,0.0,0.0,"[array([[0.        , 0.38715273],
       [0.        , 0.39394933],
       [0.        , 0.41882491],
       [0.        , 0.4200452 ],
       [0.        , 0.42880875],
       [0.        , 0.43057579],
       [0.        , 0.43742695],
       [0.        , 0.4407419 ],
       [0.        , 0.45158815],
       [0.        , 0.45698252],
       [0.        , 0.45816064],
       [0.        , 0.46668717],
       [0.        , 0.49441165],
       [0.        , 0.50319093],
       [0.        , 0.50763631],
       [0.        , 0.5237363 ],
       [0.        , 0.5601083 ],
       [0.        , 0.56347179],
       [0.        , 0.5778212 ],
       [0.        , 0.64312124],
       [0.        , 0.64701724],
       [0.        , 0.65105593],
       [0.        , 0.65219593],
       [0.        , 0.66044641],
       [0.        , 0.67158049],
       [0.        , 0.67352569],
       [0.        , 0.67455047],
       [0.        , 0.68003786],
       [0.        , 0.69005692],
       [0.        , 0.69893712],
       [0.        , 0.719069  ],
       [0.        , 0.74408603],
       [0.        , 0.7471022 ],
       [0.        , 0.74972463],
       [0.        , 0.759121  ],
       [0.        , 0.78170443],
       [0.        , 0.79639208],
       [0.        , 0.83857179],
       [0.        , 0.84915543],
       [0.        ,        inf]]), array([], shape=(0, 2), dtype=float64)]",False
66,0.8655701875686646,0.011377990245819092,0.5827355551900286,44.2,4.1584863014529425,4,0.0039871931076049805,0.0021084249019622803,0.0016195103526115417,0.1,0.9264861391954844,"[array([[0.        , 0.29917738],
       [0.        , 0.38715273],
       [0.        , 0.39394933],
       [0.        , 0.40142474],
       [0.        , 0.4024018 ],
       [0.        , 0.41882491],
       [0.        , 0.4200452 ],
       [0.        , 0.42704388],
       [0.        , 0.42880875],
       [0.        , 0.43022469],
       [0.        , 0.43057579],
       [0.        , 0.43425018],
       [0.        , 0.43726656],
       [0.        , 0.43742695],
       [0.        , 0.43789533],
       [0.        , 0.4407419 ],
       [0.        , 0.44377336],
       [0.        , 0.45158815],
       [0.        , 0.45618039],
       [0.        , 0.45816064],
       [0.        , 0.46101484],
       [0.        , 0.46210781],
       [0.        , 0.46668717],
       [0.        , 0.47109911],
       [0.        , 0.47798285],
       [0.        , 0.49441165],
       [0.        , 0.50319093],
       [0.        , 0.50763631],
       [0.        , 0.51475829],
       [0.        , 0.51773721],
       [0.        , 0.52437967],
       [0.        , 0.53487867],
       [0.        , 0.5601083 ],
       [0.        , 0.56347179],
       [0.        , 0.57141787],
       [0.        , 0.59605867],
       [0.        , 0.60245025],
       [0.        , 0.6280371 ],
       [0.        , 0.64211273],
       [0.        , 0.64792746],
       [0.        , 0.65056813],
       [0.        , 0.65844852],
       [0.        , 0.67158049],
       [0.        , 0.67264891],
       [0.        , 0.67515671],
       [0.        , 0.68003786],
       [0.        , 0.68477488],
       [0.        , 0.69927144],
       [0.        , 0.71212536],
       [0.        , 0.72338164],
       [0.        , 0.72462624],
       [0.        , 0.72577059],
       [0.        , 0.7325263 ],
       [0.        , 0.73254734],
       [0.        , 0.75469291],
       [0.        , 0.75768232],
       [0.        , 0.7653687 ],
       [0.        , 0.76597565],
       [0.        , 0.77268678],
       [0.        , 0.77747405],
       [0.        , 0.7852807 ],
       [0.        , 0.80097389],
       [0.        , 0.80145323],
       [0.        , 0.83135027],
       [0.        , 0.8541922 ],
       [0.        , 0.86557019],
       [0.        ,        inf]]), array([[0.53959662, 0.54009277],
       [0.50803167, 0.51201886],
       [0.46332914, 0.46344507],
       [0.45820966, 0.46008843]])]",False
50,0.8655701875686646,0.035988569259643555,0.5887524026632309,33.74,3.887504349342268,2,0.0039871931076049805,0.0021084249019622803,0.0029329806566238403,0.1,0.6270826574860846,"[array([[0.        , 0.38715273],
       [0.        , 0.39394933],
       [0.        , 0.41882491],
       [0.        , 0.4200452 ],
       [0.        , 0.42704388],
       [0.        , 0.43022469],
       [0.        , 0.43057579],
       [0.        , 0.43425018],
       [0.        , 0.43726656],
       [0.        , 0.43742695],
       [0.        , 0.4407419 ],
       [0.        , 0.44134226],
       [0.        , 0.46611732],
       [0.        , 0.47109911],
       [0.        , 0.48943576],
       [0.        , 0.49441165],
       [0.        , 0.50238061],
       [0.        , 0.50319093],
       [0.        , 0.50763631],
       [0.        , 0.51019049],
       [0.        , 0.53744721],
       [0.        , 0.5601083 ],
       [0.        , 0.56347179],
       [0.        , 0.5750457 ],
       [0.        , 0.58369076],
       [0.        , 0.58833694],
       [0.        , 0.600411  ],
       [0.        , 0.60374957],
       [0.        , 0.65275097],
       [0.        , 0.65433538],
       [0.        , 0.65737855],
       [0.        , 0.66821128],
       [0.        , 0.66879511],
       [0.        , 0.66880035],
       [0.        , 0.67158049],
       [0.        , 0.67314613],
       [0.        , 0.67470199],
       [0.        , 0.68003786],
       [0.        , 0.68205923],
       [0.        , 0.68639606],
       [0.        , 0.72232115],
       [0.        , 0.74546301],
       [0.        , 0.75007266],
       [0.        , 0.75145006],
       [0.        , 0.75211084],
       [0.        , 0.75469291],
       [0.        , 0.7653687 ],
       [0.        , 0.80722773],
       [0.        , 0.82958162],
       [0.        , 0.86557019],
       [0.        ,        inf]]), array([[0.50803167, 0.51201886],
       [0.45820966, 0.46008843]])]",False
60,0.8655701875686646,0.10020148754119873,0.5831962486108144,40.08,4.072486517095132,2,0.004353702068328857,0.0024749338626861572,0.003116235136985779,0.08,0.612086539765078,"[array([[0.        , 0.38715273],
       [0.        , 0.39394933],
       [0.        , 0.4024018 ],
       [0.        , 0.4200452 ],
       [0.        , 0.42704388],
       [0.        , 0.42880875],
       [0.        , 0.43425018],
       [0.        , 0.43726656],
       [0.        , 0.43742695],
       [0.        , 0.43905649],
       [0.        , 0.44034603],
       [0.        , 0.4407419 ],
       [0.        , 0.45158815],
       [0.        , 0.46057391],
       [0.        , 0.46611732],
       [0.        , 0.46668717],
       [0.        , 0.47109911],
       [0.        , 0.47358829],
       [0.        , 0.48419163],
       [0.        , 0.49303174],
       [0.        , 0.49441165],
       [0.        , 0.50319093],
       [0.        , 0.50375646],
       [0.        , 0.50763631],
       [0.        , 0.53744721],
       [0.        , 0.55515742],
       [0.        , 0.5601083 ],
       [0.        , 0.56347179],
       [0.        , 0.56363392],
       [0.        , 0.57141787],
       [0.        , 0.60374957],
       [0.        , 0.6256367 ],
       [0.        , 0.63111234],
       [0.        , 0.63213915],
       [0.        , 0.63467628],
       [0.        , 0.64312124],
       [0.        , 0.65275097],
       [0.        , 0.65433538],
       [0.        , 0.6627785 ],
       [0.        , 0.66348964],
       [0.        , 0.66542017],
       [0.        , 0.67040801],
       [0.        , 0.67549247],
       [0.        , 0.68003786],
       [0.        , 0.68205923],
       [0.        , 0.68236887],
       [0.        , 0.68544739],
       [0.        , 0.6858207 ],
       [0.        , 0.7049548 ],
       [0.        , 0.71580106],
       [0.        , 0.71820551],
       [0.        , 0.71870208],
       [0.        , 0.71986437],
       [0.        , 0.73406535],
       [0.        , 0.74840271],
       [0.        , 0.74963111],
       [0.        , 0.75007266],
       [0.        , 0.75469291],
       [0.        , 0.7653687 ],
       [0.        , 0.86557019],
       [0.        ,        inf]]), array([[0.54395813, 0.54831183],
       [0.45820966, 0.46008843]])]",True
165,0.8458439707756042,0.022267699241638184,0.6326264394052101,122.62,5.086807745993955,2,0.03289109468460083,0.021880775690078735,0.021950706839561462,0.84,0.5632084513420594,"[array([[0.        , 0.37337586],
       [0.        , 0.38544127],
       [0.        , 0.38715273],
       [0.        , 0.39394933],
       [0.        , 0.39535582],
       [0.        , 0.4024018 ],
       [0.        , 0.41011387],
       [0.        , 0.41499496],
       [0.        , 0.41882491],
       [0.        , 0.4200452 ],
       [0.        , 0.4210099 ],
       [0.        , 0.42880875],
       [0.        , 0.43057579],
       [0.        , 0.43425018],
       [0.        , 0.43584964],
       [0.        , 0.43726656],
       [0.        , 0.43742695],
       [0.        , 0.43789533],
       [0.        , 0.43905649],
       [0.        , 0.4407419 ],
       [0.        , 0.44134226],
       [0.        , 0.45158815],
       [0.        , 0.45816064],
       [0.        , 0.45996878],
       [0.        , 0.46210781],
       [0.        , 0.46611732],
       [0.        , 0.46928936],
       [0.        , 0.47109911],
       [0.        , 0.47358829],
       [0.        , 0.47560501],
       [0.        , 0.49441165],
       [0.        , 0.494874  ],
       [0.        , 0.5014888 ],
       [0.        , 0.50194788],
       [0.        , 0.50319093],
       [0.        , 0.50763631],
       [0.        , 0.51280475],
       [0.        , 0.51701277],
       [0.        , 0.51710719],
       [0.        , 0.5237363 ],
       [0.        , 0.53487867],
       [0.        , 0.54417998],
       [0.        , 0.54428726],
       [0.        , 0.56006187],
       [0.        , 0.5601083 ],
       [0.        , 0.56347179],
       [0.        , 0.56529474],
       [0.        , 0.56674522],
       [0.        , 0.56914806],
       [0.        , 0.57141787],
       [0.        , 0.5799017 ],
       [0.        , 0.58527631],
       [0.        , 0.58724385],
       [0.        , 0.59745759],
       [0.        , 0.60134113],
       [0.        , 0.61497611],
       [0.        , 0.61622989],
       [0.        , 0.61858058],
       [0.        , 0.61893368],
       [0.        , 0.62414104],
       [0.        , 0.62542242],
       [0.        , 0.62698603],
       [0.        , 0.62757993],
       [0.        , 0.63213915],
       [0.        , 0.63266665],
       [0.        , 0.63338673],
       [0.        , 0.6342932 ],
       [0.        , 0.63485289],
       [0.        , 0.63696837],
       [0.        , 0.64323443],
       [0.        , 0.645657  ],
       [0.        , 0.64630258],
       [0.        , 0.64757138],
       [0.        , 0.64780909],
       [0.        , 0.64790231],
       [0.        , 0.65013599],
       [0.        , 0.65118778],
       [0.        , 0.65532792],
       [0.        , 0.65546256],
       [0.        , 0.65659493],
       [0.        , 0.65692902],
       [0.        , 0.65707487],
       [0.        , 0.65737855],
       [0.        , 0.65771359],
       [0.        , 0.65898514],
       [0.        , 0.65967602],
       [0.        , 0.66186082],
       [0.        , 0.66571653],
       [0.        , 0.66668147],
       [0.        , 0.66880035],
       [0.        , 0.67013687],
       [0.        , 0.6701979 ],
       [0.        , 0.67339486],
       [0.        , 0.6739465 ],
       [0.        , 0.67728287],
       [0.        , 0.67832834],
       [0.        , 0.68003786],
       [0.        , 0.68216431],
       [0.        , 0.68480408],
       [0.        , 0.68721014],
       [0.        , 0.68721074],
       [0.        , 0.68833119],
       [0.        , 0.69299561],
       [0.        , 0.69338804],
       [0.        , 0.69550622],
       [0.        , 0.70018244],
       [0.        , 0.70035207],
       [0.        , 0.70050138],
       [0.        , 0.70067245],
       [0.        , 0.70170116],
       [0.        , 0.702061  ],
       [0.        , 0.70361441],
       [0.        , 0.7036615 ],
       [0.        , 0.70461494],
       [0.        , 0.71215898],
       [0.        , 0.71462029],
       [0.        , 0.71483427],
       [0.        , 0.71496212],
       [0.        , 0.71737885],
       [0.        , 0.71888655],
       [0.        , 0.7190125 ],
       [0.        , 0.71914786],
       [0.        , 0.71940768],
       [0.        , 0.71959531],
       [0.        , 0.71996498],
       [0.        , 0.72777003],
       [0.        , 0.72837371],
       [0.        , 0.73337263],
       [0.        , 0.73505795],
       [0.        , 0.74262482],
       [0.        , 0.7428205 ],
       [0.        , 0.74544716],
       [0.        , 0.74709332],
       [0.        , 0.74853253],
       [0.        , 0.74969196],
       [0.        , 0.75081015],
       [0.        , 0.75153995],
       [0.        , 0.7549476 ],
       [0.        , 0.75680184],
       [0.        , 0.76056904],
       [0.        , 0.7607829 ],
       [0.        , 0.76105404],
       [0.        , 0.76220125],
       [0.        , 0.76564294],
       [0.        , 0.76948744],
       [0.        , 0.76957768],
       [0.        , 0.7707324 ],
       [0.        , 0.77506471],
       [0.        , 0.77823973],
       [0.        , 0.77922875],
       [0.        , 0.78219372],
       [0.        , 0.78470248],
       [0.        , 0.78854907],
       [0.        , 0.78919417],
       [0.        , 0.789738  ],
       [0.        , 0.78983623],
       [0.        , 0.79158801],
       [0.        , 0.79396451],
       [0.        , 0.79423696],
       [0.        , 0.79427761],
       [0.        , 0.79482806],
       [0.        , 0.7976405 ],
       [0.        , 0.79987377],
       [0.        , 0.82357627],
       [0.        , 0.84584397],
       [0.        ,        inf]]), array([[0.50720167, 0.54009277],
       [0.48856062, 0.49957094]])]",True
98,0.8655701875686646,0.011377990245819092,0.6132656138162224,68.96,4.56144858646608,5,0.03289109468460083,0.021880775690078735,0.009976661205291748,0.6,0.9476379956322266,"[array([[0.        , 0.37337586],
       [0.        , 0.38715273],
       [0.        , 0.39394933],
       [0.        , 0.40142474],
       [0.        , 0.4024018 ],
       [0.        , 0.41499496],
       [0.        , 0.41882491],
       [0.        , 0.4200452 ],
       [0.        , 0.42704388],
       [0.        , 0.42880875],
       [0.        , 0.43022469],
       [0.        , 0.43057579],
       [0.        , 0.43346915],
       [0.        , 0.43742695],
       [0.        , 0.43869025],
       [0.        , 0.4407419 ],
       [0.        , 0.44131434],
       [0.        , 0.44377336],
       [0.        , 0.44396743],
       [0.        , 0.45618039],
       [0.        , 0.45816064],
       [0.        , 0.46788028],
       [0.        , 0.47109911],
       [0.        , 0.47355893],
       [0.        , 0.49441165],
       [0.        , 0.49944043],
       [0.        , 0.50763631],
       [0.        , 0.5105893 ],
       [0.        , 0.51477194],
       [0.        , 0.51773721],
       [0.        , 0.5237363 ],
       [0.        , 0.53452533],
       [0.        , 0.54417998],
       [0.        , 0.54492486],
       [0.        , 0.5601083 ],
       [0.        , 0.56347179],
       [0.        , 0.56363392],
       [0.        , 0.57753301],
       [0.        , 0.58527631],
       [0.        , 0.58723557],
       [0.        , 0.59053135],
       [0.        , 0.59692454],
       [0.        , 0.60245025],
       [0.        , 0.61718887],
       [0.        , 0.61792165],
       [0.        , 0.63213915],
       [0.        , 0.63381654],
       [0.        , 0.64792746],
       [0.        , 0.65099847],
       [0.        , 0.65226483],
       [0.        , 0.65532792],
       [0.        , 0.65737855],
       [0.        , 0.65850109],
       [0.        , 0.66158962],
       [0.        , 0.66668147],
       [0.        , 0.66821128],
       [0.        , 0.66879511],
       [0.        , 0.67158049],
       [0.        , 0.67307305],
       [0.        , 0.67961675],
       [0.        , 0.68003786],
       [0.        , 0.6803174 ],
       [0.        , 0.68100446],
       [0.        , 0.68900162],
       [0.        , 0.68991464],
       [0.        , 0.69177663],
       [0.        , 0.69299561],
       [0.        , 0.69399297],
       [0.        , 0.69927144],
       [0.        , 0.69954211],
       [0.        , 0.70476872],
       [0.        , 0.7049548 ],
       [0.        , 0.71128428],
       [0.        , 0.71483427],
       [0.        , 0.71545589],
       [0.        , 0.72139412],
       [0.        , 0.72338164],
       [0.        , 0.72613108],
       [0.        , 0.73254734],
       [0.        , 0.73289543],
       [0.        , 0.73333347],
       [0.        , 0.7442295 ],
       [0.        , 0.748959  ],
       [0.        , 0.75081015],
       [0.        , 0.75469291],
       [0.        , 0.75675446],
       [0.        , 0.7653687 ],
       [0.        , 0.76564294],
       [0.        , 0.77747405],
       [0.        , 0.78036356],
       [0.        , 0.78536606],
       [0.        , 0.80080795],
       [0.        , 0.80097389],
       [0.        , 0.80409026],
       [0.        , 0.8061583 ],
       [0.        , 0.85252422],
       [0.        , 0.8541922 ],
       [0.        , 0.86557019],
       [0.        ,        inf]]), array([[0.50803167, 0.51201886],
       [0.50720167, 0.54009277],
       [0.48856062, 0.49957094],
       [0.46332914, 0.46344507],
       [0.45820966, 0.46008843]])]",True
172,0.8776195645332336,0.014587581157684326,0.6506113463709521,126.68,5.130103676188171,2,0.03289109468460083,0.021880775690078735,0.021950706839561462,0.84,0.5632084513420594,"[array([[0.        , 0.37337586],
       [0.        , 0.38544127],
       [0.        , 0.38715273],
       [0.        , 0.39394933],
       [0.        , 0.4024018 ],
       [0.        , 0.41499496],
       [0.        , 0.41882491],
       [0.        , 0.4200452 ],
       [0.        , 0.4210099 ],
       [0.        , 0.42880875],
       [0.        , 0.43057579],
       [0.        , 0.43584964],
       [0.        , 0.43742695],
       [0.        , 0.43789533],
       [0.        , 0.43905649],
       [0.        , 0.4407419 ],
       [0.        , 0.44131434],
       [0.        , 0.44134226],
       [0.        , 0.45158815],
       [0.        , 0.45816064],
       [0.        , 0.45996878],
       [0.        , 0.46210781],
       [0.        , 0.47358829],
       [0.        , 0.47560501],
       [0.        , 0.49441165],
       [0.        , 0.494874  ],
       [0.        , 0.5014888 ],
       [0.        , 0.50319093],
       [0.        , 0.50763631],
       [0.        , 0.51199019],
       [0.        , 0.51280475],
       [0.        , 0.52275991],
       [0.        , 0.53487867],
       [0.        , 0.53939617],
       [0.        , 0.54428726],
       [0.        , 0.56006187],
       [0.        , 0.5601083 ],
       [0.        , 0.56347179],
       [0.        , 0.56529474],
       [0.        , 0.56674522],
       [0.        , 0.56914806],
       [0.        , 0.57141787],
       [0.        , 0.57836485],
       [0.        , 0.5799017 ],
       [0.        , 0.58469534],
       [0.        , 0.58724385],
       [0.        , 0.59745759],
       [0.        , 0.60062498],
       [0.        , 0.60134113],
       [0.        , 0.60374957],
       [0.        , 0.61497611],
       [0.        , 0.61858058],
       [0.        , 0.62417752],
       [0.        , 0.62542242],
       [0.        , 0.62698603],
       [0.        , 0.62757993],
       [0.        , 0.62892145],
       [0.        , 0.63213915],
       [0.        , 0.63266665],
       [0.        , 0.6342932 ],
       [0.        , 0.63485289],
       [0.        , 0.63909513],
       [0.        , 0.64047289],
       [0.        , 0.64323443],
       [0.        , 0.64360398],
       [0.        , 0.64486158],
       [0.        , 0.645657  ],
       [0.        , 0.64630258],
       [0.        , 0.64757138],
       [0.        , 0.64780909],
       [0.        , 0.64790231],
       [0.        , 0.65118778],
       [0.        , 0.65546256],
       [0.        , 0.65637314],
       [0.        , 0.65659493],
       [0.        , 0.65692902],
       [0.        , 0.65707487],
       [0.        , 0.65737855],
       [0.        , 0.65898514],
       [0.        , 0.65967602],
       [0.        , 0.66186082],
       [0.        , 0.66571653],
       [0.        , 0.66880035],
       [0.        , 0.66957307],
       [0.        , 0.67013687],
       [0.        , 0.67264503],
       [0.        , 0.6739465 ],
       [0.        , 0.67583001],
       [0.        , 0.67832834],
       [0.        , 0.67837924],
       [0.        , 0.68003786],
       [0.        , 0.68216431],
       [0.        , 0.68275172],
       [0.        , 0.68625969],
       [0.        , 0.68721074],
       [0.        , 0.68761957],
       [0.        , 0.69211817],
       [0.        , 0.69688755],
       [0.        , 0.70018244],
       [0.        , 0.70035207],
       [0.        , 0.70050138],
       [0.        , 0.70067245],
       [0.        , 0.702061  ],
       [0.        , 0.70361441],
       [0.        , 0.7036615 ],
       [0.        , 0.70461494],
       [0.        , 0.70611203],
       [0.        , 0.70794201],
       [0.        , 0.71021181],
       [0.        , 0.71071994],
       [0.        , 0.71097296],
       [0.        , 0.71215898],
       [0.        , 0.71462029],
       [0.        , 0.71688384],
       [0.        , 0.71737885],
       [0.        , 0.7190125 ],
       [0.        , 0.71914786],
       [0.        , 0.71920681],
       [0.        , 0.71940768],
       [0.        , 0.71959531],
       [0.        , 0.71996498],
       [0.        , 0.72352958],
       [0.        , 0.72455174],
       [0.        , 0.72777003],
       [0.        , 0.72837371],
       [0.        , 0.73090863],
       [0.        , 0.73091739],
       [0.        , 0.73249155],
       [0.        , 0.73337263],
       [0.        , 0.73350042],
       [0.        , 0.73505795],
       [0.        , 0.73847646],
       [0.        , 0.74155802],
       [0.        , 0.74159062],
       [0.        , 0.74262482],
       [0.        , 0.7428205 ],
       [0.        , 0.74287444],
       [0.        , 0.74709332],
       [0.        , 0.74853253],
       [0.        , 0.74969196],
       [0.        , 0.75153995],
       [0.        , 0.7549476 ],
       [0.        , 0.75680184],
       [0.        , 0.76056904],
       [0.        , 0.76149541],
       [0.        , 0.76220125],
       [0.        , 0.76398557],
       [0.        , 0.76948744],
       [0.        , 0.76957768],
       [0.        , 0.7707324 ],
       [0.        , 0.77823973],
       [0.        , 0.78219372],
       [0.        , 0.78470248],
       [0.        , 0.78854907],
       [0.        , 0.789738  ],
       [0.        , 0.79158801],
       [0.        , 0.79396451],
       [0.        , 0.79423696],
       [0.        , 0.79482806],
       [0.        , 0.7976405 ],
       [0.        , 0.79987377],
       [0.        , 0.79990369],
       [0.        , 0.80034947],
       [0.        , 0.80194283],
       [0.        , 0.81691831],
       [0.        , 0.81762254],
       [0.        , 0.81801289],
       [0.        , 0.82357627],
       [0.        , 0.83309847],
       [0.        , 0.84584397],
       [0.        , 0.86303198],
       [0.        , 0.87761956],
       [0.        ,        inf]]), array([[0.50720167, 0.54009277],
       [0.48856062, 0.49957094]])]",True
95,0.8489511609077454,0.010032892227172852,0.6311091492050572,70.2,4.532301761374861,0,0.0,0.0,0.0,0.0,0.0,"[array([[0.        , 0.36035633],
       [0.        , 0.38715273],
       [0.        , 0.39707401],
       [0.        , 0.40142474],
       [0.        , 0.4024018 ],
       [0.        , 0.41812924],
       [0.        , 0.41882491],
       [0.        , 0.4200452 ],
       [0.        , 0.42880875],
       [0.        , 0.43022469],
       [0.        , 0.43742695],
       [0.        , 0.43789533],
       [0.        , 0.4407419 ],
       [0.        , 0.44131434],
       [0.        , 0.45158815],
       [0.        , 0.45816064],
       [0.        , 0.46611732],
       [0.        , 0.46668717],
       [0.        , 0.46972904],
       [0.        , 0.49441165],
       [0.        , 0.50319093],
       [0.        , 0.50763631],
       [0.        , 0.5192036 ],
       [0.        , 0.52250391],
       [0.        , 0.5237363 ],
       [0.        , 0.53367281],
       [0.        , 0.54417998],
       [0.        , 0.55240875],
       [0.        , 0.5601083 ],
       [0.        , 0.56347179],
       [0.        , 0.57204515],
       [0.        , 0.58370185],
       [0.        , 0.59764981],
       [0.        , 0.60762435],
       [0.        , 0.61608994],
       [0.        , 0.62687325],
       [0.        , 0.62971807],
       [0.        , 0.64047289],
       [0.        , 0.64121574],
       [0.        , 0.65377343],
       [0.        , 0.6562044 ],
       [0.        , 0.65871638],
       [0.        , 0.65918511],
       [0.        , 0.66082346],
       [0.        , 0.66090995],
       [0.        , 0.66496235],
       [0.        , 0.66811621],
       [0.        , 0.66877556],
       [0.        , 0.66886812],
       [0.        , 0.67116433],
       [0.        , 0.67204338],
       [0.        , 0.67548895],
       [0.        , 0.67865342],
       [0.        , 0.68003786],
       [0.        , 0.6803174 ],
       [0.        , 0.68593484],
       [0.        , 0.68721014],
       [0.        , 0.68726552],
       [0.        , 0.68761957],
       [0.        , 0.68777019],
       [0.        , 0.68900162],
       [0.        , 0.69009161],
       [0.        , 0.69437301],
       [0.        , 0.6955657 ],
       [0.        , 0.69862539],
       [0.        , 0.70498931],
       [0.        , 0.70564771],
       [0.        , 0.70623797],
       [0.        , 0.70848179],
       [0.        , 0.71351689],
       [0.        , 0.7204631 ],
       [0.        , 0.72229069],
       [0.        , 0.72866625],
       [0.        , 0.73208857],
       [0.        , 0.73885781],
       [0.        , 0.73968571],
       [0.        , 0.74265599],
       [0.        , 0.7486248 ],
       [0.        , 0.75145006],
       [0.        , 0.75469291],
       [0.        , 0.76306897],
       [0.        , 0.76479298],
       [0.        , 0.76617402],
       [0.        , 0.7669512 ],
       [0.        , 0.7742669 ],
       [0.        , 0.7913118 ],
       [0.        , 0.79158604],
       [0.        , 0.7956745 ],
       [0.        , 0.79976976],
       [0.        , 0.80538625],
       [0.        , 0.81978029],
       [0.        , 0.82528931],
       [0.        , 0.82958162],
       [0.        , 0.83891827],
       [0.        , 0.84895116],
       [0.        ,        inf]]), array([], shape=(0, 2), dtype=float64)]",False
164,0.8489511609077454,0.0031071901321411133,0.6422892352793275,123.28,5.080790908726838,3,0.03884565830230713,0.029439330101013184,0.01658731698989868,0.3,0.6142759776665428,"[array([[0.        , 0.36035633],
       [0.        , 0.37337586],
       [0.        , 0.38544127],
       [0.        , 0.38715273],
       [0.        , 0.40142474],
       [0.        , 0.4024018 ],
       [0.        , 0.41499496],
       [0.        , 0.41812924],
       [0.        , 0.41882491],
       [0.        , 0.4200452 ],
       [0.        , 0.4210099 ],
       [0.        , 0.42880875],
       [0.        , 0.43584964],
       [0.        , 0.43742695],
       [0.        , 0.43789533],
       [0.        , 0.43905649],
       [0.        , 0.4407419 ],
       [0.        , 0.44131434],
       [0.        , 0.44134226],
       [0.        , 0.45008722],
       [0.        , 0.45158815],
       [0.        , 0.45816064],
       [0.        , 0.45996878],
       [0.        , 0.46210781],
       [0.        , 0.47358829],
       [0.        , 0.47560501],
       [0.        , 0.49441165],
       [0.        , 0.494874  ],
       [0.        , 0.49583212],
       [0.        , 0.5014888 ],
       [0.        , 0.50319093],
       [0.        , 0.50763631],
       [0.        , 0.51280475],
       [0.        , 0.5237363 ],
       [0.        , 0.53446275],
       [0.        , 0.53487867],
       [0.        , 0.54428726],
       [0.        , 0.55051845],
       [0.        , 0.56006187],
       [0.        , 0.5601083 ],
       [0.        , 0.56347179],
       [0.        , 0.56483924],
       [0.        , 0.56529474],
       [0.        , 0.56674522],
       [0.        , 0.57141787],
       [0.        , 0.57274997],
       [0.        , 0.57313639],
       [0.        , 0.5799017 ],
       [0.        , 0.58724385],
       [0.        , 0.59745759],
       [0.        , 0.59848309],
       [0.        , 0.60134113],
       [0.        , 0.60762435],
       [0.        , 0.61497611],
       [0.        , 0.61858058],
       [0.        , 0.62024575],
       [0.        , 0.62542242],
       [0.        , 0.62687325],
       [0.        , 0.62698603],
       [0.        , 0.62757993],
       [0.        , 0.63213915],
       [0.        , 0.63266665],
       [0.        , 0.6342932 ],
       [0.        , 0.63485289],
       [0.        , 0.64323443],
       [0.        , 0.645657  ],
       [0.        , 0.64630258],
       [0.        , 0.64668727],
       [0.        , 0.64757138],
       [0.        , 0.64780909],
       [0.        , 0.64790231],
       [0.        , 0.65118778],
       [0.        , 0.65546256],
       [0.        , 0.6562044 ],
       [0.        , 0.65659493],
       [0.        , 0.65692902],
       [0.        , 0.65707487],
       [0.        , 0.65737855],
       [0.        , 0.65898514],
       [0.        , 0.65918511],
       [0.        , 0.65967602],
       [0.        , 0.66186082],
       [0.        , 0.66189593],
       [0.        , 0.66571653],
       [0.        , 0.66880035],
       [0.        , 0.66909117],
       [0.        , 0.67013687],
       [0.        , 0.67116433],
       [0.        , 0.6739465 ],
       [0.        , 0.67548895],
       [0.        , 0.67832834],
       [0.        , 0.67968112],
       [0.        , 0.68003786],
       [0.        , 0.68216431],
       [0.        , 0.68218338],
       [0.        , 0.68586147],
       [0.        , 0.68721074],
       [0.        , 0.69416511],
       [0.        , 0.69862539],
       [0.        , 0.69870764],
       [0.        , 0.70018244],
       [0.        , 0.70035207],
       [0.        , 0.70050138],
       [0.        , 0.70067245],
       [0.        , 0.702061  ],
       [0.        , 0.70361441],
       [0.        , 0.7036615 ],
       [0.        , 0.70461494],
       [0.        , 0.70498931],
       [0.        , 0.71097296],
       [0.        , 0.71215898],
       [0.        , 0.71322924],
       [0.        , 0.71462029],
       [0.        , 0.71737885],
       [0.        , 0.7190125 ],
       [0.        , 0.71914786],
       [0.        , 0.71940768],
       [0.        , 0.71959531],
       [0.        , 0.71996498],
       [0.        , 0.72777003],
       [0.        , 0.72837371],
       [0.        , 0.73337263],
       [0.        , 0.73505795],
       [0.        , 0.73885781],
       [0.        , 0.74262482],
       [0.        , 0.7428205 ],
       [0.        , 0.74417025],
       [0.        , 0.74709332],
       [0.        , 0.74853253],
       [0.        , 0.74969196],
       [0.        , 0.75145006],
       [0.        , 0.75153995],
       [0.        , 0.7549476 ],
       [0.        , 0.75507647],
       [0.        , 0.75680184],
       [0.        , 0.76056904],
       [0.        , 0.76220125],
       [0.        , 0.76323813],
       [0.        , 0.76948744],
       [0.        , 0.76957768],
       [0.        , 0.7707324 ],
       [0.        , 0.7742669 ],
       [0.        , 0.77515787],
       [0.        , 0.77823973],
       [0.        , 0.78219372],
       [0.        , 0.78470248],
       [0.        , 0.78854907],
       [0.        , 0.789738  ],
       [0.        , 0.79158801],
       [0.        , 0.7926724 ],
       [0.        , 0.79396451],
       [0.        , 0.79423696],
       [0.        , 0.79482806],
       [0.        , 0.7976405 ],
       [0.        , 0.7996403 ],
       [0.        , 0.79987377],
       [0.        , 0.80538625],
       [0.        , 0.82357627],
       [0.        , 0.82405776],
       [0.        , 0.8246972 ],
       [0.        , 0.82769978],
       [0.        , 0.82958162],
       [0.        , 0.84584397],
       [0.        , 0.84895116],
       [0.        ,        inf]]), array([[0.66735816, 0.66886812],
       [0.51167417, 0.52108049],
       [0.50369948, 0.54254514]])]",True
160,0.8773775100708008,0.004550814628601074,0.6422038678079843,116.38,5.05504639618235,2,0.04067552089691162,0.0037736892700195312,0.038788676261901855,1.7,0.6919635837837033,"[array([[0.        , 0.36035633],
       [0.        , 0.37337586],
       [0.        , 0.38544127],
       [0.        , 0.38715273],
       [0.        , 0.4024018 ],
       [0.        , 0.41499496],
       [0.        , 0.41882491],
       [0.        , 0.4200452 ],
       [0.        , 0.4210099 ],
       [0.        , 0.42880875],
       [0.        , 0.43057579],
       [0.        , 0.43425018],
       [0.        , 0.43584964],
       [0.        , 0.43726656],
       [0.        , 0.43742695],
       [0.        , 0.43789533],
       [0.        , 0.43905649],
       [0.        , 0.44034603],
       [0.        , 0.4407419 ],
       [0.        , 0.44134226],
       [0.        , 0.45158815],
       [0.        , 0.45816064],
       [0.        , 0.45996878],
       [0.        , 0.46210781],
       [0.        , 0.47358829],
       [0.        , 0.47560501],
       [0.        , 0.49274367],
       [0.        , 0.49370015],
       [0.        , 0.49441165],
       [0.        , 0.494874  ],
       [0.        , 0.49657497],
       [0.        , 0.5014888 ],
       [0.        , 0.51280475],
       [0.        , 0.53446275],
       [0.        , 0.53487867],
       [0.        , 0.53851372],
       [0.        , 0.54417998],
       [0.        , 0.54428726],
       [0.        , 0.55051845],
       [0.        , 0.56006187],
       [0.        , 0.5601083 ],
       [0.        , 0.56347179],
       [0.        , 0.56363392],
       [0.        , 0.56529474],
       [0.        , 0.56674522],
       [0.        , 0.57136887],
       [0.        , 0.57141787],
       [0.        , 0.57274997],
       [0.        , 0.57581174],
       [0.        , 0.5799017 ],
       [0.        , 0.58539951],
       [0.        , 0.58724385],
       [0.        , 0.59745759],
       [0.        , 0.60134113],
       [0.        , 0.61497611],
       [0.        , 0.61858058],
       [0.        , 0.62542242],
       [0.        , 0.62698603],
       [0.        , 0.62757993],
       [0.        , 0.63213915],
       [0.        , 0.63266665],
       [0.        , 0.6342932 ],
       [0.        , 0.63485289],
       [0.        , 0.64023095],
       [0.        , 0.6407392 ],
       [0.        , 0.64312124],
       [0.        , 0.64323443],
       [0.        , 0.645657  ],
       [0.        , 0.64630258],
       [0.        , 0.64757138],
       [0.        , 0.64790231],
       [0.        , 0.65118778],
       [0.        , 0.65546256],
       [0.        , 0.65659493],
       [0.        , 0.65692902],
       [0.        , 0.65707487],
       [0.        , 0.65737855],
       [0.        , 0.65898514],
       [0.        , 0.65967602],
       [0.        , 0.66186082],
       [0.        , 0.6627785 ],
       [0.        , 0.66363138],
       [0.        , 0.66514945],
       [0.        , 0.66527545],
       [0.        , 0.66571653],
       [0.        , 0.6679396 ],
       [0.        , 0.6680519 ],
       [0.        , 0.6739465 ],
       [0.        , 0.67832834],
       [0.        , 0.68003786],
       [0.        , 0.68216431],
       [0.        , 0.68236887],
       [0.        , 0.68721074],
       [0.        , 0.68773246],
       [0.        , 0.69419235],
       [0.        , 0.69555575],
       [0.        , 0.70018244],
       [0.        , 0.70035207],
       [0.        , 0.70050138],
       [0.        , 0.70067245],
       [0.        , 0.702061  ],
       [0.        , 0.70361441],
       [0.        , 0.7036615 ],
       [0.        , 0.70461494],
       [0.        , 0.71097296],
       [0.        , 0.7117067 ],
       [0.        , 0.71215898],
       [0.        , 0.71279788],
       [0.        , 0.71287447],
       [0.        , 0.71462029],
       [0.        , 0.71737885],
       [0.        , 0.7190125 ],
       [0.        , 0.71914786],
       [0.        , 0.71959531],
       [0.        , 0.71996498],
       [0.        , 0.72777003],
       [0.        , 0.72837371],
       [0.        , 0.72875971],
       [0.        , 0.73325306],
       [0.        , 0.73337263],
       [0.        , 0.73505795],
       [0.        , 0.73770428],
       [0.        , 0.73798889],
       [0.        , 0.74262482],
       [0.        , 0.74709332],
       [0.        , 0.74853253],
       [0.        , 0.74969196],
       [0.        , 0.75153995],
       [0.        , 0.7549476 ],
       [0.        , 0.75680184],
       [0.        , 0.75798702],
       [0.        , 0.76056904],
       [0.        , 0.76157987],
       [0.        , 0.76220125],
       [0.        , 0.76948744],
       [0.        , 0.76957768],
       [0.        , 0.7707324 ],
       [0.        , 0.77823973],
       [0.        , 0.78219372],
       [0.        , 0.78470248],
       [0.        , 0.78711092],
       [0.        , 0.78854907],
       [0.        , 0.789738  ],
       [0.        , 0.79158801],
       [0.        , 0.79396451],
       [0.        , 0.79423696],
       [0.        , 0.79482806],
       [0.        , 0.7976405 ],
       [0.        , 0.79987377],
       [0.        , 0.80713242],
       [0.        , 0.8163026 ],
       [0.        , 0.82357627],
       [0.        , 0.8252539 ],
       [0.        , 0.83865422],
       [0.        , 0.84485531],
       [0.        , 0.84584397],
       [0.        , 0.8519932 ],
       [0.        , 0.85348493],
       [0.        , 0.8728267 ],
       [0.        , 0.87737751],
       [0.        ,        inf]]), array([[0.50763631, 0.54831183],
       [0.50319093, 0.54009277]])]",True
47,0.8000684976577759,0.002979099750518799,0.5939616281935509,34.66,3.828115414989749,2,0.0018787682056427002,0.0013826191425323486,0.0011874586343765259,0.04,0.5125117739415064,"[array([[0.        , 0.38715273],
       [0.        , 0.39394933],
       [0.        , 0.4024018 ],
       [0.        , 0.4200452 ],
       [0.        , 0.42704388],
       [0.        , 0.43057579],
       [0.        , 0.43742695],
       [0.        , 0.43905649],
       [0.        , 0.4407419 ],
       [0.        , 0.45158815],
       [0.        , 0.48943576],
       [0.        , 0.49303174],
       [0.        , 0.49441165],
       [0.        , 0.50319093],
       [0.        , 0.50763631],
       [0.        , 0.50803167],
       [0.        , 0.51019049],
       [0.        , 0.51475829],
       [0.        , 0.5601083 ],
       [0.        , 0.56347179],
       [0.        , 0.57141787],
       [0.        , 0.57611614],
       [0.        , 0.58138281],
       [0.        , 0.58833694],
       [0.        , 0.613006  ],
       [0.        , 0.61956197],
       [0.        , 0.62843573],
       [0.        , 0.67122942],
       [0.        , 0.67144722],
       [0.        , 0.67348361],
       [0.        , 0.67754841],
       [0.        , 0.67865342],
       [0.        , 0.67965782],
       [0.        , 0.67976516],
       [0.        , 0.68003786],
       [0.        , 0.68172002],
       [0.        , 0.68721014],
       [0.        , 0.71276659],
       [0.        , 0.72294128],
       [0.        , 0.73012292],
       [0.        , 0.73173702],
       [0.        , 0.76757449],
       [0.        , 0.77212626],
       [0.        , 0.77291811],
       [0.        , 0.77559227],
       [0.        , 0.7970894 ],
       [0.        , 0.8000685 ],
       [0.        ,        inf]]), array([[0.53959662, 0.54009277],
       [0.45820966, 0.46008843]])]",True
98,0.8418779969215393,0.002959728240966797,0.6297121677471667,72.86,4.563913581210534,1,0.0018787682056427002,0.0018787682056427002,0.0018787682056427002,0.98,-0.0,"[array([[0.        , 0.38714209],
       [0.        , 0.38715273],
       [0.        , 0.39394933],
       [0.        , 0.40142474],
       [0.        , 0.4024018 ],
       [0.        , 0.41882491],
       [0.        , 0.4200452 ],
       [0.        , 0.42704388],
       [0.        , 0.42880875],
       [0.        , 0.43057579],
       [0.        , 0.43425018],
       [0.        , 0.43726656],
       [0.        , 0.43742695],
       [0.        , 0.4407419 ],
       [0.        , 0.44134226],
       [0.        , 0.45158815],
       [0.        , 0.45816064],
       [0.        , 0.46668717],
       [0.        , 0.46972904],
       [0.        , 0.47109911],
       [0.        , 0.49441165],
       [0.        , 0.50319093],
       [0.        , 0.50763631],
       [0.        , 0.52250391],
       [0.        , 0.52275991],
       [0.        , 0.5237363 ],
       [0.        , 0.53367281],
       [0.        , 0.5601083 ],
       [0.        , 0.56347179],
       [0.        , 0.56594902],
       [0.        , 0.57204515],
       [0.        , 0.58370185],
       [0.        , 0.59401685],
       [0.        , 0.59764981],
       [0.        , 0.60930002],
       [0.        , 0.61256677],
       [0.        , 0.61608994],
       [0.        , 0.62417752],
       [0.        , 0.62778896],
       [0.        , 0.62971807],
       [0.        , 0.63804781],
       [0.        , 0.64047289],
       [0.        , 0.64121574],
       [0.        , 0.64271283],
       [0.        , 0.64312124],
       [0.        , 0.65139461],
       [0.        , 0.65377343],
       [0.        , 0.65871638],
       [0.        , 0.66082346],
       [0.        , 0.66090995],
       [0.        , 0.66877556],
       [0.        , 0.67204338],
       [0.        , 0.67865342],
       [0.        , 0.68003786],
       [0.        , 0.68593484],
       [0.        , 0.68721014],
       [0.        , 0.68761957],
       [0.        , 0.68777019],
       [0.        , 0.68777621],
       [0.        , 0.69009161],
       [0.        , 0.69123453],
       [0.        , 0.69437301],
       [0.        , 0.69529951],
       [0.        , 0.6955657 ],
       [0.        , 0.69886506],
       [0.        , 0.70024103],
       [0.        , 0.70230836],
       [0.        , 0.70316684],
       [0.        , 0.70564771],
       [0.        , 0.70623797],
       [0.        , 0.70656836],
       [0.        , 0.70848179],
       [0.        , 0.71351689],
       [0.        , 0.71705091],
       [0.        , 0.7204631 ],
       [0.        , 0.72229069],
       [0.        , 0.72866625],
       [0.        , 0.73208857],
       [0.        , 0.74029487],
       [0.        , 0.74265599],
       [0.        , 0.7486248 ],
       [0.        , 0.75145006],
       [0.        , 0.75469291],
       [0.        , 0.75664425],
       [0.        , 0.76296699],
       [0.        , 0.76306897],
       [0.        , 0.76479298],
       [0.        , 0.76617402],
       [0.        , 0.7747345 ],
       [0.        , 0.7913118 ],
       [0.        , 0.7956745 ],
       [0.        , 0.79976976],
       [0.        , 0.8141641 ],
       [0.        , 0.81978029],
       [0.        , 0.82528931],
       [0.        , 0.82958162],
       [0.        , 0.83891827],
       [0.        , 0.841878  ],
       [0.        ,        inf]]), array([[0.45820966, 0.46008843]])]",False
164,0.8578629493713379,0.012018978595733643,0.6475093386522154,123.0,5.082674820812182,1,0.03289109468460083,0.03289109468460083,0.03289109468460083,0.98,-0.0,"[array([[0.        , 0.37337586],
       [0.        , 0.38544127],
       [0.        , 0.38715273],
       [0.        , 0.4024018 ],
       [0.        , 0.41499496],
       [0.        , 0.41882491],
       [0.        , 0.4200452 ],
       [0.        , 0.4210099 ],
       [0.        , 0.42880875],
       [0.        , 0.43057579],
       [0.        , 0.43584964],
       [0.        , 0.43742695],
       [0.        , 0.43789533],
       [0.        , 0.43905649],
       [0.        , 0.4407419 ],
       [0.        , 0.44131434],
       [0.        , 0.44134226],
       [0.        , 0.45008722],
       [0.        , 0.45158815],
       [0.        , 0.45816064],
       [0.        , 0.45996878],
       [0.        , 0.46210781],
       [0.        , 0.47358829],
       [0.        , 0.47560501],
       [0.        , 0.49441165],
       [0.        , 0.494874  ],
       [0.        , 0.5014888 ],
       [0.        , 0.50319093],
       [0.        , 0.50763631],
       [0.        , 0.51280475],
       [0.        , 0.52437967],
       [0.        , 0.53446275],
       [0.        , 0.53487867],
       [0.        , 0.54428726],
       [0.        , 0.55556101],
       [0.        , 0.56006187],
       [0.        , 0.5601083 ],
       [0.        , 0.56347179],
       [0.        , 0.56529474],
       [0.        , 0.56674522],
       [0.        , 0.57141787],
       [0.        , 0.57274997],
       [0.        , 0.57773417],
       [0.        , 0.5799017 ],
       [0.        , 0.58724385],
       [0.        , 0.59352452],
       [0.        , 0.59745759],
       [0.        , 0.60134113],
       [0.        , 0.61333555],
       [0.        , 0.61497611],
       [0.        , 0.61858058],
       [0.        , 0.62542242],
       [0.        , 0.62698603],
       [0.        , 0.62757993],
       [0.        , 0.63213915],
       [0.        , 0.63266665],
       [0.        , 0.6342932 ],
       [0.        , 0.63485289],
       [0.        , 0.63696837],
       [0.        , 0.64312124],
       [0.        , 0.64323443],
       [0.        , 0.64433688],
       [0.        , 0.645657  ],
       [0.        , 0.64630258],
       [0.        , 0.6466158 ],
       [0.        , 0.64757138],
       [0.        , 0.64780909],
       [0.        , 0.64790231],
       [0.        , 0.65118778],
       [0.        , 0.65546256],
       [0.        , 0.65634459],
       [0.        , 0.65659493],
       [0.        , 0.65692902],
       [0.        , 0.65707487],
       [0.        , 0.65737855],
       [0.        , 0.65898514],
       [0.        , 0.65967602],
       [0.        , 0.66186082],
       [0.        , 0.6627785 ],
       [0.        , 0.66337144],
       [0.        , 0.66571653],
       [0.        , 0.66821128],
       [0.        , 0.66962457],
       [0.        , 0.67013687],
       [0.        , 0.6739465 ],
       [0.        , 0.67782956],
       [0.        , 0.67832834],
       [0.        , 0.68003786],
       [0.        , 0.68216431],
       [0.        , 0.68223733],
       [0.        , 0.68448269],
       [0.        , 0.68478179],
       [0.        , 0.68721074],
       [0.        , 0.69274354],
       [0.        , 0.69811511],
       [0.        , 0.70018244],
       [0.        , 0.70035207],
       [0.        , 0.70050138],
       [0.        , 0.70067245],
       [0.        , 0.70177835],
       [0.        , 0.702061  ],
       [0.        , 0.70361441],
       [0.        , 0.7036615 ],
       [0.        , 0.70443803],
       [0.        , 0.70461494],
       [0.        , 0.70765209],
       [0.        , 0.70909816],
       [0.        , 0.70957673],
       [0.        , 0.71097296],
       [0.        , 0.71188736],
       [0.        , 0.71215898],
       [0.        , 0.71462029],
       [0.        , 0.71737885],
       [0.        , 0.7190125 ],
       [0.        , 0.71914786],
       [0.        , 0.71940768],
       [0.        , 0.71959531],
       [0.        , 0.71996498],
       [0.        , 0.72328359],
       [0.        , 0.72777003],
       [0.        , 0.72837371],
       [0.        , 0.73140281],
       [0.        , 0.73337263],
       [0.        , 0.73505795],
       [0.        , 0.73586541],
       [0.        , 0.74034178],
       [0.        , 0.74262482],
       [0.        , 0.7428205 ],
       [0.        , 0.74407691],
       [0.        , 0.74598753],
       [0.        , 0.74709332],
       [0.        , 0.7480827 ],
       [0.        , 0.74853253],
       [0.        , 0.74969196],
       [0.        , 0.75153995],
       [0.        , 0.7549476 ],
       [0.        , 0.75680184],
       [0.        , 0.76056904],
       [0.        , 0.76156765],
       [0.        , 0.76220125],
       [0.        , 0.76509219],
       [0.        , 0.76597565],
       [0.        , 0.76948744],
       [0.        , 0.76957768],
       [0.        , 0.7707324 ],
       [0.        , 0.77819431],
       [0.        , 0.77823973],
       [0.        , 0.78219372],
       [0.        , 0.78470248],
       [0.        , 0.78854907],
       [0.        , 0.789738  ],
       [0.        , 0.79158801],
       [0.        , 0.79396451],
       [0.        , 0.79423696],
       [0.        , 0.79482806],
       [0.        , 0.79686266],
       [0.        , 0.7976405 ],
       [0.        , 0.79987377],
       [0.        , 0.82219702],
       [0.        , 0.82357627],
       [0.        , 0.82502806],
       [0.        , 0.82523495],
       [0.        , 0.84584397],
       [0.        , 0.85786295],
       [0.        ,        inf]]), array([[0.50720167, 0.54009277]])]",True
52,0.831147313117981,0.0023679137229919434,0.6048763789809667,37.5,3.9277894974339422,1,0.004353702068328857,0.004353702068328857,0.004353702068328857,0.98,-0.0,"[array([[0.        , 0.38715273],
       [0.        , 0.39394933],
       [0.        , 0.4024018 ],
       [0.        , 0.4200452 ],
       [0.        , 0.43742695],
       [0.        , 0.44034603],
       [0.        , 0.4407419 ],
       [0.        , 0.44395688],
       [0.        , 0.45158815],
       [0.        , 0.46210781],
       [0.        , 0.46972904],
       [0.        , 0.47109911],
       [0.        , 0.47856694],
       [0.        , 0.48943576],
       [0.        , 0.49441165],
       [0.        , 0.50319093],
       [0.        , 0.50763631],
       [0.        , 0.50803167],
       [0.        , 0.52250391],
       [0.        , 0.5405004 ],
       [0.        , 0.54080337],
       [0.        , 0.5601083 ],
       [0.        , 0.56347179],
       [0.        , 0.56561732],
       [0.        , 0.57973921],
       [0.        , 0.61980754],
       [0.        , 0.63853967],
       [0.        , 0.64715093],
       [0.        , 0.65774447],
       [0.        , 0.66880035],
       [0.        , 0.67348361],
       [0.        , 0.67447263],
       [0.        , 0.68003786],
       [0.        , 0.68389183],
       [0.        , 0.68481195],
       [0.        , 0.68673664],
       [0.        , 0.68805027],
       [0.        , 0.68881077],
       [0.        , 0.69437301],
       [0.        , 0.7172156 ],
       [0.        , 0.72394335],
       [0.        , 0.72699928],
       [0.        , 0.73179567],
       [0.        , 0.754825  ],
       [0.        , 0.75659871],
       [0.        , 0.77239692],
       [0.        , 0.77633965],
       [0.        , 0.77823973],
       [0.        , 0.77984577],
       [0.        , 0.81417125],
       [0.        , 0.8287794 ],
       [0.        , 0.83114731],
       [0.        ,        inf]]), array([[0.54395813, 0.54831183]])]",True
110,0.8389182686805725,0.0003464818000793457,0.6298349152911793,82.02,4.6808257610599036,1,0.04067552089691162,0.04067552089691162,0.04067552089691162,0.98,-0.0,"[array([[0.        , 0.36035633],
       [0.        , 0.38715273],
       [0.        , 0.4024018 ],
       [0.        , 0.41486451],
       [0.        , 0.41812924],
       [0.        , 0.41882491],
       [0.        , 0.4200452 ],
       [0.        , 0.42880875],
       [0.        , 0.43742695],
       [0.        , 0.44034603],
       [0.        , 0.4407419 ],
       [0.        , 0.44131434],
       [0.        , 0.44134226],
       [0.        , 0.45158815],
       [0.        , 0.45698252],
       [0.        , 0.45816064],
       [0.        , 0.46210781],
       [0.        , 0.46668717],
       [0.        , 0.46928936],
       [0.        , 0.46972904],
       [0.        , 0.48010942],
       [0.        , 0.49417058],
       [0.        , 0.49441165],
       [0.        , 0.49578813],
       [0.        , 0.50319093],
       [0.        , 0.52250391],
       [0.        , 0.5237363 ],
       [0.        , 0.52437967],
       [0.        , 0.53367281],
       [0.        , 0.54417998],
       [0.        , 0.5601083 ],
       [0.        , 0.56347179],
       [0.        , 0.56363392],
       [0.        , 0.56529474],
       [0.        , 0.57327157],
       [0.        , 0.57618207],
       [0.        , 0.58370185],
       [0.        , 0.58527631],
       [0.        , 0.58724385],
       [0.        , 0.59764981],
       [0.        , 0.61721033],
       [0.        , 0.61822152],
       [0.        , 0.62035131],
       [0.        , 0.62542242],
       [0.        , 0.62971807],
       [0.        , 0.64047289],
       [0.        , 0.64121574],
       [0.        , 0.64656252],
       [0.        , 0.64678931],
       [0.        , 0.65105593],
       [0.        , 0.65377343],
       [0.        , 0.65532792],
       [0.        , 0.65737855],
       [0.        , 0.65871638],
       [0.        , 0.65920097],
       [0.        , 0.66082346],
       [0.        , 0.66090995],
       [0.        , 0.66668147],
       [0.        , 0.66716504],
       [0.        , 0.66877556],
       [0.        , 0.67158049],
       [0.        , 0.67204338],
       [0.        , 0.67549247],
       [0.        , 0.67865342],
       [0.        , 0.68003786],
       [0.        , 0.68218338],
       [0.        , 0.68593484],
       [0.        , 0.68721014],
       [0.        , 0.68761957],
       [0.        , 0.68777019],
       [0.        , 0.69009161],
       [0.        , 0.69018722],
       [0.        , 0.69299561],
       [0.        , 0.69437301],
       [0.        , 0.6955657 ],
       [0.        , 0.70245641],
       [0.        , 0.70564771],
       [0.        , 0.70623797],
       [0.        , 0.70848179],
       [0.        , 0.70981807],
       [0.        , 0.71276659],
       [0.        , 0.7131111 ],
       [0.        , 0.71351689],
       [0.        , 0.71483427],
       [0.        , 0.71755993],
       [0.        , 0.7204631 ],
       [0.        , 0.72229069],
       [0.        , 0.72672856],
       [0.        , 0.72866625],
       [0.        , 0.73208857],
       [0.        , 0.74265599],
       [0.        , 0.74417025],
       [0.        , 0.7486248 ],
       [0.        , 0.75081015],
       [0.        , 0.75469291],
       [0.        , 0.76306897],
       [0.        , 0.76479298],
       [0.        , 0.76564294],
       [0.        , 0.76617402],
       [0.        , 0.78272897],
       [0.        , 0.7913118 ],
       [0.        , 0.7956745 ],
       [0.        , 0.79976976],
       [0.        , 0.81345516],
       [0.        , 0.81978029],
       [0.        , 0.82528931],
       [0.        , 0.83151138],
       [0.        , 0.83373964],
       [0.        , 0.83857179],
       [0.        , 0.83891827],
       [0.        ,        inf]]), array([[0.50763631, 0.54831183]])]",True
114,0.8475630283355713,0.00864475965499878,0.6266352719905084,83.82,4.714005716409326,4,0.04067552089691162,0.01264643669128418,0.020925529301166534,1.3,1.1288700563895517,"[array([[0.        , 0.36035633],
       [0.        , 0.37337586],
       [0.        , 0.38544127],
       [0.        , 0.38715273],
       [0.        , 0.39394933],
       [0.        , 0.4024018 ],
       [0.        , 0.41486451],
       [0.        , 0.41499496],
       [0.        , 0.41721967],
       [0.        , 0.41882491],
       [0.        , 0.4200452 ],
       [0.        , 0.42880875],
       [0.        , 0.43022469],
       [0.        , 0.43742695],
       [0.        , 0.43905649],
       [0.        , 0.44034603],
       [0.        , 0.4407419 ],
       [0.        , 0.44131434],
       [0.        , 0.45158815],
       [0.        , 0.45816064],
       [0.        , 0.46210781],
       [0.        , 0.46972904],
       [0.        , 0.48010942],
       [0.        , 0.49274367],
       [0.        , 0.49441165],
       [0.        , 0.49578813],
       [0.        , 0.49657497],
       [0.        , 0.50319093],
       [0.        , 0.52250391],
       [0.        , 0.52275991],
       [0.        , 0.5237363 ],
       [0.        , 0.5601083 ],
       [0.        , 0.56347179],
       [0.        , 0.56363392],
       [0.        , 0.56529474],
       [0.        , 0.57327157],
       [0.        , 0.57589114],
       [0.        , 0.57618207],
       [0.        , 0.5778212 ],
       [0.        , 0.58370185],
       [0.        , 0.58724385],
       [0.        , 0.59764981],
       [0.        , 0.613006  ],
       [0.        , 0.61721033],
       [0.        , 0.61822152],
       [0.        , 0.62256777],
       [0.        , 0.62542242],
       [0.        , 0.62971807],
       [0.        , 0.64121574],
       [0.        , 0.64594233],
       [0.        , 0.64656252],
       [0.        , 0.64678931],
       [0.        , 0.65105593],
       [0.        , 0.65239954],
       [0.        , 0.65377343],
       [0.        , 0.65643287],
       [0.        , 0.65871638],
       [0.        , 0.65906948],
       [0.        , 0.65920097],
       [0.        , 0.66082346],
       [0.        , 0.66090995],
       [0.        , 0.66397446],
       [0.        , 0.66877556],
       [0.        , 0.67204338],
       [0.        , 0.67549247],
       [0.        , 0.67865342],
       [0.        , 0.68003786],
       [0.        , 0.6803174 ],
       [0.        , 0.68258613],
       [0.        , 0.68593484],
       [0.        , 0.68721014],
       [0.        , 0.68761957],
       [0.        , 0.68777019],
       [0.        , 0.69009161],
       [0.        , 0.69437301],
       [0.        , 0.6955657 ],
       [0.        , 0.70245641],
       [0.        , 0.70316684],
       [0.        , 0.70564771],
       [0.        , 0.70623797],
       [0.        , 0.70848179],
       [0.        , 0.70981807],
       [0.        , 0.71022767],
       [0.        , 0.71302426],
       [0.        , 0.7131111 ],
       [0.        , 0.71351689],
       [0.        , 0.71755993],
       [0.        , 0.7204631 ],
       [0.        , 0.72229069],
       [0.        , 0.72866625],
       [0.        , 0.73208857],
       [0.        , 0.74265599],
       [0.        , 0.7486248 ],
       [0.        , 0.74870318],
       [0.        , 0.75469291],
       [0.        , 0.76306897],
       [0.        , 0.76409489],
       [0.        , 0.76479298],
       [0.        , 0.76617402],
       [0.        , 0.76661402],
       [0.        , 0.7720226 ],
       [0.        , 0.78256899],
       [0.        , 0.78272897],
       [0.        , 0.7913118 ],
       [0.        , 0.7956745 ],
       [0.        , 0.79938257],
       [0.        , 0.79976976],
       [0.        , 0.8018347 ],
       [0.        , 0.81978029],
       [0.        , 0.82415462],
       [0.        , 0.82528931],
       [0.        , 0.83553833],
       [0.        , 0.83891827],
       [0.        , 0.84756303],
       [0.        ,        inf]]), array([[0.52437967, 0.55240875],
       [0.50803167, 0.51201886],
       [0.50763631, 0.54831183],
       [0.48856062, 0.49957094]])]",False
97,0.8438311219215393,0.0033341050148010254,0.6211045110963055,70.82,4.553778444574599,3,0.011010318994522095,0.001318901777267456,0.007526834805806478,0.42,0.9201369234140107,"[array([[0.        , 0.37337586],
       [0.        , 0.38715273],
       [0.        , 0.39394933],
       [0.        , 0.4024018 ],
       [0.        , 0.41499496],
       [0.        , 0.41882491],
       [0.        , 0.4200452 ],
       [0.        , 0.42704388],
       [0.        , 0.42880875],
       [0.        , 0.43742695],
       [0.        , 0.43789533],
       [0.        , 0.43905649],
       [0.        , 0.4407419 ],
       [0.        , 0.44131434],
       [0.        , 0.45158815],
       [0.        , 0.45618039],
       [0.        , 0.45816064],
       [0.        , 0.46014678],
       [0.        , 0.46972904],
       [0.        , 0.47109911],
       [0.        , 0.48744982],
       [0.        , 0.49158663],
       [0.        , 0.49441165],
       [0.        , 0.50319093],
       [0.        , 0.50763631],
       [0.        , 0.51773721],
       [0.        , 0.53278875],
       [0.        , 0.53422171],
       [0.        , 0.53446275],
       [0.        , 0.54004842],
       [0.        , 0.5601083 ],
       [0.        , 0.56347179],
       [0.        , 0.59622848],
       [0.        , 0.60000247],
       [0.        , 0.60474283],
       [0.        , 0.60762435],
       [0.        , 0.61483586],
       [0.        , 0.61608994],
       [0.        , 0.61685622],
       [0.        , 0.6205911 ],
       [0.        , 0.6278953 ],
       [0.        , 0.6329385 ],
       [0.        , 0.64458472],
       [0.        , 0.64523572],
       [0.        , 0.64883834],
       [0.        , 0.64905953],
       [0.        , 0.65024155],
       [0.        , 0.65099847],
       [0.        , 0.65100533],
       [0.        , 0.65226483],
       [0.        , 0.6582306 ],
       [0.        , 0.65863431],
       [0.        , 0.65931249],
       [0.        , 0.65985948],
       [0.        , 0.66724849],
       [0.        , 0.66821128],
       [0.        , 0.67110056],
       [0.        , 0.67115456],
       [0.        , 0.67307305],
       [0.        , 0.67629546],
       [0.        , 0.67923158],
       [0.        , 0.68003786],
       [0.        , 0.68465328],
       [0.        , 0.68646944],
       [0.        , 0.68717146],
       [0.        , 0.68738133],
       [0.        , 0.68991464],
       [0.        , 0.69299561],
       [0.        , 0.69489175],
       [0.        , 0.69525212],
       [0.        , 0.6978156 ],
       [0.        , 0.69996655],
       [0.        , 0.70234281],
       [0.        , 0.70344901],
       [0.        , 0.70476872],
       [0.        , 0.7049548 ],
       [0.        , 0.70605522],
       [0.        , 0.71780467],
       [0.        , 0.72039664],
       [0.        , 0.72153777],
       [0.        , 0.7265712 ],
       [0.        , 0.73168314],
       [0.        , 0.7322157 ],
       [0.        , 0.7442295 ],
       [0.        , 0.75145006],
       [0.        , 0.75213277],
       [0.        , 0.75675446],
       [0.        , 0.76523238],
       [0.        , 0.78360701],
       [0.        , 0.80080795],
       [0.        , 0.82619047],
       [0.        , 0.82958162],
       [0.        , 0.83464134],
       [0.        , 0.84003747],
       [0.        , 0.84037888],
       [0.        , 0.84049702],
       [0.        , 0.84383112],
       [0.        ,        inf]]), array([[0.50049907, 0.51019049],
       [0.48856062, 0.49957094],
       [0.45820966, 0.46008843]])]",True
86,0.8252349495887756,0.016998767852783203,0.619295751632646,64.1,4.432771537258414,1,0.0018787682056427002,0.0018787682056427002,0.0018787682056427002,0.98,-0.0,"[array([[0.        , 0.36035633],
       [0.        , 0.38715273],
       [0.        , 0.39394933],
       [0.        , 0.4024018 ],
       [0.        , 0.41882491],
       [0.        , 0.4200452 ],
       [0.        , 0.42704388],
       [0.        , 0.42880875],
       [0.        , 0.43057579],
       [0.        , 0.43742695],
       [0.        , 0.4407419 ],
       [0.        , 0.44131434],
       [0.        , 0.45008722],
       [0.        , 0.45158815],
       [0.        , 0.45618039],
       [0.        , 0.45816064],
       [0.        , 0.46057391],
       [0.        , 0.46611732],
       [0.        , 0.46668717],
       [0.        , 0.47358829],
       [0.        , 0.49441165],
       [0.        , 0.50319093],
       [0.        , 0.50763631],
       [0.        , 0.51520991],
       [0.        , 0.52893537],
       [0.        , 0.53278875],
       [0.        , 0.53446275],
       [0.        , 0.55688292],
       [0.        , 0.5601083 ],
       [0.        , 0.56347179],
       [0.        , 0.56363392],
       [0.        , 0.57783777],
       [0.        , 0.59301394],
       [0.        , 0.61333555],
       [0.        , 0.62757993],
       [0.        , 0.63213915],
       [0.        , 0.64250994],
       [0.        , 0.64312124],
       [0.        , 0.6466158 ],
       [0.        , 0.64701724],
       [0.        , 0.64790231],
       [0.        , 0.65099847],
       [0.        , 0.65213984],
       [0.        , 0.65610129],
       [0.        , 0.66317892],
       [0.        , 0.66337144],
       [0.        , 0.66500896],
       [0.        , 0.66821128],
       [0.        , 0.66962457],
       [0.        , 0.67307305],
       [0.        , 0.68003786],
       [0.        , 0.68223733],
       [0.        , 0.68263626],
       [0.        , 0.68478179],
       [0.        , 0.69469953],
       [0.        , 0.69684774],
       [0.        , 0.6974268 ],
       [0.        , 0.69811511],
       [0.        , 0.70443803],
       [0.        , 0.70476872],
       [0.        , 0.7049548 ],
       [0.        , 0.70765209],
       [0.        , 0.70879382],
       [0.        , 0.70909816],
       [0.        , 0.71188736],
       [0.        , 0.71259904],
       [0.        , 0.71682382],
       [0.        , 0.72226739],
       [0.        , 0.73522252],
       [0.        , 0.74034178],
       [0.        , 0.74407691],
       [0.        , 0.7442295 ],
       [0.        , 0.74710155],
       [0.        , 0.7480827 ],
       [0.        , 0.75675446],
       [0.        , 0.76313895],
       [0.        , 0.76592904],
       [0.        , 0.76597565],
       [0.        , 0.77084422],
       [0.        , 0.78047729],
       [0.        , 0.788737  ],
       [0.        , 0.79217738],
       [0.        , 0.79686266],
       [0.        , 0.80080795],
       [0.        , 0.80823618],
       [0.        , 0.82523495],
       [0.        ,        inf]]), array([[0.45820966, 0.46008843]])]",False
143,0.8458439707756042,0.022267699241638184,0.6414152973598534,107.78,4.945252970587475,0,0.0,0.0,0.0,0.0,0.0,"[array([[0.        , 0.37337586],
       [0.        , 0.38544127],
       [0.        , 0.38715273],
       [0.        , 0.4024018 ],
       [0.        , 0.41499496],
       [0.        , 0.41882491],
       [0.        , 0.4200452 ],
       [0.        , 0.4210099 ],
       [0.        , 0.42880875],
       [0.        , 0.43584964],
       [0.        , 0.43742695],
       [0.        , 0.43789533],
       [0.        , 0.43905649],
       [0.        , 0.4407419 ],
       [0.        , 0.44131434],
       [0.        , 0.44134226],
       [0.        , 0.45158815],
       [0.        , 0.45816064],
       [0.        , 0.45996878],
       [0.        , 0.46210781],
       [0.        , 0.47358829],
       [0.        , 0.47560501],
       [0.        , 0.49441165],
       [0.        , 0.494874  ],
       [0.        , 0.5014888 ],
       [0.        , 0.50319093],
       [0.        , 0.50763631],
       [0.        , 0.51280475],
       [0.        , 0.53446275],
       [0.        , 0.53487867],
       [0.        , 0.54417998],
       [0.        , 0.54428726],
       [0.        , 0.56006187],
       [0.        , 0.5601083 ],
       [0.        , 0.56347179],
       [0.        , 0.56529474],
       [0.        , 0.56674522],
       [0.        , 0.57141787],
       [0.        , 0.57274997],
       [0.        , 0.57581174],
       [0.        , 0.57618207],
       [0.        , 0.5799017 ],
       [0.        , 0.58724385],
       [0.        , 0.59745759],
       [0.        , 0.60134113],
       [0.        , 0.61497611],
       [0.        , 0.61858058],
       [0.        , 0.62542242],
       [0.        , 0.62698603],
       [0.        , 0.62757993],
       [0.        , 0.63213915],
       [0.        , 0.63266665],
       [0.        , 0.6342932 ],
       [0.        , 0.63485289],
       [0.        , 0.64095145],
       [0.        , 0.64312124],
       [0.        , 0.64323443],
       [0.        , 0.645657  ],
       [0.        , 0.64630258],
       [0.        , 0.64757138],
       [0.        , 0.64780909],
       [0.        , 0.64790231],
       [0.        , 0.64792573],
       [0.        , 0.65118778],
       [0.        , 0.6537835 ],
       [0.        , 0.65546256],
       [0.        , 0.65659493],
       [0.        , 0.65692902],
       [0.        , 0.65707487],
       [0.        , 0.65737855],
       [0.        , 0.65898514],
       [0.        , 0.65967602],
       [0.        , 0.66186082],
       [0.        , 0.66363138],
       [0.        , 0.66376901],
       [0.        , 0.66571653],
       [0.        , 0.66797835],
       [0.        , 0.66909993],
       [0.        , 0.6739465 ],
       [0.        , 0.67832834],
       [0.        , 0.67898482],
       [0.        , 0.68003786],
       [0.        , 0.68216431],
       [0.        , 0.68623769],
       [0.        , 0.68721074],
       [0.        , 0.69715589],
       [0.        , 0.70018244],
       [0.        , 0.70035207],
       [0.        , 0.70050138],
       [0.        , 0.70067245],
       [0.        , 0.702061  ],
       [0.        , 0.70361441],
       [0.        , 0.7036615 ],
       [0.        , 0.70461494],
       [0.        , 0.70788586],
       [0.        , 0.71097296],
       [0.        , 0.71215898],
       [0.        , 0.71287447],
       [0.        , 0.71462029],
       [0.        , 0.71636444],
       [0.        , 0.71737885],
       [0.        , 0.7190125 ],
       [0.        , 0.71914786],
       [0.        , 0.71959531],
       [0.        , 0.71996498],
       [0.        , 0.7206319 ],
       [0.        , 0.72777003],
       [0.        , 0.72837371],
       [0.        , 0.73337263],
       [0.        , 0.73505795],
       [0.        , 0.74262482],
       [0.        , 0.7428205 ],
       [0.        , 0.74469644],
       [0.        , 0.74598753],
       [0.        , 0.74661553],
       [0.        , 0.74709332],
       [0.        , 0.74853253],
       [0.        , 0.74969196],
       [0.        , 0.75153995],
       [0.        , 0.7549476 ],
       [0.        , 0.75680184],
       [0.        , 0.76056904],
       [0.        , 0.76220125],
       [0.        , 0.76658714],
       [0.        , 0.76948744],
       [0.        , 0.76957768],
       [0.        , 0.7707324 ],
       [0.        , 0.77823973],
       [0.        , 0.78219372],
       [0.        , 0.78470248],
       [0.        , 0.78854907],
       [0.        , 0.789738  ],
       [0.        , 0.79158801],
       [0.        , 0.79212624],
       [0.        , 0.79396451],
       [0.        , 0.79423696],
       [0.        , 0.79482806],
       [0.        , 0.7976405 ],
       [0.        , 0.79987377],
       [0.        , 0.80623788],
       [0.        , 0.81982785],
       [0.        , 0.82357627],
       [0.        , 0.84584397],
       [0.        ,        inf]]), array([], shape=(0, 2), dtype=float64)]",True
162,0.8778823614120483,0.02001941204071045,0.6484147177802192,118.92,5.07007953831255,1,0.03884565830230713,0.03884565830230713,0.03884565830230713,0.98,-0.0,"[array([[0.        , 0.37337586],
       [0.        , 0.38544127],
       [0.        , 0.38715273],
       [0.        , 0.4024018 ],
       [0.        , 0.41499496],
       [0.        , 0.41812924],
       [0.        , 0.41882491],
       [0.        , 0.4200452 ],
       [0.        , 0.4210099 ],
       [0.        , 0.42880875],
       [0.        , 0.43584964],
       [0.        , 0.43742695],
       [0.        , 0.43789533],
       [0.        , 0.43905649],
       [0.        , 0.4407419 ],
       [0.        , 0.44131434],
       [0.        , 0.44134226],
       [0.        , 0.45158815],
       [0.        , 0.45816064],
       [0.        , 0.45996878],
       [0.        , 0.46210781],
       [0.        , 0.47358829],
       [0.        , 0.47560501],
       [0.        , 0.49441165],
       [0.        , 0.494874  ],
       [0.        , 0.5014888 ],
       [0.        , 0.50319093],
       [0.        , 0.50553972],
       [0.        , 0.50763631],
       [0.        , 0.51280475],
       [0.        , 0.52437967],
       [0.        , 0.53487867],
       [0.        , 0.54428726],
       [0.        , 0.55556101],
       [0.        , 0.56006187],
       [0.        , 0.5601083 ],
       [0.        , 0.56347179],
       [0.        , 0.56529474],
       [0.        , 0.56674522],
       [0.        , 0.57141787],
       [0.        , 0.57976049],
       [0.        , 0.5799017 ],
       [0.        , 0.58568138],
       [0.        , 0.58724385],
       [0.        , 0.58881354],
       [0.        , 0.59745759],
       [0.        , 0.59790552],
       [0.        , 0.60134113],
       [0.        , 0.60622358],
       [0.        , 0.61497611],
       [0.        , 0.61858058],
       [0.        , 0.62542242],
       [0.        , 0.62698603],
       [0.        , 0.62757993],
       [0.        , 0.63114774],
       [0.        , 0.63213915],
       [0.        , 0.63266665],
       [0.        , 0.6342932 ],
       [0.        , 0.63485289],
       [0.        , 0.63696837],
       [0.        , 0.64312124],
       [0.        , 0.64323443],
       [0.        , 0.645657  ],
       [0.        , 0.64630258],
       [0.        , 0.64757138],
       [0.        , 0.64780909],
       [0.        , 0.64790231],
       [0.        , 0.65118778],
       [0.        , 0.65219593],
       [0.        , 0.65546256],
       [0.        , 0.65634459],
       [0.        , 0.65659493],
       [0.        , 0.65692902],
       [0.        , 0.65707487],
       [0.        , 0.65737855],
       [0.        , 0.65898514],
       [0.        , 0.65967602],
       [0.        , 0.66186082],
       [0.        , 0.6627785 ],
       [0.        , 0.66571653],
       [0.        , 0.66605896],
       [0.        , 0.66929483],
       [0.        , 0.67013687],
       [0.        , 0.6739465 ],
       [0.        , 0.67507291],
       [0.        , 0.67520344],
       [0.        , 0.67782956],
       [0.        , 0.67832834],
       [0.        , 0.68003786],
       [0.        , 0.68210691],
       [0.        , 0.68216431],
       [0.        , 0.68448269],
       [0.        , 0.68721074],
       [0.        , 0.68881077],
       [0.        , 0.69274354],
       [0.        , 0.6960057 ],
       [0.        , 0.69725609],
       [0.        , 0.70018244],
       [0.        , 0.70035207],
       [0.        , 0.70050138],
       [0.        , 0.70067245],
       [0.        , 0.70177835],
       [0.        , 0.702061  ],
       [0.        , 0.70361441],
       [0.        , 0.7036615 ],
       [0.        , 0.70461494],
       [0.        , 0.71097296],
       [0.        , 0.71215898],
       [0.        , 0.71462029],
       [0.        , 0.7161622 ],
       [0.        , 0.71737885],
       [0.        , 0.7190125 ],
       [0.        , 0.71914786],
       [0.        , 0.71940768],
       [0.        , 0.71959531],
       [0.        , 0.71996498],
       [0.        , 0.72328359],
       [0.        , 0.7236377 ],
       [0.        , 0.72777003],
       [0.        , 0.72837371],
       [0.        , 0.73337263],
       [0.        , 0.73505795],
       [0.        , 0.73768127],
       [0.        , 0.74262482],
       [0.        , 0.7428205 ],
       [0.        , 0.74502033],
       [0.        , 0.74709332],
       [0.        , 0.74853253],
       [0.        , 0.74944401],
       [0.        , 0.74969196],
       [0.        , 0.75153995],
       [0.        , 0.75338787],
       [0.        , 0.75393552],
       [0.        , 0.7549476 ],
       [0.        , 0.75680184],
       [0.        , 0.76056904],
       [0.        , 0.76156765],
       [0.        , 0.76220125],
       [0.        , 0.76948744],
       [0.        , 0.76957768],
       [0.        , 0.7707324 ],
       [0.        , 0.77620786],
       [0.        , 0.77823973],
       [0.        , 0.78219372],
       [0.        , 0.78470248],
       [0.        , 0.78854907],
       [0.        , 0.789738  ],
       [0.        , 0.79158801],
       [0.        , 0.79396451],
       [0.        , 0.79408824],
       [0.        , 0.79423696],
       [0.        , 0.79482806],
       [0.        , 0.7976405 ],
       [0.        , 0.79987377],
       [0.        , 0.81184387],
       [0.        , 0.82219702],
       [0.        , 0.82357627],
       [0.        , 0.83452779],
       [0.        , 0.83718848],
       [0.        , 0.84584397],
       [0.        , 0.85786295],
       [0.        , 0.87788236],
       [0.        ,        inf]]), array([[0.50369948, 0.54254514]])]",False
76,0.8525242209434509,0.008693099021911621,0.646225734368751,57.26,4.30757076137846,0,0.0,0.0,0.0,0.0,0.0,"[array([[0.        , 0.34494105],
       [0.        , 0.38715273],
       [0.        , 0.4024018 ],
       [0.        , 0.4200452 ],
       [0.        , 0.42880875],
       [0.        , 0.43022469],
       [0.        , 0.43057579],
       [0.        , 0.43742695],
       [0.        , 0.4407419 ],
       [0.        , 0.44131434],
       [0.        , 0.45158815],
       [0.        , 0.4556427 ],
       [0.        , 0.45996878],
       [0.        , 0.46154895],
       [0.        , 0.46668717],
       [0.        , 0.46972904],
       [0.        , 0.49441165],
       [0.        , 0.50319093],
       [0.        , 0.50763631],
       [0.        , 0.5601083 ],
       [0.        , 0.56314105],
       [0.        , 0.56347179],
       [0.        , 0.57611614],
       [0.        , 0.58788997],
       [0.        , 0.59743309],
       [0.        , 0.59774822],
       [0.        , 0.645657  ],
       [0.        , 0.64701724],
       [0.        , 0.64765227],
       [0.        , 0.66044641],
       [0.        , 0.66811621],
       [0.        , 0.67116433],
       [0.        , 0.67158049],
       [0.        , 0.67204338],
       [0.        , 0.67337751],
       [0.        , 0.67639655],
       [0.        , 0.68003786],
       [0.        , 0.6803174 ],
       [0.        , 0.6803968 ],
       [0.        , 0.68216431],
       [0.        , 0.68342072],
       [0.        , 0.68616492],
       [0.        , 0.68726552],
       [0.        , 0.68761957],
       [0.        , 0.68803066],
       [0.        , 0.68900162],
       [0.        , 0.6960057 ],
       [0.        , 0.69765663],
       [0.        , 0.69998693],
       [0.        , 0.7152518 ],
       [0.        , 0.71890938],
       [0.        , 0.71984881],
       [0.        , 0.72866625],
       [0.        , 0.73067087],
       [0.        , 0.73467714],
       [0.        , 0.75013965],
       [0.        , 0.75058389],
       [0.        , 0.75469291],
       [0.        , 0.75826275],
       [0.        , 0.76117277],
       [0.        , 0.76136887],
       [0.        , 0.76409489],
       [0.        , 0.7747345 ],
       [0.        , 0.79372334],
       [0.        , 0.79444474],
       [0.        , 0.79686266],
       [0.        , 0.79823524],
       [0.        , 0.80645061],
       [0.        , 0.81101328],
       [0.        , 0.81978029],
       [0.        , 0.82415462],
       [0.        , 0.8258329 ],
       [0.        , 0.82958162],
       [0.        , 0.84218121],
       [0.        , 0.84383112],
       [0.        , 0.85252422],
       [0.        ,        inf]]), array([], shape=(0, 2), dtype=float64)]",True
60,0.8627950549125671,0.021406173706054688,0.6073981031775475,41.96,4.070545898304089,0,0.0,0.0,0.0,0.0,0.0,"[array([[0.        , 0.38715273],
       [0.        , 0.4024018 ],
       [0.        , 0.41882491],
       [0.        , 0.4200452 ],
       [0.        , 0.42880875],
       [0.        , 0.43057579],
       [0.        , 0.43425018],
       [0.        , 0.43726656],
       [0.        , 0.43742695],
       [0.        , 0.4407419 ],
       [0.        , 0.45158815],
       [0.        , 0.46210781],
       [0.        , 0.46668717],
       [0.        , 0.46928936],
       [0.        , 0.49303174],
       [0.        , 0.49363571],
       [0.        , 0.49441165],
       [0.        , 0.49657497],
       [0.        , 0.50319093],
       [0.        , 0.50763631],
       [0.        , 0.51450723],
       [0.        , 0.52427751],
       [0.        , 0.53447193],
       [0.        , 0.55584931],
       [0.        , 0.5601083 ],
       [0.        , 0.56347179],
       [0.        , 0.58527631],
       [0.        , 0.58680779],
       [0.        , 0.61256677],
       [0.        , 0.62664056],
       [0.        , 0.64312124],
       [0.        , 0.64906681],
       [0.        , 0.64915735],
       [0.        , 0.65737855],
       [0.        , 0.66668147],
       [0.        , 0.6680519 ],
       [0.        , 0.66944724],
       [0.        , 0.67346036],
       [0.        , 0.67629546],
       [0.        , 0.67639655],
       [0.        , 0.68003786],
       [0.        , 0.68930423],
       [0.        , 0.69299561],
       [0.        , 0.70442235],
       [0.        , 0.71327811],
       [0.        , 0.71483427],
       [0.        , 0.71636444],
       [0.        , 0.71890938],
       [0.        , 0.72238094],
       [0.        , 0.72281027],
       [0.        , 0.75081015],
       [0.        , 0.76564294],
       [0.        , 0.76770759],
       [0.        , 0.78822327],
       [0.        , 0.79044056],
       [0.        , 0.80722153],
       [0.        , 0.80827606],
       [0.        , 0.81735969],
       [0.        , 0.84138888],
       [0.        , 0.86279505],
       [0.        ,        inf]]), array([], shape=(0, 2), dtype=float64)]",True
72,0.8489511609077454,0.05208849906921387,0.5903660642604033,49.86,4.255382960259555,1,0.04067552089691162,0.04067552089691162,0.04067552089691162,0.98,-0.0,"[array([[0.        , 0.36035633],
       [0.        , 0.38715273],
       [0.        , 0.4024018 ],
       [0.        , 0.41011387],
       [0.        , 0.41486451],
       [0.        , 0.41812924],
       [0.        , 0.41882491],
       [0.        , 0.4200452 ],
       [0.        , 0.42880875],
       [0.        , 0.43425018],
       [0.        , 0.43726656],
       [0.        , 0.43742695],
       [0.        , 0.43905649],
       [0.        , 0.44034603],
       [0.        , 0.4407419 ],
       [0.        , 0.45158815],
       [0.        , 0.45816064],
       [0.        , 0.46210781],
       [0.        , 0.46668717],
       [0.        , 0.49417058],
       [0.        , 0.49441165],
       [0.        , 0.50319093],
       [0.        , 0.51250052],
       [0.        , 0.52250391],
       [0.        , 0.52437967],
       [0.        , 0.54345715],
       [0.        , 0.55051845],
       [0.        , 0.5601083 ],
       [0.        , 0.56347179],
       [0.        , 0.56363392],
       [0.        , 0.56529474],
       [0.        , 0.58724385],
       [0.        , 0.59023148],
       [0.        , 0.61682642],
       [0.        , 0.61721033],
       [0.        , 0.61822152],
       [0.        , 0.62542242],
       [0.        , 0.6256367 ],
       [0.        , 0.63111234],
       [0.        , 0.64250994],
       [0.        , 0.64312124],
       [0.        , 0.64349169],
       [0.        , 0.64656252],
       [0.        , 0.64678931],
       [0.        , 0.64701724],
       [0.        , 0.64789069],
       [0.        , 0.64790231],
       [0.        , 0.65920097],
       [0.        , 0.6627785 ],
       [0.        , 0.66527545],
       [0.        , 0.66542017],
       [0.        , 0.67040801],
       [0.        , 0.67549247],
       [0.        , 0.68003786],
       [0.        , 0.68236887],
       [0.        , 0.6858207 ],
       [0.        , 0.69274354],
       [0.        , 0.70245641],
       [0.        , 0.70981807],
       [0.        , 0.71259904],
       [0.        , 0.7131111 ],
       [0.        , 0.71755993],
       [0.        , 0.71870208],
       [0.        , 0.72074813],
       [0.        , 0.72678709],
       [0.        , 0.73522252],
       [0.        , 0.73752201],
       [0.        , 0.74840271],
       [0.        , 0.78272897],
       [0.        , 0.79217738],
       [0.        , 0.79686266],
       [0.        , 0.84895116],
       [0.        ,        inf]]), array([[0.50763631, 0.54831183]])]",True
115,0.8776195645332336,0.03870129585266113,0.6334372670754143,82.44,4.725224447304818,1,0.004353702068328857,0.004353702068328857,0.004353702068328857,0.98,-0.0,"[array([[0.        , 0.36035633],
       [0.        , 0.38715273],
       [0.        , 0.4024018 ],
       [0.        , 0.4106203 ],
       [0.        , 0.41486451],
       [0.        , 0.41882491],
       [0.        , 0.4200452 ],
       [0.        , 0.42880875],
       [0.        , 0.43022469],
       [0.        , 0.43742695],
       [0.        , 0.43789533],
       [0.        , 0.43905649],
       [0.        , 0.44034603],
       [0.        , 0.4407419 ],
       [0.        , 0.44131434],
       [0.        , 0.45158815],
       [0.        , 0.45816064],
       [0.        , 0.46210781],
       [0.        , 0.46668717],
       [0.        , 0.46972904],
       [0.        , 0.48010942],
       [0.        , 0.49441165],
       [0.        , 0.49578813],
       [0.        , 0.50319093],
       [0.        , 0.50763631],
       [0.        , 0.52250391],
       [0.        , 0.5237363 ],
       [0.        , 0.52437967],
       [0.        , 0.53367281],
       [0.        , 0.53939617],
       [0.        , 0.5601083 ],
       [0.        , 0.56347179],
       [0.        , 0.56363392],
       [0.        , 0.56529474],
       [0.        , 0.57327157],
       [0.        , 0.57589114],
       [0.        , 0.57618207],
       [0.        , 0.58370185],
       [0.        , 0.58724385],
       [0.        , 0.59764981],
       [0.        , 0.61721033],
       [0.        , 0.61822152],
       [0.        , 0.62256777],
       [0.        , 0.62417752],
       [0.        , 0.62542242],
       [0.        , 0.62971807],
       [0.        , 0.64047289],
       [0.        , 0.64121574],
       [0.        , 0.64594233],
       [0.        , 0.64656252],
       [0.        , 0.64678931],
       [0.        , 0.65105593],
       [0.        , 0.65377343],
       [0.        , 0.65871638],
       [0.        , 0.65906948],
       [0.        , 0.65920097],
       [0.        , 0.66082346],
       [0.        , 0.66090995],
       [0.        , 0.66630745],
       [0.        , 0.66708452],
       [0.        , 0.66877556],
       [0.        , 0.67204338],
       [0.        , 0.67549247],
       [0.        , 0.67769355],
       [0.        , 0.67865342],
       [0.        , 0.67955554],
       [0.        , 0.68003786],
       [0.        , 0.68258613],
       [0.        , 0.68593484],
       [0.        , 0.68625969],
       [0.        , 0.68721014],
       [0.        , 0.68761957],
       [0.        , 0.68777019],
       [0.        , 0.69009161],
       [0.        , 0.69437301],
       [0.        , 0.6955657 ],
       [0.        , 0.70245641],
       [0.        , 0.70564771],
       [0.        , 0.70623797],
       [0.        , 0.70848179],
       [0.        , 0.70981807],
       [0.        , 0.71022767],
       [0.        , 0.71071994],
       [0.        , 0.71302426],
       [0.        , 0.7131111 ],
       [0.        , 0.71345544],
       [0.        , 0.71351689],
       [0.        , 0.71755993],
       [0.        , 0.7204631 ],
       [0.        , 0.72229069],
       [0.        , 0.72866625],
       [0.        , 0.73208857],
       [0.        , 0.73941797],
       [0.        , 0.74258167],
       [0.        , 0.74265599],
       [0.        , 0.7486248 ],
       [0.        , 0.74870318],
       [0.        , 0.75469291],
       [0.        , 0.76306897],
       [0.        , 0.76479298],
       [0.        , 0.76617402],
       [0.        , 0.76661402],
       [0.        , 0.78272897],
       [0.        , 0.7913118 ],
       [0.        , 0.7956745 ],
       [0.        , 0.79938257],
       [0.        , 0.79976976],
       [0.        , 0.79990369],
       [0.        , 0.80034947],
       [0.        , 0.8018347 ],
       [0.        , 0.81978029],
       [0.        , 0.82528931],
       [0.        , 0.83309847],
       [0.        , 0.83891827],
       [0.        , 0.87761956],
       [0.        ,        inf]]), array([[0.54395813, 0.54831183]])]",True
48,0.8525242209434509,0.02294260263442993,0.5734696295112371,32.16,3.8470817508848927,2,0.005845963954925537,0.003967195749282837,0.0038623660802841187,0.1,0.554757173360854,"[array([[0.        , 0.38715273],
       [0.        , 0.39394933],
       [0.        , 0.41779813],
       [0.        , 0.41882491],
       [0.        , 0.4200452 ],
       [0.        , 0.42704388],
       [0.        , 0.43057579],
       [0.        , 0.43742695],
       [0.        , 0.4407419 ],
       [0.        , 0.44131434],
       [0.        , 0.44134226],
       [0.        , 0.4425624 ],
       [0.        , 0.45158815],
       [0.        , 0.47109911],
       [0.        , 0.48943576],
       [0.        , 0.49441165],
       [0.        , 0.49616703],
       [0.        , 0.50238061],
       [0.        , 0.50319093],
       [0.        , 0.50763631],
       [0.        , 0.5083698 ],
       [0.        , 0.51477194],
       [0.        , 0.53056955],
       [0.        , 0.53446275],
       [0.        , 0.5601083 ],
       [0.        , 0.56347179],
       [0.        , 0.5750457 ],
       [0.        , 0.61001462],
       [0.        , 0.61718887],
       [0.        , 0.63475686],
       [0.        , 0.63557178],
       [0.        , 0.63983828],
       [0.        , 0.64105582],
       [0.        , 0.6582306 ],
       [0.        , 0.67314613],
       [0.        , 0.68003786],
       [0.        , 0.68167096],
       [0.        , 0.69391739],
       [0.        , 0.69674319],
       [0.        , 0.71180212],
       [0.        , 0.72082329],
       [0.        , 0.72480655],
       [0.        , 0.73880184],
       [0.        , 0.74691105],
       [0.        , 0.75145006],
       [0.        , 0.78618187],
       [0.        , 0.82958162],
       [0.        , 0.85252422],
       [0.        ,        inf]]), array([[0.52856219, 0.53440815],
       [0.45820966, 0.46008843]])]",False
111,0.8389182686805725,0.013628959655761719,0.637115955889762,83.76,4.692801579987836,0,0.0,0.0,0.0,0.0,0.0,"[array([[0.        , 0.38715273],
       [0.        , 0.39394933],
       [0.        , 0.4024018 ],
       [0.        , 0.41812924],
       [0.        , 0.41882491],
       [0.        , 0.4200452 ],
       [0.        , 0.42880875],
       [0.        , 0.43425018],
       [0.        , 0.43726656],
       [0.        , 0.43742695],
       [0.        , 0.43905649],
       [0.        , 0.4407419 ],
       [0.        , 0.45158815],
       [0.        , 0.45816064],
       [0.        , 0.46668717],
       [0.        , 0.46972904],
       [0.        , 0.49441165],
       [0.        , 0.50319093],
       [0.        , 0.50763631],
       [0.        , 0.51805323],
       [0.        , 0.52250391],
       [0.        , 0.52275991],
       [0.        , 0.5237363 ],
       [0.        , 0.53367281],
       [0.        , 0.54612911],
       [0.        , 0.55051845],
       [0.        , 0.56006187],
       [0.        , 0.5601083 ],
       [0.        , 0.56347179],
       [0.        , 0.56430399],
       [0.        , 0.5684827 ],
       [0.        , 0.57327157],
       [0.        , 0.58370185],
       [0.        , 0.59764981],
       [0.        , 0.60191256],
       [0.        , 0.60930002],
       [0.        , 0.61567074],
       [0.        , 0.61608994],
       [0.        , 0.61827677],
       [0.        , 0.62370586],
       [0.        , 0.62417752],
       [0.        , 0.62526351],
       [0.        , 0.62778896],
       [0.        , 0.62907654],
       [0.        , 0.62971807],
       [0.        , 0.63536566],
       [0.        , 0.64047289],
       [0.        , 0.64121574],
       [0.        , 0.64342111],
       [0.        , 0.64573288],
       [0.        , 0.64884812],
       [0.        , 0.65239954],
       [0.        , 0.65377343],
       [0.        , 0.65593606],
       [0.        , 0.65827745],
       [0.        , 0.65871638],
       [0.        , 0.66082346],
       [0.        , 0.66090995],
       [0.        , 0.66616791],
       [0.        , 0.6680519 ],
       [0.        , 0.66877556],
       [0.        , 0.67204338],
       [0.        , 0.67865342],
       [0.        , 0.68003786],
       [0.        , 0.68315053],
       [0.        , 0.68593484],
       [0.        , 0.68721014],
       [0.        , 0.68761957],
       [0.        , 0.68777019],
       [0.        , 0.68777621],
       [0.        , 0.68805623],
       [0.        , 0.69009161],
       [0.        , 0.69012737],
       [0.        , 0.69437301],
       [0.        , 0.6955657 ],
       [0.        , 0.69886506],
       [0.        , 0.70024103],
       [0.        , 0.70564771],
       [0.        , 0.70623797],
       [0.        , 0.70848179],
       [0.        , 0.71351689],
       [0.        , 0.71705091],
       [0.        , 0.7204631 ],
       [0.        , 0.72229069],
       [0.        , 0.72281027],
       [0.        , 0.72352958],
       [0.        , 0.72866625],
       [0.        , 0.72915888],
       [0.        , 0.73208857],
       [0.        , 0.73786271],
       [0.        , 0.73874879],
       [0.        , 0.74265599],
       [0.        , 0.74598753],
       [0.        , 0.7486248 ],
       [0.        , 0.75469291],
       [0.        , 0.76296699],
       [0.        , 0.76306897],
       [0.        , 0.763152  ],
       [0.        , 0.76479298],
       [0.        , 0.76617402],
       [0.        , 0.76649565],
       [0.        , 0.76863271],
       [0.        , 0.79054242],
       [0.        , 0.7913118 ],
       [0.        , 0.7956745 ],
       [0.        , 0.79976976],
       [0.        , 0.80897123],
       [0.        , 0.81054664],
       [0.        , 0.81978029],
       [0.        , 0.82528931],
       [0.        , 0.83891827],
       [0.        ,        inf]]), array([], shape=(0, 2), dtype=float64)]",True
60,0.8525242209434509,0.0035730600357055664,0.6295841038227081,44.08,4.067617650533175,0,0.0,0.0,0.0,0.0,0.0,"[array([[0.        , 0.38544127],
       [0.        , 0.38715273],
       [0.        , 0.39394933],
       [0.        , 0.40142474],
       [0.        , 0.41812924],
       [0.        , 0.41882491],
       [0.        , 0.4200452 ],
       [0.        , 0.43742695],
       [0.        , 0.43789533],
       [0.        , 0.4407419 ],
       [0.        , 0.44131434],
       [0.        , 0.45816064],
       [0.        , 0.46972904],
       [0.        , 0.48943576],
       [0.        , 0.48953468],
       [0.        , 0.49441165],
       [0.        , 0.49965605],
       [0.        , 0.50319093],
       [0.        , 0.50763631],
       [0.        , 0.53446275],
       [0.        , 0.5601083 ],
       [0.        , 0.56347179],
       [0.        , 0.60134113],
       [0.        , 0.60762435],
       [0.        , 0.62687325],
       [0.        , 0.63671964],
       [0.        , 0.6562044 ],
       [0.        , 0.65918511],
       [0.        , 0.66044641],
       [0.        , 0.66436255],
       [0.        , 0.66749316],
       [0.        , 0.66880035],
       [0.        , 0.66886812],
       [0.        , 0.67116433],
       [0.        , 0.67548895],
       [0.        , 0.68003786],
       [0.        , 0.69474369],
       [0.        , 0.69862539],
       [0.        , 0.70223999],
       [0.        , 0.70498931],
       [0.        , 0.70775837],
       [0.        , 0.72047108],
       [0.        , 0.73885781],
       [0.        , 0.75145006],
       [0.        , 0.75469291],
       [0.        , 0.76117277],
       [0.        , 0.76409489],
       [0.        , 0.76649565],
       [0.        , 0.76801509],
       [0.        , 0.77084422],
       [0.        , 0.7742669 ],
       [0.        , 0.7770372 ],
       [0.        , 0.79563016],
       [0.        , 0.80538625],
       [0.        , 0.82247829],
       [0.        , 0.82415462],
       [0.        , 0.82958162],
       [0.        , 0.84383112],
       [0.        , 0.84895116],
       [0.        , 0.85252422],
       [0.        ,        inf]]), array([], shape=(0, 2), dtype=float64)]",False
84,0.81046062707901,0.002224445343017578,0.607420105664503,62.6,4.4094989531803614,1,0.04067552089691162,0.04067552089691162,0.04067552089691162,0.98,-0.0,"[array([[0.        , 0.38544127],
       [0.        , 0.38715273],
       [0.        , 0.4008562 ],
       [0.        , 0.4024018 ],
       [0.        , 0.41486451],
       [0.        , 0.41882491],
       [0.        , 0.4200452 ],
       [0.        , 0.43057579],
       [0.        , 0.43425018],
       [0.        , 0.43726656],
       [0.        , 0.43742695],
       [0.        , 0.43905649],
       [0.        , 0.44034603],
       [0.        , 0.4407419 ],
       [0.        , 0.45158815],
       [0.        , 0.45816064],
       [0.        , 0.46057391],
       [0.        , 0.46210781],
       [0.        , 0.46611732],
       [0.        , 0.46918896],
       [0.        , 0.48943576],
       [0.        , 0.48953468],
       [0.        , 0.49370015],
       [0.        , 0.49441165],
       [0.        , 0.50319093],
       [0.        , 0.51520991],
       [0.        , 0.52250391],
       [0.        , 0.52437967],
       [0.        , 0.5601083 ],
       [0.        , 0.56347179],
       [0.        , 0.56363392],
       [0.        , 0.56529474],
       [0.        , 0.58724385],
       [0.        , 0.59301394],
       [0.        , 0.59426188],
       [0.        , 0.61682642],
       [0.        , 0.61721033],
       [0.        , 0.61822152],
       [0.        , 0.62024575],
       [0.        , 0.62542242],
       [0.        , 0.63213915],
       [0.        , 0.64312124],
       [0.        , 0.64656252],
       [0.        , 0.64678931],
       [0.        , 0.65219593],
       [0.        , 0.65311873],
       [0.        , 0.65643287],
       [0.        , 0.65920097],
       [0.        , 0.66500896],
       [0.        , 0.66570091],
       [0.        , 0.66724849],
       [0.        , 0.67352569],
       [0.        , 0.67507291],
       [0.        , 0.67549247],
       [0.        , 0.68003786],
       [0.        , 0.68082184],
       [0.        , 0.68263626],
       [0.        , 0.68510234],
       [0.        , 0.69072378],
       [0.        , 0.69469953],
       [0.        , 0.70245641],
       [0.        , 0.70476872],
       [0.        , 0.70879382],
       [0.        , 0.70894796],
       [0.        , 0.70981807],
       [0.        , 0.71232849],
       [0.        , 0.7126314 ],
       [0.        , 0.7131111 ],
       [0.        , 0.71682382],
       [0.        , 0.71755993],
       [0.        , 0.72226739],
       [0.        , 0.72529048],
       [0.        , 0.72919816],
       [0.        , 0.73776627],
       [0.        , 0.74710155],
       [0.        , 0.76592904],
       [0.        , 0.77770036],
       [0.        , 0.78101146],
       [0.        , 0.78272897],
       [0.        , 0.788737  ],
       [0.        , 0.79410249],
       [0.        , 0.80557859],
       [0.        , 0.80823618],
       [0.        , 0.81046063],
       [0.        ,        inf]]), array([[0.50763631, 0.54831183]])]",False
69,0.8655701875686646,0.01488715410232544,0.6091416478157043,48.24,4.207061124048122,3,0.03289109468460083,0.019419193267822266,0.017406513293584187,0.48,0.8860667091553844,"[array([[0.        , 0.36065787],
       [0.        , 0.37337586],
       [0.        , 0.37973139],
       [0.        , 0.38715273],
       [0.        , 0.39394933],
       [0.        , 0.39535582],
       [0.        , 0.4024018 ],
       [0.        , 0.4200452 ],
       [0.        , 0.43057579],
       [0.        , 0.43742695],
       [0.        , 0.4407419 ],
       [0.        , 0.44131434],
       [0.        , 0.44395688],
       [0.        , 0.45158815],
       [0.        , 0.45996878],
       [0.        , 0.46154895],
       [0.        , 0.46611732],
       [0.        , 0.47337952],
       [0.        , 0.47856694],
       [0.        , 0.48993608],
       [0.        , 0.49441165],
       [0.        , 0.50319093],
       [0.        , 0.50552267],
       [0.        , 0.50763631],
       [0.        , 0.53446275],
       [0.        , 0.5601083 ],
       [0.        , 0.56347179],
       [0.        , 0.59572577],
       [0.        , 0.59711146],
       [0.        , 0.59850907],
       [0.        , 0.6167416 ],
       [0.        , 0.61718887],
       [0.        , 0.61858058],
       [0.        , 0.6256367 ],
       [0.        , 0.63505155],
       [0.        , 0.64312124],
       [0.        , 0.65985948],
       [0.        , 0.66313863],
       [0.        , 0.66724849],
       [0.        , 0.66821128],
       [0.        , 0.67111045],
       [0.        , 0.68003786],
       [0.        , 0.68424034],
       [0.        , 0.68900162],
       [0.        , 0.69110173],
       [0.        , 0.69399297],
       [0.        , 0.69570953],
       [0.        , 0.70494252],
       [0.        , 0.70652741],
       [0.        , 0.71070999],
       [0.        , 0.71545589],
       [0.        , 0.73168314],
       [0.        , 0.7322157 ],
       [0.        , 0.73333347],
       [0.        , 0.73780137],
       [0.        , 0.7432577 ],
       [0.        , 0.74466878],
       [0.        , 0.74631572],
       [0.        , 0.75007266],
       [0.        , 0.75971699],
       [0.        , 0.7633099 ],
       [0.        , 0.76409489],
       [0.        , 0.7747345 ],
       [0.        , 0.7794314 ],
       [0.        , 0.79852343],
       [0.        , 0.82022816],
       [0.        , 0.82958162],
       [0.        , 0.85068303],
       [0.        , 0.86557019],
       [0.        ,        inf]]), array([[0.50720167, 0.54009277],
       [0.48856062, 0.50203252],
       [0.43346915, 0.43932569]])]",False
61,0.8489511609077454,0.019369542598724365,0.6000192145832249,42.9,4.083260525311936,0,0.0,0.0,0.0,0.0,0.0,"[array([[0.        , 0.36035633],
       [0.        , 0.38715273],
       [0.        , 0.39394933],
       [0.        , 0.39707401],
       [0.        , 0.40142474],
       [0.        , 0.4024018 ],
       [0.        , 0.41812924],
       [0.        , 0.41882491],
       [0.        , 0.4200452 ],
       [0.        , 0.42784503],
       [0.        , 0.42880875],
       [0.        , 0.43742695],
       [0.        , 0.43789533],
       [0.        , 0.4407419 ],
       [0.        , 0.44134226],
       [0.        , 0.45158815],
       [0.        , 0.45816064],
       [0.        , 0.46668717],
       [0.        , 0.49441165],
       [0.        , 0.50319093],
       [0.        , 0.50763631],
       [0.        , 0.52250391],
       [0.        , 0.5601083 ],
       [0.        , 0.56188154],
       [0.        , 0.56347179],
       [0.        , 0.56363392],
       [0.        , 0.58911747],
       [0.        , 0.60762435],
       [0.        , 0.62103087],
       [0.        , 0.62687325],
       [0.        , 0.63410687],
       [0.        , 0.64250994],
       [0.        , 0.64701724],
       [0.        , 0.64790231],
       [0.        , 0.6562044 ],
       [0.        , 0.65918511],
       [0.        , 0.66044641],
       [0.        , 0.6659075 ],
       [0.        , 0.66886812],
       [0.        , 0.67116433],
       [0.        , 0.67158049],
       [0.        , 0.67548895],
       [0.        , 0.68003786],
       [0.        , 0.68894786],
       [0.        , 0.69862539],
       [0.        , 0.70498931],
       [0.        , 0.70916331],
       [0.        , 0.71259904],
       [0.        , 0.73522252],
       [0.        , 0.73885781],
       [0.        , 0.7471022 ],
       [0.        , 0.75145006],
       [0.        , 0.7742669 ],
       [0.        , 0.78170443],
       [0.        , 0.79217738],
       [0.        , 0.79563016],
       [0.        , 0.79686266],
       [0.        , 0.79789573],
       [0.        , 0.80538625],
       [0.        , 0.82958162],
       [0.        , 0.84895116],
       [0.        ,        inf]]), array([], shape=(0, 2), dtype=float64)]",True
65,0.8638572692871094,0.03507786989212036,0.6225864208661593,46.44,4.149836848923488,1,0.012596756219863892,0.012596756219863892,0.012596756219863892,0.98,-0.0,"[array([[0.        , 0.37337586],
       [0.        , 0.38544127],
       [0.        , 0.38715273],
       [0.        , 0.39394933],
       [0.        , 0.4024018 ],
       [0.        , 0.41882491],
       [0.        , 0.4200452 ],
       [0.        , 0.43742695],
       [0.        , 0.43905649],
       [0.        , 0.4407419 ],
       [0.        , 0.44131434],
       [0.        , 0.45158815],
       [0.        , 0.45816064],
       [0.        , 0.46344507],
       [0.        , 0.48856062],
       [0.        , 0.49441165],
       [0.        , 0.50319093],
       [0.        , 0.50763631],
       [0.        , 0.52003831],
       [0.        , 0.53667474],
       [0.        , 0.5601083 ],
       [0.        , 0.56347179],
       [0.        , 0.57141787],
       [0.        , 0.59717441],
       [0.        , 0.59891677],
       [0.        , 0.60134113],
       [0.        , 0.60460848],
       [0.        , 0.61360991],
       [0.        , 0.61858058],
       [0.        , 0.61956197],
       [0.        , 0.63815796],
       [0.        , 0.64312124],
       [0.        , 0.64615417],
       [0.        , 0.6466158 ],
       [0.        , 0.65100533],
       [0.        , 0.66607153],
       [0.        , 0.66944724],
       [0.        , 0.67122942],
       [0.        , 0.67965782],
       [0.        , 0.68003786],
       [0.        , 0.68432075],
       [0.        , 0.68761957],
       [0.        , 0.70364922],
       [0.        , 0.70498931],
       [0.        , 0.70995396],
       [0.        , 0.71296352],
       [0.        , 0.71800894],
       [0.        , 0.73586226],
       [0.        , 0.73874879],
       [0.        , 0.73879617],
       [0.        , 0.74598753],
       [0.        , 0.75291187],
       [0.        , 0.76394653],
       [0.        , 0.76409489],
       [0.        , 0.76576567],
       [0.        , 0.76972318],
       [0.        , 0.7742402 ],
       [0.        , 0.78609794],
       [0.        , 0.79660475],
       [0.        , 0.7970894 ],
       [0.        , 0.80538625],
       [0.        , 0.80602199],
       [0.        , 0.80897123],
       [0.        , 0.8287794 ],
       [0.        , 0.86385727],
       [0.        ,        inf]]), array([[0.48943576, 0.50203252]])]",True
54,0.857903778553009,0.001011192798614502,0.6388209876086977,39.86,3.966221753747366,1,0.004353702068328857,0.004353702068328857,0.004353702068328857,0.98,-0.0,"[array([[0.        , 0.38715273],
       [0.        , 0.39394933],
       [0.        , 0.4024018 ],
       [0.        , 0.4200452 ],
       [0.        , 0.43726656],
       [0.        , 0.43742695],
       [0.        , 0.44034603],
       [0.        , 0.4407419 ],
       [0.        , 0.45158815],
       [0.        , 0.48291454],
       [0.        , 0.48943576],
       [0.        , 0.49441165],
       [0.        , 0.50319093],
       [0.        , 0.50763631],
       [0.        , 0.5601083 ],
       [0.        , 0.56347179],
       [0.        , 0.56561732],
       [0.        , 0.59025151],
       [0.        , 0.60213548],
       [0.        , 0.61256677],
       [0.        , 0.61349308],
       [0.        , 0.6166203 ],
       [0.        , 0.64915735],
       [0.        , 0.65675479],
       [0.        , 0.65810359],
       [0.        , 0.66027415],
       [0.        , 0.67162603],
       [0.        , 0.67346036],
       [0.        , 0.6739465 ],
       [0.        , 0.67566377],
       [0.        , 0.67639655],
       [0.        , 0.68003786],
       [0.        , 0.68082184],
       [0.        , 0.68833119],
       [0.        , 0.69377327],
       [0.        , 0.71276659],
       [0.        , 0.71327811],
       [0.        , 0.71636444],
       [0.        , 0.72562236],
       [0.        , 0.72968483],
       [0.        , 0.73381144],
       [0.        , 0.74598753],
       [0.        , 0.74740577],
       [0.        , 0.75350577],
       [0.        , 0.77625459],
       [0.        , 0.79584223],
       [0.        , 0.79733145],
       [0.        , 0.80344808],
       [0.        , 0.80442625],
       [0.        , 0.80580741],
       [0.        , 0.82749158],
       [0.        , 0.84138888],
       [0.        , 0.85689259],
       [0.        , 0.85790378],
       [0.        ,        inf]]), array([[0.54395813, 0.54831183]])]",True
65,0.8515381813049316,0.021956562995910645,0.609568728850438,46.28,4.154103995233075,0,0.0,0.0,0.0,0.0,0.0,"[array([[0.        , 0.36065787],
       [0.        , 0.38715273],
       [0.        , 0.4024018 ],
       [0.        , 0.4200452 ],
       [0.        , 0.43022469],
       [0.        , 0.43057579],
       [0.        , 0.43742695],
       [0.        , 0.43905649],
       [0.        , 0.4407419 ],
       [0.        , 0.44131434],
       [0.        , 0.45158815],
       [0.        , 0.47337952],
       [0.        , 0.48953468],
       [0.        , 0.49303174],
       [0.        , 0.49441165],
       [0.        , 0.50319093],
       [0.        , 0.50553972],
       [0.        , 0.50763631],
       [0.        , 0.51358932],
       [0.        , 0.51425546],
       [0.        , 0.5193283 ],
       [0.        , 0.5601083 ],
       [0.        , 0.56347179],
       [0.        , 0.56363392],
       [0.        , 0.57815135],
       [0.        , 0.59716791],
       [0.        , 0.60134113],
       [0.        , 0.60249782],
       [0.        , 0.60374957],
       [0.        , 0.61285537],
       [0.        , 0.61906511],
       [0.        , 0.63001907],
       [0.        , 0.63213915],
       [0.        , 0.63900375],
       [0.        , 0.63983828],
       [0.        , 0.64701724],
       [0.        , 0.65219593],
       [0.        , 0.66133404],
       [0.        , 0.66436255],
       [0.        , 0.66570091],
       [0.        , 0.66821206],
       [0.        , 0.67251694],
       [0.        , 0.68003786],
       [0.        , 0.68139982],
       [0.        , 0.68184775],
       [0.        , 0.68894786],
       [0.        , 0.69407547],
       [0.        , 0.70214337],
       [0.        , 0.70795566],
       [0.        , 0.70939648],
       [0.        , 0.70987576],
       [0.        , 0.71276659],
       [0.        , 0.71739012],
       [0.        , 0.72139412],
       [0.        , 0.72522217],
       [0.        , 0.73136008],
       [0.        , 0.73268378],
       [0.        , 0.74032652],
       [0.        , 0.74631572],
       [0.        , 0.75946927],
       [0.        , 0.76953471],
       [0.        , 0.78182143],
       [0.        , 0.81741732],
       [0.        , 0.82958162],
       [0.        , 0.85153818],
       [0.        ,        inf]]), array([], shape=(0, 2), dtype=float64)]",True
78,0.8477302193641663,0.0072332024574279785,0.6187944500110089,56.58,4.334542502633505,1,0.0018787682056427002,0.0018787682056427002,0.0018787682056427002,0.98,-0.0,"[array([[0.        , 0.38715273],
       [0.        , 0.39394933],
       [0.        , 0.4024018 ],
       [0.        , 0.41486451],
       [0.        , 0.41882491],
       [0.        , 0.4200452 ],
       [0.        , 0.42704388],
       [0.        , 0.42880875],
       [0.        , 0.43057579],
       [0.        , 0.43742695],
       [0.        , 0.43789533],
       [0.        , 0.4407419 ],
       [0.        , 0.44131434],
       [0.        , 0.45158815],
       [0.        , 0.46668717],
       [0.        , 0.47109911],
       [0.        , 0.47358829],
       [0.        , 0.47888732],
       [0.        , 0.49441165],
       [0.        , 0.49710396],
       [0.        , 0.50319093],
       [0.        , 0.50763631],
       [0.        , 0.52167404],
       [0.        , 0.52495223],
       [0.        , 0.53446275],
       [0.        , 0.5601083 ],
       [0.        , 0.56347179],
       [0.        , 0.5829581 ],
       [0.        , 0.59352452],
       [0.        , 0.59644121],
       [0.        , 0.59764981],
       [0.        , 0.60762435],
       [0.        , 0.61333555],
       [0.        , 0.61608994],
       [0.        , 0.61980754],
       [0.        , 0.62757993],
       [0.        , 0.6333186 ],
       [0.        , 0.64312124],
       [0.        , 0.6466158 ],
       [0.        , 0.65774447],
       [0.        , 0.66337144],
       [0.        , 0.66821128],
       [0.        , 0.66962457],
       [0.        , 0.67348361],
       [0.        , 0.67470199],
       [0.        , 0.68003786],
       [0.        , 0.68223733],
       [0.        , 0.68389183],
       [0.        , 0.68478179],
       [0.        , 0.68717146],
       [0.        , 0.68881077],
       [0.        , 0.69489175],
       [0.        , 0.69525212],
       [0.        , 0.6978156 ],
       [0.        , 0.69811511],
       [0.        , 0.70443803],
       [0.        , 0.70605522],
       [0.        , 0.70765209],
       [0.        , 0.70909816],
       [0.        , 0.71188736],
       [0.        , 0.71773231],
       [0.        , 0.71780467],
       [0.        , 0.72699928],
       [0.        , 0.72920424],
       [0.        , 0.73140281],
       [0.        , 0.73168314],
       [0.        , 0.74034178],
       [0.        , 0.74407691],
       [0.        , 0.76597565],
       [0.        , 0.77204281],
       [0.        , 0.77819431],
       [0.        , 0.79686266],
       [0.        , 0.7979666 ],
       [0.        , 0.82523495],
       [0.        , 0.82619047],
       [0.        , 0.8287794 ],
       [0.        , 0.84049702],
       [0.        , 0.84773022],
       [0.        ,        inf]]), array([[0.45820966, 0.46008843]])]",True
77,0.8582417964935303,0.0043790340423583984,0.6179929216960808,55.0,4.315717764247978,3,0.02166140079498291,0.01767420768737793,0.009175787369410196,0.5,0.6516579973188652,"[array([[0.        , 0.34494105],
       [0.        , 0.38143098],
       [0.        , 0.38715273],
       [0.        , 0.39394933],
       [0.        , 0.4024018 ],
       [0.        , 0.41882491],
       [0.        , 0.4200452 ],
       [0.        , 0.42704388],
       [0.        , 0.42880875],
       [0.        , 0.43022469],
       [0.        , 0.43057579],
       [0.        , 0.43742695],
       [0.        , 0.43869025],
       [0.        , 0.4407419 ],
       [0.        , 0.44131434],
       [0.        , 0.44134226],
       [0.        , 0.45158815],
       [0.        , 0.46668717],
       [0.        , 0.46972904],
       [0.        , 0.49441165],
       [0.        , 0.49944043],
       [0.        , 0.50238061],
       [0.        , 0.50763631],
       [0.        , 0.5083698 ],
       [0.        , 0.52167404],
       [0.        , 0.52880079],
       [0.        , 0.53939617],
       [0.        , 0.54789191],
       [0.        , 0.5601083 ],
       [0.        , 0.56347179],
       [0.        , 0.57204515],
       [0.        , 0.57611614],
       [0.        , 0.57753301],
       [0.        , 0.58206582],
       [0.        , 0.59711146],
       [0.        , 0.61153382],
       [0.        , 0.61256677],
       [0.        , 0.61349308],
       [0.        , 0.62320536],
       [0.        , 0.64523572],
       [0.        , 0.66293645],
       [0.        , 0.67108697],
       [0.        , 0.67158049],
       [0.        , 0.67639655],
       [0.        , 0.67927724],
       [0.        , 0.68003786],
       [0.        , 0.68026155],
       [0.        , 0.68268132],
       [0.        , 0.68352681],
       [0.        , 0.69018435],
       [0.        , 0.70646399],
       [0.        , 0.71147448],
       [0.        , 0.71440351],
       [0.        , 0.71622998],
       [0.        , 0.71767491],
       [0.        , 0.72281027],
       [0.        , 0.74407691],
       [0.        , 0.75469291],
       [0.        , 0.75755519],
       [0.        , 0.76409489],
       [0.        , 0.76538998],
       [0.        , 0.76649565],
       [0.        , 0.76999605],
       [0.        , 0.7747345 ],
       [0.        , 0.78075242],
       [0.        , 0.78159374],
       [0.        , 0.78376096],
       [0.        , 0.79182577],
       [0.        , 0.79686266],
       [0.        , 0.80066091],
       [0.        , 0.81886274],
       [0.        , 0.82415462],
       [0.        , 0.82619047],
       [0.        , 0.83010465],
       [0.        , 0.83711135],
       [0.        , 0.85386276],
       [0.        , 0.8582418 ],
       [0.        ,        inf]]), array([[0.50803167, 0.51201886],
       [0.47355893, 0.49522033],
       [0.45820966, 0.46008843]])]",True
36,0.8345350623130798,0.004953444004058838,0.6041551091604762,25.88,3.5584946169774208,0,0.0,0.0,0.0,0.0,0.0,"[array([[0.        , 0.37337586],
       [0.        , 0.38715273],
       [0.        , 0.4200452 ],
       [0.        , 0.42704388],
       [0.        , 0.45820966],
       [0.        , 0.4618395 ],
       [0.        , 0.46795636],
       [0.        , 0.48022604],
       [0.        , 0.48368201],
       [0.        , 0.48943576],
       [0.        , 0.49441165],
       [0.        , 0.50319093],
       [0.        , 0.50763631],
       [0.        , 0.51805323],
       [0.        , 0.53278875],
       [0.        , 0.5601083 ],
       [0.        , 0.56347179],
       [0.        , 0.60249782],
       [0.        , 0.62417752],
       [0.        , 0.63804781],
       [0.        , 0.63983828],
       [0.        , 0.64312005],
       [0.        , 0.67122942],
       [0.        , 0.68003786],
       [0.        , 0.6803174 ],
       [0.        , 0.68648261],
       [0.        , 0.72976381],
       [0.        , 0.73333347],
       [0.        , 0.73586226],
       [0.        , 0.75145006],
       [0.        , 0.75469291],
       [0.        , 0.7747345 ],
       [0.        , 0.7970894 ],
       [0.        , 0.8141641 ],
       [0.        , 0.82958162],
       [0.        , 0.83453506],
       [0.        ,        inf]]), array([], shape=(0, 2), dtype=float64)]",True
76,0.8525242209434509,0.008693099021911621,0.6198074288274112,54.94,4.3075500368446935,0,0.0,0.0,0.0,0.0,0.0,"[array([[0.        , 0.38715273],
       [0.        , 0.39394933],
       [0.        , 0.4024018 ],
       [0.        , 0.41812924],
       [0.        , 0.41882491],
       [0.        , 0.4200452 ],
       [0.        , 0.42880875],
       [0.        , 0.43742695],
       [0.        , 0.43789533],
       [0.        , 0.43905649],
       [0.        , 0.4407419 ],
       [0.        , 0.44131434],
       [0.        , 0.45008722],
       [0.        , 0.45158815],
       [0.        , 0.45816064],
       [0.        , 0.46668717],
       [0.        , 0.46972904],
       [0.        , 0.47109911],
       [0.        , 0.47358829],
       [0.        , 0.48744982],
       [0.        , 0.49441165],
       [0.        , 0.49710396],
       [0.        , 0.50319093],
       [0.        , 0.50763631],
       [0.        , 0.53446275],
       [0.        , 0.5601083 ],
       [0.        , 0.56347179],
       [0.        , 0.56529474],
       [0.        , 0.58833694],
       [0.        , 0.59352452],
       [0.        , 0.61333555],
       [0.        , 0.62757993],
       [0.        , 0.64312124],
       [0.        , 0.6466158 ],
       [0.        , 0.64701724],
       [0.        , 0.65774447],
       [0.        , 0.65931249],
       [0.        , 0.65985948],
       [0.        , 0.66044641],
       [0.        , 0.66337144],
       [0.        , 0.66724849],
       [0.        , 0.66821128],
       [0.        , 0.66962457],
       [0.        , 0.67158049],
       [0.        , 0.68003786],
       [0.        , 0.68223733],
       [0.        , 0.68478179],
       [0.        , 0.68646944],
       [0.        , 0.68991464],
       [0.        , 0.69299561],
       [0.        , 0.69811511],
       [0.        , 0.70156389],
       [0.        , 0.70234281],
       [0.        , 0.70443803],
       [0.        , 0.70765209],
       [0.        , 0.70909816],
       [0.        , 0.71188736],
       [0.        , 0.73140281],
       [0.        , 0.7322157 ],
       [0.        , 0.74034178],
       [0.        , 0.74407691],
       [0.        , 0.7471022 ],
       [0.        , 0.7480827 ],
       [0.        , 0.75145006],
       [0.        , 0.75213277],
       [0.        , 0.75469291],
       [0.        , 0.75762284],
       [0.        , 0.76523238],
       [0.        , 0.76597565],
       [0.        , 0.77819431],
       [0.        , 0.78052568],
       [0.        , 0.79686266],
       [0.        , 0.82523495],
       [0.        , 0.82958162],
       [0.        , 0.84383112],
       [0.        , 0.85252422],
       [0.        ,        inf]]), array([], shape=(0, 2), dtype=float64)]",False
173,0.8458439707756042,0.0028904080390930176,0.6423788807984722,130.54,5.135450042638442,4,0.03884565830230713,0.027835339307785034,0.013020269572734833,0.62,0.7003941975800949,"[array([[0.        , 0.37337586],
       [0.        , 0.38544127],
       [0.        , 0.38715273],
       [0.        , 0.39394933],
       [0.        , 0.4024018 ],
       [0.        , 0.41499496],
       [0.        , 0.41812924],
       [0.        , 0.41882491],
       [0.        , 0.4200452 ],
       [0.        , 0.4210099 ],
       [0.        , 0.42704388],
       [0.        , 0.42880875],
       [0.        , 0.43584964],
       [0.        , 0.43742695],
       [0.        , 0.43789533],
       [0.        , 0.43869025],
       [0.        , 0.43905649],
       [0.        , 0.4407419 ],
       [0.        , 0.44131434],
       [0.        , 0.44134226],
       [0.        , 0.45008722],
       [0.        , 0.45158815],
       [0.        , 0.45816064],
       [0.        , 0.46210781],
       [0.        , 0.46972904],
       [0.        , 0.47358829],
       [0.        , 0.47560501],
       [0.        , 0.4921304 ],
       [0.        , 0.49441165],
       [0.        , 0.5014888 ],
       [0.        , 0.50319093],
       [0.        , 0.50763631],
       [0.        , 0.51280475],
       [0.        , 0.51699477],
       [0.        , 0.53446275],
       [0.        , 0.53487867],
       [0.        , 0.54428726],
       [0.        , 0.54901505],
       [0.        , 0.56006187],
       [0.        , 0.5601083 ],
       [0.        , 0.56347179],
       [0.        , 0.56529474],
       [0.        , 0.56674522],
       [0.        , 0.56914806],
       [0.        , 0.57141787],
       [0.        , 0.5799017 ],
       [0.        , 0.58138281],
       [0.        , 0.58724385],
       [0.        , 0.59352452],
       [0.        , 0.59511125],
       [0.        , 0.59745759],
       [0.        , 0.600411  ],
       [0.        , 0.60134113],
       [0.        , 0.60470945],
       [0.        , 0.61086446],
       [0.        , 0.61333555],
       [0.        , 0.61395985],
       [0.        , 0.61497611],
       [0.        , 0.61587459],
       [0.        , 0.61858058],
       [0.        , 0.62542242],
       [0.        , 0.62567049],
       [0.        , 0.62698603],
       [0.        , 0.62757993],
       [0.        , 0.63213915],
       [0.        , 0.63266665],
       [0.        , 0.6342932 ],
       [0.        , 0.63485289],
       [0.        , 0.63899243],
       [0.        , 0.64312124],
       [0.        , 0.64323443],
       [0.        , 0.645657  ],
       [0.        , 0.64630258],
       [0.        , 0.64649081],
       [0.        , 0.6466158 ],
       [0.        , 0.64757138],
       [0.        , 0.64780909],
       [0.        , 0.64790231],
       [0.        , 0.65118778],
       [0.        , 0.65546256],
       [0.        , 0.65659493],
       [0.        , 0.65692902],
       [0.        , 0.65707487],
       [0.        , 0.65737855],
       [0.        , 0.65898514],
       [0.        , 0.65967602],
       [0.        , 0.66180307],
       [0.        , 0.66186082],
       [0.        , 0.66337144],
       [0.        , 0.66571653],
       [0.        , 0.66809869],
       [0.        , 0.66821128],
       [0.        , 0.66962457],
       [0.        , 0.67013687],
       [0.        , 0.6739465 ],
       [0.        , 0.67832834],
       [0.        , 0.68003786],
       [0.        , 0.68080336],
       [0.        , 0.68216431],
       [0.        , 0.68223733],
       [0.        , 0.68478179],
       [0.        , 0.68721074],
       [0.        , 0.69811511],
       [0.        , 0.70018244],
       [0.        , 0.70035207],
       [0.        , 0.70050138],
       [0.        , 0.70067245],
       [0.        , 0.702061  ],
       [0.        , 0.70361441],
       [0.        , 0.7036615 ],
       [0.        , 0.70443803],
       [0.        , 0.70461494],
       [0.        , 0.70765209],
       [0.        , 0.70814538],
       [0.        , 0.70909816],
       [0.        , 0.71097296],
       [0.        , 0.71188736],
       [0.        , 0.71215898],
       [0.        , 0.71462029],
       [0.        , 0.71737885],
       [0.        , 0.7190125 ],
       [0.        , 0.71914786],
       [0.        , 0.71940768],
       [0.        , 0.71959531],
       [0.        , 0.71996498],
       [0.        , 0.72325182],
       [0.        , 0.72777003],
       [0.        , 0.72837371],
       [0.        , 0.72945398],
       [0.        , 0.73140281],
       [0.        , 0.73212075],
       [0.        , 0.73337263],
       [0.        , 0.73505795],
       [0.        , 0.74034178],
       [0.        , 0.74262482],
       [0.        , 0.7428205 ],
       [0.        , 0.74407691],
       [0.        , 0.74709332],
       [0.        , 0.7480827 ],
       [0.        , 0.74853253],
       [0.        , 0.74969196],
       [0.        , 0.75153995],
       [0.        , 0.7547037 ],
       [0.        , 0.7549476 ],
       [0.        , 0.75680184],
       [0.        , 0.75798881],
       [0.        , 0.76056904],
       [0.        , 0.76220125],
       [0.        , 0.76597565],
       [0.        , 0.76948744],
       [0.        , 0.76957768],
       [0.        , 0.7707324 ],
       [0.        , 0.77819431],
       [0.        , 0.77823973],
       [0.        , 0.78191507],
       [0.        , 0.78219372],
       [0.        , 0.78470248],
       [0.        , 0.78854907],
       [0.        , 0.7888276 ],
       [0.        , 0.789738  ],
       [0.        , 0.79158801],
       [0.        , 0.79396451],
       [0.        , 0.79423696],
       [0.        , 0.79482806],
       [0.        , 0.79575884],
       [0.        , 0.79686266],
       [0.        , 0.7976405 ],
       [0.        , 0.79987377],
       [0.        , 0.82357627],
       [0.        , 0.82523495],
       [0.        , 0.82546008],
       [0.        , 0.84295356],
       [0.        , 0.84584397],
       [0.        ,        inf]]), array([[0.50369948, 0.54254514],
       [0.494874  , 0.49522033],
       [0.48856062, 0.49957094],
       [0.45820966, 0.46008843]])]",False
85,0.8429535627365112,0.03324919939041138,0.601299393527648,60.34,4.4191403268778835,2,0.004353702068328857,0.0024749338626861572,0.003116235136985779,0.08,0.612086539765078,"[array([[0.        , 0.38544127],
       [0.        , 0.38715273],
       [0.        , 0.39394933],
       [0.        , 0.39535582],
       [0.        , 0.4024018 ],
       [0.        , 0.41882491],
       [0.        , 0.4200452 ],
       [0.        , 0.42704388],
       [0.        , 0.43425018],
       [0.        , 0.43726656],
       [0.        , 0.43742695],
       [0.        , 0.43789533],
       [0.        , 0.43869025],
       [0.        , 0.43905649],
       [0.        , 0.44034603],
       [0.        , 0.4407419 ],
       [0.        , 0.45158815],
       [0.        , 0.45816064],
       [0.        , 0.46611732],
       [0.        , 0.46972904],
       [0.        , 0.47109911],
       [0.        , 0.47358829],
       [0.        , 0.48943576],
       [0.        , 0.49441165],
       [0.        , 0.49915579],
       [0.        , 0.50319093],
       [0.        , 0.50763631],
       [0.        , 0.50881958],
       [0.        , 0.51699477],
       [0.        , 0.51701277],
       [0.        , 0.52103931],
       [0.        , 0.53725046],
       [0.        , 0.54901505],
       [0.        , 0.5601083 ],
       [0.        , 0.56347179],
       [0.        , 0.5684827 ],
       [0.        , 0.58138281],
       [0.        , 0.59511125],
       [0.        , 0.600411  ],
       [0.        , 0.60470945],
       [0.        , 0.61086446],
       [0.        , 0.61395985],
       [0.        , 0.61587459],
       [0.        , 0.61622989],
       [0.        , 0.62414104],
       [0.        , 0.62567049],
       [0.        , 0.62584937],
       [0.        , 0.63366669],
       [0.        , 0.63899243],
       [0.        , 0.64506394],
       [0.        , 0.64649081],
       [0.        , 0.65771359],
       [0.        , 0.66809869],
       [0.        , 0.67307574],
       [0.        , 0.67339486],
       [0.        , 0.67728287],
       [0.        , 0.68003786],
       [0.        , 0.68080336],
       [0.        , 0.68721014],
       [0.        , 0.68833119],
       [0.        , 0.69679427],
       [0.        , 0.70170116],
       [0.        , 0.71327811],
       [0.        , 0.71496212],
       [0.        , 0.71888655],
       [0.        , 0.72325182],
       [0.        , 0.72403347],
       [0.        , 0.72804201],
       [0.        , 0.72807795],
       [0.        , 0.72945398],
       [0.        , 0.73212075],
       [0.        , 0.74544716],
       [0.        , 0.75798881],
       [0.        , 0.7607829 ],
       [0.        , 0.76105404],
       [0.        , 0.77506471],
       [0.        , 0.77922875],
       [0.        , 0.78191507],
       [0.        , 0.78409606],
       [0.        , 0.7888276 ],
       [0.        , 0.78969246],
       [0.        , 0.79575884],
       [0.        , 0.80076921],
       [0.        , 0.80970436],
       [0.        , 0.84295356],
       [0.        ,        inf]]), array([[0.54395813, 0.54831183],
       [0.45820966, 0.46008843]])]",True
177,0.8969031572341919,0.019525647163391113,0.6432924620849264,126.22,5.154184070391658,3,0.04067552089691162,0.0037736892700195312,0.029529223839441936,1.48,0.9813422335713821,"[array([[0.        , 0.34494105],
       [0.        , 0.36035633],
       [0.        , 0.37337586],
       [0.        , 0.38544127],
       [0.        , 0.38715273],
       [0.        , 0.39394933],
       [0.        , 0.39535582],
       [0.        , 0.39707401],
       [0.        , 0.4024018 ],
       [0.        , 0.41486451],
       [0.        , 0.41499496],
       [0.        , 0.41882491],
       [0.        , 0.4200452 ],
       [0.        , 0.4210099 ],
       [0.        , 0.42880875],
       [0.        , 0.43057579],
       [0.        , 0.43584964],
       [0.        , 0.43742695],
       [0.        , 0.43789533],
       [0.        , 0.43905649],
       [0.        , 0.44034603],
       [0.        , 0.4407419 ],
       [0.        , 0.44131434],
       [0.        , 0.44134226],
       [0.        , 0.45158815],
       [0.        , 0.45816064],
       [0.        , 0.45996878],
       [0.        , 0.46210781],
       [0.        , 0.47109911],
       [0.        , 0.47358829],
       [0.        , 0.47560501],
       [0.        , 0.49274367],
       [0.        , 0.49370015],
       [0.        , 0.49441165],
       [0.        , 0.494874  ],
       [0.        , 0.49775749],
       [0.        , 0.5014888 ],
       [0.        , 0.51280475],
       [0.        , 0.52250391],
       [0.        , 0.52437967],
       [0.        , 0.53487867],
       [0.        , 0.54428726],
       [0.        , 0.55051845],
       [0.        , 0.56006187],
       [0.        , 0.5601083 ],
       [0.        , 0.56347179],
       [0.        , 0.56363392],
       [0.        , 0.56529474],
       [0.        , 0.56674522],
       [0.        , 0.56914806],
       [0.        , 0.57141787],
       [0.        , 0.57581174],
       [0.        , 0.5799017 ],
       [0.        , 0.58724385],
       [0.        , 0.59745759],
       [0.        , 0.60134113],
       [0.        , 0.61497611],
       [0.        , 0.61721033],
       [0.        , 0.61822152],
       [0.        , 0.61858058],
       [0.        , 0.62035131],
       [0.        , 0.62473536],
       [0.        , 0.62542242],
       [0.        , 0.62698603],
       [0.        , 0.62757993],
       [0.        , 0.62817776],
       [0.        , 0.63213915],
       [0.        , 0.63266665],
       [0.        , 0.6342932 ],
       [0.        , 0.63485289],
       [0.        , 0.64312124],
       [0.        , 0.64323443],
       [0.        , 0.645657  ],
       [0.        , 0.64630258],
       [0.        , 0.64656252],
       [0.        , 0.64678931],
       [0.        , 0.64757138],
       [0.        , 0.64780909],
       [0.        , 0.64790231],
       [0.        , 0.65118778],
       [0.        , 0.65546256],
       [0.        , 0.65659493],
       [0.        , 0.65692902],
       [0.        , 0.65707487],
       [0.        , 0.65737855],
       [0.        , 0.65898514],
       [0.        , 0.65920097],
       [0.        , 0.65967602],
       [0.        , 0.66186082],
       [0.        , 0.66363138],
       [0.        , 0.66527545],
       [0.        , 0.66571653],
       [0.        , 0.6679396 ],
       [0.        , 0.6739465 ],
       [0.        , 0.67549247],
       [0.        , 0.67832834],
       [0.        , 0.68003786],
       [0.        , 0.68216431],
       [0.        , 0.68721074],
       [0.        , 0.68773246],
       [0.        , 0.68814778],
       [0.        , 0.68921077],
       [0.        , 0.69419235],
       [0.        , 0.70018244],
       [0.        , 0.70035207],
       [0.        , 0.70050138],
       [0.        , 0.70067245],
       [0.        , 0.702061  ],
       [0.        , 0.70245641],
       [0.        , 0.70361441],
       [0.        , 0.7036615 ],
       [0.        , 0.70461494],
       [0.        , 0.70830101],
       [0.        , 0.70981807],
       [0.        , 0.71097296],
       [0.        , 0.71215898],
       [0.        , 0.71263295],
       [0.        , 0.71287447],
       [0.        , 0.7131111 ],
       [0.        , 0.71453571],
       [0.        , 0.71462029],
       [0.        , 0.71737885],
       [0.        , 0.71755993],
       [0.        , 0.7190125 ],
       [0.        , 0.71914786],
       [0.        , 0.71959531],
       [0.        , 0.71996498],
       [0.        , 0.72777003],
       [0.        , 0.72837371],
       [0.        , 0.72875971],
       [0.        , 0.73309439],
       [0.        , 0.73337263],
       [0.        , 0.73505795],
       [0.        , 0.74134183],
       [0.        , 0.74262482],
       [0.        , 0.7428205 ],
       [0.        , 0.74709332],
       [0.        , 0.74853253],
       [0.        , 0.74932188],
       [0.        , 0.74969196],
       [0.        , 0.75153995],
       [0.        , 0.7549476 ],
       [0.        , 0.75680184],
       [0.        , 0.76056904],
       [0.        , 0.76157987],
       [0.        , 0.76220125],
       [0.        , 0.76681083],
       [0.        , 0.76948744],
       [0.        , 0.76957768],
       [0.        , 0.7707324 ],
       [0.        , 0.77823973],
       [0.        , 0.78219372],
       [0.        , 0.78272897],
       [0.        , 0.78470248],
       [0.        , 0.78711092],
       [0.        , 0.78854907],
       [0.        , 0.789738  ],
       [0.        , 0.79158801],
       [0.        , 0.79396451],
       [0.        , 0.79423696],
       [0.        , 0.79482806],
       [0.        , 0.7976405 ],
       [0.        , 0.79987377],
       [0.        , 0.80713242],
       [0.        , 0.82357627],
       [0.        , 0.82829386],
       [0.        , 0.83391035],
       [0.        , 0.83865422],
       [0.        , 0.84584397],
       [0.        , 0.84750378],
       [0.        , 0.85087514],
       [0.        , 0.8519932 ],
       [0.        , 0.86177427],
       [0.        , 0.86303198],
       [0.        , 0.8728267 ],
       [0.        , 0.87737751],
       [0.        , 0.89690316],
       [0.        ,        inf]]), array([[0.50763631, 0.54831183],
       [0.50319093, 0.54009277],
       [0.48856062, 0.49957094]])]",False
88,0.8525242209434509,0.01135021448135376,0.619793351739645,63.64,4.456146661990346,0,0.0,0.0,0.0,0.0,0.0,"[array([[0.        , 0.36035633],
       [0.        , 0.38544127],
       [0.        , 0.38715273],
       [0.        , 0.4024018 ],
       [0.        , 0.41882491],
       [0.        , 0.4200452 ],
       [0.        , 0.42880875],
       [0.        , 0.43057579],
       [0.        , 0.43425018],
       [0.        , 0.43726656],
       [0.        , 0.43742695],
       [0.        , 0.43905649],
       [0.        , 0.4407419 ],
       [0.        , 0.45008722],
       [0.        , 0.45158815],
       [0.        , 0.45816064],
       [0.        , 0.46210781],
       [0.        , 0.46668717],
       [0.        , 0.46928936],
       [0.        , 0.47358829],
       [0.        , 0.49441165],
       [0.        , 0.50319093],
       [0.        , 0.50763631],
       [0.        , 0.5237363 ],
       [0.        , 0.53446275],
       [0.        , 0.53452533],
       [0.        , 0.55051845],
       [0.        , 0.5601083 ],
       [0.        , 0.56347179],
       [0.        , 0.56363392],
       [0.        , 0.58206582],
       [0.        , 0.5826872 ],
       [0.        , 0.59352452],
       [0.        , 0.61333555],
       [0.        , 0.6256367 ],
       [0.        , 0.62757993],
       [0.        , 0.63111234],
       [0.        , 0.64250994],
       [0.        , 0.64312124],
       [0.        , 0.6466158 ],
       [0.        , 0.64701724],
       [0.        , 0.64790231],
       [0.        , 0.6627785 ],
       [0.        , 0.66337144],
       [0.        , 0.66436255],
       [0.        , 0.66542017],
       [0.        , 0.6659075 ],
       [0.        , 0.66821128],
       [0.        , 0.66962457],
       [0.        , 0.67040801],
       [0.        , 0.67116433],
       [0.        , 0.67158049],
       [0.        , 0.67352569],
       [0.        , 0.67549247],
       [0.        , 0.68003786],
       [0.        , 0.68223733],
       [0.        , 0.68236887],
       [0.        , 0.68478179],
       [0.        , 0.6858207 ],
       [0.        , 0.68588924],
       [0.        , 0.68814778],
       [0.        , 0.69313359],
       [0.        , 0.693986  ],
       [0.        , 0.69811511],
       [0.        , 0.70443803],
       [0.        , 0.70765209],
       [0.        , 0.70909816],
       [0.        , 0.71188736],
       [0.        , 0.71259904],
       [0.        , 0.71870208],
       [0.        , 0.71996498],
       [0.        , 0.73140281],
       [0.        , 0.73522252],
       [0.        , 0.73829275],
       [0.        , 0.74034178],
       [0.        , 0.74407691],
       [0.        , 0.7480827 ],
       [0.        , 0.74840271],
       [0.        , 0.754825  ],
       [0.        , 0.76597565],
       [0.        , 0.77713084],
       [0.        , 0.77819431],
       [0.        , 0.79217738],
       [0.        , 0.79686266],
       [0.        , 0.8185249 ],
       [0.        , 0.82523495],
       [0.        , 0.84117401],
       [0.        , 0.85252422],
       [0.        ,        inf]]), array([], shape=(0, 2), dtype=float64)]",True
63,0.848983645439148,0.019402027130126953,0.601697099587274,44.46,4.121025700092911,2,0.012596756219863892,0.010717988014221191,0.007237762212753296,0.34,0.3859859809911162,"[array([[0.        , 0.37337586],
       [0.        , 0.38715273],
       [0.        , 0.39394933],
       [0.        , 0.41882491],
       [0.        , 0.4200452 ],
       [0.        , 0.42704388],
       [0.        , 0.43425018],
       [0.        , 0.43726656],
       [0.        , 0.43742695],
       [0.        , 0.4407419 ],
       [0.        , 0.44134226],
       [0.        , 0.45816064],
       [0.        , 0.47109911],
       [0.        , 0.48856062],
       [0.        , 0.49335283],
       [0.        , 0.49441165],
       [0.        , 0.49797761],
       [0.        , 0.50319093],
       [0.        , 0.50424999],
       [0.        , 0.50763631],
       [0.        , 0.51019049],
       [0.        , 0.51463467],
       [0.        , 0.51805323],
       [0.        , 0.5601083 ],
       [0.        , 0.56347179],
       [0.        , 0.57406068],
       [0.        , 0.58090478],
       [0.        , 0.59401685],
       [0.        , 0.59764981],
       [0.        , 0.60930002],
       [0.        , 0.62417752],
       [0.        , 0.62430167],
       [0.        , 0.62698597],
       [0.        , 0.62778896],
       [0.        , 0.62843573],
       [0.        , 0.63213915],
       [0.        , 0.63437635],
       [0.        , 0.63804781],
       [0.        , 0.64271283],
       [0.        , 0.65239954],
       [0.        , 0.66880035],
       [0.        , 0.67501163],
       [0.        , 0.68003786],
       [0.        , 0.68389875],
       [0.        , 0.68721074],
       [0.        , 0.68777621],
       [0.        , 0.69886506],
       [0.        , 0.70024103],
       [0.        , 0.71636444],
       [0.        , 0.71705091],
       [0.        , 0.72012049],
       [0.        , 0.72976381],
       [0.        , 0.7437669 ],
       [0.        , 0.74384332],
       [0.        , 0.74966681],
       [0.        , 0.75013965],
       [0.        , 0.76296699],
       [0.        , 0.76854318],
       [0.        , 0.77156967],
       [0.        , 0.7747345 ],
       [0.        , 0.8141641 ],
       [0.        , 0.82958162],
       [0.        , 0.84898365],
       [0.        ,        inf]]), array([[0.48943576, 0.50203252],
       [0.45820966, 0.46008843]])]",False
65,0.8776195645332336,0.03712254762649536,0.6322030649735377,46.5,4.1507037514859455,1,0.004353702068328857,0.004353702068328857,0.004353702068328857,0.98,-0.0,"[array([[0.        , 0.38715273],
       [0.        , 0.39394933],
       [0.        , 0.4024018 ],
       [0.        , 0.41882491],
       [0.        , 0.4200452 ],
       [0.        , 0.42880875],
       [0.        , 0.43742695],
       [0.        , 0.44034603],
       [0.        , 0.4407419 ],
       [0.        , 0.44131434],
       [0.        , 0.44134226],
       [0.        , 0.45158815],
       [0.        , 0.46668717],
       [0.        , 0.47109911],
       [0.        , 0.47888732],
       [0.        , 0.49441165],
       [0.        , 0.50319093],
       [0.        , 0.50763631],
       [0.        , 0.53939617],
       [0.        , 0.5459165 ],
       [0.        , 0.5601083 ],
       [0.        , 0.56347179],
       [0.        , 0.60762435],
       [0.        , 0.61608994],
       [0.        , 0.62417752],
       [0.        , 0.63133812],
       [0.        , 0.63214779],
       [0.        , 0.63761818],
       [0.        , 0.64047289],
       [0.        , 0.64312124],
       [0.        , 0.65550983],
       [0.        , 0.6652    ],
       [0.        , 0.66821128],
       [0.        , 0.67348361],
       [0.        , 0.68003786],
       [0.        , 0.68625969],
       [0.        , 0.68717146],
       [0.        , 0.69073325],
       [0.        , 0.69489175],
       [0.        , 0.69525212],
       [0.        , 0.69758946],
       [0.        , 0.6978156 ],
       [0.        , 0.70125401],
       [0.        , 0.70386809],
       [0.        , 0.70605522],
       [0.        , 0.71071994],
       [0.        , 0.71691865],
       [0.        , 0.71745729],
       [0.        , 0.71780467],
       [0.        , 0.72611928],
       [0.        , 0.73168314],
       [0.        , 0.73227823],
       [0.        , 0.73369062],
       [0.        , 0.75806272],
       [0.        , 0.76523238],
       [0.        , 0.7653687 ],
       [0.        , 0.79990369],
       [0.        , 0.80034947],
       [0.        , 0.81380236],
       [0.        , 0.82415462],
       [0.        , 0.82619047],
       [0.        , 0.83157706],
       [0.        , 0.83309847],
       [0.        , 0.84049702],
       [0.        , 0.87761956],
       [0.        ,        inf]]), array([[0.54395813, 0.54831183]])]",False
93,0.8498784899711609,0.024643540382385254,0.6242274462535817,67.86,4.510577441459962,2,0.0039871931076049805,0.0021084249019622803,0.0029329806566238403,0.1,0.6270826574860846,"[array([[0.        , 0.38715273],
       [0.        , 0.39394933],
       [0.        , 0.40142474],
       [0.        , 0.4024018 ],
       [0.        , 0.40886256],
       [0.        , 0.41812924],
       [0.        , 0.4200452 ],
       [0.        , 0.42704388],
       [0.        , 0.42880875],
       [0.        , 0.43022469],
       [0.        , 0.43742695],
       [0.        , 0.43905649],
       [0.        , 0.4407419 ],
       [0.        , 0.44131434],
       [0.        , 0.44134226],
       [0.        , 0.45008722],
       [0.        , 0.45158815],
       [0.        , 0.46154895],
       [0.        , 0.46668717],
       [0.        , 0.47358829],
       [0.        , 0.47856694],
       [0.        , 0.49441165],
       [0.        , 0.49965605],
       [0.        , 0.50319093],
       [0.        , 0.50763631],
       [0.        , 0.51260686],
       [0.        , 0.51710719],
       [0.        , 0.53056955],
       [0.        , 0.53446275],
       [0.        , 0.5601083 ],
       [0.        , 0.56347179],
       [0.        , 0.59352452],
       [0.        , 0.600411  ],
       [0.        , 0.60397613],
       [0.        , 0.6132406 ],
       [0.        , 0.61333555],
       [0.        , 0.6157434 ],
       [0.        , 0.62757993],
       [0.        , 0.62934804],
       [0.        , 0.64252889],
       [0.        , 0.64312124],
       [0.        , 0.64712054],
       [0.        , 0.65225685],
       [0.        , 0.65585828],
       [0.        , 0.65690976],
       [0.        , 0.6582306 ],
       [0.        , 0.66044641],
       [0.        , 0.66337144],
       [0.        , 0.66500896],
       [0.        , 0.66811621],
       [0.        , 0.66821128],
       [0.        , 0.66962457],
       [0.        , 0.67116433],
       [0.        , 0.67158049],
       [0.        , 0.68003786],
       [0.        , 0.68048471],
       [0.        , 0.68223733],
       [0.        , 0.68410748],
       [0.        , 0.68478179],
       [0.        , 0.68726552],
       [0.        , 0.68814778],
       [0.        , 0.68900162],
       [0.        , 0.69238329],
       [0.        , 0.69495112],
       [0.        , 0.69811511],
       [0.        , 0.70443803],
       [0.        , 0.70765209],
       [0.        , 0.70909816],
       [0.        , 0.71188736],
       [0.        , 0.72047108],
       [0.        , 0.72866625],
       [0.        , 0.73140281],
       [0.        , 0.74034178],
       [0.        , 0.74407691],
       [0.        , 0.7480827 ],
       [0.        , 0.7547037 ],
       [0.        , 0.75909042],
       [0.        , 0.75926352],
       [0.        , 0.75971699],
       [0.        , 0.76150686],
       [0.        , 0.76597565],
       [0.        , 0.76989871],
       [0.        , 0.77328742],
       [0.        , 0.77701223],
       [0.        , 0.77796662],
       [0.        , 0.77819431],
       [0.        , 0.79136485],
       [0.        , 0.79444474],
       [0.        , 0.79686266],
       [0.        , 0.81741732],
       [0.        , 0.81978029],
       [0.        , 0.82523495],
       [0.        , 0.84987849],
       [0.        ,        inf]]), array([[0.50803167, 0.51201886],
       [0.45820966, 0.46008843]])]",False
125,0.8389182686805725,0.002668440341949463,0.62506640625,92.58,4.808191180337586,2,0.0481334924697876,0.0074579715728759766,0.04440450668334961,1.6,0.6896169020940538,"[array([[0.        , 0.36035633],
       [0.        , 0.37337586],
       [0.        , 0.38715273],
       [0.        , 0.39707401],
       [0.        , 0.4024018 ],
       [0.        , 0.41486451],
       [0.        , 0.41499496],
       [0.        , 0.41812924],
       [0.        , 0.41882491],
       [0.        , 0.4200452 ],
       [0.        , 0.42880875],
       [0.        , 0.43742695],
       [0.        , 0.43789533],
       [0.        , 0.43905649],
       [0.        , 0.44034603],
       [0.        , 0.4407419 ],
       [0.        , 0.44131434],
       [0.        , 0.44134226],
       [0.        , 0.45158815],
       [0.        , 0.45816064],
       [0.        , 0.46210781],
       [0.        , 0.46972904],
       [0.        , 0.47560501],
       [0.        , 0.48010942],
       [0.        , 0.49274367],
       [0.        , 0.49417058],
       [0.        , 0.49578813],
       [0.        , 0.50319093],
       [0.        , 0.52250391],
       [0.        , 0.5237363 ],
       [0.        , 0.52437967],
       [0.        , 0.53367281],
       [0.        , 0.53452533],
       [0.        , 0.54428726],
       [0.        , 0.54612911],
       [0.        , 0.5601083 ],
       [0.        , 0.56347179],
       [0.        , 0.56363392],
       [0.        , 0.56529474],
       [0.        , 0.57327157],
       [0.        , 0.57618207],
       [0.        , 0.5799017 ],
       [0.        , 0.58160561],
       [0.        , 0.58370185],
       [0.        , 0.58440155],
       [0.        , 0.58663666],
       [0.        , 0.58724385],
       [0.        , 0.59764981],
       [0.        , 0.60279763],
       [0.        , 0.61721033],
       [0.        , 0.61822152],
       [0.        , 0.62035131],
       [0.        , 0.62093544],
       [0.        , 0.62542242],
       [0.        , 0.62971807],
       [0.        , 0.64047289],
       [0.        , 0.64121574],
       [0.        , 0.64656252],
       [0.        , 0.64678931],
       [0.        , 0.65377343],
       [0.        , 0.65871638],
       [0.        , 0.65920097],
       [0.        , 0.66082346],
       [0.        , 0.66090995],
       [0.        , 0.66798931],
       [0.        , 0.66877556],
       [0.        , 0.66880035],
       [0.        , 0.67197263],
       [0.        , 0.67204338],
       [0.        , 0.67549247],
       [0.        , 0.67606729],
       [0.        , 0.67865342],
       [0.        , 0.68003786],
       [0.        , 0.6803968 ],
       [0.        , 0.68593484],
       [0.        , 0.68721014],
       [0.        , 0.68761957],
       [0.        , 0.68777019],
       [0.        , 0.68929291],
       [0.        , 0.69009161],
       [0.        , 0.69437301],
       [0.        , 0.6955657 ],
       [0.        , 0.69731486],
       [0.        , 0.69862539],
       [0.        , 0.70157731],
       [0.        , 0.70245641],
       [0.        , 0.70511675],
       [0.        , 0.70564771],
       [0.        , 0.70623797],
       [0.        , 0.70848179],
       [0.        , 0.7088598 ],
       [0.        , 0.70981807],
       [0.        , 0.7131111 ],
       [0.        , 0.71316266],
       [0.        , 0.71351689],
       [0.        , 0.71385914],
       [0.        , 0.71755993],
       [0.        , 0.72031975],
       [0.        , 0.7204631 ],
       [0.        , 0.72070473],
       [0.        , 0.72116977],
       [0.        , 0.72229069],
       [0.        , 0.72654742],
       [0.        , 0.72866625],
       [0.        , 0.73208857],
       [0.        , 0.73271847],
       [0.        , 0.74265599],
       [0.        , 0.7486248 ],
       [0.        , 0.75469291],
       [0.        , 0.76306897],
       [0.        , 0.76479298],
       [0.        , 0.76617402],
       [0.        , 0.77104104],
       [0.        , 0.7737118 ],
       [0.        , 0.77591169],
       [0.        , 0.78272897],
       [0.        , 0.7913118 ],
       [0.        , 0.7956745 ],
       [0.        , 0.79976976],
       [0.        , 0.81978029],
       [0.        , 0.82363921],
       [0.        , 0.82528931],
       [0.        , 0.8280589 ],
       [0.        , 0.83624983],
       [0.        , 0.83891827],
       [0.        ,        inf]]), array([[0.50763631, 0.54831183],
       [0.49441165, 0.54254514]])]",True
40,0.829581618309021,0.006725311279296875,0.5871573455631733,28.12,3.6656178108229787,1,0.0018787682056427002,0.0018787682056427002,0.0018787682056427002,0.98,-0.0,"[array([[0.        , 0.38715273],
       [0.        , 0.39394933],
       [0.        , 0.41882491],
       [0.        , 0.4200452 ],
       [0.        , 0.42704388],
       [0.        , 0.43057579],
       [0.        , 0.43742695],
       [0.        , 0.4407419 ],
       [0.        , 0.45816064],
       [0.        , 0.48943576],
       [0.        , 0.49158663],
       [0.        , 0.49441165],
       [0.        , 0.50049907],
       [0.        , 0.50319093],
       [0.        , 0.50763631],
       [0.        , 0.5237363 ],
       [0.        , 0.54417998],
       [0.        , 0.5601083 ],
       [0.        , 0.56347179],
       [0.        , 0.56384856],
       [0.        , 0.57753301],
       [0.        , 0.59463793],
       [0.        , 0.60245025],
       [0.        , 0.63600558],
       [0.        , 0.64198923],
       [0.        , 0.64312124],
       [0.        , 0.66458637],
       [0.        , 0.66821128],
       [0.        , 0.67352569],
       [0.        , 0.68003786],
       [0.        , 0.68290198],
       [0.        , 0.69313174],
       [0.        , 0.7270593 ],
       [0.        , 0.73326874],
       [0.        , 0.74166632],
       [0.        , 0.75145006],
       [0.        , 0.77681684],
       [0.        , 0.78943586],
       [0.        , 0.82285631],
       [0.        , 0.82958162],
       [0.        ,        inf]]), array([[0.45820966, 0.46008843]])]",True
60,0.8498784899711609,0.0308038592338562,0.611739777525266,43.0,4.073636996625035,0,0.0,0.0,0.0,0.0,0.0,"[array([[0.        , 0.38715273],
       [0.        , 0.39394933],
       [0.        , 0.4024018 ],
       [0.        , 0.41812924],
       [0.        , 0.41882491],
       [0.        , 0.4200452 ],
       [0.        , 0.43742695],
       [0.        , 0.4407419 ],
       [0.        , 0.44131434],
       [0.        , 0.45158815],
       [0.        , 0.46210781],
       [0.        , 0.47358829],
       [0.        , 0.48943576],
       [0.        , 0.49441165],
       [0.        , 0.50319093],
       [0.        , 0.50763631],
       [0.        , 0.52274156],
       [0.        , 0.52437967],
       [0.        , 0.54789191],
       [0.        , 0.56006187],
       [0.        , 0.5601083 ],
       [0.        , 0.56347179],
       [0.        , 0.58724385],
       [0.        , 0.5904246 ],
       [0.        , 0.59641129],
       [0.        , 0.60474283],
       [0.        , 0.60958624],
       [0.        , 0.61827677],
       [0.        , 0.62060475],
       [0.        , 0.62094837],
       [0.        , 0.64154583],
       [0.        , 0.64312124],
       [0.        , 0.6437422 ],
       [0.        , 0.64852858],
       [0.        , 0.65056813],
       [0.        , 0.65201002],
       [0.        , 0.66178566],
       [0.        , 0.66337144],
       [0.        , 0.66821128],
       [0.        , 0.68003786],
       [0.        , 0.68223733],
       [0.        , 0.6844306 ],
       [0.        , 0.6878801 ],
       [0.        , 0.68814778],
       [0.        , 0.70156389],
       [0.        , 0.70164883],
       [0.        , 0.70383602],
       [0.        , 0.71027952],
       [0.        , 0.72258562],
       [0.        , 0.74679112],
       [0.        , 0.74944186],
       [0.        , 0.74968541],
       [0.        , 0.7576248 ],
       [0.        , 0.7762931 ],
       [0.        , 0.77819431],
       [0.        , 0.78626609],
       [0.        , 0.7926724 ],
       [0.        , 0.79409337],
       [0.        , 0.81907463],
       [0.        , 0.84987849],
       [0.        ,        inf]]), array([], shape=(0, 2), dtype=float64)]",False
87,0.8498784899711609,0.015237152576446533,0.61719416784144,62.82,4.446968724762083,1,0.0018787682056427002,0.0018787682056427002,0.0018787682056427002,0.98,-0.0,"[array([[0.        , 0.38715273],
       [0.        , 0.39394933],
       [0.        , 0.4024018 ],
       [0.        , 0.41882491],
       [0.        , 0.4200452 ],
       [0.        , 0.42704388],
       [0.        , 0.42880875],
       [0.        , 0.43057579],
       [0.        , 0.43425018],
       [0.        , 0.43726656],
       [0.        , 0.43742695],
       [0.        , 0.4407419 ],
       [0.        , 0.45158815],
       [0.        , 0.46210781],
       [0.        , 0.46668717],
       [0.        , 0.47358829],
       [0.        , 0.47560501],
       [0.        , 0.49303174],
       [0.        , 0.49441165],
       [0.        , 0.50319093],
       [0.        , 0.50763631],
       [0.        , 0.52250391],
       [0.        , 0.53447193],
       [0.        , 0.53939617],
       [0.        , 0.54789191],
       [0.        , 0.55515742],
       [0.        , 0.5601083 ],
       [0.        , 0.56347179],
       [0.        , 0.57406068],
       [0.        , 0.5799017 ],
       [0.        , 0.5850091 ],
       [0.        , 0.58724385],
       [0.        , 0.59345222],
       [0.        , 0.59641129],
       [0.        , 0.59658366],
       [0.        , 0.60314393],
       [0.        , 0.60474283],
       [0.        , 0.60958624],
       [0.        , 0.61827677],
       [0.        , 0.62060475],
       [0.        , 0.62298888],
       [0.        , 0.63001907],
       [0.        , 0.63765061],
       [0.        , 0.63897163],
       [0.        , 0.64312124],
       [0.        , 0.64323443],
       [0.        , 0.64883834],
       [0.        , 0.65085632],
       [0.        , 0.65100533],
       [0.        , 0.65141666],
       [0.        , 0.65201002],
       [0.        , 0.65390903],
       [0.        , 0.66178566],
       [0.        , 0.66337144],
       [0.        , 0.67197615],
       [0.        , 0.67576385],
       [0.        , 0.68002725],
       [0.        , 0.68003786],
       [0.        , 0.6844306 ],
       [0.        , 0.68588924],
       [0.        , 0.68761957],
       [0.        , 0.69072378],
       [0.        , 0.70156389],
       [0.        , 0.70164883],
       [0.        , 0.71027952],
       [0.        , 0.71049362],
       [0.        , 0.71260566],
       [0.        , 0.72091341],
       [0.        , 0.72289783],
       [0.        , 0.73748267],
       [0.        , 0.73899293],
       [0.        , 0.74235755],
       [0.        , 0.7428205 ],
       [0.        , 0.74502033],
       [0.        , 0.74666429],
       [0.        , 0.74679112],
       [0.        , 0.74889517],
       [0.        , 0.75338787],
       [0.        , 0.754825  ],
       [0.        , 0.7576248 ],
       [0.        , 0.77171671],
       [0.        , 0.77819431],
       [0.        , 0.78626609],
       [0.        , 0.79409337],
       [0.        , 0.80183685],
       [0.        , 0.83464134],
       [0.        , 0.84987849],
       [0.        ,        inf]]), array([[0.45820966, 0.46008843]])]",True
101,0.8655701875686646,0.0025382041931152344,0.6299530943431476,72.94,4.593864268642328,1,0.0018787682056427002,0.0018787682056427002,0.0018787682056427002,0.98,-0.0,"[array([[0.        , 0.38715273],
       [0.        , 0.39394933],
       [0.        , 0.39535582],
       [0.        , 0.40142474],
       [0.        , 0.4024018 ],
       [0.        , 0.41812924],
       [0.        , 0.41882491],
       [0.        , 0.4200452 ],
       [0.        , 0.42704388],
       [0.        , 0.42880875],
       [0.        , 0.43425018],
       [0.        , 0.43726656],
       [0.        , 0.43742695],
       [0.        , 0.43869025],
       [0.        , 0.4407419 ],
       [0.        , 0.45158815],
       [0.        , 0.45816064],
       [0.        , 0.46611732],
       [0.        , 0.46668717],
       [0.        , 0.47109911],
       [0.        , 0.49441165],
       [0.        , 0.50319093],
       [0.        , 0.50763631],
       [0.        , 0.50791371],
       [0.        , 0.51902825],
       [0.        , 0.53744721],
       [0.        , 0.55831003],
       [0.        , 0.5589847 ],
       [0.        , 0.5601083 ],
       [0.        , 0.56347179],
       [0.        , 0.5684827 ],
       [0.        , 0.58031464],
       [0.        , 0.59646887],
       [0.        , 0.60062498],
       [0.        , 0.60191256],
       [0.        , 0.60213548],
       [0.        , 0.60374957],
       [0.        , 0.62196815],
       [0.        , 0.62526351],
       [0.        , 0.62892145],
       [0.        , 0.63213915],
       [0.        , 0.63536566],
       [0.        , 0.63909513],
       [0.        , 0.64121574],
       [0.        , 0.64312124],
       [0.        , 0.64360398],
       [0.        , 0.64705271],
       [0.        , 0.64894146],
       [0.        , 0.65275097],
       [0.        , 0.65433538],
       [0.        , 0.65593606],
       [0.        , 0.65637314],
       [0.        , 0.65827745],
       [0.        , 0.6624186 ],
       [0.        , 0.66383874],
       [0.        , 0.66432631],
       [0.        , 0.66542017],
       [0.        , 0.66644448],
       [0.        , 0.66708374],
       [0.        , 0.66749316],
       [0.        , 0.6680519 ],
       [0.        , 0.66957307],
       [0.        , 0.67264503],
       [0.        , 0.67583001],
       [0.        , 0.67837924],
       [0.        , 0.68003786],
       [0.        , 0.68205923],
       [0.        , 0.68673664],
       [0.        , 0.68761957],
       [0.        , 0.69012737],
       [0.        , 0.69211817],
       [0.        , 0.69572496],
       [0.        , 0.69695485],
       [0.        , 0.70611203],
       [0.        , 0.7152518 ],
       [0.        , 0.72125638],
       [0.        , 0.72281027],
       [0.        , 0.72352958],
       [0.        , 0.72455174],
       [0.        , 0.73249155],
       [0.        , 0.73874879],
       [0.        , 0.74598753],
       [0.        , 0.75007266],
       [0.        , 0.75469291],
       [0.        , 0.76149541],
       [0.        , 0.763152  ],
       [0.        , 0.76409489],
       [0.        , 0.76649565],
       [0.        , 0.76863271],
       [0.        , 0.79045224],
       [0.        , 0.79054242],
       [0.        , 0.79402214],
       [0.        , 0.80897123],
       [0.        , 0.81054664],
       [0.        , 0.81691831],
       [0.        , 0.81801289],
       [0.        , 0.82911003],
       [0.        , 0.85076451],
       [0.        , 0.85134345],
       [0.        , 0.86303198],
       [0.        , 0.86557019],
       [0.        ,        inf]]), array([[0.45820966, 0.46008843]])]",True
55,0.8728266954421997,0.04167938232421875,0.6034604543989355,37.8,3.980987297248592,0,0.0,0.0,0.0,0.0,0.0,"[array([[0.        , 0.37637153],
       [0.        , 0.38715273],
       [0.        , 0.39394933],
       [0.        , 0.4024018 ],
       [0.        , 0.41882491],
       [0.        , 0.4200452 ],
       [0.        , 0.43057579],
       [0.        , 0.43742695],
       [0.        , 0.43789533],
       [0.        , 0.4407419 ],
       [0.        , 0.44762015],
       [0.        , 0.45158815],
       [0.        , 0.46057391],
       [0.        , 0.46210781],
       [0.        , 0.47560501],
       [0.        , 0.48943576],
       [0.        , 0.49441165],
       [0.        , 0.50319093],
       [0.        , 0.50763631],
       [0.        , 0.50803167],
       [0.        , 0.52250391],
       [0.        , 0.53487867],
       [0.        , 0.5601083 ],
       [0.        , 0.56347179],
       [0.        , 0.57973921],
       [0.        , 0.5904246 ],
       [0.        , 0.61980754],
       [0.        , 0.63853967],
       [0.        , 0.64715093],
       [0.        , 0.65774447],
       [0.        , 0.67348361],
       [0.        , 0.67447263],
       [0.        , 0.67567366],
       [0.        , 0.68003786],
       [0.        , 0.68294913],
       [0.        , 0.68389183],
       [0.        , 0.68481195],
       [0.        , 0.68673664],
       [0.        , 0.68805027],
       [0.        , 0.68881077],
       [0.        , 0.69437301],
       [0.        , 0.7172156 ],
       [0.        , 0.72394335],
       [0.        , 0.73179567],
       [0.        , 0.74873191],
       [0.        , 0.75239003],
       [0.        , 0.754825  ],
       [0.        , 0.75659871],
       [0.        , 0.77239692],
       [0.        , 0.77492952],
       [0.        , 0.77515793],
       [0.        , 0.77633965],
       [0.        , 0.8287794 ],
       [0.        , 0.83114731],
       [0.        , 0.8728267 ],
       [0.        ,        inf]]), array([], shape=(0, 2), dtype=float64)]",True
95,0.8655701875686646,0.011377990245819092,0.6107838078549034,66.52,4.528927536429262,3,0.03884565830230713,0.027835339307785034,0.017244915167490642,0.62,0.664850777188968,"[array([[0.        , 0.37337586],
       [0.        , 0.38714209],
       [0.        , 0.38715273],
       [0.        , 0.39394933],
       [0.        , 0.4024018 ],
       [0.        , 0.41499496],
       [0.        , 0.41812924],
       [0.        , 0.4200452 ],
       [0.        , 0.42575854],
       [0.        , 0.42704388],
       [0.        , 0.42880875],
       [0.        , 0.43346915],
       [0.        , 0.43425018],
       [0.        , 0.43726656],
       [0.        , 0.43742695],
       [0.        , 0.43869025],
       [0.        , 0.4407419 ],
       [0.        , 0.44134226],
       [0.        , 0.44395688],
       [0.        , 0.45158815],
       [0.        , 0.45618039],
       [0.        , 0.47109911],
       [0.        , 0.47206888],
       [0.        , 0.47355893],
       [0.        , 0.47888732],
       [0.        , 0.49303174],
       [0.        , 0.49441165],
       [0.        , 0.49944043],
       [0.        , 0.50763631],
       [0.        , 0.51477194],
       [0.        , 0.51773721],
       [0.        , 0.52021313],
       [0.        , 0.53452533],
       [0.        , 0.54516101],
       [0.        , 0.5601083 ],
       [0.        , 0.56347179],
       [0.        , 0.56363392],
       [0.        , 0.57753301],
       [0.        , 0.59401685],
       [0.        , 0.59692454],
       [0.        , 0.60762435],
       [0.        , 0.60960788],
       [0.        , 0.61608994],
       [0.        , 0.61718887],
       [0.        , 0.61792165],
       [0.        , 0.61822152],
       [0.        , 0.62417752],
       [0.        , 0.63213915],
       [0.        , 0.63381654],
       [0.        , 0.64045918],
       [0.        , 0.64271283],
       [0.        , 0.64312124],
       [0.        , 0.66158962],
       [0.        , 0.66821128],
       [0.        , 0.66879511],
       [0.        , 0.67961675],
       [0.        , 0.68003786],
       [0.        , 0.68100446],
       [0.        , 0.68717146],
       [0.        , 0.68900162],
       [0.        , 0.68991464],
       [0.        , 0.69399297],
       [0.        , 0.69489175],
       [0.        , 0.69525212],
       [0.        , 0.6955657 ],
       [0.        , 0.6978156 ],
       [0.        , 0.69874448],
       [0.        , 0.69954211],
       [0.        , 0.70605522],
       [0.        , 0.70656836],
       [0.        , 0.71128428],
       [0.        , 0.71545589],
       [0.        , 0.71682382],
       [0.        , 0.71780467],
       [0.        , 0.72139412],
       [0.        , 0.72613108],
       [0.        , 0.72958422],
       [0.        , 0.72976381],
       [0.        , 0.73168314],
       [0.        , 0.73289543],
       [0.        , 0.748959  ],
       [0.        , 0.75145006],
       [0.        , 0.75469291],
       [0.        , 0.7653687 ],
       [0.        , 0.77644891],
       [0.        , 0.77747405],
       [0.        , 0.78036356],
       [0.        , 0.78536606],
       [0.        , 0.8141641 ],
       [0.        , 0.82619047],
       [0.        , 0.82958162],
       [0.        , 0.84049702],
       [0.        , 0.85252422],
       [0.        , 0.8541922 ],
       [0.        , 0.86557019],
       [0.        ,        inf]]), array([[0.50369948, 0.54254514],
       [0.48856062, 0.49957094],
       [0.45820966, 0.46008843]])]",True
42,0.8655701875686646,0.09120827913284302,0.5750068177779516,27.7,3.712042466741942,2,0.0039871931076049805,0.0021084249019622803,0.0029329806566238403,0.1,0.6270826574860846,"[array([[0.        , 0.38715273],
       [0.        , 0.39394933],
       [0.        , 0.41812924],
       [0.        , 0.41882491],
       [0.        , 0.4200452 ],
       [0.        , 0.42704388],
       [0.        , 0.43022469],
       [0.        , 0.43425018],
       [0.        , 0.43726656],
       [0.        , 0.43742695],
       [0.        , 0.4407419 ],
       [0.        , 0.45158815],
       [0.        , 0.46611732],
       [0.        , 0.47109911],
       [0.        , 0.48943576],
       [0.        , 0.49441165],
       [0.        , 0.50238061],
       [0.        , 0.50319093],
       [0.        , 0.50763631],
       [0.        , 0.53744721],
       [0.        , 0.5601083 ],
       [0.        , 0.56347179],
       [0.        , 0.5904246 ],
       [0.        , 0.60374957],
       [0.        , 0.64312124],
       [0.        , 0.65100533],
       [0.        , 0.65275097],
       [0.        , 0.65433538],
       [0.        , 0.66749316],
       [0.        , 0.66821128],
       [0.        , 0.67158049],
       [0.        , 0.67352569],
       [0.        , 0.68003786],
       [0.        , 0.68205923],
       [0.        , 0.69005692],
       [0.        , 0.75007266],
       [0.        , 0.75469291],
       [0.        , 0.7547037 ],
       [0.        , 0.76409489],
       [0.        , 0.76649565],
       [0.        , 0.77436191],
       [0.        , 0.86557019],
       [0.        ,        inf]]), array([[0.50803167, 0.51201886],
       [0.45820966, 0.46008843]])]",False
118,0.8645026683807373,0.019463002681732178,0.6326331907914857,85.64,4.748607480240764,3,0.03289109468460083,0.021880775690078735,0.015260060628255209,0.54,0.7113268797414362,"[array([[0.        , 0.36035633],
       [0.        , 0.37337586],
       [0.        , 0.38715273],
       [0.        , 0.39394933],
       [0.        , 0.4024018 ],
       [0.        , 0.41499496],
       [0.        , 0.41882491],
       [0.        , 0.4200452 ],
       [0.        , 0.42704388],
       [0.        , 0.42880875],
       [0.        , 0.43057579],
       [0.        , 0.43742695],
       [0.        , 0.43789533],
       [0.        , 0.43905649],
       [0.        , 0.4407419 ],
       [0.        , 0.44131434],
       [0.        , 0.44134226],
       [0.        , 0.45158815],
       [0.        , 0.45396838],
       [0.        , 0.45618039],
       [0.        , 0.45816064],
       [0.        , 0.46210781],
       [0.        , 0.46972904],
       [0.        , 0.47560501],
       [0.        , 0.49441165],
       [0.        , 0.50319093],
       [0.        , 0.50763631],
       [0.        , 0.51343614],
       [0.        , 0.51393843],
       [0.        , 0.52250391],
       [0.        , 0.52275991],
       [0.        , 0.5237363 ],
       [0.        , 0.53367281],
       [0.        , 0.5601083 ],
       [0.        , 0.56347179],
       [0.        , 0.57327157],
       [0.        , 0.57406068],
       [0.        , 0.57618207],
       [0.        , 0.5799017 ],
       [0.        , 0.58370185],
       [0.        , 0.58724385],
       [0.        , 0.59646887],
       [0.        , 0.59764981],
       [0.        , 0.62971807],
       [0.        , 0.63213915],
       [0.        , 0.63902229],
       [0.        , 0.64047289],
       [0.        , 0.64121574],
       [0.        , 0.64312124],
       [0.        , 0.64486158],
       [0.        , 0.64994431],
       [0.        , 0.65099847],
       [0.        , 0.65226483],
       [0.        , 0.65377343],
       [0.        , 0.65871638],
       [0.        , 0.66082346],
       [0.        , 0.66090995],
       [0.        , 0.66098243],
       [0.        , 0.66112196],
       [0.        , 0.66657585],
       [0.        , 0.66798931],
       [0.        , 0.66821128],
       [0.        , 0.66845626],
       [0.        , 0.66877556],
       [0.        , 0.67204338],
       [0.        , 0.67307305],
       [0.        , 0.67576385],
       [0.        , 0.67755628],
       [0.        , 0.67865342],
       [0.        , 0.68003786],
       [0.        , 0.68048471],
       [0.        , 0.68593484],
       [0.        , 0.68721014],
       [0.        , 0.68761957],
       [0.        , 0.68777019],
       [0.        , 0.69009161],
       [0.        , 0.69437301],
       [0.        , 0.6955657 ],
       [0.        , 0.69833553],
       [0.        , 0.70458877],
       [0.        , 0.70476872],
       [0.        , 0.7049548 ],
       [0.        , 0.70564771],
       [0.        , 0.70623797],
       [0.        , 0.70848179],
       [0.        , 0.71330494],
       [0.        , 0.71351689],
       [0.        , 0.7204631 ],
       [0.        , 0.72229069],
       [0.        , 0.72866625],
       [0.        , 0.73208857],
       [0.        , 0.74258167],
       [0.        , 0.74265599],
       [0.        , 0.7442295 ],
       [0.        , 0.7486248 ],
       [0.        , 0.75420254],
       [0.        , 0.75469291],
       [0.        , 0.75675446],
       [0.        , 0.76306897],
       [0.        , 0.76479298],
       [0.        , 0.76617402],
       [0.        , 0.77461928],
       [0.        , 0.7889607 ],
       [0.        , 0.78919417],
       [0.        , 0.7913118 ],
       [0.        , 0.79133761],
       [0.        , 0.7956745 ],
       [0.        , 0.79976976],
       [0.        , 0.80080795],
       [0.        , 0.81108427],
       [0.        , 0.8129589 ],
       [0.        , 0.81978029],
       [0.        , 0.82024753],
       [0.        , 0.82528931],
       [0.        , 0.83891827],
       [0.        , 0.84383112],
       [0.        , 0.84503967],
       [0.        , 0.86450267],
       [0.        ,        inf]]), array([[0.50720167, 0.54009277],
       [0.48856062, 0.49957094],
       [0.45820966, 0.46008843]])]",True
165,0.8477302193641663,0.0018862485885620117,0.635098176833355,122.7,5.087163100000622,4,0.04067552089691162,0.029665201902389526,0.013477735221385956,0.62,0.6863755019650738,"[array([[0.        , 0.37337586],
       [0.        , 0.38544127],
       [0.        , 0.38715273],
       [0.        , 0.39394933],
       [0.        , 0.4024018 ],
       [0.        , 0.41486451],
       [0.        , 0.41499496],
       [0.        , 0.41882491],
       [0.        , 0.4200452 ],
       [0.        , 0.4210099 ],
       [0.        , 0.42704388],
       [0.        , 0.42880875],
       [0.        , 0.43584964],
       [0.        , 0.43742695],
       [0.        , 0.43789533],
       [0.        , 0.43869025],
       [0.        , 0.43905649],
       [0.        , 0.44034603],
       [0.        , 0.4407419 ],
       [0.        , 0.44131434],
       [0.        , 0.44134226],
       [0.        , 0.45158815],
       [0.        , 0.45816064],
       [0.        , 0.46210781],
       [0.        , 0.46972904],
       [0.        , 0.47109911],
       [0.        , 0.47358829],
       [0.        , 0.47560501],
       [0.        , 0.4921304 ],
       [0.        , 0.49274367],
       [0.        , 0.49441165],
       [0.        , 0.49728864],
       [0.        , 0.5014888 ],
       [0.        , 0.50319093],
       [0.        , 0.51280475],
       [0.        , 0.51699477],
       [0.        , 0.53487867],
       [0.        , 0.54428726],
       [0.        , 0.54901505],
       [0.        , 0.56006187],
       [0.        , 0.5601083 ],
       [0.        , 0.56347179],
       [0.        , 0.56529474],
       [0.        , 0.56674522],
       [0.        , 0.56914806],
       [0.        , 0.57141787],
       [0.        , 0.57922649],
       [0.        , 0.5799017 ],
       [0.        , 0.58138281],
       [0.        , 0.58724385],
       [0.        , 0.59253711],
       [0.        , 0.59511125],
       [0.        , 0.59745759],
       [0.        , 0.600411  ],
       [0.        , 0.60134113],
       [0.        , 0.60470945],
       [0.        , 0.60958642],
       [0.        , 0.61086446],
       [0.        , 0.61395985],
       [0.        , 0.61497611],
       [0.        , 0.61587459],
       [0.        , 0.61858058],
       [0.        , 0.61980754],
       [0.        , 0.62542242],
       [0.        , 0.62543547],
       [0.        , 0.62567049],
       [0.        , 0.62569159],
       [0.        , 0.62698603],
       [0.        , 0.62757993],
       [0.        , 0.63213915],
       [0.        , 0.63266665],
       [0.        , 0.6342932 ],
       [0.        , 0.63485289],
       [0.        , 0.63899243],
       [0.        , 0.64323443],
       [0.        , 0.645657  ],
       [0.        , 0.64630258],
       [0.        , 0.64649081],
       [0.        , 0.64757138],
       [0.        , 0.64780909],
       [0.        , 0.64790231],
       [0.        , 0.65118778],
       [0.        , 0.65546256],
       [0.        , 0.65659493],
       [0.        , 0.65692902],
       [0.        , 0.65707487],
       [0.        , 0.65737855],
       [0.        , 0.65774447],
       [0.        , 0.65967602],
       [0.        , 0.66186082],
       [0.        , 0.66809869],
       [0.        , 0.66929483],
       [0.        , 0.67013687],
       [0.        , 0.67348361],
       [0.        , 0.6739465 ],
       [0.        , 0.67501163],
       [0.        , 0.67832834],
       [0.        , 0.68003786],
       [0.        , 0.68080336],
       [0.        , 0.68216431],
       [0.        , 0.68389183],
       [0.        , 0.68465328],
       [0.        , 0.68721074],
       [0.        , 0.68881077],
       [0.        , 0.70018244],
       [0.        , 0.70035207],
       [0.        , 0.70050138],
       [0.        , 0.70067245],
       [0.        , 0.702061  ],
       [0.        , 0.70361441],
       [0.        , 0.7036615 ],
       [0.        , 0.70461494],
       [0.        , 0.70731145],
       [0.        , 0.70814538],
       [0.        , 0.71215898],
       [0.        , 0.71462029],
       [0.        , 0.71737885],
       [0.        , 0.7190125 ],
       [0.        , 0.71914786],
       [0.        , 0.71940768],
       [0.        , 0.71959531],
       [0.        , 0.71996498],
       [0.        , 0.72325182],
       [0.        , 0.72699928],
       [0.        , 0.72777003],
       [0.        , 0.72837371],
       [0.        , 0.72945398],
       [0.        , 0.73337263],
       [0.        , 0.73505795],
       [0.        , 0.74262482],
       [0.        , 0.7428205 ],
       [0.        , 0.74417025],
       [0.        , 0.74709332],
       [0.        , 0.74853253],
       [0.        , 0.74966681],
       [0.        , 0.74969196],
       [0.        , 0.75153995],
       [0.        , 0.7549476 ],
       [0.        , 0.75680184],
       [0.        , 0.75798881],
       [0.        , 0.76056904],
       [0.        , 0.76220125],
       [0.        , 0.76948744],
       [0.        , 0.76957768],
       [0.        , 0.7707324 ],
       [0.        , 0.77823973],
       [0.        , 0.78191507],
       [0.        , 0.78219372],
       [0.        , 0.78470248],
       [0.        , 0.78854907],
       [0.        , 0.7888276 ],
       [0.        , 0.789738  ],
       [0.        , 0.79158801],
       [0.        , 0.79396451],
       [0.        , 0.79423696],
       [0.        , 0.79482806],
       [0.        , 0.79575884],
       [0.        , 0.7976405 ],
       [0.        , 0.79974216],
       [0.        , 0.79987377],
       [0.        , 0.82357627],
       [0.        , 0.8287794 ],
       [0.        , 0.84295356],
       [0.        , 0.84584397],
       [0.        , 0.84773022],
       [0.        ,        inf]]), array([[0.50763631, 0.54831183],
       [0.494874  , 0.49522033],
       [0.48856062, 0.49957094],
       [0.45820966, 0.46008843]])]",False
107,0.8750391006469727,0.02251487970352173,0.6488018069311837,78.86,4.648813025485668,1,0.022574037313461304,0.022574037313461304,0.022574037313461304,0.98,-0.0,"[array([[0.        , 0.34494105],
       [0.        , 0.38544127],
       [0.        , 0.38715273],
       [0.        , 0.4024018 ],
       [0.        , 0.41343367],
       [0.        , 0.4200452 ],
       [0.        , 0.42947099],
       [0.        , 0.43057579],
       [0.        , 0.43742695],
       [0.        , 0.43905649],
       [0.        , 0.4407419 ],
       [0.        , 0.44131434],
       [0.        , 0.44134226],
       [0.        , 0.44395688],
       [0.        , 0.45008722],
       [0.        , 0.45158815],
       [0.        , 0.4556427 ],
       [0.        , 0.45835125],
       [0.        , 0.45996878],
       [0.        , 0.46154895],
       [0.        , 0.46210781],
       [0.        , 0.46972904],
       [0.        , 0.48943576],
       [0.        , 0.49441165],
       [0.        , 0.49965605],
       [0.        , 0.50319093],
       [0.        , 0.50763631],
       [0.        , 0.53446275],
       [0.        , 0.5601083 ],
       [0.        , 0.5602755 ],
       [0.        , 0.56314105],
       [0.        , 0.56347179],
       [0.        , 0.57047457],
       [0.        , 0.57611614],
       [0.        , 0.58724385],
       [0.        , 0.58751428],
       [0.        , 0.58788997],
       [0.        , 0.60173887],
       [0.        , 0.645657  ],
       [0.        , 0.64701724],
       [0.        , 0.64765227],
       [0.        , 0.66044641],
       [0.        , 0.66716504],
       [0.        , 0.67158049],
       [0.        , 0.67204338],
       [0.        , 0.67337751],
       [0.        , 0.67352569],
       [0.        , 0.67639655],
       [0.        , 0.68003786],
       [0.        , 0.68216431],
       [0.        , 0.68268132],
       [0.        , 0.68342072],
       [0.        , 0.68726552],
       [0.        , 0.68761957],
       [0.        , 0.68803066],
       [0.        , 0.68900162],
       [0.        , 0.69005692],
       [0.        , 0.69110173],
       [0.        , 0.69468397],
       [0.        , 0.6960057 ],
       [0.        , 0.69670141],
       [0.        , 0.69765663],
       [0.        , 0.69998693],
       [0.        , 0.70223999],
       [0.        , 0.7117067 ],
       [0.        , 0.71180212],
       [0.        , 0.71301174],
       [0.        , 0.7152518 ],
       [0.        , 0.71567702],
       [0.        , 0.71890938],
       [0.        , 0.71984881],
       [0.        , 0.72047108],
       [0.        , 0.72048169],
       [0.        , 0.72210908],
       [0.        , 0.73060501],
       [0.        , 0.7327764 ],
       [0.        , 0.73467714],
       [0.        , 0.75013965],
       [0.        , 0.75058389],
       [0.        , 0.75469291],
       [0.        , 0.75826275],
       [0.        , 0.76117277],
       [0.        , 0.76136887],
       [0.        , 0.77214569],
       [0.        , 0.77337074],
       [0.        , 0.7747345 ],
       [0.        , 0.77541667],
       [0.        , 0.79372334],
       [0.        , 0.79444474],
       [0.        , 0.79686266],
       [0.        , 0.79823524],
       [0.        , 0.80041748],
       [0.        , 0.80361545],
       [0.        , 0.8039881 ],
       [0.        , 0.80645061],
       [0.        , 0.81054664],
       [0.        , 0.81101328],
       [0.        , 0.82438284],
       [0.        , 0.8258329 ],
       [0.        , 0.82958162],
       [0.        , 0.83123171],
       [0.        , 0.83698148],
       [0.        , 0.84218121],
       [0.        , 0.84383112],
       [0.        , 0.84508371],
       [0.        , 0.85252422],
       [0.        , 0.8750391 ],
       [0.        ,        inf]]), array([[0.49657497, 0.51914901]])]",False
61,0.8301247358322144,0.0005431175231933594,0.5959420726924646,43.54,4.086431700720982,1,0.0018787682056427002,0.0018787682056427002,0.0018787682056427002,0.98,-0.0,"[array([[0.        , 0.38714209],
       [0.        , 0.38715273],
       [0.        , 0.39394933],
       [0.        , 0.4024018 ],
       [0.        , 0.41812924],
       [0.        , 0.4200452 ],
       [0.        , 0.42704388],
       [0.        , 0.42880875],
       [0.        , 0.43726656],
       [0.        , 0.43742695],
       [0.        , 0.4407419 ],
       [0.        , 0.44134226],
       [0.        , 0.44395688],
       [0.        , 0.45158815],
       [0.        , 0.46668717],
       [0.        , 0.47007662],
       [0.        , 0.47109911],
       [0.        , 0.49441165],
       [0.        , 0.50238061],
       [0.        , 0.50319093],
       [0.        , 0.50763631],
       [0.        , 0.52640349],
       [0.        , 0.53446275],
       [0.        , 0.54872704],
       [0.        , 0.5601083 ],
       [0.        , 0.56347179],
       [0.        , 0.56594902],
       [0.        , 0.56599844],
       [0.        , 0.59470582],
       [0.        , 0.59658366],
       [0.        , 0.61822152],
       [0.        , 0.62417752],
       [0.        , 0.62778896],
       [0.        , 0.63213915],
       [0.        , 0.63804781],
       [0.        , 0.64271283],
       [0.        , 0.64312124],
       [0.        , 0.65139461],
       [0.        , 0.65410894],
       [0.        , 0.66644448],
       [0.        , 0.67013687],
       [0.        , 0.67348361],
       [0.        , 0.68003786],
       [0.        , 0.68465328],
       [0.        , 0.68777621],
       [0.        , 0.69886506],
       [0.        , 0.70024103],
       [0.        , 0.70182657],
       [0.        , 0.71705091],
       [0.        , 0.72958422],
       [0.        , 0.72976381],
       [0.        , 0.75145006],
       [0.        , 0.7534104 ],
       [0.        , 0.76296699],
       [0.        , 0.7747345 ],
       [0.        , 0.77644891],
       [0.        , 0.78857356],
       [0.        , 0.81054664],
       [0.        , 0.8141641 ],
       [0.        , 0.82958162],
       [0.        , 0.83012474],
       [0.        ,        inf]]), array([[0.45820966, 0.46008843]])]",True
174,0.8653755784034729,0.01764535903930664,0.639530247141575,127.62,5.1403977341036695,3,0.03289109468460083,0.021880775690078735,0.015260060628255209,0.54,0.7113268797414362,"[array([[0.        , 0.37337586],
       [0.        , 0.38544127],
       [0.        , 0.38715273],
       [0.        , 0.39394933],
       [0.        , 0.40142474],
       [0.        , 0.4024018 ],
       [0.        , 0.41486451],
       [0.        , 0.41499496],
       [0.        , 0.41882491],
       [0.        , 0.4200452 ],
       [0.        , 0.4210099 ],
       [0.        , 0.42704388],
       [0.        , 0.42880875],
       [0.        , 0.43057579],
       [0.        , 0.43425018],
       [0.        , 0.43584964],
       [0.        , 0.43726656],
       [0.        , 0.43742695],
       [0.        , 0.43789533],
       [0.        , 0.43869025],
       [0.        , 0.43905649],
       [0.        , 0.4407419 ],
       [0.        , 0.44134226],
       [0.        , 0.45158815],
       [0.        , 0.45816064],
       [0.        , 0.46210781],
       [0.        , 0.47358829],
       [0.        , 0.47560501],
       [0.        , 0.49441165],
       [0.        , 0.494874  ],
       [0.        , 0.49965605],
       [0.        , 0.5014888 ],
       [0.        , 0.50319093],
       [0.        , 0.50763631],
       [0.        , 0.51280475],
       [0.        , 0.51710719],
       [0.        , 0.53056955],
       [0.        , 0.53487867],
       [0.        , 0.54428726],
       [0.        , 0.56006187],
       [0.        , 0.5601083 ],
       [0.        , 0.56347179],
       [0.        , 0.56529474],
       [0.        , 0.56674522],
       [0.        , 0.56914806],
       [0.        , 0.57141787],
       [0.        , 0.57922649],
       [0.        , 0.5799017 ],
       [0.        , 0.58724385],
       [0.        , 0.59253711],
       [0.        , 0.59745759],
       [0.        , 0.59842324],
       [0.        , 0.60134113],
       [0.        , 0.60288012],
       [0.        , 0.60397613],
       [0.        , 0.61311334],
       [0.        , 0.61497611],
       [0.        , 0.61745542],
       [0.        , 0.61858058],
       [0.        , 0.61980754],
       [0.        , 0.62289697],
       [0.        , 0.62542242],
       [0.        , 0.62698603],
       [0.        , 0.62757993],
       [0.        , 0.62907654],
       [0.        , 0.62934804],
       [0.        , 0.63111234],
       [0.        , 0.63213915],
       [0.        , 0.63266665],
       [0.        , 0.6342932 ],
       [0.        , 0.63485289],
       [0.        , 0.64252889],
       [0.        , 0.64271283],
       [0.        , 0.64312124],
       [0.        , 0.64323443],
       [0.        , 0.645657  ],
       [0.        , 0.64630258],
       [0.        , 0.64712054],
       [0.        , 0.64757138],
       [0.        , 0.64780909],
       [0.        , 0.64790231],
       [0.        , 0.65077817],
       [0.        , 0.65118778],
       [0.        , 0.65225685],
       [0.        , 0.65546256],
       [0.        , 0.65585828],
       [0.        , 0.65659493],
       [0.        , 0.65692902],
       [0.        , 0.65707487],
       [0.        , 0.65737855],
       [0.        , 0.65774447],
       [0.        , 0.65898514],
       [0.        , 0.65967602],
       [0.        , 0.66044641],
       [0.        , 0.66186082],
       [0.        , 0.66909993],
       [0.        , 0.67013687],
       [0.        , 0.67116433],
       [0.        , 0.67348361],
       [0.        , 0.6739465 ],
       [0.        , 0.67832834],
       [0.        , 0.68003786],
       [0.        , 0.68216431],
       [0.        , 0.68389183],
       [0.        , 0.68410748],
       [0.        , 0.68721074],
       [0.        , 0.68881077],
       [0.        , 0.69495112],
       [0.        , 0.70018244],
       [0.        , 0.70035207],
       [0.        , 0.70050138],
       [0.        , 0.70067245],
       [0.        , 0.702061  ],
       [0.        , 0.70361441],
       [0.        , 0.7036615 ],
       [0.        , 0.70461494],
       [0.        , 0.70487696],
       [0.        , 0.71215898],
       [0.        , 0.71281433],
       [0.        , 0.713323  ],
       [0.        , 0.71462029],
       [0.        , 0.71737885],
       [0.        , 0.7190125 ],
       [0.        , 0.71914786],
       [0.        , 0.71940768],
       [0.        , 0.71959531],
       [0.        , 0.71996498],
       [0.        , 0.72047108],
       [0.        , 0.72699928],
       [0.        , 0.72777003],
       [0.        , 0.72837371],
       [0.        , 0.73337263],
       [0.        , 0.73505795],
       [0.        , 0.74262482],
       [0.        , 0.7428205 ],
       [0.        , 0.74709332],
       [0.        , 0.74853253],
       [0.        , 0.74969196],
       [0.        , 0.75153995],
       [0.        , 0.75469291],
       [0.        , 0.7549476 ],
       [0.        , 0.75680184],
       [0.        , 0.75909042],
       [0.        , 0.76056904],
       [0.        , 0.76150686],
       [0.        , 0.76220125],
       [0.        , 0.76293087],
       [0.        , 0.76597565],
       [0.        , 0.76649565],
       [0.        , 0.76948744],
       [0.        , 0.76957768],
       [0.        , 0.76989871],
       [0.        , 0.7707324 ],
       [0.        , 0.77328742],
       [0.        , 0.77701223],
       [0.        , 0.77796662],
       [0.        , 0.77823973],
       [0.        , 0.78219372],
       [0.        , 0.78470248],
       [0.        , 0.78854907],
       [0.        , 0.789738  ],
       [0.        , 0.79158801],
       [0.        , 0.79396451],
       [0.        , 0.79423696],
       [0.        , 0.79444474],
       [0.        , 0.79482806],
       [0.        , 0.7976405 ],
       [0.        , 0.79987377],
       [0.        , 0.80401629],
       [0.        , 0.82357627],
       [0.        , 0.8287794 ],
       [0.        , 0.84584397],
       [0.        , 0.84773022],
       [0.        , 0.86537558],
       [0.        ,        inf]]), array([[0.50720167, 0.54009277],
       [0.48856062, 0.49957094],
       [0.45820966, 0.46008843]])]",True
169,0.8655701875686646,0.0052800774574279785,0.6368790101370162,123.4,5.109948027608315,3,0.058433085680007935,0.025541990995407104,0.03411149978637695,0.9,0.9246467295406355,"[array([[0.        , 0.37337586],
       [0.        , 0.38544127],
       [0.        , 0.38714209],
       [0.        , 0.38715273],
       [0.        , 0.39394933],
       [0.        , 0.39535582],
       [0.        , 0.40142474],
       [0.        , 0.4024018 ],
       [0.        , 0.41499496],
       [0.        , 0.41882491],
       [0.        , 0.4200452 ],
       [0.        , 0.4210099 ],
       [0.        , 0.42880875],
       [0.        , 0.43057579],
       [0.        , 0.43425018],
       [0.        , 0.43584964],
       [0.        , 0.43726656],
       [0.        , 0.43742695],
       [0.        , 0.43789533],
       [0.        , 0.43905649],
       [0.        , 0.4407419 ],
       [0.        , 0.44134226],
       [0.        , 0.45158815],
       [0.        , 0.45816064],
       [0.        , 0.45996878],
       [0.        , 0.46210781],
       [0.        , 0.46611732],
       [0.        , 0.47109911],
       [0.        , 0.47358829],
       [0.        , 0.47560501],
       [0.        , 0.49441165],
       [0.        , 0.494874  ],
       [0.        , 0.5014888 ],
       [0.        , 0.50194788],
       [0.        , 0.50319093],
       [0.        , 0.50763631],
       [0.        , 0.50881958],
       [0.        , 0.51280475],
       [0.        , 0.51701277],
       [0.        , 0.51710719],
       [0.        , 0.53487867],
       [0.        , 0.54428726],
       [0.        , 0.56006187],
       [0.        , 0.5601083 ],
       [0.        , 0.56347179],
       [0.        , 0.56529474],
       [0.        , 0.56674522],
       [0.        , 0.56914806],
       [0.        , 0.57141787],
       [0.        , 0.5799017 ],
       [0.        , 0.58724385],
       [0.        , 0.59745759],
       [0.        , 0.60134113],
       [0.        , 0.60930002],
       [0.        , 0.61497611],
       [0.        , 0.61622989],
       [0.        , 0.61858058],
       [0.        , 0.61893368],
       [0.        , 0.62414104],
       [0.        , 0.62417752],
       [0.        , 0.62542242],
       [0.        , 0.62698603],
       [0.        , 0.62757993],
       [0.        , 0.62778896],
       [0.        , 0.6280371 ],
       [0.        , 0.62971807],
       [0.        , 0.63213915],
       [0.        , 0.63266665],
       [0.        , 0.63338673],
       [0.        , 0.6342932 ],
       [0.        , 0.63485289],
       [0.        , 0.64323443],
       [0.        , 0.64506394],
       [0.        , 0.645657  ],
       [0.        , 0.64630258],
       [0.        , 0.64757138],
       [0.        , 0.64780909],
       [0.        , 0.64790231],
       [0.        , 0.65118778],
       [0.        , 0.65239954],
       [0.        , 0.65546256],
       [0.        , 0.65659493],
       [0.        , 0.65692902],
       [0.        , 0.65707487],
       [0.        , 0.65737855],
       [0.        , 0.65771359],
       [0.        , 0.65898514],
       [0.        , 0.65967602],
       [0.        , 0.66186082],
       [0.        , 0.66571653],
       [0.        , 0.66929483],
       [0.        , 0.67013687],
       [0.        , 0.67339486],
       [0.        , 0.6739465 ],
       [0.        , 0.67728287],
       [0.        , 0.67832834],
       [0.        , 0.68003786],
       [0.        , 0.68216431],
       [0.        , 0.68721014],
       [0.        , 0.68721074],
       [0.        , 0.68777621],
       [0.        , 0.68833119],
       [0.        , 0.69886506],
       [0.        , 0.70018244],
       [0.        , 0.70024103],
       [0.        , 0.70035207],
       [0.        , 0.70050138],
       [0.        , 0.70067245],
       [0.        , 0.70170116],
       [0.        , 0.702061  ],
       [0.        , 0.70361441],
       [0.        , 0.7036615 ],
       [0.        , 0.70461494],
       [0.        , 0.71179032],
       [0.        , 0.71212536],
       [0.        , 0.71215898],
       [0.        , 0.71462029],
       [0.        , 0.71496212],
       [0.        , 0.71705091],
       [0.        , 0.71737885],
       [0.        , 0.71888655],
       [0.        , 0.7190125 ],
       [0.        , 0.71914786],
       [0.        , 0.71940768],
       [0.        , 0.71959531],
       [0.        , 0.71996498],
       [0.        , 0.72777003],
       [0.        , 0.72837371],
       [0.        , 0.73337263],
       [0.        , 0.73505795],
       [0.        , 0.74262482],
       [0.        , 0.7428205 ],
       [0.        , 0.74544716],
       [0.        , 0.74709332],
       [0.        , 0.74853253],
       [0.        , 0.74969196],
       [0.        , 0.75153995],
       [0.        , 0.7549476 ],
       [0.        , 0.75680184],
       [0.        , 0.76056904],
       [0.        , 0.7607829 ],
       [0.        , 0.76105404],
       [0.        , 0.76220125],
       [0.        , 0.76296699],
       [0.        , 0.76434821],
       [0.        , 0.76948744],
       [0.        , 0.76957768],
       [0.        , 0.7707324 ],
       [0.        , 0.77506471],
       [0.        , 0.77687067],
       [0.        , 0.77823973],
       [0.        , 0.77922875],
       [0.        , 0.78219372],
       [0.        , 0.78470248],
       [0.        , 0.78854907],
       [0.        , 0.789738  ],
       [0.        , 0.79158801],
       [0.        , 0.79396451],
       [0.        , 0.79423696],
       [0.        , 0.79482806],
       [0.        , 0.7976405 ],
       [0.        , 0.79987377],
       [0.        , 0.80076921],
       [0.        , 0.80145323],
       [0.        , 0.82357627],
       [0.        , 0.84584397],
       [0.        , 0.85790348],
       [0.        , 0.86029011],
       [0.        , 0.86557019],
       [0.        ,        inf]]), array([[0.50720167, 0.54009277],
       [0.48856062, 0.49957094],
       [0.42575854, 0.48419163]])]",False
50,0.8383438587188721,0.060914039611816406,0.5806861543655395,34.38,3.891466158009483,2,0.0028635263442993164,0.0009847581386566162,0.0023711472749710083,0.08,0.6714293310764283,"[array([[0.        , 0.38715273],
       [0.        , 0.39394933],
       [0.        , 0.41812924],
       [0.        , 0.41882491],
       [0.        , 0.4200452 ],
       [0.        , 0.42704388],
       [0.        , 0.43742695],
       [0.        , 0.4407419 ],
       [0.        , 0.44131434],
       [0.        , 0.45158815],
       [0.        , 0.45618039],
       [0.        , 0.45816064],
       [0.        , 0.48943576],
       [0.        , 0.49036598],
       [0.        , 0.49441165],
       [0.        , 0.50319093],
       [0.        , 0.50763631],
       [0.        , 0.51019049],
       [0.        , 0.51343614],
       [0.        , 0.5237363 ],
       [0.        , 0.54417998],
       [0.        , 0.5601083 ],
       [0.        , 0.56013113],
       [0.        , 0.56347179],
       [0.        , 0.56518269],
       [0.        , 0.57753301],
       [0.        , 0.58429819],
       [0.        , 0.5944314 ],
       [0.        , 0.59644121],
       [0.        , 0.60245025],
       [0.        , 0.64198923],
       [0.        , 0.64312124],
       [0.        , 0.65700781],
       [0.        , 0.66821128],
       [0.        , 0.67158049],
       [0.        , 0.67352569],
       [0.        , 0.67805868],
       [0.        , 0.68003786],
       [0.        , 0.68290198],
       [0.        , 0.68639606],
       [0.        , 0.69005692],
       [0.        , 0.69313174],
       [0.        , 0.71774286],
       [0.        , 0.72079647],
       [0.        , 0.72502756],
       [0.        , 0.7270593 ],
       [0.        , 0.76479554],
       [0.        , 0.76590413],
       [0.        , 0.77742982],
       [0.        , 0.83834386],
       [0.        ,        inf]]), array([[0.51477194, 0.51763546],
       [0.45820966, 0.46008843]])]",True
64,0.8655701875686646,0.021739065647125244,0.6010536416433752,44.08,4.132934884773519,1,0.04067552089691162,0.04067552089691162,0.04067552089691162,0.98,-0.0,"[array([[0.        , 0.37337586],
       [0.        , 0.38715273],
       [0.        , 0.4024018 ],
       [0.        , 0.41499496],
       [0.        , 0.4200452 ],
       [0.        , 0.42880875],
       [0.        , 0.43346915],
       [0.        , 0.43742695],
       [0.        , 0.43905649],
       [0.        , 0.44034603],
       [0.        , 0.4407419 ],
       [0.        , 0.44131434],
       [0.        , 0.44395688],
       [0.        , 0.45158815],
       [0.        , 0.45996878],
       [0.        , 0.46154895],
       [0.        , 0.46611732],
       [0.        , 0.46972904],
       [0.        , 0.47109911],
       [0.        , 0.47856694],
       [0.        , 0.48993608],
       [0.        , 0.49274367],
       [0.        , 0.49441165],
       [0.        , 0.50319093],
       [0.        , 0.53446275],
       [0.        , 0.5601083 ],
       [0.        , 0.56347179],
       [0.        , 0.59157866],
       [0.        , 0.59572577],
       [0.        , 0.59711146],
       [0.        , 0.59819138],
       [0.        , 0.61608994],
       [0.        , 0.61718887],
       [0.        , 0.6256367 ],
       [0.        , 0.63467628],
       [0.        , 0.64312124],
       [0.        , 0.65931249],
       [0.        , 0.65985948],
       [0.        , 0.66724849],
       [0.        , 0.66821128],
       [0.        , 0.68003786],
       [0.        , 0.68424034],
       [0.        , 0.68646944],
       [0.        , 0.69110173],
       [0.        , 0.69399297],
       [0.        , 0.69570953],
       [0.        , 0.70234281],
       [0.        , 0.70652741],
       [0.        , 0.71070999],
       [0.        , 0.71545589],
       [0.        , 0.73168314],
       [0.        , 0.7322157 ],
       [0.        , 0.75007266],
       [0.        , 0.75145006],
       [0.        , 0.75213277],
       [0.        , 0.75469291],
       [0.        , 0.76409489],
       [0.        , 0.76523238],
       [0.        , 0.7794314 ],
       [0.        , 0.79852343],
       [0.        , 0.80834627],
       [0.        , 0.82958162],
       [0.        , 0.84383112],
       [0.        , 0.86557019],
       [0.        ,        inf]]), array([[0.50763631, 0.54831183]])]",False
156,0.8525242209434509,0.00668025016784668,0.6322363850015861,115.04,5.030681688734905,2,0.04067552089691162,0.04021531343460083,0.020567864179611206,0.54,0.06138981861151856,"[array([[0.        , 0.36035633],
       [0.        , 0.37337586],
       [0.        , 0.38544127],
       [0.        , 0.38715273],
       [0.        , 0.4024018 ],
       [0.        , 0.41486451],
       [0.        , 0.41499496],
       [0.        , 0.41882491],
       [0.        , 0.41996485],
       [0.        , 0.4200452 ],
       [0.        , 0.4210099 ],
       [0.        , 0.42880875],
       [0.        , 0.43584964],
       [0.        , 0.43742695],
       [0.        , 0.43789533],
       [0.        , 0.43905649],
       [0.        , 0.44034603],
       [0.        , 0.4407419 ],
       [0.        , 0.44131434],
       [0.        , 0.44134226],
       [0.        , 0.45158815],
       [0.        , 0.45816064],
       [0.        , 0.45996878],
       [0.        , 0.46210781],
       [0.        , 0.46928936],
       [0.        , 0.47358829],
       [0.        , 0.47560501],
       [0.        , 0.49274367],
       [0.        , 0.49441165],
       [0.        , 0.494874  ],
       [0.        , 0.49775749],
       [0.        , 0.5014888 ],
       [0.        , 0.50319093],
       [0.        , 0.51280475],
       [0.        , 0.52250391],
       [0.        , 0.5237363 ],
       [0.        , 0.52437967],
       [0.        , 0.53487867],
       [0.        , 0.54428726],
       [0.        , 0.56006187],
       [0.        , 0.5601083 ],
       [0.        , 0.56347179],
       [0.        , 0.56363392],
       [0.        , 0.56529474],
       [0.        , 0.56674522],
       [0.        , 0.56964058],
       [0.        , 0.57141787],
       [0.        , 0.57976049],
       [0.        , 0.5799017 ],
       [0.        , 0.5826872 ],
       [0.        , 0.58724385],
       [0.        , 0.59745759],
       [0.        , 0.60134113],
       [0.        , 0.61497611],
       [0.        , 0.61721033],
       [0.        , 0.61822152],
       [0.        , 0.61858058],
       [0.        , 0.62035131],
       [0.        , 0.62542242],
       [0.        , 0.62698603],
       [0.        , 0.62757993],
       [0.        , 0.63213915],
       [0.        , 0.63266665],
       [0.        , 0.6342932 ],
       [0.        , 0.63485289],
       [0.        , 0.64312124],
       [0.        , 0.64323443],
       [0.        , 0.645657  ],
       [0.        , 0.64630258],
       [0.        , 0.64656252],
       [0.        , 0.6466158 ],
       [0.        , 0.64678931],
       [0.        , 0.64757138],
       [0.        , 0.64780909],
       [0.        , 0.64790231],
       [0.        , 0.65118778],
       [0.        , 0.65546256],
       [0.        , 0.65659493],
       [0.        , 0.65692902],
       [0.        , 0.65707487],
       [0.        , 0.65737855],
       [0.        , 0.65898514],
       [0.        , 0.65920097],
       [0.        , 0.65967602],
       [0.        , 0.66186082],
       [0.        , 0.66436255],
       [0.        , 0.66571653],
       [0.        , 0.66607153],
       [0.        , 0.67013687],
       [0.        , 0.67116433],
       [0.        , 0.6739465 ],
       [0.        , 0.67549247],
       [0.        , 0.67832834],
       [0.        , 0.68003786],
       [0.        , 0.68216431],
       [0.        , 0.68424034],
       [0.        , 0.68588924],
       [0.        , 0.68721074],
       [0.        , 0.69313359],
       [0.        , 0.70018244],
       [0.        , 0.70035207],
       [0.        , 0.70050138],
       [0.        , 0.70067245],
       [0.        , 0.702061  ],
       [0.        , 0.70245641],
       [0.        , 0.70361441],
       [0.        , 0.7036615 ],
       [0.        , 0.70461494],
       [0.        , 0.70981807],
       [0.        , 0.71097296],
       [0.        , 0.71215898],
       [0.        , 0.7131111 ],
       [0.        , 0.71462029],
       [0.        , 0.71737885],
       [0.        , 0.71755993],
       [0.        , 0.7190125 ],
       [0.        , 0.71914786],
       [0.        , 0.71940768],
       [0.        , 0.71959531],
       [0.        , 0.71996498],
       [0.        , 0.72777003],
       [0.        , 0.72837371],
       [0.        , 0.73337263],
       [0.        , 0.73505795],
       [0.        , 0.73829275],
       [0.        , 0.74262482],
       [0.        , 0.7428205 ],
       [0.        , 0.74709332],
       [0.        , 0.74853253],
       [0.        , 0.74969196],
       [0.        , 0.75153995],
       [0.        , 0.754825  ],
       [0.        , 0.7549476 ],
       [0.        , 0.75680184],
       [0.        , 0.76056904],
       [0.        , 0.76220125],
       [0.        , 0.76948744],
       [0.        , 0.76957768],
       [0.        , 0.7707324 ],
       [0.        , 0.77823973],
       [0.        , 0.78219372],
       [0.        , 0.78272897],
       [0.        , 0.78470248],
       [0.        , 0.78854907],
       [0.        , 0.789738  ],
       [0.        , 0.79158801],
       [0.        , 0.79396451],
       [0.        , 0.79423696],
       [0.        , 0.79482806],
       [0.        , 0.7976405 ],
       [0.        , 0.79987377],
       [0.        , 0.8185249 ],
       [0.        , 0.82357627],
       [0.        , 0.83050835],
       [0.        , 0.84584397],
       [0.        , 0.85252422],
       [0.        ,        inf]]), array([[0.58160561, 0.58206582],
       [0.50763631, 0.54831183]])]",True
64,0.8534849286079407,0.0036364197731018066,0.5944527238607407,44.34,4.135654397634359,2,0.011010318994522095,0.009131550788879395,0.0064445436000823975,0.32,0.4152908492500268,"[array([[0.        , 0.36035633],
       [0.        , 0.37337586],
       [0.        , 0.38715273],
       [0.        , 0.39394933],
       [0.        , 0.4024018 ],
       [0.        , 0.41499496],
       [0.        , 0.41882491],
       [0.        , 0.4200452 ],
       [0.        , 0.42704388],
       [0.        , 0.42880875],
       [0.        , 0.43425018],
       [0.        , 0.43726656],
       [0.        , 0.43742695],
       [0.        , 0.4407419 ],
       [0.        , 0.45158815],
       [0.        , 0.49441165],
       [0.        , 0.50319093],
       [0.        , 0.50763631],
       [0.        , 0.51019049],
       [0.        , 0.53446275],
       [0.        , 0.53447193],
       [0.        , 0.53452533],
       [0.        , 0.53679961],
       [0.        , 0.55798405],
       [0.        , 0.5601083 ],
       [0.        , 0.56163359],
       [0.        , 0.56347179],
       [0.        , 0.58527631],
       [0.        , 0.58539951],
       [0.        , 0.58723557],
       [0.        , 0.60000247],
       [0.        , 0.600411  ],
       [0.        , 0.6272006 ],
       [0.        , 0.64095145],
       [0.        , 0.64312124],
       [0.        , 0.64672279],
       [0.        , 0.64701724],
       [0.        , 0.65077817],
       [0.        , 0.65532792],
       [0.        , 0.65737855],
       [0.        , 0.65771568],
       [0.        , 0.66044641],
       [0.        , 0.66527545],
       [0.        , 0.66668147],
       [0.        , 0.6679396 ],
       [0.        , 0.66821128],
       [0.        , 0.67158049],
       [0.        , 0.67314613],
       [0.        , 0.68003786],
       [0.        , 0.68236887],
       [0.        , 0.69299561],
       [0.        , 0.69555575],
       [0.        , 0.7117067 ],
       [0.        , 0.71483427],
       [0.        , 0.71546596],
       [0.        , 0.7471022 ],
       [0.        , 0.75081015],
       [0.        , 0.75211084],
       [0.        , 0.75768483],
       [0.        , 0.76564294],
       [0.        , 0.78170443],
       [0.        , 0.80868691],
       [0.        , 0.84984851],
       [0.        , 0.85348493],
       [0.        ,        inf]]), array([[0.48856062, 0.49957094],
       [0.45820966, 0.46008843]])]",False
62,0.8679038286209106,0.018952667713165283,0.5961551156736189,42.3,4.09906165150276,0,0.0,0.0,0.0,0.0,0.0,"[array([[0.        , 0.36035633],
       [0.        , 0.38715273],
       [0.        , 0.39394933],
       [0.        , 0.40142474],
       [0.        , 0.41812924],
       [0.        , 0.41882491],
       [0.        , 0.4200452 ],
       [0.        , 0.42094427],
       [0.        , 0.42880875],
       [0.        , 0.43742695],
       [0.        , 0.43789533],
       [0.        , 0.43905649],
       [0.        , 0.4407419 ],
       [0.        , 0.44134226],
       [0.        , 0.45158815],
       [0.        , 0.45816064],
       [0.        , 0.46210781],
       [0.        , 0.46344507],
       [0.        , 0.46668717],
       [0.        , 0.49441165],
       [0.        , 0.50319093],
       [0.        , 0.50763631],
       [0.        , 0.51019049],
       [0.        , 0.51477194],
       [0.        , 0.53446275],
       [0.        , 0.5601083 ],
       [0.        , 0.56188154],
       [0.        , 0.56347179],
       [0.        , 0.57135695],
       [0.        , 0.58833694],
       [0.        , 0.59857076],
       [0.        , 0.60762435],
       [0.        , 0.61564267],
       [0.        , 0.62687325],
       [0.        , 0.63585818],
       [0.        , 0.64701724],
       [0.        , 0.6562044 ],
       [0.        , 0.65918511],
       [0.        , 0.66044641],
       [0.        , 0.66886812],
       [0.        , 0.67116433],
       [0.        , 0.67158049],
       [0.        , 0.67506391],
       [0.        , 0.67548895],
       [0.        , 0.68003786],
       [0.        , 0.69024926],
       [0.        , 0.69862539],
       [0.        , 0.70498931],
       [0.        , 0.73885781],
       [0.        , 0.7432577 ],
       [0.        , 0.7471022 ],
       [0.        , 0.75145006],
       [0.        , 0.76597565],
       [0.        , 0.76681304],
       [0.        , 0.7742669 ],
       [0.        , 0.78170443],
       [0.        , 0.80197537],
       [0.        , 0.80538625],
       [0.        , 0.82958162],
       [0.        , 0.83699429],
       [0.        , 0.84895116],
       [0.        , 0.86790383],
       [0.        ,        inf]]), array([], shape=(0, 2), dtype=float64)]",False
45,0.8655701875686646,0.016414761543273926,0.5859707944922977,30.24,3.7830532606856355,1,0.0018787682056427002,0.0018787682056427002,0.0018787682056427002,0.98,-0.0,"[array([[0.        , 0.38715273],
       [0.        , 0.39394933],
       [0.        , 0.41812924],
       [0.        , 0.41882491],
       [0.        , 0.4200452 ],
       [0.        , 0.42704388],
       [0.        , 0.43742695],
       [0.        , 0.4407419 ],
       [0.        , 0.44131434],
       [0.        , 0.45158815],
       [0.        , 0.45816064],
       [0.        , 0.46210781],
       [0.        , 0.48943576],
       [0.        , 0.49441165],
       [0.        , 0.50319093],
       [0.        , 0.50763631],
       [0.        , 0.51019049],
       [0.        , 0.5237363 ],
       [0.        , 0.54417998],
       [0.        , 0.5601083 ],
       [0.        , 0.56347179],
       [0.        , 0.57753301],
       [0.        , 0.58090478],
       [0.        , 0.59463793],
       [0.        , 0.60245025],
       [0.        , 0.61022812],
       [0.        , 0.61718887],
       [0.        , 0.64312124],
       [0.        , 0.65219593],
       [0.        , 0.66821128],
       [0.        , 0.67158049],
       [0.        , 0.67352569],
       [0.        , 0.68003786],
       [0.        , 0.68222803],
       [0.        , 0.68290198],
       [0.        , 0.69005692],
       [0.        , 0.69313174],
       [0.        , 0.70981658],
       [0.        , 0.7270593 ],
       [0.        , 0.73333347],
       [0.        , 0.74408603],
       [0.        , 0.77744818],
       [0.        , 0.78943586],
       [0.        , 0.84915543],
       [0.        , 0.86557019],
       [0.        ,        inf]]), array([[0.45820966, 0.46008843]])]",True
61,0.7818214297294617,0.022352159023284912,0.5834446520101829,45.16,4.0894992521748215,0,0.0,0.0,0.0,0.0,0.0,"[array([[0.        , 0.36065787],
       [0.        , 0.37337586],
       [0.        , 0.38715273],
       [0.        , 0.39535582],
       [0.        , 0.39707401],
       [0.        , 0.4024018 ],
       [0.        , 0.41882491],
       [0.        , 0.4200452 ],
       [0.        , 0.43742695],
       [0.        , 0.43905649],
       [0.        , 0.4407419 ],
       [0.        , 0.45158815],
       [0.        , 0.45816064],
       [0.        , 0.45996878],
       [0.        , 0.47337952],
       [0.        , 0.49441165],
       [0.        , 0.50319093],
       [0.        , 0.50553972],
       [0.        , 0.50763631],
       [0.        , 0.51201886],
       [0.        , 0.5166024 ],
       [0.        , 0.51847845],
       [0.        , 0.5193283 ],
       [0.        , 0.52250391],
       [0.        , 0.5237363 ],
       [0.        , 0.54673272],
       [0.        , 0.5601083 ],
       [0.        , 0.56347179],
       [0.        , 0.57815135],
       [0.        , 0.58724385],
       [0.        , 0.61285537],
       [0.        , 0.61685622],
       [0.        , 0.61906511],
       [0.        , 0.62103087],
       [0.        , 0.63213915],
       [0.        , 0.63983828],
       [0.        , 0.65219593],
       [0.        , 0.65610129],
       [0.        , 0.66133404],
       [0.        , 0.66821128],
       [0.        , 0.66821206],
       [0.        , 0.67158049],
       [0.        , 0.67470199],
       [0.        , 0.68003786],
       [0.        , 0.68100446],
       [0.        , 0.68139982],
       [0.        , 0.68184775],
       [0.        , 0.68929291],
       [0.        , 0.69407547],
       [0.        , 0.70214337],
       [0.        , 0.70795566],
       [0.        , 0.70939648],
       [0.        , 0.71739012],
       [0.        , 0.73136008],
       [0.        , 0.73206139],
       [0.        , 0.73268378],
       [0.        , 0.74151623],
       [0.        , 0.74316227],
       [0.        , 0.75501788],
       [0.        , 0.75946927],
       [0.        , 0.78182143],
       [0.        ,        inf]]), array([], shape=(0, 2), dtype=float64)]",True
160,0.8728266954421997,0.01410222053527832,0.6488115807995201,118.08,5.056834516759247,2,0.04067552089691162,0.0037736892700195312,0.038788676261901855,1.7,0.6919635837837033,"[array([[0.        , 0.37337586],
       [0.        , 0.38544127],
       [0.        , 0.38715273],
       [0.        , 0.4024018 ],
       [0.        , 0.41486451],
       [0.        , 0.41499496],
       [0.        , 0.41882491],
       [0.        , 0.4200452 ],
       [0.        , 0.4210099 ],
       [0.        , 0.42880875],
       [0.        , 0.43057579],
       [0.        , 0.43584964],
       [0.        , 0.43742695],
       [0.        , 0.43789533],
       [0.        , 0.43905649],
       [0.        , 0.44034603],
       [0.        , 0.4407419 ],
       [0.        , 0.44131434],
       [0.        , 0.44134226],
       [0.        , 0.45158815],
       [0.        , 0.45816064],
       [0.        , 0.45996878],
       [0.        , 0.46210781],
       [0.        , 0.47358829],
       [0.        , 0.47560501],
       [0.        , 0.49274367],
       [0.        , 0.49370015],
       [0.        , 0.49441165],
       [0.        , 0.494874  ],
       [0.        , 0.5014888 ],
       [0.        , 0.51280475],
       [0.        , 0.53487867],
       [0.        , 0.54428726],
       [0.        , 0.56006187],
       [0.        , 0.5601083 ],
       [0.        , 0.56347179],
       [0.        , 0.56363392],
       [0.        , 0.56529474],
       [0.        , 0.56674522],
       [0.        , 0.57141787],
       [0.        , 0.57976049],
       [0.        , 0.5799017 ],
       [0.        , 0.58724385],
       [0.        , 0.58833694],
       [0.        , 0.59717441],
       [0.        , 0.59745759],
       [0.        , 0.60134113],
       [0.        , 0.61497611],
       [0.        , 0.6165905 ],
       [0.        , 0.61858058],
       [0.        , 0.62542242],
       [0.        , 0.62698603],
       [0.        , 0.62757993],
       [0.        , 0.63213915],
       [0.        , 0.63266665],
       [0.        , 0.6342932 ],
       [0.        , 0.63485289],
       [0.        , 0.64312124],
       [0.        , 0.64323443],
       [0.        , 0.64332157],
       [0.        , 0.645657  ],
       [0.        , 0.64630258],
       [0.        , 0.64757138],
       [0.        , 0.64780909],
       [0.        , 0.64790231],
       [0.        , 0.65118778],
       [0.        , 0.65546256],
       [0.        , 0.65593606],
       [0.        , 0.65659493],
       [0.        , 0.65692902],
       [0.        , 0.65707487],
       [0.        , 0.65737855],
       [0.        , 0.65898514],
       [0.        , 0.65967602],
       [0.        , 0.66186082],
       [0.        , 0.6627785 ],
       [0.        , 0.66383874],
       [0.        , 0.66571653],
       [0.        , 0.6680519 ],
       [0.        , 0.67013687],
       [0.        , 0.6739465 ],
       [0.        , 0.67629546],
       [0.        , 0.67832834],
       [0.        , 0.68003786],
       [0.        , 0.68173623],
       [0.        , 0.68216431],
       [0.        , 0.68448859],
       [0.        , 0.68721074],
       [0.        , 0.68941152],
       [0.        , 0.69274354],
       [0.        , 0.69399297],
       [0.        , 0.70018244],
       [0.        , 0.70035207],
       [0.        , 0.70050138],
       [0.        , 0.70067245],
       [0.        , 0.70127594],
       [0.        , 0.702061  ],
       [0.        , 0.70361441],
       [0.        , 0.7036615 ],
       [0.        , 0.70415992],
       [0.        , 0.70461494],
       [0.        , 0.70904684],
       [0.        , 0.71049362],
       [0.        , 0.71097296],
       [0.        , 0.71215898],
       [0.        , 0.71279788],
       [0.        , 0.71462029],
       [0.        , 0.71737885],
       [0.        , 0.7190125 ],
       [0.        , 0.71914786],
       [0.        , 0.71940768],
       [0.        , 0.71959531],
       [0.        , 0.71996498],
       [0.        , 0.72699928],
       [0.        , 0.72704434],
       [0.        , 0.727198  ],
       [0.        , 0.72777003],
       [0.        , 0.72837371],
       [0.        , 0.73337263],
       [0.        , 0.73505795],
       [0.        , 0.73770428],
       [0.        , 0.73798889],
       [0.        , 0.73874879],
       [0.        , 0.74262482],
       [0.        , 0.7428205 ],
       [0.        , 0.74519455],
       [0.        , 0.74598753],
       [0.        , 0.74709332],
       [0.        , 0.74853253],
       [0.        , 0.74969196],
       [0.        , 0.75153995],
       [0.        , 0.7549476 ],
       [0.        , 0.75680184],
       [0.        , 0.75798702],
       [0.        , 0.76056904],
       [0.        , 0.76220125],
       [0.        , 0.76948744],
       [0.        , 0.76957768],
       [0.        , 0.7707324 ],
       [0.        , 0.77823973],
       [0.        , 0.78219372],
       [0.        , 0.78470248],
       [0.        , 0.78854907],
       [0.        , 0.789738  ],
       [0.        , 0.79158801],
       [0.        , 0.79396451],
       [0.        , 0.79423696],
       [0.        , 0.79482806],
       [0.        , 0.7976405 ],
       [0.        , 0.79987377],
       [0.        , 0.80401629],
       [0.        , 0.80536711],
       [0.        , 0.8163026 ],
       [0.        , 0.81831795],
       [0.        , 0.82357627],
       [0.        , 0.8252539 ],
       [0.        , 0.84584397],
       [0.        , 0.84773022],
       [0.        , 0.85872447],
       [0.        , 0.8728267 ],
       [0.        ,        inf]]), array([[0.50763631, 0.54831183],
       [0.50319093, 0.54009277]])]",True
99,0.8655701875686646,0.011377990245819092,0.6168219182226393,70.0,4.572435039086688,3,0.0481334924697876,0.0074579715728759766,0.030229260524113972,1.0,0.7761463246058551,"[array([[0.        , 0.37337586],
       [0.        , 0.38715273],
       [0.        , 0.4024018 ],
       [0.        , 0.41499496],
       [0.        , 0.41812924],
       [0.        , 0.41882491],
       [0.        , 0.4200452 ],
       [0.        , 0.42704388],
       [0.        , 0.42880875],
       [0.        , 0.43022469],
       [0.        , 0.43346915],
       [0.        , 0.43742695],
       [0.        , 0.43869025],
       [0.        , 0.44034603],
       [0.        , 0.4407419 ],
       [0.        , 0.44131434],
       [0.        , 0.45158815],
       [0.        , 0.45618039],
       [0.        , 0.47355893],
       [0.        , 0.47358829],
       [0.        , 0.47560501],
       [0.        , 0.4816035 ],
       [0.        , 0.48419163],
       [0.        , 0.49274367],
       [0.        , 0.49303174],
       [0.        , 0.49417058],
       [0.        , 0.49944043],
       [0.        , 0.50178498],
       [0.        , 0.51477194],
       [0.        , 0.51773721],
       [0.        , 0.53446275],
       [0.        , 0.53447193],
       [0.        , 0.53452533],
       [0.        , 0.54492486],
       [0.        , 0.54821539],
       [0.        , 0.5512358 ],
       [0.        , 0.5601083 ],
       [0.        , 0.56347179],
       [0.        , 0.56363392],
       [0.        , 0.57753301],
       [0.        , 0.59622848],
       [0.        , 0.59692454],
       [0.        , 0.61718887],
       [0.        , 0.61792165],
       [0.        , 0.63213915],
       [0.        , 0.63381654],
       [0.        , 0.63382709],
       [0.        , 0.63826156],
       [0.        , 0.64045918],
       [0.        , 0.64312124],
       [0.        , 0.65827745],
       [0.        , 0.66123694],
       [0.        , 0.66158962],
       [0.        , 0.6627785 ],
       [0.        , 0.66879511],
       [0.        , 0.67865342],
       [0.        , 0.6795572 ],
       [0.        , 0.67961675],
       [0.        , 0.68003786],
       [0.        , 0.68100446],
       [0.        , 0.68172002],
       [0.        , 0.68721014],
       [0.        , 0.68805027],
       [0.        , 0.68900162],
       [0.        , 0.68991464],
       [0.        , 0.69399297],
       [0.        , 0.69416511],
       [0.        , 0.6979484 ],
       [0.        , 0.69874448],
       [0.        , 0.69954211],
       [0.        , 0.7003715 ],
       [0.        , 0.71000624],
       [0.        , 0.71128428],
       [0.        , 0.71279788],
       [0.        , 0.71545589],
       [0.        , 0.72139412],
       [0.        , 0.72294128],
       [0.        , 0.7236284 ],
       [0.        , 0.72613108],
       [0.        , 0.73173702],
       [0.        , 0.73289543],
       [0.        , 0.73770428],
       [0.        , 0.73798889],
       [0.        , 0.748959  ],
       [0.        , 0.75469291],
       [0.        , 0.75798702],
       [0.        , 0.76408386],
       [0.        , 0.7653687 ],
       [0.        , 0.77747405],
       [0.        , 0.78036356],
       [0.        , 0.78536606],
       [0.        , 0.79081333],
       [0.        , 0.79112345],
       [0.        , 0.79366302],
       [0.        , 0.8163026 ],
       [0.        , 0.8252539 ],
       [0.        , 0.85252422],
       [0.        , 0.8541922 ],
       [0.        , 0.86557019],
       [0.        ,        inf]]), array([[0.50763631, 0.54831183],
       [0.49441165, 0.54254514],
       [0.45820966, 0.46008843]])]",True
68,0.79852694272995,0.009091079235076904,0.5723312264856171,48.4,4.1985833054069275,3,0.03289109468460083,0.02029433846473694,0.015788873036702473,0.58,0.7334993582173513,"[array([[0.        , 0.34494105],
       [0.        , 0.37337586],
       [0.        , 0.38715273],
       [0.        , 0.39394933],
       [0.        , 0.4024018 ],
       [0.        , 0.41882491],
       [0.        , 0.4200452 ],
       [0.        , 0.42704388],
       [0.        , 0.43057579],
       [0.        , 0.43742695],
       [0.        , 0.43789533],
       [0.        , 0.43869025],
       [0.        , 0.4407419 ],
       [0.        , 0.45618039],
       [0.        , 0.4566285 ],
       [0.        , 0.45816064],
       [0.        , 0.46495181],
       [0.        , 0.48348886],
       [0.        , 0.48856062],
       [0.        , 0.48953468],
       [0.        , 0.49441165],
       [0.        , 0.49651119],
       [0.        , 0.49965605],
       [0.        , 0.5011583 ],
       [0.        , 0.50319093],
       [0.        , 0.50492746],
       [0.        , 0.50763631],
       [0.        , 0.51019049],
       [0.        , 0.5237363 ],
       [0.        , 0.53851372],
       [0.        , 0.54417998],
       [0.        , 0.54508334],
       [0.        , 0.5601083 ],
       [0.        , 0.56347179],
       [0.        , 0.56381392],
       [0.        , 0.60245025],
       [0.        , 0.60289383],
       [0.        , 0.61022812],
       [0.        , 0.62076592],
       [0.        , 0.62103087],
       [0.        , 0.62526351],
       [0.        , 0.62550712],
       [0.        , 0.63554806],
       [0.        , 0.65610129],
       [0.        , 0.6582306 ],
       [0.        , 0.65985948],
       [0.        , 0.66021341],
       [0.        , 0.66324121],
       [0.        , 0.66724849],
       [0.        , 0.66821128],
       [0.        , 0.67027169],
       [0.        , 0.67352569],
       [0.        , 0.67966908],
       [0.        , 0.68003786],
       [0.        , 0.68182188],
       [0.        , 0.68290198],
       [0.        , 0.69005692],
       [0.        , 0.69313174],
       [0.        , 0.70596325],
       [0.        , 0.70631152],
       [0.        , 0.71238297],
       [0.        , 0.72118241],
       [0.        , 0.7270593 ],
       [0.        , 0.73095393],
       [0.        , 0.7322157 ],
       [0.        , 0.759121  ],
       [0.        , 0.78943586],
       [0.        , 0.79852694],
       [0.        ,        inf]]), array([[0.50720167, 0.54009277],
       [0.48943576, 0.50203252],
       [0.45820966, 0.46008843]])]",True
156,0.8728266954421997,0.00979471206665039,0.6477675724488038,115.0,5.029621234212007,3,0.0481334924697876,0.0074579715728759766,0.03327311078707377,1.66,0.9606977120786504,"[array([[0.        , 0.37337586],
       [0.        , 0.38544127],
       [0.        , 0.38715273],
       [0.        , 0.39394933],
       [0.        , 0.4024018 ],
       [0.        , 0.41499496],
       [0.        , 0.41812924],
       [0.        , 0.41882491],
       [0.        , 0.4200452 ],
       [0.        , 0.4210099 ],
       [0.        , 0.42880875],
       [0.        , 0.43425018],
       [0.        , 0.43584964],
       [0.        , 0.43726656],
       [0.        , 0.43742695],
       [0.        , 0.43789533],
       [0.        , 0.43905649],
       [0.        , 0.44034603],
       [0.        , 0.4407419 ],
       [0.        , 0.44134226],
       [0.        , 0.45158815],
       [0.        , 0.45816064],
       [0.        , 0.45996878],
       [0.        , 0.46210781],
       [0.        , 0.47109911],
       [0.        , 0.47358829],
       [0.        , 0.47560501],
       [0.        , 0.49274367],
       [0.        , 0.49417058],
       [0.        , 0.494874  ],
       [0.        , 0.5014888 ],
       [0.        , 0.50319093],
       [0.        , 0.51280475],
       [0.        , 0.53487867],
       [0.        , 0.54428726],
       [0.        , 0.56006187],
       [0.        , 0.5601083 ],
       [0.        , 0.56347179],
       [0.        , 0.56363392],
       [0.        , 0.56529474],
       [0.        , 0.56674522],
       [0.        , 0.56914806],
       [0.        , 0.57141787],
       [0.        , 0.5799017 ],
       [0.        , 0.58724385],
       [0.        , 0.59745759],
       [0.        , 0.60134113],
       [0.        , 0.61256677],
       [0.        , 0.61497611],
       [0.        , 0.61665469],
       [0.        , 0.61858058],
       [0.        , 0.62542242],
       [0.        , 0.62664056],
       [0.        , 0.62698603],
       [0.        , 0.62757993],
       [0.        , 0.63213915],
       [0.        , 0.63266665],
       [0.        , 0.6342932 ],
       [0.        , 0.63485289],
       [0.        , 0.64312124],
       [0.        , 0.64323443],
       [0.        , 0.645657  ],
       [0.        , 0.64630258],
       [0.        , 0.64757138],
       [0.        , 0.64780909],
       [0.        , 0.64790231],
       [0.        , 0.65118778],
       [0.        , 0.65546256],
       [0.        , 0.65659493],
       [0.        , 0.65692902],
       [0.        , 0.65707487],
       [0.        , 0.65737855],
       [0.        , 0.65898514],
       [0.        , 0.65967602],
       [0.        , 0.66186082],
       [0.        , 0.6627785 ],
       [0.        , 0.66571653],
       [0.        , 0.6680519 ],
       [0.        , 0.66944724],
       [0.        , 0.67013687],
       [0.        , 0.67320091],
       [0.        , 0.6739465 ],
       [0.        , 0.67601377],
       [0.        , 0.67629546],
       [0.        , 0.67832834],
       [0.        , 0.68003786],
       [0.        , 0.68216431],
       [0.        , 0.68721074],
       [0.        , 0.69555575],
       [0.        , 0.70018244],
       [0.        , 0.70035207],
       [0.        , 0.70050138],
       [0.        , 0.70067245],
       [0.        , 0.702061  ],
       [0.        , 0.70361441],
       [0.        , 0.7036615 ],
       [0.        , 0.70461494],
       [0.        , 0.71097296],
       [0.        , 0.71215898],
       [0.        , 0.71279788],
       [0.        , 0.71462029],
       [0.        , 0.71737885],
       [0.        , 0.7190125 ],
       [0.        , 0.71914786],
       [0.        , 0.71940768],
       [0.        , 0.71959531],
       [0.        , 0.71996498],
       [0.        , 0.72281027],
       [0.        , 0.72777003],
       [0.        , 0.72837371],
       [0.        , 0.73337263],
       [0.        , 0.73505795],
       [0.        , 0.73770428],
       [0.        , 0.73798889],
       [0.        , 0.74262482],
       [0.        , 0.7428205 ],
       [0.        , 0.74709332],
       [0.        , 0.74853253],
       [0.        , 0.74969196],
       [0.        , 0.75153995],
       [0.        , 0.7549476 ],
       [0.        , 0.75680184],
       [0.        , 0.75798702],
       [0.        , 0.76053286],
       [0.        , 0.76056904],
       [0.        , 0.76220125],
       [0.        , 0.76622248],
       [0.        , 0.76770759],
       [0.        , 0.76948744],
       [0.        , 0.76957768],
       [0.        , 0.77018207],
       [0.        , 0.7707324 ],
       [0.        , 0.77823973],
       [0.        , 0.78219372],
       [0.        , 0.78470248],
       [0.        , 0.78854907],
       [0.        , 0.789738  ],
       [0.        , 0.79044056],
       [0.        , 0.79158801],
       [0.        , 0.79396451],
       [0.        , 0.79423696],
       [0.        , 0.79482806],
       [0.        , 0.7976405 ],
       [0.        , 0.79987377],
       [0.        , 0.79991215],
       [0.        , 0.80722153],
       [0.        , 0.8163026 ],
       [0.        , 0.81735969],
       [0.        , 0.8177523 ],
       [0.        , 0.82357627],
       [0.        , 0.8252539 ],
       [0.        , 0.84295356],
       [0.        , 0.84584397],
       [0.        , 0.85698056],
       [0.        , 0.86303198],
       [0.        , 0.8728267 ],
       [0.        ,        inf]]), array([[0.50763631, 0.54831183],
       [0.49441165, 0.54254514],
       [0.48856062, 0.49957094]])]",False
45,0.8655701875686646,0.05834245681762695,0.5737556874752044,29.58,3.7831852459469255,3,0.004353702068328857,0.00036650896072387695,0.0034065544605255127,0.12,1.0420962512270067,"[array([[0.        , 0.38715273],
       [0.        , 0.39394933],
       [0.        , 0.41882491],
       [0.        , 0.4200452 ],
       [0.        , 0.42704388],
       [0.        , 0.43022469],
       [0.        , 0.43425018],
       [0.        , 0.43726656],
       [0.        , 0.43742695],
       [0.        , 0.44034603],
       [0.        , 0.4407419 ],
       [0.        , 0.46611732],
       [0.        , 0.47109911],
       [0.        , 0.47664434],
       [0.        , 0.48943576],
       [0.        , 0.49441165],
       [0.        , 0.50238061],
       [0.        , 0.50319093],
       [0.        , 0.50763631],
       [0.        , 0.51019049],
       [0.        , 0.5193283 ],
       [0.        , 0.5601083 ],
       [0.        , 0.56347179],
       [0.        , 0.5941937 ],
       [0.        , 0.59857076],
       [0.        , 0.600411  ],
       [0.        , 0.60374957],
       [0.        , 0.61483586],
       [0.        , 0.63096553],
       [0.        , 0.65275097],
       [0.        , 0.65433538],
       [0.        , 0.65737855],
       [0.        , 0.66749316],
       [0.        , 0.66821128],
       [0.        , 0.67314613],
       [0.        , 0.67750227],
       [0.        , 0.68003786],
       [0.        , 0.68894184],
       [0.        , 0.73142558],
       [0.        , 0.75007266],
       [0.        , 0.75211084],
       [0.        , 0.75469291],
       [0.        , 0.76409489],
       [0.        , 0.80722773],
       [0.        , 0.86557019],
       [0.        ,        inf]]), array([[0.54395813, 0.54831183],
       [0.50803167, 0.51201886],
       [0.45820966, 0.46008843]])]",False
70,0.8252349495887756,0.02837228775024414,0.6237561796392713,52.46,4.228537345090188,1,0.0018787682056427002,0.0018787682056427002,0.0018787682056427002,0.98,-0.0,"[array([[0.        , 0.38715273],
       [0.        , 0.4024018 ],
       [0.        , 0.41812924],
       [0.        , 0.41882491],
       [0.        , 0.4200452 ],
       [0.        , 0.42704388],
       [0.        , 0.42880875],
       [0.        , 0.43022469],
       [0.        , 0.43742695],
       [0.        , 0.4407419 ],
       [0.        , 0.44131434],
       [0.        , 0.45158815],
       [0.        , 0.46668717],
       [0.        , 0.47109911],
       [0.        , 0.47358829],
       [0.        , 0.49441165],
       [0.        , 0.50319093],
       [0.        , 0.50763631],
       [0.        , 0.52495223],
       [0.        , 0.53446275],
       [0.        , 0.55474442],
       [0.        , 0.5601083 ],
       [0.        , 0.56347179],
       [0.        , 0.58138281],
       [0.        , 0.59352452],
       [0.        , 0.61333555],
       [0.        , 0.61721033],
       [0.        , 0.62757993],
       [0.        , 0.63557178],
       [0.        , 0.63600558],
       [0.        , 0.64312124],
       [0.        , 0.6466158 ],
       [0.        , 0.64792746],
       [0.        , 0.66337144],
       [0.        , 0.66438282],
       [0.        , 0.66821128],
       [0.        , 0.67144722],
       [0.        , 0.67158049],
       [0.        , 0.67352569],
       [0.        , 0.68003786],
       [0.        , 0.68047643],
       [0.        , 0.68223733],
       [0.        , 0.68478179],
       [0.        , 0.69005692],
       [0.        , 0.69033104],
       [0.        , 0.69474369],
       [0.        , 0.69811511],
       [0.        , 0.70125401],
       [0.        , 0.70443803],
       [0.        , 0.70494139],
       [0.        , 0.70630366],
       [0.        , 0.70765209],
       [0.        , 0.70909816],
       [0.        , 0.71180212],
       [0.        , 0.71188736],
       [0.        , 0.73140281],
       [0.        , 0.73642832],
       [0.        , 0.74034178],
       [0.        , 0.74407691],
       [0.        , 0.7471022 ],
       [0.        , 0.7480827 ],
       [0.        , 0.76597565],
       [0.        , 0.76805508],
       [0.        , 0.77084422],
       [0.        , 0.77349925],
       [0.        , 0.7770372 ],
       [0.        , 0.77819431],
       [0.        , 0.78878808],
       [0.        , 0.79686266],
       [0.        , 0.82523495],
       [0.        ,        inf]]), array([[0.45820966, 0.46008843]])]",True
38,0.8655701875686646,0.026998400688171387,0.5993046486064008,26.14,3.6104895748738377,0,0.0,0.0,0.0,0.0,0.0,"[array([[0.        , 0.38715273],
       [0.        , 0.39394933],
       [0.        , 0.40142474],
       [0.        , 0.4200452 ],
       [0.        , 0.43057579],
       [0.        , 0.43742695],
       [0.        , 0.4407419 ],
       [0.        , 0.44131434],
       [0.        , 0.45158815],
       [0.        , 0.45698252],
       [0.        , 0.46154895],
       [0.        , 0.48943576],
       [0.        , 0.49441165],
       [0.        , 0.50319093],
       [0.        , 0.50763631],
       [0.        , 0.5601083 ],
       [0.        , 0.56347179],
       [0.        , 0.60397613],
       [0.        , 0.63001907],
       [0.        , 0.64312124],
       [0.        , 0.64701724],
       [0.        , 0.65105593],
       [0.        , 0.66044641],
       [0.        , 0.67158049],
       [0.        , 0.67352569],
       [0.        , 0.68003786],
       [0.        , 0.6852746 ],
       [0.        , 0.69005692],
       [0.        , 0.69491315],
       [0.        , 0.71188736],
       [0.        , 0.72503078],
       [0.        , 0.74215651],
       [0.        , 0.7471022 ],
       [0.        , 0.7653687 ],
       [0.        , 0.78170443],
       [0.        , 0.82415462],
       [0.        , 0.83857179],
       [0.        , 0.86557019],
       [0.        ,        inf]]), array([], shape=(0, 2), dtype=float64)]",False
88,0.8776195645332336,0.013116896152496338,0.6516854187304323,64.86,4.457080003866508,0,0.0,0.0,0.0,0.0,0.0,"[array([[0.        , 0.38715273],
       [0.        , 0.4024018 ],
       [0.        , 0.41812924],
       [0.        , 0.41882491],
       [0.        , 0.4200452 ],
       [0.        , 0.43742695],
       [0.        , 0.43789533],
       [0.        , 0.4407419 ],
       [0.        , 0.44131434],
       [0.        , 0.45158815],
       [0.        , 0.47109911],
       [0.        , 0.48419163],
       [0.        , 0.48943576],
       [0.        , 0.4895739 ],
       [0.        , 0.49303174],
       [0.        , 0.49441165],
       [0.        , 0.50319093],
       [0.        , 0.50530493],
       [0.        , 0.50763631],
       [0.        , 0.5096907 ],
       [0.        , 0.52640349],
       [0.        , 0.53446275],
       [0.        , 0.53939617],
       [0.        , 0.55515742],
       [0.        , 0.5601083 ],
       [0.        , 0.56347179],
       [0.        , 0.5684827 ],
       [0.        , 0.593207  ],
       [0.        , 0.59717441],
       [0.        , 0.60693377],
       [0.        , 0.62047541],
       [0.        , 0.62417752],
       [0.        , 0.64047289],
       [0.        , 0.64312124],
       [0.        , 0.64411241],
       [0.        , 0.64842957],
       [0.        , 0.64850771],
       [0.        , 0.65955788],
       [0.        , 0.6624186 ],
       [0.        , 0.66451198],
       [0.        , 0.66809869],
       [0.        , 0.66909117],
       [0.        , 0.67348361],
       [0.        , 0.68003786],
       [0.        , 0.68625969],
       [0.        , 0.68929291],
       [0.        , 0.69009179],
       [0.        , 0.69443184],
       [0.        , 0.69654298],
       [0.        , 0.69741577],
       [0.        , 0.69799912],
       [0.        , 0.70794201],
       [0.        , 0.70995396],
       [0.        , 0.71071994],
       [0.        , 0.71691865],
       [0.        , 0.72106159],
       [0.        , 0.72125638],
       [0.        , 0.72704434],
       [0.        , 0.73131293],
       [0.        , 0.7336306 ],
       [0.        , 0.73899293],
       [0.        , 0.74068975],
       [0.        , 0.74666429],
       [0.        , 0.74675828],
       [0.        , 0.74846226],
       [0.        , 0.7499603 ],
       [0.        , 0.75521982],
       [0.        , 0.75542611],
       [0.        , 0.76186627],
       [0.        , 0.76412201],
       [0.        , 0.76441288],
       [0.        , 0.76597565],
       [0.        , 0.76714939],
       [0.        , 0.77062201],
       [0.        , 0.7720226 ],
       [0.        , 0.79252446],
       [0.        , 0.79372334],
       [0.        , 0.79990369],
       [0.        , 0.7999633 ],
       [0.        , 0.80034947],
       [0.        , 0.80538625],
       [0.        , 0.81445098],
       [0.        , 0.82247829],
       [0.        , 0.82257843],
       [0.        , 0.83309847],
       [0.        , 0.84713733],
       [0.        , 0.86450267],
       [0.        , 0.87761956],
       [0.        ,        inf]]), array([], shape=(0, 2), dtype=float64)]",True
141,0.8655701875686646,0.011377990245819092,0.6269853512446085,101.5,4.9282579921999785,4,0.0481334924697876,0.0074579715728759766,0.028087295591831207,1.24,1.1167657228316892,"[array([[0.        , 0.36035633],
       [0.        , 0.37337586],
       [0.        , 0.38143098],
       [0.        , 0.38715273],
       [0.        , 0.40142474],
       [0.        , 0.4024018 ],
       [0.        , 0.41486451],
       [0.        , 0.41499496],
       [0.        , 0.41812924],
       [0.        , 0.41882491],
       [0.        , 0.4200452 ],
       [0.        , 0.42704388],
       [0.        , 0.42880875],
       [0.        , 0.43346915],
       [0.        , 0.43425018],
       [0.        , 0.43726656],
       [0.        , 0.43742695],
       [0.        , 0.43869025],
       [0.        , 0.44034603],
       [0.        , 0.4407419 ],
       [0.        , 0.45158815],
       [0.        , 0.45618039],
       [0.        , 0.45816064],
       [0.        , 0.46210781],
       [0.        , 0.46972904],
       [0.        , 0.48010942],
       [0.        , 0.49274367],
       [0.        , 0.49417058],
       [0.        , 0.49578813],
       [0.        , 0.49944043],
       [0.        , 0.51477194],
       [0.        , 0.51773721],
       [0.        , 0.52021313],
       [0.        , 0.52250391],
       [0.        , 0.5237363 ],
       [0.        , 0.52437967],
       [0.        , 0.53367281],
       [0.        , 0.53452533],
       [0.        , 0.54492486],
       [0.        , 0.5601083 ],
       [0.        , 0.56347179],
       [0.        , 0.56363392],
       [0.        , 0.56529474],
       [0.        , 0.57141787],
       [0.        , 0.57204515],
       [0.        , 0.57618207],
       [0.        , 0.57753301],
       [0.        , 0.58370185],
       [0.        , 0.58724385],
       [0.        , 0.59660929],
       [0.        , 0.59764981],
       [0.        , 0.60374957],
       [0.        , 0.61022812],
       [0.        , 0.61682642],
       [0.        , 0.61718887],
       [0.        , 0.61721033],
       [0.        , 0.61792165],
       [0.        , 0.61822152],
       [0.        , 0.62542242],
       [0.        , 0.62550712],
       [0.        , 0.62971807],
       [0.        , 0.63213915],
       [0.        , 0.63381654],
       [0.        , 0.64045918],
       [0.        , 0.64047289],
       [0.        , 0.64121574],
       [0.        , 0.64656252],
       [0.        , 0.64678931],
       [0.        , 0.65377343],
       [0.        , 0.65610129],
       [0.        , 0.65871638],
       [0.        , 0.65920097],
       [0.        , 0.66082346],
       [0.        , 0.66090995],
       [0.        , 0.66158962],
       [0.        , 0.66877556],
       [0.        , 0.66879511],
       [0.        , 0.67204338],
       [0.        , 0.67549247],
       [0.        , 0.67865342],
       [0.        , 0.67961675],
       [0.        , 0.68003786],
       [0.        , 0.6803174 ],
       [0.        , 0.68100446],
       [0.        , 0.68145537],
       [0.        , 0.68593484],
       [0.        , 0.68721014],
       [0.        , 0.68761957],
       [0.        , 0.68777019],
       [0.        , 0.68900162],
       [0.        , 0.68991464],
       [0.        , 0.69009161],
       [0.        , 0.69399297],
       [0.        , 0.69437301],
       [0.        , 0.6955657 ],
       [0.        , 0.69583309],
       [0.        , 0.69874448],
       [0.        , 0.69954211],
       [0.        , 0.70245641],
       [0.        , 0.70564771],
       [0.        , 0.70623797],
       [0.        , 0.70848179],
       [0.        , 0.70981807],
       [0.        , 0.71128428],
       [0.        , 0.7131111 ],
       [0.        , 0.71351689],
       [0.        , 0.71545589],
       [0.        , 0.71755993],
       [0.        , 0.7204631 ],
       [0.        , 0.72139412],
       [0.        , 0.72229069],
       [0.        , 0.72613108],
       [0.        , 0.72866625],
       [0.        , 0.73208857],
       [0.        , 0.73289543],
       [0.        , 0.74265599],
       [0.        , 0.7486248 ],
       [0.        , 0.748959  ],
       [0.        , 0.75469291],
       [0.        , 0.76004577],
       [0.        , 0.76150686],
       [0.        , 0.76306897],
       [0.        , 0.76479298],
       [0.        , 0.7653687 ],
       [0.        , 0.76593894],
       [0.        , 0.76617402],
       [0.        , 0.77747405],
       [0.        , 0.77967775],
       [0.        , 0.78036356],
       [0.        , 0.78272897],
       [0.        , 0.78483856],
       [0.        , 0.7913118 ],
       [0.        , 0.7956745 ],
       [0.        , 0.79852694],
       [0.        , 0.79976976],
       [0.        , 0.81978029],
       [0.        , 0.82271993],
       [0.        , 0.82528931],
       [0.        , 0.83891827],
       [0.        , 0.8541922 ],
       [0.        , 0.86557019],
       [0.        ,        inf]]), array([[0.50763631, 0.54831183],
       [0.49441165, 0.54254514],
       [0.47355893, 0.49522033],
       [0.45820966, 0.46008843]])]",True
74,0.8632413744926453,0.015511155128479004,0.6292894047659796,53.66,4.2830182991687025,1,0.012596756219863892,0.012596756219863892,0.012596756219863892,0.98,-0.0,"[array([[0.        , 0.37337586],
       [0.        , 0.38715273],
       [0.        , 0.39394933],
       [0.        , 0.4024018 ],
       [0.        , 0.4200452 ],
       [0.        , 0.43742695],
       [0.        , 0.4407419 ],
       [0.        , 0.44131434],
       [0.        , 0.45158815],
       [0.        , 0.47776043],
       [0.        , 0.47856694],
       [0.        , 0.48856062],
       [0.        , 0.49303174],
       [0.        , 0.49441165],
       [0.        , 0.49852395],
       [0.        , 0.50319093],
       [0.        , 0.50763631],
       [0.        , 0.51463467],
       [0.        , 0.51914901],
       [0.        , 0.52250391],
       [0.        , 0.54133403],
       [0.        , 0.54868639],
       [0.        , 0.55515742],
       [0.        , 0.55951238],
       [0.        , 0.5601083 ],
       [0.        , 0.56347179],
       [0.        , 0.5684827 ],
       [0.        , 0.5750457 ],
       [0.        , 0.58613396],
       [0.        , 0.58648044],
       [0.        , 0.61487746],
       [0.        , 0.61980754],
       [0.        , 0.6201784 ],
       [0.        , 0.62584937],
       [0.        , 0.63265055],
       [0.        , 0.64312124],
       [0.        , 0.64715093],
       [0.        , 0.65476763],
       [0.        , 0.65774447],
       [0.        , 0.66500896],
       [0.        , 0.66630745],
       [0.        , 0.67348361],
       [0.        , 0.67470199],
       [0.        , 0.67954367],
       [0.        , 0.68003786],
       [0.        , 0.68389183],
       [0.        , 0.68761957],
       [0.        , 0.68805027],
       [0.        , 0.68881077],
       [0.        , 0.70617682],
       [0.        , 0.71232849],
       [0.        , 0.71629441],
       [0.        , 0.71984881],
       [0.        , 0.72125638],
       [0.        , 0.72394335],
       [0.        , 0.72552377],
       [0.        , 0.72699928],
       [0.        , 0.73179567],
       [0.        , 0.73899293],
       [0.        , 0.74072552],
       [0.        , 0.74666429],
       [0.        , 0.75905043],
       [0.        , 0.76155317],
       [0.        , 0.77633965],
       [0.        , 0.77984577],
       [0.        , 0.78380585],
       [0.        , 0.7927171 ],
       [0.        , 0.79674757],
       [0.        , 0.81162107],
       [0.        , 0.82098275],
       [0.        , 0.8287794 ],
       [0.        , 0.84046876],
       [0.        , 0.84773022],
       [0.        , 0.86324137],
       [0.        ,        inf]]), array([[0.48943576, 0.50203252]])]",False
96,0.8776195645332336,0.019756615161895752,0.6207698130359253,67.4,4.540170393847278,3,0.01135706901550293,0.007003366947174072,0.005863179763158162,0.14,0.8669644248294502,"[array([[0.        , 0.36035633],
       [0.        , 0.38715273],
       [0.        , 0.39394933],
       [0.        , 0.40142474],
       [0.        , 0.4024018 ],
       [0.        , 0.40432656],
       [0.        , 0.41882491],
       [0.        , 0.4200452 ],
       [0.        , 0.42704388],
       [0.        , 0.42880875],
       [0.        , 0.43742695],
       [0.        , 0.43905649],
       [0.        , 0.44034603],
       [0.        , 0.4407419 ],
       [0.        , 0.44131434],
       [0.        , 0.44134226],
       [0.        , 0.45618039],
       [0.        , 0.45816064],
       [0.        , 0.46210781],
       [0.        , 0.46668717],
       [0.        , 0.47560501],
       [0.        , 0.47888732],
       [0.        , 0.48541835],
       [0.        , 0.49441165],
       [0.        , 0.49965605],
       [0.        , 0.50319093],
       [0.        , 0.50763631],
       [0.        , 0.52111953],
       [0.        , 0.52437967],
       [0.        , 0.53056955],
       [0.        , 0.53367281],
       [0.        , 0.53446275],
       [0.        , 0.55971336],
       [0.        , 0.5601083 ],
       [0.        , 0.56347179],
       [0.        , 0.56430399],
       [0.        , 0.57141787],
       [0.        , 0.60397613],
       [0.        , 0.6132406 ],
       [0.        , 0.61425036],
       [0.        , 0.6157434 ],
       [0.        , 0.61842817],
       [0.        , 0.62289542],
       [0.        , 0.63696837],
       [0.        , 0.63761818],
       [0.        , 0.64312124],
       [0.        , 0.64387548],
       [0.        , 0.64712054],
       [0.        , 0.65219593],
       [0.        , 0.65225685],
       [0.        , 0.65585828],
       [0.        , 0.65634459],
       [0.        , 0.65841943],
       [0.        , 0.66044641],
       [0.        , 0.6627785 ],
       [0.        , 0.6675142 ],
       [0.        , 0.66856146],
       [0.        , 0.67116433],
       [0.        , 0.67782956],
       [0.        , 0.68003786],
       [0.        , 0.68410748],
       [0.        , 0.68448269],
       [0.        , 0.68718523],
       [0.        , 0.69495112],
       [0.        , 0.70177835],
       [0.        , 0.71180212],
       [0.        , 0.71301174],
       [0.        , 0.713323  ],
       [0.        , 0.71969163],
       [0.        , 0.72047108],
       [0.        , 0.72048169],
       [0.        , 0.72328359],
       [0.        , 0.72588694],
       [0.        , 0.73356014],
       [0.        , 0.73405623],
       [0.        , 0.75469291],
       [0.        , 0.75909042],
       [0.        , 0.75971699],
       [0.        , 0.76150686],
       [0.        , 0.76156765],
       [0.        , 0.76597565],
       [0.        , 0.76649565],
       [0.        , 0.76989871],
       [0.        , 0.77328742],
       [0.        , 0.77516472],
       [0.        , 0.77701223],
       [0.        , 0.77796662],
       [0.        , 0.79444474],
       [0.        , 0.80205905],
       [0.        , 0.80361545],
       [0.        , 0.80547476],
       [0.        , 0.82219702],
       [0.        , 0.82271993],
       [0.        , 0.84109092],
       [0.        , 0.85786295],
       [0.        , 0.87761956],
       [0.        ,        inf]]), array([[0.56529474, 0.57665181],
       [0.54395813, 0.54831183],
       [0.45820966, 0.46008843]])]",False
83,0.8450603485107422,0.0036714673042297363,0.6230747986988849,60.78,4.394774454765131,1,0.011010318994522095,0.011010318994522095,0.011010318994522095,0.98,-0.0,"[array([[0.        , 0.37337586],
       [0.        , 0.38715273],
       [0.        , 0.39394933],
       [0.        , 0.4024018 ],
       [0.        , 0.41499496],
       [0.        , 0.4200452 ],
       [0.        , 0.42880875],
       [0.        , 0.42947099],
       [0.        , 0.43346915],
       [0.        , 0.43742695],
       [0.        , 0.43905649],
       [0.        , 0.4407419 ],
       [0.        , 0.44131434],
       [0.        , 0.44134226],
       [0.        , 0.45158815],
       [0.        , 0.45996878],
       [0.        , 0.46057391],
       [0.        , 0.46210781],
       [0.        , 0.48098314],
       [0.        , 0.49303174],
       [0.        , 0.49441165],
       [0.        , 0.49970603],
       [0.        , 0.50319093],
       [0.        , 0.50763631],
       [0.        , 0.52003831],
       [0.        , 0.52799445],
       [0.        , 0.53446275],
       [0.        , 0.55625039],
       [0.        , 0.5601083 ],
       [0.        , 0.56347179],
       [0.        , 0.57611614],
       [0.        , 0.58833694],
       [0.        , 0.61256677],
       [0.        , 0.62310016],
       [0.        , 0.62543547],
       [0.        , 0.63213915],
       [0.        , 0.6383338 ],
       [0.        , 0.64312124],
       [0.        , 0.64344424],
       [0.        , 0.64506394],
       [0.        , 0.64970988],
       [0.        , 0.65156907],
       [0.        , 0.65390903],
       [0.        , 0.6564042 ],
       [0.        , 0.6583606 ],
       [0.        , 0.66130799],
       [0.        , 0.67119431],
       [0.        , 0.6739465 ],
       [0.        , 0.67865342],
       [0.        , 0.68003786],
       [0.        , 0.68126798],
       [0.        , 0.6819663 ],
       [0.        , 0.68413806],
       [0.        , 0.69072378],
       [0.        , 0.69274354],
       [0.        , 0.6946575 ],
       [0.        , 0.69469953],
       [0.        , 0.6982044 ],
       [0.        , 0.69875038],
       [0.        , 0.71071821],
       [0.        , 0.71179032],
       [0.        , 0.71984881],
       [0.        , 0.72528183],
       [0.        , 0.74016792],
       [0.        , 0.75081903],
       [0.        , 0.75197959],
       [0.        , 0.75350577],
       [0.        , 0.75616324],
       [0.        , 0.77309054],
       [0.        , 0.78676164],
       [0.        , 0.78710914],
       [0.        , 0.78791958],
       [0.        , 0.78969246],
       [0.        , 0.7927773 ],
       [0.        , 0.79888338],
       [0.        , 0.79970449],
       [0.        , 0.80066091],
       [0.        , 0.8067736 ],
       [0.        , 0.81009704],
       [0.        , 0.81184387],
       [0.        , 0.82419306],
       [0.        , 0.84138888],
       [0.        , 0.84506035],
       [0.        ,        inf]]), array([[0.48856062, 0.49957094]])]",True
72,0.8498784899711609,0.0009273290634155273,0.610706188612514,51.5,4.251419358139557,1,0.03289109468460083,0.03289109468460083,0.03289109468460083,0.98,-0.0,"[array([[0.        , 0.37337586],
       [0.        , 0.38715273],
       [0.        , 0.4024018 ],
       [0.        , 0.41011387],
       [0.        , 0.41499496],
       [0.        , 0.41882491],
       [0.        , 0.4200452 ],
       [0.        , 0.42880875],
       [0.        , 0.43057579],
       [0.        , 0.43742695],
       [0.        , 0.43789533],
       [0.        , 0.43905649],
       [0.        , 0.4407419 ],
       [0.        , 0.44131434],
       [0.        , 0.45158815],
       [0.        , 0.45816064],
       [0.        , 0.46344507],
       [0.        , 0.46972904],
       [0.        , 0.47109911],
       [0.        , 0.49441165],
       [0.        , 0.50319093],
       [0.        , 0.50763631],
       [0.        , 0.52003831],
       [0.        , 0.5237363 ],
       [0.        , 0.53351337],
       [0.        , 0.53446275],
       [0.        , 0.54417998],
       [0.        , 0.5601083 ],
       [0.        , 0.56347179],
       [0.        , 0.59717441],
       [0.        , 0.59891677],
       [0.        , 0.60460848],
       [0.        , 0.61360991],
       [0.        , 0.63815796],
       [0.        , 0.64095145],
       [0.        , 0.64349169],
       [0.        , 0.64615417],
       [0.        , 0.6466158 ],
       [0.        , 0.64789069],
       [0.        , 0.64792573],
       [0.        , 0.65931249],
       [0.        , 0.65985948],
       [0.        , 0.66724849],
       [0.        , 0.66797835],
       [0.        , 0.66821128],
       [0.        , 0.66880035],
       [0.        , 0.68003786],
       [0.        , 0.68432075],
       [0.        , 0.68623769],
       [0.        , 0.68646944],
       [0.        , 0.68738133],
       [0.        , 0.68881077],
       [0.        , 0.69715589],
       [0.        , 0.70234281],
       [0.        , 0.70364922],
       [0.        , 0.71800894],
       [0.        , 0.7322157 ],
       [0.        , 0.73586226],
       [0.        , 0.75213277],
       [0.        , 0.76394653],
       [0.        , 0.76409489],
       [0.        , 0.76523238],
       [0.        , 0.76576567],
       [0.        , 0.7742402 ],
       [0.        , 0.78609794],
       [0.        , 0.79660475],
       [0.        , 0.81297225],
       [0.        , 0.81741732],
       [0.        , 0.8287794 ],
       [0.        , 0.84383112],
       [0.        , 0.84895116],
       [0.        , 0.84987849],
       [0.        ,        inf]]), array([[0.50720167, 0.54009277]])]",True
54,0.8502312898635864,0.02064967155456543,0.60256405947385,38.02,3.9694092868052673,2,0.004353702068328857,0.0024749338626861572,0.003116235136985779,0.08,0.612086539765078,"[array([[0.        , 0.38715273],
       [0.        , 0.41882491],
       [0.        , 0.4200452 ],
       [0.        , 0.42704388],
       [0.        , 0.42880875],
       [0.        , 0.43742695],
       [0.        , 0.44034603],
       [0.        , 0.4407419 ],
       [0.        , 0.44131434],
       [0.        , 0.45158815],
       [0.        , 0.46668717],
       [0.        , 0.49441165],
       [0.        , 0.49965605],
       [0.        , 0.50238061],
       [0.        , 0.50319093],
       [0.        , 0.50763631],
       [0.        , 0.51423436],
       [0.        , 0.53446275],
       [0.        , 0.53447193],
       [0.        , 0.5601083 ],
       [0.        , 0.56163359],
       [0.        , 0.56347179],
       [0.        , 0.57753301],
       [0.        , 0.58527631],
       [0.        , 0.58723557],
       [0.        , 0.59644121],
       [0.        , 0.64095145],
       [0.        , 0.64312124],
       [0.        , 0.64792573],
       [0.        , 0.65177488],
       [0.        , 0.65532792],
       [0.        , 0.65737855],
       [0.        , 0.66384804],
       [0.        , 0.66668147],
       [0.        , 0.66797835],
       [0.        , 0.67158049],
       [0.        , 0.67307574],
       [0.        , 0.67352569],
       [0.        , 0.68003786],
       [0.        , 0.68290198],
       [0.        , 0.68623769],
       [0.        , 0.69005692],
       [0.        , 0.69299561],
       [0.        , 0.69481665],
       [0.        , 0.69715589],
       [0.        , 0.71483427],
       [0.        , 0.7270593 ],
       [0.        , 0.73991716],
       [0.        , 0.75081015],
       [0.        , 0.75145006],
       [0.        , 0.76564294],
       [0.        , 0.78943586],
       [0.        , 0.82958162],
       [0.        , 0.85023129],
       [0.        ,        inf]]), array([[0.54395813, 0.54831183],
       [0.45820966, 0.46008843]])]",True
78,0.831147313117981,0.0023679137229919434,0.6279252263215872,58.5,4.3341474611546875,1,0.004353702068328857,0.004353702068328857,0.004353702068328857,0.98,-0.0,"[array([[0.        , 0.38715273],
       [0.        , 0.39535582],
       [0.        , 0.4024018 ],
       [0.        , 0.4200452 ],
       [0.        , 0.43022469],
       [0.        , 0.43425018],
       [0.        , 0.43726656],
       [0.        , 0.43742695],
       [0.        , 0.43905649],
       [0.        , 0.44034603],
       [0.        , 0.4407419 ],
       [0.        , 0.44395688],
       [0.        , 0.45158815],
       [0.        , 0.45996878],
       [0.        , 0.46210781],
       [0.        , 0.46611732],
       [0.        , 0.46972904],
       [0.        , 0.47856694],
       [0.        , 0.48943576],
       [0.        , 0.49303174],
       [0.        , 0.49441165],
       [0.        , 0.50319093],
       [0.        , 0.50763631],
       [0.        , 0.52250391],
       [0.        , 0.5601083 ],
       [0.        , 0.56347179],
       [0.        , 0.56363392],
       [0.        , 0.57346857],
       [0.        , 0.57973921],
       [0.        , 0.61256677],
       [0.        , 0.62664056],
       [0.        , 0.64312124],
       [0.        , 0.64715093],
       [0.        , 0.64757138],
       [0.        , 0.65898514],
       [0.        , 0.6627785 ],
       [0.        , 0.66438282],
       [0.        , 0.66798931],
       [0.        , 0.6680519 ],
       [0.        , 0.66944724],
       [0.        , 0.67447263],
       [0.        , 0.67601377],
       [0.        , 0.67629546],
       [0.        , 0.68003786],
       [0.        , 0.68481195],
       [0.        , 0.68673664],
       [0.        , 0.68805027],
       [0.        , 0.68998259],
       [0.        , 0.69221032],
       [0.        , 0.69419235],
       [0.        , 0.69437301],
       [0.        , 0.69771248],
       [0.        , 0.69959164],
       [0.        , 0.7117067 ],
       [0.        , 0.71279788],
       [0.        , 0.7152518 ],
       [0.        , 0.7172156 ],
       [0.        , 0.72258562],
       [0.        , 0.72281027],
       [0.        , 0.72441757],
       [0.        , 0.73381144],
       [0.        , 0.73770428],
       [0.        , 0.73798889],
       [0.        , 0.75659871],
       [0.        , 0.75665182],
       [0.        , 0.75798702],
       [0.        , 0.7651841 ],
       [0.        , 0.76770759],
       [0.        , 0.77042323],
       [0.        , 0.77823973],
       [0.        , 0.79044056],
       [0.        , 0.80722153],
       [0.        , 0.8163026 ],
       [0.        , 0.81735969],
       [0.        , 0.82247829],
       [0.        , 0.8252539 ],
       [0.        , 0.8287794 ],
       [0.        , 0.83114731],
       [0.        ,        inf]]), array([[0.54395813, 0.54831183]])]",True
102,0.858552098274231,0.030764341354370117,0.6163525619343215,72.68,4.60753553887321,4,0.04067552089691162,0.02807876467704773,0.016820944845676422,0.96,1.0820441821402897,"[array([[0.        , 0.37337586],
       [0.        , 0.38715273],
       [0.        , 0.39394933],
       [0.        , 0.39535582],
       [0.        , 0.4024018 ],
       [0.        , 0.41882491],
       [0.        , 0.4200452 ],
       [0.        , 0.43742695],
       [0.        , 0.43789533],
       [0.        , 0.44034603],
       [0.        , 0.4407419 ],
       [0.        , 0.44131434],
       [0.        , 0.45158815],
       [0.        , 0.45996878],
       [0.        , 0.47109911],
       [0.        , 0.48487684],
       [0.        , 0.48856062],
       [0.        , 0.49274367],
       [0.        , 0.49441165],
       [0.        , 0.50319093],
       [0.        , 0.5059014 ],
       [0.        , 0.51423436],
       [0.        , 0.51573634],
       [0.        , 0.53117824],
       [0.        , 0.53422171],
       [0.        , 0.53479719],
       [0.        , 0.53629178],
       [0.        , 0.54059863],
       [0.        , 0.54146516],
       [0.        , 0.5459165 ],
       [0.        , 0.55798405],
       [0.        , 0.5601083 ],
       [0.        , 0.56347179],
       [0.        , 0.56488264],
       [0.        , 0.57180017],
       [0.        , 0.57495379],
       [0.        , 0.57655007],
       [0.        , 0.58613396],
       [0.        , 0.59764981],
       [0.        , 0.60056996],
       [0.        , 0.60573798],
       [0.        , 0.60930002],
       [0.        , 0.61395985],
       [0.        , 0.62417752],
       [0.        , 0.62778896],
       [0.        , 0.62906301],
       [0.        , 0.62932003],
       [0.        , 0.63033414],
       [0.        , 0.63114202],
       [0.        , 0.6329385 ],
       [0.        , 0.63437635],
       [0.        , 0.63696837],
       [0.        , 0.64250994],
       [0.        , 0.64271402],
       [0.        , 0.64312124],
       [0.        , 0.6439693 ],
       [0.        , 0.64731032],
       [0.        , 0.64757138],
       [0.        , 0.64807659],
       [0.        , 0.64830285],
       [0.        , 0.64935243],
       [0.        , 0.65239954],
       [0.        , 0.66007835],
       [0.        , 0.66363829],
       [0.        , 0.66605896],
       [0.        , 0.66627109],
       [0.        , 0.66929483],
       [0.        , 0.67320091],
       [0.        , 0.67767602],
       [0.        , 0.67786038],
       [0.        , 0.68003786],
       [0.        , 0.68721074],
       [0.        , 0.68777621],
       [0.        , 0.69272983],
       [0.        , 0.69550622],
       [0.        , 0.69886506],
       [0.        , 0.70024103],
       [0.        , 0.70451134],
       [0.        , 0.70540869],
       [0.        , 0.70611203],
       [0.        , 0.71636444],
       [0.        , 0.71705091],
       [0.        , 0.71705765],
       [0.        , 0.71875858],
       [0.        , 0.72939873],
       [0.        , 0.73045492],
       [0.        , 0.73096752],
       [0.        , 0.735511  ],
       [0.        , 0.73611337],
       [0.        , 0.73988229],
       [0.        , 0.74937612],
       [0.        , 0.76296699],
       [0.        , 0.76681519],
       [0.        , 0.76797092],
       [0.        , 0.76854318],
       [0.        , 0.77156967],
       [0.        , 0.77875233],
       [0.        , 0.78540611],
       [0.        , 0.79272223],
       [0.        , 0.7933113 ],
       [0.        , 0.82778776],
       [0.        , 0.8585521 ],
       [0.        ,        inf]]), array([[0.54872954, 0.55753952],
       [0.5161956 , 0.52139711],
       [0.50763631, 0.54831183],
       [0.48943576, 0.50203252]])]",True
96,0.8418779969215393,0.024460673332214355,0.6279365317896008,71.08,4.542174866001343,2,0.04067552089691162,0.03495669364929199,0.023197174072265625,1.12,0.37338137195313365,"[array([[0.        , 0.38715273],
       [0.        , 0.4024018 ],
       [0.        , 0.41882491],
       [0.        , 0.4200452 ],
       [0.        , 0.42880875],
       [0.        , 0.42947099],
       [0.        , 0.43057579],
       [0.        , 0.43346915],
       [0.        , 0.43425018],
       [0.        , 0.43726656],
       [0.        , 0.43742695],
       [0.        , 0.44034603],
       [0.        , 0.4407419 ],
       [0.        , 0.45158815],
       [0.        , 0.4566285 ],
       [0.        , 0.45816064],
       [0.        , 0.45996878],
       [0.        , 0.46057391],
       [0.        , 0.46210781],
       [0.        , 0.46668717],
       [0.        , 0.48098314],
       [0.        , 0.49370015],
       [0.        , 0.49441165],
       [0.        , 0.49965605],
       [0.        , 0.49970603],
       [0.        , 0.50319093],
       [0.        , 0.50971693],
       [0.        , 0.51701277],
       [0.        , 0.52003831],
       [0.        , 0.52799445],
       [0.        , 0.55625039],
       [0.        , 0.5601083 ],
       [0.        , 0.56347179],
       [0.        , 0.57136887],
       [0.        , 0.59243965],
       [0.        , 0.59462404],
       [0.        , 0.60091102],
       [0.        , 0.61256677],
       [0.        , 0.61685622],
       [0.        , 0.62310016],
       [0.        , 0.62664056],
       [0.        , 0.62971807],
       [0.        , 0.63536566],
       [0.        , 0.6383338 ],
       [0.        , 0.64506394],
       [0.        , 0.65139461],
       [0.        , 0.65156907],
       [0.        , 0.65593606],
       [0.        , 0.65827745],
       [0.        , 0.65871638],
       [0.        , 0.6680519 ],
       [0.        , 0.66944724],
       [0.        , 0.67601377],
       [0.        , 0.67629546],
       [0.        , 0.67865342],
       [0.        , 0.68003786],
       [0.        , 0.68126798],
       [0.        , 0.68413806],
       [0.        , 0.68761957],
       [0.        , 0.68773246],
       [0.        , 0.69012737],
       [0.        , 0.6946575 ],
       [0.        , 0.69529951],
       [0.        , 0.6982044 ],
       [0.        , 0.70174462],
       [0.        , 0.70230836],
       [0.        , 0.71179032],
       [0.        , 0.71276659],
       [0.        , 0.71296352],
       [0.        , 0.72281027],
       [0.        , 0.72352958],
       [0.        , 0.72528183],
       [0.        , 0.73286128],
       [0.        , 0.74016792],
       [0.        , 0.75081903],
       [0.        , 0.75197959],
       [0.        , 0.75664425],
       [0.        , 0.763152  ],
       [0.        , 0.76770759],
       [0.        , 0.76863271],
       [0.        , 0.77309054],
       [0.        , 0.78501928],
       [0.        , 0.78676164],
       [0.        , 0.78710914],
       [0.        , 0.78969246],
       [0.        , 0.79044056],
       [0.        , 0.79054242],
       [0.        , 0.80066091],
       [0.        , 0.8067736 ],
       [0.        , 0.80722153],
       [0.        , 0.80897123],
       [0.        , 0.81009704],
       [0.        , 0.81054664],
       [0.        , 0.81735969],
       [0.        , 0.81741732],
       [0.        , 0.841878  ],
       [0.        ,        inf]]), array([[0.50903082, 0.51474965],
       [0.50763631, 0.54831183]])]",True
66,0.8276997804641724,0.018728554248809814,0.6096760707371163,48.28,4.166097611219386,1,0.0018787682056427002,0.0018787682056427002,0.0018787682056427002,0.98,-0.0,"[array([[0.        , 0.38715273],
       [0.        , 0.4024018 ],
       [0.        , 0.41812924],
       [0.        , 0.41882491],
       [0.        , 0.4200452 ],
       [0.        , 0.42704388],
       [0.        , 0.42880875],
       [0.        , 0.43425018],
       [0.        , 0.43726656],
       [0.        , 0.43742695],
       [0.        , 0.4407419 ],
       [0.        , 0.44134226],
       [0.        , 0.45008722],
       [0.        , 0.45158815],
       [0.        , 0.45816064],
       [0.        , 0.46668717],
       [0.        , 0.47358829],
       [0.        , 0.47560501],
       [0.        , 0.49441165],
       [0.        , 0.50319093],
       [0.        , 0.50763631],
       [0.        , 0.51019049],
       [0.        , 0.52250391],
       [0.        , 0.55628031],
       [0.        , 0.5601083 ],
       [0.        , 0.56347179],
       [0.        , 0.56490004],
       [0.        , 0.5799017 ],
       [0.        , 0.59848309],
       [0.        , 0.600411  ],
       [0.        , 0.6201784 ],
       [0.        , 0.62024575],
       [0.        , 0.62584937],
       [0.        , 0.64312124],
       [0.        , 0.64715093],
       [0.        , 0.66315466],
       [0.        , 0.66581762],
       [0.        , 0.67639655],
       [0.        , 0.68003786],
       [0.        , 0.6845898 ],
       [0.        , 0.68586147],
       [0.        , 0.68805027],
       [0.        , 0.68881077],
       [0.        , 0.69005692],
       [0.        , 0.69416511],
       [0.        , 0.69419235],
       [0.        , 0.69870764],
       [0.        , 0.7075054 ],
       [0.        , 0.72338164],
       [0.        , 0.72394335],
       [0.        , 0.73152035],
       [0.        , 0.73179567],
       [0.        , 0.73383915],
       [0.        , 0.73800689],
       [0.        , 0.7547037 ],
       [0.        , 0.75507647],
       [0.        , 0.76200914],
       [0.        , 0.76323813],
       [0.        , 0.76976144],
       [0.        , 0.77317184],
       [0.        , 0.77385545],
       [0.        , 0.77633965],
       [0.        , 0.77984577],
       [0.        , 0.80692852],
       [0.        , 0.80897123],
       [0.        , 0.82769978],
       [0.        ,        inf]]), array([[0.45820966, 0.46008843]])]",True
80,0.8517382740974426,0.00790715217590332,0.5953388787806034,55.66,4.357037946554059,1,0.04067552089691162,0.04067552089691162,0.04067552089691162,0.98,-0.0,"[array([[0.        , 0.36035633],
       [0.        , 0.37337586],
       [0.        , 0.38544127],
       [0.        , 0.38715273],
       [0.        , 0.39707401],
       [0.        , 0.4024018 ],
       [0.        , 0.41486451],
       [0.        , 0.41499496],
       [0.        , 0.41882491],
       [0.        , 0.4200452 ],
       [0.        , 0.42880875],
       [0.        , 0.43742695],
       [0.        , 0.43789533],
       [0.        , 0.43905649],
       [0.        , 0.44034603],
       [0.        , 0.4407419 ],
       [0.        , 0.44131434],
       [0.        , 0.45158815],
       [0.        , 0.45816064],
       [0.        , 0.46210781],
       [0.        , 0.46928936],
       [0.        , 0.46972904],
       [0.        , 0.47109911],
       [0.        , 0.49274367],
       [0.        , 0.49441165],
       [0.        , 0.49578813],
       [0.        , 0.50319093],
       [0.        , 0.52250391],
       [0.        , 0.5237363 ],
       [0.        , 0.52437967],
       [0.        , 0.54417998],
       [0.        , 0.5601083 ],
       [0.        , 0.56347179],
       [0.        , 0.56363392],
       [0.        , 0.56529474],
       [0.        , 0.58527631],
       [0.        , 0.58724385],
       [0.        , 0.61721033],
       [0.        , 0.61822152],
       [0.        , 0.62256777],
       [0.        , 0.62542242],
       [0.        , 0.64312124],
       [0.        , 0.64656252],
       [0.        , 0.64678931],
       [0.        , 0.65532792],
       [0.        , 0.65737855],
       [0.        , 0.65920097],
       [0.        , 0.65931249],
       [0.        , 0.65985948],
       [0.        , 0.66348964],
       [0.        , 0.66668147],
       [0.        , 0.66724849],
       [0.        , 0.66821128],
       [0.        , 0.67549247],
       [0.        , 0.68003786],
       [0.        , 0.68646944],
       [0.        , 0.68900162],
       [0.        , 0.69299561],
       [0.        , 0.69720542],
       [0.        , 0.70234281],
       [0.        , 0.70245641],
       [0.        , 0.70442235],
       [0.        , 0.70981807],
       [0.        , 0.7131111 ],
       [0.        , 0.71483427],
       [0.        , 0.71755993],
       [0.        , 0.72704434],
       [0.        , 0.7322157 ],
       [0.        , 0.75081015],
       [0.        , 0.75213277],
       [0.        , 0.75469291],
       [0.        , 0.754825  ],
       [0.        , 0.75931031],
       [0.        , 0.76523238],
       [0.        , 0.76564294],
       [0.        , 0.76597565],
       [0.        , 0.78272897],
       [0.        , 0.81051838],
       [0.        , 0.84383112],
       [0.        , 0.85173827],
       [0.        ,        inf]]), array([[0.50763631, 0.54831183]])]",True
86,0.8645026683807373,0.010721921920776367,0.647528107083121,63.96,4.431532964245427,0,0.0,0.0,0.0,0.0,0.0,"[array([[0.        , 0.36035633],
       [0.        , 0.37337586],
       [0.        , 0.38715273],
       [0.        , 0.41486451],
       [0.        , 0.41499496],
       [0.        , 0.41882491],
       [0.        , 0.4200452 ],
       [0.        , 0.42880875],
       [0.        , 0.43022469],
       [0.        , 0.43742695],
       [0.        , 0.43905649],
       [0.        , 0.4407419 ],
       [0.        , 0.44131434],
       [0.        , 0.45158815],
       [0.        , 0.46210781],
       [0.        , 0.49441165],
       [0.        , 0.50319093],
       [0.        , 0.50763631],
       [0.        , 0.53446275],
       [0.        , 0.53447193],
       [0.        , 0.54868639],
       [0.        , 0.5601083 ],
       [0.        , 0.56347179],
       [0.        , 0.57406068],
       [0.        , 0.58531219],
       [0.        , 0.58833694],
       [0.        , 0.58837056],
       [0.        , 0.59348238],
       [0.        , 0.59413528],
       [0.        , 0.60374957],
       [0.        , 0.62458652],
       [0.        , 0.62543547],
       [0.        , 0.63213915],
       [0.        , 0.63214779],
       [0.        , 0.64221716],
       [0.        , 0.64506394],
       [0.        , 0.649535  ],
       [0.        , 0.65390903],
       [0.        , 0.66197127],
       [0.        , 0.66283655],
       [0.        , 0.66576481],
       [0.        , 0.67000699],
       [0.        , 0.67110056],
       [0.        , 0.67119431],
       [0.        , 0.6739465 ],
       [0.        , 0.68003786],
       [0.        , 0.6811673 ],
       [0.        , 0.68497491],
       [0.        , 0.68813676],
       [0.        , 0.68832153],
       [0.        , 0.69561523],
       [0.        , 0.7032544 ],
       [0.        , 0.7045629 ],
       [0.        , 0.7089355 ],
       [0.        , 0.70931286],
       [0.        , 0.7121433 ],
       [0.        , 0.71276659],
       [0.        , 0.7161622 ],
       [0.        , 0.71769994],
       [0.        , 0.72328359],
       [0.        , 0.7372486 ],
       [0.        , 0.73956043],
       [0.        , 0.74231666],
       [0.        , 0.74598753],
       [0.        , 0.75527227],
       [0.        , 0.77461928],
       [0.        , 0.77679729],
       [0.        , 0.77965391],
       [0.        , 0.78608721],
       [0.        , 0.78929073],
       [0.        , 0.79045224],
       [0.        , 0.79133761],
       [0.        , 0.79733145],
       [0.        , 0.79888338],
       [0.        , 0.79970449],
       [0.        , 0.80523747],
       [0.        , 0.80578452],
       [0.        , 0.80912745],
       [0.        , 0.81044674],
       [0.        , 0.81184387],
       [0.        , 0.81741732],
       [0.        , 0.82052505],
       [0.        , 0.83987665],
       [0.        , 0.84133047],
       [0.        , 0.85378075],
       [0.        , 0.86450267],
       [0.        ,        inf]]), array([], shape=(0, 2), dtype=float64)]",True
50,0.8489511609077454,0.005120038986206055,0.6118649780750275,35.82,3.879096257745096,2,0.011010318994522095,0.007023125886917114,0.007498756051063538,0.62,0.5790944029992736,"[array([[0.        , 0.36761844],
       [0.        , 0.37337586],
       [0.        , 0.37633893],
       [0.        , 0.38715273],
       [0.        , 0.39394933],
       [0.        , 0.41499496],
       [0.        , 0.41882491],
       [0.        , 0.42880875],
       [0.        , 0.43022469],
       [0.        , 0.43742695],
       [0.        , 0.4407419 ],
       [0.        , 0.44131434],
       [0.        , 0.45816064],
       [0.        , 0.46210781],
       [0.        , 0.46972904],
       [0.        , 0.48414087],
       [0.        , 0.49441165],
       [0.        , 0.50319093],
       [0.        , 0.50763631],
       [0.        , 0.56347179],
       [0.        , 0.57406068],
       [0.        , 0.5784483 ],
       [0.        , 0.58833694],
       [0.        , 0.59711146],
       [0.        , 0.62944853],
       [0.        , 0.64221716],
       [0.        , 0.64312124],
       [0.        , 0.66197127],
       [0.        , 0.68003786],
       [0.        , 0.68761957],
       [0.        , 0.68991464],
       [0.        , 0.70156389],
       [0.        , 0.7161622 ],
       [0.        , 0.71634084],
       [0.        , 0.73835784],
       [0.        , 0.74231666],
       [0.        , 0.75469291],
       [0.        , 0.75840926],
       [0.        , 0.76409489],
       [0.        , 0.76649565],
       [0.        , 0.77461928],
       [0.        , 0.77747405],
       [0.        , 0.78336203],
       [0.        , 0.79133761],
       [0.        , 0.80578452],
       [0.        , 0.81951523],
       [0.        , 0.82415462],
       [0.        , 0.83987665],
       [0.        , 0.84383112],
       [0.        , 0.84895116],
       [0.        ,        inf]]), array([[0.50803167, 0.51201886],
       [0.48856062, 0.49957094]])]",False
60,0.8655701875686646,0.001067519187927246,0.6319062431653341,43.46,4.066257006211549,2,0.011010318994522095,0.007023125886917114,0.007498756051063538,0.62,0.5790944029992736,"[array([[0.        , 0.36035633],
       [0.        , 0.37337586],
       [0.        , 0.38715273],
       [0.        , 0.39394933],
       [0.        , 0.41499496],
       [0.        , 0.4200452 ],
       [0.        , 0.42880875],
       [0.        , 0.43022469],
       [0.        , 0.43742695],
       [0.        , 0.43905649],
       [0.        , 0.4407419 ],
       [0.        , 0.44131434],
       [0.        , 0.45158815],
       [0.        , 0.49303174],
       [0.        , 0.49441165],
       [0.        , 0.50319093],
       [0.        , 0.50763631],
       [0.        , 0.53479719],
       [0.        , 0.5601083 ],
       [0.        , 0.56347179],
       [0.        , 0.58531219],
       [0.        , 0.58837056],
       [0.        , 0.59301394],
       [0.        , 0.59413528],
       [0.        , 0.6195479 ],
       [0.        , 0.62430167],
       [0.        , 0.62458652],
       [0.        , 0.62543547],
       [0.        , 0.63214779],
       [0.        , 0.64312124],
       [0.        , 0.649535  ],
       [0.        , 0.66283655],
       [0.        , 0.66749316],
       [0.        , 0.67110056],
       [0.        , 0.68003786],
       [0.        , 0.68832153],
       [0.        , 0.69561523],
       [0.        , 0.69803047],
       [0.        , 0.70931286],
       [0.        , 0.7121433 ],
       [0.        , 0.71434629],
       [0.        , 0.72704434],
       [0.        , 0.73956043],
       [0.        , 0.75527227],
       [0.        , 0.76409489],
       [0.        , 0.76927108],
       [0.        , 0.77127916],
       [0.        , 0.77823973],
       [0.        , 0.77965391],
       [0.        , 0.78929073],
       [0.        , 0.79045224],
       [0.        , 0.8013314 ],
       [0.        , 0.80252743],
       [0.        , 0.80523747],
       [0.        , 0.82470751],
       [0.        , 0.83679897],
       [0.        , 0.84133047],
       [0.        , 0.85378075],
       [0.        , 0.86450267],
       [0.        , 0.86557019],
       [0.        ,        inf]]), array([[0.50803167, 0.51201886],
       [0.48856062, 0.49957094]])]",True
100,0.858552098274231,0.006677865982055664,0.6328896409273148,73.2,4.586331327141619,2,0.024613916873931885,0.020706892013549805,0.014260470867156982,1.14,0.3994578049303228,"[array([[0.        , 0.38715273],
       [0.        , 0.4024018 ],
       [0.        , 0.41488308],
       [0.        , 0.41882491],
       [0.        , 0.43057579],
       [0.        , 0.43742695],
       [0.        , 0.43789533],
       [0.        , 0.4407419 ],
       [0.        , 0.44131434],
       [0.        , 0.44134226],
       [0.        , 0.45158815],
       [0.        , 0.45996878],
       [0.        , 0.46972904],
       [0.        , 0.47109911],
       [0.        , 0.47560501],
       [0.        , 0.48943576],
       [0.        , 0.48953468],
       [0.        , 0.49303174],
       [0.        , 0.49441165],
       [0.        , 0.49534121],
       [0.        , 0.49704266],
       [0.        , 0.49745125],
       [0.        , 0.50553972],
       [0.        , 0.50763631],
       [0.        , 0.53422171],
       [0.        , 0.54872704],
       [0.        , 0.55515742],
       [0.        , 0.5601083 ],
       [0.        , 0.56347179],
       [0.        , 0.56363392],
       [0.        , 0.56466877],
       [0.        , 0.57655007],
       [0.        , 0.58090478],
       [0.        , 0.58092135],
       [0.        , 0.5865168 ],
       [0.        , 0.58724385],
       [0.        , 0.59343177],
       [0.        , 0.613006  ],
       [0.        , 0.614842  ],
       [0.        , 0.62206554],
       [0.        , 0.62430167],
       [0.        , 0.63696837],
       [0.        , 0.64250994],
       [0.        , 0.64312124],
       [0.        , 0.64332157],
       [0.        , 0.6473552 ],
       [0.        , 0.64757138],
       [0.        , 0.64807659],
       [0.        , 0.65219593],
       [0.        , 0.65593606],
       [0.        , 0.65707487],
       [0.        , 0.66006517],
       [0.        , 0.66098851],
       [0.        , 0.66130799],
       [0.        , 0.66438282],
       [0.        , 0.66605896],
       [0.        , 0.66630363],
       [0.        , 0.66752344],
       [0.        , 0.66929483],
       [0.        , 0.66942626],
       [0.        , 0.67264503],
       [0.        , 0.67320091],
       [0.        , 0.67786038],
       [0.        , 0.68002725],
       [0.        , 0.68003786],
       [0.        , 0.69037437],
       [0.        , 0.69073325],
       [0.        , 0.69272983],
       [0.        , 0.69399297],
       [0.        , 0.69550622],
       [0.        , 0.69769251],
       [0.        , 0.7012139 ],
       [0.        , 0.70540869],
       [0.        , 0.71108985],
       [0.        , 0.71473068],
       [0.        , 0.71636444],
       [0.        , 0.72012049],
       [0.        , 0.72023147],
       [0.        , 0.72864974],
       [0.        , 0.73289543],
       [0.        , 0.73523897],
       [0.        , 0.73988229],
       [0.        , 0.74576622],
       [0.        , 0.74966681],
       [0.        , 0.75469291],
       [0.        , 0.76523238],
       [0.        , 0.76681519],
       [0.        , 0.77349925],
       [0.        , 0.77553844],
       [0.        , 0.78540611],
       [0.        , 0.79044056],
       [0.        , 0.80844301],
       [0.        , 0.81434041],
       [0.        , 0.8269285 ],
       [0.        , 0.82778776],
       [0.        , 0.84352642],
       [0.        , 0.84983301],
       [0.        , 0.85076451],
       [0.        , 0.85187423],
       [0.        , 0.8585521 ],
       [0.        ,        inf]]), array([[0.51021928, 0.5141263 ],
       [0.50319093, 0.52780485]])]",True
78,0.8728266954421997,0.01427459716796875,0.6307977021504672,56.02,4.335078182533214,1,0.04067552089691162,0.04067552089691162,0.04067552089691162,0.98,-0.0,"[array([[0.        , 0.37337586],
       [0.        , 0.38715273],
       [0.        , 0.4024018 ],
       [0.        , 0.41486451],
       [0.        , 0.41882491],
       [0.        , 0.4200452 ],
       [0.        , 0.43742695],
       [0.        , 0.43789533],
       [0.        , 0.44034603],
       [0.        , 0.4407419 ],
       [0.        , 0.44131434],
       [0.        , 0.45158815],
       [0.        , 0.47109911],
       [0.        , 0.47560501],
       [0.        , 0.48943576],
       [0.        , 0.49274367],
       [0.        , 0.49441165],
       [0.        , 0.50319093],
       [0.        , 0.50916106],
       [0.        , 0.51571423],
       [0.        , 0.53422171],
       [0.        , 0.55798405],
       [0.        , 0.5601083 ],
       [0.        , 0.56347179],
       [0.        , 0.56363392],
       [0.        , 0.56488264],
       [0.        , 0.57655007],
       [0.        , 0.58833694],
       [0.        , 0.5904246 ],
       [0.        , 0.59764981],
       [0.        , 0.6165905 ],
       [0.        , 0.63437635],
       [0.        , 0.63696837],
       [0.        , 0.64250994],
       [0.        , 0.64312124],
       [0.        , 0.64332157],
       [0.        , 0.6473552 ],
       [0.        , 0.64757138],
       [0.        , 0.64807659],
       [0.        , 0.65715116],
       [0.        , 0.6627785 ],
       [0.        , 0.66605896],
       [0.        , 0.66929483],
       [0.        , 0.67320091],
       [0.        , 0.67723113],
       [0.        , 0.67786038],
       [0.        , 0.68003786],
       [0.        , 0.68402863],
       [0.        , 0.68721074],
       [0.        , 0.68807155],
       [0.        , 0.68941152],
       [0.        , 0.69272983],
       [0.        , 0.69399297],
       [0.        , 0.69550622],
       [0.        , 0.70540869],
       [0.        , 0.70791507],
       [0.        , 0.70904684],
       [0.        , 0.71279788],
       [0.        , 0.71636444],
       [0.        , 0.72699928],
       [0.        , 0.73770428],
       [0.        , 0.73798889],
       [0.        , 0.73988229],
       [0.        , 0.74519455],
       [0.        , 0.75798702],
       [0.        , 0.76681519],
       [0.        , 0.76854318],
       [0.        , 0.77156967],
       [0.        , 0.77275056],
       [0.        , 0.78540611],
       [0.        , 0.80401629],
       [0.        , 0.8163026 ],
       [0.        , 0.81831795],
       [0.        , 0.8252539 ],
       [0.        , 0.82778776],
       [0.        , 0.84773022],
       [0.        , 0.8585521 ],
       [0.        , 0.8728267 ],
       [0.        ,        inf]]), array([[0.50763631, 0.54831183]])]",True
70,0.8587244749069214,0.01684647798538208,0.6450294984238488,52.24,4.226709673342798,0,0.0,0.0,0.0,0.0,0.0,"[array([[0.        , 0.37337586],
       [0.        , 0.38715273],
       [0.        , 0.4024018 ],
       [0.        , 0.41499496],
       [0.        , 0.41882491],
       [0.        , 0.4200452 ],
       [0.        , 0.42880875],
       [0.        , 0.43425018],
       [0.        , 0.43726656],
       [0.        , 0.43742695],
       [0.        , 0.4407419 ],
       [0.        , 0.45158815],
       [0.        , 0.45816064],
       [0.        , 0.49441165],
       [0.        , 0.50319093],
       [0.        , 0.50763631],
       [0.        , 0.5601083 ],
       [0.        , 0.56347179],
       [0.        , 0.58724385],
       [0.        , 0.59243965],
       [0.        , 0.59717441],
       [0.        , 0.60191256],
       [0.        , 0.61256677],
       [0.        , 0.62526351],
       [0.        , 0.62664056],
       [0.        , 0.63536566],
       [0.        , 0.64312124],
       [0.        , 0.65139461],
       [0.        , 0.65593606],
       [0.        , 0.65827745],
       [0.        , 0.65871638],
       [0.        , 0.66383874],
       [0.        , 0.6680519 ],
       [0.        , 0.66944724],
       [0.        , 0.67601377],
       [0.        , 0.67629546],
       [0.        , 0.68003786],
       [0.        , 0.68173623],
       [0.        , 0.68448859],
       [0.        , 0.69012737],
       [0.        , 0.6943683 ],
       [0.        , 0.69529951],
       [0.        , 0.70127594],
       [0.        , 0.70230836],
       [0.        , 0.70524943],
       [0.        , 0.70571715],
       [0.        , 0.71049362],
       [0.        , 0.72096646],
       [0.        , 0.72281027],
       [0.        , 0.72352958],
       [0.        , 0.72704434],
       [0.        , 0.727198  ],
       [0.        , 0.73874879],
       [0.        , 0.74598753],
       [0.        , 0.75664425],
       [0.        , 0.763152  ],
       [0.        , 0.76384223],
       [0.        , 0.76770759],
       [0.        , 0.76863271],
       [0.        , 0.79044056],
       [0.        , 0.79054242],
       [0.        , 0.7926724 ],
       [0.        , 0.80536711],
       [0.        , 0.80722153],
       [0.        , 0.80897123],
       [0.        , 0.81054664],
       [0.        , 0.81735969],
       [0.        , 0.81741732],
       [0.        , 0.841878  ],
       [0.        , 0.85872447],
       [0.        ,        inf]]), array([], shape=(0, 2), dtype=float64)]",False
166,0.8515381813049316,0.0025870203971862793,0.6468978590634932,125.24,5.0935665865183894,0,0.0,0.0,0.0,0.0,0.0,"[array([[0.        , 0.36035633],
       [0.        , 0.37337586],
       [0.        , 0.38544127],
       [0.        , 0.38715273],
       [0.        , 0.40142474],
       [0.        , 0.4024018 ],
       [0.        , 0.41486451],
       [0.        , 0.41499496],
       [0.        , 0.41882491],
       [0.        , 0.4200452 ],
       [0.        , 0.4210099 ],
       [0.        , 0.42880875],
       [0.        , 0.43584964],
       [0.        , 0.43742695],
       [0.        , 0.43789533],
       [0.        , 0.43905649],
       [0.        , 0.4407419 ],
       [0.        , 0.44131434],
       [0.        , 0.44134226],
       [0.        , 0.45158815],
       [0.        , 0.45816064],
       [0.        , 0.45996878],
       [0.        , 0.46210781],
       [0.        , 0.47358829],
       [0.        , 0.47560501],
       [0.        , 0.49441165],
       [0.        , 0.494874  ],
       [0.        , 0.5014888 ],
       [0.        , 0.50319093],
       [0.        , 0.50763631],
       [0.        , 0.51280475],
       [0.        , 0.53446275],
       [0.        , 0.53487867],
       [0.        , 0.54428726],
       [0.        , 0.56006187],
       [0.        , 0.5601083 ],
       [0.        , 0.56347179],
       [0.        , 0.56483924],
       [0.        , 0.56529474],
       [0.        , 0.56674522],
       [0.        , 0.57141787],
       [0.        , 0.57274997],
       [0.        , 0.57922649],
       [0.        , 0.5799017 ],
       [0.        , 0.58724385],
       [0.        , 0.58752608],
       [0.        , 0.59253711],
       [0.        , 0.59745759],
       [0.        , 0.60134113],
       [0.        , 0.60762435],
       [0.        , 0.61256677],
       [0.        , 0.61497611],
       [0.        , 0.61745542],
       [0.        , 0.61858058],
       [0.        , 0.61980754],
       [0.        , 0.62542242],
       [0.        , 0.62687325],
       [0.        , 0.62698603],
       [0.        , 0.62757993],
       [0.        , 0.63213915],
       [0.        , 0.63266665],
       [0.        , 0.6342932 ],
       [0.        , 0.63485289],
       [0.        , 0.6407392 ],
       [0.        , 0.64323443],
       [0.        , 0.645657  ],
       [0.        , 0.64630258],
       [0.        , 0.64757138],
       [0.        , 0.64780909],
       [0.        , 0.64790231],
       [0.        , 0.65118778],
       [0.        , 0.65546256],
       [0.        , 0.6562044 ],
       [0.        , 0.65659493],
       [0.        , 0.65692902],
       [0.        , 0.65707487],
       [0.        , 0.65737855],
       [0.        , 0.65774447],
       [0.        , 0.65871638],
       [0.        , 0.65898514],
       [0.        , 0.65918511],
       [0.        , 0.65967602],
       [0.        , 0.66186082],
       [0.        , 0.66880035],
       [0.        , 0.66944724],
       [0.        , 0.67013687],
       [0.        , 0.67116433],
       [0.        , 0.67348361],
       [0.        , 0.6739465 ],
       [0.        , 0.67548895],
       [0.        , 0.67832834],
       [0.        , 0.68003786],
       [0.        , 0.68216431],
       [0.        , 0.68236887],
       [0.        , 0.68389183],
       [0.        , 0.68721074],
       [0.        , 0.68881077],
       [0.        , 0.69862539],
       [0.        , 0.70018244],
       [0.        , 0.70035207],
       [0.        , 0.70050138],
       [0.        , 0.70067245],
       [0.        , 0.702061  ],
       [0.        , 0.70361441],
       [0.        , 0.7036615 ],
       [0.        , 0.70461494],
       [0.        , 0.70498931],
       [0.        , 0.70524943],
       [0.        , 0.71132946],
       [0.        , 0.71215898],
       [0.        , 0.71462029],
       [0.        , 0.7152518 ],
       [0.        , 0.71737885],
       [0.        , 0.7190125 ],
       [0.        , 0.71914786],
       [0.        , 0.71940768],
       [0.        , 0.71959531],
       [0.        , 0.71996498],
       [0.        , 0.72281027],
       [0.        , 0.72699928],
       [0.        , 0.72777003],
       [0.        , 0.72837371],
       [0.        , 0.73337263],
       [0.        , 0.73505795],
       [0.        , 0.73885781],
       [0.        , 0.74262482],
       [0.        , 0.74709332],
       [0.        , 0.74853253],
       [0.        , 0.74969196],
       [0.        , 0.75145006],
       [0.        , 0.75153995],
       [0.        , 0.75447708],
       [0.        , 0.7549476 ],
       [0.        , 0.75664425],
       [0.        , 0.75680184],
       [0.        , 0.75950325],
       [0.        , 0.75984859],
       [0.        , 0.76056904],
       [0.        , 0.76220125],
       [0.        , 0.7623502 ],
       [0.        , 0.76829141],
       [0.        , 0.76948744],
       [0.        , 0.76957768],
       [0.        , 0.7707324 ],
       [0.        , 0.7742669 ],
       [0.        , 0.77823973],
       [0.        , 0.78219372],
       [0.        , 0.78470248],
       [0.        , 0.78854907],
       [0.        , 0.789738  ],
       [0.        , 0.79158801],
       [0.        , 0.7926724 ],
       [0.        , 0.79396451],
       [0.        , 0.79423696],
       [0.        , 0.79453951],
       [0.        , 0.79482806],
       [0.        , 0.7976405 ],
       [0.        , 0.79987377],
       [0.        , 0.80538625],
       [0.        , 0.82357627],
       [0.        , 0.8287794 ],
       [0.        , 0.82958162],
       [0.        , 0.84584397],
       [0.        , 0.84773022],
       [0.        , 0.84895116],
       [0.        , 0.85153818],
       [0.        ,        inf]]), array([], shape=(0, 2), dtype=float64)]",False
53,0.8533971905708313,0.0008729696273803711,0.6159357040558221,38.1,3.9457410173355147,2,0.004353702068328857,0.0024749338626861572,0.003116235136985779,0.08,0.612086539765078,"[array([[0.        , 0.38715273],
       [0.        , 0.39394933],
       [0.        , 0.41882491],
       [0.        , 0.4200452 ],
       [0.        , 0.42704388],
       [0.        , 0.43742695],
       [0.        , 0.44034603],
       [0.        , 0.4407419 ],
       [0.        , 0.44134226],
       [0.        , 0.45158815],
       [0.        , 0.45816064],
       [0.        , 0.48943576],
       [0.        , 0.49441165],
       [0.        , 0.50319093],
       [0.        , 0.50763631],
       [0.        , 0.51019049],
       [0.        , 0.5237363 ],
       [0.        , 0.52894086],
       [0.        , 0.54417998],
       [0.        , 0.54612911],
       [0.        , 0.5601083 ],
       [0.        , 0.56347179],
       [0.        , 0.57753301],
       [0.        , 0.59463793],
       [0.        , 0.5982154 ],
       [0.        , 0.60245025],
       [0.        , 0.62778896],
       [0.        , 0.64312124],
       [0.        , 0.64839476],
       [0.        , 0.65882111],
       [0.        , 0.66821128],
       [0.        , 0.67352569],
       [0.        , 0.68003786],
       [0.        , 0.68290198],
       [0.        , 0.68623769],
       [0.        , 0.69313174],
       [0.        , 0.702721  ],
       [0.        , 0.71452844],
       [0.        , 0.72210908],
       [0.        , 0.7270593 ],
       [0.        , 0.73060387],
       [0.        , 0.74944186],
       [0.        , 0.75108415],
       [0.        , 0.75145006],
       [0.        , 0.76296699],
       [0.        , 0.76597565],
       [0.        , 0.7762931 ],
       [0.        , 0.78943586],
       [0.        , 0.79212624],
       [0.        , 0.82958162],
       [0.        , 0.85023129],
       [0.        , 0.85252422],
       [0.        , 0.85339719],
       [0.        ,        inf]]), array([[0.54395813, 0.54831183],
       [0.45820966, 0.46008843]])]",True
58,0.8489511609077454,0.019369542598724365,0.5965838257608742,40.54,4.0320209604369195,0,0.0,0.0,0.0,0.0,0.0,"[array([[0.        , 0.36035633],
       [0.        , 0.38715273],
       [0.        , 0.39394933],
       [0.        , 0.40142474],
       [0.        , 0.4024018 ],
       [0.        , 0.41882491],
       [0.        , 0.4200452 ],
       [0.        , 0.42784503],
       [0.        , 0.42880875],
       [0.        , 0.43057579],
       [0.        , 0.43742695],
       [0.        , 0.43789533],
       [0.        , 0.4407419 ],
       [0.        , 0.44131434],
       [0.        , 0.44134226],
       [0.        , 0.45158815],
       [0.        , 0.45816064],
       [0.        , 0.46668717],
       [0.        , 0.49441165],
       [0.        , 0.50319093],
       [0.        , 0.50763631],
       [0.        , 0.51019049],
       [0.        , 0.53446275],
       [0.        , 0.5601083 ],
       [0.        , 0.56347179],
       [0.        , 0.56363392],
       [0.        , 0.58911747],
       [0.        , 0.60762435],
       [0.        , 0.62687325],
       [0.        , 0.63410687],
       [0.        , 0.64250994],
       [0.        , 0.64312124],
       [0.        , 0.64701724],
       [0.        , 0.64790231],
       [0.        , 0.6562044 ],
       [0.        , 0.65918511],
       [0.        , 0.6659075 ],
       [0.        , 0.66886812],
       [0.        , 0.67116433],
       [0.        , 0.67548895],
       [0.        , 0.68003786],
       [0.        , 0.68894786],
       [0.        , 0.69862539],
       [0.        , 0.70498931],
       [0.        , 0.70916331],
       [0.        , 0.71259904],
       [0.        , 0.73522252],
       [0.        , 0.73885781],
       [0.        , 0.75145006],
       [0.        , 0.7742669 ],
       [0.        , 0.79217738],
       [0.        , 0.79563016],
       [0.        , 0.79686266],
       [0.        , 0.79789573],
       [0.        , 0.80538625],
       [0.        , 0.82247829],
       [0.        , 0.82958162],
       [0.        , 0.84895116],
       [0.        ,        inf]]), array([], shape=(0, 2), dtype=float64)]",False
90,0.8477302193641663,0.004776656627655029,0.6160859710640377,64.92,4.476606648074393,1,0.0018787682056427002,0.0018787682056427002,0.0018787682056427002,0.98,-0.0,"[array([[0.        , 0.38544127],
       [0.        , 0.38715273],
       [0.        , 0.39535582],
       [0.        , 0.4024018 ],
       [0.        , 0.41486451],
       [0.        , 0.41812924],
       [0.        , 0.41882491],
       [0.        , 0.4200452 ],
       [0.        , 0.42704388],
       [0.        , 0.42880875],
       [0.        , 0.43742695],
       [0.        , 0.43869025],
       [0.        , 0.43905649],
       [0.        , 0.4407419 ],
       [0.        , 0.44131434],
       [0.        , 0.45158815],
       [0.        , 0.45816064],
       [0.        , 0.46014678],
       [0.        , 0.46210781],
       [0.        , 0.46668717],
       [0.        , 0.4668766 ],
       [0.        , 0.46972904],
       [0.        , 0.47358829],
       [0.        , 0.49441165],
       [0.        , 0.50319093],
       [0.        , 0.50763631],
       [0.        , 0.51699477],
       [0.        , 0.54901505],
       [0.        , 0.55051845],
       [0.        , 0.5601083 ],
       [0.        , 0.56347179],
       [0.        , 0.57581174],
       [0.        , 0.58090478],
       [0.        , 0.59413528],
       [0.        , 0.59511125],
       [0.        , 0.59622848],
       [0.        , 0.59774822],
       [0.        , 0.59944576],
       [0.        , 0.61080259],
       [0.        , 0.61395985],
       [0.        , 0.61587459],
       [0.        , 0.61842817],
       [0.        , 0.61980754],
       [0.        , 0.62567049],
       [0.        , 0.63345599],
       [0.        , 0.63899243],
       [0.        , 0.6413995 ],
       [0.        , 0.65774447],
       [0.        , 0.66044641],
       [0.        , 0.66186148],
       [0.        , 0.66666144],
       [0.        , 0.66809869],
       [0.        , 0.66821128],
       [0.        , 0.66880035],
       [0.        , 0.67158049],
       [0.        , 0.67204338],
       [0.        , 0.67348361],
       [0.        , 0.67468607],
       [0.        , 0.68003786],
       [0.        , 0.68080336],
       [0.        , 0.68389183],
       [0.        , 0.68616492],
       [0.        , 0.68881077],
       [0.        , 0.69110173],
       [0.        , 0.69495112],
       [0.        , 0.70514727],
       [0.        , 0.72050357],
       [0.        , 0.72699928],
       [0.        , 0.72807795],
       [0.        , 0.72945398],
       [0.        , 0.74297076],
       [0.        , 0.74546301],
       [0.        , 0.75355035],
       [0.        , 0.75798881],
       [0.        , 0.759121  ],
       [0.        , 0.76875997],
       [0.        , 0.7747345 ],
       [0.        , 0.7762363 ],
       [0.        , 0.7782464 ],
       [0.        , 0.77895993],
       [0.        , 0.7794314 ],
       [0.        , 0.78191507],
       [0.        , 0.7888276 ],
       [0.        , 0.79232538],
       [0.        , 0.7926724 ],
       [0.        , 0.79444474],
       [0.        , 0.79575884],
       [0.        , 0.8287794 ],
       [0.        , 0.84295356],
       [0.        , 0.84773022],
       [0.        ,        inf]]), array([[0.45820966, 0.46008843]])]",False
152,0.8534849286079407,0.007640957832336426,0.6284238705901724,111.26,5.003910885300716,3,0.03289109468460083,0.021880775690078735,0.015260060628255209,0.54,0.7113268797414362,"[array([[0.        , 0.36035633],
       [0.        , 0.37337586],
       [0.        , 0.38544127],
       [0.        , 0.38715273],
       [0.        , 0.39394933],
       [0.        , 0.4024018 ],
       [0.        , 0.41499496],
       [0.        , 0.41882491],
       [0.        , 0.4200452 ],
       [0.        , 0.4210099 ],
       [0.        , 0.42704388],
       [0.        , 0.42880875],
       [0.        , 0.43057579],
       [0.        , 0.43425018],
       [0.        , 0.43584964],
       [0.        , 0.43726656],
       [0.        , 0.43742695],
       [0.        , 0.43789533],
       [0.        , 0.43869025],
       [0.        , 0.43905649],
       [0.        , 0.4407419 ],
       [0.        , 0.44134226],
       [0.        , 0.45158815],
       [0.        , 0.45816064],
       [0.        , 0.46210781],
       [0.        , 0.47358829],
       [0.        , 0.47560501],
       [0.        , 0.4816035 ],
       [0.        , 0.49441165],
       [0.        , 0.494874  ],
       [0.        , 0.49657497],
       [0.        , 0.5014888 ],
       [0.        , 0.50178498],
       [0.        , 0.50319093],
       [0.        , 0.50763631],
       [0.        , 0.51280475],
       [0.        , 0.51477194],
       [0.        , 0.53446275],
       [0.        , 0.53487867],
       [0.        , 0.54417998],
       [0.        , 0.54428726],
       [0.        , 0.55051845],
       [0.        , 0.56006187],
       [0.        , 0.5601083 ],
       [0.        , 0.56347179],
       [0.        , 0.56529474],
       [0.        , 0.56674522],
       [0.        , 0.56914806],
       [0.        , 0.57141787],
       [0.        , 0.5799017 ],
       [0.        , 0.58539951],
       [0.        , 0.58724385],
       [0.        , 0.59745759],
       [0.        , 0.60134113],
       [0.        , 0.61497611],
       [0.        , 0.61858058],
       [0.        , 0.62542242],
       [0.        , 0.62584937],
       [0.        , 0.62664056],
       [0.        , 0.62698603],
       [0.        , 0.62757993],
       [0.        , 0.63213915],
       [0.        , 0.63266665],
       [0.        , 0.6342932 ],
       [0.        , 0.63485289],
       [0.        , 0.64023095],
       [0.        , 0.6407392 ],
       [0.        , 0.64312124],
       [0.        , 0.64323443],
       [0.        , 0.64350271],
       [0.        , 0.645657  ],
       [0.        , 0.64630258],
       [0.        , 0.64757138],
       [0.        , 0.64790231],
       [0.        , 0.65118778],
       [0.        , 0.65546256],
       [0.        , 0.65659493],
       [0.        , 0.65692902],
       [0.        , 0.65707487],
       [0.        , 0.65737855],
       [0.        , 0.65898514],
       [0.        , 0.65967602],
       [0.        , 0.66186082],
       [0.        , 0.66527545],
       [0.        , 0.66571653],
       [0.        , 0.6679396 ],
       [0.        , 0.67013687],
       [0.        , 0.6739465 ],
       [0.        , 0.67639655],
       [0.        , 0.67832834],
       [0.        , 0.68003786],
       [0.        , 0.6805681 ],
       [0.        , 0.68216431],
       [0.        , 0.68236887],
       [0.        , 0.68721074],
       [0.        , 0.68881077],
       [0.        , 0.69555575],
       [0.        , 0.70018244],
       [0.        , 0.70035207],
       [0.        , 0.70050138],
       [0.        , 0.70067245],
       [0.        , 0.702061  ],
       [0.        , 0.70361441],
       [0.        , 0.7036615 ],
       [0.        , 0.70461494],
       [0.        , 0.71097296],
       [0.        , 0.7117067 ],
       [0.        , 0.71215898],
       [0.        , 0.71462029],
       [0.        , 0.71737885],
       [0.        , 0.7190125 ],
       [0.        , 0.71914786],
       [0.        , 0.71940768],
       [0.        , 0.71959531],
       [0.        , 0.71996498],
       [0.        , 0.72777003],
       [0.        , 0.72837371],
       [0.        , 0.73325306],
       [0.        , 0.73337263],
       [0.        , 0.73505795],
       [0.        , 0.73880184],
       [0.        , 0.74262482],
       [0.        , 0.74463552],
       [0.        , 0.74687898],
       [0.        , 0.74709332],
       [0.        , 0.74853253],
       [0.        , 0.74969196],
       [0.        , 0.75153995],
       [0.        , 0.75447708],
       [0.        , 0.7549476 ],
       [0.        , 0.75680184],
       [0.        , 0.76004416],
       [0.        , 0.76056904],
       [0.        , 0.76220125],
       [0.        , 0.76948744],
       [0.        , 0.76957768],
       [0.        , 0.7707324 ],
       [0.        , 0.7754119 ],
       [0.        , 0.77823973],
       [0.        , 0.78219372],
       [0.        , 0.78470248],
       [0.        , 0.78854907],
       [0.        , 0.789738  ],
       [0.        , 0.79158801],
       [0.        , 0.79396451],
       [0.        , 0.79423696],
       [0.        , 0.79482806],
       [0.        , 0.7976405 ],
       [0.        , 0.79987377],
       [0.        , 0.82357627],
       [0.        , 0.84584397],
       [0.        , 0.85348493],
       [0.        ,        inf]]), array([[0.50720167, 0.54009277],
       [0.48856062, 0.49957094],
       [0.45820966, 0.46008843]])]",False
98,0.8630319833755493,0.006051421165466309,0.6219926500807003,70.22,4.5620804305720135,4,0.013771891593933105,1.379847526550293e-05,0.011064782738685608,1.44,1.3369777747832454,"[array([[0.        , 0.37337586],
       [0.        , 0.38715273],
       [0.        , 0.39394933],
       [0.        , 0.4024018 ],
       [0.        , 0.41499496],
       [0.        , 0.41882491],
       [0.        , 0.4200452 ],
       [0.        , 0.42880875],
       [0.        , 0.43742695],
       [0.        , 0.43789533],
       [0.        , 0.43905649],
       [0.        , 0.4407419 ],
       [0.        , 0.44131434],
       [0.        , 0.45158815],
       [0.        , 0.45816064],
       [0.        , 0.46480671],
       [0.        , 0.47109911],
       [0.        , 0.47767586],
       [0.        , 0.48291454],
       [0.        , 0.4843989 ],
       [0.        , 0.49193841],
       [0.        , 0.4921768 ],
       [0.        , 0.49242729],
       [0.        , 0.49441165],
       [0.        , 0.50319093],
       [0.        , 0.50763631],
       [0.        , 0.50920063],
       [0.        , 0.51167417],
       [0.        , 0.51270121],
       [0.        , 0.5166024 ],
       [0.        , 0.53446275],
       [0.        , 0.54671329],
       [0.        , 0.55447245],
       [0.        , 0.55630904],
       [0.        , 0.5601083 ],
       [0.        , 0.56347179],
       [0.        , 0.57098728],
       [0.        , 0.58443421],
       [0.        , 0.58833694],
       [0.        , 0.59141338],
       [0.        , 0.59673876],
       [0.        , 0.59764981],
       [0.        , 0.59813458],
       [0.        , 0.62097776],
       [0.        , 0.62779093],
       [0.        , 0.63213915],
       [0.        , 0.63437635],
       [0.        , 0.64312124],
       [0.        , 0.64762676],
       [0.        , 0.65219593],
       [0.        , 0.65252399],
       [0.        , 0.65390903],
       [0.        , 0.65482157],
       [0.        , 0.66098851],
       [0.        , 0.66239756],
       [0.        , 0.66464543],
       [0.        , 0.66670799],
       [0.        , 0.66957307],
       [0.        , 0.67119431],
       [0.        , 0.67320091],
       [0.        , 0.67358589],
       [0.        , 0.6739465 ],
       [0.        , 0.67507291],
       [0.        , 0.67720383],
       [0.        , 0.68003786],
       [0.        , 0.68171453],
       [0.        , 0.68497491],
       [0.        , 0.68721074],
       [0.        , 0.68807882],
       [0.        , 0.69022977],
       [0.        , 0.6945132 ],
       [0.        , 0.70607889],
       [0.        , 0.71636444],
       [0.        , 0.72726244],
       [0.        , 0.73012501],
       [0.        , 0.73849845],
       [0.        , 0.74598753],
       [0.        , 0.75260592],
       [0.        , 0.75865287],
       [0.        , 0.76053286],
       [0.        , 0.76854318],
       [0.        , 0.77018207],
       [0.        , 0.77156967],
       [0.        , 0.78193301],
       [0.        , 0.78516036],
       [0.        , 0.79593027],
       [0.        , 0.79733145],
       [0.        , 0.79888338],
       [0.        , 0.79970449],
       [0.        , 0.79991215],
       [0.        , 0.80755585],
       [0.        , 0.81132507],
       [0.        , 0.81184387],
       [0.        , 0.8177523 ],
       [0.        , 0.84199375],
       [0.        , 0.84295356],
       [0.        , 0.85698056],
       [0.        , 0.86303198],
       [0.        ,        inf]]), array([[0.50903082, 0.51474965],
       [0.50125909, 0.51503098],
       [0.48856062, 0.49957094],
       [0.48487684, 0.49863493]])]",False
80,0.8429535627365112,0.00615459680557251,0.6341822799295187,59.7,4.357089126073857,3,0.03884565830230713,0.027835339307785034,0.017244915167490642,0.62,0.664850777188968,"[array([[0.        , 0.37337586],
       [0.        , 0.38715273],
       [0.        , 0.39394933],
       [0.        , 0.4024018 ],
       [0.        , 0.41499496],
       [0.        , 0.41812924],
       [0.        , 0.41882491],
       [0.        , 0.42704388],
       [0.        , 0.42880875],
       [0.        , 0.43742695],
       [0.        , 0.43905649],
       [0.        , 0.4407419 ],
       [0.        , 0.44131434],
       [0.        , 0.45158815],
       [0.        , 0.46972904],
       [0.        , 0.47109911],
       [0.        , 0.47358829],
       [0.        , 0.49303174],
       [0.        , 0.49441165],
       [0.        , 0.50319093],
       [0.        , 0.50763631],
       [0.        , 0.51699477],
       [0.        , 0.52374327],
       [0.        , 0.53447193],
       [0.        , 0.54901505],
       [0.        , 0.5601083 ],
       [0.        , 0.56347179],
       [0.        , 0.57480103],
       [0.        , 0.59511125],
       [0.        , 0.59764981],
       [0.        , 0.59774822],
       [0.        , 0.61395985],
       [0.        , 0.61587459],
       [0.        , 0.61721033],
       [0.        , 0.62567049],
       [0.        , 0.63437635],
       [0.        , 0.63899243],
       [0.        , 0.6413995 ],
       [0.        , 0.64312124],
       [0.        , 0.64780909],
       [0.        , 0.66413802],
       [0.        , 0.66451198],
       [0.        , 0.66727388],
       [0.        , 0.66809869],
       [0.        , 0.66909117],
       [0.        , 0.68003786],
       [0.        , 0.68080336],
       [0.        , 0.68721074],
       [0.        , 0.71434629],
       [0.        , 0.71636444],
       [0.        , 0.72106159],
       [0.        , 0.72426331],
       [0.        , 0.72807795],
       [0.        , 0.72945398],
       [0.        , 0.74576151],
       [0.        , 0.74598753],
       [0.        , 0.75301152],
       [0.        , 0.75798881],
       [0.        , 0.76186627],
       [0.        , 0.76597565],
       [0.        , 0.76661402],
       [0.        , 0.76714939],
       [0.        , 0.76854318],
       [0.        , 0.76927108],
       [0.        , 0.77156967],
       [0.        , 0.7720226 ],
       [0.        , 0.77823973],
       [0.        , 0.78191507],
       [0.        , 0.7888276 ],
       [0.        , 0.79252446],
       [0.        , 0.79575884],
       [0.        , 0.7999633 ],
       [0.        , 0.8013314 ],
       [0.        , 0.80252743],
       [0.        , 0.81412399],
       [0.        , 0.81445098],
       [0.        , 0.82093942],
       [0.        , 0.82470751],
       [0.        , 0.83679897],
       [0.        , 0.84295356],
       [0.        ,        inf]]), array([[0.50369948, 0.54254514],
       [0.48856062, 0.49957094],
       [0.45820966, 0.46008843]])]",True
60,0.8655701875686646,0.015338897705078125,0.6087471351027489,41.92,4.070609875116193,1,0.0018787682056427002,0.0018787682056427002,0.0018787682056427002,0.98,-0.0,"[array([[0.        , 0.38715273],
       [0.        , 0.39394933],
       [0.        , 0.41882491],
       [0.        , 0.4200452 ],
       [0.        , 0.42704388],
       [0.        , 0.42880875],
       [0.        , 0.43057579],
       [0.        , 0.43425018],
       [0.        , 0.43726656],
       [0.        , 0.43742695],
       [0.        , 0.4407419 ],
       [0.        , 0.46611732],
       [0.        , 0.46668717],
       [0.        , 0.47109911],
       [0.        , 0.49441165],
       [0.        , 0.50238061],
       [0.        , 0.50319093],
       [0.        , 0.50763631],
       [0.        , 0.51425546],
       [0.        , 0.52616572],
       [0.        , 0.53447193],
       [0.        , 0.53744721],
       [0.        , 0.5601083 ],
       [0.        , 0.56163359],
       [0.        , 0.56347179],
       [0.        , 0.5684827 ],
       [0.        , 0.57753301],
       [0.        , 0.58527631],
       [0.        , 0.58723557],
       [0.        , 0.60374957],
       [0.        , 0.60762435],
       [0.        , 0.65191317],
       [0.        , 0.65275097],
       [0.        , 0.65433538],
       [0.        , 0.65532792],
       [0.        , 0.65737855],
       [0.        , 0.66668147],
       [0.        , 0.68003786],
       [0.        , 0.68205923],
       [0.        , 0.68290198],
       [0.        , 0.68577468],
       [0.        , 0.68623769],
       [0.        , 0.69299561],
       [0.        , 0.71483427],
       [0.        , 0.7270593 ],
       [0.        , 0.73168314],
       [0.        , 0.73250508],
       [0.        , 0.75007266],
       [0.        , 0.75081015],
       [0.        , 0.7527684 ],
       [0.        , 0.75469291],
       [0.        , 0.75827986],
       [0.        , 0.76231915],
       [0.        , 0.7653687 ],
       [0.        , 0.76564294],
       [0.        , 0.77075881],
       [0.        , 0.78943586],
       [0.        , 0.8393361 ],
       [0.        , 0.85023129],
       [0.        , 0.86557019],
       [0.        ,        inf]]), array([[0.45820966, 0.46008843]])]",True
81,0.8655701875686646,0.011377990245819092,0.6028440903734278,56.06,4.370228750913195,3,0.03289109468460083,0.021880775690078735,0.015260060628255209,0.54,0.7113268797414362,"[array([[0.        , 0.37337586],
       [0.        , 0.38715273],
       [0.        , 0.39394933],
       [0.        , 0.40142474],
       [0.        , 0.4024018 ],
       [0.        , 0.41499496],
       [0.        , 0.41882491],
       [0.        , 0.4200452 ],
       [0.        , 0.42704388],
       [0.        , 0.42880875],
       [0.        , 0.43057579],
       [0.        , 0.43346915],
       [0.        , 0.43742695],
       [0.        , 0.43869025],
       [0.        , 0.4407419 ],
       [0.        , 0.44131434],
       [0.        , 0.45158815],
       [0.        , 0.45618039],
       [0.        , 0.45816064],
       [0.        , 0.47258598],
       [0.        , 0.47355893],
       [0.        , 0.47856665],
       [0.        , 0.49441165],
       [0.        , 0.49944043],
       [0.        , 0.50763631],
       [0.        , 0.51477194],
       [0.        , 0.51773721],
       [0.        , 0.52021313],
       [0.        , 0.53056955],
       [0.        , 0.53452533],
       [0.        , 0.54492486],
       [0.        , 0.5601083 ],
       [0.        , 0.56347179],
       [0.        , 0.56363392],
       [0.        , 0.59692454],
       [0.        , 0.59857076],
       [0.        , 0.61022812],
       [0.        , 0.61718887],
       [0.        , 0.61792165],
       [0.        , 0.62550712],
       [0.        , 0.63213915],
       [0.        , 0.63381654],
       [0.        , 0.64045918],
       [0.        , 0.64701724],
       [0.        , 0.65610129],
       [0.        , 0.66044641],
       [0.        , 0.66158962],
       [0.        , 0.66879511],
       [0.        , 0.67158049],
       [0.        , 0.67352569],
       [0.        , 0.67961675],
       [0.        , 0.68003786],
       [0.        , 0.68100446],
       [0.        , 0.68467498],
       [0.        , 0.68527806],
       [0.        , 0.68900162],
       [0.        , 0.68991464],
       [0.        , 0.69005692],
       [0.        , 0.69041151],
       [0.        , 0.69399297],
       [0.        , 0.69874448],
       [0.        , 0.69954211],
       [0.        , 0.70653379],
       [0.        , 0.71128428],
       [0.        , 0.71494728],
       [0.        , 0.71545589],
       [0.        , 0.72139412],
       [0.        , 0.72613108],
       [0.        , 0.73289543],
       [0.        , 0.7471022 ],
       [0.        , 0.748959  ],
       [0.        , 0.75469291],
       [0.        , 0.76517558],
       [0.        , 0.7653687 ],
       [0.        , 0.77747405],
       [0.        , 0.78036356],
       [0.        , 0.78536606],
       [0.        , 0.79852694],
       [0.        , 0.85252422],
       [0.        , 0.8541922 ],
       [0.        , 0.86557019],
       [0.        ,        inf]]), array([[0.50720167, 0.54009277],
       [0.48856062, 0.49957094],
       [0.45820966, 0.46008843]])]",False
64,0.8750391006469727,0.009468913078308105,0.630045962985605,45.8,4.131552278348864,2,0.011010318994522095,0.009131550788879395,0.0064445436000823975,0.32,0.4152908492500268,"[array([[0.        , 0.37337586],
       [0.        , 0.38714209],
       [0.        , 0.38715273],
       [0.        , 0.39394933],
       [0.        , 0.41499496],
       [0.        , 0.4200452 ],
       [0.        , 0.42704388],
       [0.        , 0.42880875],
       [0.        , 0.43425018],
       [0.        , 0.43726656],
       [0.        , 0.43742695],
       [0.        , 0.4407419 ],
       [0.        , 0.44134226],
       [0.        , 0.45158815],
       [0.        , 0.47109911],
       [0.        , 0.49441165],
       [0.        , 0.50238061],
       [0.        , 0.50319093],
       [0.        , 0.50763631],
       [0.        , 0.51167417],
       [0.        , 0.5601083 ],
       [0.        , 0.56347179],
       [0.        , 0.59401685],
       [0.        , 0.60191256],
       [0.        , 0.62417752],
       [0.        , 0.62526351],
       [0.        , 0.6280371 ],
       [0.        , 0.63536566],
       [0.        , 0.63804781],
       [0.        , 0.64271283],
       [0.        , 0.64312124],
       [0.        , 0.65130037],
       [0.        , 0.655572  ],
       [0.        , 0.65593606],
       [0.        , 0.65827745],
       [0.        , 0.6680519 ],
       [0.        , 0.67104363],
       [0.        , 0.68003786],
       [0.        , 0.69012737],
       [0.        , 0.6926477 ],
       [0.        , 0.7024377 ],
       [0.        , 0.71212536],
       [0.        , 0.72281027],
       [0.        , 0.72352958],
       [0.        , 0.72976381],
       [0.        , 0.73874879],
       [0.        , 0.7437427 ],
       [0.        , 0.74598753],
       [0.        , 0.75081903],
       [0.        , 0.75145006],
       [0.        , 0.763152  ],
       [0.        , 0.76863271],
       [0.        , 0.7747345 ],
       [0.        , 0.79054242],
       [0.        , 0.80145323],
       [0.        , 0.80897123],
       [0.        , 0.81054664],
       [0.        , 0.8141641 ],
       [0.        , 0.81443316],
       [0.        , 0.81741732],
       [0.        , 0.82253748],
       [0.        , 0.82958162],
       [0.        , 0.86557019],
       [0.        , 0.8750391 ],
       [0.        ,        inf]]), array([[0.48856062, 0.49957094],
       [0.45820966, 0.46008843]])]",True
94,0.8655701875686646,0.021739065647125244,0.6054785159674096,65.34,4.518985968410117,2,0.011010318994522095,0.009131550788879395,0.0064445436000823975,0.32,0.4152908492500268,"[array([[0.        , 0.37337586],
       [0.        , 0.38544127],
       [0.        , 0.38715273],
       [0.        , 0.39394933],
       [0.        , 0.39535582],
       [0.        , 0.40142474],
       [0.        , 0.4024018 ],
       [0.        , 0.41499496],
       [0.        , 0.4200452 ],
       [0.        , 0.42704388],
       [0.        , 0.42880875],
       [0.        , 0.43425018],
       [0.        , 0.43726656],
       [0.        , 0.43742695],
       [0.        , 0.43869025],
       [0.        , 0.43905649],
       [0.        , 0.4407419 ],
       [0.        , 0.44395688],
       [0.        , 0.45158815],
       [0.        , 0.46154895],
       [0.        , 0.46210781],
       [0.        , 0.46611732],
       [0.        , 0.4668766 ],
       [0.        , 0.46972904],
       [0.        , 0.47109911],
       [0.        , 0.48639411],
       [0.        , 0.49441165],
       [0.        , 0.50319093],
       [0.        , 0.50763631],
       [0.        , 0.53134739],
       [0.        , 0.53446275],
       [0.        , 0.53744721],
       [0.        , 0.54636472],
       [0.        , 0.55793142],
       [0.        , 0.5601083 ],
       [0.        , 0.56347179],
       [0.        , 0.57406068],
       [0.        , 0.57549757],
       [0.        , 0.57581174],
       [0.        , 0.59716791],
       [0.        , 0.59774822],
       [0.        , 0.60374957],
       [0.        , 0.60397613],
       [0.        , 0.60460848],
       [0.        , 0.60852343],
       [0.        , 0.61080259],
       [0.        , 0.62289542],
       [0.        , 0.62934804],
       [0.        , 0.63345599],
       [0.        , 0.64198923],
       [0.        , 0.64312124],
       [0.        , 0.64412034],
       [0.        , 0.64995009],
       [0.        , 0.65275097],
       [0.        , 0.65433538],
       [0.        , 0.65931249],
       [0.        , 0.65985948],
       [0.        , 0.66044641],
       [0.        , 0.66724849],
       [0.        , 0.66821128],
       [0.        , 0.67158049],
       [0.        , 0.67204338],
       [0.        , 0.67468607],
       [0.        , 0.68003786],
       [0.        , 0.68205923],
       [0.        , 0.68616492],
       [0.        , 0.68646944],
       [0.        , 0.68941152],
       [0.        , 0.69110173],
       [0.        , 0.69495112],
       [0.        , 0.70234281],
       [0.        , 0.71947253],
       [0.        , 0.72050357],
       [0.        , 0.7322157 ],
       [0.        , 0.74297076],
       [0.        , 0.74519455],
       [0.        , 0.74546301],
       [0.        , 0.75007266],
       [0.        , 0.75213277],
       [0.        , 0.75338185],
       [0.        , 0.75469291],
       [0.        , 0.76523238],
       [0.        , 0.7653687 ],
       [0.        , 0.7747345 ],
       [0.        , 0.77620786],
       [0.        , 0.77659947],
       [0.        , 0.7782464 ],
       [0.        , 0.77895993],
       [0.        , 0.7794314 ],
       [0.        , 0.79444474],
       [0.        , 0.81831795],
       [0.        , 0.83887869],
       [0.        , 0.84383112],
       [0.        , 0.86557019],
       [0.        ,        inf]]), array([[0.48856062, 0.49957094],
       [0.45820966, 0.46008843]])]",True
88,0.829581618309021,0.004346668720245361,0.6194343282417818,65.38,4.456775688079402,1,0.0018787682056427002,0.0018787682056427002,0.0018787682056427002,0.98,-0.0,"[array([[0.        , 0.36035633],
       [0.        , 0.38715273],
       [0.        , 0.4024018 ],
       [0.        , 0.41882491],
       [0.        , 0.4200452 ],
       [0.        , 0.42704388],
       [0.        , 0.42880875],
       [0.        , 0.43057579],
       [0.        , 0.43425018],
       [0.        , 0.43726656],
       [0.        , 0.43742695],
       [0.        , 0.4407419 ],
       [0.        , 0.44134226],
       [0.        , 0.45158815],
       [0.        , 0.46057391],
       [0.        , 0.46611732],
       [0.        , 0.46668717],
       [0.        , 0.47109911],
       [0.        , 0.47358829],
       [0.        , 0.49441165],
       [0.        , 0.50319093],
       [0.        , 0.50763631],
       [0.        , 0.51212865],
       [0.        , 0.51520991],
       [0.        , 0.52495223],
       [0.        , 0.53446275],
       [0.        , 0.5459165 ],
       [0.        , 0.55688292],
       [0.        , 0.5601083 ],
       [0.        , 0.56347179],
       [0.        , 0.56363392],
       [0.        , 0.56599844],
       [0.        , 0.57783777],
       [0.        , 0.59301394],
       [0.        , 0.61333555],
       [0.        , 0.62417752],
       [0.        , 0.62757993],
       [0.        , 0.63213915],
       [0.        , 0.63804781],
       [0.        , 0.64250994],
       [0.        , 0.64271283],
       [0.        , 0.64312124],
       [0.        , 0.6466158 ],
       [0.        , 0.64701724],
       [0.        , 0.64790231],
       [0.        , 0.66317892],
       [0.        , 0.66337144],
       [0.        , 0.66500896],
       [0.        , 0.66534925],
       [0.        , 0.66821128],
       [0.        , 0.66962457],
       [0.        , 0.67806274],
       [0.        , 0.68003786],
       [0.        , 0.68223733],
       [0.        , 0.68263626],
       [0.        , 0.68408561],
       [0.        , 0.68478179],
       [0.        , 0.69469953],
       [0.        , 0.69684774],
       [0.        , 0.6974268 ],
       [0.        , 0.69811511],
       [0.        , 0.70443803],
       [0.        , 0.70476872],
       [0.        , 0.70765209],
       [0.        , 0.70879382],
       [0.        , 0.70909816],
       [0.        , 0.71188736],
       [0.        , 0.71259904],
       [0.        , 0.71328008],
       [0.        , 0.71682382],
       [0.        , 0.72226739],
       [0.        , 0.72976381],
       [0.        , 0.73522252],
       [0.        , 0.74034178],
       [0.        , 0.74407691],
       [0.        , 0.74710155],
       [0.        , 0.7480827 ],
       [0.        , 0.75040388],
       [0.        , 0.76313895],
       [0.        , 0.76592904],
       [0.        , 0.76597565],
       [0.        , 0.788737  ],
       [0.        , 0.79217738],
       [0.        , 0.79686266],
       [0.        , 0.80823618],
       [0.        , 0.8141641 ],
       [0.        , 0.82523495],
       [0.        , 0.82958162],
       [0.        ,        inf]]), array([[0.45820966, 0.46008843]])]",False
119,0.8556501865386963,0.013131380081176758,0.632191122830415,87.26,4.756453170255444,3,0.03289109468460083,0.010317057371139526,0.022158483664194744,1.28,1.0127110923245413,"[array([[0.        , 0.37337586],
       [0.        , 0.38544127],
       [0.        , 0.38715273],
       [0.        , 0.39394933],
       [0.        , 0.39535582],
       [0.        , 0.4024018 ],
       [0.        , 0.41343367],
       [0.        , 0.41499496],
       [0.        , 0.41882491],
       [0.        , 0.4200452 ],
       [0.        , 0.42880875],
       [0.        , 0.43057579],
       [0.        , 0.43425018],
       [0.        , 0.43637112],
       [0.        , 0.43726656],
       [0.        , 0.43742695],
       [0.        , 0.43789533],
       [0.        , 0.4407419 ],
       [0.        , 0.45008722],
       [0.        , 0.45158815],
       [0.        , 0.45816064],
       [0.        , 0.45996878],
       [0.        , 0.46611732],
       [0.        , 0.46972904],
       [0.        , 0.47109911],
       [0.        , 0.49441165],
       [0.        , 0.49915579],
       [0.        , 0.50319093],
       [0.        , 0.50763631],
       [0.        , 0.51701277],
       [0.        , 0.52103931],
       [0.        , 0.52250391],
       [0.        , 0.52275991],
       [0.        , 0.5237363 ],
       [0.        , 0.53725046],
       [0.        , 0.5601083 ],
       [0.        , 0.56347179],
       [0.        , 0.57327157],
       [0.        , 0.57973921],
       [0.        , 0.58370185],
       [0.        , 0.59764981],
       [0.        , 0.61608994],
       [0.        , 0.61622989],
       [0.        , 0.62414104],
       [0.        , 0.62673855],
       [0.        , 0.62971807],
       [0.        , 0.63366669],
       [0.        , 0.63437635],
       [0.        , 0.64047289],
       [0.        , 0.64085203],
       [0.        , 0.64121574],
       [0.        , 0.64312124],
       [0.        , 0.65377343],
       [0.        , 0.65644521],
       [0.        , 0.65771359],
       [0.        , 0.65871638],
       [0.        , 0.66082346],
       [0.        , 0.66090995],
       [0.        , 0.66126007],
       [0.        , 0.66877556],
       [0.        , 0.67204338],
       [0.        , 0.67339486],
       [0.        , 0.67549247],
       [0.        , 0.67865342],
       [0.        , 0.68003786],
       [0.        , 0.68593484],
       [0.        , 0.68721014],
       [0.        , 0.68721074],
       [0.        , 0.68761957],
       [0.        , 0.68777019],
       [0.        , 0.68833119],
       [0.        , 0.68888712],
       [0.        , 0.69009161],
       [0.        , 0.69274354],
       [0.        , 0.69305533],
       [0.        , 0.69437301],
       [0.        , 0.6955657 ],
       [0.        , 0.70035207],
       [0.        , 0.70170116],
       [0.        , 0.70564771],
       [0.        , 0.70623797],
       [0.        , 0.70742685],
       [0.        , 0.70848179],
       [0.        , 0.71351689],
       [0.        , 0.71496212],
       [0.        , 0.71636444],
       [0.        , 0.71888655],
       [0.        , 0.7204631 ],
       [0.        , 0.72229069],
       [0.        , 0.72866625],
       [0.        , 0.73208857],
       [0.        , 0.73243356],
       [0.        , 0.74265599],
       [0.        , 0.74544716],
       [0.        , 0.7486248 ],
       [0.        , 0.75469291],
       [0.        , 0.7607829 ],
       [0.        , 0.76105404],
       [0.        , 0.76306897],
       [0.        , 0.76479298],
       [0.        , 0.76617402],
       [0.        , 0.76854318],
       [0.        , 0.77156967],
       [0.        , 0.77506471],
       [0.        , 0.77742594],
       [0.        , 0.77922875],
       [0.        , 0.7913118 ],
       [0.        , 0.7956745 ],
       [0.        , 0.79976976],
       [0.        , 0.80076921],
       [0.        , 0.80425382],
       [0.        , 0.80536711],
       [0.        , 0.81735969],
       [0.        , 0.81978029],
       [0.        , 0.82027781],
       [0.        , 0.82528931],
       [0.        , 0.83891827],
       [0.        , 0.84251881],
       [0.        , 0.85565019],
       [0.        ,        inf]]), array([[0.50720167, 0.54009277],
       [0.49657497, 0.51914901],
       [0.48856062, 0.49957094]])]",True
98,0.8556501865386963,0.004352450370788574,0.6225868119877211,70.82,4.563739935279178,2,0.04067552089691162,0.03879675269126892,0.02127714455127716,0.48,0.1809156239471263,"[array([[0.        , 0.38715273],
       [0.        , 0.39394933],
       [0.        , 0.4024018 ],
       [0.        , 0.41343367],
       [0.        , 0.41882491],
       [0.        , 0.4200452 ],
       [0.        , 0.42704388],
       [0.        , 0.42880875],
       [0.        , 0.43057579],
       [0.        , 0.43742695],
       [0.        , 0.44034603],
       [0.        , 0.4407419 ],
       [0.        , 0.44131434],
       [0.        , 0.45158815],
       [0.        , 0.46210781],
       [0.        , 0.46611732],
       [0.        , 0.46668717],
       [0.        , 0.46928936],
       [0.        , 0.46972904],
       [0.        , 0.47109911],
       [0.        , 0.47560501],
       [0.        , 0.49370015],
       [0.        , 0.49441165],
       [0.        , 0.50238061],
       [0.        , 0.50319093],
       [0.        , 0.5083698 ],
       [0.        , 0.52374327],
       [0.        , 0.53447193],
       [0.        , 0.53452533],
       [0.        , 0.53939617],
       [0.        , 0.5601083 ],
       [0.        , 0.5602755 ],
       [0.        , 0.56163359],
       [0.        , 0.56347179],
       [0.        , 0.5799017 ],
       [0.        , 0.58527631],
       [0.        , 0.58833694],
       [0.        , 0.59658366],
       [0.        , 0.60314393],
       [0.        , 0.6205911 ],
       [0.        , 0.62298888],
       [0.        , 0.62673855],
       [0.        , 0.62971807],
       [0.        , 0.6329385 ],
       [0.        , 0.63765061],
       [0.        , 0.63897163],
       [0.        , 0.64085203],
       [0.        , 0.64312124],
       [0.        , 0.64883834],
       [0.        , 0.64920539],
       [0.        , 0.65085632],
       [0.        , 0.65100533],
       [0.        , 0.65141666],
       [0.        , 0.65390903],
       [0.        , 0.65532792],
       [0.        , 0.65644521],
       [0.        , 0.65737855],
       [0.        , 0.66074586],
       [0.        , 0.66126007],
       [0.        , 0.66668147],
       [0.        , 0.67197615],
       [0.        , 0.67576385],
       [0.        , 0.68003786],
       [0.        , 0.68888712],
       [0.        , 0.68991464],
       [0.        , 0.69072378],
       [0.        , 0.69299561],
       [0.        , 0.69305533],
       [0.        , 0.70035207],
       [0.        , 0.70156389],
       [0.        , 0.71049362],
       [0.        , 0.71086591],
       [0.        , 0.71260566],
       [0.        , 0.71483427],
       [0.        , 0.72091341],
       [0.        , 0.72289783],
       [0.        , 0.72462624],
       [0.        , 0.73227376],
       [0.        , 0.73243356],
       [0.        , 0.73748267],
       [0.        , 0.73899293],
       [0.        , 0.74502033],
       [0.        , 0.74666429],
       [0.        , 0.74889517],
       [0.        , 0.75081015],
       [0.        , 0.75338787],
       [0.        , 0.76564294],
       [0.        , 0.77171671],
       [0.        , 0.80183685],
       [0.        , 0.80425382],
       [0.        , 0.80536711],
       [0.        , 0.82027781],
       [0.        , 0.82415462],
       [0.        , 0.83464134],
       [0.        , 0.84251881],
       [0.        , 0.84383112],
       [0.        , 0.85129774],
       [0.        , 0.85565019],
       [0.        ,        inf]]), array([[0.50763631, 0.54831183],
       [0.45820966, 0.46008843]])]",False
92,0.8450603485107422,0.0036714673042297363,0.6252352368572484,67.62,4.495785135604973,1,0.005718827247619629,0.005718827247619629,0.005718827247619629,0.98,-0.0,"[array([[0.        , 0.29917738],
       [0.        , 0.38715273],
       [0.        , 0.39394933],
       [0.        , 0.39707401],
       [0.        , 0.4024018 ],
       [0.        , 0.41812924],
       [0.        , 0.4200452 ],
       [0.        , 0.42880875],
       [0.        , 0.42947099],
       [0.        , 0.43346915],
       [0.        , 0.43742695],
       [0.        , 0.43905649],
       [0.        , 0.4407419 ],
       [0.        , 0.44131434],
       [0.        , 0.44134226],
       [0.        , 0.45158815],
       [0.        , 0.45996878],
       [0.        , 0.46057391],
       [0.        , 0.46154895],
       [0.        , 0.46210781],
       [0.        , 0.46668717],
       [0.        , 0.48098314],
       [0.        , 0.49441165],
       [0.        , 0.49970603],
       [0.        , 0.50319093],
       [0.        , 0.50763631],
       [0.        , 0.51450723],
       [0.        , 0.52003831],
       [0.        , 0.52250391],
       [0.        , 0.52799445],
       [0.        , 0.55625039],
       [0.        , 0.5601083 ],
       [0.        , 0.56347179],
       [0.        , 0.57581174],
       [0.        , 0.57611614],
       [0.        , 0.57973921],
       [0.        , 0.60213548],
       [0.        , 0.61256677],
       [0.        , 0.61564267],
       [0.        , 0.62310016],
       [0.        , 0.63213915],
       [0.        , 0.6383338 ],
       [0.        , 0.64344424],
       [0.        , 0.64506394],
       [0.        , 0.64970988],
       [0.        , 0.65156907],
       [0.        , 0.65390903],
       [0.        , 0.6583606 ],
       [0.        , 0.66542017],
       [0.        , 0.67119431],
       [0.        , 0.6739465 ],
       [0.        , 0.67796463],
       [0.        , 0.67837924],
       [0.        , 0.67865342],
       [0.        , 0.68003786],
       [0.        , 0.68126798],
       [0.        , 0.68413806],
       [0.        , 0.69072378],
       [0.        , 0.69412184],
       [0.        , 0.6946575 ],
       [0.        , 0.6982044 ],
       [0.        , 0.71071821],
       [0.        , 0.71179032],
       [0.        , 0.71279246],
       [0.        , 0.71984881],
       [0.        , 0.72528183],
       [0.        , 0.74016792],
       [0.        , 0.74414498],
       [0.        , 0.74502033],
       [0.        , 0.74554843],
       [0.        , 0.75081903],
       [0.        , 0.75082779],
       [0.        , 0.75197959],
       [0.        , 0.75350577],
       [0.        , 0.77309054],
       [0.        , 0.78676164],
       [0.        , 0.78710914],
       [0.        , 0.78791958],
       [0.        , 0.78969246],
       [0.        , 0.7927773 ],
       [0.        , 0.79888338],
       [0.        , 0.79970449],
       [0.        , 0.80066091],
       [0.        , 0.8067736 ],
       [0.        , 0.80735332],
       [0.        , 0.81009704],
       [0.        , 0.81184387],
       [0.        , 0.81412399],
       [0.        , 0.82419306],
       [0.        , 0.83257347],
       [0.        , 0.84138888],
       [0.        , 0.84506035],
       [0.        ,        inf]]), array([[0.50903082, 0.51474965]])]",False
68,0.8587244749069214,0.01684647798538208,0.6437118110411307,50.62,4.198629319791682,0,0.0,0.0,0.0,0.0,0.0,"[array([[0.        , 0.38715273],
       [0.        , 0.4024018 ],
       [0.        , 0.41882491],
       [0.        , 0.4200452 ],
       [0.        , 0.42880875],
       [0.        , 0.43057579],
       [0.        , 0.43425018],
       [0.        , 0.43726656],
       [0.        , 0.43742695],
       [0.        , 0.4407419 ],
       [0.        , 0.45158815],
       [0.        , 0.45816064],
       [0.        , 0.46668717],
       [0.        , 0.49441165],
       [0.        , 0.50319093],
       [0.        , 0.50763631],
       [0.        , 0.5601083 ],
       [0.        , 0.56347179],
       [0.        , 0.59243965],
       [0.        , 0.59717441],
       [0.        , 0.60191256],
       [0.        , 0.61256677],
       [0.        , 0.62526351],
       [0.        , 0.62664056],
       [0.        , 0.63536566],
       [0.        , 0.64312124],
       [0.        , 0.64323443],
       [0.        , 0.65139461],
       [0.        , 0.65593606],
       [0.        , 0.65827745],
       [0.        , 0.65871638],
       [0.        , 0.66312832],
       [0.        , 0.66383874],
       [0.        , 0.6680519 ],
       [0.        , 0.66944724],
       [0.        , 0.67601377],
       [0.        , 0.67629546],
       [0.        , 0.68003786],
       [0.        , 0.68173623],
       [0.        , 0.68448859],
       [0.        , 0.69012737],
       [0.        , 0.69274354],
       [0.        , 0.69529951],
       [0.        , 0.70127594],
       [0.        , 0.70230836],
       [0.        , 0.70415992],
       [0.        , 0.71049362],
       [0.        , 0.72281027],
       [0.        , 0.72352958],
       [0.        , 0.72704434],
       [0.        , 0.727198  ],
       [0.        , 0.73874879],
       [0.        , 0.74598753],
       [0.        , 0.75664425],
       [0.        , 0.763152  ],
       [0.        , 0.76770759],
       [0.        , 0.76863271],
       [0.        , 0.77823973],
       [0.        , 0.79044056],
       [0.        , 0.79054242],
       [0.        , 0.80536711],
       [0.        , 0.80722153],
       [0.        , 0.80897123],
       [0.        , 0.81054664],
       [0.        , 0.81735969],
       [0.        , 0.81741732],
       [0.        , 0.841878  ],
       [0.        , 0.85872447],
       [0.        ,        inf]]), array([], shape=(0, 2), dtype=float64)]",False
165,0.858552098274231,0.012708127498626709,0.6435749489249605,122.86,5.087783825274781,3,0.03289109468460083,0.021880775690078735,0.014749248822530111,0.84,0.6045593840235928,"[array([[0.        , 0.37337586],
       [0.        , 0.38544127],
       [0.        , 0.38715273],
       [0.        , 0.39394933],
       [0.        , 0.4024018 ],
       [0.        , 0.41499496],
       [0.        , 0.41882491],
       [0.        , 0.4200452 ],
       [0.        , 0.4210099 ],
       [0.        , 0.42880875],
       [0.        , 0.43057579],
       [0.        , 0.43584964],
       [0.        , 0.43742695],
       [0.        , 0.43789533],
       [0.        , 0.43905649],
       [0.        , 0.4407419 ],
       [0.        , 0.44131434],
       [0.        , 0.44134226],
       [0.        , 0.45158815],
       [0.        , 0.45816064],
       [0.        , 0.45996878],
       [0.        , 0.46210781],
       [0.        , 0.46972904],
       [0.        , 0.47109911],
       [0.        , 0.47358829],
       [0.        , 0.47560501],
       [0.        , 0.4921304 ],
       [0.        , 0.49441165],
       [0.        , 0.5014888 ],
       [0.        , 0.50319093],
       [0.        , 0.50763631],
       [0.        , 0.51280475],
       [0.        , 0.52437967],
       [0.        , 0.53487867],
       [0.        , 0.54428726],
       [0.        , 0.54789191],
       [0.        , 0.55051845],
       [0.        , 0.56006187],
       [0.        , 0.5601083 ],
       [0.        , 0.56347179],
       [0.        , 0.56488264],
       [0.        , 0.56529474],
       [0.        , 0.56674522],
       [0.        , 0.56914806],
       [0.        , 0.57141787],
       [0.        , 0.57655007],
       [0.        , 0.5799017 ],
       [0.        , 0.58724385],
       [0.        , 0.59745759],
       [0.        , 0.59764981],
       [0.        , 0.60134113],
       [0.        , 0.61349308],
       [0.        , 0.61497611],
       [0.        , 0.61858058],
       [0.        , 0.62542242],
       [0.        , 0.62698603],
       [0.        , 0.62757993],
       [0.        , 0.63114202],
       [0.        , 0.63213915],
       [0.        , 0.63266665],
       [0.        , 0.6342932 ],
       [0.        , 0.63437635],
       [0.        , 0.63485289],
       [0.        , 0.63696837],
       [0.        , 0.64250994],
       [0.        , 0.64312124],
       [0.        , 0.64323443],
       [0.        , 0.645657  ],
       [0.        , 0.64630258],
       [0.        , 0.6466158 ],
       [0.        , 0.64757138],
       [0.        , 0.64780909],
       [0.        , 0.64790231],
       [0.        , 0.64807659],
       [0.        , 0.65118778],
       [0.        , 0.65455765],
       [0.        , 0.65546256],
       [0.        , 0.65659493],
       [0.        , 0.65692902],
       [0.        , 0.65707487],
       [0.        , 0.65737855],
       [0.        , 0.65898514],
       [0.        , 0.65967602],
       [0.        , 0.66186082],
       [0.        , 0.66571653],
       [0.        , 0.66605896],
       [0.        , 0.66798931],
       [0.        , 0.66929483],
       [0.        , 0.67013687],
       [0.        , 0.67108697],
       [0.        , 0.67320091],
       [0.        , 0.6739465 ],
       [0.        , 0.67786038],
       [0.        , 0.67832834],
       [0.        , 0.68003786],
       [0.        , 0.68216431],
       [0.        , 0.68721074],
       [0.        , 0.69272983],
       [0.        , 0.69274354],
       [0.        , 0.69550622],
       [0.        , 0.70018244],
       [0.        , 0.70035207],
       [0.        , 0.70050138],
       [0.        , 0.70067245],
       [0.        , 0.702061  ],
       [0.        , 0.70361441],
       [0.        , 0.7036615 ],
       [0.        , 0.70461494],
       [0.        , 0.70540869],
       [0.        , 0.70646399],
       [0.        , 0.71097296],
       [0.        , 0.71215898],
       [0.        , 0.71232849],
       [0.        , 0.71327811],
       [0.        , 0.71462029],
       [0.        , 0.71636444],
       [0.        , 0.71737885],
       [0.        , 0.7190125 ],
       [0.        , 0.71914786],
       [0.        , 0.71940768],
       [0.        , 0.71959531],
       [0.        , 0.71996498],
       [0.        , 0.72777003],
       [0.        , 0.72837371],
       [0.        , 0.73337263],
       [0.        , 0.73505795],
       [0.        , 0.73988229],
       [0.        , 0.74262482],
       [0.        , 0.7428205 ],
       [0.        , 0.74407691],
       [0.        , 0.74709332],
       [0.        , 0.74853253],
       [0.        , 0.74969196],
       [0.        , 0.75153995],
       [0.        , 0.7549476 ],
       [0.        , 0.75680184],
       [0.        , 0.76056904],
       [0.        , 0.76220125],
       [0.        , 0.76681519],
       [0.        , 0.76854318],
       [0.        , 0.76948744],
       [0.        , 0.76957768],
       [0.        , 0.76999605],
       [0.        , 0.7707324 ],
       [0.        , 0.77156967],
       [0.        , 0.77823973],
       [0.        , 0.78219372],
       [0.        , 0.78470248],
       [0.        , 0.78540611],
       [0.        , 0.78854907],
       [0.        , 0.789738  ],
       [0.        , 0.79158801],
       [0.        , 0.79396451],
       [0.        , 0.79423696],
       [0.        , 0.79482806],
       [0.        , 0.7976405 ],
       [0.        , 0.79987377],
       [0.        , 0.82357627],
       [0.        , 0.82619047],
       [0.        , 0.82778776],
       [0.        , 0.83010465],
       [0.        , 0.83711135],
       [0.        , 0.84295356],
       [0.        , 0.84584397],
       [0.        , 0.8585521 ],
       [0.        ,        inf]]), array([[0.50720167, 0.54009277],
       [0.494874  , 0.49522033],
       [0.48856062, 0.49957094]])]",True
66,0.8418779969215393,0.024518311023712158,0.6115243927095876,47.64,4.166946673035217,1,0.0018787682056427002,0.0018787682056427002,0.0018787682056427002,0.98,-0.0,"[array([[0.        , 0.38715273],
       [0.        , 0.4024018 ],
       [0.        , 0.41812924],
       [0.        , 0.41882491],
       [0.        , 0.4200452 ],
       [0.        , 0.42704388],
       [0.        , 0.42880875],
       [0.        , 0.43425018],
       [0.        , 0.43726656],
       [0.        , 0.43742695],
       [0.        , 0.43905649],
       [0.        , 0.4407419 ],
       [0.        , 0.45158815],
       [0.        , 0.45816064],
       [0.        , 0.46495181],
       [0.        , 0.46668717],
       [0.        , 0.49441165],
       [0.        , 0.49965605],
       [0.        , 0.50319093],
       [0.        , 0.50763631],
       [0.        , 0.51826274],
       [0.        , 0.53446275],
       [0.        , 0.5601083 ],
       [0.        , 0.56347179],
       [0.        , 0.57581174],
       [0.        , 0.58833694],
       [0.        , 0.59243965],
       [0.        , 0.59644121],
       [0.        , 0.61256677],
       [0.        , 0.61483586],
       [0.        , 0.62664056],
       [0.        , 0.63124448],
       [0.        , 0.63213915],
       [0.        , 0.64081287],
       [0.        , 0.65139461],
       [0.        , 0.65390903],
       [0.        , 0.65871638],
       [0.        , 0.66202968],
       [0.        , 0.6680519 ],
       [0.        , 0.66880035],
       [0.        , 0.66944724],
       [0.        , 0.67000699],
       [0.        , 0.67119431],
       [0.        , 0.6739465 ],
       [0.        , 0.67601377],
       [0.        , 0.67629546],
       [0.        , 0.68003786],
       [0.        , 0.68497491],
       [0.        , 0.69529951],
       [0.        , 0.70223999],
       [0.        , 0.70230836],
       [0.        , 0.70775837],
       [0.        , 0.72281027],
       [0.        , 0.72650516],
       [0.        , 0.74598753],
       [0.        , 0.75664425],
       [0.        , 0.76770759],
       [0.        , 0.77886081],
       [0.        , 0.79044056],
       [0.        , 0.79733145],
       [0.        , 0.79888338],
       [0.        , 0.79970449],
       [0.        , 0.80722153],
       [0.        , 0.81184387],
       [0.        , 0.81735969],
       [0.        , 0.841878  ],
       [0.        ,        inf]]), array([[0.45820966, 0.46008843]])]",True
131,0.8655701875686646,0.011377990245819092,0.6275483858949356,94.32,4.854117868803361,6,0.03289109468460083,0.01122969388961792,0.011924117803573608,0.86,1.2739150214827266,"[array([[0.        , 0.37337586],
       [0.        , 0.38143098],
       [0.        , 0.38715273],
       [0.        , 0.39394933],
       [0.        , 0.40142474],
       [0.        , 0.4024018 ],
       [0.        , 0.41499496],
       [0.        , 0.41882491],
       [0.        , 0.4200452 ],
       [0.        , 0.42704388],
       [0.        , 0.42880875],
       [0.        , 0.43022469],
       [0.        , 0.43057579],
       [0.        , 0.43346915],
       [0.        , 0.43742695],
       [0.        , 0.43869025],
       [0.        , 0.4407419 ],
       [0.        , 0.44131434],
       [0.        , 0.44377336],
       [0.        , 0.44396743],
       [0.        , 0.45158815],
       [0.        , 0.45618039],
       [0.        , 0.45816064],
       [0.        , 0.46788028],
       [0.        , 0.46972904],
       [0.        , 0.47109911],
       [0.        , 0.49441165],
       [0.        , 0.49944043],
       [0.        , 0.50763631],
       [0.        , 0.5105893 ],
       [0.        , 0.51477194],
       [0.        , 0.51773721],
       [0.        , 0.52250391],
       [0.        , 0.52275991],
       [0.        , 0.5237363 ],
       [0.        , 0.53367281],
       [0.        , 0.53452533],
       [0.        , 0.54492486],
       [0.        , 0.5601083 ],
       [0.        , 0.56347179],
       [0.        , 0.56363392],
       [0.        , 0.57204515],
       [0.        , 0.57753301],
       [0.        , 0.58370185],
       [0.        , 0.59053135],
       [0.        , 0.59660929],
       [0.        , 0.59764981],
       [0.        , 0.60245025],
       [0.        , 0.60762435],
       [0.        , 0.61001462],
       [0.        , 0.61608994],
       [0.        , 0.61718887],
       [0.        , 0.61792165],
       [0.        , 0.62971807],
       [0.        , 0.63213915],
       [0.        , 0.63381654],
       [0.        , 0.64047289],
       [0.        , 0.64121574],
       [0.        , 0.64312124],
       [0.        , 0.64792746],
       [0.        , 0.65099847],
       [0.        , 0.65226483],
       [0.        , 0.65377343],
       [0.        , 0.65850109],
       [0.        , 0.65871638],
       [0.        , 0.66082346],
       [0.        , 0.66090995],
       [0.        , 0.66158962],
       [0.        , 0.66821128],
       [0.        , 0.66877556],
       [0.        , 0.66879511],
       [0.        , 0.67204338],
       [0.        , 0.67307305],
       [0.        , 0.67865342],
       [0.        , 0.67961675],
       [0.        , 0.68003786],
       [0.        , 0.68100446],
       [0.        , 0.68593484],
       [0.        , 0.68721014],
       [0.        , 0.68761957],
       [0.        , 0.68777019],
       [0.        , 0.68900162],
       [0.        , 0.68991464],
       [0.        , 0.69009161],
       [0.        , 0.69177663],
       [0.        , 0.69399297],
       [0.        , 0.69437301],
       [0.        , 0.6955657 ],
       [0.        , 0.69927144],
       [0.        , 0.69954211],
       [0.        , 0.70476872],
       [0.        , 0.7049548 ],
       [0.        , 0.70564771],
       [0.        , 0.70623797],
       [0.        , 0.70848179],
       [0.        , 0.71128428],
       [0.        , 0.71351689],
       [0.        , 0.71545589],
       [0.        , 0.7204631 ],
       [0.        , 0.72139412],
       [0.        , 0.72229069],
       [0.        , 0.72338164],
       [0.        , 0.72613108],
       [0.        , 0.72866625],
       [0.        , 0.73208857],
       [0.        , 0.73254734],
       [0.        , 0.73289543],
       [0.        , 0.74265599],
       [0.        , 0.7442295 ],
       [0.        , 0.7486248 ],
       [0.        , 0.748959  ],
       [0.        , 0.75469291],
       [0.        , 0.75675446],
       [0.        , 0.76306897],
       [0.        , 0.76479298],
       [0.        , 0.7653687 ],
       [0.        , 0.76617402],
       [0.        , 0.77747405],
       [0.        , 0.78036356],
       [0.        , 0.78483856],
       [0.        , 0.7913118 ],
       [0.        , 0.7956745 ],
       [0.        , 0.79976976],
       [0.        , 0.80080795],
       [0.        , 0.80097389],
       [0.        , 0.81978029],
       [0.        , 0.82528931],
       [0.        , 0.83891827],
       [0.        , 0.85252422],
       [0.        , 0.8541922 ],
       [0.        , 0.86557019],
       [0.        ,        inf]]), array([[0.50803167, 0.51201886],
       [0.50720167, 0.54009277],
       [0.48856062, 0.49957094],
       [0.47355893, 0.49522033],
       [0.46332914, 0.46344507],
       [0.45820966, 0.46008843]])]",False
62,0.8498784899711609,0.020296871662139893,0.6164830182829211,44.72,4.108487017067335,2,0.012596756219863892,0.010717988014221191,0.007237762212753296,0.34,0.3859859809911162,"[array([[0.        , 0.37337586],
       [0.        , 0.38715273],
       [0.        , 0.39394933],
       [0.        , 0.4200452 ],
       [0.        , 0.42704388],
       [0.        , 0.43726656],
       [0.        , 0.43742695],
       [0.        , 0.4407419 ],
       [0.        , 0.44134226],
       [0.        , 0.47109911],
       [0.        , 0.48856062],
       [0.        , 0.49441165],
       [0.        , 0.50319093],
       [0.        , 0.50763631],
       [0.        , 0.51167417],
       [0.        , 0.5193283 ],
       [0.        , 0.5459165 ],
       [0.        , 0.55806768],
       [0.        , 0.5601083 ],
       [0.        , 0.56347179],
       [0.        , 0.57141787],
       [0.        , 0.57753301],
       [0.        , 0.59401685],
       [0.        , 0.600411  ],
       [0.        , 0.60470945],
       [0.        , 0.60930002],
       [0.        , 0.62097317],
       [0.        , 0.62103087],
       [0.        , 0.62417752],
       [0.        , 0.62778896],
       [0.        , 0.63410634],
       [0.        , 0.64271283],
       [0.        , 0.64340955],
       [0.        , 0.64728606],
       [0.        , 0.65239954],
       [0.        , 0.65690976],
       [0.        , 0.65779108],
       [0.        , 0.6582306 ],
       [0.        , 0.66120112],
       [0.        , 0.66503209],
       [0.        , 0.67965782],
       [0.        , 0.68003786],
       [0.        , 0.68048471],
       [0.        , 0.68777621],
       [0.        , 0.68814778],
       [0.        , 0.69886506],
       [0.        , 0.70024103],
       [0.        , 0.70939392],
       [0.        , 0.71215832],
       [0.        , 0.72286451],
       [0.        , 0.72976381],
       [0.        , 0.73166245],
       [0.        , 0.73379213],
       [0.        , 0.73406535],
       [0.        , 0.73874921],
       [0.        , 0.75145006],
       [0.        , 0.75926352],
       [0.        , 0.76296699],
       [0.        , 0.7747345 ],
       [0.        , 0.8141641 ],
       [0.        , 0.82958162],
       [0.        , 0.84987849],
       [0.        ,        inf]]), array([[0.48943576, 0.50203252],
       [0.45820966, 0.46008843]])]",True
53,0.8655701875686646,0.011377990245819092,0.5913715334433429,36.0,3.947946575273844,3,0.004353702068328857,0.00036650896072387695,0.0028189420700073242,0.12,0.7551129493853722,"[array([[0.        , 0.38715273],
       [0.        , 0.39394933],
       [0.        , 0.4024018 ],
       [0.        , 0.4200452 ],
       [0.        , 0.42704388],
       [0.        , 0.43022469],
       [0.        , 0.44034603],
       [0.        , 0.44377336],
       [0.        , 0.45440641],
       [0.        , 0.45618039],
       [0.        , 0.45820966],
       [0.        , 0.4668698 ],
       [0.        , 0.47798285],
       [0.        , 0.48943576],
       [0.        , 0.49441165],
       [0.        , 0.50319093],
       [0.        , 0.50687987],
       [0.        , 0.50763631],
       [0.        , 0.51230884],
       [0.        , 0.53422171],
       [0.        , 0.54207742],
       [0.        , 0.5569672 ],
       [0.        , 0.5601083 ],
       [0.        , 0.56076884],
       [0.        , 0.56347179],
       [0.        , 0.58206582],
       [0.        , 0.58982742],
       [0.        , 0.59605867],
       [0.        , 0.60245025],
       [0.        , 0.61126411],
       [0.        , 0.62103087],
       [0.        , 0.62698877],
       [0.        , 0.6280371 ],
       [0.        , 0.63866764],
       [0.        , 0.64409912],
       [0.        , 0.65829307],
       [0.        , 0.65978992],
       [0.        , 0.66171396],
       [0.        , 0.67805976],
       [0.        , 0.68003786],
       [0.        , 0.68930423],
       [0.        , 0.697887  ],
       [0.        , 0.69927144],
       [0.        , 0.71212536],
       [0.        , 0.72338164],
       [0.        , 0.73254734],
       [0.        , 0.75469291],
       [0.        , 0.7653687 ],
       [0.        , 0.77747405],
       [0.        , 0.80097389],
       [0.        , 0.80145323],
       [0.        , 0.8541922 ],
       [0.        , 0.86557019],
       [0.        ,        inf]]), array([[0.54395813, 0.54831183],
       [0.50803167, 0.51201886],
       [0.46332914, 0.46344507]])]",True
104,0.8655701875686646,0.006710171699523926,0.6410593424852078,76.44,4.623405100475512,0,0.0,0.0,0.0,0.0,0.0,"[array([[0.        , 0.38715273],
       [0.        , 0.39394933],
       [0.        , 0.39707401],
       [0.        , 0.4024018 ],
       [0.        , 0.41882491],
       [0.        , 0.4200452 ],
       [0.        , 0.42880875],
       [0.        , 0.43057579],
       [0.        , 0.43346915],
       [0.        , 0.43742695],
       [0.        , 0.4407419 ],
       [0.        , 0.44131434],
       [0.        , 0.45158815],
       [0.        , 0.45816064],
       [0.        , 0.45996878],
       [0.        , 0.46014678],
       [0.        , 0.46611732],
       [0.        , 0.46668717],
       [0.        , 0.46972904],
       [0.        , 0.47109911],
       [0.        , 0.48993608],
       [0.        , 0.49441165],
       [0.        , 0.50319093],
       [0.        , 0.50763631],
       [0.        , 0.52250391],
       [0.        , 0.52275991],
       [0.        , 0.5237363 ],
       [0.        , 0.53367281],
       [0.        , 0.5601083 ],
       [0.        , 0.56347179],
       [0.        , 0.57327157],
       [0.        , 0.58370185],
       [0.        , 0.59572577],
       [0.        , 0.59711146],
       [0.        , 0.59764981],
       [0.        , 0.60762435],
       [0.        , 0.61608994],
       [0.        , 0.61718887],
       [0.        , 0.6256367 ],
       [0.        , 0.62971807],
       [0.        , 0.64047289],
       [0.        , 0.64121574],
       [0.        , 0.65377343],
       [0.        , 0.65871638],
       [0.        , 0.66082346],
       [0.        , 0.66090995],
       [0.        , 0.66821128],
       [0.        , 0.66877556],
       [0.        , 0.67204338],
       [0.        , 0.67777306],
       [0.        , 0.67865342],
       [0.        , 0.68003786],
       [0.        , 0.68424034],
       [0.        , 0.68593484],
       [0.        , 0.68717146],
       [0.        , 0.68721014],
       [0.        , 0.68761957],
       [0.        , 0.68777019],
       [0.        , 0.69009161],
       [0.        , 0.69110173],
       [0.        , 0.69399297],
       [0.        , 0.69437301],
       [0.        , 0.69489175],
       [0.        , 0.6955657 ],
       [0.        , 0.69570953],
       [0.        , 0.6978156 ],
       [0.        , 0.70105428],
       [0.        , 0.70564771],
       [0.        , 0.70605522],
       [0.        , 0.70623797],
       [0.        , 0.70652741],
       [0.        , 0.70848179],
       [0.        , 0.71351689],
       [0.        , 0.71545589],
       [0.        , 0.71780467],
       [0.        , 0.7204631 ],
       [0.        , 0.72229069],
       [0.        , 0.72866625],
       [0.        , 0.73052347],
       [0.        , 0.73168314],
       [0.        , 0.73208857],
       [0.        , 0.74265599],
       [0.        , 0.7486248 ],
       [0.        , 0.75007266],
       [0.        , 0.75145006],
       [0.        , 0.75469291],
       [0.        , 0.76306897],
       [0.        , 0.76409489],
       [0.        , 0.76479298],
       [0.        , 0.76617402],
       [0.        , 0.7794314 ],
       [0.        , 0.7913118 ],
       [0.        , 0.7956745 ],
       [0.        , 0.79852343],
       [0.        , 0.79976976],
       [0.        , 0.81332612],
       [0.        , 0.81978029],
       [0.        , 0.82528931],
       [0.        , 0.82619047],
       [0.        , 0.82958162],
       [0.        , 0.83891827],
       [0.        , 0.84049702],
       [0.        , 0.85886002],
       [0.        , 0.86557019],
       [0.        ,        inf]]), array([], shape=(0, 2), dtype=float64)]",True
94,0.8750391006469727,0.01575714349746704,0.6429452664674596,68.66,4.517873731342649,2,0.005718827247619629,0.0013651251792907715,0.005036264657974243,0.26,0.6839347289084503,"[array([[0.        , 0.38715273],
       [0.        , 0.39394933],
       [0.        , 0.4024018 ],
       [0.        , 0.41882491],
       [0.        , 0.4200452 ],
       [0.        , 0.42947099],
       [0.        , 0.43346915],
       [0.        , 0.43425018],
       [0.        , 0.43726656],
       [0.        , 0.43742695],
       [0.        , 0.44034603],
       [0.        , 0.4407419 ],
       [0.        , 0.44134226],
       [0.        , 0.45158815],
       [0.        , 0.45816064],
       [0.        , 0.45996878],
       [0.        , 0.46057391],
       [0.        , 0.46210781],
       [0.        , 0.47109911],
       [0.        , 0.48098314],
       [0.        , 0.48152015],
       [0.        , 0.48943576],
       [0.        , 0.49441165],
       [0.        , 0.49970603],
       [0.        , 0.50319093],
       [0.        , 0.50763631],
       [0.        , 0.52003831],
       [0.        , 0.52799445],
       [0.        , 0.53939617],
       [0.        , 0.55625039],
       [0.        , 0.5601083 ],
       [0.        , 0.56347179],
       [0.        , 0.56490004],
       [0.        , 0.57136887],
       [0.        , 0.58724385],
       [0.        , 0.58833694],
       [0.        , 0.61376572],
       [0.        , 0.63490343],
       [0.        , 0.6383338 ],
       [0.        , 0.64506394],
       [0.        , 0.65130037],
       [0.        , 0.65156907],
       [0.        , 0.66821128],
       [0.        , 0.66978556],
       [0.        , 0.67470199],
       [0.        , 0.67639655],
       [0.        , 0.67865342],
       [0.        , 0.68003786],
       [0.        , 0.68126798],
       [0.        , 0.68268132],
       [0.        , 0.68413806],
       [0.        , 0.69420874],
       [0.        , 0.6946575 ],
       [0.        , 0.69529951],
       [0.        , 0.6982044 ],
       [0.        , 0.70151889],
       [0.        , 0.7024377 ],
       [0.        , 0.70381415],
       [0.        , 0.70957673],
       [0.        , 0.71179032],
       [0.        , 0.7190125 ],
       [0.        , 0.72528183],
       [0.        , 0.72580355],
       [0.        , 0.72702122],
       [0.        , 0.73586541],
       [0.        , 0.74016792],
       [0.        , 0.74258167],
       [0.        , 0.74407691],
       [0.        , 0.74629664],
       [0.        , 0.75081903],
       [0.        , 0.75165874],
       [0.        , 0.75197959],
       [0.        , 0.76509219],
       [0.        , 0.77309054],
       [0.        , 0.78676164],
       [0.        , 0.78710914],
       [0.        , 0.78969246],
       [0.        , 0.79395229],
       [0.        , 0.80066091],
       [0.        , 0.80287004],
       [0.        , 0.8067736 ],
       [0.        , 0.81009704],
       [0.        , 0.81443316],
       [0.        , 0.82502806],
       [0.        , 0.82507503],
       [0.        , 0.8287794 ],
       [0.        , 0.83091974],
       [0.        , 0.84178168],
       [0.        , 0.84277767],
       [0.        , 0.84773022],
       [0.        , 0.85215813],
       [0.        , 0.85868829],
       [0.        , 0.85928196],
       [0.        , 0.8750391 ],
       [0.        ,        inf]]), array([[0.54395813, 0.54831183],
       [0.50903082, 0.51474965]])]",True
166,0.8630319833755493,0.006051421165466309,0.6449901931975262,123.14,5.093538491698812,2,0.03884565830230713,0.027835339307785034,0.024927988648414612,0.9,0.5279722273455856,"[array([[0.        , 0.37337586],
       [0.        , 0.38544127],
       [0.        , 0.38715273],
       [0.        , 0.39394933],
       [0.        , 0.4024018 ],
       [0.        , 0.41499496],
       [0.        , 0.41812924],
       [0.        , 0.41882491],
       [0.        , 0.4200452 ],
       [0.        , 0.4210099 ],
       [0.        , 0.42880875],
       [0.        , 0.43425018],
       [0.        , 0.43584964],
       [0.        , 0.43726656],
       [0.        , 0.43742695],
       [0.        , 0.43789533],
       [0.        , 0.43905649],
       [0.        , 0.4407419 ],
       [0.        , 0.44134226],
       [0.        , 0.45158815],
       [0.        , 0.45816064],
       [0.        , 0.45996878],
       [0.        , 0.46210781],
       [0.        , 0.47109911],
       [0.        , 0.47358829],
       [0.        , 0.47560501],
       [0.        , 0.49441165],
       [0.        , 0.494874  ],
       [0.        , 0.5014888 ],
       [0.        , 0.50319093],
       [0.        , 0.50763631],
       [0.        , 0.51280475],
       [0.        , 0.5237363 ],
       [0.        , 0.53487867],
       [0.        , 0.54417998],
       [0.        , 0.54428726],
       [0.        , 0.55051845],
       [0.        , 0.56006187],
       [0.        , 0.5601083 ],
       [0.        , 0.56347179],
       [0.        , 0.56363392],
       [0.        , 0.56529474],
       [0.        , 0.56674522],
       [0.        , 0.56914806],
       [0.        , 0.57141787],
       [0.        , 0.5799017 ],
       [0.        , 0.58724385],
       [0.        , 0.59745759],
       [0.        , 0.60134113],
       [0.        , 0.60191256],
       [0.        , 0.61497611],
       [0.        , 0.61665469],
       [0.        , 0.61858058],
       [0.        , 0.62526351],
       [0.        , 0.62542242],
       [0.        , 0.6256367 ],
       [0.        , 0.62698603],
       [0.        , 0.62757993],
       [0.        , 0.63111234],
       [0.        , 0.63213915],
       [0.        , 0.63266665],
       [0.        , 0.6342932 ],
       [0.        , 0.63485289],
       [0.        , 0.63536566],
       [0.        , 0.6407392 ],
       [0.        , 0.64312124],
       [0.        , 0.64323443],
       [0.        , 0.645657  ],
       [0.        , 0.64630258],
       [0.        , 0.64757138],
       [0.        , 0.64780909],
       [0.        , 0.64790231],
       [0.        , 0.65118778],
       [0.        , 0.65546256],
       [0.        , 0.65593606],
       [0.        , 0.65659493],
       [0.        , 0.65692902],
       [0.        , 0.65707487],
       [0.        , 0.65737855],
       [0.        , 0.65827745],
       [0.        , 0.65898514],
       [0.        , 0.65967602],
       [0.        , 0.66027415],
       [0.        , 0.66186082],
       [0.        , 0.6627785 ],
       [0.        , 0.66542017],
       [0.        , 0.66571653],
       [0.        , 0.6680519 ],
       [0.        , 0.67013687],
       [0.        , 0.67040801],
       [0.        , 0.67320091],
       [0.        , 0.6739465 ],
       [0.        , 0.67549247],
       [0.        , 0.67832834],
       [0.        , 0.68003786],
       [0.        , 0.68216431],
       [0.        , 0.68236887],
       [0.        , 0.6858207 ],
       [0.        , 0.68721074],
       [0.        , 0.69012737],
       [0.        , 0.69377327],
       [0.        , 0.70018244],
       [0.        , 0.70035207],
       [0.        , 0.70050138],
       [0.        , 0.70067245],
       [0.        , 0.702061  ],
       [0.        , 0.70361441],
       [0.        , 0.7036615 ],
       [0.        , 0.70461494],
       [0.        , 0.71097296],
       [0.        , 0.71215898],
       [0.        , 0.71462029],
       [0.        , 0.71737885],
       [0.        , 0.71870208],
       [0.        , 0.7190125 ],
       [0.        , 0.71914786],
       [0.        , 0.71940768],
       [0.        , 0.71959531],
       [0.        , 0.71996498],
       [0.        , 0.72281027],
       [0.        , 0.72352958],
       [0.        , 0.72777003],
       [0.        , 0.72837371],
       [0.        , 0.73337263],
       [0.        , 0.73505795],
       [0.        , 0.73874879],
       [0.        , 0.74262482],
       [0.        , 0.74598753],
       [0.        , 0.74709332],
       [0.        , 0.74840271],
       [0.        , 0.74853253],
       [0.        , 0.74969196],
       [0.        , 0.75153995],
       [0.        , 0.7549476 ],
       [0.        , 0.75680184],
       [0.        , 0.76053286],
       [0.        , 0.76056904],
       [0.        , 0.76220125],
       [0.        , 0.763152  ],
       [0.        , 0.76863271],
       [0.        , 0.76948744],
       [0.        , 0.76957768],
       [0.        , 0.77018207],
       [0.        , 0.7707324 ],
       [0.        , 0.77823973],
       [0.        , 0.78219372],
       [0.        , 0.78470248],
       [0.        , 0.78854907],
       [0.        , 0.789738  ],
       [0.        , 0.79054242],
       [0.        , 0.79158801],
       [0.        , 0.79396451],
       [0.        , 0.79423696],
       [0.        , 0.79482806],
       [0.        , 0.7976405 ],
       [0.        , 0.79987377],
       [0.        , 0.79991215],
       [0.        , 0.80897123],
       [0.        , 0.81054664],
       [0.        , 0.81741732],
       [0.        , 0.8177523 ],
       [0.        , 0.82357627],
       [0.        , 0.84295356],
       [0.        , 0.84584397],
       [0.        , 0.85698056],
       [0.        , 0.86303198],
       [0.        ,        inf]]), array([[0.50369948, 0.54254514],
       [0.48856062, 0.49957094]])]",False
49,0.857903778553009,0.016514897346496582,0.6134117209181493,34.8,3.867036125185938,2,0.04067552089691162,0.02807876467704773,0.026636138558387756,0.88,0.546964832680558,"[array([[0.        , 0.37337586],
       [0.        , 0.38715273],
       [0.        , 0.39394933],
       [0.        , 0.41882491],
       [0.        , 0.4200452 ],
       [0.        , 0.43742695],
       [0.        , 0.44034603],
       [0.        , 0.4407419 ],
       [0.        , 0.44131434],
       [0.        , 0.45158815],
       [0.        , 0.47109911],
       [0.        , 0.48856062],
       [0.        , 0.49274367],
       [0.        , 0.49441165],
       [0.        , 0.50319093],
       [0.        , 0.52663964],
       [0.        , 0.55798405],
       [0.        , 0.5601083 ],
       [0.        , 0.56347179],
       [0.        , 0.59764981],
       [0.        , 0.60213548],
       [0.        , 0.61349308],
       [0.        , 0.61949217],
       [0.        , 0.63437635],
       [0.        , 0.64312124],
       [0.        , 0.64387548],
       [0.        , 0.64915735],
       [0.        , 0.65675479],
       [0.        , 0.65810359],
       [0.        , 0.66027415],
       [0.        , 0.67346036],
       [0.        , 0.67639655],
       [0.        , 0.68003786],
       [0.        , 0.68082184],
       [0.        , 0.68721074],
       [0.        , 0.69377327],
       [0.        , 0.71327811],
       [0.        , 0.71636444],
       [0.        , 0.73381144],
       [0.        , 0.74598753],
       [0.        , 0.74740577],
       [0.        , 0.76854318],
       [0.        , 0.77156967],
       [0.        , 0.77625459],
       [0.        , 0.79584223],
       [0.        , 0.82749158],
       [0.        , 0.82822382],
       [0.        , 0.84138888],
       [0.        , 0.85790378],
       [0.        ,        inf]]), array([[0.50763631, 0.54831183],
       [0.48943576, 0.50203252]])]",True
171,0.8458439707756042,0.0028904080390930176,0.6466153771208044,129.84,5.122588619094911,4,0.03289109468460083,0.02027103304862976,0.01421695202589035,0.74,0.9997224035613678,"[array([[0.        , 0.37337586],
       [0.        , 0.38544127],
       [0.        , 0.38715273],
       [0.        , 0.39394933],
       [0.        , 0.4024018 ],
       [0.        , 0.41499496],
       [0.        , 0.41882491],
       [0.        , 0.4210099 ],
       [0.        , 0.42880875],
       [0.        , 0.43057579],
       [0.        , 0.43346915],
       [0.        , 0.43425018],
       [0.        , 0.43584964],
       [0.        , 0.43726656],
       [0.        , 0.43742695],
       [0.        , 0.43789533],
       [0.        , 0.43905649],
       [0.        , 0.4407419 ],
       [0.        , 0.44134226],
       [0.        , 0.45158815],
       [0.        , 0.45816064],
       [0.        , 0.45996878],
       [0.        , 0.46210781],
       [0.        , 0.46295357],
       [0.        , 0.46972904],
       [0.        , 0.47109911],
       [0.        , 0.47358829],
       [0.        , 0.47560501],
       [0.        , 0.4921304 ],
       [0.        , 0.49441165],
       [0.        , 0.5014888 ],
       [0.        , 0.50319093],
       [0.        , 0.50763631],
       [0.        , 0.51280475],
       [0.        , 0.51699477],
       [0.        , 0.52374327],
       [0.        , 0.52690369],
       [0.        , 0.53487867],
       [0.        , 0.54428726],
       [0.        , 0.54901505],
       [0.        , 0.56006187],
       [0.        , 0.5601083 ],
       [0.        , 0.56347179],
       [0.        , 0.56529474],
       [0.        , 0.56674522],
       [0.        , 0.56914806],
       [0.        , 0.57141787],
       [0.        , 0.57480103],
       [0.        , 0.5799017 ],
       [0.        , 0.58724385],
       [0.        , 0.59511125],
       [0.        , 0.59745759],
       [0.        , 0.59764981],
       [0.        , 0.60134113],
       [0.        , 0.61395985],
       [0.        , 0.61497611],
       [0.        , 0.61564267],
       [0.        , 0.61763847],
       [0.        , 0.61858058],
       [0.        , 0.62542242],
       [0.        , 0.62698603],
       [0.        , 0.62757993],
       [0.        , 0.63213915],
       [0.        , 0.63266665],
       [0.        , 0.6342932 ],
       [0.        , 0.63437635],
       [0.        , 0.63485289],
       [0.        , 0.63899243],
       [0.        , 0.64323443],
       [0.        , 0.645657  ],
       [0.        , 0.64630258],
       [0.        , 0.64757138],
       [0.        , 0.64780909],
       [0.        , 0.64790231],
       [0.        , 0.65118778],
       [0.        , 0.65546256],
       [0.        , 0.65659493],
       [0.        , 0.65692902],
       [0.        , 0.65707487],
       [0.        , 0.65737855],
       [0.        , 0.65771359],
       [0.        , 0.65898514],
       [0.        , 0.65967602],
       [0.        , 0.66186082],
       [0.        , 0.66451198],
       [0.        , 0.66571653],
       [0.        , 0.66633087],
       [0.        , 0.66809869],
       [0.        , 0.66909117],
       [0.        , 0.67013687],
       [0.        , 0.6739465 ],
       [0.        , 0.67832834],
       [0.        , 0.68003786],
       [0.        , 0.68216431],
       [0.        , 0.68721074],
       [0.        , 0.69787955],
       [0.        , 0.69965106],
       [0.        , 0.70018244],
       [0.        , 0.70035207],
       [0.        , 0.70050138],
       [0.        , 0.70067245],
       [0.        , 0.702061  ],
       [0.        , 0.70361441],
       [0.        , 0.7036615 ],
       [0.        , 0.70461494],
       [0.        , 0.70814538],
       [0.        , 0.71097296],
       [0.        , 0.71215898],
       [0.        , 0.71434629],
       [0.        , 0.71462029],
       [0.        , 0.71636444],
       [0.        , 0.71737885],
       [0.        , 0.7190125 ],
       [0.        , 0.71914786],
       [0.        , 0.71940768],
       [0.        , 0.71959531],
       [0.        , 0.71996498],
       [0.        , 0.72106159],
       [0.        , 0.72481269],
       [0.        , 0.72777003],
       [0.        , 0.72837371],
       [0.        , 0.72945398],
       [0.        , 0.73337263],
       [0.        , 0.73697042],
       [0.        , 0.73727924],
       [0.        , 0.74262482],
       [0.        , 0.7428205 ],
       [0.        , 0.74709332],
       [0.        , 0.74853253],
       [0.        , 0.74969196],
       [0.        , 0.75153995],
       [0.        , 0.7547037 ],
       [0.        , 0.7549476 ],
       [0.        , 0.75680184],
       [0.        , 0.76056904],
       [0.        , 0.76186627],
       [0.        , 0.76220125],
       [0.        , 0.76597565],
       [0.        , 0.76714939],
       [0.        , 0.76854318],
       [0.        , 0.76927108],
       [0.        , 0.76948744],
       [0.        , 0.76957768],
       [0.        , 0.7707324 ],
       [0.        , 0.77156967],
       [0.        , 0.7720226 ],
       [0.        , 0.77823973],
       [0.        , 0.78191507],
       [0.        , 0.78219372],
       [0.        , 0.78470248],
       [0.        , 0.78854907],
       [0.        , 0.7888276 ],
       [0.        , 0.789738  ],
       [0.        , 0.79158801],
       [0.        , 0.79252446],
       [0.        , 0.79396451],
       [0.        , 0.79423696],
       [0.        , 0.79482806],
       [0.        , 0.79575884],
       [0.        , 0.7976405 ],
       [0.        , 0.79987377],
       [0.        , 0.7999633 ],
       [0.        , 0.8013314 ],
       [0.        , 0.80252743],
       [0.        , 0.81445098],
       [0.        , 0.82247829],
       [0.        , 0.82357627],
       [0.        , 0.82470751],
       [0.        , 0.83679897],
       [0.        , 0.84295356],
       [0.        , 0.84584397],
       [0.        ,        inf]]), array([[0.50720167, 0.54009277],
       [0.494874  , 0.49522033],
       [0.48856062, 0.49957094],
       [0.46537337, 0.47799343]])]",False
165,0.8458439707756042,0.02165091037750244,0.6375442907665715,123.56,5.086985372435013,2,0.03289109468460083,0.021880775690078735,0.021950706839561462,0.84,0.5632084513420594,"[array([[0.        , 0.37337586],
       [0.        , 0.38544127],
       [0.        , 0.38715273],
       [0.        , 0.39394933],
       [0.        , 0.39535582],
       [0.        , 0.4024018 ],
       [0.        , 0.41499496],
       [0.        , 0.41882491],
       [0.        , 0.4200452 ],
       [0.        , 0.4210099 ],
       [0.        , 0.42880875],
       [0.        , 0.43057579],
       [0.        , 0.43425018],
       [0.        , 0.43584964],
       [0.        , 0.43726656],
       [0.        , 0.43742695],
       [0.        , 0.43789533],
       [0.        , 0.43905649],
       [0.        , 0.4407419 ],
       [0.        , 0.44134226],
       [0.        , 0.45158815],
       [0.        , 0.45816064],
       [0.        , 0.45996878],
       [0.        , 0.46210781],
       [0.        , 0.46611732],
       [0.        , 0.47109911],
       [0.        , 0.47358829],
       [0.        , 0.47560501],
       [0.        , 0.49441165],
       [0.        , 0.494874  ],
       [0.        , 0.5014888 ],
       [0.        , 0.50194788],
       [0.        , 0.50319093],
       [0.        , 0.50763631],
       [0.        , 0.51280475],
       [0.        , 0.51701277],
       [0.        , 0.51710719],
       [0.        , 0.53446275],
       [0.        , 0.53487867],
       [0.        , 0.54417998],
       [0.        , 0.54428726],
       [0.        , 0.56006187],
       [0.        , 0.5601083 ],
       [0.        , 0.56347179],
       [0.        , 0.56529474],
       [0.        , 0.56674522],
       [0.        , 0.56914806],
       [0.        , 0.57141787],
       [0.        , 0.57581174],
       [0.        , 0.5799017 ],
       [0.        , 0.58724385],
       [0.        , 0.59745759],
       [0.        , 0.60134113],
       [0.        , 0.61497611],
       [0.        , 0.61622989],
       [0.        , 0.61685622],
       [0.        , 0.61858058],
       [0.        , 0.61893368],
       [0.        , 0.62414104],
       [0.        , 0.62542242],
       [0.        , 0.62698603],
       [0.        , 0.62757993],
       [0.        , 0.63213915],
       [0.        , 0.63266665],
       [0.        , 0.63338673],
       [0.        , 0.6342932 ],
       [0.        , 0.63485289],
       [0.        , 0.64095145],
       [0.        , 0.64312124],
       [0.        , 0.64323443],
       [0.        , 0.645657  ],
       [0.        , 0.64630258],
       [0.        , 0.64757138],
       [0.        , 0.64780909],
       [0.        , 0.64790231],
       [0.        , 0.64792573],
       [0.        , 0.65118778],
       [0.        , 0.65546256],
       [0.        , 0.65659493],
       [0.        , 0.65692902],
       [0.        , 0.65707487],
       [0.        , 0.65737855],
       [0.        , 0.65771359],
       [0.        , 0.65898514],
       [0.        , 0.65967602],
       [0.        , 0.66186082],
       [0.        , 0.66363138],
       [0.        , 0.66452193],
       [0.        , 0.66571653],
       [0.        , 0.66797835],
       [0.        , 0.67339486],
       [0.        , 0.6739465 ],
       [0.        , 0.67728287],
       [0.        , 0.67832834],
       [0.        , 0.68003786],
       [0.        , 0.68216431],
       [0.        , 0.68623769],
       [0.        , 0.68721014],
       [0.        , 0.68721074],
       [0.        , 0.68833119],
       [0.        , 0.69715589],
       [0.        , 0.70018244],
       [0.        , 0.70035207],
       [0.        , 0.70050138],
       [0.        , 0.70067245],
       [0.        , 0.70170116],
       [0.        , 0.702061  ],
       [0.        , 0.70361441],
       [0.        , 0.7036615 ],
       [0.        , 0.70461494],
       [0.        , 0.71215898],
       [0.        , 0.71287447],
       [0.        , 0.71462029],
       [0.        , 0.71496212],
       [0.        , 0.71737885],
       [0.        , 0.71755993],
       [0.        , 0.71888655],
       [0.        , 0.7190125 ],
       [0.        , 0.71914786],
       [0.        , 0.71959531],
       [0.        , 0.71984881],
       [0.        , 0.71996498],
       [0.        , 0.72777003],
       [0.        , 0.72837371],
       [0.        , 0.73337263],
       [0.        , 0.73505795],
       [0.        , 0.7407102 ],
       [0.        , 0.74262482],
       [0.        , 0.7428205 ],
       [0.        , 0.74544716],
       [0.        , 0.74709332],
       [0.        , 0.74853253],
       [0.        , 0.74969196],
       [0.        , 0.75153995],
       [0.        , 0.7549476 ],
       [0.        , 0.75680184],
       [0.        , 0.75865144],
       [0.        , 0.76056904],
       [0.        , 0.7607829 ],
       [0.        , 0.76105404],
       [0.        , 0.76220125],
       [0.        , 0.76434821],
       [0.        , 0.76948744],
       [0.        , 0.76957768],
       [0.        , 0.7707324 ],
       [0.        , 0.77506471],
       [0.        , 0.77823973],
       [0.        , 0.77922875],
       [0.        , 0.78219372],
       [0.        , 0.78470248],
       [0.        , 0.78854907],
       [0.        , 0.789738  ],
       [0.        , 0.79158801],
       [0.        , 0.79395229],
       [0.        , 0.79396451],
       [0.        , 0.79423696],
       [0.        , 0.79482806],
       [0.        , 0.7976405 ],
       [0.        , 0.79987377],
       [0.        , 0.80076921],
       [0.        , 0.81741732],
       [0.        , 0.81982785],
       [0.        , 0.82357627],
       [0.        , 0.82419306],
       [0.        , 0.84584397],
       [0.        ,        inf]]), array([[0.50720167, 0.54009277],
       [0.48856062, 0.49957094]])]",False
50,0.8750391006469727,0.03516244888305664,0.6325947260856628,36.0,3.886522306461977,1,0.0039871931076049805,0.0039871931076049805,0.0039871931076049805,0.98,-0.0,"[array([[0.        , 0.38715273],
       [0.        , 0.39394933],
       [0.        , 0.4200452 ],
       [0.        , 0.42880875],
       [0.        , 0.43022469],
       [0.        , 0.43057579],
       [0.        , 0.43742695],
       [0.        , 0.4407419 ],
       [0.        , 0.44131434],
       [0.        , 0.46210781],
       [0.        , 0.46668717],
       [0.        , 0.49441165],
       [0.        , 0.50238061],
       [0.        , 0.50319093],
       [0.        , 0.50763631],
       [0.        , 0.5601083 ],
       [0.        , 0.56347179],
       [0.        , 0.56490004],
       [0.        , 0.57406068],
       [0.        , 0.59348238],
       [0.        , 0.59711146],
       [0.        , 0.62047541],
       [0.        , 0.64221716],
       [0.        , 0.65130037],
       [0.        , 0.66044641],
       [0.        , 0.66197127],
       [0.        , 0.68003786],
       [0.        , 0.68268132],
       [0.        , 0.68616492],
       [0.        , 0.6926477 ],
       [0.        , 0.69998693],
       [0.        , 0.7024377 ],
       [0.        , 0.7161622 ],
       [0.        , 0.733527  ],
       [0.        , 0.74231666],
       [0.        , 0.75081903],
       [0.        , 0.75469291],
       [0.        , 0.75536615],
       [0.        , 0.75840926],
       [0.        , 0.76409489],
       [0.        , 0.76649565],
       [0.        , 0.76749897],
       [0.        , 0.77461928],
       [0.        , 0.79133761],
       [0.        , 0.80578452],
       [0.        , 0.81443316],
       [0.        , 0.81495279],
       [0.        , 0.82415462],
       [0.        , 0.83987665],
       [0.        , 0.8750391 ],
       [0.        ,        inf]]), array([[0.50803167, 0.51201886]])]",False
62,0.8515381813049316,0.03412085771560669,0.6006102850360255,43.52,4.108390703471702,0,0.0,0.0,0.0,0.0,0.0,"[array([[0.        , 0.36065787],
       [0.        , 0.38715273],
       [0.        , 0.4024018 ],
       [0.        , 0.41812924],
       [0.        , 0.4200452 ],
       [0.        , 0.43022469],
       [0.        , 0.43742695],
       [0.        , 0.4407419 ],
       [0.        , 0.44131434],
       [0.        , 0.45158815],
       [0.        , 0.47337952],
       [0.        , 0.48953468],
       [0.        , 0.49303174],
       [0.        , 0.49441165],
       [0.        , 0.50319093],
       [0.        , 0.50427389],
       [0.        , 0.50553972],
       [0.        , 0.50763631],
       [0.        , 0.51467824],
       [0.        , 0.5193283 ],
       [0.        , 0.5601083 ],
       [0.        , 0.56347179],
       [0.        , 0.56363392],
       [0.        , 0.57815135],
       [0.        , 0.59716791],
       [0.        , 0.60000247],
       [0.        , 0.60134113],
       [0.        , 0.60249782],
       [0.        , 0.60374957],
       [0.        , 0.60699946],
       [0.        , 0.61224002],
       [0.        , 0.61285537],
       [0.        , 0.61906511],
       [0.        , 0.63001907],
       [0.        , 0.63213915],
       [0.        , 0.63475686],
       [0.        , 0.63900375],
       [0.        , 0.63983828],
       [0.        , 0.65219593],
       [0.        , 0.66133404],
       [0.        , 0.66436255],
       [0.        , 0.66570091],
       [0.        , 0.66821206],
       [0.        , 0.68003786],
       [0.        , 0.68139982],
       [0.        , 0.68184775],
       [0.        , 0.68894786],
       [0.        , 0.69407547],
       [0.        , 0.70214337],
       [0.        , 0.70795566],
       [0.        , 0.70939648],
       [0.        , 0.70987576],
       [0.        , 0.71739012],
       [0.        , 0.72139412],
       [0.        , 0.72522217],
       [0.        , 0.73136008],
       [0.        , 0.73268378],
       [0.        , 0.74032652],
       [0.        , 0.75946927],
       [0.        , 0.78182143],
       [0.        , 0.81741732],
       [0.        , 0.85153818],
       [0.        ,        inf]]), array([], shape=(0, 2), dtype=float64)]",True
106,0.829581618309021,0.004346668720245361,0.6117700793833103,77.76,4.642276250088089,2,0.04067552089691162,0.03879675269126892,0.02127714455127716,0.48,0.1809156239471263,"[array([[0.        , 0.34494105],
       [0.        , 0.36035633],
       [0.        , 0.38715273],
       [0.        , 0.39707401],
       [0.        , 0.4024018 ],
       [0.        , 0.41486451],
       [0.        , 0.41812924],
       [0.        , 0.41882491],
       [0.        , 0.4200452 ],
       [0.        , 0.42704388],
       [0.        , 0.42880875],
       [0.        , 0.43742695],
       [0.        , 0.43869025],
       [0.        , 0.44034603],
       [0.        , 0.4407419 ],
       [0.        , 0.44131434],
       [0.        , 0.45008722],
       [0.        , 0.45158815],
       [0.        , 0.45816064],
       [0.        , 0.46210781],
       [0.        , 0.46668717],
       [0.        , 0.47355893],
       [0.        , 0.47358829],
       [0.        , 0.49158663],
       [0.        , 0.49417058],
       [0.        , 0.49441165],
       [0.        , 0.49944043],
       [0.        , 0.51250052],
       [0.        , 0.52167404],
       [0.        , 0.52250391],
       [0.        , 0.52437967],
       [0.        , 0.53362328],
       [0.        , 0.53939617],
       [0.        , 0.55474442],
       [0.        , 0.5601083 ],
       [0.        , 0.56347179],
       [0.        , 0.56363392],
       [0.        , 0.56529474],
       [0.        , 0.57753301],
       [0.        , 0.58724385],
       [0.        , 0.59023148],
       [0.        , 0.59352452],
       [0.        , 0.59819138],
       [0.        , 0.61153382],
       [0.        , 0.61333555],
       [0.        , 0.61721033],
       [0.        , 0.61728799],
       [0.        , 0.61822152],
       [0.        , 0.62256777],
       [0.        , 0.62320536],
       [0.        , 0.62542242],
       [0.        , 0.62757993],
       [0.        , 0.64250994],
       [0.        , 0.64312124],
       [0.        , 0.64523572],
       [0.        , 0.64656252],
       [0.        , 0.6466158 ],
       [0.        , 0.64678931],
       [0.        , 0.64701724],
       [0.        , 0.64790231],
       [0.        , 0.65920097],
       [0.        , 0.66293645],
       [0.        , 0.66337144],
       [0.        , 0.66821128],
       [0.        , 0.67158049],
       [0.        , 0.67549247],
       [0.        , 0.67927724],
       [0.        , 0.68003786],
       [0.        , 0.68026155],
       [0.        , 0.6805681 ],
       [0.        , 0.68223733],
       [0.        , 0.68352681],
       [0.        , 0.68478179],
       [0.        , 0.68991464],
       [0.        , 0.69018435],
       [0.        , 0.69811511],
       [0.        , 0.70245641],
       [0.        , 0.70443803],
       [0.        , 0.70765209],
       [0.        , 0.70909816],
       [0.        , 0.70981807],
       [0.        , 0.71147448],
       [0.        , 0.71188736],
       [0.        , 0.71194035],
       [0.        , 0.71259904],
       [0.        , 0.7131111 ],
       [0.        , 0.71682382],
       [0.        , 0.71755993],
       [0.        , 0.73140281],
       [0.        , 0.73522252],
       [0.        , 0.74034178],
       [0.        , 0.74407691],
       [0.        , 0.7480827 ],
       [0.        , 0.75145006],
       [0.        , 0.76538998],
       [0.        , 0.76597565],
       [0.        , 0.77819431],
       [0.        , 0.78075242],
       [0.        , 0.78159374],
       [0.        , 0.78272897],
       [0.        , 0.79217738],
       [0.        , 0.79686266],
       [0.        , 0.81741732],
       [0.        , 0.81886274],
       [0.        , 0.82523495],
       [0.        , 0.82958162],
       [0.        ,        inf]]), array([[0.50763631, 0.54831183],
       [0.45820966, 0.46008843]])]",True
88,0.8655701875686646,0.011377990245819092,0.6122442439875819,61.8,4.454664862463002,2,0.011010318994522095,0.009131550788879395,0.0064445436000823975,0.32,0.4152908492500268,"[array([[0.        , 0.36035633],
       [0.        , 0.37337586],
       [0.        , 0.38715273],
       [0.        , 0.39394933],
       [0.        , 0.40142474],
       [0.        , 0.4024018 ],
       [0.        , 0.41499496],
       [0.        , 0.42704388],
       [0.        , 0.42880875],
       [0.        , 0.43346915],
       [0.        , 0.43742695],
       [0.        , 0.43869025],
       [0.        , 0.4407419 ],
       [0.        , 0.44131434],
       [0.        , 0.45158815],
       [0.        , 0.45618039],
       [0.        , 0.46154895],
       [0.        , 0.46611732],
       [0.        , 0.47355893],
       [0.        , 0.49441165],
       [0.        , 0.49944043],
       [0.        , 0.50763631],
       [0.        , 0.51477194],
       [0.        , 0.51773721],
       [0.        , 0.5192036 ],
       [0.        , 0.52021313],
       [0.        , 0.53367281],
       [0.        , 0.53452533],
       [0.        , 0.54516101],
       [0.        , 0.55424905],
       [0.        , 0.5601083 ],
       [0.        , 0.56347179],
       [0.        , 0.56363392],
       [0.        , 0.57480103],
       [0.        , 0.57753301],
       [0.        , 0.58833694],
       [0.        , 0.59692454],
       [0.        , 0.600411  ],
       [0.        , 0.60470945],
       [0.        , 0.61587459],
       [0.        , 0.61718887],
       [0.        , 0.61792165],
       [0.        , 0.63207036],
       [0.        , 0.63213915],
       [0.        , 0.63381654],
       [0.        , 0.64045918],
       [0.        , 0.64250994],
       [0.        , 0.64594233],
       [0.        , 0.64649081],
       [0.        , 0.64701724],
       [0.        , 0.64790231],
       [0.        , 0.66158962],
       [0.        , 0.6659075 ],
       [0.        , 0.66757321],
       [0.        , 0.66780639],
       [0.        , 0.67961675],
       [0.        , 0.68003786],
       [0.        , 0.6803174 ],
       [0.        , 0.68100446],
       [0.        , 0.68900162],
       [0.        , 0.68991464],
       [0.        , 0.69399297],
       [0.        , 0.69874448],
       [0.        , 0.69954211],
       [0.        , 0.71128428],
       [0.        , 0.71259904],
       [0.        , 0.71545589],
       [0.        , 0.72139412],
       [0.        , 0.72325182],
       [0.        , 0.72613108],
       [0.        , 0.73168314],
       [0.        , 0.73289543],
       [0.        , 0.73522252],
       [0.        , 0.74852204],
       [0.        , 0.748959  ],
       [0.        , 0.75148678],
       [0.        , 0.75469291],
       [0.        , 0.7653687 ],
       [0.        , 0.7669512 ],
       [0.        , 0.77747405],
       [0.        , 0.78036356],
       [0.        , 0.78536606],
       [0.        , 0.79158604],
       [0.        , 0.79217738],
       [0.        , 0.79686266],
       [0.        , 0.85252422],
       [0.        , 0.8541922 ],
       [0.        , 0.86557019],
       [0.        ,        inf]]), array([[0.48856062, 0.49957094],
       [0.45820966, 0.46008843]])]",False
79,0.8489511609077454,0.019369542598724365,0.6263169038899338,57.98,4.345174614432429,0,0.0,0.0,0.0,0.0,0.0,"[array([[0.        , 0.36035633],
       [0.        , 0.38714209],
       [0.        , 0.38715273],
       [0.        , 0.39394933],
       [0.        , 0.40142474],
       [0.        , 0.4024018 ],
       [0.        , 0.41812924],
       [0.        , 0.41882491],
       [0.        , 0.4200452 ],
       [0.        , 0.42880875],
       [0.        , 0.43425018],
       [0.        , 0.43726656],
       [0.        , 0.43742695],
       [0.        , 0.43789533],
       [0.        , 0.4407419 ],
       [0.        , 0.45158815],
       [0.        , 0.45816064],
       [0.        , 0.46668717],
       [0.        , 0.49441165],
       [0.        , 0.50319093],
       [0.        , 0.50763631],
       [0.        , 0.53367281],
       [0.        , 0.53446275],
       [0.        , 0.5601083 ],
       [0.        , 0.56347179],
       [0.        , 0.5684827 ],
       [0.        , 0.60191256],
       [0.        , 0.60762435],
       [0.        , 0.60930002],
       [0.        , 0.62417752],
       [0.        , 0.62526351],
       [0.        , 0.62687325],
       [0.        , 0.62778896],
       [0.        , 0.63536566],
       [0.        , 0.65239954],
       [0.        , 0.65593606],
       [0.        , 0.6562044 ],
       [0.        , 0.65827745],
       [0.        , 0.65918511],
       [0.        , 0.66083741],
       [0.        , 0.66470915],
       [0.        , 0.6680519 ],
       [0.        , 0.66886812],
       [0.        , 0.67050409],
       [0.        , 0.67116433],
       [0.        , 0.67548895],
       [0.        , 0.68003786],
       [0.        , 0.68777621],
       [0.        , 0.68818271],
       [0.        , 0.69012737],
       [0.        , 0.69572496],
       [0.        , 0.69862539],
       [0.        , 0.69886506],
       [0.        , 0.70024103],
       [0.        , 0.70498931],
       [0.        , 0.7123037 ],
       [0.        , 0.71441513],
       [0.        , 0.71705091],
       [0.        , 0.72281027],
       [0.        , 0.72352958],
       [0.        , 0.73067087],
       [0.        , 0.73874879],
       [0.        , 0.73885781],
       [0.        , 0.74598753],
       [0.        , 0.75145006],
       [0.        , 0.76296699],
       [0.        , 0.763152  ],
       [0.        , 0.76412743],
       [0.        , 0.76863271],
       [0.        , 0.7742669 ],
       [0.        , 0.79054242],
       [0.        , 0.80538625],
       [0.        , 0.80865812],
       [0.        , 0.80897123],
       [0.        , 0.81054664],
       [0.        , 0.81741732],
       [0.        , 0.81781846],
       [0.        , 0.82958162],
       [0.        , 0.84895116],
       [0.        ,        inf]]), array([], shape=(0, 2), dtype=float64)]",True
120,0.8655701875686646,0.009920001029968262,0.6357432276010513,87.5,4.765183903016107,3,0.022574037313461304,0.011563718318939209,0.011821041504542032,0.58,0.8063152675549806,"[array([[0.        , 0.36035633],
       [0.        , 0.37337586],
       [0.        , 0.38544127],
       [0.        , 0.38715273],
       [0.        , 0.39394933],
       [0.        , 0.40142474],
       [0.        , 0.4024018 ],
       [0.        , 0.41343367],
       [0.        , 0.41499496],
       [0.        , 0.41882491],
       [0.        , 0.4200452 ],
       [0.        , 0.42704388],
       [0.        , 0.42880875],
       [0.        , 0.43425018],
       [0.        , 0.43726656],
       [0.        , 0.43742695],
       [0.        , 0.43789533],
       [0.        , 0.4407419 ],
       [0.        , 0.45008722],
       [0.        , 0.45158815],
       [0.        , 0.45816064],
       [0.        , 0.46611732],
       [0.        , 0.46972904],
       [0.        , 0.47109911],
       [0.        , 0.49441165],
       [0.        , 0.50319093],
       [0.        , 0.50763631],
       [0.        , 0.52250391],
       [0.        , 0.52275991],
       [0.        , 0.5237363 ],
       [0.        , 0.53744721],
       [0.        , 0.5601083 ],
       [0.        , 0.56347179],
       [0.        , 0.57204515],
       [0.        , 0.57815135],
       [0.        , 0.57973921],
       [0.        , 0.58370185],
       [0.        , 0.59764981],
       [0.        , 0.60374957],
       [0.        , 0.60762435],
       [0.        , 0.61608994],
       [0.        , 0.62673855],
       [0.        , 0.62687325],
       [0.        , 0.62971807],
       [0.        , 0.64047289],
       [0.        , 0.64085203],
       [0.        , 0.64121574],
       [0.        , 0.64312124],
       [0.        , 0.65239954],
       [0.        , 0.65275097],
       [0.        , 0.65377343],
       [0.        , 0.65433538],
       [0.        , 0.65644521],
       [0.        , 0.65871638],
       [0.        , 0.65915537],
       [0.        , 0.65918511],
       [0.        , 0.66082346],
       [0.        , 0.66090995],
       [0.        , 0.66126007],
       [0.        , 0.66348964],
       [0.        , 0.66735816],
       [0.        , 0.66809869],
       [0.        , 0.66877556],
       [0.        , 0.67116433],
       [0.        , 0.67158049],
       [0.        , 0.67204338],
       [0.        , 0.67264503],
       [0.        , 0.67399007],
       [0.        , 0.67865342],
       [0.        , 0.68003786],
       [0.        , 0.68205923],
       [0.        , 0.68593484],
       [0.        , 0.68721014],
       [0.        , 0.68761957],
       [0.        , 0.68777019],
       [0.        , 0.68778032],
       [0.        , 0.68888712],
       [0.        , 0.69009161],
       [0.        , 0.69305533],
       [0.        , 0.69437301],
       [0.        , 0.6955657 ],
       [0.        , 0.69862539],
       [0.        , 0.70035207],
       [0.        , 0.70498931],
       [0.        , 0.70564771],
       [0.        , 0.70623797],
       [0.        , 0.70742685],
       [0.        , 0.70848179],
       [0.        , 0.71351689],
       [0.        , 0.7204631 ],
       [0.        , 0.72229069],
       [0.        , 0.72866625],
       [0.        , 0.73208857],
       [0.        , 0.73243356],
       [0.        , 0.73885781],
       [0.        , 0.74265599],
       [0.        , 0.7486248 ],
       [0.        , 0.75007266],
       [0.        , 0.75469291],
       [0.        , 0.76306897],
       [0.        , 0.76479298],
       [0.        , 0.7653687 ],
       [0.        , 0.76617402],
       [0.        , 0.7742669 ],
       [0.        , 0.7913118 ],
       [0.        , 0.79563016],
       [0.        , 0.7956745 ],
       [0.        , 0.79976976],
       [0.        , 0.80425382],
       [0.        , 0.80536711],
       [0.        , 0.80538625],
       [0.        , 0.81978029],
       [0.        , 0.82027781],
       [0.        , 0.82247829],
       [0.        , 0.82528931],
       [0.        , 0.83891827],
       [0.        , 0.84251881],
       [0.        , 0.84895116],
       [0.        , 0.85565019],
       [0.        , 0.86557019],
       [0.        ,        inf]]), array([[0.49657497, 0.51914901],
       [0.48856062, 0.49957094],
       [0.45820966, 0.46008843]])]",True
62,0.829581618309021,0.032230377197265625,0.5789405237282476,43.02,4.104927497313097,3,0.0039871931076049805,0.001123666763305664,0.0029098292191823325,0.14,1.0541553819862404,"[array([[0.        , 0.38715273],
       [0.        , 0.39394933],
       [0.        , 0.40142474],
       [0.        , 0.4024018 ],
       [0.        , 0.41882491],
       [0.        , 0.4200452 ],
       [0.        , 0.42704388],
       [0.        , 0.43022469],
       [0.        , 0.43057579],
       [0.        , 0.43742695],
       [0.        , 0.43905649],
       [0.        , 0.4407419 ],
       [0.        , 0.44131434],
       [0.        , 0.44134226],
       [0.        , 0.45158815],
       [0.        , 0.45816064],
       [0.        , 0.48943576],
       [0.        , 0.49036598],
       [0.        , 0.49158663],
       [0.        , 0.49441165],
       [0.        , 0.50049907],
       [0.        , 0.50319093],
       [0.        , 0.50763631],
       [0.        , 0.51343614],
       [0.        , 0.5237363 ],
       [0.        , 0.53667474],
       [0.        , 0.54417998],
       [0.        , 0.5601083 ],
       [0.        , 0.56013113],
       [0.        , 0.56347179],
       [0.        , 0.56518269],
       [0.        , 0.57581174],
       [0.        , 0.57753301],
       [0.        , 0.58429819],
       [0.        , 0.59644121],
       [0.        , 0.60245025],
       [0.        , 0.61483586],
       [0.        , 0.61721033],
       [0.        , 0.64198923],
       [0.        , 0.66438282],
       [0.        , 0.66500896],
       [0.        , 0.66821128],
       [0.        , 0.66880035],
       [0.        , 0.67144722],
       [0.        , 0.67158049],
       [0.        , 0.67352569],
       [0.        , 0.68003786],
       [0.        , 0.68047643],
       [0.        , 0.68290198],
       [0.        , 0.69033104],
       [0.        , 0.69313174],
       [0.        , 0.69529951],
       [0.        , 0.70125401],
       [0.        , 0.70630366],
       [0.        , 0.7270593 ],
       [0.        , 0.75145006],
       [0.        , 0.76056904],
       [0.        , 0.77349925],
       [0.        , 0.77742982],
       [0.        , 0.78878808],
       [0.        , 0.79735124],
       [0.        , 0.82958162],
       [0.        ,        inf]]), array([[0.51477194, 0.51763546],
       [0.50803167, 0.51201886],
       [0.45820966, 0.46008843]])]",True
